{
    "apk_name": "6FF84017D17C205604DFBA6A30F8826AC8A27D0463026E0C1F3593C3D516E4DC",
    "sha256": "6ff84017d17c205604dfba6a30f8826ac8a27d0463026e0c1f3593c3d516e4dc",
    "metadata": {
        "package_name": "cn.bevol.p",
        "version_code": "10146",
        "version_name": "5.2.0",
        "min_sdk": "21",
        "target_sdk": "29",
        "permissions": [
            "android.permission.ACCESS_COARSE_LOCATION",
            "android.permission.ACCESS_DOWNLOAD_MANAGER",
            "android.permission.ACCESS_FINE_LOCATION",
            "android.permission.ACCESS_NETWORK_STATE",
            "android.permission.ACCESS_WIFI_STATE",
            "android.permission.BLUETOOTH",
            "android.permission.BROADCAST_PACKAGE_ADDED",
            "android.permission.BROADCAST_PACKAGE_CHANGED",
            "android.permission.BROADCAST_PACKAGE_INSTALL",
            "android.permission.BROADCAST_PACKAGE_REPLACED",
            "android.permission.CAMERA",
            "android.permission.CHANGE_CONFIGURATION",
            "android.permission.CHANGE_NETWORK_STATE",
            "android.permission.CHANGE_WIFI_MULTICAST_STATE",
            "android.permission.CHANGE_WIFI_STATE",
            "android.permission.DOWNLOAD_WITHOUT_NOTIFICATION",
            "android.permission.FOREGROUND_SERVICE",
            "android.permission.GET_TASKS",
            "android.permission.INTERNET",
            "android.permission.MODIFY_AUDIO_SETTINGS",
            "android.permission.MOUNT_UNMOUNT_FILESYSTEMS",
            "android.permission.READ_EXTERNAL_STORAGE",
            "android.permission.READ_LOGS",
            "android.permission.READ_PHONE_STATE",
            "android.permission.READ_SETTINGS",
            "android.permission.RECORD_AUDIO",
            "android.permission.REORDER_TASKS",
            "android.permission.REQUEST_INSTALL_PACKAGES",
            "android.permission.SYSTEM_ALERT_WINDOW",
            "android.permission.VIBRATE",
            "android.permission.WAKE_LOCK",
            "android.permission.WRITE_EXTERNAL_STORAGE",
            "android.permission.WRITE_SETTINGS",
            "cn.bevol.p.permission.C2D_MESSAGE",
            "cn.bevol.p.permission.MIPUSH_RECEIVE",
            "cn.bevol.p.permission.PROCESS_PUSH_MSG",
            "cn.bevol.p.permission.PUSH_PROVIDER",
            "cn.bevol.p.push.permission.MESSAGE",
            "com.asus.msa.SupplementaryDID.ACCESS",
            "com.coloros.mcs.permission.RECIEVE_MCS_MESSAGE",
            "com.google.android.apps.photos.permission.GOOGLE_PHOTOS",
            "com.heytap.mcs.permission.RECIEVE_MCS_MESSAGE",
            "com.huawei.appmarket.service.commondata.permission.GET_COMMON_DATA",
            "com.meizu.c2dm.permission.RECEIVE",
            "com.meizu.flyme.permission.PUSH",
            "com.meizu.flyme.push.permission.RECEIVE",
            "com.vivo.notification.permission.BADGE_ICON",
            "freemme.permission.msa"
        ],
        "activities": [
            "cn.bevol.p.activity.CanLogoActivity",
            "cn.bevol.p.activity.IndexActivity",
            "cn.bevol.p.activity.MainActivity",
            "cn.bevol.p.activity.MiPushTestActivity",
            "cn.bevol.p.activity.TransitionActivity",
            "cn.bevol.p.activity.UmengPushActivity",
            "cn.bevol.p.activity.all.CaptureActivity",
            "cn.bevol.p.activity.all.CaptureCuterActivity",
            "cn.bevol.p.activity.all.CaptureImportActivity",
            "cn.bevol.p.activity.all.CaptureInstructionActivity",
            "cn.bevol.p.activity.all.CapturePhotoActivity",
            "cn.bevol.p.activity.all.CompleteCuterActivity",
            "cn.bevol.p.activity.all.MiddleActivity",
            "cn.bevol.p.activity.all.OCRInciEditActivity",
            "cn.bevol.p.activity.all.OCRIngreAnalyzeActivity",
            "cn.bevol.p.activity.all.OCRIngreResultActivity",
            "cn.bevol.p.activity.all.SelectPictureActivity",
            "cn.bevol.p.activity.all.TaskNotifyActivity",
            "cn.bevol.p.activity.all.UpdateAppActivity",
            "cn.bevol.p.activity.all.UriSchemeProcessActivity",
            "cn.bevol.p.activity.choosePro.ChooseProductActivity",
            "cn.bevol.p.activity.choosePro.LottieAnimationActivity",
            "cn.bevol.p.activity.editrich.AddArticleTagActivity",
            "cn.bevol.p.activity.editrich.RichEditCreateHelpActivity",
            "cn.bevol.p.activity.home.AllFragranceActivity",
            "cn.bevol.p.activity.home.ApplyGoodsNewActivity",
            "cn.bevol.p.activity.home.BandDescribeActivity",
            "cn.bevol.p.activity.home.BandListActivity",
            "cn.bevol.p.activity.home.ChooseProductListTypeActivity",
            "cn.bevol.p.activity.home.CompareHallActivity",
            "cn.bevol.p.activity.home.ComplementActivity",
            "cn.bevol.p.activity.home.ComplementImageActivity",
            "cn.bevol.p.activity.home.ComplementNewActivity",
            "cn.bevol.p.activity.home.ContainFragranceActivity",
            "cn.bevol.p.activity.home.CosmeticsCompareActivity",
            "cn.bevol.p.activity.home.CpsWelfareActivity",
            "cn.bevol.p.activity.home.FollowKoLActivity",
            "cn.bevol.p.activity.home.HealthDetailHeaderDesActivity",
            "cn.bevol.p.activity.home.HealthProductDetailActivity",
            "cn.bevol.p.activity.home.MessageNewActivity",
            "cn.bevol.p.activity.home.MyWelfareInfoActivity",
            "cn.bevol.p.activity.home.NewProductsActivity",
            "cn.bevol.p.activity.home.PerfumeCommentActivity",
            "cn.bevol.p.activity.home.PerfumeInfoActivity",
            "cn.bevol.p.activity.home.ProductCategoryListActivity",
            "cn.bevol.p.activity.home.ProductCategoryListNewActivity",
            "cn.bevol.p.activity.home.ProductCommentActivity",
            "cn.bevol.p.activity.home.ProductCommentListActivity",
            "cn.bevol.p.activity.home.ProductCompositionListActivity",
            "cn.bevol.p.activity.home.ProductCompositionListNewActivity",
            "cn.bevol.p.activity.home.ProductDetailEndActivity",
            "cn.bevol.p.activity.home.ProductInfoActivity",
            "cn.bevol.p.activity.home.ProductIntelligenceAgencyActivity",
            "cn.bevol.p.activity.home.ProductListBrandListActivity",
            "cn.bevol.p.activity.home.ProductListCategoryActivity",
            "cn.bevol.p.activity.home.ProductWellChosenActivity",
            "cn.bevol.p.activity.home.ProductWithCompositionActivity",
            "cn.bevol.p.activity.home.PublishContentActivity",
            "cn.bevol.p.activity.home.QScanResultActivity",
            "cn.bevol.p.activity.home.ScanGuideActivity",
            "cn.bevol.p.activity.home.SearchCompositionActivity",
            "cn.bevol.p.activity.home.SearchGoodActivity",
            "cn.bevol.p.activity.home.SearchProductActivity",
            "cn.bevol.p.activity.home.SearchResultActivity",
            "cn.bevol.p.activity.home.SearchTagFindActivity",
            "cn.bevol.p.activity.home.SearchTopListActivity",
            "cn.bevol.p.activity.home.SelectionAllProductActivity",
            "cn.bevol.p.activity.home.SelectionSuitProductActivity",
            "cn.bevol.p.activity.home.SkinPlanAllergyActivity",
            "cn.bevol.p.activity.home.TestGuideActivity",
            "cn.bevol.p.activity.home.TopListNewActivity",
            "cn.bevol.p.activity.home.UserPartDetailNewActivity",
            "cn.bevol.p.activity.mine.AboutUsActivity",
            "cn.bevol.p.activity.mine.AddSkinCategoryActivity",
            "cn.bevol.p.activity.mine.AddressEditActivity",
            "cn.bevol.p.activity.mine.BindPhoneActivity",
            "cn.bevol.p.activity.mine.BindPhoneNumActivity",
            "cn.bevol.p.activity.mine.BindWXPhoneNumActivity",
            "cn.bevol.p.activity.mine.BindWXPhoneNumOneLoginActivity",
            "cn.bevol.p.activity.mine.BindWXResultActivity",
            "cn.bevol.p.activity.mine.BlackListActivity",
            "cn.bevol.p.activity.mine.CategoryManageActivity",
            "cn.bevol.p.activity.mine.CertificationActivity",
            "cn.bevol.p.activity.mine.ChangeNameActivity",
            "cn.bevol.p.activity.mine.CompleteInfoActivity",
            "cn.bevol.p.activity.mine.CorrectionActivity",
            "cn.bevol.p.activity.mine.CountryIdActivity",
            "cn.bevol.p.activity.mine.CouponActivity",
            "cn.bevol.p.activity.mine.CouponDetailActivity",
            "cn.bevol.p.activity.mine.DrafActivity",
            "cn.bevol.p.activity.mine.EditAgainActivity",
            "cn.bevol.p.activity.mine.EmailRegisterActivity",
            "cn.bevol.p.activity.mine.FindMyWayActivity",
            "cn.bevol.p.activity.mine.ForgetPsdActivity",
            "cn.bevol.p.activity.mine.GoodsManageActivity",
            "cn.bevol.p.activity.mine.IntagralProductDetailActivity",
            "cn.bevol.p.activity.mine.IntegralRecordsActivity",
            "cn.bevol.p.activity.mine.IntegralStoreActivity",
            "cn.bevol.p.activity.mine.LoginActivity",
            "cn.bevol.p.activity.mine.LoginNewActivity",
            "cn.bevol.p.activity.mine.MlxxWeChatActivity",
            "cn.bevol.p.activity.mine.MyCollectActivity",
            "cn.bevol.p.activity.mine.MyCorrectionActivity",
            "cn.bevol.p.activity.mine.MyJoinActivity",
            "cn.bevol.p.activity.mine.MyLikeAuthorActivity",
            "cn.bevol.p.activity.mine.MyOrdersActivity",
            "cn.bevol.p.activity.mine.MyPersonalActivity",
            "cn.bevol.p.activity.mine.MySkinCategoryActivity",
            "cn.bevol.p.activity.mine.MyWriteActivity",
            "cn.bevol.p.activity.mine.OrderDetailActivity",
            "cn.bevol.p.activity.mine.PhoneCodeLoginActivity",
            "cn.bevol.p.activity.mine.PracticeTagEditActivity",
            "cn.bevol.p.activity.mine.PrivacySettingActivity",
            "cn.bevol.p.activity.mine.PrivacySettingNewActivity",
            "cn.bevol.p.activity.mine.ProductCorrectionIndexActivity",
            "cn.bevol.p.activity.mine.ProductQuestionActivity",
            "cn.bevol.p.activity.mine.PushSettingActivity",
            "cn.bevol.p.activity.mine.QaActivity",
            "cn.bevol.p.activity.mine.QuickRegisterActivity",
            "cn.bevol.p.activity.mine.SettingActivity",
            "cn.bevol.p.activity.mine.SettingPsdActivity",
            "cn.bevol.p.activity.mine.SignInActivity",
            "cn.bevol.p.activity.mine.SkinPlanActivity",
            "cn.bevol.p.activity.mine.SkinPlanAddProductActivity",
            "cn.bevol.p.activity.mine.SkinPlanCompositionAnalysisActivity",
            "cn.bevol.p.activity.mine.SkinPlanCreateNoteActivity",
            "cn.bevol.p.activity.mine.SkinPlanDateHelpActivity",
            "cn.bevol.p.activity.mine.SkinPlanProductManagerActivity",
            "cn.bevol.p.activity.mine.SkinPlanSelectCategoryActivity",
            "cn.bevol.p.activity.mine.SkinTestRemindActivity",
            "cn.bevol.p.activity.mine.SubcategoryManageActivity",
            "cn.bevol.p.activity.mine.SysPowerManageActivity",
            "cn.bevol.p.activity.mine.UserLevelActivity",
            "cn.bevol.p.activity.practice.ArticleDetailNewActivity",
            "cn.bevol.p.activity.practice.ArticleRecommendActivity",
            "cn.bevol.p.activity.practice.BreakNewsInsideActivity",
            "cn.bevol.p.activity.practice.ChooseTagActivity",
            "cn.bevol.p.activity.practice.CompositionDetailActivity",
            "cn.bevol.p.activity.practice.CpsDetailActivity",
            "cn.bevol.p.activity.practice.HotListsActivity",
            "cn.bevol.p.activity.practice.HotlistDetailActivity",
            "cn.bevol.p.activity.practice.HuaTiDetailActivity",
            "cn.bevol.p.activity.practice.HuaTiListActivity",
            "cn.bevol.p.activity.practice.KolDetailActivity",
            "cn.bevol.p.activity.practice.KolEditActivity",
            "cn.bevol.p.activity.practice.OriginalActivity",
            "cn.bevol.p.activity.practice.ProductCompareDetailNewActivity",
            "cn.bevol.p.activity.practice.ProductsChooseConditionActivity",
            "cn.bevol.p.activity.practice.ReplyDetailActivity",
            "cn.bevol.p.activity.practice.ReportDetailNewActivity",
            "cn.bevol.p.activity.practice.ReportEditNewActivity",
            "cn.bevol.p.activity.practice.ReviewsKolActivity",
            "cn.bevol.p.activity.practice.TagDetailActivity",
            "cn.bevol.p.activity.practice.TestResultActivity",
            "cn.bevol.p.activity.practice.TestResultAnalyzeActivity",
            "cn.bevol.p.activity.practice.TopicDetailNewActivity",
            "cn.bevol.p.activity.practice.WelfareApplyUserActivity",
            "cn.bevol.p.activity.practice.WelfareDetailWebNewActivity",
            "cn.bevol.p.activity.practice.WelfareInformationActivity",
            "cn.bevol.p.activity.practice.WelfareInformationOldActivity",
            "cn.bevol.p.activity.practice.WelfareInformationPreActivity",
            "cn.bevol.p.activity.practice.WelfarePartListActivity",
            "cn.bevol.p.activity.practice.XBSArticleDetailActivity",
            "cn.bevol.p.activity.skin.AllCommentActivity",
            "cn.bevol.p.activity.skin.AllCommentForLipsActivity",
            "cn.bevol.p.activity.skin.AllCommentForProductActivity",
            "cn.bevol.p.activity.skin.ChooseCityActivity",
            "cn.bevol.p.activity.skin.ChooseLocationActivity",
            "cn.bevol.p.activity.skin.CommentBoxActivity",
            "cn.bevol.p.activity.skin.CreateUserpartActivity",
            "cn.bevol.p.activity.skin.FaceFeedbackActivity",
            "cn.bevol.p.activity.skin.FaceProblemListActivity",
            "cn.bevol.p.activity.skin.FaceReportHistoryActivity",
            "cn.bevol.p.activity.skin.FaceSkinSimpleResultActivity",
            "cn.bevol.p.activity.skin.FaceVideoReportActivity",
            "cn.bevol.p.activity.skin.FaceppSkinReportActivity",
            "cn.bevol.p.activity.skin.FaceppSkinResultActivity",
            "cn.bevol.p.activity.skin.HelpFriendActivity",
            "cn.bevol.p.activity.skin.JubaoActivity",
            "cn.bevol.p.activity.skin.MXBoxActivity",
            "cn.bevol.p.activity.skin.MlxxShopActivity",
            "cn.bevol.p.activity.skin.MySkinReportActivity",
            "cn.bevol.p.activity.skin.MySkinReportNewActivity",
            "cn.bevol.p.activity.skin.PracticeTestActivity",
            "cn.bevol.p.activity.skin.RichEditActivity",
            "cn.bevol.p.activity.skin.ScroeDetailActivity",
            "cn.bevol.p.activity.skin.SelectAgeSexActivity",
            "cn.bevol.p.activity.skin.SelectSensitiveActivity",
            "cn.bevol.p.activity.skin.SelectSensitiveGuideActivity",
            "cn.bevol.p.activity.skin.SelectSensitiveResultActivity",
            "cn.bevol.p.activity.skin.SelectSkinActivity",
            "cn.bevol.p.activity.skin.SelectSkinBrandActivity",
            "cn.bevol.p.activity.skin.SkinBoxDetailActivity",
            "cn.bevol.p.activity.skin.SkinDirectChoiceActivity",
            "cn.bevol.p.activity.skin.SkinImageActivity",
            "cn.bevol.p.activity.skin.SkinIndexReportActivity",
            "cn.bevol.p.activity.skin.SkinLoadingActivity",
            "cn.bevol.p.activity.skin.SkinLoadingNewActivity",
            "cn.bevol.p.activity.skin.SkinLoadingSexAgeActivity",
            "cn.bevol.p.activity.skin.SkinLoveActivity",
            "cn.bevol.p.activity.skin.SkinManagerTestActivity",
            "cn.bevol.p.activity.skin.SkinTaskAddProductActivity",
            "cn.bevol.p.activity.skin.SkinTaskTypeActivity",
            "cn.bevol.p.activity.skin.SkinTestNewActivity",
            "cn.bevol.p.activity.skin.SkinTestResultActivity",
            "cn.bevol.p.activity.video.FullScreenVideoActivity",
            "cn.bevol.p.activity.video.MlxxLiveActivity",
            "cn.bevol.p.activity.video.OnlyVideoActivity",
            "cn.bevol.p.activity.video.VideoCommentListActivity",
            "cn.bevol.p.activity.video.VideoListActivity",
            "cn.bevol.p.activity.video.VideoPlayerActivity",
            "cn.bevol.p.activity.video.VideoPreviewActivity",
            "cn.bevol.p.activity.video.VideoSlideListActivity",
            "cn.bevol.p.activity.video.VideoUploadActivity",
            "cn.bevol.p.facepp.OpenglActivity",
            "cn.bevol.p.view.viewbigimage.ViewBigImageActivity",
            "cn.bevol.p.view.webview.WebViewActivity",
            "cn.bevol.p.view.webview.WebViewPrivateActivity",
            "cn.bevol.p.view.webview.YouZanWebViewActivity",
            "cn.bevol.p.wxapi.WXEntryActivity",
            "cn.bevol.p.wxapi.WXPayEntryActivity",
            "com.ali.auth.third.ui.LoginActivity",
            "com.ali.auth.third.ui.LoginWebViewActivity",
            "com.ali.auth.third.ui.QrLoginActivity",
            "com.ali.auth.third.ui.QrLoginConfirmActivity",
            "com.ali.auth.third.ui.webview.BaseWebViewActivity",
            "com.alibaba.alibclinkpartner.smartlink.ALPEntranceActivity",
            "com.alibaba.baichuan.android.trade.ui.AlibcBackActivity",
            "com.alibaba.baichuan.android.trade.ui.AlibcWebViewActivity",
            "com.alibaba.baichuan.trade.biz.auth.AlibcAuthActivity",
            "com.alibaba.wireless.security.open.middletier.fc.ui.ContainerActivity",
            "com.alipay.sdk.app.APayEntranceActivity",
            "com.alipay.sdk.app.AlipayResultActivity",
            "com.alipay.sdk.app.H5AuthActivity",
            "com.alipay.sdk.app.H5OpenAuthActivity",
            "com.alipay.sdk.app.H5PayActivity",
            "com.alipay.sdk.app.PayResultActivity",
            "com.aliyun.standard.liveroom.lib.LiveActivity",
            "com.chuanglan.shanyan_sdk.view.CmccLoginActivity",
            "com.geetest.onelogin.activity.OneLoginActivity",
            "com.geetest.onelogin.activity.OneLoginWebActivity",
            "com.huawei.hms.activity.BridgeActivity",
            "com.huawei.hms.activity.EnableServiceActivity",
            "com.huawei.updatesdk.service.otaupdate.AppUpdateActivity",
            "com.huawei.updatesdk.support.pm.PackageInstallerActivity",
            "com.kepler.jd.sdk.KeplerBackActivity",
            "com.mlxx.aliyunvideo.activity.AliyunVideoPlayerActivity",
            "com.sina.weibo.sdk.share.ShareChatActivity",
            "com.sina.weibo.sdk.share.ShareResultActivity",
            "com.sina.weibo.sdk.share.ShareStoryActivity",
            "com.sina.weibo.sdk.share.ShareTransActivity",
            "com.sina.weibo.sdk.web.WebActivity",
            "com.sobot.chat.activity.SobotCameraActivity",
            "com.sobot.chat.activity.SobotChooseCityActivity",
            "com.sobot.chat.activity.SobotChooseFileActivity",
            "com.sobot.chat.activity.SobotConsultationListActivity",
            "com.sobot.chat.activity.SobotCusFieldActivity",
            "com.sobot.chat.activity.SobotFileDetailActivity",
            "com.sobot.chat.activity.SobotHelpCenterActivity",
            "com.sobot.chat.activity.SobotPhotoActivity",
            "com.sobot.chat.activity.SobotPhotoListActivity",
            "com.sobot.chat.activity.SobotPostCategoryActivity",
            "com.sobot.chat.activity.SobotPostLeaveMsgActivity",
            "com.sobot.chat.activity.SobotPostMsgActivity",
            "com.sobot.chat.activity.SobotProblemCategoryActivity",
            "com.sobot.chat.activity.SobotProblemDetailActivity",
            "com.sobot.chat.activity.SobotQueryFromActivity",
            "com.sobot.chat.activity.SobotSkillGroupActivity",
            "com.sobot.chat.activity.SobotTicketDetailActivity",
            "com.sobot.chat.activity.SobotVideoActivity",
            "com.sobot.chat.activity.WebViewActivity",
            "com.sobot.chat.conversation.SobotChatActivity",
            "com.sobot.chat.widget.dialog.SobotEvaluateActivity",
            "com.sobot.chat.widget.dialog.SobotPostMsgTmpListActivity",
            "com.sobot.chat.widget.dialog.SobotReplyActivity",
            "com.sobot.chat.widget.dialog.SobotRobotListActivity",
            "com.sobot.chat.widget.dialog.SobotTicketEvaluateActivity",
            "com.tencent.connect.common.AssistActivity",
            "com.tencent.tauth.AuthActivity",
            "com.umeng.message.notify.UPushMessageNotifyActivity",
            "com.yalantis.ucrop.UCropActivity",
            "com.yalantis.ucrop.UCropRatioActivity",
            "com.yanzhenjie.album.app.album.AlbumActivity",
            "com.yanzhenjie.album.app.album.GalleryActivity",
            "com.yanzhenjie.album.app.album.NullActivity",
            "com.yanzhenjie.album.app.camera.CameraActivity",
            "com.yanzhenjie.album.app.gallery.GalleryActivity",
            "com.yanzhenjie.album.app.gallery.GalleryAlbumActivity"
        ],
        "services": [
            "cn.bevol.p.update.DownloadService",
            "com.alibaba.analytics.AnalyticsService",
            "com.heytap.msp.push.service.CompatibleDataMessageCallbackService",
            "com.heytap.msp.push.service.DataMessageCallbackService",
            "com.huawei.agconnect.core.ServiceDiscovery",
            "com.huawei.hms.support.api.push.service.HmsMsgService",
            "com.meizu.cloud.pushsdk.NotificationService",
            "com.sobot.chat.core.channel.SobotTCPServer",
            "com.sobot.chat.server.SobotSessionServer",
            "com.taobao.accs.ChannelService",
            "com.taobao.accs.ChannelService$KernelService",
            "com.taobao.accs.data.MsgDistributeService",
            "com.taobao.accs.internal.AccsJobService",
            "com.umeng.message.UmengDownloadResourceService",
            "com.umeng.message.UmengIntentService",
            "com.umeng.message.UmengMessageCallbackHandlerService",
            "com.umeng.message.UmengMessageIntentReceiverService",
            "com.umeng.message.XiaomiIntentService",
            "com.vivo.push.sdk.service.CommandClientService",
            "com.xiaomi.mipush.sdk.MessageHandleService",
            "com.xiaomi.mipush.sdk.PushMessageHandler",
            "com.xiaomi.push.service.XMJobService",
            "com.xiaomi.push.service.XMPushService",
            "org.android.agoo.accs.AgooService",
            "org.android.agoo.huawei.HuaweiPushMessageService"
        ],
        "receivers": [
            "cn.bevol.p.activity.MeizuTestReceiver",
            "cn.bevol.p.utils.pay.AppRegister",
            "com.huawei.hms.support.api.push.PushMsgReceiver",
            "com.huawei.hms.support.api.push.PushReceiver",
            "com.meizu.cloud.pushsdk.MzPushSystemReceiver",
            "com.taobao.accs.EventReceiver",
            "com.taobao.accs.ServiceReceiver",
            "com.taobao.agoo.AgooCommondReceiver",
            "com.umeng.message.NotificationProxyBroadcastReceiver",
            "com.xiaomi.push.service.receivers.NetworkStatusReceiver",
            "com.xiaomi.push.service.receivers.PingReceiver",
            "org.android.agoo.vivo.PushMessageReceiverImpl",
            "org.android.agoo.xiaomi.MiPushBroadcastReceiver"
        ]
    },
    "stats": {
        "dex_count": 1,
        "native_lib_count": 68
    },
    "jadx": {
        "status": "ok",
        "duration_sec": 4.84,
        "sources_present": true,
        "java_file_count": 218
    },
    "ast_analysis": {
        "location": 0,
        "microphone": 0,
        "camera": 0,
        "media_projection": 0,
        "dynamic_load": 0,
        "jni": 16
    },
    "analysis_state": "complete"
}