{
    "apk_name": "B2DA99D6FFC2EA6A69FADA040009E11AB12AAB3429449B72836F179140B00FD1",
    "sha256": "b2da99d6ffc2ea6a69fada040009e11ab12aab3429449b72836f179140b00fd1",
    "metadata": {
        "package_name": "com.verizon.pushtotalkplus",
        "version_code": "4102",
        "version_name": "13.00.01.11",
        "min_sdk": "29",
        "target_sdk": "36",
        "permissions": [
            "android.permission.ACCESS_BACKGROUND_LOCATION",
            "android.permission.ACCESS_COARSE_LOCATION",
            "android.permission.ACCESS_FINE_LOCATION",
            "android.permission.ACCESS_NETWORK_STATE",
            "android.permission.ACCESS_WIFI_STATE",
            "android.permission.ANSWER_PHONE_CALLS",
            "android.permission.AUTHENTICATE_ACCOUNTS",
            "android.permission.BLUETOOTH",
            "android.permission.BLUETOOTH_ADMIN",
            "android.permission.BLUETOOTH_CONNECT",
            "android.permission.BLUETOOTH_SCAN",
            "android.permission.BROADCAST_STICKY",
            "android.permission.CALL_PHONE",
            "android.permission.CAMERA",
            "android.permission.CHANGE_NETWORK_STATE",
            "android.permission.CHANGE_WIFI_STATE",
            "android.permission.CONNECTIVITY_INTERNAL",
            "android.permission.CONNECTIVITY_USE_RESTRICTED_NETWORKS",
            "android.permission.EXPAND_STATUS_BAR",
            "android.permission.FOREGROUND_SERVICE",
            "android.permission.FOREGROUND_SERVICE_CAMERA",
            "android.permission.FOREGROUND_SERVICE_LOCATION",
            "android.permission.FOREGROUND_SERVICE_MICROPHONE",
            "android.permission.FOREGROUND_SERVICE_PHONE_CALL",
            "android.permission.GET_ACCOUNTS",
            "android.permission.INTERNET",
            "android.permission.MANAGE_ACCOUNTS",
            "android.permission.MANAGE_OWN_CALLS",
            "android.permission.MODIFY_AUDIO_SETTINGS",
            "android.permission.POST_NOTIFICATIONS",
            "android.permission.READ_CONTACTS",
            "android.permission.READ_PHONE_STATE",
            "android.permission.RECEIVE_BOOT_COMPLETED",
            "android.permission.RECORD_AUDIO",
            "android.permission.REQUEST_IGNORE_BATTERY_OPTIMIZATIONS",
            "android.permission.SEND_SMS",
            "android.permission.SYSTEM_ALERT_WINDOW",
            "android.permission.USE_FULL_SCREEN_INTENT",
            "android.permission.VIBRATE",
            "android.permission.WAKE_LOCK",
            "android.permission.WRITE_CONTACTS",
            "android.permission.WRITE_EXTERNAL_STORAGE",
            "android.permission.WRITE_SETTINGS",
            "android.permission.WRITE_SYNC_SETTINGS",
            "com.verizon.ptt.API_ACCESS",
            "com.verizon.ptt.LITE_ACCESS",
            "com.verizon.pushtotalkplus.DYNAMIC_RECEIVER_NOT_EXPORTED_PERMISSION"
        ],
        "activities": [
            "com.google.android.gms.common.api.GoogleApiActivity",
            "com.verizon.pushtotalkplus.LaunchCallActivityFromExternal",
            "com.verizon.pushtotalkplus.OIDCViewController",
            "com.verizon.pushtotalkplus.StartupActivity"
        ],
        "services": [
            "com.kodiak.ble.BluetoothLeService",
            "com.kodiak.kap.accessory.AccessoryAckService",
            "com.kodiak.kap.accessory.AccessoryIntentService",
            "com.kodiak.persondownloneworker.PersonDownDetectionService",
            "com.kodiak.pim.contacts.contactsSyncService",
            "com.kodiak.ui.receivers.NetworkListenerService",
            "com.kodiak.ui.util.logger.AutoLogPublisherIntentService",
            "com.verizon.pushtotalkplus.AppHeartbeatService",
            "com.verizon.pushtotalkplus.PTTApplicationService",
            "com.verizon.pushtotalkplus.PttCallService"
        ],
        "receivers": [
            "androidx.profileinstaller.ProfileInstallReceiver",
            "com.kodiak.geofence.GeofenceReceiver",
            "com.kodiak.ui.HeadsetControlEventReceiver",
            "com.kodiak.ui.receivers.ActivationTimeOutReceiver",
            "com.kodiak.ui.receivers.AlarmReceiver",
            "com.kodiak.ui.receivers.AlertRepeateReceiver",
            "com.kodiak.ui.receivers.AppRestartAlarmReceivcer",
            "com.kodiak.ui.receivers.BatteryIntentReceiver",
            "com.kodiak.ui.receivers.EmergencyAlertBCReceiver",
            "com.kodiak.ui.receivers.EndCallKeyBCReceiver",
            "com.kodiak.ui.receivers.ForceDataAlarmReceiver",
            "com.kodiak.ui.receivers.LocationUpdateAlarmReceiver",
            "com.kodiak.ui.receivers.MobileAPIReceiver",
            "com.kodiak.ui.receivers.PttKeyIntentReceiver",
            "com.kodiak.ui.receivers.SelectedIndexIntentReceiver",
            "com.kodiak.ui.receivers.TimerExpiryReceiver",
            "com.kodiak.ui.receivers.ToneAlertRepeateReceiver",
            "com.verizon.pushtotalkplus.receivers.AppAutostartMgr",
            "com.verizon.pushtotalkplus.receivers.HBReceiver"
        ],
        "permission_details": {
            "android.permission.ACCESS_BACKGROUND_LOCATION": "dangerous",
            "android.permission.ACCESS_COARSE_LOCATION": "dangerous",
            "android.permission.ACCESS_FINE_LOCATION": "dangerous",
            "android.permission.ACCESS_NETWORK_STATE": "normal",
            "android.permission.ACCESS_WIFI_STATE": "normal",
            "android.permission.ANSWER_PHONE_CALLS": "dangerous",
            "android.permission.AUTHENTICATE_ACCOUNTS": "unknown",
            "android.permission.BLUETOOTH": "normal",
            "android.permission.BLUETOOTH_ADMIN": "normal",
            "android.permission.BLUETOOTH_CONNECT": "dangerous",
            "android.permission.BLUETOOTH_SCAN": "dangerous",
            "android.permission.BROADCAST_STICKY": "normal",
            "android.permission.CALL_PHONE": "dangerous",
            "android.permission.CAMERA": "dangerous",
            "android.permission.CHANGE_NETWORK_STATE": "normal",
            "android.permission.CHANGE_WIFI_STATE": "normal",
            "android.permission.CONNECTIVITY_INTERNAL": "unknown",
            "android.permission.CONNECTIVITY_USE_RESTRICTED_NETWORKS": "unknown",
            "android.permission.EXPAND_STATUS_BAR": "normal",
            "android.permission.FOREGROUND_SERVICE": "normal",
            "android.permission.FOREGROUND_SERVICE_CAMERA": "normal",
            "android.permission.FOREGROUND_SERVICE_LOCATION": "normal",
            "android.permission.FOREGROUND_SERVICE_MICROPHONE": "normal",
            "android.permission.FOREGROUND_SERVICE_PHONE_CALL": "normal",
            "android.permission.GET_ACCOUNTS": "dangerous",
            "android.permission.INTERNET": "normal",
            "android.permission.MANAGE_ACCOUNTS": "unknown",
            "android.permission.MANAGE_OWN_CALLS": "normal",
            "android.permission.MODIFY_AUDIO_SETTINGS": "normal",
            "android.permission.POST_NOTIFICATIONS": "dangerous",
            "android.permission.READ_CONTACTS": "dangerous",
            "android.permission.READ_PHONE_STATE": "dangerous",
            "android.permission.RECEIVE_BOOT_COMPLETED": "normal",
            "android.permission.RECORD_AUDIO": "dangerous",
            "android.permission.REQUEST_IGNORE_BATTERY_OPTIMIZATIONS": "normal",
            "android.permission.SEND_SMS": "dangerous",
            "android.permission.SYSTEM_ALERT_WINDOW": "signature",
            "android.permission.USE_FULL_SCREEN_INTENT": "normal",
            "android.permission.VIBRATE": "normal",
            "android.permission.WAKE_LOCK": "normal",
            "android.permission.WRITE_CONTACTS": "dangerous",
            "android.permission.WRITE_EXTERNAL_STORAGE": "dangerous",
            "android.permission.WRITE_SETTINGS": "signature",
            "android.permission.WRITE_SYNC_SETTINGS": "normal",
            "com.verizon.ptt.API_ACCESS": "unknown",
            "com.verizon.ptt.LITE_ACCESS": "unknown",
            "com.verizon.pushtotalkplus.DYNAMIC_RECEIVER_NOT_EXPORTED_PERMISSION": "unknown"
        },
        "risk_counts": {
            "dangerous": 16,
            "normal": 22,
            "unknown": 7,
            "signature": 2
        }
    },
    "stats": {
        "dex_count": 2,
        "native_lib_count": 0
    },
    "jadx": {
        "status": "ok",
        "duration_sec": 33.25,
        "sources_present": true,
        "java_file_count": 5521
    },
    "ast_analysis": {
        "location": 21,
        "microphone": 0,
        "camera": 27,
        "media_projection": 0,
        "dynamic_load": 0,
        "jni": 8
    },
    "analysis_state": "complete",
    "behavioral_structural_data": {
        "api_inventory": {
            "camera": 2,
            "microphone": 2,
            "location": 9,
            "torch": 0,
            "telephony_ops": 5,
            "system_commands": 2,
            "webview_interop": 7,
            "content_access": 18,
            "audio_control": 7,
            "vibration": 1,
            "network_io": 6,
            "scheduling_apis": 44,
            "dynamic_code": 254
        },
        "execution_context": {
            "in_service": 0,
            "in_receiver": 0,
            "in_activity": 0,
            "in_provider": 0,
            "unknown": 357
        },
        "scheduling_mechanisms": {
            "alarm_manager": 10,
            "handler_loop": 34,
            "job_scheduler": 0
        },
        "trigger_types": {
            "auto_triggered": 4,
            "user_triggered": 4
        },
        "dynamic_features": {
            "jni_usage": 6,
            "dynamic_loading": 0,
            "reflection": 248
        }
    }
}