{
    "apk_name": "2ED507A50243631357A7B68FF9A1BE4232D6325667B977BD2E6D80655A8E4611",
    "sha256": "2ed507a50243631357a7b68ff9a1be4232d6325667b977bd2e6d80655a8e4611",
    "metadata": {
        "package_name": "tv.pps.mobile",
        "version_code": "81359",
        "version_name": "11.6.5",
        "min_sdk": "21",
        "target_sdk": "31",
        "permissions": [
            "android.permission.ACCESS_COARSE_LOCATION",
            "android.permission.ACCESS_FINE_LOCATION",
            "android.permission.ACCESS_NETWORK_STATE",
            "android.permission.ACCESS_WIFI_STATE",
            "android.permission.AUTHENTICATE_ACCOUNTS",
            "android.permission.BLUETOOTH",
            "android.permission.CAMERA",
            "android.permission.CHANGE_CONFIGURATION",
            "android.permission.CHANGE_NETWORK_STATE",
            "android.permission.CHANGE_WIFI_MULTICAST_STATE",
            "android.permission.CHANGE_WIFI_STATE",
            "android.permission.DISABLE_KEYGUARD",
            "android.permission.FOREGROUND_SERVICE",
            "android.permission.GET_ACCOUNTS",
            "android.permission.GET_TASKS",
            "android.permission.INTERNET",
            "android.permission.MODIFY_AUDIO_SETTINGS",
            "android.permission.MOUNT_UNMOUNT_FILESYSTEMS",
            "android.permission.QUERY_ALL_PACKAGES",
            "android.permission.READ_CALENDAR",
            "android.permission.READ_CONTACTS",
            "android.permission.READ_EXTERNAL_STORAGE",
            "android.permission.READ_PHONE_STATE",
            "android.permission.READ_SETTINGS",
            "android.permission.RECEIVE_BOOT_COMPLETED",
            "android.permission.RECORD_AUDIO",
            "android.permission.REORDER_TASKS",
            "android.permission.REQUEST_INSTALL_PACKAGES",
            "android.permission.RUN_INSTRUMENTATION",
            "android.permission.SYSTEM_ALERT_WINDOW",
            "android.permission.VIBRATE",
            "android.permission.WAKE_LOCK",
            "android.permission.WRITE_CALENDAR",
            "android.permission.WRITE_EXTERNAL_STORAGE",
            "android.permission.WRITE_SETTINGS",
            "android.permission.WRITE_SYNC_SETTINGS",
            "com.android.launcher.permission.INSTALL_SHORTCUT",
            "com.android.launcher.permission.READ_SETTINGS",
            "com.android.launcher.permission.UNINSTALL_SHORTCUT",
            "com.android.launcher2.permission.READ_SETTINGS",
            "com.android.launcher3.permission.READ_SETTINGS",
            "com.asus.msa.SupplementaryDID.ACCESS",
            "com.bbk.launcher2.permission.READ_SETTINGS",
            "com.coloros.mcs.permission.RECIEVE_MCS_MESSAGE",
            "com.google.android.launcher.permission.READ_SETTINGS",
            "com.heytap.mcs.permission.RECIEVE_MCS_MESSAGE",
            "com.huawei.android.launcher.permission.CHANGE_BADGE",
            "com.huawei.android.launcher.permission.READ_SETTINGS",
            "com.huawei.appmarket.service.commondata.permission.GET_COMMON_DATA",
            "com.meizu.flyme.launcher.permission.READ_SETTINGS",
            "com.xiaomi.permission.AUTH_SERVICE",
            "freemme.permission.msa",
            "oppo.permission.OPPO_COMPONENT_SAFE",
            "tv.pps.mobile.openadsdk.permission.TT_PANGOLIN",
            "tv.pps.mobile.permission.MIPUSH_RECEIVE",
            "tv.pps.mobile.permission.PROCESS_PUSH_MSG",
            "tv.pps.mobile.permission.PUSH_PROVIDER"
        ],
        "activities": [
            "all.subscribelist.left.taglist.ChannelSubscribeListActivity",
            "android.a.test.DebugInfoActivity",
            "android.a.test.TinkerDebugActivity",
            "android.a.test.VideoPlayTestActivity",
            "com.ali.auth.third.ui.LoginActivity",
            "com.ali.auth.third.ui.LoginWebViewActivity",
            "com.ali.auth.third.ui.QrLoginActivity",
            "com.ali.auth.third.ui.QrLoginConfirmActivity",
            "com.ali.auth.third.ui.webview.BaseWebViewActivity",
            "com.alibaba.alibclinkpartner.smartlink.ALPEntranceActivity",
            "com.alibaba.baichuan.android.trade.ui.AlibcBackActivity",
            "com.alibaba.baichuan.android.trade.ui.AlibcWebViewActivity",
            "com.alibaba.baichuan.trade.biz.auth.AlibcAuthActivity",
            "com.alibaba.wireless.security.open.middletier.fc.ui.ContainerActivity",
            "com.alipay.sdk.app.APayEntranceActivity",
            "com.alipay.sdk.app.AlipayResultActivity",
            "com.alipay.sdk.app.H5AuthActivity",
            "com.alipay.sdk.app.H5OpenAuthActivity",
            "com.alipay.sdk.app.H5PayActivity",
            "com.alipay.sdk.app.PayResultActivity",
            "com.alipay.sdk.auth.AuthActivity",
            "com.baidu.aiapps.AiAppsQigSawBundleEntrance",
            "com.baidu.payment.impl.ChinaPayAgentActivity",
            "com.baidu.poly.widget.PayWebActivity",
            "com.baidu.poly.widget.PolyActivity",
            "com.baidu.searchbox.process.ipc.agent.activity.MainProcessDelegateActivity",
            "com.baidu.searchbox.process.ipc.agent.activity.MegPluginDelegateActivity",
            "com.baidu.searchbox.process.ipc.agent.activity.PluginDelegateActivity",
            "com.baidu.sofire.MyActivity",
            "com.baidu.swan.apps.SwanAppActivity",
            "com.baidu.swan.apps.SwanAppActivity1",
            "com.baidu.swan.apps.SwanAppActivity2",
            "com.baidu.swan.apps.SwanAppActivity3",
            "com.baidu.swan.apps.SwanAppActivity4",
            "com.baidu.swan.apps.SwanAppActivity5",
            "com.baidu.swan.apps.SwanAppActivityA",
            "com.baidu.swan.apps.SwanAppActivityA1",
            "com.baidu.swan.apps.SwanAppActivityA2",
            "com.baidu.swan.apps.SwanAppActivityA3",
            "com.baidu.swan.apps.SwanAppActivityA4",
            "com.baidu.swan.apps.SwanAppActivityA5",
            "com.baidu.swan.apps.SwanAppErrorActivity",
            "com.baidu.swan.apps.SwanAppLauncherActivity",
            "com.baidu.swan.apps.SwanAppScopeDetailActivity",
            "com.baidu.swan.apps.SwanRelayActivity",
            "com.baidu.swan.apps.console.debugger.adbdebug.SwanAppAdbDebugActivity",
            "com.baidu.swan.apps.media.chooser.activity.SwanAppAlbumActivity",
            "com.baidu.swan.apps.media.chooser.activity.SwanAppAlbumPreviewActivity",
            "com.baidu.swan.apps.view.SwanAppErrorDialog",
            "com.baidu.swan.facade.requred.webview.LoadingActivity",
            "com.baidu.swan.impl.account.SwanLoginTransferActivity",
            "com.baidu.webkit.sdk.PermissionActivity",
            "com.bytedance.sdk.openadsdk.stub.activity.Stub_Activity",
            "com.bytedance.sdk.openadsdk.stub.activity.Stub_SingleTask_Activity",
            "com.bytedance.sdk.openadsdk.stub.activity.Stub_SingleTask_Activity_T",
            "com.bytedance.sdk.openadsdk.stub.activity.Stub_Standard_Activity",
            "com.bytedance.sdk.openadsdk.stub.activity.Stub_Standard_Activity_T",
            "com.bytedance.sdk.openadsdk.stub.activity.Stub_Standard_Landscape_Activity",
            "com.bytedance.sdk.openadsdk.stub.activity.Stub_Standard_Portrait_Activity",
            "com.duxiaoman.dxmpay.miniapp.ui.MiniAppMainActivity",
            "com.duxiaoman.dxmpay.remotepay.MiniPayEntry",
            "com.facebook.react.devsupport.DevSettingsActivity",
            "com.google.ar.core.InstallActivity",
            "com.huawei.hms.activity.BridgeActivity",
            "com.huawei.hms.activity.EnableServiceActivity",
            "com.huawei.hms.support.api.push.TransActivity",
            "com.huawei.updatesdk.service.otaupdate.AppUpdateActivity",
            "com.huawei.updatesdk.support.pm.PackageInstallerActivity",
            "com.iqiyi.android.ar.activity.CameraAdvertiseActivity",
            "com.iqiyi.android.ar.activity.PermissionActivity",
            "com.iqiyi.android.ar.activity.ScanResultActivity",
            "com.iqiyi.android.ar.activity.StarListActivity",
            "com.iqiyi.android.qigsaw.core.DefaultObtainUserConfirmationDialog",
            "com.iqiyi.android.qigsaw.core.splitinstall.ObtainUserConfirmationActivity",
            "com.iqiyi.baichuan.BaichuanActivity",
            "com.iqiyi.card.ui.FeedsInfoActivity",
            "com.iqiyi.channels.videoComment.activity.PhotoCropActivity",
            "com.iqiyi.channels.videoComment.activity.SetVideoCommentCoverActivity",
            "com.iqiyi.channeltag.feedList.ChannelTagFeedListActivity",
            "com.iqiyi.circle.MyCircleActivity",
            "com.iqiyi.comment.activity.ReportCommentActivity",
            "com.iqiyi.comment.activity.SecondCommentListActivity",
            "com.iqiyi.commonbusiness.accountappeal.activity.FAccountAppealOcrActivity",
            "com.iqiyi.commonbusiness.activity.FSmsPwdVerifyForH5Activity",
            "com.iqiyi.commonbusiness.externalocr.activity.FMallUploadIDCardActivity",
            "com.iqiyi.commonbusiness.facecheck.FaceCheckPrepareActivity",
            "com.iqiyi.commonbusiness.idcard.activity.FCommonJsBridgeCameraActivity",
            "com.iqiyi.commonbusiness.idcard.idcardcamera.CameraActivity",
            "com.iqiyi.commonbusiness.idcard.imagecrop.ImageCropActivity",
            "com.iqiyi.commonbusiness.thirdpart.livingpayment.activity.LivingPayOpenResultActivity",
            "com.iqiyi.commonbusiness.thirdpart.vipscore.activity.VipScoreActivity",
            "com.iqiyi.commonbusiness.thirdpart.vipscore.activity.VipScoreResultActivity",
            "com.iqiyi.commoncashier.activity.QYCommonPayActivity",
            "com.iqiyi.danmaku.activiy.QYDanmakuReactActivity",
            "com.iqiyi.danmaku.bizjump.RouterActivity",
            "com.iqiyi.danmaku.comment.CommentDetailActivity",
            "com.iqiyi.danmaku.comment.CommentReportActivity",
            "com.iqiyi.danmaku.judgement.DanmakuJudgementActivity",
            "com.iqiyi.danmaku.redpacket.address.AddressActivity",
            "com.iqiyi.debugdog.DebugActivity",
            "com.iqiyi.debugdog.jsonviewer.JSONViewerActivity",
            "com.iqiyi.dynamic.repost.detail.DynamicRepostDetailActivity",
            "com.iqiyi.feed.ui.activity.DownLoadViewPagerActivity",
            "com.iqiyi.feeds.growth.AppStoreJumpActivity",
            "com.iqiyi.feeds.growth.NoviceWebFullscreenDialogActivity",
            "com.iqiyi.feeds.growth.WebFullscreenDialogActivity",
            "com.iqiyi.feeds.growth.newuserguide.NewUserGuideActivity",
            "com.iqiyi.feeds.growth.scoreCenter.ScoreCenterActivity",
            "com.iqiyi.feeds.growth.shareclipboard.ShareClipboardPopupActivity",
            "com.iqiyi.feeds.medal.dialog.OpenMedalDialogProxyActivity",
            "com.iqiyi.feeds.medal.floatinglayer.MedalDialogWrapper",
            "com.iqiyi.feeds.medal.list.MedalListActivity",
            "com.iqiyi.feeds.ranklist.activity.RankListActivity",
            "com.iqiyi.feeds.ranklist.topic.TopicRankListActivity",
            "com.iqiyi.feeds.web.activity.LoginLiteResultDummyActivity",
            "com.iqiyi.feeds.web.activity.LoginLiteResultDummyActivityWebView2Process",
            "com.iqiyi.feeds.web.activity.LoginLiteResultDummyActivityWebViewProcess",
            "com.iqiyi.finance.bankcardscan.ui.CaptureActivity",
            "com.iqiyi.finance.loan.finance.homepage.activity.LoanAuthPageActivity",
            "com.iqiyi.finance.loan.finance.homepage.activity.LoanAuthPageNewActivity",
            "com.iqiyi.finance.loan.finance.homepage.activity.LoanExceptionActivity",
            "com.iqiyi.finance.loan.finance.homepage.activity.LoanHomeActivity",
            "com.iqiyi.finance.loan.ownbrand.activity.ObAuthActivity",
            "com.iqiyi.finance.loan.ownbrand.activity.ObBindBankCardActivity",
            "com.iqiyi.finance.loan.ownbrand.activity.ObCancelDialogActivity",
            "com.iqiyi.finance.loan.ownbrand.activity.ObChannelPolicyErrorActivity",
            "com.iqiyi.finance.loan.ownbrand.activity.ObCheckActivity",
            "com.iqiyi.finance.loan.ownbrand.activity.ObCreditActivity",
            "com.iqiyi.finance.loan.ownbrand.activity.ObLoanMoneyActivity",
            "com.iqiyi.finance.loan.ownbrand.activity.ObLoanMoneyPwdSmsActivity",
            "com.iqiyi.finance.loan.ownbrand.activity.ObLoanMoneyResultActivity",
            "com.iqiyi.finance.loan.ownbrand.activity.ObOcrActivity",
            "com.iqiyi.finance.loan.ownbrand.activity.ObRepaymentStatusActivity",
            "com.iqiyi.finance.loan.ownbrand.activity.ObSupportBankListActivity",
            "com.iqiyi.finance.loan.ownbrand.activity.ObUserInfoWriteActivity",
            "com.iqiyi.finance.loan.ownbrand.activity.OwnBrandHomeAcitvity",
            "com.iqiyi.finance.loan.ownbrand.webview.QYFObHalfScreenWebViewActivity",
            "com.iqiyi.finance.loan.supermarket.activity.LoanAuthProtocolActivity",
            "com.iqiyi.finance.loan.supermarket.activity.LoanAuthenticateActivity",
            "com.iqiyi.finance.loan.supermarket.activity.LoanBankCardListActivity",
            "com.iqiyi.finance.loan.supermarket.activity.LoanBillActivity",
            "com.iqiyi.finance.loan.supermarket.activity.LoanBindCardActivity",
            "com.iqiyi.finance.loan.supermarket.activity.LoanCheckActivity",
            "com.iqiyi.finance.loan.supermarket.activity.LoanInfoSubmitActivity",
            "com.iqiyi.finance.loan.supermarket.activity.LoanMoneyActivity",
            "com.iqiyi.finance.loan.supermarket.activity.LoanMoneyWaitingResultActivity",
            "com.iqiyi.finance.loan.supermarket.activity.LoanMoreInfoSubmitActivity",
            "com.iqiyi.finance.loan.supermarket.activity.LoanOcrCheckActivity",
            "com.iqiyi.finance.loan.supermarket.activity.LoanOcrInfoCheckActivity",
            "com.iqiyi.finance.loan.supermarket.activity.LoanPreCheckFailActivity",
            "com.iqiyi.finance.loan.supermarket.activity.LoanProtocolListActivity",
            "com.iqiyi.finance.loan.supermarket.activity.LoanRepaymentCheckActivity",
            "com.iqiyi.finance.loan.supermarket.activity.LoanRepaymentCountActivity",
            "com.iqiyi.finance.loan.supermarket.activity.LoanRepaymentRecordPlanActivity",
            "com.iqiyi.finance.loan.supermarket.activity.LoanSupermarketDetailActivity",
            "com.iqiyi.finance.qyfbankopenaccount.activity.BankOpenAccountBankCardScanActivity",
            "com.iqiyi.finance.qyfbankopenaccount.activity.BankOpenAccountHomeActivity",
            "com.iqiyi.finance.qyfbankopenaccount.activity.BankOpenAccountOcrActivity",
            "com.iqiyi.finance.qyfbankopenaccount.activity.BankOpenAccountPayResultActivity",
            "com.iqiyi.finance.qyfbankopenaccount.activity.BankOpenAccountPrePayActivity",
            "com.iqiyi.finance.qyfbankopenaccount.activity.BankOpenAccountRealNameActivity",
            "com.iqiyi.finance.qyfbankopenaccount.activity.BankOpenAccountResultActivity",
            "com.iqiyi.finance.qyfbankopenaccount.activity.BankOpenAccountSmsActivity",
            "com.iqiyi.finance.qyfbankopenaccount.activity.BankOpenAccountSupportBankListActivity",
            "com.iqiyi.finance.rn.PayRnActivity",
            "com.iqiyi.finance.security.bankcard.activities.FBankCardPwdSmsActivity",
            "com.iqiyi.finance.security.bankcard.activities.WBankCardControllerActivity",
            "com.iqiyi.finance.security.bankcard.activities.WBankCardListActivity",
            "com.iqiyi.finance.security.bankcard.activities.WBankCardPayActivity",
            "com.iqiyi.finance.security.bankcard.activities.WPopBankCardListActivity",
            "com.iqiyi.finance.security.compliance.UserInfoDialogActivity",
            "com.iqiyi.finance.security.gesturelock.ui.activity.WSecurityGestureLockModifyActivity",
            "com.iqiyi.finance.security.gesturelock.ui.activity.WSecurityGestureLockSetActivity",
            "com.iqiyi.finance.security.gesturelock.ui.activity.WSecurityGestureLockVerifyActivity",
            "com.iqiyi.finance.security.pay.activities.WPayPwdControllerActivity",
            "com.iqiyi.finance.security.pay.activities.WSecuritySettingActivity",
            "com.iqiyi.finance.smallchange.oldsmallchange.activities.WBalanceActivity",
            "com.iqiyi.finance.smallchange.oldsmallchange.activities.WBalanceControllerActivity",
            "com.iqiyi.finance.smallchange.oldsmallchange.activities.WPopVerifyPwdActivity",
            "com.iqiyi.finance.smallchange.plus.activity.InterestHomeActivity",
            "com.iqiyi.finance.smallchange.plus.activity.PlusNewHomeActivity",
            "com.iqiyi.finance.smallchange.plus.activity.PlusOpenAccountResultActivity",
            "com.iqiyi.finance.smallchange.plus.activity.RechargeAndWithdrawActivity",
            "com.iqiyi.finance.smallchange.plusnew.activity.PlusAuthenticateActivity",
            "com.iqiyi.finance.smallchange.plusnew.activity.PlusCancelDialogActivity",
            "com.iqiyi.finance.smallchange.plusnew.activity.PlusChangeBankCardActivity",
            "com.iqiyi.finance.smallchange.plusnew.activity.PlusChangePhoneActivity",
            "com.iqiyi.finance.smallchange.plusnew.activity.PlusChildBankCardScanActivity",
            "com.iqiyi.finance.smallchange.plusnew.activity.PlusHomeActivity",
            "com.iqiyi.finance.smallchange.plusnew.activity.PlusHomeSwitchBankActivity",
            "com.iqiyi.finance.smallchange.plusnew.activity.PlusIntegralHomeActivity",
            "com.iqiyi.finance.smallchange.plusnew.activity.PlusOpenSuccessActivity",
            "com.iqiyi.finance.smallchange.plusnew.activity.PlusPonitsRedeemActivity",
            "com.iqiyi.finance.smallchange.plusnew.activity.PlusRechargeWithdrawActivity",
            "com.iqiyi.finance.smallchange.plusnew.activity.PlusSupportBankCardListActivity",
            "com.iqiyi.finance.smallchange.plusnew.activity.PlusUnfreezeActivity",
            "com.iqiyi.finance.smallchange.plusnew.activity.PlusUnfreezeResultActivity",
            "com.iqiyi.finance.smallchange.plusnew.purchase.PlusOneSubPurchaseActivity",
            "com.iqiyi.finance.smallchange.plusnew.purchase.PlusOneSubPurchaseHomeActivity",
            "com.iqiyi.finance.wallethome.activity.WalletHomeActivity",
            "com.iqiyi.finance.wallethome.coupons.CouponsRnActivity",
            "com.iqiyi.gallery.activity.CommentGalleryLiteActivity",
            "com.iqiyi.gallery.activity.GalleryLiteActivity",
            "com.iqiyi.im.home.activity.IMHomeActivity",
            "com.iqiyi.im.home.activity.NotificationChatActivity",
            "com.iqiyi.im.home.activity.PrivateLetterActivity",
            "com.iqiyi.im.ui.activity.DownLoadViewPagerActivity",
            "com.iqiyi.im.ui.activity.FakeReportActivity",
            "com.iqiyi.im.ui.activity.IMFeiGeChatActivity",
            "com.iqiyi.im.ui.activity.PPChatActivity",
            "com.iqiyi.im.ui.activity.SettingActivity",
            "com.iqiyi.im.ui.activity.SightPlayActivity",
            "com.iqiyi.imagefeed.ImagePublishActivity",
            "com.iqiyi.imagefeed.ImagePublishCommunitySpecification",
            "com.iqiyi.iqiyihao.reactnative.IQYHBaseReactActivity",
            "com.iqiyi.iqiyihao.reactnative.IQYHSingleTaskBaseReactActivity",
            "com.iqiyi.iqiyihao.reactnative.IQYHSingleTaskNewReactActivity",
            "com.iqiyi.iqiyihao.reactnative.IQYHSpecAnimBaseReactActivity",
            "com.iqiyi.iqiyihao.reactnative.SVSelectMusicActivity",
            "com.iqiyi.ircrn.reactnative.IRCBaseReactActivity",
            "com.iqiyi.ircrn.reactnative.IRCBaseTranslucentActivity",
            "com.iqiyi.ircrn.reactnative.IRCSingleTaskBaseReactActivity",
            "com.iqiyi.ircrn.reactnative.IRCSingleTaskNewReactActivity",
            "com.iqiyi.ircrn.reactnative.IRCSpecAnimBaseReactActivity",
            "com.iqiyi.minapp.common.share.ShareForBaiduActivity",
            "com.iqiyi.minapps.container.VirtualAppWebViewContainer",
            "com.iqiyi.minapps.kits.activity.MiniAppAboutActivity",
            "com.iqiyi.mp.ui.activity.MPFansFollowListActivity",
            "com.iqiyi.mp.ui.activity.MPGeneralCircleActivity",
            "com.iqiyi.mp.ui.activity.MPQRcodeActivity",
            "com.iqiyi.mp.ui.activity.MPSearchActivity",
            "com.iqiyi.mp.ui.activity.MPUserAvatarPreviewActivity",
            "com.iqiyi.mpcase.b.ui.tags.MPTagActivity",
            "com.iqiyi.mpv2.ui.activity.MPCollectionSecActivity",
            "com.iqiyi.paopao.middlecommon.components.photoselector.ui.activity.ImagePreviewActivity",
            "com.iqiyi.paopao.middlecommon.components.photoselector.ui.activity.ImageSelectActivity",
            "com.iqiyi.paopao.middlecommon.components.photoselector.ui.activity.TakePhotoActivity",
            "com.iqiyi.paopao.middlecommon.components.photoselector.ui.activity.TakePhotoEmptyActivity",
            "com.iqiyi.paopao.middlecommon.library.audiorecord.ui.AudioRecordActivity",
            "com.iqiyi.paopao.search.activity.PaopaoSearchActivityInNet",
            "com.iqiyi.paopao.verifycontrol.activity.SlideVerifyActivity",
            "com.iqiyi.paopaov2.middlecommon.components.photoselector.ui.activity.ImageCropActivity",
            "com.iqiyi.paopaov2.middlecommon.components.photoselector.ui.activity.ImagePreviewActivity",
            "com.iqiyi.paopaov2.middlecommon.components.photoselector.ui.activity.ImageSelectActivity",
            "com.iqiyi.paopaov2.middlecommon.components.photoselector.ui.activity.TakePhotoActivity",
            "com.iqiyi.paopaov2.middlecommon.components.photoselector.ui.activity.TakePhotoEmptyActivity",
            "com.iqiyi.pay.webview.ExternalSdkWebView",
            "com.iqiyi.pay.webview.FinanceWebView",
            "com.iqiyi.payment.activity.DecpAccountPopActivity",
            "com.iqiyi.payment.activity.H5PayActivity",
            "com.iqiyi.payment.google.GooglePayActivity",
            "com.iqiyi.pugc.CommentActivitty",
            "com.iqiyi.pugc.MPActivity",
            "com.iqiyi.pui.account.PsdkNewAccountActivity",
            "com.iqiyi.pui.login.third.QQAuthActivity",
            "com.iqiyi.pui.login.third.QQInfoActivity",
            "com.iqiyi.pui.login.third.WbAuthActivity",
            "com.iqiyi.pui.verify.PhoneUpSmsDirectActivity",
            "com.iqiyi.qigsaw.QigsawInstaller",
            "com.iqiyi.qysharenew.activiity.DetailShareDialogWrapper2",
            "com.iqiyi.qyverificationcenter.WebViewActivity",
            "com.iqiyi.reactnative.PGCBaseReactActivity",
            "com.iqiyi.reactnative.PGCBaseTranslucentActivity",
            "com.iqiyi.reactnative.PGCSingleTaskBaseReactActivity",
            "com.iqiyi.reactnative.PGCSingleTaskNewReactActivity",
            "com.iqiyi.reactnative.PGCSpecAnimBaseReactActivity",
            "com.iqiyi.reward.activity.RewardDialogWrapper",
            "com.iqiyi.sharefeed.ShareAndCommentPublisherActivity",
            "com.iqiyi.sharefeed.ShareDynamicDetailActivity",
            "com.iqiyi.sharefeed.ShareDynamicPublishActivity",
            "com.iqiyi.suike.circle.base.comment.ForumCommentDetailActivity",
            "com.iqiyi.suike.circle.base.publish.ChannelTagPublicActivity",
            "com.iqiyi.suike.circle.circlefriends.CircleFriendsActivity",
            "com.iqiyi.suike.circle.head.desc.CircleDescDetailActivity",
            "com.iqiyi.suike.circle.tabs.forum.pin.ForumTopHighlightActivity",
            "com.iqiyi.suike.circle.tabs.forum.ranking.ChannelRankingListActivity",
            "com.iqiyi.suike.circle.topic.TopicFeedListActivity",
            "com.iqiyi.suike.workaround.sub.NotFoundActivity",
            "com.iqiyi.swan.activity.AddressActivity",
            "com.iqiyi.swan.impl.barcode.ProxyScanActivity",
            "com.iqiyi.swan.impl.media.image.ui.ImgPreviewActivity",
            "com.iqiyi.swan.impl.payment.SwanPayActivity",
            "com.iqiyi.swan.impl.scheme.SchemeResultActivity",
            "com.iqiyi.ticket.cloud.ui.HalfOrderActivity",
            "com.iqiyi.ticket.cloud.ui.HalfOrderSuccessActivity",
            "com.iqiyi.ticket.cloud.ui.HandSchemaActivity",
            "com.iqiyi.ticket.cloud.ui.WalletActivity",
            "com.iqiyi.tileimage.DownLoadViewPagerActivity",
            "com.iqiyi.video.adview.activity.EasterEggGifActivity",
            "com.iqiyi.video.adview.activity.LandEasterEggGifActivity",
            "com.iqiyi.video.adview.activity.PluginEasterEggGifActivity",
            "com.iqiyi.video.qyplayersdk.debug.doctor.DebugDetailActivity",
            "com.iqiyi.video.qyplayersdk.debug.doctor.DebugInfoActivity",
            "com.iqiyi.videotag.activity.VideoTagActivity",
            "com.iqiyi.vipcashier.activity.PhonePayActivity",
            "com.iqiyi.vipcashier.activity.SinglePayActivity",
            "com.iqiyi.vipcashier.activity.VipCouponListActivity",
            "com.iqiyi.webcontainer.commonwebview.CommonOnLineServiceActivity",
            "com.iqiyi.webcontainer.commonwebview.CommonWebView",
            "com.iqiyi.webcontainer.commonwebview.QYIndependentWebContainer",
            "com.iqiyi.webcontainer.commonwebview.SeparateProcessWebView",
            "com.iqiyi.webcontainer.interactive.QYWebContainer",
            "com.iqiyi.webcontainer.view.WNotSupportMWJumpActivity",
            "com.iqiyi.webview.baseline.activity.BaseLineWebActivity",
            "com.iqiyi.youth.youthmodule.YouthModeIdentifyActivity",
            "com.iqiyi.youth.youthmodule.YouthModelKeepActivity",
            "com.iqiyi.youth.youthmodule.YouthModelMainActivity",
            "com.iqiyi.youth.youthmodule.YouthModelSetActivity",
            "com.iqiyi.zhuiba.ZhuibaSecondActivity",
            "com.isuike.player.halfply.SuikeShortVideoPlayerActivity",
            "com.isuike.videoplayer.video.presentation.customlayer.FullScreenAdDialogActivity",
            "com.mcto.sspsdk.feedback.FeedBackActivity",
            "com.mcto.sspsdk.ssp.activity.QyDetailPageActivityNew",
            "com.mcto.sspsdk.ssp.activity.QyTrueViewActivity",
            "com.qiyi.aivoice.VoiceReceiverActivity",
            "com.qiyi.card_tpl.DebugSettingActivity",
            "com.qiyi.feedback.album.AlbumActivity",
            "com.qiyi.feedback.view.PhoneFeedbackActivity",
            "com.qiyi.financesdk.forpay.bankcard.activity.FBankCardPwdSmsActivity",
            "com.qiyi.financesdk.forpay.bankcard.activity.WBankCardControllerActivity",
            "com.qiyi.financesdk.forpay.bankcard.activity.WBankCardPayActivity",
            "com.qiyi.financesdk.forpay.bankcard.activity.WPopBankCardListActivity",
            "com.qiyi.financesdk.forpay.compliance.activity.UserInfoDialogActivity",
            "com.qiyi.financesdk.forpay.pwd.activity.WPayPwdControllerActivity",
            "com.qiyi.financesdk.forpay.smallchange.activity.SmallChangePlusPayActivity",
            "com.qiyi.financesdk.forpay.webview.PayWebViewActivity",
            "com.qiyi.qyreact.sample.QYReactSampleActivity",
            "com.qiyi.scan.QYScanActivity",
            "com.qiyi.share.SharePanelActivity",
            "com.qiyi.share.model.ShareFBActivity",
            "com.qiyi.share.model.SharePosterActivity",
            "com.qiyi.share.model.SinaEntryActivity",
            "com.qiyi.shortvideo.explore.UgcApiActivity",
            "com.qiyi.shortvideo.module.entrance.MusesLoadingActivity",
            "com.qiyi.shortvideo.module.entrance.UgcEntranceActivity",
            "com.qiyi.shortvideo.module.funnystuff.changeface.ChangeFacePrepareActivity",
            "com.qiyi.shortvideo.module.funnystuff.dubbing.DubbingPrepareActivity",
            "com.qiyi.shortvideo.module.hashtag.HashtagListActivity",
            "com.qiyi.shortvideo.module.permission.PermissionActivity",
            "com.qiyi.shortvideo.module.savetolocal.SaveToLocalActivity",
            "com.qiyi.shortvideo.module.share.GroupDebutShareActivity",
            "com.qiyi.shortvideo.videocap.capture.ShortVideoCapActivity",
            "com.qiyi.shortvideo.videocap.collection.CollectionSearchActivity",
            "com.qiyi.shortvideo.videocap.common.cover.ComCoverSelectActivity",
            "com.qiyi.shortvideo.videocap.common.draft.CommonDraftBoxActivity",
            "com.qiyi.shortvideo.videocap.common.editor.CommonEditActivity",
            "com.qiyi.shortvideo.videocap.common.editor.GifEditActivity",
            "com.qiyi.shortvideo.videocap.common.publish.views.CommonVideoPublishActivity",
            "com.qiyi.shortvideo.videocap.common.publish.views.VideoPreviewActivity",
            "com.qiyi.shortvideo.videocap.common.publish.views.VideoPreviewOnlineActivity",
            "com.qiyi.shortvideo.videocap.dubbing.DubbingEditSubtitleActivity",
            "com.qiyi.shortvideo.videocap.dubbing.DubbingRecordActivity",
            "com.qiyi.shortvideo.videocap.dubbing.DubbingVolumeAdjustActivity",
            "com.qiyi.shortvideo.videocap.editvideo.VideoEditActivity",
            "com.qiyi.shortvideo.videocap.editvideo.oldcode.ShortSpecialEffectsEditActivity",
            "com.qiyi.shortvideo.videocap.editvideo.oldcode.StickerTimeSettingActivity",
            "com.qiyi.shortvideo.videocap.facedetect.FaceDetectActivity",
            "com.qiyi.shortvideo.videocap.facedetect.FacePreviewActivity",
            "com.qiyi.shortvideo.videocap.preview.PhotoPreviewActivity",
            "com.qiyi.shortvideo.videocap.preview.SVCutMultiActivity",
            "com.qiyi.shortvideo.videocap.preview.SVCutSingleActivity",
            "com.qiyi.shortvideo.videocap.preview.ShortSpecialEffectsEditActivity",
            "com.qiyi.shortvideo.videocap.preview.ShortVideoPreviewActivity",
            "com.qiyi.shortvideo.videocap.preview.StickerTimeSettingActivity",
            "com.qiyi.shortvideo.videocap.preview.SvVideoPicFrameActivity",
            "com.qiyi.shortvideo.videocap.preview.VideoCutActivity",
            "com.qiyi.shortvideo.videocap.selectvideo.PagingVideoPlayerActivity",
            "com.qiyi.shortvideo.videocap.selectvideo.SVVideoPlayerActivity",
            "com.qiyi.shortvideo.videocap.selectvideo.SingleVideoPlayerActivity",
            "com.qiyi.shortvideo.videocap.selectvideo.VideoSelectActivity",
            "com.qiyi.shortvideo.videocap.template.TemplateAIEditActivity",
            "com.qiyi.shortvideo.videocap.template.TemplateEditActivity",
            "com.qiyi.video.pad.WXEntryActivity",
            "com.qiyi.video.pad.wxapi.WXPayEntryActivity",
            "com.qiyi.video.qigsaw.aiapps.AiAppsInstaller",
            "com.qiyi.video.qigsaw.aiapps.SwanEntranceActivity",
            "com.qiyi.video.qigsaw.cube.GameCubeInstaller",
            "com.qiyi.video.reactext.container.ReactBusinessActivity",
            "com.qiyi.video.reactext.container.ReactMainActivity",
            "com.qiyi.video.reactext.container.ReactModalActivity",
            "com.qiyi.video.reactext.container.ReactSwanActivity",
            "com.qiyi.video.wxapi.WXPayEntryActivity",
            "com.sina.weibo.sdk.component.WeiboSdkBrowser",
            "com.ss.android.downloadlib.activity.JumpKllkActivity",
            "com.ss.android.downloadlib.activity.TTDelegateActivity",
            "com.ss.android.downloadlib.addownload.compliance.AppDetailInfoActivity",
            "com.ss.android.downloadlib.addownload.compliance.AppPrivacyPolicyActivity",
            "com.ss.android.socialbase.appdownloader.view.DownloadTaskDeleteActivity",
            "com.ss.android.socialbase.appdownloader.view.JumpUnknownSourceActivity",
            "com.suike.basemodelsearch.newsearch.view.activity.NadouCardSearchPageActivity",
            "com.suike.basemodelsearch.newsearch.view.activity.NewSearchActivity",
            "com.suike.basemodelsearch.newsearch.view.activity.SearchHotBillboardDetailActivity",
            "com.suike.basemodelsearch.oldsearch.view.SearchByLinesResultActivity",
            "com.suike.basemodelsearch.oldsearch.view.SearchResultHotDetailActivity",
            "com.suike.basemodelsearch.view.SearchByLinesActivity",
            "com.suike.basemodelsearch.view.StormyDetailActivity",
            "com.suike.fans.FansRankActivity",
            "com.suike.fans.ui.middle.FansRankMiddleDialogActivity",
            "com.suike.player.crhplayer.train.TrainPlayerActivity",
            "com.suike.player.immerse.ImmersePlayerActivity",
            "com.suike.search.newsearch.view.activity.NadouCardSearchPageActivity",
            "com.suike.search.newsearch.view.activity.NewSearchActivity",
            "com.suike.search.newsearch.view.activity.SearchHotBillboardDetailActivity",
            "com.suike.search.oldsearch.view.SearchByLinesResultActivity",
            "com.suike.search.oldsearch.view.SearchResultHotDetailActivity",
            "com.suike.search.view.SearchByLinesActivity",
            "com.suike.search.view.StormyDetailActivity",
            "com.tencent.connect.common.AssistActivity",
            "com.tencent.tauth.AuthActivity",
            "com.tencent.tinker.loader.hotplug.ActivityStubs$SGTKStub_00",
            "com.tencent.tinker.loader.hotplug.ActivityStubs$SGTKStub_00_T",
            "com.tencent.tinker.loader.hotplug.ActivityStubs$SGTKStub_01",
            "com.tencent.tinker.loader.hotplug.ActivityStubs$SGTKStub_01_T",
            "com.tencent.tinker.loader.hotplug.ActivityStubs$SGTKStub_02",
            "com.tencent.tinker.loader.hotplug.ActivityStubs$SGTKStub_02_T",
            "com.tencent.tinker.loader.hotplug.ActivityStubs$SGTKStub_03",
            "com.tencent.tinker.loader.hotplug.ActivityStubs$SGTKStub_04",
            "com.tencent.tinker.loader.hotplug.ActivityStubs$SGTKStub_05",
            "com.tencent.tinker.loader.hotplug.ActivityStubs$SGTKStub_06",
            "com.tencent.tinker.loader.hotplug.ActivityStubs$SGTKStub_07",
            "com.tencent.tinker.loader.hotplug.ActivityStubs$SGTKStub_08",
            "com.tencent.tinker.loader.hotplug.ActivityStubs$SGTKStub_09",
            "com.tencent.tinker.loader.hotplug.ActivityStubs$SGTStub_00",
            "com.tencent.tinker.loader.hotplug.ActivityStubs$SGTStub_00_T",
            "com.tencent.tinker.loader.hotplug.ActivityStubs$SGTStub_01",
            "com.tencent.tinker.loader.hotplug.ActivityStubs$SGTStub_01_T",
            "com.tencent.tinker.loader.hotplug.ActivityStubs$SGTStub_02",
            "com.tencent.tinker.loader.hotplug.ActivityStubs$SGTStub_02_T",
            "com.tencent.tinker.loader.hotplug.ActivityStubs$SGTStub_03",
            "com.tencent.tinker.loader.hotplug.ActivityStubs$SGTStub_04",
            "com.tencent.tinker.loader.hotplug.ActivityStubs$SGTStub_05",
            "com.tencent.tinker.loader.hotplug.ActivityStubs$SGTStub_06",
            "com.tencent.tinker.loader.hotplug.ActivityStubs$SGTStub_07",
            "com.tencent.tinker.loader.hotplug.ActivityStubs$SGTStub_08",
            "com.tencent.tinker.loader.hotplug.ActivityStubs$SGTStub_09",
            "com.tencent.tinker.loader.hotplug.ActivityStubs$SIStub_00",
            "com.tencent.tinker.loader.hotplug.ActivityStubs$SIStub_00_T",
            "com.tencent.tinker.loader.hotplug.ActivityStubs$SIStub_01",
            "com.tencent.tinker.loader.hotplug.ActivityStubs$SIStub_01_T",
            "com.tencent.tinker.loader.hotplug.ActivityStubs$SIStub_02",
            "com.tencent.tinker.loader.hotplug.ActivityStubs$SIStub_02_T",
            "com.tencent.tinker.loader.hotplug.ActivityStubs$SIStub_03",
            "com.tencent.tinker.loader.hotplug.ActivityStubs$SIStub_04",
            "com.tencent.tinker.loader.hotplug.ActivityStubs$SIStub_05",
            "com.tencent.tinker.loader.hotplug.ActivityStubs$SIStub_06",
            "com.tencent.tinker.loader.hotplug.ActivityStubs$SIStub_07",
            "com.tencent.tinker.loader.hotplug.ActivityStubs$SIStub_08",
            "com.tencent.tinker.loader.hotplug.ActivityStubs$SIStub_09",
            "com.tencent.tinker.loader.hotplug.ActivityStubs$STDStub_00",
            "com.tencent.tinker.loader.hotplug.ActivityStubs$STDStub_00_T",
            "com.tencent.tinker.loader.hotplug.ActivityStubs$STDStub_01",
            "com.tencent.tinker.loader.hotplug.ActivityStubs$STDStub_01_T",
            "com.tencent.tinker.loader.hotplug.ActivityStubs$STDStub_02",
            "com.tencent.tinker.loader.hotplug.ActivityStubs$STDStub_02_T",
            "com.tencent.tinker.loader.hotplug.ActivityStubs$STDStub_03",
            "com.tencent.tinker.loader.hotplug.ActivityStubs$STDStub_04",
            "com.tencent.tinker.loader.hotplug.ActivityStubs$STDStub_05",
            "com.tencent.tinker.loader.hotplug.ActivityStubs$STDStub_06",
            "com.tencent.tinker.loader.hotplug.ActivityStubs$STDStub_07",
            "com.tencent.tinker.loader.hotplug.ActivityStubs$STDStub_08",
            "com.tencent.tinker.loader.hotplug.ActivityStubs$STDStub_09",
            "com.vivo.push.sdk.LinkProxyClientActivity",
            "com.xiaomi.account.openauth.AuthorizeActivity",
            "com.xiaomi.mipush.sdk.NotificationClickedActivity",
            "com.xq.schemeh.SActivity1",
            "com.xq.schemeh.SActivity2QM",
            "com.xq.schemeh.SActivity3Video",
            "com.xq.schemeh.SActivity4Reader",
            "com.xq.schemeh.SActivity5WK",
            "com.xq.schemeh.SActivity9",
            "com.xq.schemeh.TTActivity",
            "isuike.video.drainage.ui.VideoPagerPlayerActivity",
            "org.iqiyi.video.download.OutterDownloadActivity",
            "org.isuike.video.activity.PlayerActivity",
            "org.isuike.video.activity.VideoDetailActivity",
            "org.isuike.video.ad.touch.TouchInteractAdActivity",
            "org.isuike.video.episodeui.OutterEpisodeActivity",
            "org.isuike.video.outsite.CustomWebViewActivity",
            "org.isuike.video.outsite.OutSiteActivity",
            "org.isuike.video.privacy.PrivacyPlayerActivity",
            "org.qiyi.android.commonphonepad.debug.DebugPushMessageActivity",
            "org.qiyi.android.commonphonepad.pushmessage.RegisteredRouterActivity",
            "org.qiyi.android.commonphonepad.pushmessage.huawei.HWPushTransferActivity",
            "org.qiyi.android.commonphonepad.pushmessage.oppo.OppoPushTransferActivity",
            "org.qiyi.android.commonphonepad.pushmessage.qiyi.QYPushTransferActivity",
            "org.qiyi.android.commonphonepad.pushmessage.vivo.VivoPushTransferActivity",
            "org.qiyi.android.locale.AreaModeChangeDialogActivity",
            "org.qiyi.android.network.performance.record.GatewayDebugSettingActivity",
            "org.qiyi.android.plugin.activity.PluginInstallDialogActivity",
            "org.qiyi.android.plugin.activity.PluginTransferActivity",
            "org.qiyi.android.plugin.activity.PluginTransferActivityForShortCut",
            "org.qiyi.android.plugin.activity.PluginTransferActivityNew",
            "org.qiyi.android.plugin.activity.RouteEmptyActivity",
            "org.qiyi.android.plugin.appstore.GameInstallPopWindow",
            "org.qiyi.android.plugin.feedback.ui.PluginFeedbackActivity",
            "org.qiyi.android.plugin.plugins.share.CustomAuthActivity",
            "org.qiyi.android.plugin.ui.views.activity.PluginActivity",
            "org.qiyi.android.plugin.ui.views.activity.PluginBaseActivity",
            "org.qiyi.android.qywallet.MyWalletActivity",
            "org.qiyi.android.service.RelaunchActivity",
            "org.qiyi.android.video.CrashTransferActivity",
            "org.qiyi.android.video.FollowUserActivity",
            "org.qiyi.android.video.MainActivity",
            "org.qiyi.android.video.SearchOutsideActivity",
            "org.qiyi.android.video.activitys.AdActivity",
            "org.qiyi.android.video.activitys.CategoryDetailActivity",
            "org.qiyi.android.video.activitys.CropImageViewActivity",
            "org.qiyi.android.video.activitys.DiscoverServiceManagerActivity",
            "org.qiyi.android.video.activitys.FrameJumpActivity",
            "org.qiyi.android.video.activitys.HotSegmentActivity",
            "org.qiyi.android.video.activitys.IResearchTestActivity",
            "org.qiyi.android.video.activitys.IResearchTestListActivity",
            "org.qiyi.android.video.activitys.LikeResourceDownloadStatusActivity",
            "org.qiyi.android.video.activitys.MyCouponsPageActivity",
            "org.qiyi.android.video.activitys.MyWalletAddCouponActivity",
            "org.qiyi.android.video.activitys.NetErrorTipsActivity",
            "org.qiyi.android.video.activitys.NotSupportMWJumpActivity",
            "org.qiyi.android.video.activitys.PhoneGetTennisVIPActivity",
            "org.qiyi.android.video.activitys.PhoneMyOrderActivity",
            "org.qiyi.android.video.activitys.PhoneMySkinActivity",
            "org.qiyi.android.video.activitys.PhoneMySkinPreviewActivity",
            "org.qiyi.android.video.activitys.PhoneVipActivity",
            "org.qiyi.android.video.activitys.PhoneVipSuperTheatreActivity",
            "org.qiyi.android.video.activitys.ProgramActivity",
            "org.qiyi.android.video.activitys.RegistryTestActivity",
            "org.qiyi.android.video.activitys.SearchLogActivity",
            "org.qiyi.android.video.activitys.SecondPageActivity",
            "org.qiyi.android.video.activitys.StarInfoActivity",
            "org.qiyi.android.video.activitys.TopicActivity",
            "org.qiyi.android.video.activitys.VipHomeActivity",
            "org.qiyi.android.video.basefunctionmode.activity.BasicFunctionModeMainActivity",
            "org.qiyi.android.video.ppq.activitys.DarkIconInstallActivity",
            "org.qiyi.android.video.ugc.activitys.ReportCommentActivity",
            "org.qiyi.android.video.ugc.activitys.UgcVSpaceActivity",
            "org.qiyi.android.video.ui.account.PassportTestActivity",
            "org.qiyi.android.video.ui.account.PhoneAccountActivity",
            "org.qiyi.android.video.ui.account.areacode.AreaCodeListActivity",
            "org.qiyi.android.video.ui.account.dialog.GuideReLoginActivity",
            "org.qiyi.android.video.ui.account.dialog.MsgDialogActivity",
            "org.qiyi.android.video.ui.account.dialog.VerificationPhoneActivity",
            "org.qiyi.android.video.ui.account.editinfo.MultiEditInfoActivity",
            "org.qiyi.android.video.ui.account.inspection.PWebViewActivity",
            "org.qiyi.android.video.ui.account.interflow.AuthorizationActivity",
            "org.qiyi.android.video.ui.account.interflow.InterflowActivity",
            "org.qiyi.android.video.ui.account.interflow.InterflowTransferActivity",
            "org.qiyi.android.video.ui.account.lite.LiteAccountActivity",
            "org.qiyi.android.video.ui.account.login.finger.PassportFingerLoginActivity",
            "org.qiyi.android.video.ui.phone.download.PhoneDownloadAdAppActivity",
            "org.qiyi.android.video.ui.phone.download.PhoneDownloadCenterActivity",
            "org.qiyi.android.video.ui.phone.download.PhoneDownloadEpisodeActivity",
            "org.qiyi.android.video.ui.phone.download.PhoneDownloadVideoActivity",
            "org.qiyi.android.video.ui.phone.download.a.DownloadDebugActivity",
            "org.qiyi.android.video.ui.phone.download.commonview.DownloadDialogActivity",
            "org.qiyi.android.video.ui.phone.download.offlinevideo.view.LocalVideoActivity",
            "org.qiyi.basecard.debug.CardDebugConfigActivity",
            "org.qiyi.card.v3.block.TplPageTestActivity",
            "org.qiyi.cast.ui.view.DlanModuleDebugActivity",
            "org.qiyi.cast.ui.view.DlanModuleRegisterActivity",
            "org.qiyi.pluginlibrary.component.InstrActivityProxy0",
            "org.qiyi.pluginlibrary.component.InstrActivityProxy1",
            "org.qiyi.pluginlibrary.component.InstrActivityProxy2",
            "org.qiyi.pluginlibrary.component.InstrActivityProxyHandleConfigChange0",
            "org.qiyi.pluginlibrary.component.InstrActivityProxyHandleConfigChange1",
            "org.qiyi.pluginlibrary.component.InstrActivityProxyHandleConfigChange2",
            "org.qiyi.pluginlibrary.component.InstrActivityProxyLandscape0",
            "org.qiyi.pluginlibrary.component.InstrActivityProxyLandscape1",
            "org.qiyi.pluginlibrary.component.InstrActivityProxyLandscape2",
            "org.qiyi.pluginlibrary.component.InstrActivityProxyPip0",
            "org.qiyi.pluginlibrary.component.InstrActivityProxyPip1",
            "org.qiyi.pluginlibrary.component.InstrActivityProxyPip2",
            "org.qiyi.pluginlibrary.component.InstrActivityProxySingleTask0",
            "org.qiyi.pluginlibrary.component.InstrActivityProxySingleTask1",
            "org.qiyi.pluginlibrary.component.InstrActivityProxySingleTask2",
            "org.qiyi.pluginlibrary.component.InstrActivityProxyTranslucent0",
            "org.qiyi.pluginlibrary.component.InstrActivityProxyTranslucent1",
            "org.qiyi.pluginlibrary.component.InstrActivityProxyTranslucent2",
            "org.qiyi.pluginlibrary.component.TransRecoveryActivity0",
            "org.qiyi.pluginlibrary.component.TransRecoveryActivity1",
            "org.qiyi.pluginlibrary.component.TransRecoveryActivity2",
            "org.qiyi.video.PhoneCloudRecordActivity",
            "org.qiyi.video.about.view.LicenceActivity",
            "org.qiyi.video.about.view.PhoneAboutUsActivity",
            "org.qiyi.video.about.view.ReportCenterActivity",
            "org.qiyi.video.calender.NewFilmCalendarActivity",
            "org.qiyi.video.like.ReserveFilmActivity",
            "org.qiyi.video.mymain.setting.DebugRouterActivity",
            "org.qiyi.video.mymain.setting.MyFollowUIActivity",
            "org.qiyi.video.mymain.setting.PhoneSettingNewActivity",
            "org.qiyi.video.mymain.setting.home.PermissionRequestTipsActivity",
            "org.qiyi.video.mymain.setting.home.PhoneSettingXActivity",
            "org.qiyi.video.mymain.setting.home.RedPacketSettingActivity",
            "org.qiyi.video.mymain.setting.switchHomeModel.PhoneHomeModelSettingActivity",
            "org.qiyi.video.mymain.setting.switchnewmode.MyMainSuikeNewActivity",
            "org.qiyi.video.myvip.view.BannedUserActivity",
            "org.qiyi.video.myvip.view.PhoneMyVIPActivity",
            "org.qiyi.video.nativelib.debug.LibraryDebugActivity",
            "org.qiyi.video.page.localsite.view.LocalSiteActivity",
            "org.qiyi.video.page.videoinfo.view.VideoInfoActivity",
            "org.qiyi.video.playrecord.ad.ADActivity",
            "org.qiyi.video.playrecord.ad.ADIndependentActivity",
            "org.qiyi.video.privacy.PhonePrivacyActivity",
            "org.qiyi.video.react.QYH5VivoActivity",
            "org.qiyi.video.router.view.CenterRouterActivity",
            "org.qiyi.video.router.view.TransitionActivity",
            "org.qiyi.video.square.SquareHotDetailActivity",
            "org.qiyi.video.upload.CloudVideoActivity",
            "org.qiyi.video.view.PhoneCollectActivity",
            "tv.pps.mobile.WelcomeActivity",
            "tv.pps.mobile.activity.MyVipActivity",
            "tv.pps.mobile.activity.RankingActivity",
            "tv.pps.mobile.activity.WatchingMoreActivity",
            "tv.pps.mobile.activity.hot.HotTopicActivity",
            "tv.pps.mobile.activity.hot.TabHotRankListActivity",
            "tv.pps.mobile.apshare.ShareEntryActivity",
            "tv.pps.mobile.channeltag.hometab.activity.ChannelSearchActivity",
            "tv.pps.mobile.channeltag.hometab.activity.ChannelTagActivity",
            "tv.pps.mobile.msgcenter.ui.MsgCenterActivity",
            "tv.pps.mobile.msgcenter.ui.MsgCenterFollowDynamicActivity",
            "tv.pps.mobile.msgcenter.ui.MsgChatActivity",
            "tv.pps.mobile.msgcenter.ui.MsgListContainerActivity",
            "tv.pps.mobile.msgcenter.ui.activities.GroupChatCreateActivity",
            "tv.pps.mobile.msgcenter.ui.activities.GroupChatInfoActivity",
            "tv.pps.mobile.msgcenter.ui.activities.GroupChatInfoEditActivity",
            "tv.pps.mobile.msgcenter.ui.activities.GroupChatInviteActivity",
            "tv.pps.mobile.msgcenter.ui.activities.GroupChatJoinDetailActivity",
            "tv.pps.mobile.msgcenter.ui.activities.GroupChatLeaveActivity",
            "tv.pps.mobile.msgcenter.ui.activities.GroupChatListActivity",
            "tv.pps.mobile.msgcenter.ui.activities.GroupChatMembersActivity",
            "tv.pps.mobile.msgcenter.ui.activities.GroupChatShareActivity",
            "tv.pps.mobile.pages.category.edit.CategoryEditActivity",
            "tv.pps.mobile.pages.musicalbum.MusicAlbumActWrapper",
            "tv.pps.mobile.pages.musicalbum.MusicAlbumDetailPage",
            "tv.pps.mobile.qysplashscreen.HotSplashScreenActivity",
            "tv.pps.mobile.safemode.SafeModeActivity",
            "tv.pps.mobile.wxapi.WXAppletsTransforActivity",
            "tv.pps.mobile.wxapi.WXEntryActivity",
            "tv.pps.mobile.wxapi.WXPayEntryActivity"
        ],
        "services": [
            "androidx.room.MultiInstanceInvalidationService",
            "androidx.work.impl.background.systemalarm.SystemAlarmService",
            "androidx.work.impl.background.systemjob.SystemJobService",
            "androidx.work.impl.foreground.SystemForegroundService",
            "com.baidu.crashpad.DumperService",
            "com.baidu.location.f",
            "com.baidu.sapi2.share.ShareService",
            "com.baidu.searchbox.player.remote.BDRemotePlayerService",
            "com.baidu.sofire.MyService",
            "com.baidu.swan.apps.media.audio.service.SwanAppAudioService",
            "com.baidu.swan.apps.process.messaging.client.SwanAppLocalService",
            "com.baidu.swan.apps.process.messaging.client.SwanAppLocalService1",
            "com.baidu.swan.apps.process.messaging.client.SwanAppLocalService2",
            "com.baidu.swan.apps.process.messaging.client.SwanAppLocalService3",
            "com.baidu.swan.apps.process.messaging.client.SwanAppLocalService4",
            "com.baidu.swan.apps.process.messaging.client.SwanAppLocalService5",
            "com.baidu.swan.apps.process.messaging.service.SwanAppMessengerService",
            "com.baidu.swan.game.ad.downloader.core.AdDownloadService",
            "com.baidu.webkit.sdk.DumperService",
            "com.baidu.webkit.sdk.WebViewRendererService0",
            "com.baidu.webkit.sdk.WebViewRendererService1",
            "com.baidu.webkit.sdk.WebViewRendererService2",
            "com.heytap.msp.push.service.CompatibleDataMessageCallbackService",
            "com.heytap.msp.push.service.DataMessageCallbackService",
            "com.huawei.agconnect.core.ServiceDiscovery",
            "com.huawei.hms.support.api.push.service.HmsMsgService",
            "com.huawei.updatesdk.service.deamon.download.DownloadService",
            "com.iqiyi.android.qigsaw.core.splitinstall.SplitCleanService",
            "com.iqiyi.android.qigsaw.core.splitinstall.remote.SplitInstallService",
            "com.iqiyi.android.qigsaw.core.splitrequest.splitinfo.SplitUpdateService",
            "com.iqiyi.daemonservice.DaemonService",
            "com.iqiyi.hcim.service.IMService",
            "com.iqiyi.hotfix.tinker.TinkerResultServiceEx",
            "com.iqiyi.im.core.service.PPMessageService",
            "com.iqiyi.minapps.cache.cache.MiniPackageCacheService",
            "com.iqiyi.paopao.tool.crash.CrashHandlerService",
            "com.iqiyi.passportsdk.interflow.core.InterflowService",
            "com.iqiyi.passportsdk.internal.ipc.UserTrackerService",
            "com.iqiyi.pingbackapi.pingback.PingbackManagerService",
            "com.iqiyi.pugc.MusePluginIntentService",
            "com.iqiyi.qiyipingback.mock.MockService",
            "com.iqiyi.swan.base.pingback.AiAppsBaselineProcessService",
            "com.iqiyi.video.download.DownloadJobService",
            "com.iqiyi.video.download.QiyiDownloadCenterService",
            "com.iqiyi.video.download.filedownload.QiyiDownloadCoreService",
            "com.iqiyi.video.download.notification.NotificationService",
            "com.iqiyi.youth.youthmodule.CheckYouthModelTimeService",
            "com.mcto.sspsdk.remote.SimulatorDetectService",
            "com.q.m.QS",
            "com.qiyi.qyapm.agent.android.monitor.oomtracker.AnalysisService",
            "com.qiyi.video.aiapps.AiAppsBaselineProcessService",
            "com.ss.android.socialbase.appdownloader.DownloadHandlerService",
            "com.ss.android.socialbase.appdownloader.RetryJobSchedulerService",
            "com.ss.android.socialbase.downloader.downloader.DownloadService",
            "com.ss.android.socialbase.downloader.downloader.IndependentProcessDownloadService",
            "com.ss.android.socialbase.downloader.downloader.SqlDownloadCacheService",
            "com.ss.android.socialbase.downloader.impls.DownloadHandleService",
            "com.ss.android.socialbase.downloader.notification.DownloadNotificationService",
            "com.tencent.tinker.lib.service.DefaultTinkerResultService",
            "com.tencent.tinker.lib.service.TinkerPatchForeService",
            "com.tencent.tinker.lib.service.TinkerPatchService",
            "com.tencent.tinker.lib.service.TinkerPatchService$InnerService",
            "com.vivo.push.sdk.service.CommandClientService",
            "com.xiaomi.mipush.sdk.MessageHandleService",
            "com.xiaomi.mipush.sdk.PushMessageHandler",
            "com.xiaomi.push.service.XMJobService",
            "com.xiaomi.push.service.XMPushService",
            "org.qiyi.android.commonphonepad.pushmessage.PushMessageService",
            "org.qiyi.android.commonphonepad.pushmessage.fcm.FcmPushMessageService",
            "org.qiyi.android.commonphonepad.pushmessage.fcm.FcmTokenRefreshService",
            "org.qiyi.android.commonphonepad.pushmessage.floating.FloatPushService",
            "org.qiyi.android.commonphonepad.pushmessage.huawei.HWPushMessageService",
            "org.qiyi.android.plugin.ipc.IPCService0",
            "org.qiyi.android.plugin.ipc.IPCService1",
            "org.qiyi.android.plugin.ipc.IPCService2",
            "org.qiyi.android.plugin.ipc.IPCService3",
            "org.qiyi.android.plugin.ipc.PluginBootHelpService",
            "org.qiyi.android.plugin.ipc.PluginIPCConnectionRestorationService",
            "org.qiyi.android.service.ReLaunchService",
            "org.qiyi.android.video.download.FileDownloadNotificationService",
            "org.qiyi.pluginlibrary.component.ServiceProxy0",
            "org.qiyi.pluginlibrary.component.ServiceProxy1",
            "org.qiyi.pluginlibrary.component.ServiceProxy2",
            "org.qiyi.pluginlibrary.component.ServiceProxy3",
            "org.qiyi.pluginlibrary.install.PluginInstallerService",
            "org.qiyi.pluginlibrary.pm.PluginPackageManagerService",
            "org.qiyi.video.module.icommunication.ipc.HostService",
            "org.qiyi.video.nativelib.pm.LibraryManagerService",
            "org.qiyi.video.util.oaid.OaidService",
            "tv.pps.mobile.autoactive.AccountSyncAuthenticationService",
            "tv.pps.mobile.autoactive.AccountSyncService",
            "tv.pps.mobile.hotfix.QYPatchResultService",
            "tv.pps.mobile.msgcenter.im.ClientService",
            "xleak.lib.analysis.AnalysisService"
        ],
        "receivers": [
            "androidx.work.impl.background.systemalarm.ConstraintProxy$BatteryChargingProxy",
            "androidx.work.impl.background.systemalarm.ConstraintProxy$BatteryNotLowProxy",
            "androidx.work.impl.background.systemalarm.ConstraintProxy$NetworkStateProxy",
            "androidx.work.impl.background.systemalarm.ConstraintProxy$StorageNotLowProxy",
            "androidx.work.impl.background.systemalarm.ConstraintProxyUpdateReceiver",
            "androidx.work.impl.background.systemalarm.RescheduleReceiver",
            "androidx.work.impl.diagnostics.DiagnosticsReceiver",
            "androidx.work.impl.utils.ForceStopRunnable$BroadcastReceiver",
            "com.baidu.swan.uuid.sync.SyncProvider",
            "com.huawei.hms.support.api.push.PushMsgReceiver",
            "com.huawei.hms.support.api.push.PushReceiver",
            "com.iqiyi.daemonservice.DaemonReceiver",
            "com.iqiyi.hcim.service.BroadcastCenter",
            "com.iqiyi.impush.receiver.ImPushServiceReceiver",
            "com.iqiyi.impushservice.receiver.ImPushServiceReceiver",
            "com.iqiyi.offlinepush.KOfflinePushReceiver",
            "com.iqiyi.pushservice.PushServiceReceiver",
            "com.ss.android.downloadlib.core.download.DownloadReceiver",
            "com.xiaomi.push.service.receivers.NetworkStatusReceiver",
            "com.xiaomi.push.service.receivers.PingReceiver",
            "org.iqiyi.video.compat.qixiu.PlayerCoreUpdateReceiver",
            "org.qiyi.android.commonphonepad.CommonBroadcastReceiver",
            "org.qiyi.android.commonphonepad.pushmessage.QYPushMsgBootReceiver",
            "org.qiyi.android.commonphonepad.pushmessage.baidu.PushMsgBroadCastReceiver",
            "org.qiyi.android.commonphonepad.pushmessage.qiyi.QYPushMessageReceiver",
            "org.qiyi.android.commonphonepad.pushmessage.qiyi.QYPushMsgBroadCastReceiver",
            "org.qiyi.android.commonphonepad.pushmessage.vivo.PushMessageReceiverImpl",
            "org.qiyi.android.commonphonepad.pushmessage.xiaomi.XiaoMiPushMessageReceive",
            "org.qiyi.android.commonphonepad.receiver.AddPackageBroadcast",
            "org.qiyi.android.commonphonepad.receiver.DownloadCompleteBroadcast",
            "org.qiyi.android.commonphonepad.receiver.StartPlayActivityReceiver",
            "org.qiyi.android.commonphonepad.receiver.StartPlayerFromThirdEntranceReceiver",
            "org.qiyi.android.commonphonepad.receiver.StartPlayerFromWeixinReceiver",
            "org.qiyi.android.commonphonepad.receiver.StartWelcomeActivityReceiver",
            "org.qiyi.android.corejar.pingback.PingbackReceiver",
            "org.qiyi.android.plugin.service.PluginRetryReceiver",
            "org.qiyi.android.video.ui.phone.traffic.receiver.TrafficReceiver",
            "org.qiyi.video.CloudRecordReceiver",
            "org.qiyi.video.CollectionReceiver",
            "org.qiyi.video.module.v2.receiver.DispatcherReceiver",
            "org.qiyi.video.module.v2.receiver.DispatcherReceiverStub1",
            "org.qiyi.video.module.v2.receiver.DispatcherReceiverStub2"
        ]
    },
    "stats": {
        "dex_count": 9,
        "native_lib_count": 52
    },
    "jadx": {
        "status": "ok",
        "duration_sec": 123.03,
        "sources_present": true,
        "java_file_count": 35916
    },
    "ast_analysis": {
        "location": 11,
        "microphone": 2,
        "camera": 97,
        "media_projection": 1,
        "dynamic_load": 0,
        "jni": 47
    },
    "analysis_state": "complete"
}