{
    "apk_name": "E0A424B5D995F9542429B83936EE54F475E8E59C831099790DE489215A22AE2D",
    "sha256": "e0a424b5d995f9542429b83936ee54f475e8e59c831099790de489215a22ae2d",
    "metadata": {
        "package_name": "com.qq.reader",
        "version_code": "267",
        "version_name": "7.8.3.888",
        "min_sdk": "19",
        "target_sdk": "26",
        "permissions": [
            "android.permission.ACCESS_NETWORK_STATE",
            "android.permission.ACCESS_WIFI_STATE",
            "android.permission.BLUETOOTH",
            "android.permission.BLUETOOTH_ADMIN",
            "android.permission.BROADCAST_STICKY",
            "android.permission.CAMERA",
            "android.permission.CHANGE_CONFIGURATION",
            "android.permission.CHANGE_NETWORK_STATE",
            "android.permission.CHANGE_WIFI_STATE",
            "android.permission.DOWNLOAD_WITHOUT_NOTIFICATION",
            "android.permission.GET_TASKS",
            "android.permission.INSTALL_PACKAGES",
            "android.permission.INTERNET",
            "android.permission.MODIFY_AUDIO_SETTINGS",
            "android.permission.MOUNT_UNMOUNT_FILESYSTEMS",
            "android.permission.QUERY_ALL_PACKAGES",
            "android.permission.READ_CALENDAR",
            "android.permission.READ_EXTERNAL_STORAGE",
            "android.permission.READ_LOGS",
            "android.permission.READ_PHONE_STATE",
            "android.permission.READ_PRIVILEGED_PHONE_STATE",
            "android.permission.RECEIVE_BOOT_COMPLETED",
            "android.permission.RECEIVE_USER_PRESENT",
            "android.permission.RECORD_AUDIO",
            "android.permission.REQUEST_INSTALL_PACKAGES",
            "android.permission.RESTART_PACKAGES",
            "android.permission.SYSTEM_ALERT_WINDOW",
            "android.permission.VIBRATE",
            "android.permission.WAKE_LOCK",
            "android.permission.WRITE_CALENDAR",
            "android.permission.WRITE_EXTERNAL_STORAGE",
            "android.permission.WRITE_SETTINGS",
            "com.android.launcher.permission.INSTALL_SHORTCUT",
            "com.android.launcher.permission.READ_SETTINGS",
            "com.android.launcher.permission.UNINSTALL_SHORTCUT",
            "com.android.permission.GET_INSTALLED_APPS",
            "com.asus.msa.SupplementaryDID.ACCESS",
            "com.coloros.mcs.permission.RECIEVE_MCS_MESSAGE",
            "com.heytap.mcs.permission.RECIEVE_MCS_MESSAGE",
            "com.huawei.android.launcher.permission.CHANGE_BADGE",
            "com.huawei.appmarket.service.commondata.permission.GET_COMMON_DATA",
            "com.qq.reader.openadsdk.permission.TT_PANGOLIN",
            "com.qq.reader.permission.C2D_MESSAGE",
            "com.qq.reader.permission.JPUSH_MESSAGE",
            "com.qq.reader.permission.MIPUSH_RECEIVE",
            "com.qq.reader.permission.PROCESS_PUSH_MSG",
            "com.qq.reader.permission.PUSH_PROVIDER",
            "com.qq.reader.permission.READER_PUSH",
            "com.qq.reader.push.permission.MESSAGE",
            "com.qq.reader.theme.permission",
            "com.samsung.android.providers.context.permission.WRITE_USE_APP_FEATURE_SURVEY",
            "com.sonyericsson.home.permission.BROADCAST_BADGE",
            "com.vivo.notification.permission.BADGE_ICON",
            "freemme.permission.msa"
        ],
        "activities": [
            "cn.android.service.JTransitActivity",
            "cn.jpush.android.service.DActivity",
            "cn.jpush.android.service.JNotifyActivity",
            "cn.jpush.android.ui.PopWinActivity",
            "cn.jpush.android.ui.PushActivity",
            "com.bytedance.sdk.openadsdk.stub.activity.Stub_Activity",
            "com.bytedance.sdk.openadsdk.stub.activity.Stub_SingleTask_Activity",
            "com.bytedance.sdk.openadsdk.stub.activity.Stub_SingleTask_Activity_T",
            "com.bytedance.sdk.openadsdk.stub.activity.Stub_Standard_Activity",
            "com.bytedance.sdk.openadsdk.stub.activity.Stub_Standard_Activity_T",
            "com.bytedance.sdk.openadsdk.stub.activity.Stub_Standard_Landscape_Activity",
            "com.bytedance.sdk.openadsdk.stub.activity.Stub_Standard_Portrait_Activity",
            "com.dynamicload.DLProxyActivity",
            "com.dynamicload.DLProxyActivitySingleIns",
            "com.dynamicload.DLProxyActivityTransparent",
            "com.dynamicload.DLProxyFragmentActivity",
            "com.dynamicload.DLProxyFragmentActivityTransparent",
            "com.geetest.onelogin.activity.OneLoginActivity",
            "com.geetest.onelogin.activity.OneLoginWebActivity",
            "com.google.zxing.client.android.CaptureActivity",
            "com.huawei.hms.activity.BridgeActivity",
            "com.huawei.hms.activity.EnableServiceActivity",
            "com.huawei.updatesdk.service.otaupdate.AppUpdateActivity",
            "com.huawei.updatesdk.support.pm.PackageInstallerActivity",
            "com.qq.e.tg.ADActivity",
            "com.qq.e.tg.LandscapeADActivity",
            "com.qq.e.tg.PortraitADActivity",
            "com.qq.e.tg.RewardvideoLandscapeADActivity",
            "com.qq.e.tg.RewardvideoPortraitADActivity",
            "com.qq.e.tg.TransPortraitADActivity",
            "com.qq.e.tg.WebAdActivity",
            "com.qq.reader.TypeContext",
            "com.qq.reader.activity.AppUpdateActivity",
            "com.qq.reader.activity.AudioBookDownloadActivity",
            "com.qq.reader.activity.AudioMainPageActivity",
            "com.qq.reader.activity.CalendarEventRedirectActivity",
            "com.qq.reader.activity.CategoryBooksActivity",
            "com.qq.reader.activity.ChapterBatDownloadActivity",
            "com.qq.reader.activity.ChapterCommentDetailActivity",
            "com.qq.reader.activity.CheckNetWorkActivity",
            "com.qq.reader.activity.CheckOriginalContentActivity",
            "com.qq.reader.activity.ClassifySelectActivity",
            "com.qq.reader.activity.ClearCacheActivity",
            "com.qq.reader.activity.CommentSquareActivityRankActivity",
            "com.qq.reader.activity.CommitCommentActivity",
            "com.qq.reader.activity.CommitContactInfoActivity",
            "com.qq.reader.activity.EyeCareConfigActivity",
            "com.qq.reader.activity.FindActivity",
            "com.qq.reader.activity.GuideActivity",
            "com.qq.reader.activity.H5GameActivity",
            "com.qq.reader.activity.LocalBookActivity",
            "com.qq.reader.activity.LocalSearchBooksActivity",
            "com.qq.reader.activity.LogManagerActivity",
            "com.qq.reader.activity.MainActivity",
            "com.qq.reader.activity.NativeBookStoreFragmentActivity",
            "com.qq.reader.activity.NativeBookStoreSearchActivity",
            "com.qq.reader.activity.NewChapterViewActivity",
            "com.qq.reader.activity.OneBookNoteActivity",
            "com.qq.reader.activity.OnlineHistoryActivity",
            "com.qq.reader.activity.ParaCommentReplyActivity",
            "com.qq.reader.activity.PersonalityEmptyActivity",
            "com.qq.reader.activity.PluginBrigeActivity",
            "com.qq.reader.activity.PrivacyActivity",
            "com.qq.reader.activity.PrivacyDetailActivity",
            "com.qq.reader.activity.ProfileAccountActivity",
            "com.qq.reader.activity.ProfileLevelActivity",
            "com.qq.reader.activity.ProfileSettingActivity",
            "com.qq.reader.activity.QaAndListenActivity",
            "com.qq.reader.activity.RankWebActivity",
            "com.qq.reader.activity.ReaderPageActivity",
            "com.qq.reader.activity.ReplyActivity",
            "com.qq.reader.activity.ScanLoginWebBrowserForContents",
            "com.qq.reader.activity.ScrollerVideoActivity",
            "com.qq.reader.activity.SearchLoaclBookActivity",
            "com.qq.reader.activity.SettingActivity",
            "com.qq.reader.activity.SpeakerSettingActivity",
            "com.qq.reader.activity.SplashADVActivity",
            "com.qq.reader.activity.SplashActivity",
            "com.qq.reader.activity.SuggestActivity",
            "com.qq.reader.activity.SwitchViewActivity",
            "com.qq.reader.activity.UserCenterNewActivity",
            "com.qq.reader.activity.UserInfoEditorActivity",
            "com.qq.reader.activity.UserProtocolActivity",
            "com.qq.reader.activity.VIPBrowser",
            "com.qq.reader.activity.VideoCommentDetailActivity",
            "com.qq.reader.activity.WebBookDetailActivity",
            "com.qq.reader.activity.WebBookRewardActivity",
            "com.qq.reader.activity.WebBrowser",
            "com.qq.reader.activity.WebBrowserForContents",
            "com.qq.reader.activity.WebBrowserForFullScreenContents",
            "com.qq.reader.activity.WebRadioBrowserForContents",
            "com.qq.reader.activity.YoungerLawActivity",
            "com.qq.reader.ad.view.webview.AdWebViewActivity",
            "com.qq.reader.audio.player.QRAudioActivity",
            "com.qq.reader.common.charge.BookPayVipActivity",
            "com.qq.reader.common.charge.PayBridgeActivity",
            "com.qq.reader.common.charge.PayMonthH5Activity",
            "com.qq.reader.common.imagepicker.activity.ImageCropActivity",
            "com.qq.reader.common.imagepicker.activity.ImageGridActivity",
            "com.qq.reader.common.imagepicker.activity.ImagePreviewActivity",
            "com.qq.reader.common.imagepicker.activity.ImagePreviewSaveActivity",
            "com.qq.reader.common.login.view.PhoneLoginActivity",
            "com.qq.reader.cservice.cloud.big.CloudBookListActivity",
            "com.qq.reader.login.client.impl.QRLoginActivity",
            "com.qq.reader.login.client.impl.bind.QRBindPhoneActivity",
            "com.qq.reader.module.audio.activity.AudioPanicGiftsActivity",
            "com.qq.reader.module.audio.activity.NativeAudioZoneActivity",
            "com.qq.reader.module.bookchapter.online.OnlineChapterActivity",
            "com.qq.reader.module.booklist.detail.activity.BookListDetailActivity",
            "com.qq.reader.module.booklist.detail.activity.BookListTopicActivity",
            "com.qq.reader.module.booklist.editbooklist.BookListAddBookActivity",
            "com.qq.reader.module.booklist.editbooklist.view.BookListBookSearchActivity",
            "com.qq.reader.module.booklist.editbooklist.view.BookListEditActivity",
            "com.qq.reader.module.booklist.mybooklist.NativeMyBookListActivity",
            "com.qq.reader.module.booklist.square.view.NativeBookListSquareActivity",
            "com.qq.reader.module.booksquare.mine.BookSquareMineSquareActivity",
            "com.qq.reader.module.bookstore.charge.NativeBookStoreChargeAcitivty",
            "com.qq.reader.module.bookstore.charge.NativeBookStoreMonthlyChargeAcitivty",
            "com.qq.reader.module.bookstore.qnative.activity.MedalDetailActivity",
            "com.qq.reader.module.bookstore.qnative.activity.MedalHallActivity",
            "com.qq.reader.module.bookstore.qnative.activity.NativeAudioBookDetailActivity",
            "com.qq.reader.module.bookstore.qnative.activity.NativeAuthorPageActivity",
            "com.qq.reader.module.bookstore.qnative.activity.NativeAuthorWXBindActivity",
            "com.qq.reader.module.bookstore.qnative.activity.NativeBackRefreshTwoLevelActivity",
            "com.qq.reader.module.bookstore.qnative.activity.NativeBookStoreADVBookStackActivity",
            "com.qq.reader.module.bookstore.qnative.activity.NativeBookStoreConfigDetailActivity",
            "com.qq.reader.module.bookstore.qnative.activity.NativeBookStoreEndPageActivity",
            "com.qq.reader.module.bookstore.qnative.activity.NativeBookStorePreviousJournalActivity",
            "com.qq.reader.module.bookstore.qnative.activity.NativeBookStoreRankBActivity",
            "com.qq.reader.module.bookstore.qnative.activity.NativeBookStoreSecondpageActivity",
            "com.qq.reader.module.bookstore.qnative.activity.NativeBookStoreSecondpageTabActivity",
            "com.qq.reader.module.bookstore.qnative.activity.NativeBookStoreSelectedCommentActivity",
            "com.qq.reader.module.bookstore.qnative.activity.NativeBookStoreTwoLevelActivity",
            "com.qq.reader.module.bookstore.qnative.activity.NativeBookStoreTwoLevelActivityWithNewTabs",
            "com.qq.reader.module.bookstore.qnative.activity.NativeLimitTimeDiscountBuyActivity",
            "com.qq.reader.module.bookstore.qnative.activity.NativeLocalPopTwoLevelActivity",
            "com.qq.reader.module.bookstore.qnative.activity.NativeMonthAreaActivity",
            "com.qq.reader.module.bookstore.qnative.activity.NativeNewTabTwoLevelActivity",
            "com.qq.reader.module.bookstore.qnative.activity.NativeRankDecoActivity",
            "com.qq.reader.module.bookstore.qnative.activity.NativeSearchResultsActivity",
            "com.qq.reader.module.bookstore.qnative.activity.NativeSearchToolMainActivity",
            "com.qq.reader.module.bookstore.qnative.activity.NativeSkinDetailActivity",
            "com.qq.reader.module.bookstore.qnative.activity.NativeSkinManageActivity",
            "com.qq.reader.module.bookstore.qnative.activity.TopicNewAllListActivity",
            "com.qq.reader.module.comic.activity.NativeBookLibraryActivity",
            "com.qq.reader.module.comic.activity.NativeBookStoreComicDetailActivity",
            "com.qq.reader.module.comic.activity.NativeBookStoreComicDirActivity",
            "com.qq.reader.module.comic.activity.NativeBookStoreComicDownloadActivity",
            "com.qq.reader.module.comic.activity.NativeBookStoreComicMainPageActivity",
            "com.qq.reader.module.comic.activity.NativeBookStoreComicSectionPayActivity",
            "com.qq.reader.module.comic.activity.NativeBookStoreComicWatchingFocusActivity",
            "com.qq.reader.module.comic.activity.NativeComicFreeAreaActivity",
            "com.qq.reader.module.comic.activity.NativeComicMonthlyAreaActivity",
            "com.qq.reader.module.comic.activity.NativeComicReadEndActivity",
            "com.qq.reader.module.feed.activity.FamousAuthorActivity",
            "com.qq.reader.module.feed.activity.FeedMonthSecondActivity",
            "com.qq.reader.module.feed.activity.FeedSearchOptionActivity",
            "com.qq.reader.module.feed.activity.tabfragment.FeedTabOrderModifyActivity",
            "com.qq.reader.module.feed.mypreference.MyFeedPreferenceActivity",
            "com.qq.reader.module.feed.mypreference.MyReadingGeneActivity",
            "com.qq.reader.module.findpage.activity.FindPageBookCommentSquareActivity",
            "com.qq.reader.module.game.activity.GameLoginActivity",
            "com.qq.reader.module.gift.activity.DecorateGiftActivity",
            "com.qq.reader.module.gift.activity.FansGiftActivity",
            "com.qq.reader.module.guide.activity.GuideSelectInterestActivity",
            "com.qq.reader.module.kapai.KapaiShareActivity",
            "com.qq.reader.module.qmessage.MessageActivity",
            "com.qq.reader.module.redpacket.sendpacket.ReceiveRedPacketActivity",
            "com.qq.reader.module.redpacket.sendpacket.RedpacketTypeSelectActivity",
            "com.qq.reader.module.redpacket.sendpacket.SendRedpacketActivity",
            "com.qq.reader.module.redpacket.singlebookpacket.RedPacketSingleBookActivity",
            "com.qq.reader.module.redpacket.square.RedPacketSquareActivity",
            "com.qq.reader.module.sns.bookcomment.activity.NewBookCommentSquareActivity",
            "com.qq.reader.module.sns.chaptercomment.activity.ChapterCommentAreaActivity",
            "com.qq.reader.module.sns.fansclub.activity.FansRankActivity",
            "com.qq.reader.module.sns.fansclub.activity.NativeBookstoreFansClubActivity",
            "com.qq.reader.module.sns.officialclub.activity.NativeBookstoreOfficialClubActivity",
            "com.qq.reader.module.sns.question.activity.FamousAuthorSayActivity",
            "com.qq.reader.module.sns.question.activity.NativeAudioQuestionDetailActivity",
            "com.qq.reader.module.sns.question.activity.NativeAudioQuestionQuizActivity",
            "com.qq.reader.module.sns.question.activity.QAIntroductionEditActivity",
            "com.qq.reader.module.usercenter.activity.ProfileGrowLevelActivity",
            "com.qq.reader.module.usercenter.activity.ProfileQQRankActivity",
            "com.qq.reader.module.usercenter.activity.UserFollowListActivity",
            "com.qq.reader.module.usercenter.view.UserCenterCropAvatarAndUploadActivity",
            "com.qq.reader.module.videoplay.NativeVideoPlayerActivity",
            "com.qq.reader.module.videoplay.WebViewVideoPlayActivity",
            "com.qq.reader.pageframe.CommonPageFrameActivity",
            "com.qq.reader.plugin.PlugInDefaultActivity",
            "com.qq.reader.plugin.PlugInFontsActivity",
            "com.qq.reader.plugin.PlugInListActivity",
            "com.qq.reader.qrbookstore.secondary.BookStoreSecondaryActivity",
            "com.qq.reader.rewardvote.RewardVoteActivity",
            "com.qq.reader.statistics.InfoInputActivity",
            "com.qq.reader.statistics.SelectorSettingActivity",
            "com.qq.reader.view.web.UserNoticeWebViewActivity",
            "com.qq.reader.weiboapi.WeiboShareActivity",
            "com.qq.reader.widget.picbrowser.PictureActivity",
            "com.qq.reader.wxapi.WXEntryActivity",
            "com.qrcomic.activity.QRComicDownloadChoiceActivity",
            "com.qrcomic.activity.QRComicDownloadManagerActivity",
            "com.qrcomic.activity.fastread.ComicFastReadActivity",
            "com.qrcomic.activity.reader.QRComicReadingLandActivity",
            "com.qrcomic.activity.reader.QRComicReadingVerticalActivity",
            "com.sina.weibo.sdk.share.WbShareResultActivity",
            "com.sina.weibo.sdk.share.WbShareToStoryActivity",
            "com.sina.weibo.sdk.share.WbShareTransActivity",
            "com.sina.weibo.sdk.web.WeiboSdkWebActivity",
            "com.ss.android.downloadlib.activity.JumpKllkActivity",
            "com.ss.android.downloadlib.activity.TTDelegateActivity",
            "com.ss.android.downloadlib.addownload.compliance.AppDetailInfoActivity",
            "com.ss.android.downloadlib.addownload.compliance.AppPrivacyPolicyActivity",
            "com.ss.android.socialbase.appdownloader.view.DownloadTaskDeleteActivity",
            "com.ss.android.socialbase.appdownloader.view.JumpUnknownSourceActivity",
            "com.tencent.ads.canvasad.AdCanvasActivity",
            "com.tencent.bugly.beta.ui.BetaActiveAlertActivity",
            "com.tencent.bugly.beta.ui.BetaActivity",
            "com.tencent.captchasdk.TCaptchaPopupActivity",
            "com.tencent.connect.common.AssistActivity",
            "com.tencent.midas.jsbridge.APWebJSBridgeActivity",
            "com.tencent.midas.proxyactivity.APMidasPayProxyActivity",
            "com.tencent.midas.qq.APMidasQQWalletActivity",
            "com.tencent.midas.wx.APMidasWXPayActivity",
            "com.tencent.shadow.sample.plugin.runtime.KapaiPluginDefaultProxyActivity",
            "com.tencent.shadow.sample.plugin.runtime.PluginDefaultProxyActivity",
            "com.tencent.shadow.sample.plugin.runtime.PluginSingleInstance1ProxyActivity",
            "com.tencent.shadow.sample.plugin.runtime.PluginSingleTask1ProxyActivity",
            "com.tencent.tads.splash.AdLandingPageActivity",
            "com.tencent.tauth.AuthActivity",
            "com.tencent.upgrade.ui.UpgradeActiveActivity",
            "com.tencent.upgrade.ui.UpgradeDialogActivity",
            "com.unicom.xiaowo.account.shield.ui.AgreeMentActivity",
            "com.unicom.xiaowo.account.shield.ui.LoginActivity",
            "com.unionpay.UPPayWapActivity",
            "com.vivo.push.sdk.LinkProxyClientActivity",
            "com.yuewen.cooperate.adsdk.activity.AdRewardVideoActivity",
            "com.yuewen.cooperate.adsdk.activity.WebActivity",
            "com.yuewen.push.activity.KeepActiveActivity",
            "com.yuewen.push.proxy.YWPushProxyActivity",
            "com.yuewen.ywlogin.YWBrowserActivity",
            "com.yuewen.ywlogin.ui.activity.LoginActivity",
            "com.yuewen.ywlogin.ui.phone.PhoneAreaActivity",
            "com.yuewen.ywlogin.ui.phone.PhoneCodeActivity",
            "com.yuewen.ywlogin.ui.takephoto.crop.CropImageActivity",
            "com.yuewen.ywlogin.ui.teenager.TeenagerAgeActivity",
            "com.yuewen.ywlogin.ui.teenager.TeenagerAppealActivity",
            "com.yuewen.ywlogin.ui.teenager.TeenagerPasswordActivity",
            "com.yuewen.ywlogin.ui.teenager.TeenagerStatusActivity",
            "format.archive.ArchiveFileBrowser",
            "format.chm.ChmReaderPage",
            "format.epub.ImageViewActivity"
        ],
        "services": [
            "cn.jpush.android.service.DaemonService",
            "cn.jpush.android.service.MessagingIntentService",
            "cn.jpush.android.service.PluginHuaweiPlatformsService",
            "cn.jpush.android.service.PluginOppoPushService",
            "cn.jpush.android.service.PushService",
            "com.dynamicload.internal.DLAbsPluginService",
            "com.heytap.msp.push.service.CompatibleDataMessageCallbackService",
            "com.heytap.msp.push.service.DataMessageCallbackService",
            "com.huawei.agconnect.core.ServiceDiscovery",
            "com.huawei.hms.support.api.push.service.HmsMsgService",
            "com.q.m.QS",
            "com.qq.e.comm.DownloadService",
            "com.qq.e.downloader.DownloadService",
            "com.qq.reader.common.conn.socket.PushMessageHandleService",
            "com.qq.reader.common.conn.socket.PushService",
            "com.qq.reader.common.push.AssistInvokeService",
            "com.qq.reader.common.receiver.UploadLogService",
            "com.qq.reader.common.web.service.GameAidlService",
            "com.qq.reader.flow.FileObserverService",
            "com.qq.reader.module.game.activity.H5GameProcessService",
            "com.qq.reader.plugin.audiobook.core.QQPlayerService",
            "com.qq.reader.plugin.tts.TtsFakeService",
            "com.shadow.pluginservice.MainProcessPPS",
            "com.shadow.pluginservice.PluginProcessPPS",
            "com.ss.android.socialbase.appdownloader.DownloadHandlerService",
            "com.ss.android.socialbase.appdownloader.RetryJobSchedulerService",
            "com.ss.android.socialbase.downloader.downloader.DownloadService",
            "com.ss.android.socialbase.downloader.downloader.IndependentProcessDownloadService",
            "com.ss.android.socialbase.downloader.downloader.SqlDownloadCacheService",
            "com.ss.android.socialbase.downloader.impls.DownloadHandleService",
            "com.ss.android.socialbase.downloader.notification.DownloadNotificationService",
            "com.tencent.bugly.beta.tinker.TinkerResultService",
            "com.tencent.smtt.export.external.DexClassLoaderProviderService",
            "com.vivo.push.sdk.service.CommandClientService",
            "com.xiaomi.mipush.sdk.MessageHandleService",
            "com.xiaomi.mipush.sdk.PushMessageHandler",
            "com.xiaomi.push.service.XMJobService",
            "com.xiaomi.push.service.XMPushService",
            "com.yuewen.push.service.YWCommonService"
        ],
        "receivers": [
            "cn.jpush.android.asus.AsusPushMessageReceiver",
            "cn.jpush.android.service.AlarmReceiver",
            "cn.jpush.android.service.PluginVivoMessageReceiver",
            "cn.jpush.android.service.PluginXiaomiPlatformsReceiver",
            "cn.jpush.android.service.PushReceiver",
            "cn.jpush.android.service.SchedulerReceiver",
            "com.dynamicload.internal.DLAbsPluginBroadCastReceiver",
            "com.huawei.hms.support.api.push.PushMsgReceiver",
            "com.huawei.hms.support.api.push.PushReceiver",
            "com.qq.downloader.GdtAppInstallReceiver",
            "com.qq.reader.common.utils.ShortCutPendingReceiver",
            "com.qq.reader.component.gamedownload.cservice.DownloadBroadcastReceiver4Game",
            "com.qq.reader.component.gamedownload.cservice.GameInstallBroadcastReceiver",
            "com.qq.reader.cservice.bookfollow.OrderBookReceiver",
            "com.qq.reader.cservice.download.app.AppDownloadReceiver",
            "com.qq.reader.plugin.audiobook.core.media.RealMediaButtonReceiver",
            "com.qq.reader.plugin.audiobook.core.media.TtsMediaButtonReceiver",
            "com.qq.reader.widget.ReaderWidget",
            "com.ss.android.downloadlib.core.download.DownloadReceiver",
            "com.xiaomi.push.service.receivers.NetworkStatusReceiver",
            "com.xiaomi.push.service.receivers.PingReceiver",
            "com.yuewen.cooperate.adsdk.yuewensdk.download.AppDownloadReceiver",
            "com.yuewen.push.receiver.JPushExtendReceiver",
            "com.yuewen.push.receiver.JPushReceiver",
            "com.yuewen.push.receiver.KeepActiveReceiver"
        ]
    },
    "stats": {
        "dex_count": 6,
        "native_lib_count": 70
    },
    "jadx": {
        "status": "ok",
        "duration_sec": 67.26,
        "sources_present": true,
        "java_file_count": 16804
    },
    "ast_analysis": {
        "location": 4,
        "microphone": 0,
        "camera": 65,
        "media_projection": 0,
        "dynamic_load": 0,
        "jni": 48
    },
    "analysis_state": "complete"
}