{
    "apk_name": "A42F4A9F087533D00270ED8597D126E8E44D6D54B3DBA26CE700D6EC942B6AA0",
    "sha256": "a42f4a9f087533d00270ed8597d126e8e44d6d54b3dba26ce700d6ec942b6aa0",
    "metadata": {
        "package_name": "com.mtg.ecolibri.mobile.app.enedis",
        "version_code": "26412",
        "version_name": "3.35.26412",
        "min_sdk": "26",
        "target_sdk": "33",
        "permissions": [
            "android.READ_EXTERNAL_STORAGE",
            "android.WRITE_EXTERNAL_STORAGE",
            "android.permission.ACCESS_COARSE_LOCATION",
            "android.permission.ACCESS_FINE_LOCATION",
            "android.permission.ACCESS_NETWORK_STATE",
            "android.permission.BLUETOOTH",
            "android.permission.BLUETOOTH_ADMIN",
            "android.permission.BLUETOOTH_CONNECT",
            "android.permission.BLUETOOTH_SCAN",
            "android.permission.CAMERA",
            "android.permission.FOREGROUND_SERVICE",
            "android.permission.INTERNET",
            "android.permission.POST_NOTIFICATIONS",
            "android.permission.RECEIVE_BOOT_COMPLETED",
            "android.permission.USE_BIOMETRIC",
            "android.permission.USE_FINGERPRINT",
            "android.permission.WAKE_LOCK",
            "android.permission.WRITE_EXTERNAL_STORAGE",
            "com.google.android.c2dm.permission.RECEIVE",
            "com.mtg.ecolibri.mobile.app.enedis.DYNAMIC_RECEIVER_NOT_EXPORTED_PERMISSION"
        ],
        "activities": [
            "com.google.android.gms.common.api.GoogleApiActivity",
            "crc64152814f8bf074692.MainActivity",
            "crc646957603ea1820544.MediaPickerActivity"
        ],
        "services": [
            "androidx.room.MultiInstanceInvalidationService",
            "androidx.work.impl.background.systemalarm.SystemAlarmService",
            "androidx.work.impl.background.systemjob.SystemJobService",
            "androidx.work.impl.foreground.SystemForegroundService",
            "com.google.android.datatransport.runtime.backends.TransportBackendDiscovery",
            "com.google.android.datatransport.runtime.scheduling.jobscheduling.JobInfoSchedulerService",
            "com.google.firebase.components.ComponentDiscoveryService",
            "com.google.firebase.messaging.FirebaseMessagingService",
            "ecolibri.mobile.android.firebase.ExtendedFirebaseMessagingService"
        ],
        "receivers": [
            "androidx.work.impl.background.systemalarm.ConstraintProxy$BatteryChargingProxy",
            "androidx.work.impl.background.systemalarm.ConstraintProxy$BatteryNotLowProxy",
            "androidx.work.impl.background.systemalarm.ConstraintProxy$NetworkStateProxy",
            "androidx.work.impl.background.systemalarm.ConstraintProxy$StorageNotLowProxy",
            "androidx.work.impl.background.systemalarm.ConstraintProxyUpdateReceiver",
            "androidx.work.impl.background.systemalarm.RescheduleReceiver",
            "androidx.work.impl.diagnostics.DiagnosticsReceiver",
            "androidx.work.impl.utils.ForceStopRunnable$BroadcastReceiver",
            "com.google.android.datatransport.runtime.scheduling.jobscheduling.AlarmManagerSchedulerBroadcastReceiver",
            "com.google.firebase.iid.FirebaseInstanceIdInternalReceiver",
            "com.google.firebase.iid.FirebaseInstanceIdReceiver",
            "crc643f46942d9dd1fff9.PowerSaveModeBroadcastReceiver"
        ],
        "permission_details": {
            "android.READ_EXTERNAL_STORAGE": "dangerous",
            "android.WRITE_EXTERNAL_STORAGE": "dangerous",
            "android.permission.ACCESS_COARSE_LOCATION": "dangerous",
            "android.permission.ACCESS_FINE_LOCATION": "dangerous",
            "android.permission.ACCESS_NETWORK_STATE": "normal",
            "android.permission.BLUETOOTH": "normal",
            "android.permission.BLUETOOTH_ADMIN": "normal",
            "android.permission.BLUETOOTH_CONNECT": "dangerous",
            "android.permission.BLUETOOTH_SCAN": "dangerous",
            "android.permission.CAMERA": "dangerous",
            "android.permission.FOREGROUND_SERVICE": "normal",
            "android.permission.INTERNET": "normal",
            "android.permission.POST_NOTIFICATIONS": "dangerous",
            "android.permission.RECEIVE_BOOT_COMPLETED": "normal",
            "android.permission.USE_BIOMETRIC": "normal",
            "android.permission.USE_FINGERPRINT": "normal",
            "android.permission.WAKE_LOCK": "normal",
            "android.permission.WRITE_EXTERNAL_STORAGE": "dangerous",
            "com.google.android.c2dm.permission.RECEIVE": "unknown",
            "com.mtg.ecolibri.mobile.app.enedis.DYNAMIC_RECEIVER_NOT_EXPORTED_PERMISSION": "unknown"
        },
        "risk_counts": {
            "dangerous": 9,
            "normal": 9,
            "unknown": 2
        }
    },
    "stats": {
        "dex_count": 3,
        "native_lib_count": 40
    },
    "jadx": {
        "status": "ok",
        "duration_sec": 42.52,
        "sources_present": true,
        "java_file_count": 9397
    },
    "ast_analysis": {
        "location": 18,
        "microphone": 0,
        "camera": 16,
        "media_projection": 0,
        "dynamic_load": 0,
        "jni": 9
    },
    "analysis_state": "complete"
}