{
    "apk_name": "21BBDE46A0CDE71DAF56B339D111FD6CD4632BE5F61E478E952F291B921F9D37",
    "sha256": "21bbde46a0cde71daf56b339d111fd6cd4632be5f61e478e952f291b921f9d37",
    "metadata": {
        "package_name": "com.arboxapp.armyfitness",
        "version_code": "4000600",
        "version_name": "6.0.0",
        "min_sdk": "23",
        "target_sdk": "34",
        "permissions": [
            "android.permission.ACCESS_NETWORK_STATE",
            "android.permission.ACCESS_WIFI_STATE",
            "android.permission.CAMERA",
            "android.permission.INTERNET",
            "android.permission.POST_NOTIFICATIONS",
            "android.permission.READ_APP_BADGE",
            "android.permission.READ_CALENDAR",
            "android.permission.READ_CONTACTS",
            "android.permission.READ_EXTERNAL_STORAGE",
            "android.permission.READ_MEDIA_AUDIO",
            "android.permission.READ_MEDIA_IMAGES",
            "android.permission.READ_MEDIA_VIDEO",
            "android.permission.READ_MEDIA_VISUAL_USER_SELECTED",
            "android.permission.READ_PHONE_STATE",
            "android.permission.RECEIVE_BOOT_COMPLETED",
            "android.permission.RECORD_AUDIO",
            "android.permission.SYSTEM_ALERT_WINDOW",
            "android.permission.USE_BIOMETRIC",
            "android.permission.USE_FINGERPRINT",
            "android.permission.VIBRATE",
            "android.permission.WAKE_LOCK",
            "android.permission.WRITE_CALENDAR",
            "android.permission.WRITE_CONTACTS",
            "android.permission.WRITE_EXTERNAL_STORAGE",
            "android.permission.WRITE_SETTINGS",
            "com.anddoes.launcher.permission.UPDATE_COUNT",
            "com.android.launcher.permission.INSTALL_SHORTCUT",
            "com.android.launcher.permission.UPDATE_COUNT",
            "com.android.vending.CHECK_LICENSE",
            "com.arboxapp.armyfitness.DYNAMIC_RECEIVER_NOT_EXPORTED_PERMISSION",
            "com.google.android.c2dm.permission.RECEIVE",
            "com.google.android.finsky.permission.BIND_GET_INSTALL_REFERRER_SERVICE",
            "com.google.android.gms.permission.ACTIVITY_RECOGNITION",
            "com.google.android.providers.gsf.permission.READ_GSERVICES",
            "com.htc.launcher.permission.READ_SETTINGS",
            "com.htc.launcher.permission.UPDATE_SHORTCUT",
            "com.huawei.android.launcher.permission.CHANGE_BADGE",
            "com.huawei.android.launcher.permission.READ_SETTINGS",
            "com.huawei.android.launcher.permission.WRITE_SETTINGS",
            "com.majeur.launcher.permission.UPDATE_BADGE",
            "com.oppo.launcher.permission.READ_SETTINGS",
            "com.oppo.launcher.permission.WRITE_SETTINGS",
            "com.sec.android.provider.badge.permission.READ",
            "com.sec.android.provider.badge.permission.WRITE",
            "com.sonyericsson.home.permission.BROADCAST_BADGE",
            "com.sonymobile.home.permission.PROVIDER_INSERT_BADGE",
            "me.everything.badger.permission.BADGE_COUNT_READ",
            "me.everything.badger.permission.BADGE_COUNT_WRITE"
        ],
        "activities": [
            "com.arboxapp.armyfitness.MainActivity",
            "com.canhub.cropper.CropImageActivity",
            "com.facebook.react.devsupport.DevSettingsActivity",
            "com.google.android.gms.common.api.GoogleApiActivity",
            "com.jakewharton.processphoenix.ProcessPhoenix",
            "expo.modules.notifications.service.NotificationForwarderActivity"
        ],
        "services": [
            "androidx.camera.core.impl.MetadataHolderService",
            "androidx.room.MultiInstanceInvalidationService",
            "com.google.android.datatransport.runtime.backends.TransportBackendDiscovery",
            "com.google.android.datatransport.runtime.scheduling.jobscheduling.JobInfoSchedulerService",
            "com.google.android.gms.metadata.ModuleDependencies",
            "com.google.firebase.components.ComponentDiscoveryService",
            "com.google.firebase.messaging.FirebaseMessagingService",
            "com.google.mlkit.common.internal.MlKitComponentDiscoveryService",
            "expo.modules.notifications.service.ExpoFirebaseMessagingService"
        ],
        "receivers": [
            "androidx.profileinstaller.ProfileInstallReceiver",
            "com.google.android.datatransport.runtime.scheduling.jobscheduling.AlarmManagerSchedulerBroadcastReceiver",
            "com.google.firebase.iid.FirebaseInstanceIdReceiver",
            "expo.modules.notifications.service.NotificationsService"
        ],
        "permission_details": {
            "android.permission.ACCESS_NETWORK_STATE": "normal",
            "android.permission.ACCESS_WIFI_STATE": "normal",
            "android.permission.CAMERA": "dangerous",
            "android.permission.INTERNET": "normal",
            "android.permission.POST_NOTIFICATIONS": "dangerous",
            "android.permission.READ_APP_BADGE": "unknown",
            "android.permission.READ_CALENDAR": "dangerous",
            "android.permission.READ_CONTACTS": "dangerous",
            "android.permission.READ_EXTERNAL_STORAGE": "dangerous",
            "android.permission.READ_MEDIA_AUDIO": "dangerous",
            "android.permission.READ_MEDIA_IMAGES": "dangerous",
            "android.permission.READ_MEDIA_VIDEO": "dangerous",
            "android.permission.READ_MEDIA_VISUAL_USER_SELECTED": "dangerous",
            "android.permission.READ_PHONE_STATE": "dangerous",
            "android.permission.RECEIVE_BOOT_COMPLETED": "normal",
            "android.permission.RECORD_AUDIO": "dangerous",
            "android.permission.SYSTEM_ALERT_WINDOW": "signature",
            "android.permission.USE_BIOMETRIC": "normal",
            "android.permission.USE_FINGERPRINT": "normal",
            "android.permission.VIBRATE": "normal",
            "android.permission.WAKE_LOCK": "normal",
            "android.permission.WRITE_CALENDAR": "dangerous",
            "android.permission.WRITE_CONTACTS": "dangerous",
            "android.permission.WRITE_EXTERNAL_STORAGE": "dangerous",
            "android.permission.WRITE_SETTINGS": "signature",
            "com.anddoes.launcher.permission.UPDATE_COUNT": "unknown",
            "com.android.launcher.permission.INSTALL_SHORTCUT": "normal",
            "com.android.launcher.permission.UPDATE_COUNT": "unknown",
            "com.android.vending.CHECK_LICENSE": "unknown",
            "com.arboxapp.armyfitness.DYNAMIC_RECEIVER_NOT_EXPORTED_PERMISSION": "unknown",
            "com.google.android.c2dm.permission.RECEIVE": "unknown",
            "com.google.android.finsky.permission.BIND_GET_INSTALL_REFERRER_SERVICE": "unknown",
            "com.google.android.gms.permission.ACTIVITY_RECOGNITION": "dangerous",
            "com.google.android.providers.gsf.permission.READ_GSERVICES": "unknown",
            "com.htc.launcher.permission.READ_SETTINGS": "unknown",
            "com.htc.launcher.permission.UPDATE_SHORTCUT": "unknown",
            "com.huawei.android.launcher.permission.CHANGE_BADGE": "unknown",
            "com.huawei.android.launcher.permission.READ_SETTINGS": "unknown",
            "com.huawei.android.launcher.permission.WRITE_SETTINGS": "signature",
            "com.majeur.launcher.permission.UPDATE_BADGE": "unknown",
            "com.oppo.launcher.permission.READ_SETTINGS": "unknown",
            "com.oppo.launcher.permission.WRITE_SETTINGS": "signature",
            "com.sec.android.provider.badge.permission.READ": "unknown",
            "com.sec.android.provider.badge.permission.WRITE": "unknown",
            "com.sonyericsson.home.permission.BROADCAST_BADGE": "unknown",
            "com.sonymobile.home.permission.PROVIDER_INSERT_BADGE": "unknown",
            "me.everything.badger.permission.BADGE_COUNT_READ": "unknown",
            "me.everything.badger.permission.BADGE_COUNT_WRITE": "unknown"
        },
        "risk_counts": {
            "normal": 9,
            "dangerous": 15,
            "unknown": 20,
            "signature": 4
        }
    },
    "stats": {
        "dex_count": 5,
        "native_lib_count": 0
    },
    "jadx": {
        "status": "ok",
        "duration_sec": 117.53,
        "sources_present": true,
        "java_file_count": 15440
    },
    "ast_analysis": {
        "location": 8,
        "microphone": 2,
        "camera": 54,
        "media_projection": 0,
        "dynamic_load": 0,
        "jni": 63
    },
    "analysis_state": "complete"
}