{
    "apk_name": "D7F0F184EEB934595736364B863A23BCAC28F61B4FAA0CE58ABD67FEED370357",
    "sha256": "d7f0f184eeb934595736364b863a23bcac28f61b4faa0ce58abd67feed370357",
    "metadata": {
        "package_name": "com.atakmap.android.gbr.taksatplanner.plugin",
        "version_code": "20230818",
        "version_name": "1.1.10 [4.10.0]",
        "min_sdk": "26",
        "target_sdk": "33",
        "permissions": [
            "android.permission.ACCESS_NETWORK_STATE",
            "android.permission.BLUETOOTH",
            "android.permission.INTERNET",
            "android.permission.READ_EXTERNAL_STORAGE",
            "android.permission.WRITE_EXTERNAL_STORAGE"
        ],
        "activities": [
            "com.atakmap.app.component"
        ],
        "services": [
            "androidx.room.MultiInstanceInvalidationService"
        ],
        "receivers": [],
        "permission_details": {
            "android.permission.ACCESS_NETWORK_STATE": "normal",
            "android.permission.BLUETOOTH": "normal",
            "android.permission.INTERNET": "normal",
            "android.permission.READ_EXTERNAL_STORAGE": "dangerous",
            "android.permission.WRITE_EXTERNAL_STORAGE": "dangerous"
        },
        "risk_counts": {
            "normal": 3,
            "dangerous": 2
        }
    },
    "stats": {
        "dex_count": 2,
        "native_lib_count": 0
    },
    "jadx": {
        "status": "ok",
        "duration_sec": 27.09,
        "sources_present": true,
        "java_file_count": 4045
    },
    "ast_analysis": {
        "location": 8,
        "microphone": 0,
        "camera": 6,
        "media_projection": 0,
        "dynamic_load": 0,
        "jni": 0
    },
    "analysis_state": "complete"
}