{
    "apk_name": "9B5440C5B61E481995B498489C67D6819402C9DB85C359676E16F724C9ECEF8D",
    "sha256": "9b5440c5b61e481995b498489c67d6819402c9db85c359676e16f724c9ecef8d",
    "metadata": {
        "package_name": "com.suleymaner.coordinatorplus",
        "version_code": "203",
        "version_name": "7.8.3",
        "min_sdk": "23",
        "target_sdk": "35",
        "permissions": [
            "android.permission.ACCESS_ADSERVICES_AD_ID",
            "android.permission.ACCESS_ADSERVICES_ATTRIBUTION",
            "android.permission.ACCESS_ADSERVICES_TOPICS",
            "android.permission.ACCESS_COARSE_LOCATION",
            "android.permission.ACCESS_FINE_LOCATION",
            "android.permission.ACCESS_NETWORK_STATE",
            "android.permission.ACCESS_WIFI_STATE",
            "android.permission.CAMERA",
            "android.permission.CHANGE_WIFI_MULTICAST_STATE",
            "android.permission.CHANGE_WIFI_STATE",
            "android.permission.FOREGROUND_SERVICE",
            "android.permission.INTERNET",
            "android.permission.READ_EXTERNAL_STORAGE",
            "android.permission.RECEIVE_BOOT_COMPLETED",
            "android.permission.WAKE_LOCK",
            "android.permission.WRITE_EXTERNAL_STORAGE",
            "com.android.vending.BILLING",
            "com.applovin.array.apphub.permission.BIND_APPHUB_SERVICE",
            "com.google.android.finsky.permission.BIND_GET_INSTALL_REFERRER_SERVICE",
            "com.google.android.gms.permission.AD_ID",
            "com.google.android.providers.gsf.permission.READ_GSERVICES",
            "com.suleymaner.coordinatorplus.DYNAMIC_RECEIVER_NOT_EXPORTED_PERMISSION"
        ],
        "activities": [
            "androidx.credentials.playservices.HiddenActivity",
            "com.android.billingclient.api.ProxyBillingActivity",
            "com.android.billingclient.api.ProxyBillingActivityV2",
            "com.applovin.adview.AppLovinFullscreenActivity",
            "com.applovin.creative.MaxCreativeDebuggerActivity",
            "com.applovin.creative.MaxCreativeDebuggerDisplayedAdActivity",
            "com.applovin.mediation.MaxDebuggerActivity",
            "com.applovin.mediation.MaxDebuggerAdUnitDetailActivity",
            "com.applovin.mediation.MaxDebuggerAdUnitWaterfallsListActivity",
            "com.applovin.mediation.MaxDebuggerAdUnitsListActivity",
            "com.applovin.mediation.MaxDebuggerCmpNetworksListActivity",
            "com.applovin.mediation.MaxDebuggerDetailActivity",
            "com.applovin.mediation.MaxDebuggerMultiAdActivity",
            "com.applovin.mediation.MaxDebuggerTcfConsentStatusesListActivity",
            "com.applovin.mediation.MaxDebuggerTcfInfoListActivity",
            "com.applovin.mediation.MaxDebuggerTcfStringActivity",
            "com.applovin.mediation.MaxDebuggerTestLiveNetworkActivity",
            "com.applovin.mediation.MaxDebuggerTestModeNetworkActivity",
            "com.applovin.mediation.MaxDebuggerUnifiedFlowActivity",
            "com.applovin.mediation.MaxDebuggerWaterfallSegmentsActivity",
            "com.applovin.sdk.AppLovinWebViewActivity",
            "com.bytedance.sdk.openadsdk.activity.TTAdActivity",
            "com.bytedance.sdk.openadsdk.activity.TTAppOpenAdActivity",
            "com.bytedance.sdk.openadsdk.activity.TTCeilingLandingPageActivity",
            "com.bytedance.sdk.openadsdk.activity.TTDelegateActivity",
            "com.bytedance.sdk.openadsdk.activity.TTFullScreenExpressVideoActivity",
            "com.bytedance.sdk.openadsdk.activity.TTFullScreenVideoActivity",
            "com.bytedance.sdk.openadsdk.activity.TTInterstitialActivity",
            "com.bytedance.sdk.openadsdk.activity.TTInterstitialExpressActivity",
            "com.bytedance.sdk.openadsdk.activity.TTLandingPageActivity",
            "com.bytedance.sdk.openadsdk.activity.TTPlayableLandingPageActivity",
            "com.bytedance.sdk.openadsdk.activity.TTRewardExpressVideoActivity",
            "com.bytedance.sdk.openadsdk.activity.TTRewardVideoActivity",
            "com.bytedance.sdk.openadsdk.activity.TTVideoLandingPageLink2Activity",
            "com.bytedance.sdk.openadsdk.activity.TTWebsiteActivity",
            "com.facebook.CustomTabActivity",
            "com.facebook.FacebookActivity",
            "com.firebase.ui.auth.KickoffActivity",
            "com.firebase.ui.auth.ui.credentials.CredentialSaveActivity",
            "com.firebase.ui.auth.ui.email.EmailActivity",
            "com.firebase.ui.auth.ui.email.EmailLinkCatcherActivity",
            "com.firebase.ui.auth.ui.email.EmailLinkErrorRecoveryActivity",
            "com.firebase.ui.auth.ui.email.RecoverPasswordActivity",
            "com.firebase.ui.auth.ui.email.WelcomeBackEmailLinkPrompt",
            "com.firebase.ui.auth.ui.email.WelcomeBackPasswordPrompt",
            "com.firebase.ui.auth.ui.idp.AuthMethodPickerActivity",
            "com.firebase.ui.auth.ui.idp.SingleSignInActivity",
            "com.firebase.ui.auth.ui.idp.WelcomeBackIdpPrompt",
            "com.firebase.ui.auth.ui.phone.PhoneActivity",
            "com.google.android.gms.ads.AdActivity",
            "com.google.android.gms.ads.NotificationHandlerActivity",
            "com.google.android.gms.ads.OutOfContextTestingActivity",
            "com.google.android.gms.auth.api.signin.internal.SignInHubActivity",
            "com.google.android.gms.common.api.GoogleApiActivity",
            "com.google.android.play.core.common.PlayCoreDialogWrapperActivity",
            "com.google.firebase.auth.internal.GenericIdpActivity",
            "com.google.firebase.auth.internal.RecaptchaActivity",
            "com.m2catalyst.m2sdk.testing.ui.MainTestingActivity",
            "com.suleymaner.coordinatorplus.Compass",
            "com.suleymaner.coordinatorplus.FsCreateTable",
            "com.suleymaner.coordinatorplus.Main2Activity",
            "com.suleymaner.coordinatorplus.MapsActivity",
            "com.suleymaner.coordinatorplus.SubsDatabase",
            "com.suleymaner.coordinatorplus.alanHesabi",
            "com.suleymaner.coordinatorplus.bilgi",
            "com.suleymaner.coordinatorplus.cloudDatabase",
            "com.suleymaner.coordinatorplus.collectHere",
            "com.suleymaner.coordinatorplus.databaseMain",
            "com.suleymaner.coordinatorplus.donusum",
            "com.suleymaner.coordinatorplus.koordGit",
            "com.suleymaner.coordinatorplus.mesafeGuzergah",
            "com.suleymaner.coordinatorplus.modifyTable",
            "com.suleymaner.coordinatorplus.mySharedTables",
            "com.suleymaner.coordinatorplus.projects",
            "com.suleymaner.coordinatorplus.requestDb",
            "com.suleymaner.coordinatorplus.settings",
            "com.suleymaner.coordinatorplus.shareDb",
            "com.suleymaner.coordinatorplus.signinWithEmail",
            "com.suleymaner.coordinatorplus.systemSelection",
            "io.monedata.activities.AdaptersActivity"
        ],
        "services": [
            "androidx.credentials.playservices.CredentialProviderMetadataHolder",
            "androidx.room.MultiInstanceInvalidationService",
            "androidx.work.impl.background.systemalarm.SystemAlarmService",
            "androidx.work.impl.background.systemjob.SystemJobService",
            "androidx.work.impl.foreground.SystemForegroundService",
            "com.applovin.impl.adview.activity.FullscreenAdService",
            "com.bytedance.sdk.openadsdk.multipro.aidl.BinderPoolService",
            "com.google.android.datatransport.runtime.backends.TransportBackendDiscovery",
            "com.google.android.datatransport.runtime.scheduling.jobscheduling.JobInfoSchedulerService",
            "com.google.android.gms.ads.AdService",
            "com.google.android.gms.auth.api.signin.RevocationBoundService",
            "com.google.android.gms.measurement.AppMeasurementJobService",
            "com.google.android.gms.measurement.AppMeasurementService",
            "com.google.firebase.components.ComponentDiscoveryService",
            "com.google.firebase.sessions.SessionLifecycleService",
            "com.suleymaner.coordinatorplus.AppIndexingUpdateService",
            "com.umlaut.crowd.service.BackgroundTestJobService",
            "com.umlaut.crowd.service.ConnectivityJobService",
            "com.umlaut.crowd.service.ConnectivityService",
            "com.umlaut.crowd.service.InsightJobService",
            "com.umlaut.crowd.service.InsightService"
        ],
        "receivers": [
            "androidx.profileinstaller.ProfileInstallReceiver",
            "androidx.work.impl.background.systemalarm.ConstraintProxy$BatteryChargingProxy",
            "androidx.work.impl.background.systemalarm.ConstraintProxy$BatteryNotLowProxy",
            "androidx.work.impl.background.systemalarm.ConstraintProxy$NetworkStateProxy",
            "androidx.work.impl.background.systemalarm.ConstraintProxy$StorageNotLowProxy",
            "androidx.work.impl.background.systemalarm.ConstraintProxyUpdateReceiver",
            "androidx.work.impl.background.systemalarm.RescheduleReceiver",
            "androidx.work.impl.diagnostics.DiagnosticsReceiver",
            "androidx.work.impl.utils.ForceStopRunnable$BroadcastReceiver",
            "com.cellrebel.sdk.utils.PhoneStateReceiver",
            "com.google.android.datatransport.runtime.scheduling.jobscheduling.AlarmManagerSchedulerBroadcastReceiver",
            "com.google.android.gms.measurement.AppMeasurementReceiver",
            "com.m2catalyst.m2sdk.core.setup.M2SDKOpsReceiver",
            "com.m2catalyst.m2sdk.core.setup.ZombieInitializationSDKReceiver",
            "com.m2catalyst.m2sdk.data_collection.location.LocationSDKReceiver",
            "com.m2catalyst.m2sdk.data_collection.wifi.WifiSDKReceiver",
            "com.m2catalyst.m2sdk.data_transmission.DeviceIdleModeReceiver",
            "com.m2catalyst.m2sdk.data_transmission.TransmissionSDKReceiver",
            "com.suleymaner.coordinatorplus.AppIndexingUpdateReceiver",
            "com.umlaut.crowd.receiver.InsightReceiver"
        ],
        "permission_details": {
            "android.permission.ACCESS_ADSERVICES_AD_ID": "unknown",
            "android.permission.ACCESS_ADSERVICES_ATTRIBUTION": "unknown",
            "android.permission.ACCESS_ADSERVICES_TOPICS": "unknown",
            "android.permission.ACCESS_COARSE_LOCATION": "dangerous",
            "android.permission.ACCESS_FINE_LOCATION": "dangerous",
            "android.permission.ACCESS_NETWORK_STATE": "normal",
            "android.permission.ACCESS_WIFI_STATE": "normal",
            "android.permission.CAMERA": "dangerous",
            "android.permission.CHANGE_WIFI_MULTICAST_STATE": "normal",
            "android.permission.CHANGE_WIFI_STATE": "normal",
            "android.permission.FOREGROUND_SERVICE": "normal",
            "android.permission.INTERNET": "normal",
            "android.permission.READ_EXTERNAL_STORAGE": "dangerous",
            "android.permission.RECEIVE_BOOT_COMPLETED": "normal",
            "android.permission.WAKE_LOCK": "normal",
            "android.permission.WRITE_EXTERNAL_STORAGE": "dangerous",
            "com.android.vending.BILLING": "unknown",
            "com.applovin.array.apphub.permission.BIND_APPHUB_SERVICE": "unknown",
            "com.google.android.finsky.permission.BIND_GET_INSTALL_REFERRER_SERVICE": "unknown",
            "com.google.android.gms.permission.AD_ID": "unknown",
            "com.google.android.providers.gsf.permission.READ_GSERVICES": "unknown",
            "com.suleymaner.coordinatorplus.DYNAMIC_RECEIVER_NOT_EXPORTED_PERMISSION": "unknown"
        },
        "risk_counts": {
            "unknown": 9,
            "dangerous": 5,
            "normal": 8
        }
    },
    "stats": {
        "dex_count": 12,
        "native_lib_count": 0
    },
    "jadx": {
        "status": "ok",
        "duration_sec": 591.46,
        "sources_present": true,
        "java_file_count": 37689
    },
    "ast_analysis": {
        "location": 39,
        "microphone": 0,
        "camera": 83,
        "media_projection": 0,
        "dynamic_load": 0,
        "jni": 14
    },
    "analysis_state": "complete",
    "behavioral_structural_data": {
        "api_inventory": {
            "camera": 0,
            "microphone": 0,
            "location": 12,
            "torch": 0,
            "telephony_ops": 7,
            "system_commands": 18,
            "webview_interop": 49,
            "content_access": 23,
            "audio_control": 2,
            "vibration": 1,
            "network_io": 48,
            "scheduling_apis": 139,
            "dynamic_code": 789
        },
        "execution_context": {
            "in_service": 0,
            "in_receiver": 0,
            "in_activity": 0,
            "in_provider": 0,
            "unknown": 1088
        },
        "scheduling_mechanisms": {
            "alarm_manager": 13,
            "handler_loop": 116,
            "job_scheduler": 10
        },
        "trigger_types": {
            "auto_triggered": 8,
            "user_triggered": 3
        },
        "dynamic_features": {
            "jni_usage": 13,
            "dynamic_loading": 4,
            "reflection": 776
        }
    }
}