{
    "apk_name": "AAFEE609999BDF009956CCA22688E851E2544C911F5EC33A616BC3423CFD854A",
    "sha256": "aafee609999bdf009956cca22688e851e2544c911f5ec33a616bc3423cfd854a",
    "metadata": {
        "package_name": "com.winekar.app",
        "version_code": "82",
        "version_name": "4.0.1.1",
        "min_sdk": "21",
        "target_sdk": "29",
        "permissions": [
            "android.permission.ACCESS_COARSE_LOCATION",
            "android.permission.ACCESS_FINE_LOCATION",
            "android.permission.ACCESS_LOCATION_EXTRA_COMMANDS",
            "android.permission.ACCESS_NETWORK_STATE",
            "android.permission.ACCESS_WIFI_STATE",
            "android.permission.BLUETOOTH",
            "android.permission.BLUETOOTH_ADMIN",
            "android.permission.BROADCAST_PACKAGE_ADDED",
            "android.permission.BROADCAST_PACKAGE_CHANGED",
            "android.permission.BROADCAST_PACKAGE_INSTALL",
            "android.permission.BROADCAST_PACKAGE_REPLACED",
            "android.permission.CALL_PHONE",
            "android.permission.CAMERA",
            "android.permission.CHANGE_NETWORK_STATE",
            "android.permission.CHANGE_WIFI_STATE",
            "android.permission.DISABLE_KEYGUARD",
            "android.permission.DOWNLOAD_WITHOUT_NOTIFICATION",
            "android.permission.FLASHLIGHT",
            "android.permission.FOREGROUND_SERVICE",
            "android.permission.GET_ACCOUNTS",
            "android.permission.GET_PACKAGE_SIZE",
            "android.permission.GET_TASKS",
            "android.permission.INTERNET",
            "android.permission.MANAGE_ACCOUNTS",
            "android.permission.MANAGE_EXTERNAL_STORAGE",
            "android.permission.MODIFY_AUDIO_SETTINGS",
            "android.permission.MOUNT_UNMOUNT_FILESYSTEMS",
            "android.permission.READ_EXTERNAL_STORAGE",
            "android.permission.READ_MEDIA_AUDIO",
            "android.permission.READ_MEDIA_IMAGES",
            "android.permission.READ_MEDIA_VIDEO",
            "android.permission.READ_PHONE_STATE",
            "android.permission.READ_PRIVILEGED_PHONE_STATE",
            "android.permission.RECEIVE_BOOT_COMPLETED",
            "android.permission.RECEIVE_USER_PRESENT",
            "android.permission.RECORD_AUDIO",
            "android.permission.REQUEST_IGNORE_BATTERY_OPTIMIZATIONS",
            "android.permission.REQUEST_INSTALL_PACKAGES",
            "android.permission.RESTART_PACKAGES",
            "android.permission.STOP_APP_SWITCHES",
            "android.permission.SYSTEM_ALERT_WINDOW",
            "android.permission.TYPE_APPLICATION_OVERLAY",
            "android.permission.USE_CREDENTIALS",
            "android.permission.VIBRATE",
            "android.permission.WAKE_LOCK",
            "android.permission.WRITE_EXTERNAL_STORAGE",
            "android.permission.WRITE_SETTINGS",
            "com.android.launcher.permission.INSTALL_SHORTCUT",
            "com.android.launcher.permission.READ_SETTINGS",
            "com.android.launcher.permission.UNINSTALL_SHORTCUT",
            "com.android.launcher2.permission.READ_SETTINGS",
            "com.android.launcher3.permission.READ_SETTINGS",
            "com.asus.msa.SupplementaryDID.ACCESS",
            "com.coloros.mcs.permission.RECIEVE_MCS_MESSAGE",
            "com.heytap.mcs.permission.RECIEVE_MCS_MESSAGE",
            "com.huawei.android.launcher.permission.CHANGE_BADGE",
            "com.huawei.appmarket.service.commondata.permission.GET_COMMON_DATA",
            "com.meizu.c2dm.permission.RECEIVE",
            "com.meizu.flyme.push.permission.RECEIVE",
            "com.vivo.notification.permission.BADGE_ICON",
            "com.winekar.app.permission.C2D_MESSAGE",
            "com.winekar.app.permission.MIPUSH_RECEIVE",
            "com.winekar.app.permission.PROCESS_PUSH_MSG",
            "com.winekar.app.permission.PUSH_PROVIDER",
            "com.winekar.app.push.permission.MESSAGE",
            "freemme.permission.msa"
        ],
        "activities": [
            "cn.bingoogolapple.photopicker.activity.BGAPhotoPickerActivity",
            "cn.bingoogolapple.photopicker.activity.BGAPhotoPickerPreviewActivity",
            "cn.bingoogolapple.photopicker.activity.BGAPhotoPreviewActivity",
            "com.alipay.sdk.app.APayEntranceActivity",
            "com.alipay.sdk.app.AlipayResultActivity",
            "com.alipay.sdk.app.H5AuthActivity",
            "com.alipay.sdk.app.H5OpenAuthActivity",
            "com.alipay.sdk.app.H5PayActivity",
            "com.alipay.sdk.app.PayResultActivity",
            "com.dmcbig.mediapicker.PickerActivity",
            "com.dmcbig.mediapicker.PreviewActivity",
            "com.geetest.onelogin.activity.OneLoginActivity",
            "com.geetest.onelogin.activity.OneLoginWebActivity",
            "com.huawei.hms.activity.BridgeActivity",
            "com.huawei.hms.activity.EnableServiceActivity",
            "com.huawei.updatesdk.service.otaupdate.AppUpdateActivity",
            "com.huawei.updatesdk.support.pm.PackageInstallerActivity",
            "com.qiyukf.uikit.common.media.picker.activity.PickerAlbumActivity",
            "com.qiyukf.uikit.common.media.picker.activity.PickerAlbumPreviewActivity",
            "com.qiyukf.uikit.common.media.picker.activity.PreviewImageFromCameraActivity",
            "com.qiyukf.uikit.session.activity.CaptureVideoActivity",
            "com.qiyukf.uikit.session.activity.PickImageActivity",
            "com.qiyukf.uikit.session.activity.WatchMessagePictureActivity",
            "com.qiyukf.uikit.session.activity.WatchVideoActivity",
            "com.qiyukf.unicorn.fileselect.ui.activity.FilePickerActivity",
            "com.qiyukf.unicorn.mediaselect.internal.ui.activity.AlbumPreviewActivity",
            "com.qiyukf.unicorn.mediaselect.internal.ui.activity.MatisseActivity",
            "com.qiyukf.unicorn.mediaselect.internal.ui.activity.SelectedPreviewActivity",
            "com.qiyukf.unicorn.ui.activity.CardPopupActivity",
            "com.qiyukf.unicorn.ui.activity.FileDownloadActivity",
            "com.qiyukf.unicorn.ui.activity.LeaveMessageActivity",
            "com.qiyukf.unicorn.ui.activity.LeaveMsgCustomFieldMenuActivity",
            "com.qiyukf.unicorn.ui.activity.ServiceMessageActivity",
            "com.qiyukf.unicorn.ui.activity.UrlImagePreviewActivity",
            "com.qiyukf.unicorn.ui.activity.UserWorkSheetListActivity",
            "com.qiyukf.unicorn.ui.activity.WatchPictureActivity",
            "com.qiyukf.unicorn.ui.activity.WorkSheetDetailActivity",
            "com.sina.weibo.sdk.share.ShareTransActivity",
            "com.sina.weibo.sdk.web.WebActivity",
            "com.tencent.connect.common.AssistActivity",
            "com.tencent.tauth.AuthActivity",
            "com.umeng.message.component.UmengNotificationClickActivity",
            "com.umeng.message.notify.UPushMessageNotifyActivity",
            "com.umeng.union.component.UMDownloadInfoActivity",
            "com.umeng.union.component.UMDownloadNtfClickActivity",
            "com.umeng.union.component.UMUnionActivity",
            "com.umeng.union.component.UMWebViewActivity",
            "com.winekar.agentweb.AgentActionFragment",
            "com.winekar.app.wxapi.WXEntryActivity",
            "com.winekar.app.wxapi.WXPayEntryActivity",
            "com.winekar.giftcard.ui.activity.GiftCardActActivity",
            "com.winekar.giftcard.ui.activity.GiftCardBindAccountListActivity",
            "com.winekar.giftcard.ui.activity.GiftCardBuyOrderActivity",
            "com.winekar.giftcard.ui.activity.GiftCardCartListActivity",
            "com.winekar.giftcard.ui.activity.GiftCardCategoryActivity",
            "com.winekar.giftcard.ui.activity.GiftCardCustomPricesActivity",
            "com.winekar.giftcard.ui.activity.GiftCardDetailActivity",
            "com.winekar.giftcard.ui.activity.GiftCardHomeActivity",
            "com.winekar.giftcard.ui.activity.GiftCardIncomeActivity",
            "com.winekar.giftcard.ui.activity.GiftCardListActivity",
            "com.winekar.giftcard.ui.activity.GiftCardOrderDetailActivity",
            "com.winekar.giftcard.ui.activity.GiftCardPurchaseHistoryActivity",
            "com.winekar.giftcard.ui.activity.GiftCardWithdrawalActivity",
            "com.winekar.guarantee.ui.activity.AntiCounterfeitingCodeList",
            "com.winekar.guarantee.ui.activity.FillInLogisticsActivity",
            "com.winekar.guarantee.ui.activity.GuaranteeApplyBuyBackActivity",
            "com.winekar.guarantee.ui.activity.GuaranteeApplyBuyBackDetailActivity",
            "com.winekar.guarantee.ui.activity.GuaranteeApplyShipActivity",
            "com.winekar.guarantee.ui.activity.GuaranteeApplyShipListActivity",
            "com.winekar.guarantee.ui.activity.GuaranteeHomeActivity",
            "com.winekar.login.ui.activity.ForgetPasswordActivity",
            "com.winekar.login.ui.activity.LoginActivity",
            "com.winekar.login.ui.activity.LoginCodeActivity",
            "com.winekar.main.ui.activity.CaptureActivity",
            "com.winekar.main.ui.activity.CartListActivity",
            "com.winekar.main.ui.activity.CategoryInfoActivity",
            "com.winekar.main.ui.activity.H5WebViewActivity",
            "com.winekar.main.ui.activity.MainActivity",
            "com.winekar.main.ui.activity.RQSuccessActivity",
            "com.winekar.main.ui.activity.SplashActivity",
            "com.winekar.main.ui.activity.TopicsListActivity",
            "com.winekar.main.ui.activity.WinekarPromiseActivity",
            "com.winekar.product.ui.activity.AllBrandListActivity",
            "com.winekar.product.ui.activity.BrandDiscDetailActivity",
            "com.winekar.product.ui.activity.BrandDiscListActivity",
            "com.winekar.product.ui.activity.BrandProductListHomeActivity",
            "com.winekar.product.ui.activity.CommentsListActivity",
            "com.winekar.product.ui.activity.CountryInfoActivity",
            "com.winekar.product.ui.activity.CountryMoreListActivity",
            "com.winekar.product.ui.activity.DiscountedListActivity",
            "com.winekar.product.ui.activity.ExcellentListActivity",
            "com.winekar.product.ui.activity.FlashSaleActivity",
            "com.winekar.product.ui.activity.ProductDetailActivity",
            "com.winekar.product.ui.activity.ProductImageDetailActivity",
            "com.winekar.product.ui.activity.ProductListActivity",
            "com.winekar.product.ui.activity.RankingAroundAllActivity",
            "com.winekar.product.ui.activity.RankingBrandInfoActivity",
            "com.winekar.product.ui.activity.RankingInfoActivity",
            "com.winekar.product.ui.activity.RankingMoreListActivity",
            "com.winekar.product.ui.activity.RankingProductListActivity",
            "com.winekar.product.ui.activity.SearchHistoryActivity",
            "com.winekar.product.ui.activity.ShelfListActivity",
            "com.winekar.shop.ui.activity.ApplyReflectInfoActivity",
            "com.winekar.shop.ui.activity.CashDetailActivity",
            "com.winekar.shop.ui.activity.SettingToolsListActivity",
            "com.winekar.shop.ui.activity.ShopAlipayInfoActivity",
            "com.winekar.shop.ui.activity.ShopHomeInfoActivity",
            "com.winekar.shop.ui.activity.ShopHomeInfoSettingActivity",
            "com.winekar.shop.ui.activity.ShopInfoDefaultImageActivity",
            "com.winekar.shop.ui.activity.ShopInfoEditActivity",
            "com.winekar.shop.ui.activity.ShopInfoPreviewActivity",
            "com.winekar.shop.ui.activity.ShopIntroductionInfoActivity",
            "com.winekar.shop.ui.activity.ShopIntroductionInfoTypeActivity",
            "com.winekar.shop.ui.activity.ShopOrderListActivity",
            "com.winekar.shop.ui.activity.ShopPayDeskActivity",
            "com.winekar.shop.ui.activity.ShopTotalCashActivity",
            "com.winekar.shop.ui.activity.ShopTotalCashCategoryActivity",
            "com.winekar.shop.ui.activity.ShopTotalCashListAllActivity",
            "com.winekar.shop.ui.activity.ShopTypeEditInfoActivity",
            "com.winekar.shop.ui.activity.ShopTypeEditInfoIDCardActivity",
            "com.winekar.shop.ui.activity.ShopTypeListActivity",
            "com.winekar.shop.ui.activity.ShopTypeLogoActivity",
            "com.winekar.shop.ui.activity.TodayOrderActivity",
            "com.winekar.shop.ui.activity.UserMInfoActivity",
            "com.winekar.shop.ui.activity.UserMInfoSetActivity",
            "com.winekar.shop.ui.activity.UserManagementListActivity",
            "com.winekar.shop.ui.activity.UserManagementListSearchActivity",
            "com.winekar.shop.ui.activity.WithdrawalsHomeActivity",
            "com.winekar.shop.ui.activity.uniModule.DialogActivity",
            "com.winekar.shop.ui.activity.uniModule.DialogShopShareActivity",
            "com.winekar.user.ui.activity.AccountSecurityActivity",
            "com.winekar.user.ui.activity.AddressAddOrUpdateActivity",
            "com.winekar.user.ui.activity.AddressListActivity",
            "com.winekar.user.ui.activity.AddressVerifiedAddOrUpdateActivity",
            "com.winekar.user.ui.activity.AddressVerifiedListActivity",
            "com.winekar.user.ui.activity.AfterSaleDetailActivity",
            "com.winekar.user.ui.activity.AfterSaleListActivity",
            "com.winekar.user.ui.activity.BalanceListActivity",
            "com.winekar.user.ui.activity.BrowseListActivity",
            "com.winekar.user.ui.activity.CancelAccountActivity",
            "com.winekar.user.ui.activity.CoinListActivity",
            "com.winekar.user.ui.activity.CollectionListActivity",
            "com.winekar.user.ui.activity.ConfirmMoreProductListActivity",
            "com.winekar.user.ui.activity.CouponListActivity",
            "com.winekar.user.ui.activity.GroupInfoActivity",
            "com.winekar.user.ui.activity.MessagesActivity",
            "com.winekar.user.ui.activity.MessagesTypeActivity",
            "com.winekar.user.ui.activity.OrderAddressManageActivity",
            "com.winekar.user.ui.activity.OrderCreateActivity",
            "com.winekar.user.ui.activity.OrderCreateGuaranteeActivity",
            "com.winekar.user.ui.activity.OrderDetailActivity",
            "com.winekar.user.ui.activity.OrderDiscussActivity",
            "com.winekar.user.ui.activity.OrderInvoiceDetailActivity",
            "com.winekar.user.ui.activity.OrderListActivity",
            "com.winekar.user.ui.activity.OrderLogisticActivity",
            "com.winekar.user.ui.activity.OrderPayDeskActivity",
            "com.winekar.user.ui.activity.OrderPayInfoActivity",
            "com.winekar.user.ui.activity.OrderPayInfoGiftCardActivity",
            "com.winekar.user.ui.activity.RerurnedProductDetailActivity",
            "com.winekar.user.ui.activity.ResetUserInfoActivity",
            "com.winekar.user.ui.activity.ReturnedProductListActivity",
            "com.winekar.user.ui.activity.SettingUserLayoutViewActivity",
            "com.winekar.user.ui.activity.SettingsActivity",
            "com.winekar.user.ui.activity.UpdatePhoneActivity",
            "com.winekar.user.ui.activity.UpdatePswActivity",
            "com.winekar.user.ui.activity.UserAttentionListActivity",
            "com.winekar.user.ui.activity.VATInvoiceAptitudeAddActivity",
            "io.dcloud.PandoraEntry",
            "io.dcloud.PandoraEntryActivity",
            "io.dcloud.ProcessMediator",
            "io.dcloud.WebviewActivity",
            "io.dcloud.feature.gallery.imageedit.IMGEditActivity",
            "io.dcloud.feature.nativeObj.photoview.PhotoActivity",
            "io.dcloud.feature.sdk.AloneTaskPandoraEntry",
            "io.dcloud.feature.sdk.DCUniMPActivity",
            "io.dcloud.feature.sdk.DCUniMPAloneTaskActivity",
            "io.dcloud.imagepick.CustomGalleryActivity",
            "pub.devrel.easypermissions.AppSettingsDialogHolderActivity"
        ],
        "services": [
            "com.heytap.msp.push.service.CompatibleDataMessageCallbackService",
            "com.heytap.msp.push.service.DataMessageCallbackService",
            "com.huawei.agconnect.core.ServiceDiscovery",
            "com.huawei.hms.support.api.push.service.HmsMsgService",
            "com.meizu.cloud.pushsdk.NotificationService",
            "com.qiyukf.module.log.UploadPulseService",
            "com.qiyukf.nimlib.job.NIMJobService",
            "com.qiyukf.nimlib.service.NimService",
            "com.qiyukf.nimlib.service.NimService$Aux",
            "com.qiyukf.nimlib.service.ResponseService",
            "com.taobao.accs.ChannelService",
            "com.taobao.accs.ChannelService$KernelService",
            "com.taobao.accs.data.MsgDistributeService",
            "com.taobao.accs.internal.AccsJobService",
            "com.umeng.message.component.UmengIntentService",
            "com.umeng.message.component.UmengMessageHandlerService",
            "com.umeng.message.component.UmengMessageReceiverService",
            "com.vivo.push.sdk.service.CommandClientService",
            "com.winekar.appupdate.service.DownloadService",
            "com.winekar.base.service.WebService",
            "com.xiaomi.mipush.sdk.MessageHandleService",
            "com.xiaomi.mipush.sdk.PushMessageHandler",
            "com.xiaomi.push.service.XMJobService",
            "com.xiaomi.push.service.XMPushService",
            "io.dcloud.feature.sdk.DCUniMPService",
            "org.android.agoo.accs.AgooService",
            "org.android.agoo.huawei.HuaweiPushMessageService"
        ],
        "receivers": [
            "com.huawei.hms.support.api.push.PushMsgReceiver",
            "com.huawei.hms.support.api.push.PushReceiver",
            "com.qiyukf.nimlib.service.NimReceiver",
            "com.qiyukf.nimlib.service.ResponseReceiver",
            "com.taobao.accs.EventReceiver",
            "com.taobao.accs.ServiceReceiver",
            "com.taobao.agoo.AgooCommondReceiver",
            "com.taobao.weex.WXGlobalEventReceiver",
            "com.umeng.message.component.UmengNotificationReceiver",
            "com.umeng.union.component.UMUnionReceiver",
            "com.xiaomi.push.service.receivers.NetworkStatusReceiver",
            "com.xiaomi.push.service.receivers.PingReceiver",
            "io.dcloud.common.adapter.io.DownloadReceiver",
            "io.dcloud.common.adapter.io.PushReceiver",
            "org.android.agoo.vivo.PushMessageReceiverImpl",
            "org.android.agoo.xiaomi.MiPushBroadcastReceiver"
        ],
        "permission_details": {
            "android.permission.ACCESS_COARSE_LOCATION": "dangerous",
            "android.permission.ACCESS_FINE_LOCATION": "dangerous",
            "android.permission.ACCESS_LOCATION_EXTRA_COMMANDS": "normal",
            "android.permission.ACCESS_NETWORK_STATE": "normal",
            "android.permission.ACCESS_WIFI_STATE": "normal",
            "android.permission.BLUETOOTH": "normal",
            "android.permission.BLUETOOTH_ADMIN": "normal",
            "android.permission.BROADCAST_PACKAGE_ADDED": "unknown",
            "android.permission.BROADCAST_PACKAGE_CHANGED": "unknown",
            "android.permission.BROADCAST_PACKAGE_INSTALL": "unknown",
            "android.permission.BROADCAST_PACKAGE_REPLACED": "unknown",
            "android.permission.CALL_PHONE": "dangerous",
            "android.permission.CAMERA": "dangerous",
            "android.permission.CHANGE_NETWORK_STATE": "normal",
            "android.permission.CHANGE_WIFI_STATE": "normal",
            "android.permission.DISABLE_KEYGUARD": "normal",
            "android.permission.DOWNLOAD_WITHOUT_NOTIFICATION": "unknown",
            "android.permission.FLASHLIGHT": "unknown",
            "android.permission.FOREGROUND_SERVICE": "normal",
            "android.permission.GET_ACCOUNTS": "dangerous",
            "android.permission.GET_PACKAGE_SIZE": "normal",
            "android.permission.GET_TASKS": "unlaballed",
            "android.permission.INTERNET": "normal",
            "android.permission.MANAGE_ACCOUNTS": "unknown",
            "android.permission.MANAGE_EXTERNAL_STORAGE": "signature",
            "android.permission.MODIFY_AUDIO_SETTINGS": "normal",
            "android.permission.MOUNT_UNMOUNT_FILESYSTEMS": "unlaballed",
            "android.permission.READ_EXTERNAL_STORAGE": "dangerous",
            "android.permission.READ_MEDIA_AUDIO": "dangerous",
            "android.permission.READ_MEDIA_IMAGES": "dangerous",
            "android.permission.READ_MEDIA_VIDEO": "dangerous",
            "android.permission.READ_PHONE_STATE": "dangerous",
            "android.permission.READ_PRIVILEGED_PHONE_STATE": "unknown",
            "android.permission.RECEIVE_BOOT_COMPLETED": "normal",
            "android.permission.RECEIVE_USER_PRESENT": "unknown",
            "android.permission.RECORD_AUDIO": "dangerous",
            "android.permission.REQUEST_IGNORE_BATTERY_OPTIMIZATIONS": "normal",
            "android.permission.REQUEST_INSTALL_PACKAGES": "signature",
            "android.permission.RESTART_PACKAGES": "unlaballed",
            "android.permission.STOP_APP_SWITCHES": "unknown",
            "android.permission.SYSTEM_ALERT_WINDOW": "signature",
            "android.permission.TYPE_APPLICATION_OVERLAY": "unknown",
            "android.permission.USE_CREDENTIALS": "unknown",
            "android.permission.VIBRATE": "normal",
            "android.permission.WAKE_LOCK": "normal",
            "android.permission.WRITE_EXTERNAL_STORAGE": "dangerous",
            "android.permission.WRITE_SETTINGS": "signature",
            "com.android.launcher.permission.INSTALL_SHORTCUT": "normal",
            "com.android.launcher.permission.READ_SETTINGS": "unknown",
            "com.android.launcher.permission.UNINSTALL_SHORTCUT": "unlaballed",
            "com.android.launcher2.permission.READ_SETTINGS": "unknown",
            "com.android.launcher3.permission.READ_SETTINGS": "unknown",
            "com.asus.msa.SupplementaryDID.ACCESS": "unknown",
            "com.coloros.mcs.permission.RECIEVE_MCS_MESSAGE": "unknown",
            "com.heytap.mcs.permission.RECIEVE_MCS_MESSAGE": "unknown",
            "com.huawei.android.launcher.permission.CHANGE_BADGE": "unknown",
            "com.huawei.appmarket.service.commondata.permission.GET_COMMON_DATA": "unknown",
            "com.meizu.c2dm.permission.RECEIVE": "unknown",
            "com.meizu.flyme.push.permission.RECEIVE": "unknown",
            "com.vivo.notification.permission.BADGE_ICON": "unknown",
            "com.winekar.app.permission.C2D_MESSAGE": "unknown",
            "com.winekar.app.permission.MIPUSH_RECEIVE": "unknown",
            "com.winekar.app.permission.PROCESS_PUSH_MSG": "unknown",
            "com.winekar.app.permission.PUSH_PROVIDER": "unknown",
            "com.winekar.app.push.permission.MESSAGE": "unknown",
            "freemme.permission.msa": "unknown"
        },
        "risk_counts": {
            "dangerous": 12,
            "normal": 17,
            "unknown": 29,
            "unlaballed": 4,
            "signature": 4
        }
    },
    "stats": {
        "dex_count": 5,
        "native_lib_count": 31
    },
    "jadx": {
        "status": "ok",
        "duration_sec": 72.73,
        "sources_present": true,
        "java_file_count": 16979
    },
    "ast_analysis": {
        "location": 6,
        "microphone": 3,
        "camera": 98,
        "media_projection": 0,
        "dynamic_load": 0,
        "jni": 52
    },
    "analysis_state": "complete"
}