{
    "apk_name": "69EFE7E7F190124450711DD37653E5552B3025D904DAC7E01F9498F474287932",
    "sha256": "69efe7e7f190124450711dd37653e5552b3025d904dac7e01f9498f474287932",
    "metadata": {
        "package_name": "com.liupintang.pocketrubbing",
        "version_code": "104",
        "version_name": "4.6.0",
        "min_sdk": "21",
        "target_sdk": "29",
        "permissions": [
            "android.permission.ACCESS_COARSE_LOCATION",
            "android.permission.ACCESS_FINE_LOCATION",
            "android.permission.ACCESS_NETWORK_STATE",
            "android.permission.ACCESS_WIFI_STATE",
            "android.permission.BROADCAST_PACKAGE_ADDED",
            "android.permission.BROADCAST_PACKAGE_CHANGED",
            "android.permission.BROADCAST_PACKAGE_INSTALL",
            "android.permission.BROADCAST_PACKAGE_REPLACED",
            "android.permission.CALL_PHONE",
            "android.permission.CAMERA",
            "android.permission.CHANGE_CONFIGURATION",
            "android.permission.CHANGE_NETWORK_STATE",
            "android.permission.CHANGE_WIFI_STATE",
            "android.permission.GET_ACCOUNTS",
            "android.permission.GET_TASKS",
            "android.permission.INTERNET",
            "android.permission.MANAGE_ACCOFOREGROUND_SERVICEUNTS",
            "android.permission.POST_NOTIFICATIONS",
            "android.permission.READ_EXTERNAL_STORAGE",
            "android.permission.READ_PHONE_STATE",
            "android.permission.REQUEST_INSTALL_PACKAGES",
            "android.permission.SYSTEM_ALERT_WINDOW",
            "android.permission.USE_CREDENTIALS",
            "android.permission.VIBRATE",
            "android.permission.WAKE_LOCK",
            "android.permission.WRITE_EXTERNAL_STORAGE",
            "com.coloros.mcs.permission.RECIEVE_MCS_MESSAGE",
            "com.google.android.gms.permission.AD_ID",
            "com.heytap.mcs.permission.RECIEVE_MCS_MESSAGE",
            "com.hihonor.security.permission.ACCESS_THREAT_DETECTION",
            "com.huawei.android.launcher.permission.CHANGE_BADGE",
            "com.liupintang.pocketrubbing.permission.C2D_MESSAGE",
            "com.liupintang.pocketrubbing.permission.MIPUSH_RECEIVE",
            "com.liupintang.pocketrubbing.push.permission.MESSAGE",
            "com.meizu.c2dm.permission.RECEIVE",
            "com.meizu.flyme.push.permission.RECEIVE",
            "com.vivo.notification.permission.BADGE_ICON"
        ],
        "activities": [
            "com.ali.auth.third.ui.LoginActivity",
            "com.ali.auth.third.ui.LoginWebViewActivity",
            "com.ali.auth.third.ui.QrLoginActivity",
            "com.ali.auth.third.ui.QrLoginConfirmActivity",
            "com.ali.auth.third.ui.webview.BaseWebViewActivity",
            "com.alibaba.alibclinkpartner.smartlink.ALPEntranceActivity",
            "com.alibaba.baichuan.android.trade.ui.AlibcWebViewActivity",
            "com.alibaba.baichuan.trade.biz.auth.AlibcAuthActivity",
            "com.alibaba.wireless.security.open.middletier.fc.ui.ContainerActivity",
            "com.alibaba.wireless.security.open.middletier.fc.ui.ExtContainerActivity",
            "com.alipay.sdk.app.APayEntranceActivity",
            "com.alipay.sdk.app.AlipayResultActivity",
            "com.alipay.sdk.app.H5AuthActivity",
            "com.alipay.sdk.app.H5OpenAuthActivity",
            "com.alipay.sdk.app.H5PayActivity",
            "com.alipay.sdk.app.PayResultActivity",
            "com.cmic.sso.sdk.activity.LoginAuthActivity",
            "com.huawei.android.hms.agent.common.HMSAgentActivity",
            "com.huawei.hms.activity.BridgeActivity",
            "com.huawei.updatesdk.service.otaupdate.AppUpdateActivity",
            "com.huawei.updatesdk.support.pm.PackageInstallerActivity",
            "com.journeyapps.barcodescanner.CaptureActivity",
            "com.just.agentweb.ActionActivity",
            "com.liupintang.pocketrubbing.activity.AboutUsActivity",
            "com.liupintang.pocketrubbing.activity.AccountMergeActivity",
            "com.liupintang.pocketrubbing.activity.AddAddressActivity",
            "com.liupintang.pocketrubbing.activity.AddressListActivity",
            "com.liupintang.pocketrubbing.activity.AllListActivity",
            "com.liupintang.pocketrubbing.activity.AuthorActivity",
            "com.liupintang.pocketrubbing.activity.CollectActivity",
            "com.liupintang.pocketrubbing.activity.CollectWordActivity",
            "com.liupintang.pocketrubbing.activity.CropImgActivity",
            "com.liupintang.pocketrubbing.activity.CwordDetailActivity",
            "com.liupintang.pocketrubbing.activity.CwordSearchActivity",
            "com.liupintang.pocketrubbing.activity.CwordSwDetailActivity",
            "com.liupintang.pocketrubbing.activity.DemonstrateVideoActivity",
            "com.liupintang.pocketrubbing.activity.ExchangeActivity",
            "com.liupintang.pocketrubbing.activity.ExchangeResultActivity",
            "com.liupintang.pocketrubbing.activity.FamousTeacherActivity",
            "com.liupintang.pocketrubbing.activity.FamousTeacherInfoActivity",
            "com.liupintang.pocketrubbing.activity.FanCareActivity",
            "com.liupintang.pocketrubbing.activity.FeedBackActivity",
            "com.liupintang.pocketrubbing.activity.FeedbackMenuActivity",
            "com.liupintang.pocketrubbing.activity.GetWordActivity",
            "com.liupintang.pocketrubbing.activity.HistoryListActivity",
            "com.liupintang.pocketrubbing.activity.HomeSearchActivity",
            "com.liupintang.pocketrubbing.activity.HotlableActivity",
            "com.liupintang.pocketrubbing.activity.ImgActivity",
            "com.liupintang.pocketrubbing.activity.LogoutReasonsActivity",
            "com.liupintang.pocketrubbing.activity.MainActivity",
            "com.liupintang.pocketrubbing.activity.MessageChatActivity",
            "com.liupintang.pocketrubbing.activity.MessageChatDetailActivity",
            "com.liupintang.pocketrubbing.activity.MessageListActivity",
            "com.liupintang.pocketrubbing.activity.MovieActivity",
            "com.liupintang.pocketrubbing.activity.MyActivityInfoActivity",
            "com.liupintang.pocketrubbing.activity.MyCouponActivity",
            "com.liupintang.pocketrubbing.activity.MyCourseActivity",
            "com.liupintang.pocketrubbing.activity.MyCycleActivity",
            "com.liupintang.pocketrubbing.activity.MyListActivity",
            "com.liupintang.pocketrubbing.activity.MyRubbingActivity",
            "com.liupintang.pocketrubbing.activity.MyWordActivity",
            "com.liupintang.pocketrubbing.activity.NewAuthorActivity",
            "com.liupintang.pocketrubbing.activity.OneWordActivity",
            "com.liupintang.pocketrubbing.activity.OneWordListActivity",
            "com.liupintang.pocketrubbing.activity.OrderDetailsActivity",
            "com.liupintang.pocketrubbing.activity.OrderListActivity",
            "com.liupintang.pocketrubbing.activity.PayActivity",
            "com.liupintang.pocketrubbing.activity.PayVideoActivity",
            "com.liupintang.pocketrubbing.activity.PowerActivity",
            "com.liupintang.pocketrubbing.activity.PowerListActivity",
            "com.liupintang.pocketrubbing.activity.ProtocolActivity",
            "com.liupintang.pocketrubbing.activity.PushActivity",
            "com.liupintang.pocketrubbing.activity.RankingActivity",
            "com.liupintang.pocketrubbing.activity.RecommendListActivity",
            "com.liupintang.pocketrubbing.activity.RubbingClassifyActivity",
            "com.liupintang.pocketrubbing.activity.RubbingDetailLandActivity",
            "com.liupintang.pocketrubbing.activity.RubbingDetailsActivity",
            "com.liupintang.pocketrubbing.activity.RubbingIntDetailActivity",
            "com.liupintang.pocketrubbing.activity.RubbingSynopsisActivity",
            "com.liupintang.pocketrubbing.activity.RubbingUserStatementActivity",
            "com.liupintang.pocketrubbing.activity.ScanActivity",
            "com.liupintang.pocketrubbing.activity.SearchActivity",
            "com.liupintang.pocketrubbing.activity.SearchFriendActivity",
            "com.liupintang.pocketrubbing.activity.SetActivity",
            "com.liupintang.pocketrubbing.activity.SettingUserInfoActivity",
            "com.liupintang.pocketrubbing.activity.ShopActivity",
            "com.liupintang.pocketrubbing.activity.SignInActivity",
            "com.liupintang.pocketrubbing.activity.SignInShareActivity",
            "com.liupintang.pocketrubbing.activity.SignSelectBtActivity",
            "com.liupintang.pocketrubbing.activity.SpringRubbingActivity",
            "com.liupintang.pocketrubbing.activity.SpringRubbingNewActivity",
            "com.liupintang.pocketrubbing.activity.SuggestionsActivity",
            "com.liupintang.pocketrubbing.activity.TextActivity",
            "com.liupintang.pocketrubbing.activity.VideoByListActivity",
            "com.liupintang.pocketrubbing.activity.WalletActivity",
            "com.liupintang.pocketrubbing.activity.WebActivity",
            "com.liupintang.pocketrubbing.activity.WellChosenRbActivity",
            "com.liupintang.pocketrubbing.activity.WordCameraComparisonActivity",
            "com.liupintang.pocketrubbing.activity.WordClassifyActivity",
            "com.liupintang.pocketrubbing.activity.WordDoubleHookComparisonActivity",
            "com.liupintang.pocketrubbing.activity.WordEditActivity",
            "com.liupintang.pocketrubbing.activity.WordImgBrowseActivity",
            "com.liupintang.pocketrubbing.activity.WordImgBrowsesActivity",
            "com.liupintang.pocketrubbing.activity.WordImgFullScreenActivity",
            "com.liupintang.pocketrubbing.activity.WordImgFullScreenLandActivity",
            "com.liupintang.pocketrubbing.activity.WordImgNewBrowseActivity",
            "com.liupintang.pocketrubbing.activity.WordInfoActivity",
            "com.liupintang.pocketrubbing.activity.WordListSearchActivity",
            "com.liupintang.pocketrubbing.activity.WordSearchResultActivity",
            "com.liupintang.pocketrubbing.activity.WordWatermarkComparisonActivity",
            "com.liupintang.pocketrubbing.activity.bdspring.SpringCollectionActivity",
            "com.liupintang.pocketrubbing.activity.bdspring.SpringDetailActivity",
            "com.liupintang.pocketrubbing.activity.bdspring.SpringTypeListActivity",
            "com.liupintang.pocketrubbing.activity.circle.CircleCompereExplainActivity",
            "com.liupintang.pocketrubbing.activity.circle.CircleDetailActivity",
            "com.liupintang.pocketrubbing.activity.circle.CircleEditThemeActivity",
            "com.liupintang.pocketrubbing.activity.circle.CircleEditWordActivity",
            "com.liupintang.pocketrubbing.activity.circle.CircleGoAnswerActivity",
            "com.liupintang.pocketrubbing.activity.circle.CircleHomeActivity",
            "com.liupintang.pocketrubbing.activity.circle.CircleListActivity",
            "com.liupintang.pocketrubbing.activity.circle.CircleMainUserListActivity",
            "com.liupintang.pocketrubbing.activity.circle.CircleMarketingActivity",
            "com.liupintang.pocketrubbing.activity.circle.CircleMoSearchActivity",
            "com.liupintang.pocketrubbing.activity.circle.CircleMovieActivity",
            "com.liupintang.pocketrubbing.activity.circle.CircleReplayQaActivity",
            "com.liupintang.pocketrubbing.activity.circle.CircleUploadActivity",
            "com.liupintang.pocketrubbing.activity.circle.NewCircleDetailActivity",
            "com.liupintang.pocketrubbing.activity.circle.NewCircleListActivity",
            "com.liupintang.pocketrubbing.activity.clock.ClockCalendarActivity",
            "com.liupintang.pocketrubbing.activity.clock.ClockImgActivity",
            "com.liupintang.pocketrubbing.activity.clock.ClockInDetailActivity",
            "com.liupintang.pocketrubbing.activity.clock.ClockListActivity",
            "com.liupintang.pocketrubbing.activity.clock.ClockPrizeActivity",
            "com.liupintang.pocketrubbing.activity.community.DisImagesPreviewActivity",
            "com.liupintang.pocketrubbing.activity.community.DynamicDetailActivity",
            "com.liupintang.pocketrubbing.activity.community.OtherTrendsDetailActivity",
            "com.liupintang.pocketrubbing.activity.community.RubbingIntroduceActivity",
            "com.liupintang.pocketrubbing.activity.community.RubbingTrendsDetailActivity",
            "com.liupintang.pocketrubbing.activity.game.MorningClockDetailActivity",
            "com.liupintang.pocketrubbing.activity.game.RecordListActivity",
            "com.liupintang.pocketrubbing.activity.game.RubbingFriendsActivity",
            "com.liupintang.pocketrubbing.activity.login.BindPhoneActivity",
            "com.liupintang.pocketrubbing.activity.login.EditActivity",
            "com.liupintang.pocketrubbing.activity.login.LaunchActivity",
            "com.liupintang.pocketrubbing.activity.login.LoginActivity",
            "com.liupintang.pocketrubbing.activity.login.LoginPhoneActicity",
            "com.liupintang.pocketrubbing.activity.login.SplashActivity",
            "com.liupintang.pocketrubbing.activity.login.VerificationCodeActivity",
            "com.liupintang.pocketrubbing.activity.member.ExpGetScuessActivity",
            "com.liupintang.pocketrubbing.activity.member.ExpNewUserActivity",
            "com.liupintang.pocketrubbing.activity.member.MemberAutoActivity",
            "com.liupintang.pocketrubbing.activity.member.MemberDeListActivity",
            "com.liupintang.pocketrubbing.activity.member.MemberHomeActivity",
            "com.liupintang.pocketrubbing.activity.member.MemberMarketingActivity",
            "com.liupintang.pocketrubbing.activity.mine.BlockUserListActivity",
            "com.liupintang.pocketrubbing.activity.mine.BtAccountSetActivity",
            "com.liupintang.pocketrubbing.activity.mine.IntroEditActivity",
            "com.liupintang.pocketrubbing.activity.mine.MessageSetActivity",
            "com.liupintang.pocketrubbing.activity.mine.PrivacySetActivity",
            "com.liupintang.pocketrubbing.activity.mine.TestNormarlActivity",
            "com.liupintang.pocketrubbing.activity.mine.TestUploadImageActivity",
            "com.liupintang.pocketrubbing.activity.mine.UpdateImageActivity",
            "com.liupintang.pocketrubbing.activity.mine.UserAccountSetActivity",
            "com.liupintang.pocketrubbing.activity.mine.UserLoctionActivity",
            "com.liupintang.pocketrubbing.activity.msg.MsgDisListActivity",
            "com.liupintang.pocketrubbing.activity.msg.MsgFanListActivity",
            "com.liupintang.pocketrubbing.activity.msg.MsgNotListActivity",
            "com.liupintang.pocketrubbing.activity.msg.MsgZanListActivity",
            "com.liupintang.pocketrubbing.activity.pushutil.MipushTestActivity",
            "com.liupintang.pocketrubbing.activity.qualitycourse.QualityCourseListActivity",
            "com.liupintang.pocketrubbing.activity.qualitycourse.QualityMovieActivity",
            "com.liupintang.pocketrubbing.activity.report.ReportAppealActivity",
            "com.liupintang.pocketrubbing.activity.report.ReportDetailActivity",
            "com.liupintang.pocketrubbing.activity.report.ReportReasonActivity",
            "com.liupintang.pocketrubbing.activity.report.ReportScuessActivity",
            "com.liupintang.pocketrubbing.activity.shop.ScoreGoodsDetailActivity",
            "com.liupintang.pocketrubbing.activity.shop.ScoreGoodsExchangeActivity",
            "com.liupintang.pocketrubbing.activity.shop.ScoreGoodsRuleAcitivity",
            "com.liupintang.pocketrubbing.activity.shop.ScoreShopActivity",
            "com.liupintang.pocketrubbing.activity.shop.ShopSearchActivity",
            "com.liupintang.pocketrubbing.activity.shop.ShopbcDetailActivity",
            "com.liupintang.pocketrubbing.activity.shop.ShopbcMainActivity",
            "com.liupintang.pocketrubbing.activity.shop.ShopbcZlActivity",
            "com.liupintang.pocketrubbing.activity.sign.SelectLocationActivity",
            "com.liupintang.pocketrubbing.activity.sign.SignImageEditActivity",
            "com.liupintang.pocketrubbing.activity.studycircle.ScircleAnswerActivity",
            "com.liupintang.pocketrubbing.activity.studycircle.ScircleDetailActivity",
            "com.liupintang.pocketrubbing.activity.studycircle.ScircleInviteActivity",
            "com.liupintang.pocketrubbing.activity.studycircle.ScircleMoviceActivity",
            "com.liupintang.pocketrubbing.activity.studycircle.ScirclePayActivity",
            "com.liupintang.pocketrubbing.activity.studycircle.ScircleQaActivity",
            "com.liupintang.pocketrubbing.activity.topic.HotTopicActivity",
            "com.liupintang.pocketrubbing.activity.topic.TopicIntroduceActivity",
            "com.liupintang.pocketrubbing.activity.topic.TopicMainActivity",
            "com.liupintang.pocketrubbing.activity.yinpu.YinpuDetailActivity",
            "com.liupintang.pocketrubbing.wxapi.WXEntryActivity",
            "com.liupintang.pocketrubbing.wxapi.WXPayEntryActivity",
            "com.luck.picture.lib.basic.PictureSelectorSupporterActivity",
            "com.luck.picture.lib.basic.PictureSelectorTransparentActivity",
            "com.lxj.xpopup.util.XPermission$PermissionActivity",
            "com.mobile.auth.gatewayauth.LoginAuthActivity",
            "com.mobile.auth.gatewayauth.activity.AuthWebVeiwActivity",
            "com.sina.weibo.sdk.share.ShareTransActivity",
            "com.sina.weibo.sdk.web.WebActivity",
            "com.tencent.connect.common.AssistActivity",
            "com.tencent.tauth.AuthActivity",
            "com.umeng.message.component.UmengNotificationClickActivity",
            "com.umeng.message.notify.UPushMessageNotifyActivity",
            "com.xiaomi.mipush.sdk.NotificationClickedActivity",
            "com.yalantis.ucrop.UCropActivity",
            "com.yalantis.ucrop.UCropMultipleActivity"
        ],
        "services": [
            "com.heytap.msp.push.service.CompatibleDataMessageCallbackService",
            "com.heytap.msp.push.service.DataMessageCallbackService",
            "com.huawei.updatesdk.service.deamon.download.DownloadService",
            "com.luck.picture.lib.service.ForegroundService",
            "com.meizu.cloud.pushsdk.NotificationService",
            "com.taobao.accs.ChannelService",
            "com.taobao.accs.ChannelService$KernelService",
            "com.taobao.accs.data.MsgDistributeService",
            "com.taobao.accs.internal.AccsJobService",
            "com.umeng.message.component.UmengIntentService",
            "com.umeng.message.component.UmengMessageHandlerService",
            "com.umeng.message.component.UmengMessageReceiverService",
            "com.vivo.push.sdk.service.CommandClientService",
            "com.xiaomi.mipush.sdk.MessageHandleService",
            "com.xiaomi.mipush.sdk.PushMessageHandler",
            "com.xiaomi.push.service.XMJobService",
            "com.xiaomi.push.service.XMPushService",
            "org.android.agoo.accs.AgooService"
        ],
        "receivers": [
            "com.alibaba.baichuan.trade.biz.login.LoginBroadcastReceiver",
            "com.liupintang.pocketrubbing.receiver.MeizuReceiver",
            "com.liupintang.pocketrubbing.receiver.MeizuReceiver",
            "com.taobao.accs.ServiceReceiver",
            "com.umeng.message.component.UmengNotificationReceiver",
            "com.xiaomi.push.service.receivers.PingReceiver",
            "org.android.agoo.huawei.HuaweiPushReceiver",
            "org.android.agoo.vivo.PushMessageReceiverImpl",
            "org.android.agoo.xiaomi.MiPushBroadcastReceiver"
        ],
        "permission_details": {
            "android.permission.ACCESS_COARSE_LOCATION": "dangerous",
            "android.permission.ACCESS_FINE_LOCATION": "dangerous",
            "android.permission.ACCESS_NETWORK_STATE": "normal",
            "android.permission.ACCESS_WIFI_STATE": "normal",
            "android.permission.BROADCAST_PACKAGE_ADDED": "unknown",
            "android.permission.BROADCAST_PACKAGE_CHANGED": "unknown",
            "android.permission.BROADCAST_PACKAGE_INSTALL": "unknown",
            "android.permission.BROADCAST_PACKAGE_REPLACED": "unknown",
            "android.permission.CALL_PHONE": "dangerous",
            "android.permission.CAMERA": "dangerous",
            "android.permission.CHANGE_CONFIGURATION": "signature",
            "android.permission.CHANGE_NETWORK_STATE": "normal",
            "android.permission.CHANGE_WIFI_STATE": "normal",
            "android.permission.GET_ACCOUNTS": "dangerous",
            "android.permission.GET_TASKS": "unlaballed",
            "android.permission.INTERNET": "normal",
            "android.permission.MANAGE_ACCOFOREGROUND_SERVICEUNTS": "unknown",
            "android.permission.POST_NOTIFICATIONS": "dangerous",
            "android.permission.READ_EXTERNAL_STORAGE": "dangerous",
            "android.permission.READ_PHONE_STATE": "dangerous",
            "android.permission.REQUEST_INSTALL_PACKAGES": "signature",
            "android.permission.SYSTEM_ALERT_WINDOW": "signature",
            "android.permission.USE_CREDENTIALS": "unknown",
            "android.permission.VIBRATE": "normal",
            "android.permission.WAKE_LOCK": "normal",
            "android.permission.WRITE_EXTERNAL_STORAGE": "dangerous",
            "com.coloros.mcs.permission.RECIEVE_MCS_MESSAGE": "unknown",
            "com.google.android.gms.permission.AD_ID": "unknown",
            "com.heytap.mcs.permission.RECIEVE_MCS_MESSAGE": "unknown",
            "com.hihonor.security.permission.ACCESS_THREAT_DETECTION": "unknown",
            "com.huawei.android.launcher.permission.CHANGE_BADGE": "unknown",
            "com.liupintang.pocketrubbing.permission.C2D_MESSAGE": "unknown",
            "com.liupintang.pocketrubbing.permission.MIPUSH_RECEIVE": "unknown",
            "com.liupintang.pocketrubbing.push.permission.MESSAGE": "unknown",
            "com.meizu.c2dm.permission.RECEIVE": "unknown",
            "com.meizu.flyme.push.permission.RECEIVE": "unknown",
            "com.vivo.notification.permission.BADGE_ICON": "unknown"
        },
        "risk_counts": {
            "dangerous": 9,
            "normal": 7,
            "unknown": 17,
            "signature": 3,
            "unlaballed": 1
        }
    },
    "stats": {
        "dex_count": 1,
        "native_lib_count": 56
    },
    "jadx": {
        "status": "ok",
        "duration_sec": 3.33,
        "sources_present": true,
        "java_file_count": 30
    },
    "ast_analysis": {
        "location": 0,
        "microphone": 0,
        "camera": 3,
        "media_projection": 0,
        "dynamic_load": 0,
        "jni": 3
    },
    "analysis_state": "complete"
}