{
    "apk_name": "E8A5C442B41F0AABF2CEDFFB86633C8B7727D97BC0F9BE73D1D5D28E4F8C827D",
    "sha256": "e8a5c442b41f0aabf2cedffb86633c8b7727d97bc0f9be73d1d5d28e4f8c827d",
    "metadata": {
        "package_name": "com.dts.freefireth",
        "version_code": "2019119030",
        "version_name": "1.118.1",
        "min_sdk": "21",
        "target_sdk": "35",
        "permissions": [
            "android.permission.ACCESS_ADSERVICES_AD_ID",
            "android.permission.ACCESS_ADSERVICES_ATTRIBUTION",
            "android.permission.ACCESS_NETWORK_STATE",
            "android.permission.ACCESS_WIFI_STATE",
            "android.permission.AUTHENTICATE_ACCOUNTS",
            "android.permission.BLUETOOTH",
            "android.permission.BLUETOOTH_CONNECT",
            "android.permission.CAMERA",
            "android.permission.CHANGE_NETWORK_STATE",
            "android.permission.FOREGROUND_SERVICE",
            "android.permission.FOREGROUND_SERVICE_MEDIA_PROJECTION",
            "android.permission.GET_ACCOUNTS",
            "android.permission.INTERNET",
            "android.permission.MANAGE_ACCOUNTS",
            "android.permission.MODIFY_AUDIO_SETTINGS",
            "android.permission.POST_NOTIFICATIONS",
            "android.permission.READ_EXTERNAL_STORAGE",
            "android.permission.RECEIVE_BOOT_COMPLETED",
            "android.permission.RECORD_AUDIO",
            "android.permission.SET_WALLPAPER",
            "android.permission.USE_CREDENTIALS",
            "android.permission.VIBRATE",
            "android.permission.WAKE_LOCK",
            "android.permission.WRITE_EXTERNAL_STORAGE",
            "com.android.vending.BILLING",
            "com.android.vending.CHECK_LICENSE",
            "com.dts.freefireth.DYNAMIC_RECEIVER_NOT_EXPORTED_PERMISSION",
            "com.dts.freefireth.permission.C2D_MESSAGE",
            "com.google.android.c2dm.permission.RECEIVE",
            "com.google.android.finsky.permission.BIND_GET_INSTALL_REFERRER_SERVICE",
            "com.google.android.gms.permission.AD_ID",
            "com.samsung.android.mapsagent.permission.READ_APP_INFO",
            "com.seagroup.spark.sdk"
        ],
        "activities": [
            "co.datadome.sdk.CaptchaActivity",
            "com.android.billingclient.api.ProxyBillingActivity",
            "com.android.billingclient.api.ProxyBillingActivityV2",
            "com.beetalk.sdk.BTLoginActivity",
            "com.beetalk.sdk.GarenaAuthActivity",
            "com.beetalk.sdk.account.MigrateGuestActivity",
            "com.beetalk.sdk.plugin.GGPluginActivity",
            "com.beetalk.sdk.plugin.GGPluginActivityCompat",
            "com.beetalk.sdk.plugin.impl.tiktok.TiktokShareResponseActivity",
            "com.bytedance.sdk.open.tiktok.ui.TikTokWebAuthorizeActivity",
            "com.dts.freefireth.FFMainActivity",
            "com.facebook.CustomTabActivity",
            "com.facebook.CustomTabMainActivity",
            "com.facebook.FacebookActivity",
            "com.garena.pay.android.GGPayActivity",
            "com.garena.unity.webview.UnityWebViewActivity",
            "com.google.android.gms.auth.api.signin.internal.SignInHubActivity",
            "com.google.android.gms.common.api.GoogleApiActivity",
            "com.google.android.gms.games.internal.v2.appshortcuts.PlayGamesAppShortcutsActivity",
            "com.google.android.gms.games.internal.v2.resolution.GamesResolutionActivity",
            "com.google.android.play.core.common.PlayCoreDialogWrapperActivity",
            "com.linecorp.linesdk.auth.internal.LineAuthenticationActivity",
            "com.linecorp.linesdk.auth.internal.LineAuthenticationCallbackActivity",
            "com.linecorp.linesdk.openchat.ui.CreateOpenChatActivity",
            "com.twitter.sdk.android.core.identity.OAuthActivity",
            "com.unity3d.plugin.downloader.UnityDownloaderActivity",
            "com.vk.api.sdk.ui.VKCaptchaActivity",
            "com.vk.api.sdk.ui.VKConfirmationActivity",
            "com.vk.api.sdk.ui.VKWebViewAuthActivity"
        ],
        "services": [
            "androidx.room.MultiInstanceInvalidationService",
            "androidx.work.impl.background.systemalarm.SystemAlarmService",
            "androidx.work.impl.background.systemjob.SystemJobService",
            "androidx.work.impl.foreground.SystemForegroundService",
            "com.beetalk.sdk.account.AccountAuthenticatorService",
            "com.dts.freefireth.FFFirebaseMessagingService",
            "com.google.android.datatransport.runtime.backends.TransportBackendDiscovery",
            "com.google.android.datatransport.runtime.scheduling.jobscheduling.JobInfoSchedulerService",
            "com.google.android.gms.auth.api.signin.RevocationBoundService",
            "com.google.android.gms.measurement.AppMeasurementJobService",
            "com.google.android.gms.measurement.AppMeasurementService",
            "com.google.android.gms.messaging.cpp.MessageForwardingService",
            "com.google.firebase.components.ComponentDiscoveryService",
            "com.google.firebase.messaging.MessageForwardingService",
            "com.google.firebase.messaging.cpp.RegistrationIntentService",
            "com.google.firebase.sessions.SessionLifecycleService",
            "com.unity3d.plugin.downloader.UnityDownloaderService",
            "com.voxelbusters.androidlib.internal.ScreenRecordingService"
        ],
        "receivers": [
            "androidx.profileinstaller.ProfileInstallReceiver",
            "androidx.work.impl.background.systemalarm.ConstraintProxy$BatteryChargingProxy",
            "androidx.work.impl.background.systemalarm.ConstraintProxy$BatteryNotLowProxy",
            "androidx.work.impl.background.systemalarm.ConstraintProxy$NetworkStateProxy",
            "androidx.work.impl.background.systemalarm.ConstraintProxy$StorageNotLowProxy",
            "androidx.work.impl.background.systemalarm.ConstraintProxyUpdateReceiver",
            "androidx.work.impl.background.systemalarm.RescheduleReceiver",
            "androidx.work.impl.diagnostics.DiagnosticsReceiver",
            "androidx.work.impl.utils.ForceStopRunnable$BroadcastReceiver",
            "com.FF.magicvoicemgr.LanguageReceiver",
            "com.appsflyer.MultipleInstallBroadcastReceiver",
            "com.dts.freefireth.FFBroadcastReceiver",
            "com.facebook.AuthenticationTokenManager$CurrentAuthenticationTokenChangedBroadcastReceiver",
            "com.facebook.CurrentAccessTokenExpirationBroadcastReceiver",
            "com.google.android.datatransport.runtime.scheduling.jobscheduling.AlarmManagerSchedulerBroadcastReceiver",
            "com.google.android.gms.measurement.AppMeasurementReceiver",
            "com.google.firebase.iid.FirebaseInstanceIdReceiver",
            "com.unity3d.plugin.downloader.UnityAlarmReceiver"
        ]
    },
    "stats": {
        "dex_count": 4,
        "native_lib_count": 23
    },
    "jadx": {
        "status": "ok",
        "duration_sec": 30.34,
        "sources_present": true,
        "java_file_count": 8211
    },
    "ast_analysis": {
        "location": 0,
        "microphone": 5,
        "camera": 10,
        "media_projection": 1,
        "dynamic_load": 0,
        "jni": 13
    },
    "analysis_state": "complete"
}