{
    "apk_name": "0D98B548DD42661052DF5CA9B8B17D74832562245E801DF6560AC12AA9F31835",
    "sha256": "0d98b548dd42661052df5ca9b8b17d74832562245e801df6560ac12aa9f31835",
    "metadata": {
        "package_name": "cl.bci.app.empresarios",
        "version_code": "118",
        "version_name": "5.17.0",
        "min_sdk": "26",
        "target_sdk": "34",
        "permissions": [
            "android.permission.ACCESS_NETWORK_STATE",
            "android.permission.ACCESS_WIFI_STATE",
            "android.permission.ACTION_MANAGE_OVERLAY_PERMISSION",
            "android.permission.AUTHENTICATE_ACCOUNTS",
            "android.permission.BLUETOOTH",
            "android.permission.CALL_PHONE",
            "android.permission.CAMERA",
            "android.permission.DOWNLOAD_WITHOUT_NOTIFICATION",
            "android.permission.FOREGROUND_SERVICE",
            "android.permission.FOREGROUND_SERVICE_REMOTE_MESSAGING",
            "android.permission.GET_ACCOUNTS",
            "android.permission.HIGH_SAMPLING_RATE_SENSORS",
            "android.permission.INTERNAL_SYSTEM_WINDOW",
            "android.permission.INTERNET",
            "android.permission.POST_NOTIFICATIONS",
            "android.permission.READ_EXTERNAL_STORAGE",
            "android.permission.READ_PHONE_NUMBERS",
            "android.permission.READ_PHONE_STATE",
            "android.permission.RECEIVE_BOOT_COMPLETED",
            "android.permission.SYSTEM_ALERT_WINDOW",
            "android.permission.USE_BIOMETRIC",
            "android.permission.USE_CREDENTIALS",
            "android.permission.USE_FINGERPRINT",
            "android.permission.WAKE_LOCK",
            "android.permission.WRITE_EXTERNAL_STORAGE",
            "cl.bci.app.empresarios.DYNAMIC_RECEIVER_NOT_EXPORTED_PERMISSION",
            "com.google.android.c2dm.permission.RECEIVE",
            "com.google.android.finsky.permission.BIND_GET_INSTALL_REFERRER_SERVICE",
            "com.google.android.gms.permission.AD_ID"
        ],
        "activities": [
            "cl.bci.app.autenticacion.presentation.login.LoginActivity",
            "cl.bci.app.autenticacion.presentation.welcome.WelcomeActivity",
            "cl.bci.app.empresarios.presentation.home.HomeTabbedActivity",
            "cl.bci.app.empresarios.presentation.splash.SplashActivity",
            "cl.bci.empresarios.transferencia.presentation.confirmarnuevodestinatario.ConfirmarNuevoDestinatarioActivity",
            "cl.bci.empresarios.transferencia.presentation.nuevodestinatario.NuevoDestinatarioActivity",
            "cl.bci.empresarios.transferencia.presentation.nuevodestinatario.infoimportadorclipboard.InfoImportadorClipboardActivity",
            "cl.bci.empresarios.transferencia.presentation.transferencia.TransferenciaActivity",
            "cl.bci.empresarios.transferencia.presentation.transferencia.buscardestinatario.BuscarDestinatarioActivity",
            "cl.bci.empresarios.transferencia.presentation.transferencia.confirmartransferencia.ConfirmarTransferenciaActivity",
            "cl.bci.empresarios.transferencia.presentation.transferencia.listadestinatarios.ListaDestinatariosActivity",
            "cl.bci.empresarios.transferencia.presentation.transferencia.listadestinatarios.editardestinatario.EditarDestinatarioActivity",
            "cl.bci.empresarios.transferencia.presentation.transferencia.listadestinatarios.infodestinatario.InfoDestinatarioActivity",
            "com.facebook.CustomTabActivity",
            "com.facebook.FacebookActivity",
            "com.google.android.gms.common.api.GoogleApiActivity",
            "com.google.android.play.core.common.PlayCoreDialogWrapperActivity",
            "com.google.android.play.core.missingsplits.PlayCoreMissingSplitsActivity",
            "com.google.internal.LN",
            "com.google.internal.Mj",
            "com.google.internal.Ms",
            "com.google.internal.NL",
            "com.google.internal.YN",
            "com.google.internal.ZD",
            "com.google.internal.aAG",
            "com.google.internal.aAL",
            "com.google.internal.aAu",
            "com.google.internal.aAx",
            "com.google.internal.aDx",
            "com.google.internal.aGc",
            "com.google.internal.aGm",
            "com.google.internal.aHI",
            "com.google.internal.aHT",
            "com.google.internal.aHl",
            "com.google.internal.aMU",
            "com.google.internal.aMb",
            "com.google.internal.aMm",
            "com.google.internal.aOJ",
            "com.google.internal.aOf",
            "com.google.internal.aQA",
            "com.google.internal.aQJ",
            "com.google.internal.aQS",
            "com.google.internal.aQp",
            "com.google.internal.aSf",
            "com.google.internal.aSj",
            "com.google.internal.aWC",
            "com.google.internal.aWG",
            "com.google.internal.aWR",
            "com.google.internal.aWs",
            "com.google.internal.aWw",
            "com.google.internal.aXA",
            "com.google.internal.aXI",
            "com.google.internal.aXK",
            "com.google.internal.aXh",
            "com.google.internal.aYF",
            "com.google.internal.aYO",
            "com.google.internal.aYa",
            "com.google.internal.aYj",
            "com.google.internal.aaU",
            "com.google.internal.aaV",
            "com.google.internal.adU",
            "com.google.internal.aeg",
            "com.google.internal.aiF",
            "com.google.internal.alX",
            "com.google.internal.aot",
            "com.google.internal.arp",
            "com.google.internal.asV",
            "com.google.internal.asd",
            "com.google.internal.asn",
            "com.google.internal.asy",
            "com.google.internal.atk",
            "com.google.internal.axU",
            "com.google.internal.axV",
            "com.google.internal.ayB",
            "com.google.internal.ayF",
            "com.google.internal.bAF",
            "com.google.internal.bAm",
            "com.google.internal.bIF",
            "com.google.internal.bbj",
            "com.google.internal.bby",
            "com.google.internal.beD",
            "com.google.internal.beO",
            "com.google.internal.beg",
            "com.google.internal.ben",
            "com.google.internal.bgC",
            "com.google.internal.bmD",
            "com.google.internal.bmJ",
            "com.google.internal.bnV",
            "com.google.internal.bnj",
            "com.google.internal.boF",
            "com.google.internal.bos",
            "com.google.internal.bpH",
            "com.google.internal.bpc",
            "com.google.internal.bpg",
            "com.google.internal.bpx",
            "com.google.internal.cFQ",
            "com.google.internal.cGe",
            "com.google.internal.cGq",
            "com.google.internal.cJt",
            "com.google.internal.cLw",
            "com.google.internal.cNc",
            "com.google.internal.cTG",
            "com.google.internal.cTL",
            "com.google.internal.cTj",
            "com.google.internal.cTr",
            "com.google.internal.cTu",
            "com.medallia.digital.mobilesdk.MedalliaFullFormActivity",
            "com.medallia.digital.mobilesdk.MedalliaModalFormActivity",
            "com.salesforce.androidsdk.auth.idp.IDPAuthCodeActivity",
            "com.salesforce.androidsdk.ui.LoginActivity",
            "com.salesforce.marketingcloud.messages.iam.IamBannerActivity",
            "com.salesforce.marketingcloud.messages.iam.IamFullImageFillActivity",
            "com.salesforce.marketingcloud.messages.iam.IamFullscreenActivity",
            "com.salesforce.marketingcloud.messages.iam.IamModalActivity",
            "com.salesforce.marketingcloud.notifications.NotificationOpenActivity",
            "com.usabilla.sdk.ubform.screenshot.UbScreenshotActivity"
        ],
        "services": [
            "androidx.work.impl.background.systemjob.SystemJobService",
            "com.google.android.datatransport.runtime.backends.TransportBackendDiscovery",
            "com.google.android.datatransport.runtime.scheduling.jobscheduling.JobInfoSchedulerService",
            "com.google.android.gms.analytics.AnalyticsJobService",
            "com.google.android.gms.analytics.AnalyticsService",
            "com.google.android.gms.measurement.AppMeasurementJobService",
            "com.google.android.gms.measurement.AppMeasurementService",
            "com.google.android.play.core.assetpacks.AssetPackExtractionService",
            "com.google.android.play.core.assetpacks.ExtractionForegroundService",
            "com.google.firebase.components.ComponentDiscoveryService",
            "com.google.firebase.messaging.FirebaseMessagingService",
            "com.google.internal.acX",
            "com.google.internal.cIJ",
            "com.google.internal.cQk",
            "com.google.internal.cTa",
            "com.google.internal.oQ",
            "com.google.internal.tv",
            "com.google.internal.uc",
            "com.salesforce.androidsdk.auth.AuthenticatorService",
            "com.salesforce.marketingcloud.MCService",
            "com.salesforce.marketingcloud.NotificationOpenedService",
            "com.salesforce.marketingcloud.messages.push.MCFirebaseMessagingService",
            "com.salesforce.marketingcloud.sfmcsdk.SFMCSdkJobIntentService",
            "org.altbeacon.beacon.service.BeaconService"
        ],
        "receivers": [
            "androidx.profileinstaller.ProfileInstallReceiver",
            "androidx.work.impl.background.systemalarm.ConstraintProxyUpdateReceiver",
            "androidx.work.impl.diagnostics.DiagnosticsReceiver",
            "androidx.work.impl.utils.ForceStopRunnable$BroadcastReceiver",
            "com.google.android.datatransport.runtime.scheduling.jobscheduling.AlarmManagerSchedulerBroadcastReceiver",
            "com.google.android.gms.analytics.AnalyticsReceiver",
            "com.google.android.gms.measurement.AppMeasurementReceiver",
            "com.google.firebase.iid.FirebaseInstanceIdReceiver",
            "com.google.internal.bIA$a",
            "com.google.internal.bIJ",
            "com.google.internal.to$a",
            "com.google.internal.to$b",
            "com.google.internal.to$c",
            "com.google.internal.to$d",
            "com.google.internal.tr",
            "com.salesforce.androidsdk.auth.idp.IDPReceiver",
            "com.salesforce.androidsdk.auth.idp.SPReceiver",
            "com.salesforce.marketingcloud.MCReceiver",
            "com.salesforce.marketingcloud.location.LocationReceiver",
            "com.salesforce.marketingcloud.sfmcsdk.SFMCSdkReceiver"
        ],
        "permission_details": {
            "android.permission.ACCESS_NETWORK_STATE": "normal",
            "android.permission.ACCESS_WIFI_STATE": "normal",
            "android.permission.ACTION_MANAGE_OVERLAY_PERMISSION": "unknown",
            "android.permission.AUTHENTICATE_ACCOUNTS": "unknown",
            "android.permission.BLUETOOTH": "normal",
            "android.permission.CALL_PHONE": "dangerous",
            "android.permission.CAMERA": "dangerous",
            "android.permission.DOWNLOAD_WITHOUT_NOTIFICATION": "unknown",
            "android.permission.FOREGROUND_SERVICE": "normal",
            "android.permission.FOREGROUND_SERVICE_REMOTE_MESSAGING": "normal",
            "android.permission.GET_ACCOUNTS": "dangerous",
            "android.permission.HIGH_SAMPLING_RATE_SENSORS": "normal",
            "android.permission.INTERNAL_SYSTEM_WINDOW": "unknown",
            "android.permission.INTERNET": "normal",
            "android.permission.POST_NOTIFICATIONS": "dangerous",
            "android.permission.READ_EXTERNAL_STORAGE": "dangerous",
            "android.permission.READ_PHONE_NUMBERS": "dangerous",
            "android.permission.READ_PHONE_STATE": "dangerous",
            "android.permission.RECEIVE_BOOT_COMPLETED": "normal",
            "android.permission.SYSTEM_ALERT_WINDOW": "signature",
            "android.permission.USE_BIOMETRIC": "normal",
            "android.permission.USE_CREDENTIALS": "unknown",
            "android.permission.USE_FINGERPRINT": "normal",
            "android.permission.WAKE_LOCK": "normal",
            "android.permission.WRITE_EXTERNAL_STORAGE": "dangerous",
            "cl.bci.app.empresarios.DYNAMIC_RECEIVER_NOT_EXPORTED_PERMISSION": "unknown",
            "com.google.android.c2dm.permission.RECEIVE": "unknown",
            "com.google.android.finsky.permission.BIND_GET_INSTALL_REFERRER_SERVICE": "unknown",
            "com.google.android.gms.permission.AD_ID": "unknown"
        },
        "risk_counts": {
            "normal": 11,
            "unknown": 9,
            "dangerous": 8,
            "signature": 1
        }
    },
    "stats": {
        "dex_count": 4,
        "native_lib_count": 33
    },
    "jadx": {
        "status": "ok",
        "duration_sec": 48.84,
        "sources_present": true,
        "java_file_count": 16216
    },
    "ast_analysis": {
        "location": 4,
        "microphone": 0,
        "camera": 14,
        "media_projection": 0,
        "dynamic_load": 0,
        "jni": 6
    },
    "analysis_state": "complete"
}