{
    "java_files": [],
    "ast_hits_by_file": {
        "location": [],
        "microphone": [],
        "camera": [],
        "media_projection": [],
        "dynamic_load": [],
        "jni": []
    },
    "native_libs": [
        "lib/arm64-v8a/libAesArithmetic_V1_1.so",
        "lib/arm64-v8a/libAntctEncrypt.so",
        "lib/arm64-v8a/libBDPrecreate.so",
        "lib/arm64-v8a/libBDPrecreate_V1_1.so",
        "lib/arm64-v8a/libBDRC4_V1_1.so",
        "lib/arm64-v8a/libBDSpeechDecoder_V1.so",
        "lib/arm64-v8a/libDeflatingDecompressor_V3.so",
        "lib/arm64-v8a/libDnsChecker.so",
        "lib/arm64-v8a/libEncryptor.so",
        "lib/arm64-v8a/libLineBreak_V2.so",
        "lib/arm64-v8a/libNativeFormats_V3.so",
        "lib/arm64-v8a/libOfficeConverter.so",
        "lib/arm64-v8a/libPaddle.so",
        "lib/arm64-v8a/libRSSupport.so",
        "lib/arm64-v8a/libWKGDI.so",
        "lib/arm64-v8a/libapp.so",
        "lib/arm64-v8a/libaudioengine.so",
        "lib/arm64-v8a/libbaiduprotect_sec.so",
        "lib/arm64-v8a/libbaiduprotect_sec_jni_facect.so",
        "lib/arm64-v8a/libbankcardprocess.1.1.1.so",
        "lib/arm64-v8a/libbase64encoder_v2_0.so",
        "lib/arm64-v8a/libbd_etts.so",
        "lib/arm64-v8a/libbd_fsg_rim_v1_3.so",
        "lib/arm64-v8a/libbd_pass_face_sdk.so",
        "lib/arm64-v8a/libbd_tts_log.so",
        "lib/arm64-v8a/libbd_unifylicense.so",
        "lib/arm64-v8a/libbd_wsp_v1_1.so",
        "lib/arm64-v8a/libbd_yuv.so",
        "lib/arm64-v8a/libbdtls.so",
        "lib/arm64-v8a/libbuffer_pg.so",
        "lib/arm64-v8a/libc++_shared.so",
        "lib/arm64-v8a/libcrashpad_client.so",
        "lib/arm64-v8a/libcrashpad_handler.so",
        "lib/arm64-v8a/libcrius.so",
        "lib/arm64-v8a/libcriusbase.so",
        "lib/arm64-v8a/libcv_core.so",
        "lib/arm64-v8a/libdocument_enhance.so",
        "lib/arm64-v8a/libdocument_scan.so",
        "lib/arm64-v8a/libdxm_wsp_v1_1.so",
        "lib/arm64-v8a/libed25519.so",
        "lib/arm64-v8a/libfile_lock_pg.so",
        "lib/arm64-v8a/libfire.so",
        "lib/arm64-v8a/libflutter.so",
        "lib/arm64-v8a/libgifimage.so",
        "lib/arm64-v8a/libgnustl_shared.so",
        "lib/arm64-v8a/libhide-api-bypass.so",
        "lib/arm64-v8a/libhs.so",
        "lib/arm64-v8a/libidl_license.so",
        "lib/arm64-v8a/libimagepipeline.so",
        "lib/arm64-v8a/libindoor.so",
        "lib/arm64-v8a/libjni-kernel.so",
        "lib/arm64-v8a/libjni-kservice.so",
        "lib/arm64-v8a/libjni-pinyin.so",
        "lib/arm64-v8a/libjniPdfium.so",
        "lib/arm64-v8a/liblocSDK8a.so",
        "lib/arm64-v8a/libmagic_effects.so",
        "lib/arm64-v8a/libmedia_editor.so",
        "lib/arm64-v8a/libmedia_player.so",
        "lib/arm64-v8a/libmeta_probe.so",
        "lib/arm64-v8a/libmetasec_ml.so",
        "lib/arm64-v8a/libmmkv.so",
        "lib/arm64-v8a/libmml_framework.so",
        "lib/arm64-v8a/libmodft2.so",
        "lib/arm64-v8a/libmodpdfium.so",
        "lib/arm64-v8a/libmodpng.so",
        "lib/arm64-v8a/libmsaoaidauth.so",
        "lib/arm64-v8a/libmsaoaidsec.so",
        "lib/arm64-v8a/libnad-lib.so",
        "lib/arm64-v8a/libnative-crash.so",
        "lib/arm64-v8a/libnative-filters.so",
        "lib/arm64-v8a/libnative-imagetranscoder.so",
        "lib/arm64-v8a/libnetdisk-security-rand.so",
        "lib/arm64-v8a/libnetdisk-security.so",
        "lib/arm64-v8a/libopencv_java3.so",
        "lib/arm64-v8a/libpaddle-mobile.so",
        "lib/arm64-v8a/libporn_terror_identification_1_0_0.so",
        "lib/arm64-v8a/libprivate-p-master.so",
        "lib/arm64-v8a/librabjni_V2_4_0.so",
        "lib/arm64-v8a/librsjni.so",
        "lib/arm64-v8a/librsjni_androidx.so",
        "lib/arm64-v8a/libscancode.so",
        "lib/arm64-v8a/libsignal-register.so",
        "lib/arm64-v8a/libspectrum.so",
        "lib/arm64-v8a/libspectrumcpp.so",
        "lib/arm64-v8a/libspectrumfbjni.so",
        "lib/arm64-v8a/libspectrumpluginjpeg.so",
        "lib/arm64-v8a/libsqliteX.so",
        "lib/arm64-v8a/libstatic-webp.so",
        "lib/arm64-v8a/libswan-native-lib.so",
        "lib/arm64-v8a/libswanKV.so",
        "lib/arm64-v8a/libtechain.so",
        "lib/arm64-v8a/libtinyConverter.so",
        "lib/arm64-v8a/libtobEmbedEncrypt.so",
        "lib/arm64-v8a/libutility.so",
        "lib/arm64-v8a/libvastcore.so",
        "lib/arm64-v8a/libweibosdkcore.so",
        "lib/arm64-v8a/libwind.so",
        "lib/arm64-v8a/libyalog.so",
        "lib/arm64-v8a/libyuv-decoder.so"
    ],
    "dex_files_count": 51,
    "exported_components": {
        "activities": [
            "androidx.biometric.DeviceCredentialHandlerActivity",
            "cn.jingling.motu.image.text.TextInputActivity",
            "cn.jingling.motu.photowonder.PhotoWonder",
            "com.alipay.sdk.app.APayEntranceActivity",
            "com.alipay.sdk.app.AlipayResultActivity",
            "com.alipay.sdk.app.H5AuthActivity",
            "com.alipay.sdk.app.H5OpenAuthActivity",
            "com.alipay.sdk.app.H5PayActivity",
            "com.alipay.sdk.app.PayResultActivity",
            "com.android.support.appcompat.storage.permission.GrantPermissionActivity",
            "com.baidu.android.lbspay.activity.LBSTransActivity",
            "com.baidu.android.lbspay.activity.LBSTransCashierActivity",
            "com.baidu.android.lbspay.activity.LbSCashierActivity",
            "com.baidu.android.lbspay.activity.WXSignActivity",
            "com.baidu.android.lbspay.activity.WapPayActivity",
            "com.baidu.bdreader.bdnetdisk.fulltextsearch.ui.ReaderSearchActivity",
            "com.baidu.bdreader.ui.BDReaderActivity",
            "com.baidu.bdreader.ui.BDReaderOperationGuideActivity",
            "com.baidu.flutter.netdisk.cloudp2p.ConversationSwitchActivity",
            "com.baidu.flutter.netdisk.devicemanager.AntiCheckActivity",
            "com.baidu.flutter.netdisk.devicemanager.DeviceManagerActivity",
            "com.baidu.flutter.netdisk.documentscan.OCRRectifyActivity",
            "com.baidu.flutter.netdisk.documentscan.OCRScanRecordActivity",
            "com.baidu.flutter.netdisk.homepagemanage.HomePageManageActivity",
            "com.baidu.flutter.netdisk.page.PageDuplicateCheckActivity",
            "com.baidu.flutter.netdisk.pdf.PdfExtractActivity",
            "com.baidu.flutter.netdisk.pdf.PdfMergeActivity",
            "com.baidu.flutter.netdisk.recyclebin.RecoveryFileActivity",
            "com.baidu.flutter.netdisk.transfer.speedtest.SpeedTestActivity",
            "com.baidu.fsg.face.liveness.activity.LivenessLoadingActivity",
            "com.baidu.fsg.face.liveness.activity.LivenessRecogActivity",
            "com.baidu.fsg.face.liveness.activity.LivenessRecogGuidActivity",
            "com.baidu.fsg.face.liveness.activity.LivenessVideoActivity",
            "com.baidu.fsg.face.liveness.activity.LivenessVideoGuidActivity",
            "com.baidu.fsg.face.liveness.activity.LivenessVideoLoadingActivity",
            "com.baidu.helios.plugin.StubActivity0",
            "com.baidu.helios.plugin.StubActivity1",
            "com.baidu.helios.plugin.StubActivity10",
            "com.baidu.helios.plugin.StubActivity100",
            "com.baidu.helios.plugin.StubActivity101",
            "com.baidu.helios.plugin.StubActivity102",
            "com.baidu.helios.plugin.StubActivity103",
            "com.baidu.helios.plugin.StubActivity104",
            "com.baidu.helios.plugin.StubActivity105",
            "com.baidu.helios.plugin.StubActivity106",
            "com.baidu.helios.plugin.StubActivity107",
            "com.baidu.helios.plugin.StubActivity108",
            "com.baidu.helios.plugin.StubActivity109",
            "com.baidu.helios.plugin.StubActivity11",
            "com.baidu.helios.plugin.StubActivity110",
            "com.baidu.helios.plugin.StubActivity111",
            "com.baidu.helios.plugin.StubActivity112",
            "com.baidu.helios.plugin.StubActivity113",
            "com.baidu.helios.plugin.StubActivity114",
            "com.baidu.helios.plugin.StubActivity115",
            "com.baidu.helios.plugin.StubActivity116",
            "com.baidu.helios.plugin.StubActivity117",
            "com.baidu.helios.plugin.StubActivity118",
            "com.baidu.helios.plugin.StubActivity119",
            "com.baidu.helios.plugin.StubActivity12",
            "com.baidu.helios.plugin.StubActivity13",
            "com.baidu.helios.plugin.StubActivity14",
            "com.baidu.helios.plugin.StubActivity15",
            "com.baidu.helios.plugin.StubActivity16",
            "com.baidu.helios.plugin.StubActivity17",
            "com.baidu.helios.plugin.StubActivity18",
            "com.baidu.helios.plugin.StubActivity19",
            "com.baidu.helios.plugin.StubActivity2",
            "com.baidu.helios.plugin.StubActivity20",
            "com.baidu.helios.plugin.StubActivity21",
            "com.baidu.helios.plugin.StubActivity22",
            "com.baidu.helios.plugin.StubActivity23",
            "com.baidu.helios.plugin.StubActivity24",
            "com.baidu.helios.plugin.StubActivity25",
            "com.baidu.helios.plugin.StubActivity26",
            "com.baidu.helios.plugin.StubActivity27",
            "com.baidu.helios.plugin.StubActivity28",
            "com.baidu.helios.plugin.StubActivity29",
            "com.baidu.helios.plugin.StubActivity3",
            "com.baidu.helios.plugin.StubActivity30",
            "com.baidu.helios.plugin.StubActivity31",
            "com.baidu.helios.plugin.StubActivity32",
            "com.baidu.helios.plugin.StubActivity33",
            "com.baidu.helios.plugin.StubActivity34",
            "com.baidu.helios.plugin.StubActivity35",
            "com.baidu.helios.plugin.StubActivity36",
            "com.baidu.helios.plugin.StubActivity37",
            "com.baidu.helios.plugin.StubActivity38",
            "com.baidu.helios.plugin.StubActivity39",
            "com.baidu.helios.plugin.StubActivity4",
            "com.baidu.helios.plugin.StubActivity40",
            "com.baidu.helios.plugin.StubActivity41",
            "com.baidu.helios.plugin.StubActivity42",
            "com.baidu.helios.plugin.StubActivity43",
            "com.baidu.helios.plugin.StubActivity44",
            "com.baidu.helios.plugin.StubActivity45",
            "com.baidu.helios.plugin.StubActivity46",
            "com.baidu.helios.plugin.StubActivity47",
            "com.baidu.helios.plugin.StubActivity48",
            "com.baidu.helios.plugin.StubActivity49",
            "com.baidu.helios.plugin.StubActivity5",
            "com.baidu.helios.plugin.StubActivity50",
            "com.baidu.helios.plugin.StubActivity51",
            "com.baidu.helios.plugin.StubActivity52",
            "com.baidu.helios.plugin.StubActivity53",
            "com.baidu.helios.plugin.StubActivity54",
            "com.baidu.helios.plugin.StubActivity55",
            "com.baidu.helios.plugin.StubActivity56",
            "com.baidu.helios.plugin.StubActivity57",
            "com.baidu.helios.plugin.StubActivity58",
            "com.baidu.helios.plugin.StubActivity59",
            "com.baidu.helios.plugin.StubActivity6",
            "com.baidu.helios.plugin.StubActivity60",
            "com.baidu.helios.plugin.StubActivity61",
            "com.baidu.helios.plugin.StubActivity62",
            "com.baidu.helios.plugin.StubActivity63",
            "com.baidu.helios.plugin.StubActivity64",
            "com.baidu.helios.plugin.StubActivity65",
            "com.baidu.helios.plugin.StubActivity66",
            "com.baidu.helios.plugin.StubActivity67",
            "com.baidu.helios.plugin.StubActivity68",
            "com.baidu.helios.plugin.StubActivity69",
            "com.baidu.helios.plugin.StubActivity7",
            "com.baidu.helios.plugin.StubActivity70",
            "com.baidu.helios.plugin.StubActivity71",
            "com.baidu.helios.plugin.StubActivity72",
            "com.baidu.helios.plugin.StubActivity73",
            "com.baidu.helios.plugin.StubActivity74",
            "com.baidu.helios.plugin.StubActivity75",
            "com.baidu.helios.plugin.StubActivity76",
            "com.baidu.helios.plugin.StubActivity77",
            "com.baidu.helios.plugin.StubActivity78",
            "com.baidu.helios.plugin.StubActivity79",
            "com.baidu.helios.plugin.StubActivity8",
            "com.baidu.helios.plugin.StubActivity80",
            "com.baidu.helios.plugin.StubActivity81",
            "com.baidu.helios.plugin.StubActivity82",
            "com.baidu.helios.plugin.StubActivity83",
            "com.baidu.helios.plugin.StubActivity84",
            "com.baidu.helios.plugin.StubActivity85",
            "com.baidu.helios.plugin.StubActivity86",
            "com.baidu.helios.plugin.StubActivity87",
            "com.baidu.helios.plugin.StubActivity88",
            "com.baidu.helios.plugin.StubActivity89",
            "com.baidu.helios.plugin.StubActivity9",
            "com.baidu.helios.plugin.StubActivity90",
            "com.baidu.helios.plugin.StubActivity91",
            "com.baidu.helios.plugin.StubActivity92",
            "com.baidu.helios.plugin.StubActivity93",
            "com.baidu.helios.plugin.StubActivity94",
            "com.baidu.helios.plugin.StubActivity95",
            "com.baidu.helios.plugin.StubActivity96",
            "com.baidu.helios.plugin.StubActivity97",
            "com.baidu.helios.plugin.StubActivity98",
            "com.baidu.helios.plugin.StubActivity99",
            "com.baidu.helios.plugin.StubStateActivity",
            "com.baidu.helios.plugin.StubVerActivity0",
            "com.baidu.helios.plugin.StubVerActivity1",
            "com.baidu.helios.plugin.StubVerActivity2",
            "com.baidu.helios.plugin.StubVerActivity3",
            "com.baidu.helios.plugin.StubVerActivity4",
            "com.baidu.helios.plugin.StubVerActivity5",
            "com.baidu.helios.plugin.StubVerActivity6",
            "com.baidu.helios.plugin.StubVerActivity7",
            "com.baidu.inote.NoteChannelActivity",
            "com.baidu.inote.NoteMainActivity",
            "com.baidu.inote.ui.imagepicker.GalleryActivity",
            "com.baidu.nadcore.lp.reward.NadRewardVideoActivity",
            "com.baidu.nadcore.max.ImmersiveVideoDetailActivity",
            "com.baidu.nadcore.webview.AdWebActivity",
            "com.baidu.nadcore.webview.AdWebActivityStandard",
            "com.baidu.netdisk.aboutme.OfflineDownloadDialogActivity",
            "com.baidu.netdisk.account.ui.ImageCropActivity",
            "com.baidu.netdisk.account.ui.PrivilegeBackgroundGuideActivity",
            "com.baidu.netdisk.account.ui.PrivilegeChangedGuideActivity",
            "com.baidu.netdisk.account.ui.RealNameCertificationActivity",
            "com.baidu.netdisk.advertise.scene.reward.RewardVideoActivity",
            "com.baidu.netdisk.advertise.splash.SplashAdActivity",
            "com.baidu.netdisk.aliapi.AliPayEntryActivity",
            "com.baidu.netdisk.audio.ui.AudioDocEditActivity",
            "com.baidu.netdisk.audio.ui.AudioPlayListActivity",
            "com.baidu.netdisk.audio.ui.AudioPlayerActivity",
            "com.baidu.netdisk.audio.ui.HiCarPermissionActivity",
            "com.baidu.netdisk.audio.ui.LockScreenActivity",
            "com.baidu.netdisk.audioservice.ui.view.AddToPlayListActivity",
            "com.baidu.netdisk.audioservice.ui.view.AudioServiceMainActivity",
            "com.baidu.netdisk.audioservice.ui.view.EditPlayListActivity",
            "com.baidu.netdisk.audioservice.ui.view.PlayListDetailActivity",
            "com.baidu.netdisk.audioservice.ui.view.PlayListSelectActivity",
            "com.baidu.netdisk.audioservice.ui.view.PlayListsActivity",
            "com.baidu.netdisk.backup.album.ui.CommonBackupSettingActivity",
            "com.baidu.netdisk.backup.ui.AudioBackupSettingActivity",
            "com.baidu.netdisk.backup.ui.BackupFileListActivity",
            "com.baidu.netdisk.backup.ui.CommonBackupListActivity",
            "com.baidu.netdisk.backup.ui.DocumentBackupSecondarySettingActivity",
            "com.baidu.netdisk.backup.ui.DocumentBackupSettingActivity",
            "com.baidu.netdisk.backup.ui.FileBackupSettingActivity",
            "com.baidu.netdisk.backup.ui.WechatBackupSettingActivity",
            "com.baidu.netdisk.bdreader.ui.view.NovelMainActivity",
            "com.baidu.netdisk.bdreader.ui.view.NovelShelfActivity",
            "com.baidu.netdisk.bdreader.ui.view.NovelTransferActivity",
            "com.baidu.netdisk.bdreader.ui.view.addnovel.AddNovelActivity",
            "com.baidu.netdisk.business.payment.order.phone.VipPhoneSetActivity",
            "com.baidu.netdisk.business.payment.order.result.PayResultPageActivity",
            "com.baidu.netdisk.business.payment.product.BusinessPrivilegeProductActivity",
            "com.baidu.netdisk.business.payment.product.BusinessPrivilegeProductResultActivity",
            "com.baidu.netdisk.certuserright.view.CertUserPrivilegeDialogActivity",
            "com.baidu.netdisk.cloudimage.ui.album.AlbumFeaturedActivity",
            "com.baidu.netdisk.cloudimage.ui.album.AlbumLocalBucketActivity",
            "com.baidu.netdisk.cloudimage.ui.album.medialibrary.ActionTimelineActivity",
            "com.baidu.netdisk.cloudimage.ui.album.medialibrary.MediaLibraryDetailActivity",
            "com.baidu.netdisk.cloudimage.ui.album.utils.YikeDownloadActivity",
            "com.baidu.netdisk.cloudimage.ui.classification.ClassificationActivity",
            "com.baidu.netdisk.cloudimage.ui.location.LocationAllPlacesActivity",
            "com.baidu.netdisk.cloudimage.ui.location.LocationTimelineActivity",
            "com.baidu.netdisk.cloudimage.ui.person.AllPersonListActivity",
            "com.baidu.netdisk.cloudimage.ui.person.MarkMyselfAndOtherActivity",
            "com.baidu.netdisk.cloudimage.ui.person.PersonFaceListActivity",
            "com.baidu.netdisk.cloudimage.ui.person.PersonTimelineActivity",
            "com.baidu.netdisk.cloudimage.ui.person.SelectImagePersonActivity",
            "com.baidu.netdisk.cloudimage.ui.person.SimilarPersonListActivity",
            "com.baidu.netdisk.cloudimage.ui.person.pickperson.MarkedPersonListActivity",
            "com.baidu.netdisk.cloudimage.ui.person.pickperson.PickPersonTabActivity",
            "com.baidu.netdisk.cloudimage.ui.propertyalbum.PropertyAlbumActivity",
            "com.baidu.netdisk.cloudimage.ui.propertyalbum.SelectAlbumCoverActivity",
            "com.baidu.netdisk.cloudimage.ui.search.ImageSearchActivity",
            "com.baidu.netdisk.cloudimage.ui.things.AllThingsListActivity",
            "com.baidu.netdisk.cloudimage.ui.things.ModifyImageTagsActivity",
            "com.baidu.netdisk.cloudimage.ui.things.ThingsTimelineActivity",
            "com.baidu.netdisk.cloudimage.ui.timeline.DateClusterTimelineActivity",
            "com.baidu.netdisk.cloudimage.ui.timeline.SwanPickTimelineActivity",
            "com.baidu.netdisk.contactbackup.ui.AutoBackupSettingsActivity",
            "com.baidu.netdisk.contactbackup.ui.CloudContactActivity",
            "com.baidu.netdisk.contactbackup.ui.ContactBackupActivity",
            "com.baidu.netdisk.contactbackup.ui.ContactResultActivity",
            "com.baidu.netdisk.contactbackup.ui.ManualBackupActivity",
            "com.baidu.netdisk.contactbackup.ui.TimeMachineGuideActivity",
            "com.baidu.netdisk.contactbackup.ui.contactdetail.ContactDetailActivity",
            "com.baidu.netdisk.contactbackup.ui.recovery.ContactRecoveryActivity",
            "com.baidu.netdisk.contactbackup.ui.timemachine.TimeMachineActivity",
            "com.baidu.netdisk.contactbackup.ui.xiaomiguide.MiuiWarningGuideActivity",
            "com.baidu.netdisk.conversation.ui.DocumentConvertToolsActivity",
            "com.baidu.netdisk.conversation.ui.DocumentSwtichActivity",
            "com.baidu.netdisk.conversation.ui.OCRExportPDFActivity",
            "com.baidu.netdisk.conversation.ui.PdfStatusCheckActivity",
            "com.baidu.netdisk.conversation.ui.PdfTipActivity",
            "com.baidu.netdisk.conversation.ui.PdfUploadActivity",
            "com.baidu.netdisk.conversation.ui.translate.DocumentTranslateVerifyActivity",
            "com.baidu.netdisk.dashengcard.account.ui.BindSingkilActivity",
            "com.baidu.netdisk.device.devicepush.ui.LoginToRelateActivity",
            "com.baidu.netdisk.device.devicepush.ui.OnlineDeviceSelectorActivity",
            "com.baidu.netdisk.device.devicepush.ui.RegisterCodeToRelateActivity",
            "com.baidu.netdisk.device.devicepush.ui.RelateDeviceNavigationActivity",
            "com.baidu.netdisk.device.devicepush.ui.RelatedWayActivity",
            "com.baidu.netdisk.document.ui.view.DocumentViewerActivity",
            "com.baidu.netdisk.document.ui.view.PreViewDocumentByH5Activity",
            "com.baidu.netdisk.document.ui.view.longpicture.DocumentSelectPagesActivity",
            "com.baidu.netdisk.document.ui.view.longpicture.DocumentViewLongPictureActivity",
            "com.baidu.netdisk.document.ui.view.longpicture.ExportLongPictureSuccessActivity",
            "com.baidu.netdisk.document.ui.view.longpicture.ImageShareActivity",
            "com.baidu.netdisk.enterprise.localcontacts.ContactsAddActivity",
            "com.baidu.netdisk.enterprise.ui.AddMemberPermissionsActivity",
            "com.baidu.netdisk.enterprise.ui.BusinessCardGuideActivity",
            "com.baidu.netdisk.enterprise.ui.BusinessCardManagementActivity",
            "com.baidu.netdisk.enterprise.ui.BusinessCardShareActivity",
            "com.baidu.netdisk.enterprise.ui.EnterpriseHomeActivity",
            "com.baidu.netdisk.enterprise.ui.EnterpriseSharePosterActivity",
            "com.baidu.netdisk.enterprise.ui.FilePermissionsDocActivity",
            "com.baidu.netdisk.enterprise.ui.MemberPermissionSearchActivity",
            "com.baidu.netdisk.enterprise.ui.MemberPermissionsActivity",
            "com.baidu.netdisk.enterprise.ui.permit.FilesPermissionSetActivity",
            "com.baidu.netdisk.enterprise.ui.shareuser.ShareUserAddActivity",
            "com.baidu.netdisk.enterprise.ui.shareuser.ShareUserManageActivity",
            "com.baidu.netdisk.filelist.filejudgemanager.ui.DeleteOperateActivity",
            "com.baidu.netdisk.flutter.ui.FlutterBusinessActivity",
            "com.baidu.netdisk.graphdocument.GraphDocumentViewActivity",
            "com.baidu.netdisk.homepage.HomeActivity",
            "com.baidu.netdisk.jkeng.accountsync.AuthenticatorActivity",
            "com.baidu.netdisk.module.sharelink.ChainInfoActivity",
            "com.baidu.netdisk.module.sharelink.ChainVerifyActivity",
            "com.baidu.netdisk.module.sharelink.ShareLinkActivity",
            "com.baidu.netdisk.module.sharelink.chainskin.ui.ChainSkinManageActivity",
            "com.baidu.netdisk.module.sharelink.preview.ShareLinkImagePagerActivity",
            "com.baidu.netdisk.module.sharelink.preview.ShareLinkUnzipListActivity",
            "com.baidu.netdisk.module.toolbox.MoreApp",
            "com.baidu.netdisk.module.toolbox.StrengthenAppDetails",
            "com.baidu.netdisk.module.toolbox.StrengthenAppList",
            "com.baidu.netdisk.module.toolbox.StrengthenTools",
            "com.baidu.netdisk.myshare.enterprise.ui.EnterpriseShareLinkDetailActivity",
            "com.baidu.netdisk.myshare.enterprise.ui.sharedatadetail.EnterpriseShareDataDetailActivity",
            "com.baidu.netdisk.myshare.ui.CancelShareLinkActivity",
            "com.baidu.netdisk.myshare.ui.ShareLinkDetailActivity",
            "com.baidu.netdisk.myshare.ui.ShareLinkListActivity",
            "com.baidu.netdisk.ocr.OCRRecognitionActivity",
            "com.baidu.netdisk.ocr.OCRResultActivity",
            "com.baidu.netdisk.ocr.OCRTakePhotoActivity",
            "com.baidu.netdisk.ocr.crop.OCRCropImageToWordActivity",
            "com.baidu.netdisk.permission.PermissionDialogActivity",
            "com.baidu.netdisk.permission.PermissonGuideActivity",
            "com.baidu.netdisk.pim.calllog.ui.CallLogBackupActivity",
            "com.baidu.netdisk.pim.calllog.ui.CallLogBackupInfoActivity",
            "com.baidu.netdisk.pim.contact.ui.MiuiWarningActivity",
            "com.baidu.netdisk.pim.contact.ui.PimSettingsActivity",
            "com.baidu.netdisk.pim.contact.ui.TimeMachineActivity",
            "com.baidu.netdisk.pim.contact.ui.TimeMachineCountdownDialogActivity",
            "com.baidu.netdisk.pim.smsmms.ui.SmsmmsBackupMain",
            "com.baidu.netdisk.pim.smsmms.ui.SmsmmsRecord",
            "com.baidu.netdisk.platform.business.incentive.advertise.ui.AdvertiseActivity",
            "com.baidu.netdisk.platform.business.incentive.advertise.ui.AdvertiseFinishPageActivity",
            "com.baidu.netdisk.platform.business.incentive.web.DownloadWebActivity",
            "com.baidu.netdisk.platform.permission.PermissionActivity",
            "com.baidu.netdisk.platform.trade.business.attention.view.AttentionList",
            "com.baidu.netdisk.platform.trade.business.distribution.view.ProductSharePageActivity",
            "com.baidu.netdisk.platform.trade.business.favorite.view.FavoriteListActivity",
            "com.baidu.netdisk.platform.trade.business.product.categorized.view.CategorizedActivity",
            "com.baidu.netdisk.plugins.PluginAccountDialogActivity",
            "com.baidu.netdisk.plugins.PluginDownloadActivity",
            "com.baidu.netdisk.plugins.PluginWebViewActivity",
            "com.baidu.netdisk.plugins.download.PluginFlowAlertDialogActivity",
            "com.baidu.netdisk.qrunlock.ui.QrPcUnlockActivity",
            "com.baidu.netdisk.router.NovelSDKRouterActivity",
            "com.baidu.netdisk.router.SwanRouterActivity",
            "com.baidu.netdisk.safebox.secondpwd.cardpackage.LatestImageActivity",
            "com.baidu.netdisk.safebox.secondpwd.cardpackage.SelectNetdiskImageActivity",
            "com.baidu.netdisk.safebox.secondpwd.safebox.MySafeBoxActivity",
            "com.baidu.netdisk.samsung.wxapi.WXEntryActivity",
            "com.baidu.netdisk.samsung.wxapi.WXPayEntryActivity",
            "com.baidu.netdisk.samsungcloudmigrate.ui.SamsungCloudMigrateActivity",
            "com.baidu.netdisk.samsungcloudmigrate.ui.SamsungCloudMigrateAgreementActivity",
            "com.baidu.netdisk.samsungcloudmigrate.ui.SamsungCloudMigrateFailedListActivity",
            "com.baidu.netdisk.samsungcloudmigrate.ui.SamsungCloudMigrateReminderActivity",
            "com.baidu.netdisk.secondpwd.ForgetSecondPwdSelectActivity",
            "com.baidu.netdisk.secondpwd.SecondPwdUnlockActivity",
            "com.baidu.netdisk.secondpwd.SecondPwdWebViewActivity",
            "com.baidu.netdisk.secondpwd.SetSecondPwdActivity",
            "com.baidu.netdisk.servicepage.audio.ui.AudioCollectionActivity",
            "com.baidu.netdisk.servicepage.audio.ui.AudioCompilationsActivity",
            "com.baidu.netdisk.servicepage.audio.ui.AudioDownloadActivity",
            "com.baidu.netdisk.servicepage.audio.ui.AudioServiceActivity",
            "com.baidu.netdisk.servicepage.audio.ui.AudioTimeRecentActivity",
            "com.baidu.netdisk.servicepage.audio.ui.AudioTransferListActivity",
            "com.baidu.netdisk.servicepage.media.ui.BaseMediaSecondListActivity",
            "com.baidu.netdisk.servicepage.video.ui.VideoCompilationsActivity",
            "com.baidu.netdisk.servicepage.video.ui.VideoServiceActivity",
            "com.baidu.netdisk.servicepage.video.ui.VideoTimeRecentActivity",
            "com.baidu.netdisk.servicepage.video.ui.secondpage.VideoDownloadActivity",
            "com.baidu.netdisk.servicepage.video.ui.secondpage.VideoTransferListActivity",
            "com.baidu.netdisk.share.ui.view.ShareCoverActivity",
            "com.baidu.netdisk.share.ui.view.ShareDialog",
            "com.baidu.netdisk.share.ui.view.ShareErrorDialogActivity",
            "com.baidu.netdisk.share.ui.view.ShareQQActivity",
            "com.baidu.netdisk.share.ui.view.ShareSinaActivity",
            "com.baidu.netdisk.share.ui.view.ShareViewLimitActivity",
            "com.baidu.netdisk.story.detail.view.AlbumStoryActivity",
            "com.baidu.netdisk.story.detail.view.StoryAddPicActivity",
            "com.baidu.netdisk.story.detail.view.StoryDetailActivity",
            "com.baidu.netdisk.story.detail.view.StoryGenerateVideoActivity",
            "com.baidu.netdisk.subscribe.view.SubscribeLinkListActivity",
            "com.baidu.netdisk.toolset.ui.moretools.AllToolsActivity",
            "com.baidu.netdisk.tradeplatform.area.ui.view.AreaProductListActivity",
            "com.baidu.netdisk.tradeplatform.download.ui.view.DownloadManagerActivity",
            "com.baidu.netdisk.tradeplatform.download.ui.view.album.DownloadManagerAlbumDetailActivity",
            "com.baidu.netdisk.tradeplatform.feed.ui.FeedActivity",
            "com.baidu.netdisk.tradeplatform.feed.ui.FeedAllTabActivity",
            "com.baidu.netdisk.tradeplatform.feed.ui.FeedReleaseActivity",
            "com.baidu.netdisk.tradeplatform.index.ui.DebugActivity",
            "com.baidu.netdisk.tradeplatform.index.ui.IndexActivity",
            "com.baidu.netdisk.tradeplatform.launch.LauncherActivity",
            "com.baidu.netdisk.tradeplatform.library.view.web.WebActivity",
            "com.baidu.netdisk.tradeplatform.order.ui.view.OrderActivity",
            "com.baidu.netdisk.tradeplatform.permission.PermissionActivity",
            "com.baidu.netdisk.tradeplatform.personal.ui.view.PersonalActivity",
            "com.baidu.netdisk.tradeplatform.personal.ui.view.PersonalCenterActivity",
            "com.baidu.netdisk.tradeplatform.personal.ui.view.ProductOrderListActivity",
            "com.baidu.netdisk.tradeplatform.personal.ui.view.PurchasedActivity",
            "com.baidu.netdisk.tradeplatform.product.ui.view.BatchCacheSelectActivity",
            "com.baidu.netdisk.tradeplatform.product.view.audio.AudioDetailsActivity",
            "com.baidu.netdisk.tradeplatform.product.view.audio.AudioPlayActivity",
            "com.baidu.netdisk.tradeplatform.product.view.image.ImageDetailsActivity",
            "com.baidu.netdisk.tradeplatform.product.view.image.ImagePreviewActivity",
            "com.baidu.netdisk.tradeplatform.product.view.universal.UniversalDetailsActivity",
            "com.baidu.netdisk.tradeplatform.product.view.video.HybridVideoPlayActivity",
            "com.baidu.netdisk.tradeplatform.product.view.video.VideoDetailsActivity",
            "com.baidu.netdisk.tradeplatform.product.view.video.VideoPlayActivity",
            "com.baidu.netdisk.tradeplatform.search.ui.view.SearchResultActivity",
            "com.baidu.netdisk.tradeplatform.store.ui.view.StoreListActivity",
            "com.baidu.netdisk.tradeplatform.store.ui.view.StoreProductListActivity",
            "com.baidu.netdisk.tradeplatform.subhall.ui.view.SubHallActivity",
            "com.baidu.netdisk.transassist.TransAssistWorkActivity",
            "com.baidu.netdisk.transassist.TransAssistantActivity",
            "com.baidu.netdisk.transassist.TransFileSelectActivity",
            "com.baidu.netdisk.transassist.TransItemDetailActivity",
            "com.baidu.netdisk.transassist.TransListDetailActivity",
            "com.baidu.netdisk.transassist.TransListRecordActivity",
            "com.baidu.netdisk.transassist.TransWorkDetailActivity",
            "com.baidu.netdisk.transassist.TransWorkSettingActivity",
            "com.baidu.netdisk.transassist.TransWorkShareActivity",
            "com.baidu.netdisk.ui.AboutActivity",
            "com.baidu.netdisk.ui.AboutMeGuideActivity",
            "com.baidu.netdisk.ui.AccountManageRouterActivity",
            "com.baidu.netdisk.ui.AgreementActivity",
            "com.baidu.netdisk.ui.BTDownloadDialogActivity",
            "com.baidu.netdisk.ui.BackUpCenterActivity",
            "com.baidu.netdisk.ui.CharacterLabelEditActivity",
            "com.baidu.netdisk.ui.ContactsPickActivity",
            "com.baidu.netdisk.ui.CorporateEntityTransferDialog",
            "com.baidu.netdisk.ui.DefaultMainActivity",
            "com.baidu.netdisk.ui.DiscoveryActivity",
            "com.baidu.netdisk.ui.DocumentConvertActivity",
            "com.baidu.netdisk.ui.DownloadProgressDialogActivity",
            "com.baidu.netdisk.ui.EnterPushFileActivity",
            "com.baidu.netdisk.ui.EnterPushWorkSpaceActivity",
            "com.baidu.netdisk.ui.EnterShareFileActivity",
            "com.baidu.netdisk.ui.ExternalOpenUkTipActivity",
            "com.baidu.netdisk.ui.FileAppealActivity",
            "com.baidu.netdisk.ui.GuidanceActivity",
            "com.baidu.netdisk.ui.MainActivity",
            "com.baidu.netdisk.ui.MoreServiceSubActivity",
            "com.baidu.netdisk.ui.MyNovelGuideActivity",
            "com.baidu.netdisk.ui.Navigate",
            "com.baidu.netdisk.ui.NetdiskOpenFileActivity",
            "com.baidu.netdisk.ui.NewQuickSettingsActivity",
            "com.baidu.netdisk.ui.NewsFeedActivity",
            "com.baidu.netdisk.ui.OnLineDeviceActivity",
            "com.baidu.netdisk.ui.PersonalInfoActivity",
            "com.baidu.netdisk.ui.PersonalSignatureActivity",
            "com.baidu.netdisk.ui.ReceivePushFileActivity",
            "com.baidu.netdisk.ui.ReceiveShareFileActivity",
            "com.baidu.netdisk.ui.SSLExceptionDialogActivity",
            "com.baidu.netdisk.ui.SelectPicGestureGuideActivity",
            "com.baidu.netdisk.ui.SettingChildActivity",
            "com.baidu.netdisk.ui.SettingsActivity",
            "com.baidu.netdisk.ui.ShowSafeAbilityActivity",
            "com.baidu.netdisk.ui.SmallprogramLauncherActivity",
            "com.baidu.netdisk.ui.SvipAppIconSetActivity",
            "com.baidu.netdisk.ui.UrlLinkActivity",
            "com.baidu.netdisk.ui.WapGroupInfoActivity",
            "com.baidu.netdisk.ui.WapLauncherActivity",
            "com.baidu.netdisk.ui.aboutme.NewAboutMeActivity",
            "com.baidu.netdisk.ui.aboutme.view.AboutMeMoreServiceActivity",
            "com.baidu.netdisk.ui.account.CodedLockActivity",
            "com.baidu.netdisk.ui.account.CodedLockManagerkActivity",
            "com.baidu.netdisk.ui.account.ForgetPwdActivity",
            "com.baidu.netdisk.ui.account.LoginRegisterActivity",
            "com.baidu.netdisk.ui.account.NewServerBanAppealActivity",
            "com.baidu.netdisk.ui.account.SMSLoginRegisterActivity",
            "com.baidu.netdisk.ui.account.ServerBanAppealActivity",
            "com.baidu.netdisk.ui.account.VerifyCodedLockActivity",
            "com.baidu.netdisk.ui.advertise.AdvertiseContentActivity",
            "com.baidu.netdisk.ui.advertise.PlayerAdvertiseActivity",
            "com.baidu.netdisk.ui.aiapps.AiAppsSelectDialog",
            "com.baidu.netdisk.ui.aiapps.AiAppsSquareActivity",
            "com.baidu.netdisk.ui.aiapps.image.SwanImagePagerActivity",
            "com.baidu.netdisk.ui.aiapps.wps.CreateOfficeFileActivity",
            "com.baidu.netdisk.ui.aiapps.wps.CreateWPSFileActivity",
            "com.baidu.netdisk.ui.aiapps.wps.WPSWebViewActivity",
            "com.baidu.netdisk.ui.album.AlbumActivity",
            "com.baidu.netdisk.ui.album.AlbumAddClassificationPicActivity",
            "com.baidu.netdisk.ui.album.AlbumAddLocationPicDetailActivity",
            "com.baidu.netdisk.ui.album.AlbumAddPersonPicDetailActivity",
            "com.baidu.netdisk.ui.album.AlbumAddPicActivity",
            "com.baidu.netdisk.ui.album.AlbumAddThingsPicDetailActivity",
            "com.baidu.netdisk.ui.album.AlbumSettingActivity",
            "com.baidu.netdisk.ui.album.SelectCloudAlbumCoverActivity",
            "com.baidu.netdisk.ui.appid.AppIdActivity",
            "com.baidu.netdisk.ui.backup.appbackup.AppBackedUpListActivity",
            "com.baidu.netdisk.ui.backup.appbackup.AppBackupActivity",
            "com.baidu.netdisk.ui.backup.appbackup.AppOrDataCannotBackupActivity",
            "com.baidu.netdisk.ui.businessplatform.BusinessPopupWebActivity",
            "com.baidu.netdisk.ui.businessplatform.BusinessWebActivity",
            "com.baidu.netdisk.ui.businessplatform.guide.transfer.AlreadyExistFileGuideActivity",
            "com.baidu.netdisk.ui.c2crelease.ReleaseSelectActivity",
            "com.baidu.netdisk.ui.cloudfile.AlbumTimelineActivity",
            "com.baidu.netdisk.ui.cloudfile.AlbumTimelineFromShortcutActivity",
            "com.baidu.netdisk.ui.cloudfile.AlbumTimelineLocalActivity",
            "com.baidu.netdisk.ui.cloudfile.AllDocumentToolsActivity",
            "com.baidu.netdisk.ui.cloudfile.DirectorInfoActivity",
            "com.baidu.netdisk.ui.cloudfile.FileManagerDupFilesActivity",
            "com.baidu.netdisk.ui.cloudfile.FileManagerFailedListActivity",
            "com.baidu.netdisk.ui.cloudfile.FileManagerProgressActivity",
            "com.baidu.netdisk.ui.cloudfile.HomeEntryActivity",
            "com.baidu.netdisk.ui.cloudfile.HomeSearchActivity",
            "com.baidu.netdisk.ui.cloudfile.MyCategoryActivity",
            "com.baidu.netdisk.ui.cloudfile.MyNetdiskActivity",
            "com.baidu.netdisk.ui.cloudfile.OpenNetdiskActivity",
            "com.baidu.netdisk.ui.cloudfile.PickCloudDirActivity",
            "com.baidu.netdisk.ui.cloudfile.PickCloudFileActivity",
            "com.baidu.netdisk.ui.cloudfile.PickNetdiskActivity",
            "com.baidu.netdisk.ui.cloudfile.QuotaErrorActivity",
            "com.baidu.netdisk.ui.cloudfile.RecentDetailActivity",
            "com.baidu.netdisk.ui.cloudfile.RecentFileActivity",
            "com.baidu.netdisk.ui.cloudfile.RecycleBinActivity",
            "com.baidu.netdisk.ui.cloudfile.RecycleBinImagePagerActivity",
            "com.baidu.netdisk.ui.cloudfile.SearchActivity",
            "com.baidu.netdisk.ui.cloudfile.SearchCategoryActivity",
            "com.baidu.netdisk.ui.cloudfile.SearchDirectoryActivity",
            "com.baidu.netdisk.ui.cloudfile.SearchOperationalActivitiesActivity",
            "com.baidu.netdisk.ui.cloudfile.TimeLineGuideActivity",
            "com.baidu.netdisk.ui.cloudp2p.AddFollowActivity",
            "com.baidu.netdisk.ui.cloudp2p.AddFriendQuestionSettingActivity",
            "com.baidu.netdisk.ui.cloudp2p.AddFriendVerifyActivity",
            "com.baidu.netdisk.ui.cloudp2p.AvatarViewActivity",
            "com.baidu.netdisk.ui.cloudp2p.BaiduSearchActivity",
            "com.baidu.netdisk.ui.cloudp2p.BatchTransferTaskListActivity",
            "com.baidu.netdisk.ui.cloudp2p.BindPhoneActivity",
            "com.baidu.netdisk.ui.cloudp2p.BlackListActivity",
            "com.baidu.netdisk.ui.cloudp2p.CategoryFileListActivity",
            "com.baidu.netdisk.ui.cloudp2p.ContactsFollowActivity",
            "com.baidu.netdisk.ui.cloudp2p.ConversationActivity",
            "com.baidu.netdisk.ui.cloudp2p.CreateSendGroupActivity",
            "com.baidu.netdisk.ui.cloudp2p.CropImageActivity",
            "com.baidu.netdisk.ui.cloudp2p.DeviceListActivity",
            "com.baidu.netdisk.ui.cloudp2p.FollowListTabActivity",
            "com.baidu.netdisk.ui.cloudp2p.GroupConversationDetailActivity",
            "com.baidu.netdisk.ui.cloudp2p.GroupIntroActivity",
            "com.baidu.netdisk.ui.cloudp2p.GroupListActivity",
            "com.baidu.netdisk.ui.cloudp2p.GroupManagerActivity",
            "com.baidu.netdisk.ui.cloudp2p.GroupMembersActivity",
            "com.baidu.netdisk.ui.cloudp2p.GroupQrcodeActivity",
            "com.baidu.netdisk.ui.cloudp2p.GroupSendEditActivity",
            "com.baidu.netdisk.ui.cloudp2p.ImageQuicklySendActivity",
            "com.baidu.netdisk.ui.cloudp2p.MboxMsgFileDetailActivity",
            "com.baidu.netdisk.ui.cloudp2p.MboxShareLinkActivity",
            "com.baidu.netdisk.ui.cloudp2p.MyQrcodeActivity",
            "com.baidu.netdisk.ui.cloudp2p.MyQrcodeCommandActivity",
            "com.baidu.netdisk.ui.cloudp2p.NewFollowRecommendActivity",
            "com.baidu.netdisk.ui.cloudp2p.OfficialConversationDetailActivity",
            "com.baidu.netdisk.ui.cloudp2p.PickShareListActivity",
            "com.baidu.netdisk.ui.cloudp2p.RecommendActivity",
            "com.baidu.netdisk.ui.cloudp2p.RichMediaActivity",
            "com.baidu.netdisk.ui.cloudp2p.RichMediaPopupActivity",
            "com.baidu.netdisk.ui.cloudp2p.RichMediaPopupSingleInsActivity",
            "com.baidu.netdisk.ui.cloudp2p.ShareFileActivity",
            "com.baidu.netdisk.ui.cloudp2p.ShareGuideDialogActivity",
            "com.baidu.netdisk.ui.cloudp2p.ShareImagePagerActivity",
            "com.baidu.netdisk.ui.cloudp2p.ShareListActivity",
            "com.baidu.netdisk.ui.cloudp2p.ShareOfficialListActivity",
            "com.baidu.netdisk.ui.cloudp2p.ShareTagPickActivity",
            "com.baidu.netdisk.ui.cloudp2p.ShowTagListActivity",
            "com.baidu.netdisk.ui.cloudp2p.SingleConversationDetailActivity",
            "com.baidu.netdisk.ui.cloudp2p.UploadsActivity",
            "com.baidu.netdisk.ui.cloudp2p.UserInfoActivity",
            "com.baidu.netdisk.ui.cloudp2p.gropuassistant.GroupAssistantActivity",
            "com.baidu.netdisk.ui.cloudp2p.gropuassistant.GroupCheckPeopleActivity",
            "com.baidu.netdisk.ui.cloudp2p.gropuassistant.GroupCkeckFileActivity",
            "com.baidu.netdisk.ui.cloudp2p.pickfile.FileCategoryActivity",
            "com.baidu.netdisk.ui.cloudp2p.pickfile.ImagePagerForShareActivity",
            "com.baidu.netdisk.ui.cloudp2p.pickfile.LocalFileActivity",
            "com.baidu.netdisk.ui.cloudp2p.pickfile.PickCloudImageActivity",
            "com.baidu.netdisk.ui.cloudp2p.pickfile.PickOneNetdiskFileActivity",
            "com.baidu.netdisk.ui.cloudp2p.pickfile.SelectNetdiskFileActivity",
            "com.baidu.netdisk.ui.cloudp2p.pickfile.ShareFileGuideActivity",
            "com.baidu.netdisk.ui.cloudp2p.sharedirectory.ui.create.CreateShareDetailsActivity",
            "com.baidu.netdisk.ui.cloudp2p.sharedirectory.ui.create.CreateShareEntryActivity",
            "com.baidu.netdisk.ui.cloudp2p.sharedirectory.ui.create.GuideVideoActivity",
            "com.baidu.netdisk.ui.cloudp2p.sharedirectory.ui.members.DeleteShareMemberActivity",
            "com.baidu.netdisk.ui.cloudp2p.sharedirectory.ui.members.ShareMemberListActivity",
            "com.baidu.netdisk.ui.cloudp2p.sharedirectory.ui.root.MyShareListActivity",
            "com.baidu.netdisk.ui.cloudp2p.sharedirectory.ui.settings.ShareSettingActivity",
            "com.baidu.netdisk.ui.cloudp2p.sharedirectory.ui.subdirectory.ShareSubDirectoryListActivity",
            "com.baidu.netdisk.ui.cloudp2p.sharedirectory.ui.upload.PickNetdiskAlbumActivity",
            "com.baidu.netdisk.ui.foundalbum.FoundAlbumDetailActivity",
            "com.baidu.netdisk.ui.foundalbum.FoundAlbumListActivity",
            "com.baidu.netdisk.ui.gc.GarbageCleanResultActivity",
            "com.baidu.netdisk.ui.gc.GarbageFileListActivity",
            "com.baidu.netdisk.ui.gc.GarbageMainActivity",
            "com.baidu.netdisk.ui.gc.ScanGarbageFileActivity",
            "com.baidu.netdisk.ui.gc.ScanGarbageResultActivity",
            "com.baidu.netdisk.ui.hidden.HiddenFilesManagerActivity",
            "com.baidu.netdisk.ui.home.collection.CollectionActivity",
            "com.baidu.netdisk.ui.imprint.ImprintActivity",
            "com.baidu.netdisk.ui.imprint.SmartMakeActivity",
            "com.baidu.netdisk.ui.launch.AuthenticatorActivity",
            "com.baidu.netdisk.ui.localfile.aiapps.SwanBucketActivity",
            "com.baidu.netdisk.ui.localfile.aiapps.SwanPickLocalImageActivity",
            "com.baidu.netdisk.ui.localfile.aiapps.SwanPickLocalImagePagerActivity",
            "com.baidu.netdisk.ui.localfile.bt.PickBtFileActivity",
            "com.baidu.netdisk.ui.localfile.bt.ScanBtFileActivity",
            "com.baidu.netdisk.ui.localfile.selectfile.AddHiddenFilesDialogActivity",
            "com.baidu.netdisk.ui.localfile.selectfile.LocalImageSelectActivity",
            "com.baidu.netdisk.ui.localfile.selectfile.SelectFileForShareAddDialogActivity",
            "com.baidu.netdisk.ui.localfile.selectfile.SelectNetdiskFileDialogActivity",
            "com.baidu.netdisk.ui.localfile.selectpath.BackupPathPickActivity",
            "com.baidu.netdisk.ui.localfile.selectpath.DownloadPathPickActivity",
            "com.baidu.netdisk.ui.localfile.selectpath.SelectFolderActivity",
            "com.baidu.netdisk.ui.localfile.selectpath.SelectFolderDialogActivity",
            "com.baidu.netdisk.ui.localfile.upload.BucketActivity",
            "com.baidu.netdisk.ui.localfile.upload.UploadFileSelectActivity",
            "com.baidu.netdisk.ui.localfile.upload.UploadLocalPhotoActivity",
            "com.baidu.netdisk.ui.newsfeed.NewsFeedDetailActivity",
            "com.baidu.netdisk.ui.newuserpopup.view.NewUserPopupGuideActivity",
            "com.baidu.netdisk.ui.open.AuthenticatorActivity",
            "com.baidu.netdisk.ui.open.CategoryActivity",
            "com.baidu.netdisk.ui.open.ExtOpenFileDialog",
            "com.baidu.netdisk.ui.open.NetdiskOpenActivity",
            "com.baidu.netdisk.ui.open.OpenDirActivity",
            "com.baidu.netdisk.ui.open.OpenYouthFileActivity",
            "com.baidu.netdisk.ui.open.SearchOpenActivity",
            "com.baidu.netdisk.ui.open.UploadOpenActivity",
            "com.baidu.netdisk.ui.openfilebyqrcode.OpenFileByQrCodeLoadingActivity",
            "com.baidu.netdisk.ui.permission.view.PermissionDialogActivity",
            "com.baidu.netdisk.ui.permission.view.PermissionListActivity",
            "com.baidu.netdisk.ui.preview.BTFileListActivity",
            "com.baidu.netdisk.ui.preview.MagnetFileListActivity",
            "com.baidu.netdisk.ui.preview.OpenFileDialog",
            "com.baidu.netdisk.ui.preview.OpenPropertyFileHelperActivity",
            "com.baidu.netdisk.ui.preview.apprecommend.ui.AppRecommendDialog",
            "com.baidu.netdisk.ui.preview.dlna.DlnaControlerActivity",
            "com.baidu.netdisk.ui.preview.image.ImagePagerActivity",
            "com.baidu.netdisk.ui.preview.unzip.BusinessUnzipGuideDialogActivity",
            "com.baidu.netdisk.ui.preview.unzip.IncentivePointActivity",
            "com.baidu.netdisk.ui.preview.unzip.UnzipFileListActivity",
            "com.baidu.netdisk.ui.quota.QuotaLimitActivity",
            "com.baidu.netdisk.ui.quota.QuotaLockedActivity",
            "com.baidu.netdisk.ui.search.SearchTimelineActivity",
            "com.baidu.netdisk.ui.searchbox.plugin.SearchboxGroundActivity",
            "com.baidu.netdisk.ui.secondpwd.cardpackage.CardInfoDetailActivity",
            "com.baidu.netdisk.ui.secondpwd.cardpackage.CardInfoEditActivity",
            "com.baidu.netdisk.ui.secondpwd.cardpackage.CardTypeListActivity",
            "com.baidu.netdisk.ui.secondpwd.cardpackage.MyCardPackageActivity",
            "com.baidu.netdisk.ui.secondpwd.cardpackage.PreviewCardImageActivity",
            "com.baidu.netdisk.ui.secondpwd.cardpackage.RecognizeCardImageActivity",
            "com.baidu.netdisk.ui.selfstarting.ui.SelfStartingGuideActivity",
            "com.baidu.netdisk.ui.sharedirectory.AcceptShareDirectoryMemberActivity",
            "com.baidu.netdisk.ui.sharedirectory.AddShareDirectoryRelationActivity",
            "com.baidu.netdisk.ui.sharedirectory.ShareDirectoryOperationLogActivity",
            "com.baidu.netdisk.ui.sharedirectory.ShareDirectoryOperationLogActivityOld",
            "com.baidu.netdisk.ui.sharedirectory.ShareToMeDirectoryActivity",
            "com.baidu.netdisk.ui.trade.TradeImagePagerActivity",
            "com.baidu.netdisk.ui.trade.TradeImagePagerActivityEx",
            "com.baidu.netdisk.ui.transfer.BackUpListActivity",
            "com.baidu.netdisk.ui.transfer.TransferFeedActivity",
            "com.baidu.netdisk.ui.transfer.TransferListTabActivity",
            "com.baidu.netdisk.ui.transfer.TransferListTabActivity$TransferListTabActivity3",
            "com.baidu.netdisk.ui.transfer.subtransfer.FinishedTransferActivity",
            "com.baidu.netdisk.ui.transfer.subtransfer.TransferSettingsActivity",
            "com.baidu.netdisk.ui.upload.PluginUploadFileActivity",
            "com.baidu.netdisk.ui.verify.VerifyPopupActivity",
            "com.baidu.netdisk.ui.view.ShareLinkPlayActivity",
            "com.baidu.netdisk.ui.view.VideoWidgetActivity",
            "com.baidu.netdisk.ui.view.Wap2NetdiskActivityView",
            "com.baidu.netdisk.ui.vip.VipActivity",
            "com.baidu.netdisk.ui.vip.VipPayActivity",
            "com.baidu.netdisk.ui.vipchannel.VipChannelActivity",
            "com.baidu.netdisk.ui.webview.CommonWebViewActivity",
            "com.baidu.netdisk.ui.webview.OfflineH5PackageActivity",
            "com.baidu.netdisk.ui.webview.WebViewWithBottomButtonActivity",
            "com.baidu.netdisk.ui.xpan.ability.XPanStorageAbilityActivity",
            "com.baidu.netdisk.ui.xpan.classification.SmartXClassificationActivity",
            "com.baidu.netdisk.ui.xpan.classification.SmartXCustomizeActivity",
            "com.baidu.netdisk.ui.xpan.device.DeviceCategoryNonsupportDialog",
            "com.baidu.netdisk.ui.xpan.device.DeviceListActivity",
            "com.baidu.netdisk.ui.xpan.device.DeviceSettingActivity",
            "com.baidu.netdisk.ui.xpan.nas.NASAuthorizationActivity",
            "com.baidu.netdisk.ui.xpan.nas.NASBTFileListActivity",
            "com.baidu.netdisk.ui.xpan.nas.NASBTResultActivity",
            "com.baidu.netdisk.ui.xpan.nas.NASDirectoryFileActivity",
            "com.baidu.netdisk.ui.xpan.nas.NASFileActivity",
            "com.baidu.netdisk.ui.xpan.nas.NASNetdiskFileListActivity",
            "com.baidu.netdisk.ui.xpan.nas.NASTransferListActivity",
            "com.baidu.netdisk.ui.xpan.nas.NASUrlLinkActivity",
            "com.baidu.netdisk.ui.xpan.nas.customize.XPanCustomizeNasFileListActivity",
            "com.baidu.netdisk.ui.xpan.nas.customize.XPanCustomizeStorageActivity",
            "com.baidu.netdisk.ui.xpan.open.XPanHolderActivity",
            "com.baidu.netdisk.ui.xpan.panlink.PanlinkSelectFileActivity",
            "com.baidu.netdisk.ui.xpan.soundbox.AlbumDetailsActivity",
            "com.baidu.netdisk.ui.xpan.soundbox.AudioListActivity",
            "com.baidu.netdisk.ui.xpan.soundbox.DevicePlaylistActivity",
            "com.baidu.netdisk.ui.xpan.soundbox.ImageListActivity",
            "com.baidu.netdisk.uiframe.container.CommonActivity",
            "com.baidu.netdisk.video.ui.preview.video.InstallVideoPlayerPluginActivity",
            "com.baidu.netdisk.video.ui.preview.video.NetCheckActivity",
            "com.baidu.netdisk.video.ui.preview.video.VerticalVideoPlayerActivity",
            "com.baidu.netdisk.video.ui.preview.video.VideoPlayerActivity",
            "com.baidu.netdisk.viptransfer.ui.VipTransferActivity",
            "com.baidu.netdisk.wap.launch.ui.CommonLauncherActivity",
            "com.baidu.netdisk.wap.launch.ui.SelfFileWapInfoActivity",
            "com.baidu.netdisk.wechatbackup.ui.WechatAuthorizationActivity",
            "com.baidu.netdisk.wechatbackup.ui.WechatAutoBackupSettingsActivity",
            "com.baidu.netdisk.wechatbackup.ui.WechatBackupActivity",
            "com.baidu.netdisk.workspace.ui.PostFileToPcWaySelectActivity",
            "com.baidu.netdisk.wpdocument.ui.WpDocumentViewerActivity",
            "com.baidu.netdisk.wxapi.WXEntryActivity",
            "com.baidu.netdisk.wxapi.WXPayEntryActivity",
            "com.baidu.netdisk.youth.ui.YouthTransferActivity",
            "com.baidu.netdisk.zxing.CaptureActivity",
            "com.baidu.oauth.sdk.view.WebViewActivity",
            "com.baidu.ocr.ui.camera.CameraActivity",
            "com.baidu.pass.biometrics.face.liveness.activity.PassLivenessRecogActivity",
            "com.baidu.pass.biometrics.face.liveness.activity.YYProtocolActivity",
            "com.baidu.pass.permissions.PermissionsHelperActivity",
            "com.baidu.poly.widget.AgreeNoPwdPayAuthActivity",
            "com.baidu.poly.widget.PayWebActivity",
            "com.baidu.poly.widget.PolyActivity",
            "com.baidu.poly.widget.WechatSignAutoRenewActivity",
            "com.baidu.sapi2.activity.AccountCenterActivity",
            "com.baidu.sapi2.activity.AccountCenterExternalActivity",
            "com.baidu.sapi2.activity.AccountRealNameActivity",
            "com.baidu.sapi2.activity.AccountToolsActivity",
            "com.baidu.sapi2.activity.AuthWidgetActivity",
            "com.baidu.sapi2.activity.AuthWidgetForCashierActivity",
            "com.baidu.sapi2.activity.AuthWidgetOnlyPhoneActivity",
            "com.baidu.sapi2.activity.BindVerifyActivity",
            "com.baidu.sapi2.activity.BindWidgetActivity",
            "com.baidu.sapi2.activity.ChildVerifyActivity",
            "com.baidu.sapi2.activity.ForgetPwdActivity",
            "com.baidu.sapi2.activity.GrantWebActivity",
            "com.baidu.sapi2.activity.HorizontalScreenLoginActivity",
            "com.baidu.sapi2.activity.IdCardOcrCameraActivity",
            "com.baidu.sapi2.activity.ImageClipActivity",
            "com.baidu.sapi2.activity.LoadExternalWebViewActivity",
            "com.baidu.sapi2.activity.LoginActivity",
            "com.baidu.sapi2.activity.NormalizeGuestAccountActivity",
            "com.baidu.sapi2.activity.OauthActivity",
            "com.baidu.sapi2.activity.QrLoginActivity",
            "com.baidu.sapi2.activity.RegisterActivity",
            "com.baidu.sapi2.activity.RemoteProcessWebviewActivity",
            "com.baidu.sapi2.activity.ShareActivity",
            "com.baidu.sapi2.activity.ShareResultProxyActivity",
            "com.baidu.sapi2.activity.SwitchAccountActivity",
            "com.baidu.sapi2.activity.YouthStyleLoginActivity",
            "com.baidu.sapi2.activity.social.CFOSSOLoginActivity",
            "com.baidu.sapi2.activity.social.FacebookSSOLoginActivity",
            "com.baidu.sapi2.activity.social.GlorySSOLoginActivity",
            "com.baidu.sapi2.activity.social.GoogleSSOLoginActivity",
            "com.baidu.sapi2.activity.social.HuaweiSSOLoginActivity",
            "com.baidu.sapi2.activity.social.MeizuSSOLoginActivity",
            "com.baidu.sapi2.activity.social.QQOauthLoginActivity",
            "com.baidu.sapi2.activity.social.QQSSOLoginActivity",
            "com.baidu.sapi2.activity.social.SinaSSOLoginActivity",
            "com.baidu.sapi2.activity.social.TwitterSSOLoginActivity",
            "com.baidu.sapi2.activity.social.WXLoginActivity",
            "com.baidu.sapi2.activity.social.XiaomiSSOLoginActivity",
            "com.baidu.sapi2.activity.social.YYInnerSSOLoginActivity",
            "com.baidu.sapi2.activity.social.YYSSOLoginActivity",
            "com.baidu.sapi2.ecommerce.activity.AddressEditActivity",
            "com.baidu.sapi2.ecommerce.activity.AddressListActivity",
            "com.baidu.sapi2.ecommerce.activity.GetContactActivty",
            "com.baidu.sapi2.ecommerce.activity.InvoiceBuildActivity",
            "com.baidu.sapi2.ecommerce.activity.InvoiceBuildExternalActivity",
            "com.baidu.sapi2.ecommerce.activity.MapLocationAddrActivity",
            "com.baidu.sapi2.share.ShareActivity",
            "com.baidu.searchbox.SchemeNotSupportDialogActivity",
            "com.baidu.searchbox.ad.dazzle.view.DazzleActivity",
            "com.baidu.searchbox.deprecation.ImmerseBrowserActivity",
            "com.baidu.searchbox.discovery.novel.DiscoveryNovelDetailActivity",
            "com.baidu.searchbox.discovery.novel.DiscoveryNovelPersonalActivity",
            "com.baidu.searchbox.discovery.novel.DiscoveryNovelSearchResultActivity",
            "com.baidu.searchbox.discovery.novel.DiscoveryNovelSecondActivity",
            "com.baidu.searchbox.discovery.novel.DiscoveryNovelSpecialActivity",
            "com.baidu.searchbox.discovery.novel.DiscoveryNovelWebCommentActivity",
            "com.baidu.searchbox.discovery.novel.DiscoveryThirdNovelDetailActivity",
            "com.baidu.searchbox.discovery.novel.NovelHomeActivity",
            "com.baidu.searchbox.discovery.novel.guide.NovelFloatGuideActivity",
            "com.baidu.searchbox.discovery.novel.shelf.NovelShelfEditActivity",
            "com.baidu.searchbox.discovery.novel.shelfgroup.NovelShelfCreateGroupActivity",
            "com.baidu.searchbox.discovery.novel.shelfgroup.NovelShelfGroupActivity",
            "com.baidu.searchbox.discovery.novel.shelfgroup.NovelShelfGroupEditActivity",
            "com.baidu.searchbox.discovery.novel.shelfgroup.NovelShelfGroupSelectActivity",
            "com.baidu.searchbox.discovery.novel.video.NovelAdVideoActivity",
            "com.baidu.searchbox.novel.lightbrowser.LightBrowserActivity",
            "com.baidu.searchbox.novel.view.activity.NovelLightBrowserActivity",
            "com.baidu.searchbox.novelui.ext.widget.dialog.BaseActivityDialog",
            "com.baidu.searchbox.process.ipc.agent.activity.MainProcessDelegateActivity",
            "com.baidu.searchbox.process.ipc.agent.activity.MegPluginDelegateActivity",
            "com.baidu.searchbox.process.ipc.agent.activity.PluginDelegateActivity",
            "com.baidu.searchbox.reader.litereader.view.LiteReaderActivity",
            "com.baidu.searchbox.story.DownloadSpeechLibDialogActivity",
            "com.baidu.searchbox.story.NovelPayActivity",
            "com.baidu.searchbox.story.PayDownloadStoryActivity",
            "com.baidu.searchbox.story.ReaderFloatActivity",
            "com.baidu.searchbox.story.ReaderLoginActivity",
            "com.baidu.searchbox.story.ReaderPluginInvokeShareMenuActivity",
            "com.baidu.searchbox.story.ReaderSettingsActivity",
            "com.baidu.searchbox.story.ReaderStartActivity",
            "com.baidu.searchbox.story.piratedwebsite.NovelPiratedDialogActivity",
            "com.baidu.sofire.MyActivity",
            "com.baidu.swan.apps.SwanAppActivity",
            "com.baidu.swan.apps.SwanAppActivity1",
            "com.baidu.swan.apps.SwanAppActivity2",
            "com.baidu.swan.apps.SwanAppActivity3",
            "com.baidu.swan.apps.SwanAppActivity4",
            "com.baidu.swan.apps.SwanAppActivity5",
            "com.baidu.swan.apps.SwanAppActivityMain",
            "com.baidu.swan.apps.SwanAppClearCacheErrorActivity",
            "com.baidu.swan.apps.SwanAppErrorActivity",
            "com.baidu.swan.apps.SwanAppHalfScreenActivity",
            "com.baidu.swan.apps.SwanAppHalfScreenActivity1",
            "com.baidu.swan.apps.SwanAppHalfScreenActivity2",
            "com.baidu.swan.apps.SwanAppHalfScreenActivity3",
            "com.baidu.swan.apps.SwanAppHalfScreenActivity4",
            "com.baidu.swan.apps.SwanAppHalfScreenActivity5",
            "com.baidu.swan.apps.SwanAppHalfScreenActivityMain",
            "com.baidu.swan.apps.SwanAppLauncherActivity",
            "com.baidu.swan.apps.SwanAppScopeDetailActivity",
            "com.baidu.swan.apps.SwanRelayActivity",
            "com.baidu.swan.apps.console.debugger.adbdebug.SwanAppAdbDebugActivity",
            "com.baidu.swan.apps.media.chooser.activity.SwanAppAlbumActivity",
            "com.baidu.swan.apps.media.chooser.activity.SwanAppAlbumPreviewActivity",
            "com.baidu.swan.apps.view.SwanAppErrorDialog",
            "com.baidu.swan.bdprivate.extensions.loginauthmobile.LoginAndGetMobileActivity",
            "com.baidu.swan.bdprivate.extensions.loginauthmobile.LoginServiceAgreementActivity",
            "com.baidu.swan.facade.picture.wallpaper.PictureWallpaperActivity",
            "com.baidu.swan.facade.requred.webview.LoadingActivity",
            "com.baidu.swan.game.guide.dialog.CoinClickDialog",
            "com.baidu.swan.game.guide.install.GameNowInstallAntiBlockingActivity",
            "com.baidu.swan.game.guide.install.InstallActivity",
            "com.baidu.swan.gamecenter.appmanager.install.InstallAntiBlockingActivity",
            "com.baidu.swan.gamecenter.appmanager.install.InstallPluginDelegateActivity",
            "com.baidu.swan.impl.scheme.extend.SwanAppExtendDelegateActivity",
            "com.baidu.swan.impl.scheme.extend.incentive.SwanIncentiveActivity",
            "com.baidu.swan.trace.activity.TraceInfoActivity",
            "com.baidu.techain.NCActivity",
            "com.baidu.techain.NGuideActivity",
            "com.baidu.techain.RichWebActivity",
            "com.baidu.techain.TechainActivity",
            "com.baidu.techain.push.HWPushActivity",
            "com.baidu.techain.push.OPPOPushActivity",
            "com.baidu.ufosdk.hybrid.base.WebLoaderActivity",
            "com.baidu.ufosdk.screencapedt.ScreenCapEditActivity",
            "com.baidu.ufosdk.ui.FeedbackEditActivity",
            "com.baidu.ufosdk.ui.FeedbackImageViewFlipperActivity",
            "com.baidu.ufosdk.ui.FeedbackInputActivity",
            "com.baidu.ufosdk.ui.FeedbackListActivity",
            "com.baidu.ufosdk.ui.FeedbackReportActivity",
            "com.baidu.wallet.bankdetection.BankCardDetectionActivity",
            "com.baidu.wallet.bankdetection.BankCardResultActivity",
            "com.baidu.wallet.bankdetection.ocr.ui.DxmOcrBankCardDetectionActivity",
            "com.baidu.wallet.bankdetection.ocr.ui.DxmOcrBankCardResultActivity",
            "com.baidu.wallet.base.iddetect.IdCardActivity",
            "com.baidu.wallet.base.iddetect.IdCardDetectionH5Activity",
            "com.baidu.wallet.base.iddetect.IdentityCardDetectionActivity",
            "com.baidu.wallet.base.widget.LoadingActivity",
            "com.baidu.wallet.core.permission.PermissionActivity",
            "com.baidu.wallet.fastpay.ui.ChargeActivity",
            "com.baidu.wallet.fastpay.ui.WalletMobileResultActivity",
            "com.baidu.wallet.lightapp.ability.proxy.SelectAddressProxy",
            "com.baidu.wallet.lightapp.business.LightappBrowseActivity",
            "com.baidu.wallet.lightapp.multipage.LangbridgeActivity",
            "com.baidu.wallet.newbindcard.ui.NewBindCardEnterActivity",
            "com.baidu.wallet.newbindcard.ui.NewBindCardMainActivity",
            "com.baidu.wallet.newbindcard.ui.NewCheckPwdActivity",
            "com.baidu.wallet.newbindcard.ui.NewCheckSmsActivity",
            "com.baidu.wallet.newbindcard.ui.NewSetPwdActivity",
            "com.baidu.wallet.passport.PassSMSAuthProxyActivity",
            "com.baidu.wallet.paysdk.fingerprint.ui.DxmCheckFingerprintActivity",
            "com.baidu.wallet.paysdk.fingerprint.ui.FingerprintOpenGuideActivity",
            "com.baidu.wallet.paysdk.payresult.view.WalletPayResultCommonActivity",
            "com.baidu.wallet.paysdk.ui.AuthorizeSignActivity",
            "com.baidu.wallet.paysdk.ui.BindCardImplActivity",
            "com.baidu.wallet.paysdk.ui.BindCardProtocolActivity",
            "com.baidu.wallet.paysdk.ui.BusinessSignedGuideActivity",
            "com.baidu.wallet.paysdk.ui.CardInfoCheckActivity",
            "com.baidu.wallet.paysdk.ui.CouponListActivity",
            "com.baidu.wallet.paysdk.ui.H5PayWebViewActivity",
            "com.baidu.wallet.paysdk.ui.OrderConfirmActivity",
            "com.baidu.wallet.paysdk.ui.PayTypeActivity",
            "com.baidu.wallet.paysdk.ui.PostWebviewActivity",
            "com.baidu.wallet.paysdk.ui.PwdCheckActivity",
            "com.baidu.wallet.paysdk.ui.PwdPayActivity",
            "com.baidu.wallet.paysdk.ui.PwdSetAndConfirmActivity",
            "com.baidu.wallet.paysdk.ui.SelectBindCardActivity",
            "com.baidu.wallet.paysdk.ui.SignChannelListActivity",
            "com.baidu.wallet.paysdk.ui.VoiceVerifyActivity",
            "com.baidu.wallet.paysdk.ui.WalletSmsActivity",
            "com.baidu.wallet.paysdk.ui.WelcomeActivity",
            "com.baidu.wallet.paysdk.ui.WithholdPayActivity",
            "com.baidu.wallet.personal.ui.MyCouponDetailActivity",
            "com.baidu.wallet.personal.ui.MyCouponListActivity",
            "com.baidu.wallet.qrcodescanner.ComfirmOrderActivity",
            "com.baidu.wallet.qrcodescanner.QRScanCodeActivity",
            "com.baidu.wallet.remotepay.RemotePayEnterActivity",
            "com.baidu.wallet.remotepay.RemotePaySplashActivity",
            "com.baidu.wallet.scheme.WalletSchemeActivity",
            "com.baidu.webkit.sdk.PermissionActivity",
            "com.baidu.youavideo.story.ui.view.AllStoryListActivity",
            "com.baidu.youavideo.story.ui.view.MemoryStoryDetailActivity",
            "com.baidu.youavideo.story.ui.view.MemoryStoryMediaListActivity",
            "com.baidu.youavideo.story.ui.view.MemoryStoryMediaShareActivity",
            "com.baidu.youavideo.story.ui.view.MemoryStoryPreviewActivity",
            "com.baidu.youavideo.story.ui.view.MemoryStorySingleMediaActivity",
            "com.bytedance.sdk.openadsdk.activity.base.TTDelegateActivity",
            "com.bytedance.sdk.openadsdk.activity.base.TTFullScreenExpressVideoActivity",
            "com.bytedance.sdk.openadsdk.activity.base.TTFullScreenVideoActivity",
            "com.bytedance.sdk.openadsdk.activity.base.TTMiddlePageActivity",
            "com.bytedance.sdk.openadsdk.activity.base.TTPlayableWebPageActivity",
            "com.bytedance.sdk.openadsdk.activity.base.TTRewardExpressVideoActivity",
            "com.bytedance.sdk.openadsdk.activity.base.TTRewardVideoActivity",
            "com.bytedance.sdk.openadsdk.activity.base.TTVideoScrollWebPageActivity",
            "com.bytedance.sdk.openadsdk.activity.base.TTVideoWebPageActivity",
            "com.bytedance.sdk.openadsdk.activity.base.TTWebPageActivity",
            "com.bytedance.sdk.openadsdk.dislike.TTDislikeWebViewActivity",
            "com.duxiaoman.wallet.newhome.MainActivity",
            "com.dxmpay.wallet.base.widget.LoadingActivity",
            "com.dxmpay.wallet.passport.PassSMSAuthProxyActivity",
            "com.dxmpay.wallet.paysdk.ui.PassNormalizeActivity",
            "com.dxmpay.wallet.paysdk.ui.WebViewActivity",
            "com.google.android.play.core.common.PlayCoreDialogWrapperActivity",
            "com.google.android.play.core.missingsplits.PlayCoreMissingSplitsActivity",
            "com.google.ar.core.InstallActivity",
            "com.hpplay.sdk.source.permission.PermissionBridgeActivity",
            "com.huawei.hms.activity.BridgeActivity",
            "com.huawei.hms.activity.EnableServiceActivity",
            "com.idlefish.flutterboost.containers.FlutterBoostActivity",
            "com.sdk.base.module.permission.PermissionActivity",
            "com.sina.weibo.sdk.share.WbShareResultActivity",
            "com.sina.weibo.sdk.share.WbShareToStoryActivity",
            "com.sina.weibo.sdk.share.WbShareTransActivity",
            "com.sina.weibo.sdk.web.WeiboSdkWebActivity",
            "com.ss.android.downloadlib.activity.JumpKllkActivity",
            "com.ss.android.downloadlib.activity.TTDelegateActivity",
            "com.ss.android.downloadlib.addownload.compliance.AppDetailInfoActivity",
            "com.ss.android.downloadlib.addownload.compliance.AppPrivacyPolicyActivity",
            "com.ss.android.socialbase.appdownloader.view.DownloadTaskDeleteActivity",
            "com.ss.android.socialbase.appdownloader.view.JumpUnknownSourceActivity",
            "com.tencent.connect.common.AssistActivity",
            "com.tencent.tauth.AuthActivity",
            "com.vivo.push.sdk.LinkProxyClientActivity",
            "com.yy.open.activity.AssistActivity",
            "com.yy.open.activity.BridgeActivity",
            "fm.qingting.qtsdk.auth.QTAuthActivity",
            "fm.qingting.qtsdk.pay.QTPayActivity",
            "io.flutter.plugins.urllauncher.WebViewActivity",
            "org.geometerplus.android.fbreader.FBReader"
        ],
        "services": [
            "androidx.room.MultiInstanceInvalidationService",
            "androidx.work.impl.background.systemalarm.SystemAlarmService",
            "androidx.work.impl.background.systemjob.SystemJobService",
            "com.baidu.crashpad.DumperService",
            "com.baidu.location.f",
            "com.baidu.netdisk.backup.BackupJobService",
            "com.baidu.netdisk.backup.BackupService",
            "com.baidu.netdisk.backup.pim.calllog.service.CallLogBackupJobService",
            "com.baidu.netdisk.backup.pim.calllog.service.CallLogBackupService",
            "com.baidu.netdisk.cloudfile.service.job.quickdiff.CloudFileDiffService",
            "com.baidu.netdisk.jkeng.accountsync.AuthenticationService",
            "com.baidu.netdisk.jkeng.accountsync.SyncService",
            "com.baidu.netdisk.jkeng.jobschedule.JKengJobService",
            "com.baidu.netdisk.localfile.scanner.LocalFileScannerService",
            "com.baidu.netdisk.open.service.OpenService",
            "com.baidu.netdisk.p2p.NetdiskDownloadGuardService",
            "com.baidu.netdisk.p2p.NetdiskDownloadService",
            "com.baidu.netdisk.platform.business.incentive.player.service.PlayerService",
            "com.baidu.netdisk.platform.business.incentive.service.BusinessService",
            "com.baidu.netdisk.plugins.PluginPlatformService",
            "com.baidu.netdisk.service.AdvertiseNetdiskService",
            "com.baidu.netdisk.service.NetdiskJobService",
            "com.baidu.netdisk.service.NetdiskMediaBrowserService",
            "com.baidu.netdisk.service.NetdiskService",
            "com.baidu.netdisk.service.hicar.HiCarMediaOperateMgr",
            "com.baidu.netdisk.terminalcalc.compress.service.operator.ThumbnailOperatorService",
            "com.baidu.netdisk.tradeplatform.player.service.PlayerService",
            "com.baidu.netdisk.tradeplatform.service.TradeJobService",
            "com.baidu.netdisk.tradeplatform.service.TradeService",
            "com.baidu.netdisk.tts.speechsynthesizer.TTSPlayerService",
            "com.baidu.pim.smsmms.receiver.HeadlessSmsSendService",
            "com.baidu.searchbox.logsystem.basic.LokiService",
            "com.baidu.searchbox.novel.download.downloads.DownloadService",
            "com.baidu.searchbox.novelplayer.remote.BDRemotePlayerService",
            "com.baidu.searchbox.reader.ReaderService",
            "com.baidu.searchbox.reader.ReaderService$InnerService",
            "com.baidu.sofire.MyService",
            "com.baidu.swan.apps.media.audio.service.SwanAppAudioService",
            "com.baidu.swan.apps.process.messaging.client.SwanAppLocalService",
            "com.baidu.swan.apps.process.messaging.client.SwanAppLocalService1",
            "com.baidu.swan.apps.process.messaging.client.SwanAppLocalService2",
            "com.baidu.swan.apps.process.messaging.client.SwanAppLocalService3",
            "com.baidu.swan.apps.process.messaging.client.SwanAppLocalService4",
            "com.baidu.swan.apps.process.messaging.client.SwanAppLocalService5",
            "com.baidu.swan.apps.process.messaging.client.SwanAppLocalServiceMain",
            "com.baidu.swan.apps.process.messaging.service.SwanAppMessengerService",
            "com.baidu.swan.game.ad.downloader.core.AdDownloadService",
            "com.baidu.techain.THService",
            "com.baidu.techain.TechainService",
            "com.baidu.techain.push.HWPushMsgService",
            "com.baidu.titan.sdk.sandbox.WorkerService",
            "com.baidu.userexperience.UserExperienceService",
            "com.baidu.webkit.sdk.DumperService",
            "com.baidu.webkit.sdk.WebViewRendererService0",
            "com.baidu.webkit.sdk.WebViewRendererService1",
            "com.baidu.webkit.sdk.WebViewRendererService2",
            "com.bytedance.sdk.openadsdk.multipro.aidl.BinderPoolService",
            "com.google.android.play.core.assetpacks.AssetPackExtractionService",
            "com.google.android.play.core.assetpacks.ExtractionForegroundService",
            "com.heytap.msp.push.service.CompatibleDataMessageCallbackService",
            "com.heytap.msp.push.service.DataMessageCallbackService",
            "com.hpplay.sdk.source.process.LelinkSdkService",
            "com.huawei.agconnect.core.ServiceDiscovery",
            "com.huawei.hms.support.api.push.service.HmsMsgService",
            "com.meizu.cloud.pushsdk.NotificationService",
            "com.ss.android.socialbase.appdownloader.DownloadHandlerService",
            "com.ss.android.socialbase.appdownloader.RetryJobSchedulerService",
            "com.ss.android.socialbase.downloader.downloader.DownloadService",
            "com.ss.android.socialbase.downloader.downloader.IndependentProcessDownloadService",
            "com.ss.android.socialbase.downloader.downloader.SqlDownloadCacheService",
            "com.ss.android.socialbase.downloader.impls.DownloadHandleService",
            "com.ss.android.socialbase.downloader.notification.DownloadNotificationService",
            "com.vivo.push.sdk.service.CommandClientService",
            "com.xiaomi.mipush.sdk.MessageHandleService",
            "com.xiaomi.mipush.sdk.PushMessageHandler",
            "com.xiaomi.push.service.XMJobService",
            "com.xiaomi.push.service.XMPushService"
        ],
        "receivers": [
            "androidx.media.session.MediaButtonReceiver",
            "androidx.work.impl.background.systemalarm.ConstraintProxy$BatteryChargingProxy",
            "androidx.work.impl.background.systemalarm.ConstraintProxy$BatteryNotLowProxy",
            "androidx.work.impl.background.systemalarm.ConstraintProxy$NetworkStateProxy",
            "androidx.work.impl.background.systemalarm.ConstraintProxy$StorageNotLowProxy",
            "androidx.work.impl.background.systemalarm.ConstraintProxyUpdateReceiver",
            "androidx.work.impl.background.systemalarm.RescheduleReceiver",
            "androidx.work.impl.utils.ForceStopRunnable$BroadcastReceiver",
            "com.baidu.helios.DummyProvider",
            "com.baidu.nadcore.download.notification.NotificationReceiver",
            "com.baidu.netdisk.account.AccountChangeBroadcastReceiver",
            "com.baidu.netdisk.account.HomeAccountChangeListener",
            "com.baidu.netdisk.account.MemberAccountChangeReceiver",
            "com.baidu.netdisk.backup.AccountChangeListener",
            "com.baidu.netdisk.backup.pim.PimAlarmReceiver",
            "com.baidu.netdisk.base.imageloader.AccountChangeListener",
            "com.baidu.netdisk.calllog.broadcast.AccountChangeListener",
            "com.baidu.netdisk.cloudfile.utils.AlarmDiffReceiver",
            "com.baidu.netdisk.cloudimage.broadcast.AccountChangeListener",
            "com.baidu.netdisk.cloudp2p.broadcast.AccountChangeListener",
            "com.baidu.netdisk.cloudp2p.matchcontacts.MatchContactsAlarmReceiver",
            "com.baidu.netdisk.common.AccountChangeListener",
            "com.baidu.netdisk.dashengcard.SingkilAccountChangeReceiver",
            "com.baidu.netdisk.galaxy.GalaxyReceiver",
            "com.baidu.netdisk.keepalive.NotificationReceiver",
            "com.baidu.netdisk.kernel.android.util.monitor.battery.BatteryMonitor",
            "com.baidu.netdisk.module.toolbox.AppInfoBroadcastReceiver",
            "com.baidu.netdisk.pim.AccountChangeListener",
            "com.baidu.netdisk.push.AccountChangeListener",
            "com.baidu.netdisk.secondpwd.AccountChangeListener",
            "com.baidu.netdisk.similarity.AccountChangeListener",
            "com.baidu.netdisk.statistics.AccountChangeListener",
            "com.baidu.netdisk.techain.TechainPushBroadcastReceiver",
            "com.baidu.netdisk.transferlist.AccountChangeListener",
            "com.baidu.netdisk.ufo.UfoCallbackReceiver",
            "com.baidu.netdisk.ui.advertise.manager.AccountChangeListener",
            "com.baidu.netdisk.ui.backup.appbackup.AccountChangeListener",
            "com.baidu.netdisk.ui.gc.broadcast.AccountChangeListener",
            "com.baidu.netdisk.ui.permission.PermissionNotifyReceiver",
            "com.baidu.netdisk.ui.quota.AccountChangeListener",
            "com.baidu.netdisk.ui.xpan.XpanAccountChangeListener",
            "com.baidu.netdisk.util.AlarmReceiver",
            "com.baidu.netdisk.util.NotificationBroadcastReceiver",
            "com.baidu.netdisk.util.imageloader.AccountChangeListener",
            "com.baidu.netdisk.util.newtips.NewTipsReceiver",
            "com.baidu.netdisk.wire.control.MediaButtonEventReceiver",
            "com.baidu.netdisk.wxapi.AppRegister",
            "com.baidu.pim.smsmms.receiver.MmsReceiver",
            "com.baidu.pim.smsmms.receiver.SmsReceiver",
            "com.baidu.searchbox.novel.download.component.DownloadReceiver",
            "com.baidu.searchbox.novel.download.receivers.DownloadInstallReceiver",
            "com.baidu.searchbox.novel.download.receivers.OpenDownloadReceiver",
            "com.baidu.searchbox.story.DownloadStoryReceiver",
            "com.baidu.searchbox.story.UpdateStoryProgressReceiver",
            "com.baidu.swan.account.AccountChangeListener",
            "com.baidu.swan.gamecenter.appmanager.notification.InstallNotifyReceiver",
            "com.baidu.swan.uuid.sync.SyncProvider",
            "com.baidu.techain.THReceiver",
            "com.baidu.techain.push.MIUIPushReceiver",
            "com.baidu.techain.push.MZPushReceiver",
            "com.baidu.techain.push.VIVOPushReceiver",
            "com.bytedance.embedapplog.collector.Collector",
            "com.hpplay.sdk.source.process.LelinkReceiver",
            "com.huawei.hms.support.api.push.PushMsgReceiver",
            "com.huawei.hms.support.api.push.PushReceiver",
            "com.meizu.cloud.pushsdk.SystemReceiver",
            "com.ss.android.downloadlib.core.download.DownloadReceiver",
            "com.xiaomi.push.service.receivers.NetworkStatusReceiver",
            "com.xiaomi.push.service.receivers.PingReceiver"
        ]
    }
}