{
    "apk_name": "AA116B9E727C21876CEE38837B06A605862388697B965AAA1EB92BE143D1DC7E",
    "sha256": "aa116b9e727c21876cee38837b06a605862388697b965aaa1eb92be143d1dc7e",
    "metadata": {
        "package_name": "com.jd.pingou",
        "version_code": "22059",
        "version_name": "5.29.0",
        "min_sdk": "21",
        "target_sdk": "30",
        "permissions": [
            "android.permission.ACCESS_COARSE_LOCATION",
            "android.permission.ACCESS_FINE_LOCATION",
            "android.permission.ACCESS_LOCATION_EXTRA_COMMANDS",
            "android.permission.ACCESS_NETWORK_STATE",
            "android.permission.ACCESS_WIFI_STATE",
            "android.permission.BLUETOOTH",
            "android.permission.BLUETOOTH_ADMIN",
            "android.permission.CAMERA",
            "android.permission.CAPTURE_VIDEO_OUTPUT",
            "android.permission.CHANGE_NETWORK_STATE",
            "android.permission.CHANGE_WIFI_STATE",
            "android.permission.FLASHLIGHT",
            "android.permission.FOREGROUND_SERVICE",
            "android.permission.GET_TASKS",
            "android.permission.INTERNET",
            "android.permission.READ_CONTACTS",
            "android.permission.READ_EXTERNAL_STORAGE",
            "android.permission.READ_LOGS",
            "android.permission.READ_PHONE_STATE",
            "android.permission.RECEIVE_USER_PRESENT",
            "android.permission.RECORD_AUDIO",
            "android.permission.REQUEST_INSTALL_PACKAGES",
            "android.permission.SYSTEM_ALERT_WINDOW",
            "android.permission.USE_FINGERPRINT",
            "android.permission.VIBRATE",
            "android.permission.WAKE_LOCK",
            "android.permission.WRITE_EXTERNAL_STORAGE",
            "android.permission.WRITE_SETTINGS",
            "com.android.launcher.permission.INSTALL_SHORTCUT",
            "com.android.launcher.permission.READ_SETTINGS",
            "com.android.launcher.permission.UNINSTALL_SHORTCUT",
            "com.asus.msa.SupplementaryDID.ACCESS",
            "com.coloros.mcs.permission.RECIEVE_MCS_MESSAGE",
            "com.heytap.mcs.permission.RECIEVE_MCS_MESSAGE",
            "com.hihonor.permission.ACCESS_HW_KEYSTORE",
            "com.huawei.appmarket.service.commondata.permission.GET_COMMON_DATA",
            "com.huawei.permission.ACCESS_HW_KEYSTORE",
            "com.jd.pingou.permission.C2D_MESSAGE",
            "com.jd.pingou.permission.MIPUSH_RECEIVE",
            "com.jd.pingou.permission.PROCESS_PUSH_MSG",
            "com.jd.pingou.permission.PUSH_PROVIDER",
            "com.jd.pingou.push.permission.MESSAGE",
            "com.meizu.c2dm.permission.RECEIVE",
            "com.meizu.flyme.permission.PUSH",
            "com.meizu.flyme.push.permission.RECEIVE",
            "pg_permission.self_broadcast"
        ],
        "activities": [
            "cn.com.union.fido.ui.finger.FingerActivity",
            "com.blankj.utilcode.util.UtilsTransActivity",
            "com.blankj.utilcode.util.UtilsTransActivity4MainProcess",
            "com.facebook.react.devsupport.DevSettingsActivity",
            "com.huawei.hms.activity.BridgeActivity",
            "com.huawei.hms.activity.EnableServiceActivity",
            "com.huawei.updatesdk.service.otaupdate.AppUpdateActivity",
            "com.huawei.updatesdk.support.pm.PackageInstallerActivity",
            "com.jd.jdreact.JDReactActivity",
            "com.jd.jdreact.JDReactAskAnswerActivity",
            "com.jd.jdreact.JDReactSettingsActivity",
            "com.jd.jdreact.video.FullScreenVideoPlayerAcitivity",
            "com.jd.jdreact.video.JDReactVideoRecordActivity",
            "com.jd.lib.cart.ShoppingCartNewActivity",
            "com.jd.lib.cart.ui.CartServiceActivity",
            "com.jd.lib.evaluatecenter.view.activity.DetailPreviewActivity",
            "com.jd.lib.evaluatecenter.view.activity.EvaluateDetailActivity",
            "com.jd.lib.icssdk.ActivityShadow",
            "com.jd.lib.icssdk.groupchat.ui.activity.ActivityFamilyChatSetting",
            "com.jd.lib.icssdk.groupchat.ui.activity.ActivityGroupChatSetting",
            "com.jd.lib.icssdk.groupchat.ui.activity.ActivityGroupChooseManager",
            "com.jd.lib.icssdk.groupchat.ui.activity.ActivityGroupMemberList",
            "com.jd.lib.icssdk.groupchat.ui.activity.ActivityGroupQRCode",
            "com.jd.lib.icssdk.groupchat.ui.activity.ActivitySearchGroupMemberList",
            "com.jd.lib.icssdk.groupchat.ui.activity.GroupChatActivty",
            "com.jd.lib.icssdk.groupchat.ui.activity.GroupChatSessionLogActivity",
            "com.jd.lib.icssdk.groupchat.ui.activity.SpaceTrendsActivity",
            "com.jd.lib.icssdk.host.SelectActivity",
            "com.jd.lib.icssdk.ui.activity.ActivityCameraPreview",
            "com.jd.lib.icssdk.ui.activity.ActivityImagePreview",
            "com.jd.lib.icssdk.ui.activity.ActivityImageSelect",
            "com.jd.lib.icssdk.ui.activity.ActivityPictureGallery",
            "com.jd.lib.icssdk.ui.activity.ActivitySetting",
            "com.jd.lib.icssdk.v2.ui.activity.ActivityChattingNew",
            "com.jd.lib.icssdk.v2.ui.activity.ChatImagePreviewActivity",
            "com.jd.lib.icssdk.v2.ui.activity.ChatSettingActivity",
            "com.jd.lib.icssdk.v2.ui.activity.ControlSettingActivity",
            "com.jd.lib.icssdk.v2.ui.activity.DownloadActivity",
            "com.jd.lib.icssdk.v2.ui.activity.FlashSaleListActivty",
            "com.jd.lib.productdetail.ImageActivity",
            "com.jd.lib.productdetail.MainActivity",
            "com.jd.lib.productdetail.ProductDetailActivity",
            "com.jd.lib.productdetail.ProductVideoFullScreenActivity",
            "com.jd.lib.productdetail.pgvipcard.VipCardActivity",
            "com.jd.lib.search.view.Activity.ConvergeListActivity",
            "com.jd.lib.search.view.Activity.KaKillerSecondActivity",
            "com.jd.lib.search.view.Activity.MultiSellerActivity",
            "com.jd.lib.search.view.Activity.ProductListActivity",
            "com.jd.lib.search.view.Activity.SearchActivity",
            "com.jd.lib.shareorder.CommentListActivity",
            "com.jd.lib.shareorder.CommentPhotoActivity",
            "com.jd.lib.shareorder.CommentReportDetailActivity",
            "com.jd.lib.shareorder.ShareOrderTestActivity",
            "com.jd.lib.un.voice.view.UnVoiceInputActivity",
            "com.jd.lib.unification.album.activity.MediaPreviewActivity",
            "com.jd.lib.unification.album.activity.PhotoAlbumActivity",
            "com.jd.lib.unification.album.activity.PicturePreviewActivity",
            "com.jd.lib.unification.album.activity.SystemAlbumActivity",
            "com.jd.lib.unification.image.editor.ImageEditorActivity",
            "com.jd.lib.unification.video.editor.VideoEditorActivity",
            "com.jd.lib.unification.video.recorder.VideoRecorderActivity",
            "com.jd.library.adview.view.PopuActivity",
            "com.jd.manto.lbs.MantoChooseLocationActivity",
            "com.jd.manto.lbs.MantoMapSearchActivity",
            "com.jd.manto.lbs.MantoOpenLocationActivity",
            "com.jd.pingou.AgreementActivity",
            "com.jd.pingou.CommonSKUPanel.ui.SkuPanelActivity",
            "com.jd.pingou.InterfaceActivity",
            "com.jd.pingou.JxAddress.activity.JxaddressAddressItemActivity",
            "com.jd.pingou.JxAddress.activity.JxaddressAddressItemDialogActivity",
            "com.jd.pingou.JxAddress.activity.JxaddressAddressListActivity",
            "com.jd.pingou.JxAddress.activity.channel.JxaddressAddressListActivityFromSetting",
            "com.jd.pingou.JxAddress.activity.channel.JxaddressAddressListActivityFromSettlement",
            "com.jd.pingou.JxIssueDiagnosis.netease.ui.NetDiagnosisActivity",
            "com.jd.pingou.JxIssueDiagnosis.restore.scan.IssueScanActivity",
            "com.jd.pingou.JxIssueDiagnosis.web.WebActivity",
            "com.jd.pingou.MainActivity",
            "com.jd.pingou.arvr.ArActivity",
            "com.jd.pingou.crash.DiskFullTipActivity",
            "com.jd.pingou.flutter.MyFlutterActivity",
            "com.jd.pingou.flutter.activity.MessageFlutterActivity",
            "com.jd.pingou.flutter.column.NativeFragmentActivity",
            "com.jd.pingou.guide.ADActivity",
            "com.jd.pingou.guide.GuideActivity",
            "com.jd.pingou.guide.TranslucentUI",
            "com.jd.pingou.home.HomeActivity",
            "com.jd.pingou.jump.deeplinkhandler.JumpJxaddressListSetting",
            "com.jd.pingou.jump.deeplinkhandler.JumpNetDiagnosisPage",
            "com.jd.pingou.jump.deeplinkhandler.JumpToCameraPage",
            "com.jd.pingou.jump.deeplinkhandler.JumpToNativeScanPage",
            "com.jd.pingou.jump.deeplinkhandler.JumpToPaySetting",
            "com.jd.pingou.jxProductCommentNew.evaluatecenter.view.activity.DetailPreviewActivity",
            "com.jd.pingou.jxProductCommentNew.evaluatecenter.view.activity.EvaluateDetailActivity",
            "com.jd.pingou.jxProductCommentNew.shareorder.CommentListActivity",
            "com.jd.pingou.jxProductCommentNew.shareorder.CommentPhotoActivity",
            "com.jd.pingou.jxProductCommentNew.shareorder.CommentReportDetailActivity",
            "com.jd.pingou.jxProductCommentNew.shareorder.ShareOrderTestActivity",
            "com.jd.pingou.jxcart.JXCartActivity",
            "com.jd.pingou.jxcart.MatchGiftActivity",
            "com.jd.pingou.livecast.ui.LiveCastActivity",
            "com.jd.pingou.livecast.ui.LiveExplainPlayBackActivity",
            "com.jd.pingou.livecast.ui.LiveRoomActivity",
            "com.jd.pingou.mini.main.LoginActivity",
            "com.jd.pingou.mini.main.MainActivity",
            "com.jd.pingou.mini.main.NavigateProxyActivity",
            "com.jd.pingou.mini.main.PayProxyActivity",
            "com.jd.pingou.mini.main.RouterProxyActivity",
            "com.jd.pingou.mini.main.SettingActivity",
            "com.jd.pingou.mini.main.ShareProxyActivity",
            "com.jd.pingou.mini.main.WebPayProxyActivity",
            "com.jd.pingou.mini.sdkimpl.login.LoginProxyActivity",
            "com.jd.pingou.mini.sdkimpl.login.LoginProxyProxyUI0",
            "com.jd.pingou.mini.sdkimpl.login.LoginProxyProxyUI1",
            "com.jd.pingou.mini.sdkimpl.login.LoginProxyProxyUI2",
            "com.jd.pingou.mini.sdkimpl.login.LoginProxyProxyUI3",
            "com.jd.pingou.mini.sdkimpl.login.LoginProxyProxyUI4",
            "com.jd.pingou.newmodule.v.BaiTiaoActivity",
            "com.jd.pingou.newmodule.v.ImageActivity",
            "com.jd.pingou.newmodule.v.SXDetialImageActivity",
            "com.jd.pingou.newmodule.v.SXMainActivity",
            "com.jd.pingou.newmodule.v.SaveMoneyActivity",
            "com.jd.pingou.newmodule.v.VideoPlayerActivity",
            "com.jd.pingou.newmodule.v.popup.ServicePanelActivity",
            "com.jd.pingou.newmodule.v.popup.SkuPanelActivity",
            "com.jd.pingou.payfinish.PayFinishMainActivity",
            "com.jd.pingou.payfinish.pinpin.ui.PinpinActivity",
            "com.jd.pingou.payoff.MainActivity",
            "com.jd.pingou.payoff.PayoffActivity",
            "com.jd.pingou.payoffdialog.main.ui.PayoffDialogActivity",
            "com.jd.pingou.personal_center.view.Activity.AccountSettingsActivity",
            "com.jd.pingou.pgDetail.PgDetailActivity",
            "com.jd.pingou.pgcategory.JxNewCategoryFragmentActivity",
            "com.jd.pingou.pgcategory.MoreCategoryActivity",
            "com.jd.pingou.pgcategory.PgCategoryFragmentActivity",
            "com.jd.pingou.pgnewt.JdSettlementActivity",
            "com.jd.pingou.pgnewt.SettlementActivity",
            "com.jd.pingou.pgorderlist.view.SearchOrderActivity",
            "com.jd.pingou.pgorderlist.view.orderdetail.OrderDetailActivity",
            "com.jd.pingou.pgorderlist.view.orderdetail.TencentMapActivity",
            "com.jd.pingou.pgorderlist.view.orderlist.PgOrderListActivity",
            "com.jd.pingou.pinpinModule.act.SelectPickupPosAct",
            "com.jd.pingou.pinpinModule.module.maplocation.JxLocationAddressActivity",
            "com.jd.pingou.pinpinModule.module.pickupmain.ui.PickupMainActivity",
            "com.jd.pingou.pinpinModule.module.selectcity.JxCityChooseActivity",
            "com.jd.pingou.pinpinModule.module.selectpickup.ui.SelectPickupActivity",
            "com.jd.pingou.pinpinModule.searchspot.ui.SearchSpotActivity",
            "com.jd.pingou.push.MsgActivity",
            "com.jd.pingou.scan.ScanActivity",
            "com.jd.pingou.scan.ScanHistoryActivity",
            "com.jd.pingou.scan.ScanImgActivity",
            "com.jd.pingou.scan.ScanTxtEditActivity",
            "com.jd.pingou.scan.ScanUpcOrderListActivity",
            "com.jd.pingou.scan.scanbuy.ScanBuyResultActivity",
            "com.jd.pingou.scan.scanbuy.camera.CameraActivity",
            "com.jd.pingou.setting.ScaleChangeActivity",
            "com.jd.pingou.share.AppPopUpActivity",
            "com.jd.pingou.share.JingKouLingCopiedActivity",
            "com.jd.pingou.share.JingKouLingDetectedActivity",
            "com.jd.pingou.share.ShareActivity",
            "com.jd.pingou.share.ShareHorActivity",
            "com.jd.pingou.sqk.SqkWebActivity",
            "com.jd.pingou.test.CodeCoverageActivity",
            "com.jd.pingou.test.DevTestActivity",
            "com.jd.pingou.test.TestApmSettingsActivity",
            "com.jd.pingou.test.TestAuraDownloadActivity",
            "com.jd.pingou.test.TestAvsdkActivity",
            "com.jd.pingou.test.TestCartSettlementActivity",
            "com.jd.pingou.test.TestCookieActivity",
            "com.jd.pingou.test.TestDeepLink",
            "com.jd.pingou.test.TestDongdongActivity",
            "com.jd.pingou.test.TestGroupShareActivity",
            "com.jd.pingou.test.TestJxDialogActivity",
            "com.jd.pingou.test.TestJxSearchViewActivity",
            "com.jd.pingou.test.TestMiniloginActivity",
            "com.jd.pingou.test.TestNewReportActivity",
            "com.jd.pingou.test.TestOpenInfoActivity",
            "com.jd.pingou.test.TestPermissionActivity",
            "com.jd.pingou.test.TestReportActivity",
            "com.jd.pingou.test.TestRouter",
            "com.jd.pingou.test.TestScrmWidgetActivity",
            "com.jd.pingou.test.TestShareActivity",
            "com.jd.pingou.test.TestShareHorActivity",
            "com.jd.pingou.test.TestShareWXActivity",
            "com.jd.pingou.test.TestWebpActivity",
            "com.jd.pingou.test.TestWebsockActivity",
            "com.jd.pingou.test.net.NetTestActivity",
            "com.jd.pingou.translucent.TranslucentActivity",
            "com.jd.pingou.video.VideoPlayerProxyActivity",
            "com.jd.pingou.wanerable.WanerableActivity",
            "com.jd.pingou.web.NativeTabWebview",
            "com.jd.pingou.web.WebUI",
            "com.jd.pingou.web.WebUIImmersive",
            "com.jd.pingou.web.WebUILandscape",
            "com.jd.pingou.web.ui.FaceVerifyBridgeActivity",
            "com.jd.pingou.web.ui.MixPayBridgeActivity",
            "com.jd.pingou.web.ui.PayBridgeActivity",
            "com.jd.pingou.web.ui.ScanCodePayBridgeActivity",
            "com.jd.pingou.widget.loading.PgCommonNetErrorActivity",
            "com.jd.pingou.widget.productdetial.JxImageActivity",
            "com.jd.pingou.withdraw.WithdrawActivity",
            "com.jd.pingou.wxapi.WXEntryActivity",
            "com.jd.pingou.wxapi.WXPayEntryActivity",
            "com.jd.push.emui.v2.MyBridgeActivity",
            "com.jd.push.oppo.broadcast.MyBridgeActivity",
            "com.jd.pushsdk.keeplive.onepx.KeepLiveActivity",
            "com.jd.wjloginclient.HasBindActivity",
            "com.jd.wjloginclient.InputMessageCodeActivity",
            "com.jd.wjloginclient.InterfaceActivity",
            "com.jd.wjloginclient.JDPhoneNumCheckHistoryActivity",
            "com.jd.wjloginclient.JDPhoneNumCheckMsgActivity",
            "com.jd.wjloginclient.LoginActivity",
            "com.jd.wjloginclient.LoginWebActivity",
            "com.jd.wjloginclient.PhoneNumLoginActivity",
            "com.jd.wjloginclient.PickCountryActivity",
            "com.jd.wjloginclient.RegistActivity",
            "com.jd.wjloginclient.ScanJDLoginActivity",
            "com.jd.wjloginclient.SetPasswordActivity",
            "com.jd.wjloginclient.minilogin.MiniLoginActivity",
            "com.jdcn.biz.CameraPermissionActivity",
            "com.jdcn.biz.CardScannerActivity",
            "com.jdjr.paymentcode.browser.PaycodeBrowserActivity",
            "com.jdjr.risk.identity.face.activity.VerifyFAQWebActivity",
            "com.jdjr.risk.identity.face.activity.VerityFaceDialogActivity",
            "com.jdjr.risk.identity.face.activity.VerityFaceNormalActivity",
            "com.jdjr.risk.identity.verify.activity.IdentityLauncherActivity",
            "com.jdjr.risk.identity.verify.activity.IdentityPermissionActivity",
            "com.jdjr.risk.identity.verify.activity.IdentityPrivacyAgrActivity",
            "com.jdjr.risk.identity.verify.activity.IdentityPrivacyAgrDialogActivity",
            "com.jdpay.paymentcode.PaymentCodeActivity",
            "com.jdpay.paymentcode.PaymentCodeGuideActivity",
            "com.jingdong.aura.core.shadow.BridgeActivity",
            "com.jingdong.aura.sdk.provided.ProvidedBundleDownloadActivityStyle2",
            "com.jingdong.aura.sdk.provided.ProvidedBundleNotFoundActivity",
            "com.jingdong.aura.shadow_Activity",
            "com.jingdong.aura.shadow_sins_Activity0",
            "com.jingdong.aura.shadow_sins_Activity1",
            "com.jingdong.aura.shadow_sins_Activity2",
            "com.jingdong.aura.shadow_sins_Activity3",
            "com.jingdong.aura.shadow_sins_Activity4",
            "com.jingdong.aura.shadow_sins_Activity5",
            "com.jingdong.aura.shadow_sins_Activity6",
            "com.jingdong.aura.shadow_sins_Activity7",
            "com.jingdong.aura.shadow_sins_Activity8",
            "com.jingdong.aura.shadow_sins_Activity9",
            "com.jingdong.aura.shadow_std_Activity0",
            "com.jingdong.aura.shadow_stk_Activity0",
            "com.jingdong.aura.shadow_stk_Activity1",
            "com.jingdong.aura.shadow_stk_Activity2",
            "com.jingdong.aura.shadow_stk_Activity3",
            "com.jingdong.aura.shadow_stk_Activity4",
            "com.jingdong.aura.shadow_stk_Activity5",
            "com.jingdong.aura.shadow_stk_Activity6",
            "com.jingdong.aura.shadow_stk_Activity7",
            "com.jingdong.aura.shadow_stk_Activity8",
            "com.jingdong.aura.shadow_stk_Activity9",
            "com.jingdong.aura.shadow_stp_Activity0",
            "com.jingdong.aura.shadow_stp_Activity1",
            "com.jingdong.aura.shadow_stp_Activity2",
            "com.jingdong.aura.shadow_stp_Activity3",
            "com.jingdong.aura.shadow_stp_Activity4",
            "com.jingdong.aura.shadow_stp_Activity5",
            "com.jingdong.aura.shadow_stp_Activity6",
            "com.jingdong.aura.shadow_stp_Activity7",
            "com.jingdong.aura.shadow_stp_Activity8",
            "com.jingdong.aura.shadow_stp_Activity9",
            "com.jingdong.common.jdreactFramework.activities.DebugReportDataActivity",
            "com.jingdong.common.ui.JDVoiceInputActivity",
            "com.jingdong.common.ui.JdAddressSelectActivity",
            "com.jingdong.common.ui.JdAreaCodeSelectActivity",
            "com.jingdong.common.ui.UnTestAddressActivity",
            "com.jingdong.common.ui.address.UnAddressMiddleActivity",
            "com.jingdong.common.ui.map.activity.CityChooseActivity",
            "com.jingdong.common.ui.map.activity.LocationAddressActivity",
            "com.jingdong.common.video.VideoPlayerActivity",
            "com.jingdong.manto.assist.MantoAssistActivity",
            "com.jingdong.manto.assist.MantoAssistActivity1",
            "com.jingdong.manto.assist.MantoAssistActivity2",
            "com.jingdong.manto.assist.MantoAssistActivity3",
            "com.jingdong.manto.assist.MantoAssistActivity4",
            "com.jingdong.manto.assist.MantoAssistActivityMT",
            "com.jingdong.manto.jsapi.refact.rec.MantoVideoRecorderActivity",
            "com.jingdong.manto.ui.MantoAboutActivity",
            "com.jingdong.manto.ui.MantoActivity0",
            "com.jingdong.manto.ui.MantoActivity1",
            "com.jingdong.manto.ui.MantoActivity2",
            "com.jingdong.manto.ui.MantoActivity3",
            "com.jingdong.manto.ui.MantoActivity4",
            "com.jingdong.manto.ui.MantoActivitySingleProcess",
            "com.jingdong.manto.ui.MantoOpenErrorActivity",
            "com.jingdong.manto.ui.MantoOpenErrorActivity0",
            "com.jingdong.manto.ui.MantoOpenErrorActivity1",
            "com.jingdong.manto.ui.MantoOpenErrorActivity2",
            "com.jingdong.manto.ui.MantoOpenErrorActivity3",
            "com.jingdong.manto.ui.MantoOpenErrorActivity4",
            "com.jingdong.manto.ui.MantoOpenErrorActivityMT",
            "com.jingdong.manto.ui.MantoSettingActivity",
            "com.jingdong.manto.ui.MantoShortcutEntry",
            "com.jingdong.manto.ui.MantoTransportActivity",
            "com.jingdong.manto.ui.MantoWebActivity",
            "com.jingdong.sdk.jdcrashreport.recover.RecoverActivity",
            "com.jingdong.sdk.jweb.x5.DebugX5Activity",
            "com.jingdong.union.UnionLoadingActivity",
            "com.jx.common.ui.JdAddressSelectActivity",
            "com.jx.common.ui.address.UnAddressMiddleActivity",
            "com.tencent.connect.common.AssistActivity",
            "com.tencent.tauth.AuthActivity",
            "com.unionpay.UPPayWapActivity",
            "com.vivo.push.sdk.LinkProxyClientActivity",
            "com.wangyin.payment.jdpaysdk.browser.BrowserActivity",
            "com.wangyin.payment.jdpaysdk.core.entrance.JProcessActivity",
            "com.wangyin.payment.jdpaysdk.counter.ui.pay.CounterActivity",
            "mix.ActivityShadow",
            "pub.devrel.easypermissions.AppSettingsDialogHolderActivity"
        ],
        "services": [
            "androidx.room.MultiInstanceInvalidationService",
            "com.blankj.utilcode.util.MessengerUtils$ServerService",
            "com.heytap.msp.push.service.CompatibleDataMessageCallbackService",
            "com.heytap.msp.push.service.DataMessageCallbackService",
            "com.huawei.agconnect.core.ServiceDiscovery",
            "com.huawei.hms.support.api.push.service.HmsMsgService",
            "com.jd.lib.icssdk.ServiceShadow",
            "com.jd.lib.icssdk.core.MessageReceiverService",
            "com.jd.pingou.appmini.LocalMantoApiService",
            "com.jd.pingou.web.LocalApiService",
            "com.jd.pingou.web.WebSandboxService",
            "com.jd.push.emui.v2.HuaWeiService",
            "com.jd.push.oppo.broadcast.OppoMessageService",
            "com.jd.pushsdk.keeplive.schedulerjob.DaemonJobService",
            "com.jd.sdk.filedownloader.service.server.FileDownloadService",
            "com.jd.sec.logo.AlarmIntentService",
            "com.jdjr.risk.identity.face.service.AysImgIntentService",
            "com.jingdong.jdpush_new.JDSPushService",
            "com.jingdong.jdpush_new.JDSPushService$subService",
            "com.jingdong.manto.message.MantoAcrossProcessMain",
            "com.jingdong.manto.service.BackgroundAudioService",
            "com.jingdong.manto.service.BackgroundAudioService1",
            "com.jingdong.manto.service.BackgroundAudioService2",
            "com.jingdong.manto.service.BackgroundAudioService3",
            "com.jingdong.manto.service.BackgroundAudioService4",
            "com.jingdong.manto.service.BackgroundAudioServiceSingleProcess",
            "com.jingdong.sdk.jdcrashreport.CrashService",
            "com.jingdong.sdk.jdupgrade.inner.ui.DownloadService",
            "com.meizu.cloud.pushsdk.NotificationService",
            "com.tencent.map.geolocation.s",
            "com.tencent.smtt.export.external.DexClassLoaderProviderService",
            "com.vivo.push.sdk.service.CommandClientService",
            "com.xiaomi.mipush.sdk.MessageHandleService",
            "com.xiaomi.mipush.sdk.PushMessageHandler",
            "com.xiaomi.push.service.XMJobService",
            "com.xiaomi.push.service.XMPushService",
            "jd.cdyjy.jimcore.tcp.NotificationService"
        ],
        "receivers": [
            "com.huawei.hms.support.api.push.PushMsgReceiver",
            "com.huawei.hms.support.api.push.PushReceiver",
            "com.jd.pingou.push.NotificationReceiver",
            "com.jd.pingou.push.PushReceiver",
            "com.jd.pingou.web.NetStatusChangeReceiver",
            "com.jd.pingou.web.util.SyncCookieReceiver",
            "com.jd.push.flyme.broadcast.FlymeClearReceiver",
            "com.jd.push.flyme.broadcast.FlymeInitReceiver",
            "com.jd.push.flyme.broadcast.FlymeReceiver",
            "com.jd.push.huawei.broadcast.HuaweiClearReceiver",
            "com.jd.push.huawei.broadcast.HuaweiInitReceiver",
            "com.jd.push.miui.broadcast.MiuiClearReceiver",
            "com.jd.push.miui.broadcast.MiuiInitReceiver",
            "com.jd.push.miui.broadcast.MiuiReceiver",
            "com.jd.push.oppo.broadcast.OppoClearReceiver",
            "com.jd.push.oppo.broadcast.OppoInitReceiver",
            "com.jd.push.vivo.broadcast.VivoClearReceiver",
            "com.jd.push.vivo.broadcast.VivoInitReceiver",
            "com.jd.push.vivo.broadcast.VivoReceiver",
            "com.jingdong.manto.preload.MantoMPReceiver0",
            "com.jingdong.manto.preload.MantoMPReceiver1",
            "com.jingdong.manto.preload.MantoMPReceiver2",
            "com.jingdong.manto.preload.MantoMPReceiver3",
            "com.jingdong.manto.preload.MantoMPReceiver4",
            "com.jingdong.manto.preload.MantoMPReceiverSingleProcess",
            "com.meizu.cloud.pushsdk.MzPushSystemReceiver",
            "com.meizu.cloud.pushsdk.SystemReceiver",
            "com.xiaomi.push.service.receivers.NetworkStatusReceiver",
            "com.xiaomi.push.service.receivers.PingReceiver"
        ],
        "permission_details": {
            "android.permission.ACCESS_COARSE_LOCATION": "dangerous",
            "android.permission.ACCESS_FINE_LOCATION": "dangerous",
            "android.permission.ACCESS_LOCATION_EXTRA_COMMANDS": "normal",
            "android.permission.ACCESS_NETWORK_STATE": "normal",
            "android.permission.ACCESS_WIFI_STATE": "normal",
            "android.permission.BLUETOOTH": "normal",
            "android.permission.BLUETOOTH_ADMIN": "normal",
            "android.permission.CAMERA": "dangerous",
            "android.permission.CAPTURE_VIDEO_OUTPUT": "unknown",
            "android.permission.CHANGE_NETWORK_STATE": "normal",
            "android.permission.CHANGE_WIFI_STATE": "normal",
            "android.permission.FLASHLIGHT": "unknown",
            "android.permission.FOREGROUND_SERVICE": "normal",
            "android.permission.GET_TASKS": "unlaballed",
            "android.permission.INTERNET": "normal",
            "android.permission.READ_CONTACTS": "dangerous",
            "android.permission.READ_EXTERNAL_STORAGE": "dangerous",
            "android.permission.READ_LOGS": "unlaballed",
            "android.permission.READ_PHONE_STATE": "dangerous",
            "android.permission.RECEIVE_USER_PRESENT": "unknown",
            "android.permission.RECORD_AUDIO": "dangerous",
            "android.permission.REQUEST_INSTALL_PACKAGES": "signature",
            "android.permission.SYSTEM_ALERT_WINDOW": "signature",
            "android.permission.USE_FINGERPRINT": "normal",
            "android.permission.VIBRATE": "normal",
            "android.permission.WAKE_LOCK": "normal",
            "android.permission.WRITE_EXTERNAL_STORAGE": "dangerous",
            "android.permission.WRITE_SETTINGS": "signature",
            "com.android.launcher.permission.INSTALL_SHORTCUT": "normal",
            "com.android.launcher.permission.READ_SETTINGS": "unknown",
            "com.android.launcher.permission.UNINSTALL_SHORTCUT": "unlaballed",
            "com.asus.msa.SupplementaryDID.ACCESS": "unknown",
            "com.coloros.mcs.permission.RECIEVE_MCS_MESSAGE": "unknown",
            "com.heytap.mcs.permission.RECIEVE_MCS_MESSAGE": "unknown",
            "com.hihonor.permission.ACCESS_HW_KEYSTORE": "unknown",
            "com.huawei.appmarket.service.commondata.permission.GET_COMMON_DATA": "unknown",
            "com.huawei.permission.ACCESS_HW_KEYSTORE": "unknown",
            "com.jd.pingou.permission.C2D_MESSAGE": "unknown",
            "com.jd.pingou.permission.MIPUSH_RECEIVE": "unknown",
            "com.jd.pingou.permission.PROCESS_PUSH_MSG": "unknown",
            "com.jd.pingou.permission.PUSH_PROVIDER": "unknown",
            "com.jd.pingou.push.permission.MESSAGE": "unknown",
            "com.meizu.c2dm.permission.RECEIVE": "unknown",
            "com.meizu.flyme.permission.PUSH": "unknown",
            "com.meizu.flyme.push.permission.RECEIVE": "unknown",
            "pg_permission.self_broadcast": "unknown"
        },
        "risk_counts": {
            "dangerous": 8,
            "normal": 13,
            "unknown": 19,
            "unlaballed": 3,
            "signature": 3
        }
    },
    "stats": {
        "dex_count": 6,
        "native_lib_count": 70
    },
    "jadx": {
        "status": "ok",
        "duration_sec": 85.59,
        "sources_present": true,
        "java_file_count": 20949
    },
    "ast_analysis": {
        "location": 19,
        "microphone": 7,
        "camera": 141,
        "media_projection": 0,
        "dynamic_load": 0,
        "jni": 95
    },
    "analysis_state": "complete"
}