{
    "apk_name": "C5847F54A0D442B7DE386600A07AF1101DEAFF5574F39D32D3A94F9056646055",
    "sha256": "c5847f54a0d442b7de386600a07af1101deaff5574f39d32d3a94f9056646055",
    "metadata": {
        "package_name": "io.dcloud.H5F5CBC50",
        "version_code": "365",
        "version_name": "3.6.5",
        "min_sdk": "19",
        "target_sdk": "30",
        "permissions": [
            "android.permission.ACCESS_NETWORK_STATE",
            "android.permission.ACCESS_WIFI_STATE",
            "android.permission.CAMERA",
            "android.permission.CHANGE_NETWORK_STATE",
            "android.permission.INSTALL_PACKAGES",
            "android.permission.INTERNET",
            "android.permission.READ_EXTERNAL_STORAGE",
            "android.permission.READ_MEDIA_IMAGES",
            "android.permission.READ_MEDIA_VIDEO",
            "android.permission.READ_MEDIA_VISUAL_USER_SELECTED",
            "android.permission.READ_PHONE_STATE",
            "android.permission.REQUEST_INSTALL_PACKAGES",
            "android.permission.WAKE_LOCK",
            "android.permission.WRITE_EXTERNAL_STORAGE",
            "com.asus.msa.SupplementaryDID.ACCESS",
            "com.huawei.android.launcher.permission.CHANGE_BADGE",
            "com.vivo.notification.permission.BADGE_ICON"
        ],
        "activities": [
            "com.alipay.sdk.app.APayEntranceActivity",
            "com.alipay.sdk.app.AlipayResultActivity",
            "com.alipay.sdk.app.H5AuthActivity",
            "com.alipay.sdk.app.H5OpenAuthActivity",
            "com.alipay.sdk.app.H5PayActivity",
            "com.alipay.sdk.app.PayResultActivity",
            "com.dmcbig.mediapicker.PickerActivity",
            "com.dmcbig.mediapicker.PreviewActivity",
            "com.tencent.connect.common.AssistActivity",
            "com.tencent.tauth.AuthActivity",
            "io.dcloud.H5F5CBC50.wxapi.WXEntryActivity",
            "io.dcloud.H5F5CBC50.wxapi.WXEntryActivity",
            "io.dcloud.H5F5CBC50.wxapi.WXEntryActivity",
            "io.dcloud.H5F5CBC50.wxapi.WXPayEntryActivity",
            "io.dcloud.PandoraEntry",
            "io.dcloud.PandoraEntryActivity",
            "io.dcloud.ProcessMediator",
            "io.dcloud.WebAppActivity",
            "io.dcloud.WebviewActivity",
            "io.dcloud.feature.gallery.imageedit.IMGEditActivity",
            "io.dcloud.feature.nativeObj.photoview.PhotoActivity",
            "io.dcloud.feature.payment.weixin.WXPayProcessMeadiatorActivity",
            "io.dcloud.sdk.activity.WebViewActivity",
            "io.dcloud.share.mm.WXShareProcessMeadiatorActivity"
        ],
        "services": [
            "io.dcloud.sdk.base.service.DownloadService"
        ],
        "receivers": [
            "com.taobao.weex.WXGlobalEventReceiver"
        ],
        "permission_details": {
            "android.permission.ACCESS_NETWORK_STATE": "normal",
            "android.permission.ACCESS_WIFI_STATE": "normal",
            "android.permission.CAMERA": "dangerous",
            "android.permission.CHANGE_NETWORK_STATE": "normal",
            "android.permission.INSTALL_PACKAGES": "unlaballed",
            "android.permission.INTERNET": "normal",
            "android.permission.READ_EXTERNAL_STORAGE": "dangerous",
            "android.permission.READ_MEDIA_IMAGES": "dangerous",
            "android.permission.READ_MEDIA_VIDEO": "dangerous",
            "android.permission.READ_MEDIA_VISUAL_USER_SELECTED": "dangerous",
            "android.permission.READ_PHONE_STATE": "dangerous",
            "android.permission.REQUEST_INSTALL_PACKAGES": "signature",
            "android.permission.WAKE_LOCK": "normal",
            "android.permission.WRITE_EXTERNAL_STORAGE": "dangerous",
            "com.asus.msa.SupplementaryDID.ACCESS": "unknown",
            "com.huawei.android.launcher.permission.CHANGE_BADGE": "unknown",
            "com.vivo.notification.permission.BADGE_ICON": "unknown"
        },
        "risk_counts": {
            "normal": 5,
            "dangerous": 7,
            "unlaballed": 1,
            "signature": 1,
            "unknown": 3
        }
    },
    "stats": {
        "dex_count": 3,
        "native_lib_count": 30
    },
    "jadx": {
        "status": "ok",
        "duration_sec": 25.19,
        "sources_present": true,
        "java_file_count": 4448
    },
    "ast_analysis": {
        "location": 2,
        "microphone": 2,
        "camera": 42,
        "media_projection": 0,
        "dynamic_load": 0,
        "jni": 28
    },
    "analysis_state": "complete"
}