{
    "apk_name": "49648013708DDF771D91F7C57205FABD95021F879D8E3B139722188BA75C1EE2",
    "sha256": "49648013708ddf771d91f7c57205fabd95021f879d8e3b139722188ba75c1ee2",
    "metadata": {
        "package_name": "com.kabbage.mobile",
        "version_code": "115",
        "version_name": "6.3.0",
        "min_sdk": "21",
        "target_sdk": "30",
        "permissions": [
            "android.permission.ACCESS_FINE_LOCATION",
            "android.permission.ACCESS_NETWORK_STATE",
            "android.permission.ACCESS_WIFI_STATE",
            "android.permission.CAMERA",
            "android.permission.GET_TASKS",
            "android.permission.INTERNET",
            "android.permission.READ_CONTACTS",
            "android.permission.VIBRATE",
            "android.permission.WAKE_LOCK",
            "android.permission.WRITE_EXTERNAL_STORAGE",
            "com.google.android.c2dm.permission.RECEIVE",
            "com.google.android.finsky.permission.BIND_GET_INSTALL_REFERRER_SERVICE"
        ],
        "activities": [
            "com.cyberfend.cyfsecurity.CCADialogActivity",
            "com.google.android.gms.common.api.GoogleApiActivity",
            "com.kabbage.mobile.account.CardActivationSuccessActivity",
            "com.kabbage.mobile.account.CardLastDigitsActivity",
            "com.kabbage.mobile.account.CardSetPinActivity",
            "com.kabbage.mobile.account.CardholderAgreementActivity",
            "com.kabbage.mobile.account.CardholderEnrollmentActivity",
            "com.kabbage.mobile.account.HistoryActivity",
            "com.kabbage.mobile.account.LoanAgreementActivity",
            "com.kabbage.mobile.account.PaymentConfirmationActivity",
            "com.kabbage.mobile.account.RelinkAccountActivity",
            "com.kabbage.mobile.account.SuccessActivity$PaymentSuccessActivity",
            "com.kabbage.mobile.account.SuccessActivity$WithdrawalSuccessActivity",
            "com.kabbage.mobile.account.TransactionRedirectActivity$Payment",
            "com.kabbage.mobile.account.TransactionRedirectActivity$Withdrawal",
            "com.kabbage.mobile.account.WithdrawalConfirmationActivity",
            "com.kabbage.mobile.account.card.KabbageCardAddressActivity",
            "com.kabbage.mobile.account.card.KabbageCardRequestActivity",
            "com.kabbage.mobile.account.card.KabbageCardSuccessActivity",
            "com.kabbage.mobile.account.defaultaccount.AddDefaultAccountActivity",
            "com.kabbage.mobile.account.disbursement.LoanPurposeActivity",
            "com.kabbage.mobile.account.docexamples.DocExamplesActivity",
            "com.kabbage.mobile.account.docrequests.DocRequestsActivity",
            "com.kabbage.mobile.account.docuploader.DocUploaderActivity",
            "com.kabbage.mobile.account.docuploader.DocUploaderSuccessActivity",
            "com.kabbage.mobile.account.main.FundingPaymentActivity",
            "com.kabbage.mobile.account.main.FundingWithdrawActivity",
            "com.kabbage.mobile.account.schedule.LoanDetailsActivity",
            "com.kabbage.mobile.account.schedule.SummaryActivity",
            "com.kabbage.mobile.channels.ChannelsWebViewActivity",
            "com.kabbage.mobile.channels.ConnectChannelActivity",
            "com.kabbage.mobile.channels.NativeConnectionActivity",
            "com.kabbage.mobile.checking.account.view.CheckingAccountDetailsActivity",
            "com.kabbage.mobile.checking.activities.view.CheckingActivitiesActivity",
            "com.kabbage.mobile.checking.atmlocator.view.CheckingAtmLocatorActivity",
            "com.kabbage.mobile.checking.billpay.view.BillPayActivity",
            "com.kabbage.mobile.checking.card.view.CheckingCardManagementActivity",
            "com.kabbage.mobile.checking.check.view.CheckTermsAndConditionsActivity",
            "com.kabbage.mobile.checking.check.view.CheckingCheckActivity",
            "com.kabbage.mobile.checking.dashboard.view.DashboardActivity",
            "com.kabbage.mobile.checking.dashboard.view.DisclaimersActivity",
            "com.kabbage.mobile.checking.onboarding.view.CheckingOnBoardingActivity",
            "com.kabbage.mobile.checking.reserve.view.overview.CheckingReserveOverviewActivity",
            "com.kabbage.mobile.checking.statement.view.CheckingStatementsActivity",
            "com.kabbage.mobile.checking.transactiondetails.view.CheckingTransactionActivity",
            "com.kabbage.mobile.checking.transfer.view.CheckingTransfersActivity",
            "com.kabbage.mobile.core.disclaimers.DisclaimerActivity",
            "com.kabbage.mobile.core.disclaimers.PaymentsDisclaimerActivity",
            "com.kabbage.mobile.core.general.GenericUserFragmentActivity",
            "com.kabbage.mobile.core.general.GenericUserFragmentNavigationActivity",
            "com.kabbage.mobile.core.messagecenter.view.MessageCenterActivity",
            "com.kabbage.mobile.core.messagecenter.view.MessageDetailsActivity",
            "com.kabbage.mobile.core.oss.LibraryActivity",
            "com.kabbage.mobile.core.view.MiSnapWrapperActivity",
            "com.kabbage.mobile.core.webview.WebViewActivity",
            "com.kabbage.mobile.demoui.MainActivity",
            "com.kabbage.mobile.insights.balances.view.AccountBalancesActivity",
            "com.kabbage.mobile.insights.overview.view.InsightsDisclosuresActivity",
            "com.kabbage.mobile.insights.overview.view.InsightsOverviewActivity",
            "com.kabbage.mobile.insights.transaction.view.InsightsTransactionActivity",
            "com.kabbage.mobile.lineofcredit.overview.view.DisclosuresActivity",
            "com.kabbage.mobile.lineofcredit.overview.view.OverviewActivity",
            "com.kabbage.mobile.lineofcredit.withdraw.view.LoCWithdrawActivity",
            "com.kabbage.mobile.login.LaunchActivity",
            "com.kabbage.mobile.login.environment.EnvironmentActivity",
            "com.kabbage.mobile.login.newpassword.NewPasswordActivity",
            "com.kabbage.mobile.login.resetpassword.ResetPasswordActivity",
            "com.kabbage.mobile.login.signin.LoginActivity",
            "com.kabbage.mobile.login.tour.TourActivity",
            "com.kabbage.mobile.login.webview.LoginWebViewActivity",
            "com.kabbage.mobile.payments.customer.CustomerActivity",
            "com.kabbage.mobile.payments.customer.SelectCustomerActivity",
            "com.kabbage.mobile.payments.customer.create.CreateCustomerActivity",
            "com.kabbage.mobile.payments.customer.detail.DetailCustomerActivity",
            "com.kabbage.mobile.payments.invoice.CreateInvoiceActivity",
            "com.kabbage.mobile.payments.invoice.InvoicesActivity",
            "com.kabbage.mobile.payments.invoice.filters.InvoicesFilterActivity",
            "com.kabbage.mobile.payments.item.EditLineItemActivity",
            "com.kabbage.mobile.payments.item.EditProductActivity",
            "com.kabbage.mobile.payments.item.EditServiceActivity",
            "com.kabbage.mobile.payments.item.PersistItemActivity",
            "com.kabbage.mobile.payments.overview.GiftCertificateActivity",
            "com.kabbage.mobile.payments.overview.PaymentsOverviewActivity",
            "com.kabbage.mobile.payments.overview.QrScanActivity",
            "com.kabbage.mobile.payments.tax.CreateTaxActivity",
            "com.kabbage.mobile.payments.tax.EditTaxActivity",
            "com.kabbage.mobile.payments.transaction.details.TransactionDetailActivity",
            "com.kabbage.mobile.payments.transaction.issueRefund.TransactionIssueRefundActivity",
            "com.kabbage.mobile.payments.transaction.overview.TransactionsOverviewActivity",
            "com.kabbage.mobile.unified.help.CheckingEFormActivity",
            "com.kabbage.mobile.unified.help.HelpActivity",
            "com.kabbage.mobile.unified.help.SocialMediaActivity",
            "com.kabbage.mobile.unified.home.HomeActivity",
            "com.kabbage.mobile.unified.paymentsfraud.PaymentFraudActivity",
            "com.kabbage.mobile.unified.paymentsonboarding.PaymentsAgreementActivity",
            "com.kabbage.mobile.unified.paymentsonboarding.PaymentsMarketingActivity",
            "com.kabbage.mobile.unified.paymentsonboarding.PaymentsOnboardingInfoActivity",
            "com.kabbage.mobile.unified.paymentsonboarding.PaymentsReviewActivity",
            "com.kabbage.mobile.unified.profile.ProfileActivity",
            "com.kabbage.mobile.unified.profile.editprofile.EditBusinessProfileActivity",
            "com.kabbage.mobile.unified.profile.editprofile.EditPersonalProfileActivity",
            "com.kabbage.mobile.unified.settings.SecuritySettingsActivity",
            "com.kabbage.mobile.unified.settings.SettingsActivity",
            "com.kabbage.mobile.unified.settings.accounts.LinkedAccountsActivity",
            "com.kabbage.mobile.unified.settings.updatephonenumber.UpdatePhoneNumberActivity",
            "com.kabbage.mobile.wizard.AccountRoutingActivity",
            "com.kabbage.mobile.wizard.AddChannelsActivity",
            "com.kabbage.mobile.wizard.DecisionActivity",
            "com.kabbage.mobile.wizard.DeclineActivity",
            "com.kabbage.mobile.wizard.DepositVerificationActivity",
            "com.kabbage.mobile.wizard.FinancialReviewActivity",
            "com.kabbage.mobile.wizard.ProcessingActivity",
            "com.kabbage.mobile.wizard.QualifiedActivity",
            "com.kabbage.mobile.wizard.SubmitActivity",
            "com.kabbage.mobile.wizard.WizardStatusActivity",
            "com.kabbage.mobile.wizard.business.BusinessInfoActivity",
            "com.kabbage.mobile.wizard.personal.DriverLicenseInfoActivity",
            "com.kabbage.mobile.wizard.personal.PersonalInfoActivity",
            "com.kabbage.mobile.wizard.ubo.AddEditPersonActivity",
            "com.kabbage.mobile.wizard.ubo.UboInfoActivity",
            "com.kabbage.mobile.wizard.ubo.UboReviewActivity",
            "com.kabbage.mobile.wizard.ubo.UboStatusActivity",
            "com.kabbage.mobile.wizard.ubo.faq.FaqActivity",
            "com.kabbage.mobile.wizard.verification.VerificationEditBusinessInfoActivity",
            "com.kabbage.mobile.wizard.verification.VerificationEditPersonalInfoActivity",
            "com.kabbage.mobile.wizard.verification.VerifyInformationActivity",
            "com.mapbox.mapboxsdk.plugins.places.autocomplete.ui.PlaceAutocompleteActivity",
            "com.mapbox.mapboxsdk.plugins.places.picker.ui.PlacePickerActivity",
            "com.mikepenz.aboutlibraries.ui.LibsActivity",
            "com.miteksystems.misnap.misnapworkflow_UX2.MiSnapWorkflowActivity_UX2",
            "com.salesforce.marketingcloud.messages.iam.IamBannerActivity",
            "com.salesforce.marketingcloud.messages.iam.IamFullImageFillActivity",
            "com.salesforce.marketingcloud.messages.iam.IamFullscreenActivity",
            "com.salesforce.marketingcloud.messages.iam.IamModalActivity",
            "com.salesforce.marketingcloud.notifications.NotificationOpenActivity",
            "splitties.permissions.internal.PermissionRequestFallbackActivity"
        ],
        "services": [
            "com.google.android.datatransport.runtime.backends.TransportBackendDiscovery",
            "com.google.android.datatransport.runtime.scheduling.jobscheduling.JobInfoSchedulerService",
            "com.google.android.gms.measurement.AppMeasurementJobService",
            "com.google.android.gms.measurement.AppMeasurementService",
            "com.google.firebase.components.ComponentDiscoveryService",
            "com.google.firebase.messaging.FirebaseMessagingService",
            "com.mapbox.android.telemetry.errors.ErrorReporterJobIntentService",
            "com.salesforce.marketingcloud.MCService",
            "com.salesforce.marketingcloud.NotificationOpenedService",
            "com.salesforce.marketingcloud.messages.push.MCFirebaseMessagingService",
            "com.salesforce.marketingcloud.sfmcsdk.SFMCSdkJobIntentService"
        ],
        "receivers": [
            "com.google.android.datatransport.runtime.scheduling.jobscheduling.AlarmManagerSchedulerBroadcastReceiver",
            "com.google.android.gms.measurement.AppMeasurementReceiver",
            "com.google.firebase.iid.FirebaseInstanceIdReceiver",
            "com.salesforce.marketingcloud.MCReceiver",
            "com.salesforce.marketingcloud.location.LocationReceiver",
            "com.salesforce.marketingcloud.sfmcsdk.SFMCSdkReceiver"
        ],
        "permission_details": {
            "android.permission.ACCESS_FINE_LOCATION": "dangerous",
            "android.permission.ACCESS_NETWORK_STATE": "normal",
            "android.permission.ACCESS_WIFI_STATE": "normal",
            "android.permission.CAMERA": "dangerous",
            "android.permission.GET_TASKS": "unlaballed",
            "android.permission.INTERNET": "normal",
            "android.permission.READ_CONTACTS": "dangerous",
            "android.permission.VIBRATE": "normal",
            "android.permission.WAKE_LOCK": "normal",
            "android.permission.WRITE_EXTERNAL_STORAGE": "dangerous",
            "com.google.android.c2dm.permission.RECEIVE": "unknown",
            "com.google.android.finsky.permission.BIND_GET_INSTALL_REFERRER_SERVICE": "unknown"
        },
        "risk_counts": {
            "dangerous": 4,
            "normal": 5,
            "unlaballed": 1,
            "unknown": 2
        }
    },
    "stats": {
        "dex_count": 5,
        "native_lib_count": 22
    },
    "jadx": {
        "status": "ok",
        "duration_sec": 41.86,
        "sources_present": true,
        "java_file_count": 11579
    },
    "ast_analysis": {
        "location": 13,
        "microphone": 0,
        "camera": 14,
        "media_projection": 0,
        "dynamic_load": 0,
        "jni": 7
    },
    "analysis_state": "complete"
}