{
    "apk_name": "8EAF01F6D8F25DB2748F301A597F7DE9370E5C2F33A9E5038DE3FB4A64710742",
    "sha256": "8eaf01f6d8f25db2748f301a597f7de9370e5c2f33a9e5038de3fb4a64710742",
    "metadata": {
        "package_name": "com.yy.huanju",
        "version_code": "1992",
        "version_name": "6.34.1",
        "min_sdk": "21",
        "target_sdk": "31",
        "permissions": [
            "android.permission.ACCESS_COARSE_LOCATION",
            "android.permission.ACCESS_FINE_LOCATION",
            "android.permission.ACCESS_LOCATION_EXTRA_COMMANDS",
            "android.permission.ACCESS_NETWORK_STATE",
            "android.permission.ACCESS_WIFI_STATE",
            "android.permission.BLUETOOTH",
            "android.permission.BLUETOOTH_ADMIN",
            "android.permission.BROADCAST_STICKY",
            "android.permission.CAMERA",
            "android.permission.CHANGE_NETWORK_STATE",
            "android.permission.CHANGE_WIFI_STATE",
            "android.permission.DISABLE_KEYGUARD",
            "android.permission.FLASHLIGHT",
            "android.permission.FOREGROUND_SERVICE",
            "android.permission.GET_PACKAGE_SIZE",
            "android.permission.GET_TASKS",
            "android.permission.HIGH_SAMPLING_RATE_SENSORS",
            "android.permission.INTERNET",
            "android.permission.MODIFY_AUDIO_SETTINGS",
            "android.permission.MOUNT_UNMOUNT_FILESYSTEMS",
            "android.permission.READ_EXTERNAL_STORAGE",
            "android.permission.READ_PHONE_STATE",
            "android.permission.READ_SETTINGS",
            "android.permission.RECEIVE_BOOT_COMPLETED",
            "android.permission.RECORD_AUDIO",
            "android.permission.REORDER_TASKS",
            "android.permission.REQUEST_INSTALL_PACKAGES",
            "android.permission.SCHEDULE_EXACT_ALARM",
            "android.permission.SYSTEM_ALERT_WINDOW",
            "android.permission.USE_FINGERPRINT",
            "android.permission.USE_FULL_SCREEN_INTENT",
            "android.permission.VIBRATE",
            "android.permission.WAKE_LOCK",
            "android.permission.WRITE_EXTERNAL_STORAGE",
            "android.permission.WRITE_SETTINGS",
            "com.asus.msa.SupplementaryDID.ACCESS",
            "com.coloros.mcs.permission.RECIEVE_MCS_MESSAGE",
            "com.coloros.mcs.permission.SEND_MCS_MESSAGE",
            "com.google.android.c2dm.permission.RECEIVE",
            "com.heytap.mcs.permission.SEND_PUSH_MESSAGE",
            "com.huawei.android.launcher.permission.CHANGE_BADGE",
            "com.huawei.android.launcher.permission.READ_SETTINGS",
            "com.huawei.android.launcher.permission.WRITE_SETTINGS",
            "com.oppo.launcher.permission.READ_SETTINGS",
            "com.oppo.launcher.permission.WRITE_SETTINGS",
            "com.sec.android.provider.badge.permission.READ",
            "com.sec.android.provider.badge.permission.WRITE",
            "com.yy.huanju.permission.C2D_MESSAGE",
            "com.yy.huanju.permission.MIPUSH_RECEIVE",
            "com.yy.huanju.permission.PERMISSION_SAFE_BROADCAST",
            "com.yy.huanju.permission.PROCESS_PUSH_MSG",
            "com.yy.huanju.permission.PUSH_PROVIDER"
        ],
        "activities": [
            "com.alibaba.security.biometrics.activity.ALBiometricsActivity",
            "com.alibaba.security.biometrics.activity.ALModelLoadingActivity",
            "com.alibaba.security.realidentity.activity.RPTakePhotoActivity",
            "com.alibaba.security.realidentity.activity.RPWebViewActivity",
            "com.alibaba.wireless.security.open.middletier.fc.ui.ContainerActivity",
            "com.alipay.sdk.app.H5PayActivity",
            "com.alipay.sdk.auth.AuthActivity",
            "com.geetest.onelogin.activity.OneLoginActivity",
            "com.geetest.onelogin.activity.OneLoginWebActivity",
            "com.google.android.gms.common.api.GoogleApiActivity",
            "com.huawei.hms.activity.BridgeActivity",
            "com.huawei.hms.activity.EnableServiceActivity",
            "com.huawei.hms.support.api.push.TransActivity",
            "com.tencent.connect.common.AssistActivity",
            "com.tencent.tauth.AuthActivity",
            "com.vivo.push.sdk.LinkProxyClientActivity",
            "com.xiaomi.mipush.sdk.NotificationClickedActivity",
            "com.yy.huanju.MainActivity",
            "com.yy.huanju.anonymousDating.endofchat.EndOfChatActivity",
            "com.yy.huanju.anonymousDating.matchedroom.AnonymousRoomActivity",
            "com.yy.huanju.anonymousDating.matching.AnonymousMatchActivity",
            "com.yy.huanju.chat.TimelineActivity",
            "com.yy.huanju.chat.message.picture.PicturePreviewActivity",
            "com.yy.huanju.chat.message.picture.PictureViewerActivityV2",
            "com.yy.huanju.chatroom.ChatroomActivity",
            "com.yy.huanju.chatroom.ChatroomGiftListActivity",
            "com.yy.huanju.chatroom.RoomCreateByNameActivity",
            "com.yy.huanju.chatroom.groupMember.YGroupMemberActivity",
            "com.yy.huanju.chatroom.internal.ChatRoomReportActivity",
            "com.yy.huanju.chatroom.internal.ChatRoomShareFriendActivity",
            "com.yy.huanju.chatroom.internal.ChatRoomShareFriendSearchActivity",
            "com.yy.huanju.chatroom.internal.ChatRoomShareQqActivity",
            "com.yy.huanju.chatroom.internal.ChatRoomShareQzoneActivity",
            "com.yy.huanju.chatroom.internal.ChatRoomShareUnExistActivity",
            "com.yy.huanju.chatroom.internal.ChatRoomShareWeixinActivity",
            "com.yy.huanju.chatroom.internal.ShareActivity",
            "com.yy.huanju.chatroom.lockscreen.LockScreenRoomActivity",
            "com.yy.huanju.chatroom.screenmanage.RoomWelcomeMessageEditActivity",
            "com.yy.huanju.commonView.FragmentContainerActivity",
            "com.yy.huanju.commonView.cropimage.CropImageActivity",
            "com.yy.huanju.commonView.imagepicker.ImagePreviewActivity",
            "com.yy.huanju.commonView.imagepicker.ImageSelectorActivity",
            "com.yy.huanju.component.roomManage.whitelist.AntiDisturbanceWhiteListActivity",
            "com.yy.huanju.contact.FindStrangerActivity",
            "com.yy.huanju.contact.FriendRequestActivity",
            "com.yy.huanju.contact.MyFansActivity",
            "com.yy.huanju.contact.NewBigoExchangeActivity",
            "com.yy.huanju.contact.NewExchangeActivity",
            "com.yy.huanju.contact.RemarkActivity",
            "com.yy.huanju.contact.ReportUserActivity",
            "com.yy.huanju.contact.recommend.view.RecommendMoreActivity",
            "com.yy.huanju.contact.search.view.ContactSearchActivity",
            "com.yy.huanju.contact.search.view.ContactSearchMoreActivity",
            "com.yy.huanju.contactinfo.display.activity.ContactInfoActivityNew",
            "com.yy.huanju.contactinfo.display.bosomfriend.BosomFriendActivity",
            "com.yy.huanju.contactinfo.display.bosomfriend.memory.BosomFriendMemoryActivity",
            "com.yy.huanju.contactinfo.display.bosomfriend.memory.BosomFriendMemoryActivityV2",
            "com.yy.huanju.contactinfo.edit.ContactEditActivity",
            "com.yy.huanju.contactinfo.photomanager.ContactInfoPhotoManagerAcitivty",
            "com.yy.huanju.contactinfo.preview.AlbumViewActivityNew",
            "com.yy.huanju.contactinfo.preview.AvatarViewActivity",
            "com.yy.huanju.deepLink.DeepLinkWeihuiActivity",
            "com.yy.huanju.devoption.DeveloperActivity",
            "com.yy.huanju.devoption.DeveloperSettingActivity",
            "com.yy.huanju.dressup.base.DressUpActivity",
            "com.yy.huanju.emoji.view.ImEmotionManageActivity",
            "com.yy.huanju.feature.gamefriend.gameprofile.view.GameProfileActivity",
            "com.yy.huanju.feature.gamefriend.gameprofile.view.GameProfileRoleActivity",
            "com.yy.huanju.feature.gamefriend.gfsearch.view.GameFriendSearchActivity",
            "com.yy.huanju.feature.gamefriend.gfsearch.view.PlaymateSquareActivity",
            "com.yy.huanju.gamelab.view.activity.ChangeGameActivity",
            "com.yy.huanju.gamelab.view.activity.GameActivity",
            "com.yy.huanju.gamelab.view.activity.GameDetailActivity",
            "com.yy.huanju.gamelab.view.activity.GameLabMatchActivity",
            "com.yy.huanju.gamelab.view.activity.GameResultActivity",
            "com.yy.huanju.gamelab.view.activity.InviteFriendActivity",
            "com.yy.huanju.gift.RankingListActivity",
            "com.yy.huanju.gift.SendGiftActivity",
            "com.yy.huanju.gift3d.CocosGiftTestActivity",
            "com.yy.huanju.giftwall.achv.view.GiftWallAchvActivity",
            "com.yy.huanju.giftwall.achv.view.GiftWallAchvDetailsActivity",
            "com.yy.huanju.giftwall.view.GiftWallActivity",
            "com.yy.huanju.giftwall.view.GiftWallEffectSettingActivity",
            "com.yy.huanju.guardgroup.groupdetail.GuardGroupDetailActivity",
            "com.yy.huanju.highlightmoment.detail.HighlightMomentDetailActivity",
            "com.yy.huanju.highlightmoment.main.HighlightMomentActivity",
            "com.yy.huanju.ktv.view.KtvBindActivity",
            "com.yy.huanju.ktv.view.MyKtvActivity",
            "com.yy.huanju.login.bindphone.view.BindPhoneActivity",
            "com.yy.huanju.login.country.CountrySelectorActivity",
            "com.yy.huanju.login.debugoption.DebugOptionActivity",
            "com.yy.huanju.login.safeverify.view.LoginOtherVerifyEntryActivity",
            "com.yy.huanju.login.safeverify.view.LoginVerifyActivity",
            "com.yy.huanju.login.safeverify.view.OtherInfosVerifyActivity",
            "com.yy.huanju.login.safeverify.view.PhoneVerifyActivity",
            "com.yy.huanju.login.safeverify.view.QRCodeVerifyActivity",
            "com.yy.huanju.login.safeverify.view.SafeCenterActivity",
            "com.yy.huanju.login.safeverify.view.SafeQuestionVerifyActivity",
            "com.yy.huanju.login.signup.ProfileActivityV2",
            "com.yy.huanju.login.usernamelogin.view.UserNameBindingActivity",
            "com.yy.huanju.login.usernamelogin.view.UsernameResetPswFailedActivity",
            "com.yy.huanju.loginNew.LoginActivity",
            "com.yy.huanju.loginNew.LoginPasswordActivity",
            "com.yy.huanju.loginNew.PinCodeActivity",
            "com.yy.huanju.loginNew.SetNewPwdActivity",
            "com.yy.huanju.loginNew.UpdatePwdPinCodeActivity",
            "com.yy.huanju.loginNew.multiaccount.SwitchAccountActivity",
            "com.yy.huanju.lotteryParty.currency.LotteryPartyCurrencyActivity",
            "com.yy.huanju.lotteryParty.setting.LotteryPartySettingActivity",
            "com.yy.huanju.mainpage.InterestRoomListActivity",
            "com.yy.huanju.mainpage.gametab.view.HappyGameActivity",
            "com.yy.huanju.morewonderful.MoreWonderfulActivity",
            "com.yy.huanju.morewonderful.sort.AllTabsActivity",
            "com.yy.huanju.musiccenter.MusicCenterActivity",
            "com.yy.huanju.musiccenter.MusicLibraryActivity",
            "com.yy.huanju.musiccenter.MusicUploaderActivity",
            "com.yy.huanju.musiccenter.ReportMusicActivity",
            "com.yy.huanju.musiccenter.SearchMusicActivity",
            "com.yy.huanju.musiccenter.countdown.TimingSettingActivity",
            "com.yy.huanju.musicplayer.AddMusicActivity",
            "com.yy.huanju.musicplayer.PlayMusicActivity",
            "com.yy.huanju.person.activity.UserEnterSettingActivity",
            "com.yy.huanju.person.view.VipCardActivity",
            "com.yy.huanju.qrcode.ScanQRCodeActivity",
            "com.yy.huanju.realnameauth.CameraActivity",
            "com.yy.huanju.relationchain.base.view.FansBatchManageActivity",
            "com.yy.huanju.relationchain.base.view.RelationActivity",
            "com.yy.huanju.reward.RewardEverydayActivity",
            "com.yy.huanju.roomFootprint.RoomFootprintActivity",
            "com.yy.huanju.roommatch.view.RoomMatchActivity",
            "com.yy.huanju.search.SearchActivity",
            "com.yy.huanju.search.SearchStrangerResultActivity",
            "com.yy.huanju.settings.DeepLinkTipDialogActivity",
            "com.yy.huanju.settings.FeedBackActivity",
            "com.yy.huanju.settings.RecommendSwitchActivity",
            "com.yy.huanju.settings.UpdatePasswordActivity",
            "com.yy.huanju.settings.update.UpdateProgressActivity",
            "com.yy.huanju.video.view.VideoActivity",
            "com.yy.huanju.webcomponent.WebBigoComponentActivity",
            "com.yy.huanju.webcomponent.WebComponentActivity",
            "com.yy.huanju.webcomponent.uploadfile.WebUploadPhotoActivity",
            "com.yy.huanju.youthmode.YouthModeActivity",
            "sg.bigo.flutterservice.entry.FlutterBaseActivity",
            "sg.bigo.hello.wxapi.WXEntryActivity",
            "sg.bigo.hello.wxapi.WXPayEntryActivity",
            "sg.bigo.kyiv.FLBAppCompatActivity",
            "sg.bigo.mobile.android.flutter.terra.container.TerraAppCompatActivity"
        ],
        "services": [
            "androidx.room.MultiInstanceInvalidationService",
            "com.amap.api.location.APSService",
            "com.bigosdk.goose.mediasdk.YYMediaService",
            "com.heytap.msp.push.service.CompatibleDataMessageCallbackService",
            "com.heytap.msp.push.service.DataMessageCallbackService",
            "com.huawei.agconnect.core.ServiceDiscovery",
            "com.huawei.hms.support.api.push.service.HmsMsgService",
            "com.liulishuo.filedownloader.services.FileDownloadService$SeparateProcessService",
            "com.liulishuo.filedownloader.services.FileDownloadService$SharedMainProcessService",
            "com.tencent.smtt.export.external.DexClassLoaderProviderService",
            "com.vivo.push.sdk.service.CommandClientService",
            "com.xiaomi.mipush.sdk.MessageHandleService",
            "com.xiaomi.mipush.sdk.PushMessageHandler",
            "com.xiaomi.push.service.XMJobService",
            "com.xiaomi.push.service.XMPushService",
            "com.yy.huanju.anonymousDating.floatwindow.AnonymousFloatWindowService",
            "com.yy.huanju.floatchatroom.FloatWindowService",
            "com.yy.huanju.musicplayer.MediaPlaybackService",
            "com.yy.sdk.service.InnerService",
            "com.yy.sdk.service.KeepForegroundService",
            "com.yy.sdk.service.YYService",
            "com.yysdk.mobile.mediasdk.YYMediaService",
            "com.yysdk.mobile.videosdk.YYVideoService",
            "sg.bigo.apm.plugins.memoryinfo.hprof.HeapAnalyzeService",
            "sg.bigo.sdk.push.hwpush.MyHmsMessageService"
        ],
        "receivers": [
            "com.huawei.hms.support.api.push.PushMsgReceiver",
            "com.huawei.hms.support.api.push.PushReceiver",
            "com.xiaomi.push.service.receivers.NetworkStatusReceiver",
            "com.xiaomi.push.service.receivers.PingReceiver",
            "com.yy.huanju.chat.call.CallReceiver",
            "com.yy.huanju.commonModel.PushReceiver",
            "com.yy.huanju.musiccenter.countdown.StopMusicTaskReceiver",
            "com.yy.huanju.settings.update.DownloadOperationReceiver",
            "com.yy.sdk.proto.linkd.receiver.LinkdReceiver",
            "com.yy.sdk.receiver.KeepLiveReceiver",
            "com.yy.sdk.receiver.YYReceiver",
            "sg.bigo.apm.plugins.memoryinfo.hprof.HeapAnalyzeReceiver",
            "sg.bigo.sdk.push.mipush.MiPushMessageReceiver",
            "sg.bigo.sdk.push.token.AccountChangeReceiver",
            "sg.bigo.sdk.push.token.TokenReceiver",
            "sg.bigo.sdk.push.vivopush.VivoPushMessageReceiver"
        ]
    },
    "stats": {
        "dex_count": 5,
        "native_lib_count": 54
    },
    "jadx": {
        "status": "ok",
        "duration_sec": 59.24,
        "sources_present": true,
        "java_file_count": 19065
    },
    "ast_analysis": {
        "location": 4,
        "microphone": 1,
        "camera": 47,
        "media_projection": 0,
        "dynamic_load": 0,
        "jni": 30
    },
    "analysis_state": "complete"
}