{
    "apk_name": "E148F98AA2F6FAF51E6C66464FB9926881F0D6F26BC2A62ADDFE2AC57133E12E",
    "sha256": "e148f98aa2f6faf51e6c66464fb9926881f0d6f26bc2a62addfe2ac57133e12e",
    "metadata": {
        "package_name": "alc.rhapsody.mdd.view",
        "version_code": "124",
        "version_name": "4.0.14",
        "min_sdk": "16",
        "target_sdk": "30",
        "permissions": [
            "android.permission.ACCESS_BACKGROUND_LOCATION",
            "android.permission.ACCESS_COARSE_LOCATION",
            "android.permission.ACCESS_FINE_LOCATION",
            "android.permission.ACCESS_NETWORK_STATE",
            "android.permission.BATTERY_STATS",
            "android.permission.FOREGROUND_SERVICE",
            "android.permission.INTERNET",
            "android.permission.READ_EXTERNAL_STORAGE",
            "android.permission.READ_PHONE_STATE",
            "android.permission.RECEIVE_BOOT_COMPLETED",
            "android.permission.VIBRATE",
            "android.permission.WAKE_LOCK",
            "android.permission.WRITE_EXTERNAL_STORAGE",
            "com.google.android.gms.permission.ACTIVITY_RECOGNITION"
        ],
        "activities": [
            "com.google.android.gms.common.api.GoogleApiActivity",
            "crc64af7be83c310971f9.MainActivity",
            "crc64af7be83c310971f9.SplashActivity"
        ],
        "services": [
            "androidx.room.MultiInstanceInvalidationService",
            "androidx.work.impl.background.systemalarm.SystemAlarmService",
            "androidx.work.impl.background.systemjob.SystemJobService",
            "androidx.work.impl.foreground.SystemForegroundService",
            "crc6466ff391d4a6e79dd.AppIsRunningService"
        ],
        "receivers": [
            "androidx.work.impl.background.systemalarm.ConstraintProxy$BatteryChargingProxy",
            "androidx.work.impl.background.systemalarm.ConstraintProxy$BatteryNotLowProxy",
            "androidx.work.impl.background.systemalarm.ConstraintProxy$NetworkStateProxy",
            "androidx.work.impl.background.systemalarm.ConstraintProxy$StorageNotLowProxy",
            "androidx.work.impl.background.systemalarm.ConstraintProxyUpdateReceiver",
            "androidx.work.impl.background.systemalarm.RescheduleReceiver",
            "androidx.work.impl.utils.ForceStopRunnable$BroadcastReceiver",
            "com.shiny.locations.GeofenceBroadcastReceiver",
            "com.shiny.locations.GpsBroadcastReceiver",
            "com.shiny.locations.MotionActivityBroadcastReceiver",
            "crc643f46942d9dd1fff9.PowerSaveModeBroadcastReceiver",
            "crc64916b9332831a475e.NotificationPublisher",
            "crc64a0e0a82d0db9a07d.ConnectivityBroadcastReceiver"
        ]
    },
    "stats": {
        "dex_count": 1,
        "native_lib_count": 32
    },
    "jadx": {
        "status": "ok",
        "duration_sec": 12.17,
        "sources_present": true,
        "java_file_count": 2490
    },
    "ast_analysis": {
        "location": 4,
        "microphone": 0,
        "camera": 3,
        "media_projection": 0,
        "dynamic_load": 0,
        "jni": 6
    },
    "analysis_state": "complete"
}