{
    "apk_name": "2DA6D6E7FBC0CA381EC9F90532309B90FDAD51503F206ACB67B16A8E80753320",
    "sha256": "2da6d6e7fbc0ca381ec9f90532309b90fdad51503f206acb67b16a8e80753320",
    "metadata": {
        "package_name": "com.corget.peak",
        "version_code": "985",
        "version_name": "9.8.5",
        "min_sdk": "14",
        "target_sdk": "30",
        "permissions": [
            "android.permission.ACCESS_BACKGROUND_LOCATION",
            "android.permission.ACCESS_COARSE_LOCATION",
            "android.permission.ACCESS_FINE_LOCATION",
            "android.permission.ACCESS_LOCATION_EXTRA_COMMANDS",
            "android.permission.ACCESS_NETWORK_STATE",
            "android.permission.ACCESS_NOTIFICATION_POLICY",
            "android.permission.ACCESS_WIFI_STATE",
            "android.permission.ANSWER_PHONE_CALLS",
            "android.permission.BLUETOOTH",
            "android.permission.BLUETOOTH_ADMIN",
            "android.permission.BODY_SENSORS",
            "android.permission.CALL_PHONE",
            "android.permission.CAMERA",
            "android.permission.CHANGE_CONFIGURATION",
            "android.permission.CHANGE_NETWORK_STATE",
            "android.permission.CHANGE_WIFI_STATE",
            "android.permission.CLEAR_APP_CACHE",
            "android.permission.CLEAR_APP_USER_DATA",
            "android.permission.DELETE_PACKAGES",
            "android.permission.DEVICE_POWER",
            "android.permission.DISABLE_KEYGUARD",
            "android.permission.FLASHLIGHT",
            "android.permission.FOREGROUND_SERVICE",
            "android.permission.GET_TASKS",
            "android.permission.GET_TOP_ACTIVITY_INFO",
            "android.permission.GRANT_RUNTIME_PERMISSIONS",
            "android.permission.INJECT_EVENTS",
            "android.permission.INSTALL_PACKAGES",
            "android.permission.INTERACT_ACROSS_USERS_FULL",
            "android.permission.INTERNET",
            "android.permission.KILL_BACKGROUND_PROCESSES",
            "android.permission.MANAGE_USB",
            "android.permission.MODIFY_AUDIO_SETTINGS",
            "android.permission.MODIFY_PHONE_STATE",
            "android.permission.MOUNT_UNMOUNT_FILESYSTEMS",
            "android.permission.NFC",
            "android.permission.READ_EXTERNAL_STORAGE",
            "android.permission.READ_OWNER_DATA",
            "android.permission.READ_PHONE_STATE",
            "android.permission.READ_SETTINGS",
            "android.permission.REAL_GET_TASKS",
            "android.permission.RECEIVE_BOOT_COMPLETED",
            "android.permission.RECORD_AUDIO",
            "android.permission.REORDER_TASKS",
            "android.permission.REQUEST_IGNORE_BATTERY_OPTIMIZATIONS",
            "android.permission.RESTART_PACKAGES",
            "android.permission.SHUTDOWN",
            "android.permission.SILENT_INSTALL_PACKAGES",
            "android.permission.SYSTEM_ALERT_WINDOW",
            "android.permission.USB_PERMISSION",
            "android.permission.USES_POLICY_FORCE_LOCK",
            "android.permission.VIBRATE",
            "android.permission.WAKE_LOCK",
            "android.permission.WRITE_CONTACTS",
            "android.permission.WRITE_EXTERNAL_STORAGE",
            "android.permission.WRITE_MEDIA_STORAGE",
            "android.permission.WRITE_OWNER_DATA",
            "android.permission.WRITE_SECURE_SETTINGS",
            "android.permission.WRITE_SETTINGS",
            "com.google.android.c2dm.permission.RECEIVE"
        ],
        "activities": [
            "com.corget.AddBuddyActivity",
            "com.corget.ChangePasswordActivity",
            "com.corget.ComplainOrderActivity",
            "com.corget.FenceEventActivity",
            "com.corget.FenceManagerActivity",
            "com.corget.FenceUserActivity",
            "com.corget.HistoryOrderActivity",
            "com.corget.InputMainActivity",
            "com.corget.MainView",
            "com.corget.MarkPointManagerActivity",
            "com.corget.MyAudioPlayActivity",
            "com.corget.NfcActivity",
            "com.corget.OtherExtraReceiveActivity",
            "com.corget.OtherInfoReceiveActivity",
            "com.corget.PatchDialogActivity",
            "com.corget.PatrolEventActivity",
            "com.corget.PatrolRecordActivity",
            "com.corget.RequestLocationPermissionActivity",
            "com.corget.RobbedOrderActivity",
            "com.corget.TaskAddActivity",
            "com.corget.TaskListActivity",
            "com.corget.UploadVideoActivity",
            "com.corget.VoiceRecordActivity",
            "com.google.android.gms.ads.AdActivity",
            "com.google.android.gms.ads.purchase.InAppPurchaseActivity",
            "com.google.android.gms.appinvite.PreviewActivity",
            "com.google.android.gms.auth.api.signin.internal.SignInHubActivity",
            "com.journeyapps.barcodescanner.CaptureActivity"
        ],
        "services": [
            "com.baidu.location.f",
            "com.corget.HyteraKeyService",
            "com.corget.MyAccessibilityService",
            "com.corget.PocService",
            "com.corget.PocStubService",
            "com.google.android.gms.auth.api.signin.RevocationBoundService",
            "com.google.android.gms.measurement.AppMeasurementService",
            "com.hrb.library.MediaService",
            "com.mapbox.android.telemetry.crash.CrashReporterJobIntentService"
        ],
        "receivers": [
            "com.corget.HyteraKeyEventBroadcastReceiver",
            "com.corget.MediaButtonReceiver",
            "com.corget.MyStaticBroadcastReceiver",
            "com.google.android.gms.measurement.AppMeasurementReceiver"
        ]
    },
    "stats": {
        "dex_count": 2,
        "native_lib_count": 42
    },
    "jadx": {
        "status": "ok",
        "duration_sec": 85.06,
        "sources_present": true,
        "java_file_count": 7390
    },
    "ast_analysis": {
        "location": 29,
        "microphone": 2,
        "camera": 52,
        "media_projection": 1,
        "dynamic_load": 0,
        "jni": 53
    },
    "analysis_state": "complete"
}