{
    "apk_name": "9A4FFA7D5C5BBEDFEE8A9F61BBBE8BF5296E50052ABCB3815F555991F0F6B334",
    "sha256": "9a4ffa7d5c5bbedfee8a9f61bbbe8bf5296e50052abcb3815f555991f0f6b334",
    "metadata": {
        "package_name": "com.simondalvai.ball2box",
        "version_code": "65",
        "version_name": "4.1.5",
        "min_sdk": "19",
        "target_sdk": "34",
        "permissions": [],
        "activities": [
            "com.godot.game.GodotApp",
            "org.godotengine.godot.utils.ProcessPhoenix"
        ],
        "services": [
            "org.godotengine.godot.GodotDownloaderService"
        ],
        "receivers": [
            "androidx.profileinstaller.ProfileInstallReceiver"
        ],
        "permission_details": {},
        "risk_counts": {}
    },
    "stats": {
        "dex_count": 1,
        "native_lib_count": 4
    },
    "jadx": {
        "status": "ok",
        "duration_sec": 15.13,
        "sources_present": true,
        "java_file_count": 2042
    },
    "ast_analysis": {
        "location": 8,
        "microphone": 0,
        "camera": 3,
        "media_projection": 0,
        "dynamic_load": 0,
        "jni": 1
    },
    "analysis_state": "complete"
}