{
    "apk_name": "994EA59200B11F4D4A667AC4A8AD553DDA0905A0D485EF49AE3B817D9C1A6C3E",
    "sha256": "994ea59200b11f4d4a667ac4a8ad553dda0905a0d485ef49ae3b817d9c1a6c3e",
    "metadata": {
        "package_name": "com.ss.android.article.news",
        "version_code": "9590",
        "version_name": "9.5.9",
        "min_sdk": "21",
        "target_sdk": "30",
        "permissions": [
            "android.permission.ACCESS_COARSE_LOCATION",
            "android.permission.ACCESS_FINE_LOCATION",
            "android.permission.ACCESS_NETWORK_STATE",
            "android.permission.ACCESS_WIFI_STATE",
            "android.permission.ACTIVITY_RECOGNITION",
            "android.permission.AUTHENTICATE_ACCOUNTS",
            "android.permission.BATTERY_STATS",
            "android.permission.BLUETOOTH",
            "android.permission.BLUETOOTH_ADMIN",
            "android.permission.BROADCAST_STICKY",
            "android.permission.CAMERA",
            "android.permission.CHANGE_NETWORK_STATE",
            "android.permission.CHANGE_WIFI_MULTICAST_STATE",
            "android.permission.CHANGE_WIFI_STATE",
            "android.permission.EXPAND_STATUS_BAR",
            "android.permission.FLASHLIGHT",
            "android.permission.FOREGROUND_SERVICE",
            "android.permission.GET_ACCOUNTS",
            "android.permission.GET_TASKS",
            "android.permission.INSTALL_SHORTCUT",
            "android.permission.INTERNET",
            "android.permission.MANAGE_ACCOUNTS",
            "android.permission.MODIFY_AUDIO_SETTINGS",
            "android.permission.QUERY_ALL_PACKAGES",
            "android.permission.READ_APP_BADGE",
            "android.permission.READ_CONTACTS",
            "android.permission.READ_EXTERNAL_STORAGE",
            "android.permission.RECORD_AUDIO",
            "android.permission.REORDER_TASKS",
            "android.permission.REQUEST_INSTALL_PACKAGES",
            "android.permission.SENSOR_ENABLE",
            "android.permission.SENSOR_INFO",
            "android.permission.SET_WALLPAPER",
            "android.permission.SYSTEM_ALERT_WINDOW",
            "android.permission.UNINSTALL_SHORTCUT",
            "android.permission.UPDATE_APP_BADGE",
            "android.permission.USE_FINGERPRINT",
            "android.permission.USE_FULL_SCREEN_INTENT",
            "android.permission.VIBRATE",
            "android.permission.WAKE_LOCK",
            "android.permission.WRITE_CALENDAR",
            "android.permission.WRITE_EXTERNAL_STORAGE",
            "android.permission.WRITE_SYNC_SETTINGS",
            "app.cobo.launcher.permission.READ_SETTINGS",
            "app.cobo.launcher.permission.WRITE_SETTINGS",
            "cn.kuwo.player.permission.ACCESS_KUWO_SERVICE",
            "cn.nubia.launcher.permission.READ_SETTINGS",
            "cn.nubia.launcher.permission.WRITE_SETTINGS",
            "com.Dean.launcher.permission.READ_SETTINGS",
            "com.Dean.launcher.permission.WRITE_SETTINGS",
            "com.aliyun.homeshell.permission.READ_SETTINGS",
            "com.aliyun.homeshell.permission.WRITE_SETTINGS",
            "com.alphalp.launcher.permission.READ_SETTINGS",
            "com.alphalp.launcher.permission.WRITE_SETTINGS",
            "com.anddoes.launcher.permission.READ_SETTINGS",
            "com.anddoes.launcher.permission.UPDATE_COUNT",
            "com.anddoes.launcher.permission.WRITE_SETTINGS",
            "com.android.launcher.permission.INSTALL_SHORTCUT",
            "com.android.launcher.permission.READ_SETTINGS",
            "com.android.launcher.permission.UNINSTALL_SHORTCUT",
            "com.android.launcher.permission.WRITE_SETTINGS",
            "com.android.launcher2.permission.READ_SETTINGS",
            "com.android.launcher2.permission.WRITE_SETTINGS",
            "com.android.launcher23.permission.READ_SETTINGS",
            "com.android.launcher23.permission.WRITE_SETTINGS",
            "com.android.launcher3.permission.READ_SETTINGS",
            "com.android.launcher3.permission.WRITE_SETTINGS",
            "com.android.lewalauncher.permission.READ_SETTINGS",
            "com.android.lewalauncher.permission.WRITE_SETTINGS",
            "com.android.mylauncher.permission.READ_SETTINGS",
            "com.android.mylauncher.permission.WRITE_SETTINGS",
            "com.android.permission.GET_INSTALLED_APPS",
            "com.android.sprdlauncher1.permission.READ_SETTINGS",
            "com.android.sprdlauncher1.permission.WRITE_SETTINGS",
            "com.android.sprdlauncher2.permission.READ_SETTINGS",
            "com.android.sprdlauncher2.permission.WRITE_SETTINGS",
            "com.android.tpwlauncher2.permission.READ_SETTINGS",
            "com.android.tpwlauncher2.permission.WRITE_SETTINGS",
            "com.asus.launcher3.permission.READ_SETTINGS",
            "com.asus.launcher3.permission.WRITE_SETTINGS",
            "com.asus.msa.SupplementaryDID.ACCESS",
            "com.baoruan.launcher2.permission.READ_SETTINGS",
            "com.baoruan.launcher2.permission.WRITE_SETTINGS",
            "com.bbk.launcher2.permission.READ_SETTINGS",
            "com.bbk.launcher2.permission.WRITE_SETTINGS",
            "com.dlto.atom.launcher.permission.READ_SETTINGS",
            "com.dlto.atom.launcher.permission.WRITE_SETTINGS",
            "com.ebproductions.android.launcher.permission.READ_SETTINGS",
            "com.ebproductions.android.launcher.permission.WRITE_SETTINGS",
            "com.epic.launcher.tw.permission.READ_SETTINGS",
            "com.epic.launcher.tw.permission.WRITE_SETTINGS",
            "com.fede.launcher.permission.READ_SETTINGS",
            "com.fede.launcher.permission.WRITE_SETTINGS",
            "com.fineos.launcher.permission.READ_SETTINGS",
            "com.fineos.launcher.permission.WRITE_SETTINGS",
            "com.gau.go.launcherex.permission.READ_SETTINGS",
            "com.gau.go.launcherex.permission.WRITE_SETTINGS",
            "com.google.android.launcher.permission.READ_SETTINGS",
            "com.google.android.launcher.permission.WRITE_SETTINGS",
            "com.hihonor.android.launcher.permission.CHANGE_BADGE",
            "com.hihonor.push.permission.READ_PUSH_NOTIFICATION_INFO",
            "com.hola.launcher.permission.READ_SETTINGS",
            "com.hola.launcher.permission.WRITE_SETTINGS",
            "com.htc.launcher.permission.READ_SETTINGS",
            "com.htc.launcher.permission.UPDATE_SHORTCUT",
            "com.htc.launcher.permission.WRITE_SETTINGS",
            "com.huaqin.launcherEx.permission.READ_SETTINGS",
            "com.huaqin.launcherEx.permission.WRITE_SETTINGS",
            "com.huawei.android.launcher.permission.CHANGE_BADGE",
            "com.huawei.android.launcher.permission.READ_SETTINGS",
            "com.huawei.android.launcher.permission.WRITE_SETTINGS",
            "com.huawei.appmarket.service.commondata.permission.GET_COMMON_DATA",
            "com.huawei.hwid.permission.ACCESS",
            "com.huawei.launcher.permission.READ_SETTINGS",
            "com.huawei.launcher.permission.WRITE_SETTINGS",
            "com.huawei.launcher2.permission.READ_SETTINGS",
            "com.huawei.launcher2.permission.WRITE_SETTINGS",
            "com.huawei.launcher3.permission.READ_SETTINGS",
            "com.huawei.launcher3.permission.WRITE_SETTINGS",
            "com.iLoong.permission.READ_SETTINGS",
            "com.iLoong.permission.WRITE_SETTINGS",
            "com.ibingo.launcher.permission.READ_SETTINGS",
            "com.ibingo.launcher.permission.WRITE_SETTINGS",
            "com.jui.launcher3.permission.READ_SETTINGS",
            "com.jui.launcher3.permission.WRITE_SETTINGS",
            "com.konka.launcher2.permission.READ_SETTINGS",
            "com.konka.launcher2.permission.WRITE_SETTINGS",
            "com.l.launcher.permission.READ_SETTINGS",
            "com.l.launcher.permission.WRITE_SETTINGS",
            "com.lenovo.launcher.permission.READ_SETTINGS",
            "com.lenovo.launcher.permission.WRITE_SETTINGS",
            "com.lge.launcher.permission.READ_SETTINGS",
            "com.lge.launcher.permission.WRITE_SETTINGS",
            "com.lo.launcher.permission.READ_SETTINGS",
            "com.lo.launcher.permission.WRITE_SETTINGS",
            "com.lollipop.launcher.permission.READ_SETTINGS",
            "com.lollipop.launcher.permission.WRITE_SETTINGS",
            "com.majeur.launcher.permission.UPDATE_BADGE",
            "com.meizu.flyme.launcher.permission.READ_SETTINGS",
            "com.meizu.flyme.launcher.permission.WRITE_SETTINGS",
            "com.mgyun.permission.READ_SETTINGS",
            "com.mgyun.permission.WRITE_SETTINGS",
            "com.microsoft.launcher.permission.READ_SETTINGS",
            "com.microsoft.launcher.permission.WRITE_SETTINGS",
            "com.miui.home.launcher.permission.INSTALL_WIDGET",
            "com.modaco.android.launchergb.permission.READ_SETTINGS",
            "com.modaco.android.launchergb.permission.WRITE_SETTINGS",
            "com.mx.launcher.permission.READ_SETTINGS",
            "com.mx.launcher.permission.WRITE_SETTINGS",
            "com.mycheering.launcher.permission.READ_SETTINGS",
            "com.mycheering.launcher.permission.WRITE_SETTINGS",
            "com.nd.android.launcher.permission.READ_SETTINGS",
            "com.nd.android.launcher.permission.WRITE_SETTINGS",
            "com.nicelauncher.lolauncher.permission.READ_SETTINGS",
            "com.nicelauncher.lolauncher.permission.WRITE_SETTINGS",
            "com.oppo.launcher.permission.READ_SETTINGS",
            "com.oppo.launcher.permission.WRITE_SETTINGS",
            "com.qihoo360.home.permission.READ_SETTINGS",
            "com.qihoo360.home.permission.WRITE_SETTINGS",
            "com.qihoo360.launcher.permission.READ_SETTINGS",
            "com.qihoo360.launcher.permission.WRITE_SETTINGS",
            "com.s.launcher.permission.READ_SETTINGS",
            "com.s.launcher.permission.WRITE_SETTINGS",
            "com.sec.android.app.launcher.permission.READ_SETTINGS",
            "com.sec.android.app.launcher.permission.WRITE_SETTINGS",
            "com.sec.android.app.twlauncher.READ_SETTINGS",
            "com.sec.android.app.twlauncher.WRITE_SETTINGS",
            "com.sec.android.app.twlauncher.settings.READ_SETTINGS",
            "com.sec.android.app.twlauncher.settings.WRITE_SETTINGS",
            "com.sec.android.provider.badge.permission.READ",
            "com.sec.android.provider.badge.permission.WRITE",
            "com.slim.slimlauncher.permission.READ_SETTINGS",
            "com.slim.slimlauncher.permission.WRITE_SETTINGS",
            "com.smartisanos.launcher.READ_DATABASE",
            "com.smartisanos.launcher.WRITE_DATABASE",
            "com.smartisanos.launcher.data.ExportDataProvider",
            "com.sonyericsson.home.permission.BROADCAST_BADGE",
            "com.sonymobile.home.permission.PROVIDER_INSERT_BADGE",
            "com.ss.android.article.news.miniapp.PROCESS_COMMUNICATION",
            "com.ss.android.article.news.minigame.PROCESS_COMMUNICATION",
            "com.ss.android.article.news.permission.MIPUSH_RECEIVE",
            "com.ss.android.article.news.permission.PROCESS_PUSH_MSG",
            "com.ss.android.article.news.permission.PUSH_PROVIDER",
            "com.ss.android.article.news.permission.antisurvival",
            "com.ss.android.ugc.aweme.permission.READ_ACCOUNT",
            "com.ss.android.ugc.aweme.permission.WRITE_ACCOUNT",
            "com.ss.android.ugc.live.permission.MIPUSH_RECEIVE",
            "com.ss.android.ugc.live.permission.READ_ACCOUNT",
            "com.ss.android.ugc.live.permission.WRITE_ACCOUNT",
            "com.tencent.qqlauncher.permission.READ_SETTINGS",
            "com.tencent.qqlauncher.permission.WRITE_SETTINGS",
            "com.teslacoilsw.launcher.permission.READ_SETTINGS",
            "com.teslacoilsw.launcher.permission.WRITE_SETTINGS",
            "com.vivo.abe.permission.launcher.notification.num",
            "com.vivo.aiengine.permission.READ_AWARE_PROVIDER",
            "com.vivo.aiengine.permission.WRITE_AWARE_PROVIDER",
            "com.vivo.notification.permission.BADGE_ICON",
            "com.zte.lqsoft.launcher.permission.READ_SETTINGS",
            "com.zte.lqsoft.launcher.permission.WRITE_SETTINGS",
            "com.zte.mifavor.launcher.permission.READ_SETTINGS",
            "com.zte.mifavor.launcher.permission.WRITE_SETTINGS",
            "com.zte.mobile.ZteLauncher3D.permission.READ_SETTINGS",
            "com.zte.mobile.ZteLauncher3D.permission.WRITE_SETTINGS",
            "com.ztemt.launcher.permission.READ_SETTINGS",
            "com.ztemt.launcher.permission.WRITE_SETTINGS",
            "com.zui.launcher.permission.READ_SETTINGS",
            "com.zui.launcher.permission.WRITE_SETTINGS",
            "me.everything.badger.permission.BADGE_COUNT_READ",
            "me.everything.badger.permission.BADGE_COUNT_WRITE",
            "mediatek.permission.ACCESS_APU_SYS",
            "miui.permission.READ_STEPS",
            "net.qihoo.launcher.permission.READ_SETTINGS",
            "net.qihoo.launcher.permission.WRITE_SETTINGS",
            "org.adw.launcher.permission.READ_SETTINGS",
            "org.adw.launcher.permission.WRITE_SETTINGS",
            "org.adw.launcher_donut.permission.READ_SETTINGS",
            "org.adw.launcher_donut.permission.WRITE_SETTINGS",
            "org.adwfreak.launcher.permission.READ_SETTINGS",
            "org.adwfreak.launcher.permission.WRITE_SETTINGS",
            "permission.bind.HiMediaEngines",
            "telecom.mdesk.permission.READ_SETTINGS",
            "telecom.mdesk.permission.WRITE_SETTINGS"
        ],
        "activities": [
            "cmbapi.CMBApiEntryActivity",
            "com.ali.auth.third.accountlink.ui.BindResultActivity",
            "com.ali.auth.third.accountlink.ui.UnbindWebViewActivity",
            "com.ali.auth.third.ui.LoginActivity",
            "com.ali.auth.third.ui.LoginWebViewActivity",
            "com.ali.auth.third.ui.webview.BaseWebViewActivity",
            "com.alipay.sdk.app.APayEntranceActivity",
            "com.alipay.sdk.app.AlipayResultActivity",
            "com.alipay.sdk.app.H5AuthActivity",
            "com.alipay.sdk.app.H5OpenAuthActivity",
            "com.alipay.sdk.app.H5PayActivity",
            "com.alipay.sdk.app.PayResultActivity",
            "com.alipay.sdk.auth.AuthActivity",
            "com.android.bytedance.search.SearchActivity",
            "com.android.bytedance.search.gpt.ui.ChatGPTActivity",
            "com.android.bytedance.search.imagesearch.ImageSearchActivity",
            "com.android.bytedance.search.select.SearchSelectedActivity",
            "com.android.bytedance.search.topic.SearchTopicActivity",
            "com.android.bytedance.search.video.topic.MovieHistoryActivity",
            "com.android.bytedance.thirdpartyvideo.singleplayer.SinglePlayerActivity",
            "com.android.common_business.widget.FakeIconWidgetActivity",
            "com.android.common_business.widget.FeedWidgetActivity",
            "com.android.common_business.widget.FeedWidgetConfigure",
            "com.android.common_business.widget.HotDotWidgetActivity",
            "com.android.common_business.widget.VideoTabWidgetActivity",
            "com.android.ttcjpaysdk.base.auth.activity.CJPayRealNameAuthActivity",
            "com.android.ttcjpaysdk.base.framework.CJPayAlipaySignReturnActivity",
            "com.android.ttcjpaysdk.base.h5.CJPayChooseMediaCallBackActivity",
            "com.android.ttcjpaysdk.base.h5.CJPayH5Activity",
            "com.android.ttcjpaysdk.base.h5.ui.LynxActivity",
            "com.android.ttcjpaysdk.base.ui.dialog.CJPayLynxStandardKeepActivity",
            "com.android.ttcjpaysdk.bdpay.paymentmethod.ui.PaymentMethodActivity",
            "com.android.ttcjpaysdk.bdpay.security.loading.view.CJPaySecurityLoadingActivity",
            "com.android.ttcjpaysdk.bindcard.base.pay.CJPayNewCardActivity",
            "com.android.ttcjpaysdk.bindcard.base.ui.CJPaySmsCodeCheckActivity",
            "com.android.ttcjpaysdk.bindcard.base.ui.SetPwdActivity",
            "com.android.ttcjpaysdk.bindcard.base.ui.activity.AllBankSelectActivity",
            "com.android.ttcjpaysdk.facelive.view.CJPayFaceGuideActivity",
            "com.android.ttcjpaysdk.facelive.view.CJPayFaceLiveSignActivity",
            "com.android.ttcjpaysdk.integrated.counter.activity.CJPayCounterActivity",
            "com.android.ttcjpaysdk.integrated.counter.activity.IntegratedCounterActivity",
            "com.android.ttcjpaysdk.integrated.sign.counter.activity.SignCounterActivity",
            "com.android.ttcjpaysdk.ocr.activity.CJPayOCRActivity",
            "com.android.ttcjpaysdk.ocr.activity.CJPayOCRBankCardActivity",
            "com.android.ttcjpaysdk.ocr.activity.CJPayOCRIDCardActivity",
            "com.android.ttcjpaysdk.ocr.activity.CJPayOCRIdentityActivity",
            "com.android.ttcjpaysdk.thirdparty.activity.CJPayH5ActivateActivity",
            "com.android.ttcjpaysdk.thirdparty.activity.CJPayLimitErrorActivity",
            "com.android.ttcjpaysdk.thirdparty.agreement.activity.CJPayAgreementActivity",
            "com.android.ttcjpaysdk.thirdparty.counter.activity.CJPayCheckoutCounterActivity",
            "com.android.ttcjpaysdk.thirdparty.demo.DemoActivity",
            "com.android.ttcjpaysdk.thirdparty.fingerprint.CJPayInputPasswordActivity",
            "com.android.ttcjpaysdk.thirdparty.front.counter.activity.CJPayFrontETCounterActivity",
            "com.android.ttcjpaysdk.thirdparty.front.counter.activity.CJPayFrontStandardCounterActivity",
            "com.android.ttcjpaysdk.thirdparty.front.counter.activity.CJPayIncomeLynxOpenAccountActivity",
            "com.android.ttcjpaysdk.thirdparty.front.counter.dypay.activity.DyPayETActivity",
            "com.android.ttcjpaysdk.thirdparty.front.counter.dypay.activity.DyPayStandardActivity",
            "com.android.ttcjpaysdk.ttcjpayactivity.TTCJPayTransActivity",
            "com.bytedance.accountseal.view.BdAccountSealActivity",
            "com.bytedance.android.ec.hybrid.card.scan.ECLynxCardDebugActivity",
            "com.bytedance.android.live.broadcast.LiveBroadcastActivity",
            "com.bytedance.android.live.ecommerce.slidetab.ECAggrActivity",
            "com.bytedance.android.live_ecommerce.livelite.LiveLiteActivity",
            "com.bytedance.android.live_ecommerce.mall.component.activity.MallPageActivity",
            "com.bytedance.android.live_ecommerce.urihandler.TransparentActivity",
            "com.bytedance.android.live_ecommerce.vertify.MallLoginVerifyActivity",
            "com.bytedance.android.netdisk.main.app.main.NetDiskMainActivity",
            "com.bytedance.android.netdisk.main.app.main.pullback.PullBackBlockActivity",
            "com.bytedance.android.netdisk.main.app.main.pullback.PullbackActivity",
            "com.bytedance.android.netdisk.main.app.main.search.subpage.NetDiskSearchActivity",
            "com.bytedance.android.netdisk.main.app.main.subpage.NetDiskSubFolderActivity",
            "com.bytedance.android.netdisk.main.app.transfer.NetDiskTransferActivity",
            "com.bytedance.android.netdisk.main.app.transfer.speedup.NetDiskSpeedupActivity",
            "com.bytedance.android.openlive.env.LiveProjectSettingModeActivity",
            "com.bytedance.android.openlive.plugin.LivePlayerActivity",
            "com.bytedance.android.openlive.plugin.LiveStartActivity",
            "com.bytedance.android.openlive.plugin.LiveStartShellActivity",
            "com.bytedance.android.openlive.plugin.OpenLiveDummyActivity",
            "com.bytedance.article.ugc.postinnerimpl.PostStaggerDetailActivity",
            "com.bytedance.audio.b.immerse.NewAudioActivity",
            "com.bytedance.audio.b.page.AudioPlayerActivity",
            "com.bytedance.audio.page.AudioCommonPlayerActivity",
            "com.bytedance.basicmode.activity.BasicModeFeedActivity",
            "com.bytedance.basicmode.activity.BasicModeSettingActivity",
            "com.bytedance.basicmode.activity.DetailActivity",
            "com.bytedance.basicmode.activity.SearchActivity",
            "com.bytedance.bdauditsdkbase.permission.ui.PermissionMaskActivity",
            "com.bytedance.bdauditsdkbase.permission.ui.scene.GrantPermissionsActivity",
            "com.bytedance.bdinstall.migrate.MigrateDetectorActivity",
            "com.bytedance.bdp.app.interactgame.placeholder.InteractFARActivity",
            "com.bytedance.bdp.app.interactgame.placeholder.InteractHostProcessActivity0",
            "com.bytedance.bdp.app.interactgame.placeholder.InteractHostProcessActivity1",
            "com.bytedance.bdp.app.interactgame.placeholder.InteractHostProcessFloatActivity0",
            "com.bytedance.bdp.app.interactgame.placeholder.InteractHostProcessFloatActivity1",
            "com.bytedance.bdp.app.interactgame.placeholder.InteractHostStackProcessActivity0",
            "com.bytedance.bdp.app.interactgame.placeholder.InteractHostStackProcessActivity1",
            "com.bytedance.bdp.app.interactgame.placeholder.InteractHostStackProcessFloatActivity0",
            "com.bytedance.bdp.app.interactgame.placeholder.InteractHostStackProcessFloatActivity1",
            "com.bytedance.bdp.app.interactgame.placeholder.InteractProcessXActivity0",
            "com.bytedance.bdp.app.interactgame.placeholder.InteractProcessXActivity1",
            "com.bytedance.bdp.app.interactgame.placeholder.InteractProcessXFloatStyleActivity0",
            "com.bytedance.bdp.app.interactgame.placeholder.InteractProcessXFloatStyleActivity1",
            "com.bytedance.bdp.app.interactgame.placeholder.InteractProcessXHostStackActivity0",
            "com.bytedance.bdp.app.interactgame.placeholder.InteractProcessXHostStackActivity1",
            "com.bytedance.bdp.app.interactgame.placeholder.InteractProcessXHostStackFloatActivity0",
            "com.bytedance.bdp.app.interactgame.placeholder.InteractProcessXHostStackFloatActivity1",
            "com.bytedance.bdp.app.miniapp.se.business.pay.OnePixelPayActivity",
            "com.bytedance.bdp.app.miniapp.se.debug.NetworkToolboxActivity",
            "com.bytedance.bdp.app.miniapp.se.debug.ProjectSettingsActivity",
            "com.bytedance.bdp.app.miniapp.se.debug.SecurityDebugActivity",
            "com.bytedance.bdp.app.miniapp.se.facialverify.FacialVerifyProtocolActivity",
            "com.bytedance.bdp.app.miniapp.se.facialverify.OnePixelFacialVerifyActivity",
            "com.bytedance.bdp.app.miniapp.se.feedback.FeedbackRecordActivity",
            "com.bytedance.bdp.app.miniapp.se.feedback.entrance.FAQActivity",
            "com.bytedance.bdp.app.miniapp.se.permission.PrivacyAgreementActivity",
            "com.bytedance.bdp.app.miniapp.se.subscribe.SubscriptionSettingsActivity",
            "com.bytedance.bdp.bdpplatform.service.image.PreviewImageActivity",
            "com.bytedance.bdp.service.plug.image.fresco.PreviewImageFrescoActivity",
            "com.bytedance.bdp.unitycontainer.download.StarkNotification",
            "com.bytedance.bdp.unitycontainer.launch.UCLaunchActivity0",
            "com.bytedance.bdp.unitycontainer.launch.UCLaunchActivity1",
            "com.bytedance.bdp.unitycontainer.launch.UCLaunchActivity2",
            "com.bytedance.bdp.unitycontainer.launch.UCLaunchActivity3",
            "com.bytedance.bdturing.twiceverify.TwiceVerifyWebActivity",
            "com.bytedance.components.comment.commentlist.CommentListActivity",
            "com.bytedance.components.comment.completechat.CompleteDialogueActivity",
            "com.bytedance.components.comment.detail.CommentDetailActivity",
            "com.bytedance.components.comment.detail.digg.DiggActivity",
            "com.bytedance.components.comment.example.CommentTestActivity",
            "com.bytedance.components.picturepreview.BaseThumbPreviewActivity",
            "com.bytedance.gamecenter.ui.UriHandleActivity",
            "com.bytedance.gamecenter.ui.video.VideoPlayActivity",
            "com.bytedance.ies.bullet.base.ui.SimpleBulletContainerActivity",
            "com.bytedance.ies.outertest.cn.OuterTestGuideDialogActivity",
            "com.bytedance.ies.outertest.web.OuterTestWebActivity",
            "com.bytedance.learning.activity.LearningNewVideoDetailActivity",
            "com.bytedance.learning.activity.LearningVideoDetailActivity",
            "com.bytedance.lynx.webview.internal.TTWebSDKDebug",
            "com.bytedance.material.managepage.MaterialManageActivity",
            "com.bytedance.material.managepage.preview.MaterialPreviewActivity",
            "com.bytedance.material.mpimageupload.MpImageUploadActivity",
            "com.bytedance.mediachooser.MediaChooserActivity",
            "com.bytedance.mediachooser.ResultReturnActivity",
            "com.bytedance.mediachooser.image.ImagePreviewActivity",
            "com.bytedance.mediachooser.image.veimageedit.VEImageEditActivity",
            "com.bytedance.mediachooser.video.VideoPreviewActivity",
            "com.bytedance.minepage.page.function.MinePageFunctionListActivity",
            "com.bytedance.minepage.page.minetab.MineActivity",
            "com.bytedance.minigame.appbase.media.chooser.BdpMediaPickActivity",
            "com.bytedance.minigame.appbase.view.ViewWindowActivity",
            "com.bytedance.minigame.bdpplatform.service.image.PreviewImageActivity",
            "com.bytedance.minigame.service.plug.image.fresco.PreviewImageFrescoActivity",
            "com.bytedance.minigame.service.plug.image.picasso.PreviewImageActivity",
            "com.bytedance.mira.MiraErrorBackupActivity",
            "com.bytedance.mira.MiraPluginListActivity",
            "com.bytedance.mira.core.PluginLoadIndicator",
            "com.bytedance.mira.stub.PluginLoaderActivity",
            "com.bytedance.mira.stub.RedirectActivity",
            "com.bytedance.mira.stub.p0.StubSingleInstanceActivity1",
            "com.bytedance.mira.stub.p0.StubSingleInstanceActivity2",
            "com.bytedance.mira.stub.p0.StubSingleInstanceActivity3",
            "com.bytedance.mira.stub.p0.StubSingleInstanceActivity4",
            "com.bytedance.mira.stub.p0.StubSingleInstanceActivity5",
            "com.bytedance.mira.stub.p0.StubSingleTaskActivity1",
            "com.bytedance.mira.stub.p0.StubSingleTaskActivity2",
            "com.bytedance.mira.stub.p0.StubSingleTaskActivity3",
            "com.bytedance.mira.stub.p0.StubSingleTaskActivity4",
            "com.bytedance.mira.stub.p0.StubSingleTaskActivity5",
            "com.bytedance.mira.stub.p0.StubSingleTopActivity1",
            "com.bytedance.mira.stub.p0.StubSingleTopActivity2",
            "com.bytedance.mira.stub.p0.StubSingleTopActivity3",
            "com.bytedance.mira.stub.p0.StubSingleTopActivity4",
            "com.bytedance.mira.stub.p0.StubSingleTopActivity5",
            "com.bytedance.mira.stub.p0.StubStandardActivity1",
            "com.bytedance.mira.stub.p0.StubStandardActivity10",
            "com.bytedance.mira.stub.p0.StubStandardActivity2",
            "com.bytedance.mira.stub.p0.StubStandardActivity3",
            "com.bytedance.mira.stub.p0.StubStandardActivity4",
            "com.bytedance.mira.stub.p0.StubStandardActivity5",
            "com.bytedance.mira.stub.p0.StubStandardActivity6",
            "com.bytedance.mira.stub.p0.StubStandardActivity7",
            "com.bytedance.mira.stub.p0.StubStandardActivity8",
            "com.bytedance.mira.stub.p0.StubStandardActivity9",
            "com.bytedance.mira.stub.p0.StubTranslucentActivity",
            "com.bytedance.mira.stub.p1.StubSingleInstanceActivity1",
            "com.bytedance.mira.stub.p1.StubSingleInstanceActivity2",
            "com.bytedance.mira.stub.p1.StubSingleInstanceActivity3",
            "com.bytedance.mira.stub.p1.StubSingleTaskActivity1",
            "com.bytedance.mira.stub.p1.StubSingleTaskActivity2",
            "com.bytedance.mira.stub.p1.StubSingleTaskActivity3",
            "com.bytedance.mira.stub.p1.StubSingleTopActivity1",
            "com.bytedance.mira.stub.p1.StubSingleTopActivity2",
            "com.bytedance.mira.stub.p1.StubSingleTopActivity3",
            "com.bytedance.mira.stub.p1.StubStandardActivity1",
            "com.bytedance.mira.stub.p1.StubStandardActivity2",
            "com.bytedance.mira.stub.p1.StubStandardActivity3",
            "com.bytedance.mira.stub.p1.StubStandardActivity4",
            "com.bytedance.mira.stub.p1.StubStandardActivity5",
            "com.bytedance.mira.stub.p1.StubTranslucentActivity",
            "com.bytedance.news.ad.immersivedetail.ImmersiveDetailActivity",
            "com.bytedance.news.foundation.router.AppLinkActivity",
            "com.bytedance.news.schema.AdsAppActivity",
            "com.bytedance.news.schema.AdsAppActivity1",
            "com.bytedance.news.schema.SingleTaskAdsAppActivity",
            "com.bytedance.news.schema.TransparentAdsAppActivity",
            "com.bytedance.news.ug.luckycat.utils.MediaUtilsActivity",
            "com.bytedance.news.ug.luckycat.view.RedPacketActivity",
            "com.bytedance.news.ug.luckycat.widget.WidgetSchemeActivity",
            "com.bytedance.news.ug_common_biz.appwidget.UGWidgetTransformActivity",
            "com.bytedance.notification.activity.BannerActivity",
            "com.bytedance.notification.activity.PushBannerActivity",
            "com.bytedance.notification.activity.SmpBannerActivity",
            "com.bytedance.novel.audio.AudioActivity",
            "com.bytedance.novel.audio.view.floatview.NotificationTrampolineActivity",
            "com.bytedance.novel.container.activity.NovelContainerActivity",
            "com.bytedance.novel.container.activity.NovelContainerActivity",
            "com.bytedance.novel.view.NovelReaderActivity",
            "com.bytedance.ott.sourceui.api.plugin.CastSourceLandscapePluginLoadingActivity",
            "com.bytedance.ott.sourceui.api.plugin.CastSourcePluginLoadingActivity",
            "com.bytedance.praisedialoglib.ui.PraiseDialogActivity",
            "com.bytedance.push.alliance.partner.Activity21",
            "com.bytedance.push.alliance.partner.Activity22",
            "com.bytedance.push.alliance.partner.Activity23",
            "com.bytedance.push.notification.PassThoughActivity",
            "com.bytedance.push.notification.PushActivity",
            "com.bytedance.reparo.ReparoInfoActivity",
            "com.bytedance.safe.mode.internal.ui.SafeModeActivity",
            "com.bytedance.scene.ui.SceneContainerActivity",
            "com.bytedance.sdk.account.twice_verify.TwiceVerifyWebActivity",
            "com.bytedance.sdk.bdlynx.container.BDLynxActivity",
            "com.bytedance.sdk.open.aweme.mobile_auth.ui.DouYinAssociatedAuthActivity",
            "com.bytedance.sdk.open.aweme.mobile_auth.webview.WebViewActivity",
            "com.bytedance.sdk.open.douyin.ui.DouYinWebAuthorizeActivity",
            "com.bytedance.smallvideo.plugin.collection.CollectionActivity",
            "com.bytedance.stark.StarkPlayerActivity",
            "com.bytedance.ug.diversion.DyNewSearchActivity",
            "com.bytedance.ug.sdk.luckycat.container.impl.project.ProjectActivity",
            "com.bytedance.ug.sdk.luckycat.container.impl.view.JumpKllkActivity",
            "com.bytedance.ug.sdk.luckycat.impl.browser.LuckyCatBrowserActivity",
            "com.bytedance.ug.sdk.luckycat.impl.lynx.LuckyCatLynxActivity",
            "com.bytedance.ug.sdk.luckycat.impl.lynx.LuckyCatLynxTransparentActivity",
            "com.bytedance.ug.sdk.luckycat.impl.project.ProjectActivity",
            "com.bytedance.ug.sdk.luckycat.impl.view.JumpKllkActivity",
            "com.bytedance.ug.sdk.luckycat.library.ui.redpacket.RedPacketActivity",
            "com.bytedance.ug.sdk.luckydog.dataunion.api.DataUnionActivity",
            "com.bytedance.ug.sdk.luckydog.tokenunion.dataunion.DataUnionActivity",
            "com.bytedance.ug.share.font.FontAdjustActivity",
            "com.bytedance.ugc.UgcDetailInfoActivity",
            "com.bytedance.ugc.activity.DiggForwardActivity",
            "com.bytedance.ugc.aggr.UgcAggrListActivity",
            "com.bytedance.ugc.coterie.CoterieActivity",
            "com.bytedance.ugc.coterie.hitstoyimport.CoterieHistoryImportActivity",
            "com.bytedance.ugc.forum.innerfeed.ArticleInflowActivity",
            "com.bytedance.ugc.forum.topic.page.ConcernDetailActivity",
            "com.bytedance.ugc.forum.topic.page.ConcernEssenceListActivity",
            "com.bytedance.ugc.forum.topic.page.HotBoardDetailActivity",
            "com.bytedance.ugc.forum.widget.TTHotBoardMultiWidgetConfigure",
            "com.bytedance.ugc.forum.widget.TTHotBoardMultiWidgetForHonorConfigure",
            "com.bytedance.ugc.forum.widget.TTHotBoardMultiWidgetWithoutImageConfigure",
            "com.bytedance.ugc.forum.widget.TTHotBoardSingleWidgetConfigure",
            "com.bytedance.ugc.forum.widget.TTHotBoardSingleWidgetForHonorConfigure",
            "com.bytedance.ugc.forum.widget.TTHotBoardWidgetSchemaActivity",
            "com.bytedance.ugc.forum.widget.TTHotBoardWidgetSchemaWithSplashActivity",
            "com.bytedance.ugc.hot.board.LynxUrlDockerDebugActivity",
            "com.bytedance.ugc.implugin.contact.IMContactDialogActivity",
            "com.bytedance.ugc.implugin.feedback.view.FeedbackListActivity",
            "com.bytedance.ugc.innerfeed.impl.PostInnerFeedActivity",
            "com.bytedance.ugc.innerfeed.impl.detail.PostInnerDetailContentActivity",
            "com.bytedance.ugc.learning.activity.LearningNewVideoDetailActivity",
            "com.bytedance.ugc.learning.activity.LearningVideoDetailActivity",
            "com.bytedance.ugc.medialib.tt.main.TTVideoPublisherActivity",
            "com.bytedance.ugc.medialib.tt.music.ui.ChooseOnlineMusicActivity",
            "com.bytedance.ugc.medialib.tt.music.ui.CutMusicActivity",
            "com.bytedance.ugc.medialib.tt.page.ChooseCoverActivity",
            "com.bytedance.ugc.medialib.tt.page.CutVideoActivity",
            "com.bytedance.ugc.medialib.tt.page.VideoCoverPickActivity",
            "com.bytedance.ugc.medialib.tt.page.VideoEditPreviewActivity",
            "com.bytedance.ugc.medialib.tt.page.VideoNarrateActivity",
            "com.bytedance.ugc.medialib.tt.page.VideoNarrateActivity2",
            "com.bytedance.ugc.medialib.tt.page.VideoPreviewActivity",
            "com.bytedance.ugc.medialib.tt.page.VideoPreviewActivity2",
            "com.bytedance.ugc.medialib.tt.page.VideoPublishActivity",
            "com.bytedance.ugc.medialib.tt.preview.PreviewMediaChooserActivity",
            "com.bytedance.ugc.medialib.tt.xigua.activity.MediaChooserPublishActivity",
            "com.bytedance.ugc.medialib.tt.xigua.activity.NewVideoPreviewActivity",
            "com.bytedance.ugc.medialib.tt.xigua.activity.NewVideoPreviewActivity2",
            "com.bytedance.ugc.medialib.tt.xigua.activity.NewVideoPreviewActivity2",
            "com.bytedance.ugc.medialib.tt.xigua.activity.VideoActivitiesActivity",
            "com.bytedance.ugc.medialib.tt.xigua.activity.VideoCoverEditActivity",
            "com.bytedance.ugc.medialib.tt.xigua.activity.VideoCoverPickPublishActivity",
            "com.bytedance.ugc.medialib.tt.xigua.activity.VideoEditPublishActivity",
            "com.bytedance.ugc.medialib.tt.xigua.activity.VideoEditPublishActivity2",
            "com.bytedance.ugc.medialib.tt.xigua.activity.VideoEditPublishActivity2",
            "com.bytedance.ugc.message.NotificationListActivity",
            "com.bytedance.ugc.myaction.AggrSearchActivity",
            "com.bytedance.ugc.myaction.FavorCheckBoxActivity",
            "com.bytedance.ugc.myaction.FavorFolderActivity",
            "com.bytedance.ugc.myaction.MyActionAggrActivity",
            "com.bytedance.ugc.myaction.SubFavorActivity",
            "com.bytedance.ugc.profile.newmessage.MessageNotificationActivity",
            "com.bytedance.ugc.profile.newmessage.setting.MessageSettingActivity",
            "com.bytedance.ugc.profile.newmessage.setting.MessageSettingNextActivity",
            "com.bytedance.ugc.profile.newmessage.urgent.RequestUpdateUsersListActivity",
            "com.bytedance.ugc.profile.user.account.location.AreaSelectedActivity",
            "com.bytedance.ugc.profile.user.account.location.ProvinceSelectedActivity",
            "com.bytedance.ugc.profile.user.account.view.AccountBindActivity",
            "com.bytedance.ugc.profile.user.account.view.AccountCollegeSearchActivity",
            "com.bytedance.ugc.profile.user.account.view.AccountEditActivity",
            "com.bytedance.ugc.profile.user.account.view.AccountEditCollegeActivity",
            "com.bytedance.ugc.profile.user.account.view.TwiceFaceVerifyActivity",
            "com.bytedance.ugc.profile.user.account.view.UserDescProfileEditActivity",
            "com.bytedance.ugc.profile.user.account.view.UserNameProfileEditActivity",
            "com.bytedance.ugc.profile.user.profile.TouTiaoUserProfileActivity",
            "com.bytedance.ugc.profile.user.profile.avatar.AvatarPreviewActivity",
            "com.bytedance.ugc.profile.user.profile.avatar.DefaultAvatarActivity",
            "com.bytedance.ugc.profile.user.profile.record.PublishRecordActivity",
            "com.bytedance.ugc.profile.user.profile.search.MyFavorSearchActivity",
            "com.bytedance.ugc.profile.user.profile.search.UserProfileSearchActivity",
            "com.bytedance.ugc.profile.user.profile_guide.ProfileGuideActivity",
            "com.bytedance.ugc.profile.user.profile_guide.ProfileGuideActivityV2",
            "com.bytedance.ugc.profile.user.social_new.block.BlockUserActivity",
            "com.bytedance.ugc.profile.user.social_new.interaction.ProfileInteractionActivity",
            "com.bytedance.ugc.profile.user.social_new.root.NewProfileFriendActivity",
            "com.bytedance.ugc.profile.user.social_new.search.view.FollowSearchActivity",
            "com.bytedance.ugc.projectmode.settings.UGCSettingsActivity",
            "com.bytedance.ugc.publishaggr.AggrPublishActivity",
            "com.bytedance.ugc.publishcommon.aigc.aipainter.AIPainterActivity",
            "com.bytedance.ugc.publishcommon.aigc.aipainter.AIPainterChooserActivity",
            "com.bytedance.ugc.publishcommon.aigc.aipainter.AIPainterGuideActivity",
            "com.bytedance.ugc.publishcommon.aigc.aiwriter.AIWriterActivity",
            "com.bytedance.ugc.publishcommon.appraiser.AppraiserInvitationActivity",
            "com.bytedance.ugc.publishcommon.contact.app.MentionActivity",
            "com.bytedance.ugc.publishcommon.contact.app.MentionSearchActivity",
            "com.bytedance.ugc.publishcommon.coterie.TTCoterieEditDialogActivity",
            "com.bytedance.ugc.publishcommon.draft.PublishDraftActivity",
            "com.bytedance.ugc.publishcommon.imageedit.ImageEditChooserActivity",
            "com.bytedance.ugc.publishcommon.inject.PublishInfoInjectActivity",
            "com.bytedance.ugc.publishcommon.location.GeoLocChooseActivity",
            "com.bytedance.ugc.publishcommon.mediamaker.createactivity.pages.PublishPanelDetailPageActivity",
            "com.bytedance.ugc.publishcommon.mediamaker.entrance.inspire.InspireCenterActivity",
            "com.bytedance.ugc.publishcommon.mediamaker.hotboard.CreationHotBoardActivity",
            "com.bytedance.ugc.publishcommon.vote.VoteEditActivity",
            "com.bytedance.ugc.publishimpl.publish.creationcenter.CreationCenterActivity",
            "com.bytedance.ugc.publishimpl.publish.starorder.StarOrderListActivity",
            "com.bytedance.ugc.publishimpl.publish.starorder.StarOrderTransformActivity",
            "com.bytedance.ugc.publishwenda.DemoTestActivity",
            "com.bytedance.ugc.publishwenda.answer.UgcAnswerEditorActivity",
            "com.bytedance.ugc.publishwenda.article.PgcEditorActivity",
            "com.bytedance.ugc.publishwenda.article.cover.ArticleCoverActivity",
            "com.bytedance.ugc.publishwenda.original.activity.OriginalDetailActivity",
            "com.bytedance.ugc.publishwenda.tiwen.TiWenActivity",
            "com.bytedance.ugc.publishwtt.send.TTDialogHolderActivity",
            "com.bytedance.ugc.publishwtt.send.preview.TTSendPostPreviewActivity",
            "com.bytedance.ugc.relation.addfriend.AddFriendActivity",
            "com.bytedance.ugc.relation.addfriend.AddFriendCategoryActivity",
            "com.bytedance.ugc.relation.addfriend.ContactsFriendActivity",
            "com.bytedance.ugc.relation_list.impl.follow.FollowPageActivity",
            "com.bytedance.ugc.story.StoryActivity",
            "com.bytedance.ugc.ugc.thumb.view.ImThumbPreviewActivity",
            "com.bytedance.ugc.ugc.thumb.view.ThumbPreviewActivity",
            "com.bytedance.ugc.ugcdetail.history.PostHistoryActivity",
            "com.bytedance.ugc.ugcdockers.lynxcomment.LynxCommentActivity",
            "com.bytedance.ugc.wenda.activity.WDRootActivity",
            "com.bytedance.ugc.wenda.detail.slide.SlideAnswerDetailActivity",
            "com.bytedance.ugc.wenda.invitation.AnswerInvitationActivity",
            "com.bytedance.ugc.wenda.list.AnswerFoldListActivity",
            "com.bytedance.ugc.wenda.list.AnswerListActivity",
            "com.bytedance.ugc.wenda.search.activity.InviteUserSearchActivity",
            "com.bytedance.ugc.wenda.tiwen.TiWenActivity",
            "com.epicgames.ue4.SplashActivity",
            "com.huawei.hms.account.internal.ui.activity.AccountSignInHubActivity",
            "com.huawei.hms.activity.BridgeActivity",
            "com.huawei.hms.activity.EnableServiceActivity",
            "com.huawei.hms.hwid.internal.ui.activity.HwIdSignInHubActivity",
            "com.huawei.hms.support.api.push.TransActivity",
            "com.huawei.hwid.openapi.auth.WebAuthorizationActivity",
            "com.huawei.hwid.openapi.auth.dump.OpenDumpActivity",
            "com.huawei.hwid.openapi.update.ui.OtaDownloadActivity",
            "com.jdwx.sdk.JDAdBrowser",
            "com.minigame.miniapp.about.AboutActivity",
            "com.minigame.miniapp.about.MicroAppSubjectInfoActivity",
            "com.minigame.miniapp.activity.KeepActivity",
            "com.minigame.miniapp.activity.MoveHostFrontActivity",
            "com.minigame.miniapp.activity.OpenSchemaHostStackRelayActivity",
            "com.minigame.miniapp.activity.OpenSchemaRelayActivity",
            "com.minigame.miniapp.business.extra.launchapp.LaunchAppMiddleActivity",
            "com.minigame.miniapp.business.pay.OnePixelPayActivity",
            "com.minigame.miniapp.chooser.PickerActivity",
            "com.minigame.miniapp.chooser.PreviewActivity",
            "com.minigame.miniapp.document.AppbrandOpenDocumentActivity",
            "com.minigame.miniapp.facialverify.FacialVerifyProtocolActivity",
            "com.minigame.miniapp.facialverify.OnePixelFacialVerifyActivity",
            "com.minigame.miniapp.feedback.FeedbackRecordActivity",
            "com.minigame.miniapp.feedback.entrance.FAQActivity",
            "com.minigame.miniapp.map.AppbrandChooseLocationActivity",
            "com.minigame.miniapp.map.AppbrandMapActivity",
            "com.minigame.miniapp.permission.PermissionSettingActivity",
            "com.minigame.miniapp.settings.ProjectSettingsActivity",
            "com.minigame.miniapp.subscribe.SubscriptionSettingsActivity",
            "com.minigame.miniapphost.ad.ipc.AdIpcActivity",
            "com.minigame.miniapphost.placeholder.MiniGameActivity0",
            "com.minigame.miniapphost.placeholder.MiniGameActivity1",
            "com.minigame.miniapphost.placeholder.MiniGameActivity2",
            "com.minigame.miniapphost.placeholder.MiniGameActivity3",
            "com.minigame.miniapphost.placeholder.MiniGameActivity4",
            "com.minigame.miniapphost.placeholder.MiniGameFloatStyleActivity0",
            "com.minigame.miniapphost.placeholder.MiniGameFloatStyleActivity1",
            "com.minigame.miniapphost.placeholder.MiniGameFloatStyleActivity2",
            "com.minigame.miniapphost.placeholder.MiniGameFloatStyleActivity3",
            "com.minigame.miniapphost.placeholder.MiniGameFloatStyleActivity4",
            "com.minigame.miniapphost.placeholder.MiniGameFloatStyleHostStackActivity0",
            "com.minigame.miniapphost.placeholder.MiniGameFloatStyleHostStackActivity1",
            "com.minigame.miniapphost.placeholder.MiniGameFloatStyleHostStackActivity2",
            "com.minigame.miniapphost.placeholder.MiniGameFloatStyleHostStackActivity3",
            "com.minigame.miniapphost.placeholder.MiniGameFloatStyleHostStackActivity4",
            "com.minigame.miniapphost.placeholder.MiniGameInHostStackActivity0",
            "com.minigame.miniapphost.placeholder.MiniGameInHostStackActivity1",
            "com.minigame.miniapphost.placeholder.MiniGameInHostStackActivity2",
            "com.minigame.miniapphost.placeholder.MiniGameInHostStackActivity3",
            "com.minigame.miniapphost.placeholder.MiniGameInHostStackActivity4",
            "com.ss.android.ShowDialogActivity",
            "com.ss.android.account.activity.AddAccountActivity",
            "com.ss.android.account.activity.AuthorizeActivity",
            "com.ss.android.account.activity.DouyinEntryActivity",
            "com.ss.android.account.activity.NewDouyinEntryActivity",
            "com.ss.android.account.activity.SelectAreaCodeActivity",
            "com.ss.android.account.activity.WebAuthActivity",
            "com.ss.android.account.activity.mobile.MobileActivity",
            "com.ss.android.account.halfscreen.AccountHalfScreenLoginActivity",
            "com.ss.android.account.seal.SealDialogHolderActivity",
            "com.ss.android.account.v3.view.NewAccountLoginActivity",
            "com.ss.android.account.v3.view.TransparentAccountLoginActivity",
            "com.ss.android.ad.brandlist.AdBrandDetailActivity",
            "com.ss.android.ad.game.xplay.activity.AdCloudGamePlayActivity",
            "com.ss.android.ad.lp.AdLpBrowserActivity",
            "com.ss.android.ad.lynx.AdLynxLandingActivity",
            "com.ss.android.article.base.feature.app.browser.AdTaobaoBrowserActivity",
            "com.ss.android.article.base.feature.app.browser.MiscBrowserActivity",
            "com.ss.android.article.base.feature.app.jsbridge.alipay.AlipayResultActivity",
            "com.ss.android.article.base.feature.app.jsbridge.alipay.base.AlipayEntryActivity",
            "com.ss.android.article.base.feature.category.activity.CategoryActivity",
            "com.ss.android.article.base.feature.category.activity.CategoryExpandActivity",
            "com.ss.android.article.base.feature.educhannel.ui.DetailCardEntryActivity",
            "com.ss.android.article.base.feature.educhannel.ui.SelectGradeActivity",
            "com.ss.android.article.base.feature.isolation.view.IsolationActivity",
            "com.ss.android.article.base.feature.main.privacy.PrivacyDialogSettingActivity",
            "com.ss.android.article.base.feature.notification.SearchNotificationActivity",
            "com.ss.android.article.base.feature.notification.SearchNotificationSettingActivity",
            "com.ss.android.article.base.feature.plugin.WaitingActivity",
            "com.ss.android.article.base.feature.search.AddFriendSearchActivity",
            "com.ss.android.article.base.feature.search.widget.SearchWidgetTransformActivity",
            "com.ss.android.article.base.feature.ugc.stagger.impressiontool.UgcStaggerImpressionToolActivity",
            "com.ss.android.article.base.feature.ugc.story.StoryVideoActivity",
            "com.ss.android.article.base.feature.update.activity.UpdateDetailActivity",
            "com.ss.android.article.immersive.ArticleImmersiveActivity",
            "com.ss.android.article.news.activity.MainActivity",
            "com.ss.android.article.news.activity.SplashActivity",
            "com.ss.android.article.news.activity.StorageCleanTempActivity",
            "com.ss.android.article.news.bdopen.BdAuthorizeActivity",
            "com.ss.android.article.news.cmb.CMBPayEntryActivity",
            "com.ss.android.article.news.ddshare.DDShareActivity",
            "com.ss.android.article.news.douyinapi.DouYinEntryActivity",
            "com.ss.android.article.news.larkshare.LarkShareActivity",
            "com.ss.android.article.news.local.citylist.LocationListActivity",
            "com.ss.android.article.news.local.collect.view.LocalCollectActivity",
            "com.ss.android.article.news.local.news.ui.LocalNewsActivity",
            "com.ss.android.article.news.mute.activity.MuteUpgradeSettingActivity",
            "com.ss.android.article.news.wttsharesdk.WttShareActivity",
            "com.ss.android.article.news.wxapi.WXEntryActivity",
            "com.ss.android.article.news.wxapi.WXPayEntryActivity",
            "com.ss.android.article.news.wxapi.WXStubActivity",
            "com.ss.android.article.night.activity.NewNightModeActivity",
            "com.ss.android.browser.TranslucentBrowserActivity",
            "com.ss.android.browser.novel.NovelReaderActivity",
            "com.ss.android.caijing.cjpay.env.permission.PermissionHandlerActivity",
            "com.ss.android.caijing.stock.portal.PortalActivity",
            "com.ss.android.clean.CleanDialogActivity",
            "com.ss.android.common.app.permission.scene.ScenePermissionManageActivity",
            "com.ss.android.common.favor.view.FolderDialogActivity",
            "com.ss.android.common.favor.view.toast.FavorToastActivity",
            "com.ss.android.common.yuzhuang.PermissionActivity",
            "com.ss.android.common.yuzhuang.PolicyActivity",
            "com.ss.android.common.yuzhuang.ToutiaoPermissionActivity",
            "com.ss.android.detail.feature.detail2.audio.radio.RadioActivity",
            "com.ss.android.detail.feature.detail2.audio.view.notification.AudioNotificationTrampolineActivity",
            "com.ss.android.detail.feature.detail2.learning.activity.LearningArticleDetailActivity",
            "com.ss.android.detail.feature.detail2.learning.activity.LearningPreloadFunctionActivity",
            "com.ss.android.detail.feature.detail2.purchase.PurchaseBrowserActivity",
            "com.ss.android.detail.feature.detail2.view.DyNewDetailActivity",
            "com.ss.android.detail.feature.detail2.view.DyNewVideoDetailActivity",
            "com.ss.android.detail.feature.detail2.view.FloatDetailActivity",
            "com.ss.android.detail.feature.detail2.view.FloatNewDetailActivity",
            "com.ss.android.detail.feature.detail2.view.NewAudioDetailActivity",
            "com.ss.android.detail.feature.detail2.view.NewDetailActivity",
            "com.ss.android.detail.feature.detail2.view.NewVideoDetailActivity",
            "com.ss.android.deviceregister.AActivity",
            "com.ss.android.downloadlib.activity.AppInfoDialogActivity",
            "com.ss.android.downloadlib.activity.JumpKllkActivity",
            "com.ss.android.downloadlib.activity.TTDelegateActivity",
            "com.ss.android.downloadlib.addownload.compliance.AppDescriptionInfoActivity",
            "com.ss.android.downloadlib.addownload.compliance.AppDetailInfoActivity",
            "com.ss.android.downloadlib.addownload.compliance.AppPrivacyPolicyActivity",
            "com.ss.android.dypay.activity.DyPayEntranceActivity",
            "com.ss.android.dypay.activity.DyPayInstallGuideActivity",
            "com.ss.android.excitingvideo.ExcitingVideoActivity",
            "com.ss.android.fastconfig.ui.FloatWindowMenuActivity",
            "com.ss.android.flutter.SwipeBackFlutterAcitivity",
            "com.ss.android.gamecenter.GameCenterActivity",
            "com.ss.android.gameeditor.GameEditorActivity",
            "com.ss.android.im.activity.ChatActivity",
            "com.ss.android.im.activity.ControlSettingActivity",
            "com.ss.android.im.activity.MineMessageActivity",
            "com.ss.android.im.activity.StrangerMessageActivity",
            "com.ss.android.im.mainpage.MessageMainActivity",
            "com.ss.android.im.noticepage.MessageNoticeActivity",
            "com.ss.android.im.strangerpage.NewStrangerMessageActivity",
            "com.ss.android.list.news.activity.AudioNewsListActivity",
            "com.ss.android.livechat.chat.app.LiveChatActivity",
            "com.ss.android.livechat.view.LiveChatLoadingActivity",
            "com.ss.android.lockscreen.push.LockScreenPushGuideActivity",
            "com.ss.android.lockscreen.settings.LockScreenSettingActivity",
            "com.ss.android.lockscreen.settings.activitys.LockScreenIntroductionActivity",
            "com.ss.android.lockscreen.settings.activitys.LockScreenPreferenceActivity",
            "com.ss.android.lockscreen.view.LockScreenActivity",
            "com.ss.android.mine.BaseSettingActivity",
            "com.ss.android.mine.HotfixListActivity",
            "com.ss.android.mine.LandingSettingActivity",
            "com.ss.android.mine.PluginListActivity",
            "com.ss.android.mine.SaveUEntryActivity",
            "com.ss.android.mine.UgcStaggerCustomizeLandingActivity",
            "com.ss.android.mine.bigmode.BigModeIndicActivity",
            "com.ss.android.mine.download.view.DownloadCenterActivity",
            "com.ss.android.mine.historysection.view.MineHistoryDetailActivity",
            "com.ss.android.mine.minimalism.MinimalismSettingsActivity",
            "com.ss.android.mine.network.NetworkSettingsActivity",
            "com.ss.android.mine.notification.NotificationOtherSettingsActivity",
            "com.ss.android.mine.notification.NotificationSettingsActivity",
            "com.ss.android.mine.notification.PushNewsSettingsActivity",
            "com.ss.android.mine.productwindow.ProductWindowActivity",
            "com.ss.android.mine.safebrowser.SafeBrowserSettingsActivity",
            "com.ss.android.mine.safebrowser.manualblock.ManualBlockAdListActivity",
            "com.ss.android.module.verify_applog.AppLogVerifyTestKeyValueActivity",
            "com.ss.android.module.verify_applog.ApplogEventVerifyShowActivity",
            "com.ss.android.newmedia.activity.UpdateActivity",
            "com.ss.android.newmedia.activity.browser.BrowserActivity",
            "com.ss.android.newmedia.activity.browser.PortraitBrowserActivity",
            "com.ss.android.newmedia.feedback.view.FeedBackActivity",
            "com.ss.android.newmedia.message.lockscreen.LockScreenNotificationActivity",
            "com.ss.android.newsbaby.parentingtool.activity.ParentingToolActivity",
            "com.ss.android.offline.view.downloading.OffliningActivity",
            "com.ss.android.offline.view.manage.second.OfflineSecondActivity",
            "com.ss.android.offline.view.select.OfflineSelectActivity",
            "com.ss.android.offline.view.select.PSeriesDownloadMoreActivity",
            "com.ss.android.privacy.ContactInfoActivity",
            "com.ss.android.privacy.PersonalizedRecommendActivity",
            "com.ss.android.privacy.PrivacyInfoCollectActivity",
            "com.ss.android.privacy.PrivacySettingActivity",
            "com.ss.android.privacy.ScenePermissionManageActivity",
            "com.ss.android.privacy.WebsiteLocSettingActivity",
            "com.ss.android.privacy.WebsiteSettingActivity",
            "com.ss.android.profile.background.ProfileBgPreviewActivity",
            "com.ss.android.profile.image.DefaultBgImgActivity",
            "com.ss.android.pseries.PSeriesDetailActivity",
            "com.ss.android.publish.send.TTSendPostActivity",
            "com.ss.android.publisher.PublisherActivity",
            "com.ss.android.qrscan.barcodescanner.CaptureActivity",
            "com.ss.android.qrscan.barcodescanner.TextShowActivity",
            "com.ss.android.rn_scheme.activity.ReactNativeSchemeActivity",
            "com.ss.android.socialbase.appdownloader.view.DownloadTaskDeleteActivity",
            "com.ss.android.socialbase.appdownloader.view.JumpUnknownSourceActivity",
            "com.ss.android.splashad.splash.view.SplashAdActivity",
            "com.ss.android.splashad.splash.view.SplashAdPreviewActivity",
            "com.ss.android.template.debug.LynxRemoteDebugActivity",
            "com.ss.android.template.page.DefaultLynxActivity",
            "com.ss.android.template.page.MainLynxActivity",
            "com.ss.android.tma.bdp.view.BdpTransferActivity",
            "com.ss.android.tma.view.AppbrandShortcutActivity",
            "com.ss.android.tma.view.TmaPluginLoadingActivity",
            "com.ss.android.ugc.aweme.flowersdk.bullet.ui.CampaignBulletActivity",
            "com.ss.android.ugc.aweme.im.sdk.detail.EditGroupInfoActivity",
            "com.ss.android.ugc.aweme.im.sdk.detail.FriendChatDetailActivity",
            "com.ss.android.ugc.aweme.im.sdk.detail.GroupAnnouncementActivity",
            "com.ss.android.ugc.aweme.im.sdk.detail.GroupChatDetailActivity",
            "com.ss.android.ugc.aweme.im.sdk.detail.GroupChatMembersActivity",
            "com.ss.android.ugc.aweme.im.sdk.detail.GroupInfoEditActivity",
            "com.ss.android.ugc.aweme.im.sdk.group.GroupJoinDialogActivity",
            "com.ss.android.ugc.aweme.im.sdk.group.GroupListActivity",
            "com.ss.android.ugc.aweme.im.sdk.group.GroupMemberSelectActivity",
            "com.ss.android.ugc.aweme.im.sdk.module.stranger.StrangerListActivity",
            "com.ss.android.ugc.aweme.im.sdk.relations.RelationSelectActivity",
            "com.ss.android.ugc.detail.activity.TikTokActivity",
            "com.ss.android.update.UpdateProgressActivity",
            "com.ss.android.video.impl.common.pseries.ugchome.PSeriesListActivity",
            "com.ss.android.video.impl.feed.immersion.ImmerseDetailActivity",
            "com.ss.android.videoaddetail.VideoAdDetailActivity",
            "com.ss.android.videoaddetail.v2.VideoAdDetailActivityV2",
            "com.ss.android.xiagualongvideo.LongVideoFilterActivity",
            "com.ss.android.xiagualongvideo.category.LongCategoryActivity",
            "com.ss.android.xiagualongvideo.detail.LongVideoDetailActivity",
            "com.ss.android.xiagualongvideo.detail.LongVideoDetailActivityForLandscape",
            "com.ss.android.xiagualongvideo.page.LongPageActivity",
            "com.tencent.tinker.loader.hotplug.mira.stub.RedirectActivity",
            "com.tencent.tinker.loader.hotplug.mira.stub.p0.StubSingleInstanceActivity1",
            "com.tencent.tinker.loader.hotplug.mira.stub.p0.StubSingleInstanceActivity2",
            "com.tencent.tinker.loader.hotplug.mira.stub.p0.StubSingleInstanceActivity3",
            "com.tencent.tinker.loader.hotplug.mira.stub.p0.StubSingleInstanceActivity4",
            "com.tencent.tinker.loader.hotplug.mira.stub.p0.StubSingleInstanceActivity5",
            "com.tencent.tinker.loader.hotplug.mira.stub.p0.StubSingleTaskActivity1",
            "com.tencent.tinker.loader.hotplug.mira.stub.p0.StubSingleTaskActivity2",
            "com.tencent.tinker.loader.hotplug.mira.stub.p0.StubSingleTaskActivity3",
            "com.tencent.tinker.loader.hotplug.mira.stub.p0.StubSingleTaskActivity4",
            "com.tencent.tinker.loader.hotplug.mira.stub.p0.StubSingleTaskActivity5",
            "com.tencent.tinker.loader.hotplug.mira.stub.p0.StubSingleTopActivity1",
            "com.tencent.tinker.loader.hotplug.mira.stub.p0.StubSingleTopActivity2",
            "com.tencent.tinker.loader.hotplug.mira.stub.p0.StubSingleTopActivity3",
            "com.tencent.tinker.loader.hotplug.mira.stub.p0.StubSingleTopActivity4",
            "com.tencent.tinker.loader.hotplug.mira.stub.p0.StubSingleTopActivity5",
            "com.tencent.tinker.loader.hotplug.mira.stub.p0.StubStandardActivity1",
            "com.tencent.tinker.loader.hotplug.mira.stub.p0.StubStandardActivity10",
            "com.tencent.tinker.loader.hotplug.mira.stub.p0.StubStandardActivity2",
            "com.tencent.tinker.loader.hotplug.mira.stub.p0.StubStandardActivity3",
            "com.tencent.tinker.loader.hotplug.mira.stub.p0.StubStandardActivity4",
            "com.tencent.tinker.loader.hotplug.mira.stub.p0.StubStandardActivity5",
            "com.tencent.tinker.loader.hotplug.mira.stub.p0.StubStandardActivity6",
            "com.tencent.tinker.loader.hotplug.mira.stub.p0.StubStandardActivity7",
            "com.tencent.tinker.loader.hotplug.mira.stub.p0.StubStandardActivity8",
            "com.tencent.tinker.loader.hotplug.mira.stub.p0.StubStandardActivity9",
            "com.tencent.tinker.loader.hotplug.mira.stub.p0.StubTranslucentActivity",
            "com.tencent.tinker.loader.hotplug.mira.stub.p1.StubSingleInstanceActivity1",
            "com.tencent.tinker.loader.hotplug.mira.stub.p1.StubSingleInstanceActivity2",
            "com.tencent.tinker.loader.hotplug.mira.stub.p1.StubSingleInstanceActivity3",
            "com.tencent.tinker.loader.hotplug.mira.stub.p1.StubSingleTaskActivity1",
            "com.tencent.tinker.loader.hotplug.mira.stub.p1.StubSingleTaskActivity2",
            "com.tencent.tinker.loader.hotplug.mira.stub.p1.StubSingleTaskActivity3",
            "com.tencent.tinker.loader.hotplug.mira.stub.p1.StubSingleTopActivity1",
            "com.tencent.tinker.loader.hotplug.mira.stub.p1.StubSingleTopActivity2",
            "com.tencent.tinker.loader.hotplug.mira.stub.p1.StubSingleTopActivity3",
            "com.tencent.tinker.loader.hotplug.mira.stub.p1.StubStandardActivity1",
            "com.tencent.tinker.loader.hotplug.mira.stub.p1.StubStandardActivity2",
            "com.tencent.tinker.loader.hotplug.mira.stub.p1.StubStandardActivity3",
            "com.tencent.tinker.loader.hotplug.mira.stub.p1.StubStandardActivity4",
            "com.tencent.tinker.loader.hotplug.mira.stub.p1.StubStandardActivity5",
            "com.tencent.tinker.loader.hotplug.mira.stub.p1.StubTranslucentActivity",
            "com.tencent.tinker.loader.hotplug.mira.stub.p2.StubSingleInstanceActivity1",
            "com.tencent.tinker.loader.hotplug.mira.stub.p2.StubSingleInstanceActivity2",
            "com.tencent.tinker.loader.hotplug.mira.stub.p2.StubSingleInstanceActivity3",
            "com.tencent.tinker.loader.hotplug.mira.stub.p2.StubSingleTaskActivity1",
            "com.tencent.tinker.loader.hotplug.mira.stub.p2.StubSingleTaskActivity2",
            "com.tencent.tinker.loader.hotplug.mira.stub.p2.StubSingleTaskActivity3",
            "com.tencent.tinker.loader.hotplug.mira.stub.p2.StubSingleTopActivity1",
            "com.tencent.tinker.loader.hotplug.mira.stub.p2.StubSingleTopActivity2",
            "com.tencent.tinker.loader.hotplug.mira.stub.p2.StubSingleTopActivity3",
            "com.tencent.tinker.loader.hotplug.mira.stub.p2.StubStandardActivity1",
            "com.tencent.tinker.loader.hotplug.mira.stub.p2.StubStandardActivity2",
            "com.tencent.tinker.loader.hotplug.mira.stub.p2.StubStandardActivity3",
            "com.tencent.tinker.loader.hotplug.mira.stub.p2.StubStandardActivity4",
            "com.tencent.tinker.loader.hotplug.mira.stub.p2.StubStandardActivity5",
            "com.tencent.tinker.loader.hotplug.mira.stub.p2.StubTranslucentActivity",
            "com.tencent.tinker.loader.hotplug.mira.stub.p3.StubSingleInstanceActivity1",
            "com.tencent.tinker.loader.hotplug.mira.stub.p3.StubSingleInstanceActivity2",
            "com.tencent.tinker.loader.hotplug.mira.stub.p3.StubSingleInstanceActivity3",
            "com.tencent.tinker.loader.hotplug.mira.stub.p3.StubSingleTaskActivity1",
            "com.tencent.tinker.loader.hotplug.mira.stub.p3.StubSingleTaskActivity2",
            "com.tencent.tinker.loader.hotplug.mira.stub.p3.StubSingleTaskActivity3",
            "com.tencent.tinker.loader.hotplug.mira.stub.p3.StubSingleTopActivity1",
            "com.tencent.tinker.loader.hotplug.mira.stub.p3.StubSingleTopActivity2",
            "com.tencent.tinker.loader.hotplug.mira.stub.p3.StubSingleTopActivity3",
            "com.tencent.tinker.loader.hotplug.mira.stub.p3.StubStandardActivity1",
            "com.tencent.tinker.loader.hotplug.mira.stub.p3.StubStandardActivity2",
            "com.tencent.tinker.loader.hotplug.mira.stub.p3.StubStandardActivity3",
            "com.tencent.tinker.loader.hotplug.mira.stub.p3.StubStandardActivity4",
            "com.tencent.tinker.loader.hotplug.mira.stub.p3.StubStandardActivity5",
            "com.tencent.tinker.loader.hotplug.mira.stub.p3.StubTranslucentActivity",
            "com.tt.android.tmg.mgl.view.BdpTransferActivity",
            "com.tt.android.tmg.view.AppbrandShortcutActivity",
            "com.tt.android.tmg.view.TmgPluginLoadingActivity",
            "com.tt.appbrandimpl.ext.BindPhoneNumberActivity",
            "com.tt.appbrandimpl.ext.OpenBaoLiaoMiddleActivity",
            "com.tt.appbrandplugin.ext.FacialVerifyOnePixelActivity",
            "com.tt.appbrandplugin.ext.OnePixelPayActivity",
            "com.tt.miniapp.about.AboutActivity",
            "com.tt.miniapp.about.MicroAppSubjectInfoActivity",
            "com.tt.miniapp.activity.KeepActivity",
            "com.tt.miniapp.activity.MoveHostFrontActivity",
            "com.tt.miniapp.activity.OpenSchemaHostStackRelayActivity",
            "com.tt.miniapp.activity.OpenSchemaRelayActivity",
            "com.tt.miniapp.activity.TTWebViewLoadingActivity",
            "com.tt.miniapp.base.file.document.AppbrandOpenDocumentActivity",
            "com.tt.miniapp.business.extra.launchapp.LaunchAppMiddleActivity",
            "com.tt.miniapp.component.nativeview.rtc.MiniAppRtcActivity",
            "com.tt.miniapp.container.MiniAppContainerActivity0",
            "com.tt.miniapp.container.MiniAppContainerActivity1",
            "com.tt.miniapp.container.MiniAppContainerActivity2",
            "com.tt.miniapp.container.MiniAppContainerActivity3",
            "com.tt.miniapp.container.MiniAppContainerActivity4",
            "com.tt.miniapp.debug.push.PushRoomDebugActivity",
            "com.tt.miniapp.map.AppbrandChooseLocationActivity",
            "com.tt.miniapp.map.AppbrandMapActivity",
            "com.tt.miniapp.permission.PermissionSettingActivity",
            "com.tt.miniapphost.ad.ipc.AdIpcActivity",
            "com.tt.miniapphost.placeholder.MiniAppChildProcessMultiInsActivity0",
            "com.tt.miniapphost.placeholder.MiniAppChildProcessMultiInsActivity1",
            "com.tt.miniapphost.placeholder.MiniAppChildProcessMultiInsActivity2",
            "com.tt.miniapphost.placeholder.MiniAppChildProcessMultiInsActivity3",
            "com.tt.miniapphost.placeholder.MiniAppChildProcessMultiInsInHostStackActivity0",
            "com.tt.miniapphost.placeholder.MiniAppChildProcessMultiInsInHostStackActivity1",
            "com.tt.miniapphost.placeholder.MiniAppChildProcessMultiInsInHostStackActivity2",
            "com.tt.miniapphost.placeholder.MiniAppChildProcessMultiInsInHostStackActivity3",
            "com.tt.miniapphost.placeholder.MiniAppChildProcessMultiInsTransInHostStackActivity0",
            "com.tt.miniapphost.placeholder.MiniAppChildProcessMultiInsTransInHostStackActivity1",
            "com.tt.miniapphost.placeholder.MiniAppChildProcessMultiInsTransInHostStackActivity2",
            "com.tt.miniapphost.placeholder.MiniAppChildProcessMultiInsTransInHostStackActivity3",
            "com.tt.miniapphost.placeholder.MiniAppChildProcessMultiInsTranslucentActivity0",
            "com.tt.miniapphost.placeholder.MiniAppChildProcessMultiInsTranslucentActivity1",
            "com.tt.miniapphost.placeholder.MiniAppChildProcessMultiInsTranslucentActivity2",
            "com.tt.miniapphost.placeholder.MiniAppChildProcessMultiInsTranslucentActivity3",
            "com.tt.miniapphost.placeholder.MiniAppHostActivity0",
            "com.tt.miniapphost.placeholder.MiniAppHostActivity1",
            "com.tt.miniapphost.placeholder.MiniAppHostActivity2",
            "com.tt.miniapphost.placeholder.MiniAppHostActivity3",
            "com.tt.miniapphost.placeholder.MiniAppHostFloatStyleActivity0",
            "com.tt.miniapphost.placeholder.MiniAppHostFloatStyleActivity1",
            "com.tt.miniapphost.placeholder.MiniAppHostFloatStyleActivity2",
            "com.tt.miniapphost.placeholder.MiniAppHostFloatStyleActivity3",
            "com.tt.miniapphost.placeholder.MiniAppHostStackActivity0",
            "com.tt.miniapphost.placeholder.MiniAppHostStackActivity1",
            "com.tt.miniapphost.placeholder.MiniAppHostStackActivity2",
            "com.tt.miniapphost.placeholder.MiniAppHostStackActivity3",
            "com.tt.miniapphost.placeholder.MiniAppInHostStackActivity0",
            "com.tt.miniapphost.placeholder.MiniAppInHostStackActivity1",
            "com.tt.miniapphost.placeholder.MiniAppInHostStackActivity2",
            "com.tt.miniapphost.placeholder.MiniAppInHostStackActivity3",
            "com.tt.miniapphost.placeholder.MiniAppInHostStackActivity4",
            "com.tt.miniapphost.placeholder.MiniAppTransInHostStackActivity0",
            "com.tt.miniapphost.placeholder.MiniAppTransInHostStackActivity1",
            "com.tt.miniapphost.placeholder.MiniAppTransInHostStackActivity2",
            "com.tt.miniapphost.placeholder.MiniAppTransInHostStackActivity3",
            "com.tt.miniapphost.placeholder.MiniAppTransInHostStackActivity4",
            "com.tt.miniapphost.placeholder.MiniAppTranslucentActivity0",
            "com.tt.miniapphost.placeholder.MiniAppTranslucentActivity1",
            "com.tt.miniapphost.placeholder.MiniAppTranslucentActivity2",
            "com.tt.miniapphost.placeholder.MiniAppTranslucentActivity3",
            "com.tt.miniapphost.placeholder.MiniAppTranslucentActivity4",
            "com.tt.minigameimpl.ext.BindPhoneNumberActivity",
            "com.tt.minigameimpl.ext.OpenBaoLiaoMiddleActivity",
            "com.tt.minigameplugin.ext.FacialVerifyOnePixelActivity",
            "com.tt.minigameplugin.ext.OnePixelPayActivity",
            "com.ttlynx.projectmode.ComponentListActivity",
            "com.ttlynx.projectmode.LynxFilePreviewActivity",
            "com.ttlynx.projectmode.LynxProjectModeActivity",
            "com.ttlynx.projectmode.LynxTemplateListActivity",
            "com.ttlynx.projectmode.TemplateDemoActivity",
            "com.ttlynx.projectmode.componetnt.ComponentTestActivity",
            "com.ttlynx.projectmode.innerlynx.LynxTemplateActivity",
            "com.unity3d.player.UCPlayerActivity0",
            "com.unity3d.player.UCPlayerActivity1",
            "com.unity3d.player.UCPlayerActivity2",
            "com.unity3d.player.UCPlayerActivity3",
            "com.vivo.push.sdk.LinkProxyClientActivity",
            "com.xiaomi.mipush.sdk.NotificationClickedActivity"
        ],
        "services": [
            "androidx.room.MultiInstanceInvalidationService",
            "cn.jpush.android.service.DaemonService",
            "com.a.a.XmFgService21",
            "com.a.a.XmFgService22",
            "com.a.a.XmFgService23",
            "com.amap.api.location.APSService",
            "com.android.bytedance.search.tile.SearchTileService",
            "com.android.common_business.widget.FeedWidgetService",
            "com.android.common_business.widget.PullRedBadgeService",
            "com.baidu.location.f",
            "com.bytedance.android.livesdk.notification.AudioLiveService",
            "com.bytedance.android.openlive.service.OpenLiveRecordService",
            "com.bytedance.bdauditsdkbase.keepalive.AntiSurvivalService",
            "com.bytedance.bdauditsdkbase.keepalive.MainProcessChannelService",
            "com.bytedance.bdauditsdkbase.keepalive.MainProcessCrossProcessServiceForPushService",
            "com.bytedance.bdauditsdkbase.keepalive.MainProcessLogService",
            "com.bytedance.bdauditsdkbase.keepalive.MainProcessMainProcessWsChannelService",
            "com.bytedance.bdauditsdkbase.keepalive.MainProcessMsgDistributeService",
            "com.bytedance.bdauditsdkbase.keepalive.MainProcessNotifyService",
            "com.bytedance.bdauditsdkbase.keepalive.MainProcessUmengIntentService",
            "com.bytedance.bdauditsdkbase.keepalive.MainProcessWsChannelService",
            "com.bytedance.bdauditsdkbase.keepalive.MainProcessWsClientService",
            "com.bytedance.bdauditsdkbase.keepalive.MainProcessXMPushService",
            "com.bytedance.bdauditsdkbase.stub.p0.StubService",
            "com.bytedance.bdauditsdkbase.stub.p0.StubService1",
            "com.bytedance.bdauditsdkbase.stub.p0.StubService10",
            "com.bytedance.bdauditsdkbase.stub.p0.StubService11",
            "com.bytedance.bdauditsdkbase.stub.p0.StubService12",
            "com.bytedance.bdauditsdkbase.stub.p0.StubService13",
            "com.bytedance.bdauditsdkbase.stub.p0.StubService14",
            "com.bytedance.bdauditsdkbase.stub.p0.StubService15",
            "com.bytedance.bdauditsdkbase.stub.p0.StubService16",
            "com.bytedance.bdauditsdkbase.stub.p0.StubService17",
            "com.bytedance.bdauditsdkbase.stub.p0.StubService18",
            "com.bytedance.bdauditsdkbase.stub.p0.StubService19",
            "com.bytedance.bdauditsdkbase.stub.p0.StubService2",
            "com.bytedance.bdauditsdkbase.stub.p0.StubService3",
            "com.bytedance.bdauditsdkbase.stub.p0.StubService4",
            "com.bytedance.bdauditsdkbase.stub.p0.StubService5",
            "com.bytedance.bdauditsdkbase.stub.p0.StubService6",
            "com.bytedance.bdauditsdkbase.stub.p0.StubService7",
            "com.bytedance.bdauditsdkbase.stub.p0.StubService8",
            "com.bytedance.bdauditsdkbase.stub.p0.StubService9",
            "com.bytedance.bdauditsdkbase.stub.p1.StubService",
            "com.bytedance.bdauditsdkbase.stub.p1.StubService1",
            "com.bytedance.bdauditsdkbase.stub.p1.StubService2",
            "com.bytedance.bdauditsdkbase.stub.p1.StubService3",
            "com.bytedance.bdauditsdkbase.stub.p1.StubService4",
            "com.bytedance.bdauditsdkbase.stub.p1.StubService5",
            "com.bytedance.bdauditsdkbase.stub.p1.StubService6",
            "com.bytedance.bdauditsdkbase.stub.p1.StubService7",
            "com.bytedance.bdauditsdkbase.stub.p1.StubService8",
            "com.bytedance.bdauditsdkbase.stub.p1.StubService9",
            "com.bytedance.bdauditsdkbase.stub.p2.StubService",
            "com.bytedance.bdauditsdkbase.stub.p2.StubService1",
            "com.bytedance.bdauditsdkbase.stub.p3.StubService",
            "com.bytedance.bdauditsdkbase.stub.p3.StubService1",
            "com.bytedance.bdauditsdkbase.stub.p4.StubService",
            "com.bytedance.bdauditsdkbase.stub.p4.StubService1",
            "com.bytedance.bdp.app.interactgame.placeholder.InteractProcessXService",
            "com.bytedance.bdp.app.miniapp.se.feedback.FeedbackRecordService",
            "com.bytedance.bdp.bdpbase.ipc.MainDefaultIpcService",
            "com.bytedance.bdp.unitycontainer.download.SCDownloadService",
            "com.bytedance.bdp.unitycontainer.download.SCMainProcessService",
            "com.bytedance.bdp.unitycontainer.service.UcAppService200",
            "com.bytedance.bdp.unitycontainer.service.UcAppService201",
            "com.bytedance.bdp.unitycontainer.service.UcAppService202",
            "com.bytedance.bdp.unitycontainer.service.UcAppService203",
            "com.bytedance.common.process.service.CrossProcessServiceForMain",
            "com.bytedance.common.process.service.CrossProcessServiceForPush",
            "com.bytedance.common.process.service.CrossProcessServiceForPushService",
            "com.bytedance.common.process.service.CrossProcessServiceForSmp",
            "com.bytedance.common.wschannel.client.WsClientService",
            "com.bytedance.common.wschannel.server.MainProcessWsChannelService",
            "com.bytedance.common.wschannel.server.WsChannelService",
            "com.bytedance.ies.xelement.defaultimpl.player.impl.plugin.mediasession.session.MediaSessionService",
            "com.bytedance.minigame.bdpbase.ipc.extention.MainDefaultIpcService",
            "com.bytedance.mira.am.KeepAlive",
            "com.bytedance.mira.am.KeepAlive$InnerService",
            "com.bytedance.mira.stub.RedirectService",
            "com.bytedance.mira.stub.p0.StubService1",
            "com.bytedance.mira.stub.p0.StubService2",
            "com.bytedance.mira.stub.p0.StubService3",
            "com.bytedance.mira.stub.p0.StubService4",
            "com.bytedance.mira.stub.p1.StubService1",
            "com.bytedance.mira.stub.p1.StubService2",
            "com.bytedance.novel.audio.AudioService",
            "com.bytedance.org.chromium.content.app.PrivilegedProcessService0",
            "com.bytedance.org.chromium.content.app.PrivilegedProcessService1",
            "com.bytedance.org.chromium.content.app.PrivilegedProcessService2",
            "com.bytedance.org.chromium.content.app.PrivilegedProcessService3",
            "com.bytedance.org.chromium.content.app.PrivilegedProcessService4",
            "com.bytedance.org.chromium.content.app.SandboxedProcessService0",
            "com.bytedance.org.chromium.content.app.SandboxedProcessService1",
            "com.bytedance.org.chromium.content.app.SandboxedProcessService2",
            "com.bytedance.org.chromium.content.app.SandboxedProcessService3",
            "com.bytedance.org.chromium.content.app.SandboxedProcessService4",
            "com.bytedance.org.chromium.content.app.SandboxedProcessService5",
            "com.bytedance.org.chromium.content.app.SandboxedProcessService6",
            "com.bytedance.org.chromium.content.app.SandboxedProcessService7",
            "com.bytedance.org.chromium.content.app.SandboxedProcessService8",
            "com.bytedance.org.chromium.content.app.SandboxedProcessService9",
            "com.bytedance.privacy.proxy.ipc.DeviceInfoRemoteService",
            "com.bytedance.push.alliance.partner.Service1",
            "com.bytedance.push.alliance.partner.Service2",
            "com.bytedance.push.alliance.partner.Service3",
            "com.bytedance.push.service.PushProcessService",
            "com.bytedance.push.service.PushServiceProcessService",
            "com.bytedance.sdk.account.sync.AuthenticatorService",
            "com.bytedance.tt.video.core.background.play.MetaBackgroundPlayService",
            "com.bytedance.ugc.forum.widget.TTHotBoardWidgetService",
            "com.heytap.msp.push.service.CompatibleDataMessageCallbackService",
            "com.heytap.msp.push.service.DataMessageCallbackService",
            "com.heytap.msp.push.service.SmpCompatibleDataMessageCallbackService",
            "com.heytap.msp.push.service.SmpDataMessageCallbackService",
            "com.honor.HonorMessageListenerService",
            "com.huawei.MessageService",
            "com.huawei.agconnect.core.ServiceDiscovery",
            "com.huawei.hms.support.api.push.service.HmsMsgService",
            "com.ixigua.feature.video.player.background.BackgroundPlayService",
            "com.minigame.miniapphost.feedback.FeedbackRecordService",
            "com.minigame.miniapphost.placeholder.MiniappService0",
            "com.minigame.miniapphost.placeholder.MiniappService1",
            "com.minigame.miniapphost.placeholder.MiniappService2",
            "com.minigame.miniapphost.placeholder.MiniappService3",
            "com.minigame.miniapphost.placeholder.MiniappService4",
            "com.ss.android.alliance.DesktopIconMsgService",
            "com.ss.android.article.base.feature.main.RequestMobileService",
            "com.ss.android.article.base.feature.main.presenter.interactors.tabs.MiddleTabSwitchService",
            "com.ss.android.article.base.feature.notification.KeepNotificationClickedService",
            "com.ss.android.article.base.feature.notification.KeepNotificationService",
            "com.ss.android.article.base.feature.pushapps.PushAppHelper$PushNotificationClickedService",
            "com.ss.android.article.base.feature.search.widget.TTSearchWidgetService",
            "com.ss.android.article.news.mute.PatchProcessDetector$ResultService",
            "com.ss.android.detail.feature.detail2.audio.service.AudioService",
            "com.ss.android.http.OpenUrlService",
            "com.ss.android.im.service.RetryService",
            "com.ss.android.im.service.SyncReadService",
            "com.ss.android.im.service.TokenService",
            "com.ss.android.killself.RestartApplicationService",
            "com.ss.android.live.host.livehostimpl.BgBroadcastService",
            "com.ss.android.message.NotifyService",
            "com.ss.android.message.bangtui.BangTuiPushClickService",
            "com.ss.android.message.log.LogService",
            "com.ss.android.newmedia.BatchActionService",
            "com.ss.android.newmedia.feedback.tasks.LocalTestFeedbackService",
            "com.ss.android.newmedia.message.MessageHandler",
            "com.ss.android.newmedia.message.window.AlarmManagerScheduleService",
            "com.ss.android.newmedia.pay.WXPayService",
            "com.ss.android.newmedia.redbadge.RedBadgePushProcessService",
            "com.ss.android.newmedia.redbadge.RedbadgeHandler",
            "com.ss.android.newmedia.wschannel.htest.HTestService",
            "com.ss.android.smsreader.SmsRadarService",
            "com.ss.android.socialbase.appdownloader.DownloadHandlerService",
            "com.ss.android.socialbase.appdownloader.RetryJobSchedulerService",
            "com.ss.android.socialbase.downloader.downloader.DownloadService",
            "com.ss.android.socialbase.downloader.downloader.IndependentProcessDownloadService",
            "com.ss.android.socialbase.downloader.downloader.SqlDownloadCacheService",
            "com.ss.android.socialbase.downloader.impls.DownloadHandleService",
            "com.ss.android.socialbase.downloader.notification.DownloadNotificationService",
            "com.taobao.accs.ChannelService",
            "com.taobao.accs.ChannelService$KernelService",
            "com.taobao.accs.data.MsgDistributeService",
            "com.taobao.accs.internal.AccsJobService",
            "com.tencent.tinker.lib.service.DefaultTinkerResultService",
            "com.tencent.tinker.lib.service.TinkerPatchForeService",
            "com.tencent.tinker.lib.service.TinkerPatchService",
            "com.tencent.tinker.lib.service.TinkerPatchService$InnerService",
            "com.tencent.tinker.loader.hotplug.mira.am.KeepAlive",
            "com.tencent.tinker.loader.hotplug.mira.am.KeepAlive$InnerService",
            "com.tencent.tinker.loader.hotplug.mira.stub.RedirectService",
            "com.tencent.tinker.loader.hotplug.mira.stub.p0.StubService1",
            "com.tencent.tinker.loader.hotplug.mira.stub.p0.StubService2",
            "com.tencent.tinker.loader.hotplug.mira.stub.p0.StubService3",
            "com.tencent.tinker.loader.hotplug.mira.stub.p0.StubService4",
            "com.tencent.tinker.loader.hotplug.mira.stub.p0.StubService5",
            "com.tencent.tinker.loader.hotplug.mira.stub.p1.StubService1",
            "com.tencent.tinker.loader.hotplug.mira.stub.p1.StubService2",
            "com.tencent.tinker.loader.hotplug.mira.stub.p1.StubService3",
            "com.tencent.tinker.loader.hotplug.mira.stub.p2.StubService1",
            "com.tencent.tinker.loader.hotplug.mira.stub.p2.StubService2",
            "com.tencent.tinker.loader.hotplug.mira.stub.p2.StubService3",
            "com.tencent.tinker.loader.hotplug.mira.stub.p3.StubService1",
            "com.tencent.tinker.loader.hotplug.mira.stub.p3.StubService2",
            "com.tencent.tinker.loader.hotplug.mira.stub.p3.StubService3",
            "com.tt.appbrandimpl.audio.service.AudioNotificationService",
            "com.tt.miniapphost.placeholder.MiniAppChildProcessMultiInsService",
            "com.tt.miniapphost.placeholder.MiniappService0",
            "com.tt.miniapphost.placeholder.MiniappService1",
            "com.tt.miniapphost.placeholder.MiniappService2",
            "com.tt.miniapphost.placeholder.MiniappService3",
            "com.tt.miniapphost.placeholder.MiniappService4",
            "com.tt.minigameimpl.audio.service.AudioNotificationService",
            "com.umeng.message.UmengIntentService",
            "com.umeng.message.UmengMessageCallbackHandlerService",
            "com.umeng.message.UmengMessageIntentReceiverService",
            "com.umeng.message.XiaomiIntentService",
            "com.umeng.mini.UmengMessageHandler",
            "com.vivo.push.sdk.service.CommandClientService",
            "com.vivo.push.sdk.service.MainCommandClientService",
            "com.xiaomi.mipush.sdk.MessageHandleService",
            "com.xiaomi.mipush.sdk.PushMessageHandler",
            "com.xiaomi.mipush.sdk.SmpMessageHandleService",
            "com.xiaomi.mipush.sdk.SmpPushMessageHandler",
            "com.xiaomi.push.service.XMJobService",
            "com.xiaomi.push.service.XMPushService",
            "org.android.agoo.accs.AgooService",
            "org.chromium.content.app.SandboxedProcessService0",
            "org.chromium.content.app.SandboxedProcessService1",
            "org.chromium.content.app.SandboxedProcessService2",
            "org.chromium.content.app.SandboxedProcessService3",
            "org.chromium.content.app.SandboxedProcessService4",
            "org.chromium.content.app.SandboxedProcessService5",
            "org.chromium.content.app.SandboxedProcessService6",
            "org.chromium.content.app.SandboxedProcessService7",
            "org.chromium.content.app.SandboxedProcessService8",
            "org.chromium.content.app.SandboxedProcessService9"
        ],
        "receivers": [
            "com.a.b.SmpReceiver1",
            "com.a.b.SmpReceiver2",
            "com.a.b.SmpReceiver3",
            "com.android.common_business.widget.FakeIconWidgetProvider",
            "com.android.common_business.widget.FeedWidgetProvider",
            "com.android.common_business.widget.HotDotWidgetProvider",
            "com.android.common_business.widget.VideoTabWidgetProvider",
            "com.bytedance.applog.collector.Collector",
            "com.bytedance.ies.xelement.defaultimpl.player.impl.plugin.mediasession.MediaSessionReceiver",
            "com.bytedance.news.ad.base.download.DownloadReceiver",
            "com.bytedance.news.foundation.download.DownloadCompleteReceiver",
            "com.bytedance.news.ug.luckycat.widget.RedPacketWidgetProvider",
            "com.bytedance.news.ug.luckycat.widget.TreasureBoxWidgetProvider",
            "com.bytedance.notification.NotificationDeleteBroadcastReceiver",
            "com.bytedance.ugc.forum.widget.TTHotBoardMultiWidgetForHonorProvider",
            "com.bytedance.ugc.forum.widget.TTHotBoardMultiWidgetProvider",
            "com.bytedance.ugc.forum.widget.TTHotBoardMultiWidgetWithoutImageProvider",
            "com.bytedance.ugc.forum.widget.TTHotBoardSingleWidgetForHonorProvider",
            "com.bytedance.ugc.forum.widget.TTHotBoardSingleWidgetProvider",
            "com.google.ads.conversiontracking.InstallReceiver",
            "com.hihonor.push.sdk.PushReceiver",
            "com.huawei.hms.support.api.push.PushMsgReceiver",
            "com.huawei.hms.support.api.push.PushReceiver",
            "com.ss.android.article.base.feature.notification.SearchNotificationReceiver",
            "com.ss.android.article.base.feature.plugin.PluginReportReceiver",
            "com.ss.android.article.base.feature.search.widget.TTSearchWidgetWordProvider",
            "com.ss.android.article.base.feature.search.widget.TTSearchWidgetWordWithoutLogoProvider",
            "com.ss.android.article.base.feature.search.widget.TTWhiteSearchWordWidgetProvider",
            "com.ss.android.article.base.feature.search.widget.TTWhiteSearchWordWidgetWithoutLogoProvider",
            "com.ss.android.derivative.DownloadSuccessReceiver",
            "com.ss.android.derivative.NotificationActionBroadcastReceiver",
            "com.ss.android.detail.feature.detail2.audio.view.notification.HeadsetPlayControlReceiver",
            "com.ss.android.downloadlib.core.download.DownloadReceiver",
            "com.ss.android.message.bangtui.PackageUninstallReceiver",
            "com.ss.android.newmedia.wschannel.htest.HTestReportReceiver",
            "com.taobao.accs.EventReceiver",
            "com.taobao.accs.ServiceReceiver",
            "com.taobao.agoo.AgooCommondReceiver",
            "com.tencent.tinker.loader.hotplug.mira.stub.p0.StubReceiver",
            "com.tencent.tinker.loader.hotplug.mira.stub.p1.StubReceiver",
            "com.tencent.tinker.loader.hotplug.mira.stub.p2.StubReceiver",
            "com.tencent.tinker.loader.hotplug.mira.stub.p3.StubReceiver",
            "com.vivo.SmpVivoPushMessageReceiver",
            "com.vivo.VivoPushMessageReceiver",
            "com.xiaomi.push.service.receivers.MIPushMessageHandler",
            "com.xiaomi.push.service.receivers.PingReceiver",
            "com.xiaomi.push.service.receivers.SmpMIPushMessageHandler"
        ]
    },
    "stats": {
        "dex_count": 14,
        "native_lib_count": 101
    },
    "jadx": {
        "status": "timeout",
        "duration_sec": 600.07,
        "sources_present": false,
        "java_file_count": 0
    },
    "ast_analysis": {
        "location": 0,
        "microphone": 0,
        "camera": 0,
        "media_projection": 0,
        "dynamic_load": 0,
        "jni": 0
    },
    "analysis_state": "partial"
}