{
    "apk_name": "FA0853C9E7A49340100CB1E29969D8E790756393C142F4A8BA027B9FB5EA21A8",
    "sha256": "fa0853c9e7a49340100cb1e29969d8e790756393c142f4a8ba027b9fb5ea21a8",
    "metadata": {
        "package_name": "tw.com.taishinbank.richart",
        "version_code": "22905",
        "version_name": "2.29.5",
        "min_sdk": "21",
        "target_sdk": "30",
        "permissions": [
            "android.permission.ACCESS_COARSE_LOCATION",
            "android.permission.ACCESS_FINE_LOCATION",
            "android.permission.ACCESS_NETWORK_STATE",
            "android.permission.ACCESS_WIFI_STATE",
            "android.permission.CAMERA",
            "android.permission.GET_ACCOUNTS",
            "android.permission.INTERNET",
            "android.permission.MODIFY_AUDIO_SETTINGS",
            "android.permission.QUERY_ALL_PACKAGES",
            "android.permission.READ_CONTACTS",
            "android.permission.READ_EXTERNAL_STORAGE",
            "android.permission.RECORD_AUDIO",
            "android.permission.USE_BIOMETRIC",
            "android.permission.USE_CREDENTIALS",
            "android.permission.USE_FINGERPRINT",
            "android.permission.WAKE_LOCK",
            "android.permission.WRITE_EXTERNAL_STORAGE",
            "com.TSBank.api",
            "com.google.android.c2dm.permission.RECEIVE",
            "com.google.android.finsky.permission.BIND_GET_INSTALL_REFERRER_SERVICE",
            "tw.com.taishinbank.richart.permission.C2D_MESSAGE"
        ],
        "activities": [
            "androidx.biometric.DeviceCredentialHandlerActivity",
            "com.cardcam.cardcamdemo.CamActivity",
            "com.cardcam.cardcamdemo.MainActivity",
            "com.cardcam.cardcamdemo.OCRActivity",
            "com.changingtec.cgimagerecognitionsdk.ui.detect_activity.DetectActivity",
            "com.changingtec.cgimagerecognitionsdk.ui.detect_activity.LandscapeDetectActivity",
            "com.changingtec.cgimagerecognitionsdk.ui.detect_activity.PortraitDetectActivity",
            "com.changingtec.cgimagerecognitionsdk.ui.detect_preview_activity.DetectPreviewActivity",
            "com.changingtec.cgimagerecognitionsdk.ui.detect_preview_activity.LandscapeDetectPreviewActivity",
            "com.changingtec.cgimagerecognitionsdk.ui.detect_preview_activity.PortraitDetectPreviewActivity",
            "com.changingtec.cgimagerecognitionsdk.ui.detect_result_activity.DetectResultActivity",
            "com.changingtec.cgimagerecognitionsdk.ui.detect_result_activity.LandscapeDetectResultActivity",
            "com.changingtec.cgimagerecognitionsdk.ui.detect_result_activity.PortraitDetectResultActivity",
            "com.changingtec.cgimagerecognitionsdk.ui.detect_result_activity.secondarycertificate.DetectSecondaryCertificateResultActivity",
            "com.changingtec.cgimagerecognitionsdk.ui.detect_result_activity.secondarycertificate.LandscapeDetectSecondaryCertificateResultActivity",
            "com.changingtec.cgimagerecognitionsdk.ui.detect_result_activity.secondarycertificate.PortraitDetectSecondaryCertificateResultActivity",
            "com.cordovaView.CordovaViewActivity",
            "com.google.android.gms.common.api.GoogleApiActivity",
            "com.ibm.MFPLoadUrlActivity",
            "com.permission.PermissionRequestActivity",
            "com.qrcodescanner.RichartCaptureActivity",
            "com.qrcodescanner.journeyapps.barcodescanner.CaptureActivity",
            "com.vidyo.VidyoActivity",
            "com.worklight.common.WLSettingActivity",
            "com.worklight.wlclient.ui.UIActivity",
            "ky.OD",
            "ky.fX",
            "tw.com.taishinbank.richart.TSRichart"
        ],
        "services": [
            "com.firebase.jobdispatcher.GooglePlayReceiver",
            "com.google.android.gms.analytics.AnalyticsJobService",
            "com.google.android.gms.analytics.AnalyticsService",
            "com.google.android.gms.analytics.CampaignTrackingService",
            "com.google.android.gms.measurement.AppMeasurementJobService",
            "com.google.android.gms.measurement.AppMeasurementService",
            "com.google.firebase.components.ComponentDiscoveryService",
            "com.google.firebase.iid.FirebaseInstanceIdService",
            "com.google.firebase.messaging.FirebaseMessagingService",
            "ky.KR",
            "ky.nD"
        ],
        "receivers": [
            "com.google.android.gms.analytics.AnalyticsReceiver",
            "com.google.android.gms.analytics.CampaignTrackingReceiver",
            "com.google.android.gms.measurement.AppMeasurementInstallReferrerReceiver",
            "com.google.android.gms.measurement.AppMeasurementReceiver",
            "com.google.firebase.iid.FirebaseInstanceIdReceiver"
        ]
    },
    "stats": {
        "dex_count": 2,
        "native_lib_count": 15
    },
    "jadx": {
        "status": "ok",
        "duration_sec": 26.07,
        "sources_present": true,
        "java_file_count": 5398
    },
    "ast_analysis": {
        "location": 1,
        "microphone": 0,
        "camera": 41,
        "media_projection": 0,
        "dynamic_load": 0,
        "jni": 20
    },
    "analysis_state": "complete"
}