{
    "apk_name": "287B1EB9CC847B191A4BB727F74C90BF34AD66F7DCF8532DD107F886420848A5",
    "sha256": "287b1eb9cc847b191a4bb727f74c90bf34ad66f7dcf8532dd107f886420848a5",
    "metadata": {
        "package_name": "com.csii.sx.ui",
        "version_code": "43",
        "version_name": "3.3.3",
        "min_sdk": "19",
        "target_sdk": "28",
        "permissions": [
            "android.hardware.camera.autofocus",
            "android.permission.ACCESS_ALL_DOWNLOADS",
            "android.permission.ACCESS_ASSISTED_GPS",
            "android.permission.ACCESS_COARSE_LOCATION",
            "android.permission.ACCESS_DOWNLOAD_MANAGER",
            "android.permission.ACCESS_FINE_LOCATION",
            "android.permission.ACCESS_GPS",
            "android.permission.ACCESS_LOCATION",
            "android.permission.ACCESS_LOCATION_EXTRA_COMMANDS",
            "android.permission.ACCESS_NETWORK_STATE",
            "android.permission.ACCESS_WIFI_STATE",
            "android.permission.BLUETOOTH",
            "android.permission.BLUETOOTH_ADMIN",
            "android.permission.BROADCAST_STICKY",
            "android.permission.CALL_PHONE",
            "android.permission.CAMERA",
            "android.permission.CHANGE_NETWORK_STATE",
            "android.permission.CHANGE_WIFI_STATE",
            "android.permission.DOWNLOAD_WITHOUT_NOTIFICATION",
            "android.permission.EXPAND_STATUS_BAR",
            "android.permission.FLASHLIGHT",
            "android.permission.FOREGROUND_SERVICE",
            "android.permission.GET_TASKS",
            "android.permission.INSTALL_PACKAGES",
            "android.permission.INTERNET",
            "android.permission.KILL_BACKGROUND_PROCESSES",
            "android.permission.MODIFY_AUDIO_SETTINGS",
            "android.permission.MODIFY_PHONE_STATE",
            "android.permission.MOUNT_UNMOUNT_FILESYSTEMS",
            "android.permission.READ_CALENDAR",
            "android.permission.READ_CONTACTS",
            "android.permission.READ_EXTERNAL_STORAGE",
            "android.permission.READ_PHONE_STATE",
            "android.permission.READ_SMS",
            "android.permission.RECORD_AUDIO",
            "android.permission.REQUEST_INSTALL_PACKAGES",
            "android.permission.RESTART_PACKAGES",
            "android.permission.SEND_SMS",
            "android.permission.SYSTEM_ALERT_WINDOW",
            "android.permission.USE_FINGERPRINT",
            "android.permission.VIBRATE",
            "android.permission.WAKE_LOCK",
            "android.permission.WRITE_EXTERNAL_STORAGE",
            "android.permission.WRITE_SETTINGS",
            "com.fingerprints.service.ACCESS_FINGERPRINT_MANAGER",
            "com.samsung.android.providers.context.permission.WRITE_USE_APP_FEATURE_SURVEY"
        ],
        "activities": [
            "cn.com.csii.mobile.zxing.CaptureActivity",
            "com.csii.powerenter.PEKbdActivity",
            "com.csii.sx.ui.MainActivity",
            "com.csii.sx.ui.PrivacyActivity",
            "com.csii.sx.ui.ocr.CameraActivity",
            "com.csii.sx.ui.ocr.IdCardCameraActivity",
            "com.csii.sx.ui.wxapi.WXEntryActivity",
            "com.mob.tools.MobUIShell",
            "com.sensetime.liveness.motion.MotionLivenessActivity",
            "com.xuexiang.xupdate.widget.UpdateDialogActivity",
            "com.xuexiang.xutil.system.PermissionUtils$PermissionActivity",
            "essclib.esscpermission.bridge.BridgeActivity",
            "hc.mhis.paic.com.essclibrary.activity.ESSCFaceDetectActivity",
            "hc.mhis.paic.com.essclibrary.activity.ESSCMainActivity",
            "hc.mhis.paic.com.essclibrary.activity.ESSCScanCodeActivity",
            "tech.madp.core.DefaultActivity",
            "tech.madp.core.TranslucentActivity",
            "tech.madp.core.TranslucentWithHeightActivity",
            "tech.madp.core.WebActivity",
            "tech.madp.core.WeexActivity",
            "tech.madp.core.permission.PermissionActivity"
        ],
        "services": [
            "com.amap.api.location.APSService",
            "com.baidu.location.f",
            "com.xuexiang.xupdate.service.DownloadService"
        ],
        "receivers": [
            "com.taobao.weex.WXGlobalEventReceiver"
        ],
        "permission_details": {
            "android.hardware.camera.autofocus": "unknown",
            "android.permission.ACCESS_ALL_DOWNLOADS": "unknown",
            "android.permission.ACCESS_ASSISTED_GPS": "unknown",
            "android.permission.ACCESS_COARSE_LOCATION": "dangerous",
            "android.permission.ACCESS_DOWNLOAD_MANAGER": "unknown",
            "android.permission.ACCESS_FINE_LOCATION": "dangerous",
            "android.permission.ACCESS_GPS": "unknown",
            "android.permission.ACCESS_LOCATION": "unknown",
            "android.permission.ACCESS_LOCATION_EXTRA_COMMANDS": "normal",
            "android.permission.ACCESS_NETWORK_STATE": "normal",
            "android.permission.ACCESS_WIFI_STATE": "normal",
            "android.permission.BLUETOOTH": "normal",
            "android.permission.BLUETOOTH_ADMIN": "normal",
            "android.permission.BROADCAST_STICKY": "normal",
            "android.permission.CALL_PHONE": "dangerous",
            "android.permission.CAMERA": "dangerous",
            "android.permission.CHANGE_NETWORK_STATE": "normal",
            "android.permission.CHANGE_WIFI_STATE": "normal",
            "android.permission.DOWNLOAD_WITHOUT_NOTIFICATION": "unknown",
            "android.permission.EXPAND_STATUS_BAR": "normal",
            "android.permission.FLASHLIGHT": "unknown",
            "android.permission.FOREGROUND_SERVICE": "normal",
            "android.permission.GET_TASKS": "unlaballed",
            "android.permission.INSTALL_PACKAGES": "unlaballed",
            "android.permission.INTERNET": "normal",
            "android.permission.KILL_BACKGROUND_PROCESSES": "normal",
            "android.permission.MODIFY_AUDIO_SETTINGS": "normal",
            "android.permission.MODIFY_PHONE_STATE": "unlaballed",
            "android.permission.MOUNT_UNMOUNT_FILESYSTEMS": "unlaballed",
            "android.permission.READ_CALENDAR": "dangerous",
            "android.permission.READ_CONTACTS": "dangerous",
            "android.permission.READ_EXTERNAL_STORAGE": "dangerous",
            "android.permission.READ_PHONE_STATE": "dangerous",
            "android.permission.READ_SMS": "dangerous",
            "android.permission.RECORD_AUDIO": "dangerous",
            "android.permission.REQUEST_INSTALL_PACKAGES": "signature",
            "android.permission.RESTART_PACKAGES": "unlaballed",
            "android.permission.SEND_SMS": "dangerous",
            "android.permission.SYSTEM_ALERT_WINDOW": "signature",
            "android.permission.USE_FINGERPRINT": "normal",
            "android.permission.VIBRATE": "normal",
            "android.permission.WAKE_LOCK": "normal",
            "android.permission.WRITE_EXTERNAL_STORAGE": "dangerous",
            "android.permission.WRITE_SETTINGS": "signature",
            "com.fingerprints.service.ACCESS_FINGERPRINT_MANAGER": "unknown",
            "com.samsung.android.providers.context.permission.WRITE_USE_APP_FEATURE_SURVEY": "unknown"
        },
        "risk_counts": {
            "unknown": 10,
            "dangerous": 12,
            "normal": 16,
            "unlaballed": 5,
            "signature": 3
        }
    },
    "stats": {
        "dex_count": 1,
        "native_lib_count": 44
    },
    "jadx": {
        "status": "ok",
        "duration_sec": 2.67,
        "sources_present": true,
        "java_file_count": 8
    },
    "ast_analysis": {
        "location": 0,
        "microphone": 0,
        "camera": 0,
        "media_projection": 0,
        "dynamic_load": 0,
        "jni": 1
    },
    "analysis_state": "complete"
}