{
    "apk_name": "E43195162F3C39320FC279E1CF43A5B610EFE89A607110EF20DC877CCEC14706",
    "sha256": "e43195162f3c39320fc279e1cf43a5b610efe89a607110ef20dc877ccec14706",
    "metadata": {
        "package_name": "com.linkedin.android",
        "version_code": "111207000",
        "version_name": "6.1.2",
        "min_sdk": "21",
        "target_sdk": "29",
        "permissions": [
            "android.permission.ACCESS_NETWORK_STATE",
            "android.permission.ACCESS_WIFI_STATE",
            "android.permission.AUTHENTICATE_ACCOUNTS",
            "android.permission.CAMERA",
            "android.permission.CHANGE_NETWORK_STATE",
            "android.permission.CHANGE_WIFI_STATE",
            "android.permission.FOREGROUND_SERVICE",
            "android.permission.GET_TASKS",
            "android.permission.INTERNET",
            "android.permission.MANAGE_ACCOUNTS",
            "android.permission.READ_CALENDAR",
            "android.permission.READ_EXTERNAL_STORAGE",
            "android.permission.READ_PHONE_STATE",
            "android.permission.READ_SYNC_SETTINGS",
            "android.permission.RECEIVE_BOOT_COMPLETED",
            "android.permission.REQUEST_INSTALL_PACKAGES",
            "android.permission.VIBRATE",
            "android.permission.WAKE_LOCK",
            "android.permission.WRITE_EXTERNAL_STORAGE",
            "android.permission.WRITE_SETTINGS",
            "android.permission.WRITE_SYNC_SETTINGS",
            "com.android.vending.BILLING",
            "com.asus.msa.SupplementaryDID.ACCESS",
            "com.coloros.mcs.permission.RECIEVE_MCS_MESSAGE",
            "com.google.android.c2dm.permission.RECEIVE",
            "com.google.android.finsky.permission.BIND_GET_INSTALL_REFERRER_SERVICE",
            "com.heytap.mcs.permission.RECIEVE_MCS_MESSAGE",
            "com.huawei.appmarket.service.commondata.permission.GET_COMMON_DATA",
            "com.linkedin.android.permission.C2D_MESSAGE",
            "com.linkedin.android.permission.MIPUSH_RECEIVE",
            "com.linkedin.android.permission.PROCESS_PUSH_MSG",
            "com.linkedin.android.permission.PUSH_PROVIDER",
            "com.vivo.notification.permission.BADGE_ICON",
            "freemme.permission.msa",
            "getui.permission.GetuiService.com.linkedin.android"
        ],
        "activities": [
            "com.android.billingclient.api.ProxyBillingActivity",
            "com.chuanglan.shanyan_sdk.view.CmccLoginActivity",
            "com.google.android.gms.ads.AdActivity",
            "com.google.android.gms.auth.api.signin.internal.SignInHubActivity",
            "com.google.android.gms.common.api.GoogleApiActivity",
            "com.huawei.hms.activity.BridgeActivity",
            "com.huawei.hms.activity.EnableServiceActivity",
            "com.huawei.updatesdk.service.otaupdate.AppUpdateActivity",
            "com.huawei.updatesdk.support.pm.PackageInstallerActivity",
            "com.igexin.sdk.GActivity",
            "com.igexin.sdk.PushActivity",
            "com.linkedin.android.authenticator.LaunchActivity",
            "com.linkedin.android.authenticator.RealLaunchActivity",
            "com.linkedin.android.career.careerinsights.CareerInsightsVotingActivity",
            "com.linkedin.android.career.careerpath.CareerPathActivity",
            "com.linkedin.android.career.careerpath.CareerPathOccupationListActivity",
            "com.linkedin.android.career.questionanswer.InviteAnswerActivity",
            "com.linkedin.android.career.questionanswer.QuestionAnswerActivity",
            "com.linkedin.android.career.questionanswer.invitetoanswer.InviteToAnswerActivity",
            "com.linkedin.android.dev.settings.OverlaySettingsActivity",
            "com.linkedin.android.developer.OAuthTokenHelperActivity",
            "com.linkedin.android.entities.company.controllers.CompanyActivity",
            "com.linkedin.android.entities.job.controllers.JobActivity",
            "com.linkedin.android.entities.jobsearchalert.JobSearchAlertActivity",
            "com.linkedin.android.entities.jymbii.JymbiiActivity",
            "com.linkedin.android.feed.conversation.commentdetail.CommentDetailActivity",
            "com.linkedin.android.feed.conversation.likesdetail.LikesDetailActivity",
            "com.linkedin.android.feed.conversation.socialdrawer.SocialDrawerActivity",
            "com.linkedin.android.feed.conversation.updatedetail.FeedUpdateDetailActivity",
            "com.linkedin.android.feed.conversation.votedetail.FeedVoteDetailActivity",
            "com.linkedin.android.feed.follow.preferences.followershub.FollowersHubActivity",
            "com.linkedin.android.feed.follow.preferences.followhubv2.FollowHubV2Activity",
            "com.linkedin.android.feed.follow.preferences.unfollowhub.UnfollowHubActivity",
            "com.linkedin.android.feed.interest.contenttopic.FeedContentTopicActivity",
            "com.linkedin.android.feed.interest.plaza.FeedInterestPlazaActivity",
            "com.linkedin.android.feed.page.aggregate.AggregateActivity",
            "com.linkedin.android.feed.page.campaign.FeedCampaignActivity",
            "com.linkedin.android.feed.page.hashtag.FeedHashTagSelectActivity",
            "com.linkedin.android.feed.page.hashtag.FeedHashTagTopCreatorActivity",
            "com.linkedin.android.feed.page.imagegallery.FeedImageGalleryActivity",
            "com.linkedin.android.feed.revenue.gdpr.GdprFeedModalActivity",
            "com.linkedin.android.feed.revenue.leadgen.FeedLeadGenFormActivity",
            "com.linkedin.android.feed.revenue.video.FeedSponsoredVideoActivity",
            "com.linkedin.android.growth.abi.AbiActivity",
            "com.linkedin.android.growth.abi.nearby_people_v2.NearbyV2Activity",
            "com.linkedin.android.growth.boost.BoostActivity",
            "com.linkedin.android.growth.gift.JobSeekingGiftActivity",
            "com.linkedin.android.growth.guest.AdsToGuestActivity",
            "com.linkedin.android.growth.launchpadv2.secondary.LaunchpadSecondaryActivity",
            "com.linkedin.android.growth.login.LoginActivity",
            "com.linkedin.android.growth.onboarding.OnboardingActivity",
            "com.linkedin.android.growth.onboarding.SingleStepOnboardingActivity",
            "com.linkedin.android.growth.onboarding.rbmf.RebuildMyFeedActivity",
            "com.linkedin.android.growth.prenium.LiteMemberActivity",
            "com.linkedin.android.growth.samsung.SamsungSyncConsentActivity",
            "com.linkedin.android.growth.seo.samename.SameNameDirectoryActivity",
            "com.linkedin.android.growth.smsreminderconsent.SmsReminderConsentActivity",
            "com.linkedin.android.growth.takeover.TakeoverActivity",
            "com.linkedin.android.home.HomeActivity",
            "com.linkedin.android.identity.edit.stockimages.ProfileBackgroundStockImageActivity",
            "com.linkedin.android.identity.marketplace.OpportunityMarketplaceActivity",
            "com.linkedin.android.identity.me.coupon.CouponListActivity",
            "com.linkedin.android.identity.me.notifications.AppreciationActivity",
            "com.linkedin.android.identity.me.notifications.NotificationsActivity",
            "com.linkedin.android.identity.me.notifications.cards.IntentProxyActivity",
            "com.linkedin.android.identity.me.notifications.contextualresponse.ContextualResponseActivity",
            "com.linkedin.android.identity.me.notifications.settings.NotificationSettingActivity",
            "com.linkedin.android.identity.me.portal.MoreItemsAtMePortalActivity",
            "com.linkedin.android.identity.me.sesamecredit.SesameBasicInfoCollectActivity",
            "com.linkedin.android.identity.me.shared.actorlist.MeActorListActivity",
            "com.linkedin.android.identity.me.shared.aggregatecardlist.NotificationsAggregateActivity",
            "com.linkedin.android.identity.me.shared.profilehost.MeProfileHostActivity",
            "com.linkedin.android.identity.me.wvmp.WvmpActivity",
            "com.linkedin.android.identity.me.wvmp.privatemode.WvmpPrivateModeActivity",
            "com.linkedin.android.identity.profile.reputation.edit.skills.ProfileSkillsEditHostActivity",
            "com.linkedin.android.identity.profile.reputation.pendingendorsement.PendingEndorsementActivity",
            "com.linkedin.android.identity.profile.reputation.view.recentactivity.detail.ProfileRecentActivityHostActivity",
            "com.linkedin.android.identity.profile.reputation.view.recentactivity.redesignv2.ProfileRecentActivityV2HostActivity",
            "com.linkedin.android.identity.profile.reputation.view.recommendations.ProfileRecommendationActivity",
            "com.linkedin.android.identity.profile.reputation.view.saveditems.SavedItemsActivity",
            "com.linkedin.android.identity.profile.self.edit.treasury.linkpicker.ProfileTreasuryLinkPickerActivity",
            "com.linkedin.android.identity.profile.self.guidededit.infra.GuidedEditActivity",
            "com.linkedin.android.identity.profile.self.guidededit.photofiltereducation.PhotoFilterEducationActivity",
            "com.linkedin.android.identity.profile.self.view.treasury.detail.TreasuryViewerActivity",
            "com.linkedin.android.identity.profile.shared.edit.ProfileEditHostActivity",
            "com.linkedin.android.identity.profile.shared.view.ProfileSingleFragmentActivity",
            "com.linkedin.android.identity.profile.shared.view.ProfileViewActivity",
            "com.linkedin.android.identity.profile.view.gamification.ProfileGamificationActivity",
            "com.linkedin.android.identity.reward.RewardCardActivity",
            "com.linkedin.android.identity.reward.RewardCardsMainPageActivity",
            "com.linkedin.android.identity.scholarship.ScholarshipActivity",
            "com.linkedin.android.identity.zephyrguidededit.GuidedEditV2Activity",
            "com.linkedin.android.infra.DevTeamActivity",
            "com.linkedin.android.infra.experimental.navigation.MainActivity",
            "com.linkedin.android.infra.shared.CameraActivity",
            "com.linkedin.android.infra.ui.imageselector.FullScreenImageActivity",
            "com.linkedin.android.infra.ui.imageselector.ImageSelectorActivity",
            "com.linkedin.android.infra.ui.imageviewer.InfraImageViewerActivity",
            "com.linkedin.android.infra.webviewer.WebRouterActivity",
            "com.linkedin.android.infra.webviewer.WebViewerActivity",
            "com.linkedin.android.infra.zephyrDialog.ShareDialogActivity",
            "com.linkedin.android.infra.zephyrDialog.WeChatMiniProgramActivity",
            "com.linkedin.android.jobs.JobsMainActivity",
            "com.linkedin.android.jobs.categories.JobsCategoriesActivity",
            "com.linkedin.android.jobs.manager.ZephyrJobsManagerDetailActivity",
            "com.linkedin.android.jobs.preference.JobsPreferenceActivity",
            "com.linkedin.android.jobs.review.CompanyReviewViewAllActivity",
            "com.linkedin.android.jobs.review.company.CompanyReviewCompanyActivity",
            "com.linkedin.android.jobs.review.cr.CompanyReflectionActivity",
            "com.linkedin.android.jobs.review.cr.CompanyReflectionComposeActivity",
            "com.linkedin.android.jobs.review.cr.CompanyReflectionInviteActivity",
            "com.linkedin.android.jobs.review.review.CompanyReviewReviewActivity",
            "com.linkedin.android.jobs.review.selector.CompanyReviewCompanySelectorActivity",
            "com.linkedin.android.jobs.review.topic.CompanyReviewTopicActivity",
            "com.linkedin.android.jobs.salary.SalaryActivity",
            "com.linkedin.android.jobs.salary.SalaryInsightsInfoActivity",
            "com.linkedin.android.jobs.savedsearch.JobSavedSearchResultListActivity",
            "com.linkedin.android.l2m.deeplink.CustomDeepLinkHelperActivity",
            "com.linkedin.android.l2m.deeplink.DeepLinkHelperActivity",
            "com.linkedin.android.l2m.deeplink.DeeplinkPushEntranceActivity",
            "com.linkedin.android.l2m.notification.PushSettingsReenablementActivity",
            "com.linkedin.android.l2m.shortlink.ShortlinkResolveActivity",
            "com.linkedin.android.learning.LearningActivity",
            "com.linkedin.android.liauthlib.LiAuthWebActivity",
            "com.linkedin.android.liauthlib.biometric.DeviceCredentialVerificationActivity",
            "com.linkedin.android.liauthlib.common.DummyFragmentActivity",
            "com.linkedin.android.liauthlib.registration.ChallengeWebViewActivity",
            "com.linkedin.android.liauthlib.registration.ChallengeWebViewV2Activity",
            "com.linkedin.android.liauthlib.thirdparty.LiThirdPartyAuthorizeActivity",
            "com.linkedin.android.liauthlib.thirdparty.LiThirdPartyViewUrlActivity",
            "com.linkedin.android.liauthlib.thirdparty.LiThirdPartyWebViewAuthorizeActivity",
            "com.linkedin.android.lioneclicklogin.LiOneClickLoginInitActivity",
            "com.linkedin.android.messaging.ZephyrMessagingHomeActivity",
            "com.linkedin.android.messaging.compose.ComposeActivity",
            "com.linkedin.android.messaging.compose.InmailComposeActivity",
            "com.linkedin.android.messaging.conversationlist.ConversationSearchListActivity",
            "com.linkedin.android.messaging.inlinereply.InlineReplyActivity",
            "com.linkedin.android.messaging.messagelist.MessageListActivity",
            "com.linkedin.android.messaging.participantdetails.AddParticipantActivity",
            "com.linkedin.android.messaging.participantdetails.ParticipantDetailsActivity",
            "com.linkedin.android.mynetwork.RelationshipsSecondaryActivity",
            "com.linkedin.android.mynetwork.nymk.NymkActivity",
            "com.linkedin.android.mynetwork.scan.ScanActivity",
            "com.linkedin.android.premium.PremiumActivity",
            "com.linkedin.android.publishing.contentanalytics.ContentAnalyticsActivity",
            "com.linkedin.android.publishing.document.DocumentActivity",
            "com.linkedin.android.publishing.reader.ArticleActivity",
            "com.linkedin.android.publishing.shared.videoviewer.VideoViewerActivity",
            "com.linkedin.android.publishing.sharing.QuestionAnswerComposeActivity",
            "com.linkedin.android.publishing.sharing.ShareActivity",
            "com.linkedin.android.publishing.sharing.VoteComposeActivity",
            "com.linkedin.android.publishing.sharing.compose.firstcreator.FirstCreatorGuideActivity",
            "com.linkedin.android.publishing.sharing.compose.mention.MentionActivity",
            "com.linkedin.android.publishing.sharing.compose.poll.PollComposeActivity",
            "com.linkedin.android.publishing.storyline.page.StorylineActivity",
            "com.linkedin.android.redirect.DeepLinkToWebViewerRedirectActivity",
            "com.linkedin.android.search.SearchActivity",
            "com.linkedin.android.search.resourcelist.ResourceListActivity",
            "com.linkedin.android.settings.ui.SettingsActivity",
            "com.linkedin.android.shaky.FeedbackActivity",
            "com.linkedin.android.talentmatch.TalentMatchActivity",
            "com.linkedin.android.tos.ui.ToSWebviewActivity",
            "com.linkedin.android.urls.DeeplinkActivity",
            "com.linkedin.android.webrouter.webviewer.WebViewerActivity",
            "com.linkedin.android.wxapi.WXEntryActivity",
            "com.vivo.push.sdk.LinkProxyClientActivity"
        ],
        "services": [
            "androidx.room.MultiInstanceInvalidationService",
            "androidx.work.impl.background.systemalarm.SystemAlarmService",
            "androidx.work.impl.background.systemjob.SystemJobService",
            "androidx.work.impl.foreground.SystemForegroundService",
            "com.getui.gtc.GtcService",
            "com.google.android.gms.auth.api.signin.RevocationBoundService",
            "com.google.android.gms.measurement.AppMeasurementJobService",
            "com.google.android.gms.measurement.AppMeasurementService",
            "com.google.firebase.components.ComponentDiscoveryService",
            "com.google.firebase.iid.FirebaseInstanceIdService",
            "com.google.firebase.messaging.FirebaseMessagingService",
            "com.huawei.agconnect.core.ServiceDiscovery",
            "com.huawei.hms.support.api.push.service.HmsMsgService",
            "com.igexin.sdk.HmsPushMessageService",
            "com.igexin.sdk.OppoAppPushService",
            "com.igexin.sdk.OppoPushService",
            "com.igexin.sdk.PushService",
            "com.linkedin.android.appwidget.newsmodule.NewsModuleService",
            "com.linkedin.android.deeplink.services.DeferredDeeplinkingService",
            "com.linkedin.android.dev.settings.OverlayService",
            "com.linkedin.android.developer.OAuthService",
            "com.linkedin.android.growth.calendar.CalendarUploadService",
            "com.linkedin.android.growth.contactsync.AuthenticatorService",
            "com.linkedin.android.l2m.guestnotification.GuestLocalNotificationService",
            "com.linkedin.android.l2m.notification.DailyRundownNotificationsPushActionTrackingIntentService",
            "com.linkedin.android.l2m.notification.GetuiPushIntentService",
            "com.linkedin.android.l2m.notification.NotificationListenerService",
            "com.linkedin.android.l2m.notification.RegistrationJobIntentService",
            "com.linkedin.android.liauthlib.sso.LiSSOService",
            "com.linkedin.android.messaging.inlinereply.InlineReplyIntentService",
            "com.linkedin.android.messaging.messagelist.ConversationPrefetchJobService",
            "com.linkedin.android.publishing.shared.mediaupload.VectorService",
            "com.linkedin.android.publishing.shared.preprocessing.MediaPreprocessorService",
            "com.linkedin.android.webrouter.customtabs.impl.KeepAliveService",
            "com.vivo.push.sdk.service.CommandClientService",
            "com.xiaomi.mipush.sdk.MessageHandleService",
            "com.xiaomi.mipush.sdk.PushMessageHandler",
            "com.xiaomi.push.service.XMJobService",
            "com.xiaomi.push.service.XMPushService"
        ],
        "receivers": [
            "androidx.work.impl.background.systemalarm.ConstraintProxy$BatteryChargingProxy",
            "androidx.work.impl.background.systemalarm.ConstraintProxy$BatteryNotLowProxy",
            "androidx.work.impl.background.systemalarm.ConstraintProxy$NetworkStateProxy",
            "androidx.work.impl.background.systemalarm.ConstraintProxy$StorageNotLowProxy",
            "androidx.work.impl.background.systemalarm.ConstraintProxyUpdateReceiver",
            "androidx.work.impl.background.systemalarm.RescheduleReceiver",
            "androidx.work.impl.utils.ForceStopRunnable$BroadcastReceiver",
            "com.google.android.gms.measurement.AppMeasurementInstallReferrerReceiver",
            "com.google.android.gms.measurement.AppMeasurementReceiver",
            "com.google.firebase.iid.FirebaseInstanceIdReceiver",
            "com.huawei.hms.support.api.push.PushMsgReceiver",
            "com.huawei.hms.support.api.push.PushReceiver",
            "com.igexin.sdk.MiuiPushReceiver",
            "com.igexin.sdk.PushReceiver",
            "com.igexin.sdk.VivoPushMessageReceiver",
            "com.linkedin.android.appwidget.ResponsiveWidget",
            "com.linkedin.android.appwidget.ResponsiveWidget$ActiveUserListener",
            "com.linkedin.android.growth.calendar.CalendarUploadReceiver",
            "com.linkedin.android.infra.LocaleChangeReceiver",
            "com.linkedin.android.l2m.InstallReferrerReceiver",
            "com.linkedin.android.l2m.badge.BadgePeriodicFetchReceiver",
            "com.linkedin.android.l2m.badge.HuaweiBarrierReceiver",
            "com.linkedin.android.l2m.notification.DismissNotificationReceiver",
            "com.linkedin.android.l2m.notification.ImmediatelyPushNotificationReceiver",
            "com.linkedin.android.l2m.notification.PackageReplacedReceiver",
            "com.linkedin.android.l2m.notification.TimeFenceReceiver",
            "com.linkedin.android.l2m.seed.PreInstallReceiver",
            "com.linkedin.android.messaging.MessagingNotificationReceiver",
            "com.xiaomi.push.service.receivers.NetworkStatusReceiver",
            "com.xiaomi.push.service.receivers.PingReceiver"
        ],
        "permission_details": {
            "android.permission.ACCESS_NETWORK_STATE": "normal",
            "android.permission.ACCESS_WIFI_STATE": "normal",
            "android.permission.AUTHENTICATE_ACCOUNTS": "unknown",
            "android.permission.CAMERA": "dangerous",
            "android.permission.CHANGE_NETWORK_STATE": "normal",
            "android.permission.CHANGE_WIFI_STATE": "normal",
            "android.permission.FOREGROUND_SERVICE": "normal",
            "android.permission.GET_TASKS": "unlaballed",
            "android.permission.INTERNET": "normal",
            "android.permission.MANAGE_ACCOUNTS": "unknown",
            "android.permission.READ_CALENDAR": "dangerous",
            "android.permission.READ_EXTERNAL_STORAGE": "dangerous",
            "android.permission.READ_PHONE_STATE": "dangerous",
            "android.permission.READ_SYNC_SETTINGS": "normal",
            "android.permission.RECEIVE_BOOT_COMPLETED": "normal",
            "android.permission.REQUEST_INSTALL_PACKAGES": "signature",
            "android.permission.VIBRATE": "normal",
            "android.permission.WAKE_LOCK": "normal",
            "android.permission.WRITE_EXTERNAL_STORAGE": "dangerous",
            "android.permission.WRITE_SETTINGS": "signature",
            "android.permission.WRITE_SYNC_SETTINGS": "normal",
            "com.android.vending.BILLING": "unknown",
            "com.asus.msa.SupplementaryDID.ACCESS": "unknown",
            "com.coloros.mcs.permission.RECIEVE_MCS_MESSAGE": "unknown",
            "com.google.android.c2dm.permission.RECEIVE": "unknown",
            "com.google.android.finsky.permission.BIND_GET_INSTALL_REFERRER_SERVICE": "unknown",
            "com.heytap.mcs.permission.RECIEVE_MCS_MESSAGE": "unknown",
            "com.huawei.appmarket.service.commondata.permission.GET_COMMON_DATA": "unknown",
            "com.linkedin.android.permission.C2D_MESSAGE": "unknown",
            "com.linkedin.android.permission.MIPUSH_RECEIVE": "unknown",
            "com.linkedin.android.permission.PROCESS_PUSH_MSG": "unknown",
            "com.linkedin.android.permission.PUSH_PROVIDER": "unknown",
            "com.vivo.notification.permission.BADGE_ICON": "unknown",
            "freemme.permission.msa": "unknown",
            "getui.permission.GetuiService.com.linkedin.android": "unknown"
        },
        "risk_counts": {
            "normal": 11,
            "unknown": 16,
            "dangerous": 5,
            "unlaballed": 1,
            "signature": 2
        }
    },
    "stats": {
        "dex_count": 5,
        "native_lib_count": 22
    },
    "jadx": {
        "status": "ok",
        "duration_sec": 99.9,
        "sources_present": true,
        "java_file_count": 24492
    },
    "ast_analysis": {
        "location": 8,
        "microphone": 2,
        "camera": 67,
        "media_projection": 0,
        "dynamic_load": 0,
        "jni": 16
    },
    "analysis_state": "complete",
    "behavioral_structural_data": {
        "api_inventory": {
            "camera": 3,
            "microphone": 2,
            "location": 1,
            "torch": 1,
            "telephony_ops": 1,
            "system_commands": 9,
            "webview_interop": 36,
            "content_access": 63,
            "audio_control": 1,
            "vibration": 3,
            "network_io": 22,
            "scheduling_apis": 95,
            "dynamic_code": 415
        },
        "execution_context": {
            "in_service": 0,
            "in_receiver": 0,
            "in_activity": 0,
            "in_provider": 0,
            "unknown": 652
        },
        "scheduling_mechanisms": {
            "alarm_manager": 17,
            "handler_loop": 73,
            "job_scheduler": 5
        },
        "trigger_types": {
            "auto_triggered": 8,
            "user_triggered": 4
        },
        "dynamic_features": {
            "jni_usage": 13,
            "dynamic_loading": 5,
            "reflection": 402
        }
    }
}