{
    "apk_name": "A4739439CF7491791DB64706C1B437CAB75DCFB59D525AD23C838EDE57A23CD4",
    "sha256": "a4739439cf7491791db64706c1b437cab75dcfb59d525ad23c838ede57a23cd4",
    "metadata": {
        "package_name": "com.ebay.mobile",
        "version_code": "93",
        "version_name": "5.5.1.17",
        "min_sdk": "19",
        "target_sdk": "24",
        "permissions": [
            "android.permission.ACCESS_FINE_LOCATION",
            "android.permission.ACCESS_NETWORK_STATE",
            "android.permission.CAMERA",
            "android.permission.INTERNET",
            "android.permission.NFC",
            "android.permission.READ_EXTERNAL_STORAGE",
            "android.permission.RECEIVE_BOOT_COMPLETED",
            "android.permission.VIBRATE",
            "android.permission.WAKE_LOCK",
            "android.permission.WRITE_EXTERNAL_STORAGE",
            "com.ebay.mobile.permission.C2D_MESSAGE",
            "com.ebay.mobile.permission.EBAY_USER_CONFIG",
            "com.ebay.mobile.permission.MAPS_RECEIVE",
            "com.google.android.c2dm.permission.RECEIVE",
            "com.google.android.providers.gsf.permission.READ_GSERVICES",
            "com.sec.android.provider.badge.permission.READ",
            "com.sec.android.provider.badge.permission.WRITE"
        ],
        "activities": [
            "com.apptentive.android.sdk.ApptentiveViewActivity",
            "com.ebay.mobile.activities.AddEditTrackingInfoActivity",
            "com.ebay.mobile.activities.AdsWebViewActivity",
            "com.ebay.mobile.activities.AfterSalesWebViewActivity",
            "com.ebay.mobile.activities.AreYouSureDialogActivity",
            "com.ebay.mobile.activities.ComposeNewMessageActivity",
            "com.ebay.mobile.activities.DcsPreferenceActivity",
            "com.ebay.mobile.activities.EbnOrderDetailsActivity",
            "com.ebay.mobile.activities.ErrorDialogActivity",
            "com.ebay.mobile.activities.FeedActivity",
            "com.ebay.mobile.activities.FoundItemsCategoriesActivity",
            "com.ebay.mobile.activities.HybridWebLandingActivity",
            "com.ebay.mobile.activities.LinkHandlerActivity",
            "com.ebay.mobile.activities.MainActivity",
            "com.ebay.mobile.activities.MessagesActivity",
            "com.ebay.mobile.activities.OcsActivity",
            "com.ebay.mobile.activities.OrderSummaryActivity",
            "com.ebay.mobile.activities.OrderSummaryInstructionsActivity",
            "com.ebay.mobile.activities.PaisaPayWebViewActivity",
            "com.ebay.mobile.activities.PreferencesActivity",
            "com.ebay.mobile.activities.PreferredCountryActivity",
            "com.ebay.mobile.activities.PrpWebViewActivity",
            "com.ebay.mobile.activities.QuickSearchHandler",
            "com.ebay.mobile.activities.RecentlyViewedItemsActivity",
            "com.ebay.mobile.activities.RegistrationWebViewActivity",
            "com.ebay.mobile.activities.ReturnParamsWebViewActivity",
            "com.ebay.mobile.activities.RtmDownloadAppActivity",
            "com.ebay.mobile.activities.RtmHtmlActivity",
            "com.ebay.mobile.activities.RtmItemListActivity",
            "com.ebay.mobile.activities.RtmThemedSearchActivity",
            "com.ebay.mobile.activities.SellingActivity",
            "com.ebay.mobile.activities.ShowFileWebViewActivity",
            "com.ebay.mobile.activities.ShowWebViewActivity",
            "com.ebay.mobile.activities.SignInModalActivity",
            "com.ebay.mobile.activities.UserDetailActivity",
            "com.ebay.mobile.activities.ViewFeedbackActivity",
            "com.ebay.mobile.activities.mftdActivity",
            "com.ebay.mobile.bestoffer.BuyerMakeOfferActivity",
            "com.ebay.mobile.bestoffer.BuyerRespondToCounterofferActivity",
            "com.ebay.mobile.bestoffer.SellerRespondToOfferActivity",
            "com.ebay.mobile.bestoffer.SellerReviewOffersActivity",
            "com.ebay.mobile.browse.BrowseActivity",
            "com.ebay.mobile.categorybrowser.BrowseCategoriesActivity",
            "com.ebay.mobile.charity.CharityHubActivity",
            "com.ebay.mobile.checkout.AddressEditActivity",
            "com.ebay.mobile.checkout.AddressListActivity",
            "com.ebay.mobile.checkout.ChangeCartItemQuantityActivity",
            "com.ebay.mobile.checkout.ChangeShippingMethodActivity",
            "com.ebay.mobile.checkout.CheckoutActivity",
            "com.ebay.mobile.checkout.DonationsActivity",
            "com.ebay.mobile.checkout.DonationsCharityInfoActivity",
            "com.ebay.mobile.checkout.IncentivesActivity",
            "com.ebay.mobile.checkout.MessageToSellerActivity",
            "com.ebay.mobile.checkout.PayPalActivity",
            "com.ebay.mobile.checkout.PaymentMethodActivity",
            "com.ebay.mobile.checkout.PurchaseCompleteActivity",
            "com.ebay.mobile.checkout.PurchaseCompleteAlternativeActivity",
            "com.ebay.mobile.checkout.delivery.DeliverySchedulingActivity",
            "com.ebay.mobile.checkout.prox.CreditCardActivity",
            "com.ebay.mobile.checkout.prox.DirectDebitActivity",
            "com.ebay.mobile.checkout.prox.PayPalIdentityActivity",
            "com.ebay.mobile.checkout.prox.PayUponInvoiceActivity",
            "com.ebay.mobile.checkout.prox.PaymentMethodActivity",
            "com.ebay.mobile.checkout.prox.SepaConfirmationActivity",
            "com.ebay.mobile.checkout.xoneor.AddressChoiceActivity",
            "com.ebay.mobile.checkout.xoneor.AddressEditActivity",
            "com.ebay.mobile.checkout.xoneor.AddressListActivity",
            "com.ebay.mobile.checkout.xoneor.CheckoutActivity",
            "com.ebay.mobile.checkout.xoneor.CheckoutWebViewActivity",
            "com.ebay.mobile.checkout.xoneor.DonationActivity",
            "com.ebay.mobile.checkout.xoneor.DonationCharityInfoActivity",
            "com.ebay.mobile.checkout.xoneor.IncentivesActivity",
            "com.ebay.mobile.checkout.xoneor.PaymentContingencyActivity",
            "com.ebay.mobile.checkout.xoneor.PaymentDetailsActivity",
            "com.ebay.mobile.checkout.xoneor.PaymentMethodActivity",
            "com.ebay.mobile.checkout.xoneor.PaypalCreditPromotionsActivity",
            "com.ebay.mobile.checkout.xoneor.ShippingMethodActivity",
            "com.ebay.mobile.checkout.xoneor.TurboMigrationActivity",
            "com.ebay.mobile.collections.BrowseCollectionsActivity",
            "com.ebay.mobile.collections.CollectionDetailsActivity",
            "com.ebay.mobile.compatibility.MotorsCompatibilityActivity",
            "com.ebay.mobile.connection.LeaveFeedbackActivity",
            "com.ebay.mobile.connection.myebay.MyEbayBidsOffersActivity",
            "com.ebay.mobile.connection.myebay.MyEbayPurchasesActivity",
            "com.ebay.mobile.connection.myebay.MyEbayWatchingActivity",
            "com.ebay.mobile.deals.BrowseDealsActivity",
            "com.ebay.mobile.deals.DealsDetailsActivity",
            "com.ebay.mobile.events.BrowseEventsActivity",
            "com.ebay.mobile.events.EventItemsActivity",
            "com.ebay.mobile.following.BrowseFollowingActivity",
            "com.ebay.mobile.giftcards.GiftCardBalanceCheckerActivity",
            "com.ebay.mobile.intents.IntentDetailsActivity",
            "com.ebay.mobile.intents.IntentsHubTabbedActivity",
            "com.ebay.mobile.inventory.StorePickerActivity",
            "com.ebay.mobile.myebay.ReminderItemsActivity",
            "com.ebay.mobile.myebay.RemindersActivity",
            "com.ebay.mobile.myebay.SavedSellerListActivity",
            "com.ebay.mobile.myebay.experience.UnsoldListActivity",
            "com.ebay.mobile.photomanager.CropPhotoActivity",
            "com.ebay.mobile.photomanager.PhotoManagerActivity",
            "com.ebay.mobile.redlaser.RedLaserScannerActivity",
            "com.ebay.mobile.search.SavedSearchListActivity",
            "com.ebay.mobile.search.SearchResultFragmentActivity",
            "com.ebay.mobile.search.SearchResultFragmentActivity$RelatedSearchResultActivity",
            "com.ebay.mobile.search.SearchResultFragmentActivity$RelatedSearchesResultsActivity",
            "com.ebay.mobile.search.SearchResultFragmentActivity$SellerItemsActivity",
            "com.ebay.mobile.search.SellerOfferResultFragmentActivity",
            "com.ebay.mobile.search.landing.SearchLandingPageActivity",
            "com.ebay.mobile.sell.CategoryPickerActivity",
            "com.ebay.mobile.sell.CongratulationsActivity",
            "com.ebay.mobile.sell.ListingFragmentActivity",
            "com.ebay.mobile.sell.PackageDetailsActivity",
            "com.ebay.mobile.sell.PreviewListingActivity",
            "com.ebay.mobile.sell.SsoPagesWebViewActivity",
            "com.ebay.mobile.sell.lists.SellingListActivity",
            "com.ebay.mobile.sell.shippinglabel.ShippingLabelActivity",
            "com.ebay.mobile.sellsmartbox.SmartboxActivity",
            "com.ebay.mobile.shoppingcart.ShoppingCartActivity",
            "com.ebay.mobile.trend.TrendingActivity",
            "com.ebay.mobile.user.symban.SymbanActivity",
            "com.ebay.mobile.viewitem.ExtendedProductReviewsActivity",
            "com.ebay.mobile.viewitem.ItemViewActivity",
            "com.ebay.mobile.viewitem.ItemViewDescriptionActivity",
            "com.ebay.mobile.viewitem.ItemViewGetQuantityActivity",
            "com.ebay.mobile.viewitem.ItemViewSellersLegalInfoActivity",
            "com.ebay.mobile.viewitem.ItemViewShipmentTrackingDetails",
            "com.ebay.mobile.viewitem.PpaUpgradeActivity",
            "com.ebay.mobile.viewitem.ProductReviewsActivity",
            "com.ebay.mobile.viewitem.ReviewThankYouActivity",
            "com.ebay.mobile.viewitem.ViewItemBiddingActivity",
            "com.ebay.mobile.viewitem.ViewItemChooseVariationsActivity",
            "com.ebay.mobile.viewitem.ViewItemConfirmActivity",
            "com.ebay.mobile.viewitem.ViewItemPartDetailsActivity",
            "com.ebay.mobile.viewitem.ViewItemPlaceBidActivity",
            "com.ebay.mobile.viewitem.ViewItemShippingPaymentsReturnsActivity",
            "com.ebay.mobile.viewitem.ViewItemSpecificsActivity",
            "com.ebay.mobile.viewitem.WriteReviewActivity",
            "com.ebay.mobile.viewitem.photos.ViewItemPhotoGalleryActivity",
            "com.google.android.gms.ads.AdActivity",
            "com.google.android.gms.ads.purchase.InAppPurchaseActivity",
            "com.google.android.gms.common.api.GoogleApiActivity"
        ],
        "services": [
            "com.ebay.mobile.analytics.AnalyticsService",
            "com.ebay.mobile.analytics.InstallTracking$InstallTrackingService",
            "com.ebay.mobile.analytics.RtmTrackingService",
            "com.ebay.mobile.mftd.MftdService",
            "com.ebay.mobile.notifications.EbaySmartNotificationManager",
            "com.ebay.mobile.notifications.EventService",
            "com.ebay.mobile.notifications.PushService",
            "com.ebay.mobile.notifications.gcm.GcmIdService",
            "com.ebay.mobile.notifications.gcm.GcmNotificationService",
            "com.ebay.mobile.notifications.gcm.GcmRegistrationService",
            "com.ebay.mobile.service.AppForegroundHelperService",
            "com.ebay.mobile.service.AppForegroundService",
            "com.ebay.mobile.service.AppWidgetRemoteService",
            "com.ebay.mobile.service.FlexNotificationUpdateService",
            "com.ebay.mobile.service.GoogleNowAuthenticationService",
            "com.ebay.mobile.service.LoggingService",
            "com.ebay.mobile.service.LogoutService",
            "com.ebay.mobile.service.PreferenceSyncService",
            "com.ebay.mobile.wear.HandsetDataLayerListenerService"
        ],
        "receivers": [
            "com.ebay.mobile.analytics.InstallTracking$InstallReceiver",
            "com.ebay.mobile.mftd.MftdAlarmReceiver",
            "com.ebay.mobile.notifications.DeviceStartupReceiver",
            "com.ebay.mobile.service.LocaleChangedReceiver",
            "com.ebay.nautilus.kernel.EbayIdentity$DeviceIdReceiver",
            "com.google.android.gms.gcm.GcmReceiver"
        ],
        "permission_details": {
            "android.permission.ACCESS_FINE_LOCATION": "dangerous",
            "android.permission.ACCESS_NETWORK_STATE": "normal",
            "android.permission.CAMERA": "dangerous",
            "android.permission.INTERNET": "normal",
            "android.permission.NFC": "normal",
            "android.permission.READ_EXTERNAL_STORAGE": "dangerous",
            "android.permission.RECEIVE_BOOT_COMPLETED": "normal",
            "android.permission.VIBRATE": "normal",
            "android.permission.WAKE_LOCK": "normal",
            "android.permission.WRITE_EXTERNAL_STORAGE": "dangerous",
            "com.ebay.mobile.permission.C2D_MESSAGE": "unknown",
            "com.ebay.mobile.permission.EBAY_USER_CONFIG": "unknown",
            "com.ebay.mobile.permission.MAPS_RECEIVE": "unknown",
            "com.google.android.c2dm.permission.RECEIVE": "unknown",
            "com.google.android.providers.gsf.permission.READ_GSERVICES": "unknown",
            "com.sec.android.provider.badge.permission.READ": "unknown",
            "com.sec.android.provider.badge.permission.WRITE": "unknown"
        },
        "risk_counts": {
            "dangerous": 4,
            "normal": 6,
            "unknown": 7
        }
    },
    "stats": {
        "dex_count": 2,
        "native_lib_count": 3
    },
    "jadx": {
        "status": "ok",
        "duration_sec": 30.79,
        "sources_present": true,
        "java_file_count": 4936
    },
    "ast_analysis": {
        "location": 4,
        "microphone": 0,
        "camera": 14,
        "media_projection": 0,
        "dynamic_load": 0,
        "jni": 3
    },
    "analysis_state": "complete",
    "behavioral_structural_data": {
        "api_inventory": {
            "camera": 4,
            "microphone": 0,
            "location": 2,
            "torch": 1,
            "telephony_ops": 1,
            "system_commands": 2,
            "webview_interop": 17,
            "content_access": 17,
            "audio_control": 0,
            "vibration": 1,
            "network_io": 0,
            "scheduling_apis": 39,
            "dynamic_code": 114
        },
        "execution_context": {
            "in_service": 0,
            "in_receiver": 0,
            "in_activity": 0,
            "in_provider": 0,
            "unknown": 198
        },
        "scheduling_mechanisms": {
            "alarm_manager": 4,
            "handler_loop": 35,
            "job_scheduler": 0
        },
        "trigger_types": {
            "auto_triggered": 5,
            "user_triggered": 6
        },
        "dynamic_features": {
            "jni_usage": 3,
            "dynamic_loading": 2,
            "reflection": 111
        }
    }
}