{
    "apk_name": "D7F0F184EEB934595736364B863A23BCAC28F61B4FAA0CE58ABD67FEED370357",
    "sha256": "d7f0f184eeb934595736364b863a23bcac28f61b4faa0ce58abd67feed370357",
    "metadata": {
        "package_name": "com.atakmap.android.gbr.taksatplanner.plugin",
        "version_code": "20230818",
        "version_name": "1.1.10 [4.10.0]",
        "min_sdk": "26",
        "target_sdk": "33",
        "permissions": [
            "android.permission.ACCESS_NETWORK_STATE",
            "android.permission.BLUETOOTH",
            "android.permission.INTERNET",
            "android.permission.READ_EXTERNAL_STORAGE",
            "android.permission.WRITE_EXTERNAL_STORAGE"
        ],
        "activities": [
            "com.atakmap.app.component"
        ],
        "services": [
            "androidx.room.MultiInstanceInvalidationService"
        ],
        "receivers": [],
        "permission_details": {
            "android.permission.ACCESS_NETWORK_STATE": "normal",
            "android.permission.BLUETOOTH": "normal",
            "android.permission.INTERNET": "normal",
            "android.permission.READ_EXTERNAL_STORAGE": "dangerous",
            "android.permission.WRITE_EXTERNAL_STORAGE": "dangerous"
        },
        "risk_counts": {
            "normal": 3,
            "dangerous": 2
        }
    },
    "stats": {
        "dex_count": 2,
        "native_lib_count": 0
    },
    "jadx": {
        "status": "ok",
        "duration_sec": 27.09,
        "sources_present": true,
        "java_file_count": 4045
    },
    "ast_analysis": {
        "location": 8,
        "microphone": 0,
        "camera": 6,
        "media_projection": 0,
        "dynamic_load": 0,
        "jni": 0
    },
    "analysis_state": "complete",
    "behavioral_structural_data": {
        "api_inventory": {
            "camera": 0,
            "microphone": 0,
            "location": 3,
            "torch": 0,
            "telephony_ops": 0,
            "system_commands": 0,
            "webview_interop": 0,
            "content_access": 6,
            "audio_control": 0,
            "vibration": 0,
            "network_io": 0,
            "scheduling_apis": 18,
            "dynamic_code": 175
        },
        "execution_context": {
            "in_service": 0,
            "in_receiver": 0,
            "in_activity": 0,
            "in_provider": 0,
            "unknown": 202
        },
        "scheduling_mechanisms": {
            "alarm_manager": 6,
            "handler_loop": 12,
            "job_scheduler": 0
        },
        "trigger_types": {
            "auto_triggered": 0,
            "user_triggered": 2
        },
        "dynamic_features": {
            "jni_usage": 0,
            "dynamic_loading": 0,
            "reflection": 175
        }
    }
}