{
    "apk_name": "98005DD2C9D5AC96C1D51DDDCB03EEB38C412A6B6C1F5AC0ED7099B1B82A3A15",
    "sha256": "98005dd2c9d5ac96c1d51dddcb03eeb38c412a6b6c1f5ac0ed7099b1b82a3a15",
    "metadata": {
        "package_name": "com.bilibili.comic",
        "version_code": "36411002",
        "version_name": "4.11.0",
        "min_sdk": "19",
        "target_sdk": "30",
        "permissions": [
            "android.permission.ACCESS_ALL_EXTERNAL_STORAGE",
            "android.permission.ACCESS_COARSE_LOCATION",
            "android.permission.ACCESS_NETWORK_STATE",
            "android.permission.ACCESS_WIFI_STATE",
            "android.permission.CAMERA",
            "android.permission.CHANGE_NETWORK_STATE",
            "android.permission.FLASHLIGHT",
            "android.permission.FOREGROUND_SERVICE",
            "android.permission.GET_TASKS",
            "android.permission.INTERNET",
            "android.permission.QUERY_ALL_PACKAGES",
            "android.permission.READ_EXTERNAL_STORAGE",
            "android.permission.READ_LOGS",
            "android.permission.READ_PHONE_STATE",
            "android.permission.RECEIVE_BOOT_COMPLETED",
            "android.permission.RECORD_AUDIO",
            "android.permission.REORDER_TASKS",
            "android.permission.REQUEST_INSTALL_PACKAGES",
            "android.permission.SYSTEM_ALERT_WINDOW",
            "android.permission.VIBRATE",
            "android.permission.WAKE_LOCK",
            "android.permission.WRITE_EXTERNAL_STORAGE",
            "com.android.launcher.permission.INSTALL_SHORTCUT",
            "com.android.launcher.permission.UNINSTALL_SHORTCUT",
            "com.asus.msa.SupplementaryDID.ACCESS",
            "com.bilibili.comic.permission.BLKV",
            "com.bilibili.comic.permission.C2D_MESSAGE",
            "com.bilibili.comic.permission.JPUSH_MESSAGE",
            "com.bilibili.comic.permission.MIPUSH_RECEIVE",
            "com.bilibili.comic.permission.PROCESS_PUSH_MSG",
            "com.bilibili.comic.permission.PUSH_PROVIDER",
            "com.coloros.mcs.permission.RECIEVE_MCS_MESSAGE",
            "com.google.android.apps.photos.permission.GOOGLE_PHOTOS",
            "com.heytap.mcs.permission.RECIEVE_MCS_MESSAGE",
            "com.huawei.appmarket.service.commondata.permission.GET_COMMON_DATA",
            "com.huawei.meetime.CAAS_SHARE_SERVICE",
            "com.meizu.c2dm.permission.RECEIVE",
            "freemme.permission.msa"
        ],
        "activities": [
            "cmbapi.CMBApiEntryActivity",
            "com.alipay.sdk.app.AlipayResultActivity",
            "com.alipay.sdk.app.H5AuthActivity",
            "com.alipay.sdk.app.H5OpenAuthActivity",
            "com.alipay.sdk.app.H5PayActivity",
            "com.alipay.sdk.app.PayResultActivity",
            "com.bilibili.app.comm.emoticon.ui.EmoticonPreviewActivity",
            "com.bilibili.app.comm.emoticon.ui.EmoticonSettingActivity",
            "com.bilibili.app.comm.restrict.lessonsmode.ui.LessonsModeActivity",
            "com.bilibili.app.comm.timing.ui.TimingReminderDialogActivity",
            "com.bilibili.app.qrcode.QRCodeCaptureResultOnlyActivity",
            "com.bilibili.app.qrcode.QRcodeCaptureActivity",
            "com.bilibili.bangumi.module.roledetail.ui.BangumiRoleDetailActivity",
            "com.bilibili.bangumi.module.topicplaylist.ui.FavoTopicPlaylistActivity",
            "com.bilibili.bangumi.ui.common.TogetherWatchMatchLandscapeActivity",
            "com.bilibili.bangumi.ui.page.detail.BangumiDetailActivityV3",
            "com.bilibili.bangumi.ui.page.entrance.BangumiCinemaPagerActivityV3",
            "com.bilibili.bangumi.ui.page.entrance.BangumiHomeFlowOwnActivityV3",
            "com.bilibili.bangumi.ui.page.entrance.BangumiOperationActivity",
            "com.bilibili.bangumi.ui.page.hotrecommend.BangumiHotRecommendActivity",
            "com.bilibili.bangumi.ui.page.index.BangumiCategoryIndexActivity",
            "com.bilibili.bangumi.ui.page.offline.OGVOfflinePlayerActivity",
            "com.bilibili.bangumi.ui.page.reserve.ReserveListActivity",
            "com.bilibili.bangumi.ui.page.review.LongReviewListActivity",
            "com.bilibili.bangumi.ui.page.review.ReviewDetailActivity",
            "com.bilibili.bangumi.ui.page.review.ReviewEditorRecommendActivity",
            "com.bilibili.bangumi.ui.page.review.ReviewHomeActivity",
            "com.bilibili.bangumi.ui.page.review.ReviewIndexActivity",
            "com.bilibili.bangumi.ui.page.review.ReviewPublishSuccessActivity",
            "com.bilibili.bangumi.ui.page.review.ReviewWebViewActivity",
            "com.bilibili.bangumi.ui.page.review.ShortReviewListActivity",
            "com.bilibili.bangumi.ui.page.review.ShortReviewPublishActivity",
            "com.bilibili.bangumi.ui.page.review.ranking.ReviewRankingActivity",
            "com.bilibili.bangumi.ui.page.sponsor.BangumiSponsorRankActivity",
            "com.bilibili.bangumi.ui.page.sponsor.BangumiSponsorResultActivity",
            "com.bilibili.bangumi.ui.page.timeline.BangumiNewTimelineActivity",
            "com.bilibili.bililive.room.ui.live.roomv3.LiveAnchorDescActivity",
            "com.bilibili.bililive.room.ui.live.roomv3.LiveCopyRightActivity",
            "com.bilibili.bililive.room.ui.record.LiveRecordRoomActivity",
            "com.bilibili.bililive.room.ui.roomv3.LiveRoomActivityV3",
            "com.bilibili.bilipay.ali.AliSigningCallbackActivity",
            "com.bilibili.bilipay.qq.QqWalletPayCallbackActivity",
            "com.bilibili.bilipay.ui.CashierDefaultActivity",
            "com.bilibili.bilipay.web.BilipayCommonPaymentWebActivity",
            "com.bilibili.bilipay.web.hybrid.BilipayBaseWebActivity",
            "com.bilibili.bplus.followingshare.ShareTransFormActivity",
            "com.bilibili.bplus.followingshare.activity.WebViewActivity",
            "com.bilibili.captcha.h5.WebCaptchaActivity",
            "com.bilibili.comic.base.ComicSingleFragmentWithBarNoFullActivity",
            "com.bilibili.comic.base.ComicSingleFragmentWithToolbarActivity",
            "com.bilibili.comic.base.StubSingleFragmentActivity",
            "com.bilibili.comic.base.StubSingleFragmentWithToolbarActivity",
            "com.bilibili.comic.bilicomicenv.ComicEnvActivity",
            "com.bilibili.comic.bilicomicenv.uat.ComicUatActivity",
            "com.bilibili.comic.flutter.ui.FlutterPageActivity",
            "com.bilibili.comic.flutter.ui.FlutterPanelActivity",
            "com.bilibili.comic.flutter.ui.FlutterStubActivity",
            "com.bilibili.comic.freedata.FreeDataEntranceActivity",
            "com.bilibili.comic.freedata.FreeDataFragContainerActivity",
            "com.bilibili.comic.home.view.FlutterMainActivity",
            "com.bilibili.comic.old.reader.MartRateActivity",
            "com.bilibili.comic.push.OpenClickActivity",
            "com.bilibili.comic.push.oppo.OppoPushInternalActivity",
            "com.bilibili.comic.qrcode.QRCodeCaptureActivity",
            "com.bilibili.comic.reward.view.ComicMonthTicketDescActivity",
            "com.bilibili.comic.router.scheme.ComicDispatchActivity",
            "com.bilibili.comic.setting.view.ComicLicenseActivity",
            "com.bilibili.comic.splash.view.activity.SplashActivity",
            "com.bilibili.comic.user.view.activity.AccountVerifyWebActivity",
            "com.bilibili.comic.user.view.activity.ComicFollowRewardActivity",
            "com.bilibili.comic.user.view.activity.ComicHelpCenterActivity",
            "com.bilibili.comic.user.view.activity.ComicRegAgreementActivity",
            "com.bilibili.comic.user.view.activity.LoginQuickActivity",
            "com.bilibili.comic.user.view.activity.ToSobotActivity",
            "com.bilibili.comic.web.view.ComicColumnWebActivity",
            "com.bilibili.comic.web.view.ComicRatingWebActivity",
            "com.bilibili.comic.web.view.ComicWebViewV2Activity",
            "com.bilibili.comic.wxapi.WXEntryActivity",
            "com.bilibili.comic.wxapi.WXPayEntryActivity",
            "com.bilibili.comm.charge.rank.VideoChargeRankActivity",
            "com.bilibili.lib.accountsui.web.AccountVerifyWebActivity",
            "com.bilibili.lib.accountsui.web.AccountWebAPActivity",
            "com.bilibili.lib.bilipay.domain.cashier.channel.pay.alipay.AliSigningCallbackActivity",
            "com.bilibili.lib.bilipay.ui.base.hybrid.BilipayBaseWebActivity",
            "com.bilibili.lib.bilipay.ui.base.hybrid.BilipayCommonPaymentWebActivity",
            "com.bilibili.lib.bilipay.ui.recharge.v2.RechargeCoinMergeActivity",
            "com.bilibili.lib.bilipay.ui.refactory.cashier.CashierMagicSakuraActivity",
            "com.bilibili.lib.projection.internal.panel.fullscreen.ProjectionFullScreenActivity",
            "com.bilibili.lib.projection.internal.search.ProjectionSearchActivity",
            "com.bilibili.lib.projection.internal.search.ProjectionSearchFullActivity",
            "com.bilibili.lib.push.HuaweiMessageActivity",
            "com.bilibili.lib.push.MiPushMessageActivity",
            "com.bilibili.lib.sharewrapper.BiliSharePlatformTransferActivity",
            "com.bilibili.lib.ui.GeneralActivity",
            "com.bilibili.mall.sdk.MallWebFragmentLoaderActivity",
            "com.bilibili.mall.sdk.model.imageselector.page.ImageSelectorEntryActivity",
            "com.bilibili.netdiagnose.NetDiagnoseActivity",
            "com.bilibili.opd.app.bizcommon.ar.mallsupport.container.ARContainerActivity",
            "com.bilibili.opd.app.bizcommon.ar.mallsupport.external.ARMediaPopActivity",
            "com.bilibili.opd.app.bizcommon.context.TranslateErrorActivity",
            "com.bilibili.opd.app.bizcommon.imageselector.page.MallMediaPreviewActivity",
            "com.bilibili.opd.app.bizcommon.imageselector.page.MallTakePhotoActivity",
            "com.bilibili.opd.app.bizcommon.mallcommon.arentrance.fragment.AREntranceActivity",
            "com.bilibili.relation.blacklist.BlackListActivity",
            "com.bilibili.socialize.share.core.ui.BiliShareDelegateActivity",
            "com.bilibili.socialize.share.core.ui.QQAssistActivity",
            "com.bilibili.socialize.share.core.ui.SinaAssistActivity",
            "com.bilibili.socialize.share.core.ui.WxAssistActivity",
            "com.bilibili.teenagersmode.ui.TeenagersModeActivity",
            "com.bilibili.teenagersmode.ui.TeenagersModeDialogActivity",
            "com.bilibili.teenagersmode.ui.TeenagersModeTimeUpActivity",
            "com.bililive.bililive.infra.hybrid.ui.WebViewActivity",
            "com.blankj.utilcode.util.UtilsTransActivity",
            "com.common.bili.laser.action.ToastAction$DialogActivity",
            "com.google.ar.core.InstallActivity",
            "com.huawei.caas.messageservice.JumpActivity",
            "com.huawei.hms.activity.BridgeActivity",
            "com.huawei.hms.activity.EnableServiceActivity",
            "com.huawei.updatesdk.service.otaupdate.AppUpdateActivity",
            "com.huawei.updatesdk.support.pm.PackageInstallerActivity",
            "com.sina.weibo.sdk.share.ShareChatActivity",
            "com.sina.weibo.sdk.share.ShareResultActivity",
            "com.sina.weibo.sdk.share.ShareStoryActivity",
            "com.sina.weibo.sdk.share.ShareTransActivity",
            "com.sina.weibo.sdk.web.WebActivity",
            "com.sobot.chat.activity.SobotCameraActivity",
            "com.sobot.chat.activity.SobotChooseCityActivity",
            "com.sobot.chat.activity.SobotChooseFileActivity",
            "com.sobot.chat.activity.SobotConsultationListActivity",
            "com.sobot.chat.activity.SobotCusFieldActivity",
            "com.sobot.chat.activity.SobotFileDetailActivity",
            "com.sobot.chat.activity.SobotHelpCenterActivity",
            "com.sobot.chat.activity.SobotPhotoActivity",
            "com.sobot.chat.activity.SobotPhotoListActivity",
            "com.sobot.chat.activity.SobotPostCategoryActivity",
            "com.sobot.chat.activity.SobotPostLeaveMsgActivity",
            "com.sobot.chat.activity.SobotPostMsgActivity",
            "com.sobot.chat.activity.SobotProblemCategoryActivity",
            "com.sobot.chat.activity.SobotProblemDetailActivity",
            "com.sobot.chat.activity.SobotQueryFromActivity",
            "com.sobot.chat.activity.SobotSkillGroupActivity",
            "com.sobot.chat.activity.SobotTicketDetailActivity",
            "com.sobot.chat.activity.SobotVideoActivity",
            "com.sobot.chat.activity.WebViewActivity",
            "com.sobot.chat.conversation.SobotChatActivity",
            "com.tencent.connect.common.AssistActivity",
            "com.tencent.tauth.AuthActivity",
            "com.vivo.push.sdk.LinkProxyClientActivity",
            "com.yalantis.ucrop.UCropActivity",
            "tv.danmaku.biliscreencast.feedback.PlayerCastFeedbackActivity",
            "tv.danmaku.biliscreencast.search.ProjectionDeviceSearchActivity",
            "tv.danmaku.ijk.media.player.services.IjkMediaPlayerNoUIActivity"
        ],
        "services": [
            "androidx.room.MultiInstanceInvalidationService",
            "androidx.work.impl.background.systemalarm.SystemAlarmService",
            "androidx.work.impl.background.systemjob.SystemJobService",
            "androidx.work.impl.foreground.SystemForegroundService",
            "com.bilibili.bangumi.logic.page.reserve.BangumiVipReserveCacheService",
            "com.bilibili.bililive.room.ui.liveplayer.background.LiveBackgroundService",
            "com.bilibili.comic.download.model.DownLoadService",
            "com.bilibili.comic.flutter.channel.event.notification.BackVideoService",
            "com.bilibili.comic.flutter.services.PrewarmFlutterEngineService",
            "com.bilibili.comic.task.TaskService",
            "com.bilibili.comic.update.internal.network.download.UpdateService",
            "com.bilibili.comic.web.model.StartWebService",
            "com.bilibili.lib.infoeyes.InfoEyesLocalService",
            "com.bilibili.lib.infoeyes.InfoEyesRemoteService",
            "com.bilibili.lib.neuron.internal.NeuronLocalService",
            "com.bilibili.lib.neuron.internal.NeuronRemoteService",
            "com.bilibili.lib.projection.internal.mirrorplayer.MirrorService",
            "com.bilibili.lib.push.HmsPushService",
            "com.bilibili.lib.push.PushMessageService",
            "com.bilibili.opd.app.bizcommon.hybridruntime.neul.NeulService",
            "com.bilibili.opd.app.bizcommon.radar.service.RadarMainProcessService",
            "com.bilibili.opd.app.bizcommon.radar.service.RadarWebProcessService",
            "com.bilibili.preload.WebViewPreloadService",
            "com.bilibili.preload.WebViewPreloadServiceV2",
            "com.blankj.utilcode.util.MessengerUtils$ServerService",
            "com.heytap.msp.push.service.CompatibleDataMessageCallbackService",
            "com.heytap.msp.push.service.DataMessageCallbackService",
            "com.huawei.agconnect.core.ServiceDiscovery",
            "com.huawei.hms.support.api.push.service.HmsMsgService",
            "com.sobot.chat.core.channel.SobotTCPServer",
            "com.sobot.chat.server.SobotSessionServer",
            "com.vivo.push.sdk.service.CommandClientService",
            "com.xiaomi.mipush.sdk.MessageHandleService",
            "com.xiaomi.mipush.sdk.PushMessageHandler",
            "com.xiaomi.push.service.XMJobService",
            "com.xiaomi.push.service.XMPushService",
            "tv.danmaku.bili.ui.player.notification.BackgroundMusicService",
            "tv.danmaku.ijk.media.player.services.IjkMediaPlayerService"
        ],
        "receivers": [
            "androidx.work.impl.background.systemalarm.ConstraintProxy$BatteryChargingProxy",
            "androidx.work.impl.background.systemalarm.ConstraintProxy$BatteryNotLowProxy",
            "androidx.work.impl.background.systemalarm.ConstraintProxy$NetworkStateProxy",
            "androidx.work.impl.background.systemalarm.ConstraintProxy$StorageNotLowProxy",
            "androidx.work.impl.background.systemalarm.ConstraintProxyUpdateReceiver",
            "androidx.work.impl.background.systemalarm.RescheduleReceiver",
            "androidx.work.impl.utils.ForceStopRunnable$BroadcastReceiver",
            "com.bilibili.lib.push.MessageReceiver",
            "com.bilibili.lib.push.MiMessageReceiver",
            "com.bilibili.lib.push.VivoMessageReceiver",
            "com.bilibili.opd.app.bizcommon.sentinel.session.ChildProcessSessionBroadcastReceiver",
            "com.bilibili.playerbizcommon.features.snapshot.TrashScreenshot",
            "com.huawei.hms.support.api.push.PushMsgReceiver",
            "com.huawei.hms.support.api.push.PushReceiver",
            "com.xiaomi.push.service.receivers.NetworkStatusReceiver",
            "com.xiaomi.push.service.receivers.PingReceiver",
            "tv.danmaku.bili.ui.player.notification.MediaButtonReceiver"
        ]
    },
    "stats": {
        "dex_count": 8,
        "native_lib_count": 38
    },
    "jadx": {
        "status": "ok",
        "duration_sec": 107.08,
        "sources_present": true,
        "java_file_count": 30996
    },
    "ast_analysis": {
        "location": 5,
        "microphone": 2,
        "camera": 88,
        "media_projection": 0,
        "dynamic_load": 0,
        "jni": 53
    },
    "analysis_state": "complete"
}