{
    "apk_name": "673B3CDD6DD8ECAF6FF36CCBC70BE94953FAD411EDD8AF891F40DF0FC3819A56",
    "sha256": "673b3cdd6dd8ecaf6ff36ccbc70be94953fad411edd8af891f40df0fc3819a56",
    "metadata": {
        "package_name": "com.atakmap.android.gbr.pdf.plugin",
        "version_code": "20250517",
        "version_name": "1.2.7 () - [5.4.0]",
        "min_sdk": "26",
        "target_sdk": "34",
        "permissions": [
            "android.permission.ACCESS_NETWORK_STATE",
            "android.permission.BLUETOOTH",
            "android.permission.INTERNET",
            "android.permission.READ_MEDIA_IMAGES",
            "android.permission.READ_MEDIA_STORAGE",
            "android.permission.READ_MEDIA_VIDEO",
            "android.permission.WRITE_EXTERNAL_STORAGE",
            "com.atakmap.android.gbr.pdf.plugin.DYNAMIC_RECEIVER_NOT_EXPORTED_PERMISSION"
        ],
        "activities": [
            "com.atakmap.android.gbr.facade.ml.ExtractionActivity",
            "com.atakmap.android.gbr.pdf.external.PdfReceiverActivity",
            "com.atakmap.app.component",
            "com.google.android.gms.common.api.GoogleApiActivity"
        ],
        "services": [
            "com.google.android.datatransport.runtime.backends.TransportBackendDiscovery",
            "com.google.android.datatransport.runtime.scheduling.jobscheduling.JobInfoSchedulerService",
            "com.google.mlkit.common.internal.MlKitComponentDiscoveryService"
        ],
        "receivers": [
            "androidx.profileinstaller.ProfileInstallReceiver",
            "com.google.android.datatransport.runtime.scheduling.jobscheduling.AlarmManagerSchedulerBroadcastReceiver"
        ],
        "permission_details": {
            "android.permission.ACCESS_NETWORK_STATE": "normal",
            "android.permission.BLUETOOTH": "normal",
            "android.permission.INTERNET": "normal",
            "android.permission.READ_MEDIA_IMAGES": "dangerous",
            "android.permission.READ_MEDIA_STORAGE": "unknown",
            "android.permission.READ_MEDIA_VIDEO": "dangerous",
            "android.permission.WRITE_EXTERNAL_STORAGE": "dangerous",
            "com.atakmap.android.gbr.pdf.plugin.DYNAMIC_RECEIVER_NOT_EXPORTED_PERMISSION": "unknown"
        },
        "risk_counts": {
            "normal": 3,
            "dangerous": 3,
            "unknown": 2
        }
    },
    "stats": {
        "dex_count": 2,
        "native_lib_count": 0
    },
    "jadx": {
        "status": "ok",
        "duration_sec": 65.7,
        "sources_present": true,
        "java_file_count": 11235
    },
    "ast_analysis": {
        "location": 9,
        "microphone": 0,
        "camera": 14,
        "media_projection": 0,
        "dynamic_load": 0,
        "jni": 11
    },
    "analysis_state": "complete",
    "behavioral_structural_data": {
        "api_inventory": {
            "camera": 0,
            "microphone": 1,
            "location": 3,
            "torch": 0,
            "telephony_ops": 0,
            "system_commands": 0,
            "webview_interop": 0,
            "content_access": 5,
            "audio_control": 0,
            "vibration": 0,
            "network_io": 2,
            "scheduling_apis": 20,
            "dynamic_code": 185
        },
        "execution_context": {
            "in_service": 0,
            "in_receiver": 0,
            "in_activity": 0,
            "in_provider": 0,
            "unknown": 216
        },
        "scheduling_mechanisms": {
            "alarm_manager": 5,
            "handler_loop": 14,
            "job_scheduler": 1
        },
        "trigger_types": {
            "auto_triggered": 0,
            "user_triggered": 2
        },
        "dynamic_features": {
            "jni_usage": 7,
            "dynamic_loading": 0,
            "reflection": 178
        }
    }
}