{
    "apk_name": "58B103883A6F5E5EBCEB8B207F11600AECCEDB7982019CB1338113C342D00449",
    "sha256": "58b103883a6f5e5ebceb8b207f11600aeccedb7982019cb1338113c342d00449",
    "metadata": {
        "package_name": "logitude.Mobile.App",
        "version_code": "35",
        "version_name": "1.17",
        "min_sdk": "16",
        "target_sdk": "31",
        "permissions": [
            "android.permission.ACCESS_NETWORK_STATE",
            "android.permission.GET_ACCOUNTS",
            "android.permission.INTERNET",
            "android.permission.RECEIVE_BOOT_COMPLETED",
            "android.permission.WAKE_LOCK",
            "com.google.android.c2dm.permission.RECEIVE",
            "logitude.Mobile.App.permission.C2D_MESSAGE"
        ],
        "activities": [
            "com.google.android.gms.common.api.GoogleApiActivity",
            "crc645c14abc3653757a5.SplashActivity",
            "crc6485fb919fdc3a6ec8.ChangePasswordActivity",
            "crc6485fb919fdc3a6ec8.DeparturesArivalsAvtivity",
            "crc6485fb919fdc3a6ec8.DeparturesArivalsAvtivityShipmentActivity",
            "crc6485fb919fdc3a6ec8.ForgetPasswordActivity",
            "crc6485fb919fdc3a6ec8.HorizontalPagerDemoActivity",
            "crc6485fb919fdc3a6ec8.LoginActivity",
            "crc6485fb919fdc3a6ec8.MainActivity",
            "crc6485fb919fdc3a6ec8.MustChangePasswordActivity",
            "crc6485fb919fdc3a6ec8.SearchActivity",
            "crc6485fb919fdc3a6ec8.SecondForgetPasswordPageActivity",
            "crc6485fb919fdc3a6ec8.SettingActivity",
            "crc6485fb919fdc3a6ec8.ShipmentActivity",
            "crc6485fb919fdc3a6ec8.ShipmentNotificationActivity",
            "crc6485fb919fdc3a6ec8.URLActivity"
        ],
        "services": [
            "com.google.firebase.iid.FirebaseInstanceIdService",
            "com.google.firebase.messaging.FirebaseMessagingService",
            "crc64b709d1cb27c58580.MyFirebaseIIDService",
            "crc64b709d1cb27c58580.MyFirebaseMessagingService"
        ],
        "receivers": [
            "com.google.firebase.iid.FirebaseInstanceIdInternalReceiver",
            "com.google.firebase.iid.FirebaseInstanceIdReceiver",
            "com.google.firebase.iid.FirebaseInstanceIdReceiver"
        ]
    },
    "stats": {
        "dex_count": 1,
        "native_lib_count": 12
    },
    "jadx": {
        "status": "ok",
        "duration_sec": 8.61,
        "sources_present": true,
        "java_file_count": 1525
    },
    "ast_analysis": {
        "location": 0,
        "microphone": 0,
        "camera": 4,
        "media_projection": 0,
        "dynamic_load": 0,
        "jni": 6
    },
    "analysis_state": "complete"
}