{
    "apk_name": "52EABE495C4D42E2DB707406D2A67C79D516B86C44DEF85EFC3AD3C72CC4189F",
    "sha256": "52eabe495c4d42e2db707406d2a67c79d516b86c44def85efc3ad3c72cc4189f",
    "metadata": {
        "package_name": "us.zoom.videomeetings",
        "version_code": "40006",
        "version_name": "@7F07063A",
        "min_sdk": "14",
        "target_sdk": "23",
        "permissions": [
            "android.permission.ACCESS_COARSE_LOCATION",
            "android.permission.ACCESS_FINE_LOCATION",
            "android.permission.ACCESS_NETWORK_STATE",
            "android.permission.ACCESS_WIFI_STATE",
            "android.permission.BLUETOOTH",
            "android.permission.BLUETOOTH_ADMIN",
            "android.permission.BROADCAST_STICKY",
            "android.permission.CALL_PHONE",
            "android.permission.CAMERA",
            "android.permission.INTERNET",
            "android.permission.MODIFY_AUDIO_SETTINGS",
            "android.permission.READ_CALENDAR",
            "android.permission.READ_CONTACTS",
            "android.permission.READ_EXTERNAL_STORAGE",
            "android.permission.READ_PHONE_STATE",
            "android.permission.RECORD_AUDIO",
            "android.permission.SYSTEM_ALERT_WINDOW",
            "android.permission.VIBRATE",
            "android.permission.WAKE_LOCK",
            "android.permission.WRITE_CALENDAR",
            "android.permission.WRITE_EXTERNAL_STORAGE",
            "android.permission.WRITE_SETTINGS",
            "baidu.push.permission.WRITE_PUSHINFOPROVIDER.us.zoom.videomeetings",
            "com.google.android.c2dm.permission.RECEIVE",
            "us.zoom.videomeetings.permission.C2D_MESSAGE",
            "us.zoom.videomeetings.permission.KUBI_MESSAGE"
        ],
        "activities": [
            "com.box.androidsdk.content.auth.OAuthActivity",
            "com.box.boxandroidlibv2.activities.OAuthActivity",
            "com.dropbox.client2.android.AuthActivity",
            "com.zipow.videobox.AddFavoriteActivity",
            "com.zipow.videobox.AddrBookItemDetailsActivity",
            "com.zipow.videobox.AddrBookSetNumberActivity",
            "com.zipow.videobox.AddrBookSettingActivity",
            "com.zipow.videobox.AddrBookVerifyNumberActivity",
            "com.zipow.videobox.BuddyInviteActivity",
            "com.zipow.videobox.CallInActivity",
            "com.zipow.videobox.CallingActivity",
            "com.zipow.videobox.ConfActivityNormal",
            "com.zipow.videobox.ConfChatActivityOld",
            "com.zipow.videobox.FeedbackActivity",
            "com.zipow.videobox.ForgetPasswordActivity",
            "com.zipow.videobox.IMActivity",
            "com.zipow.videobox.IMChatActivity",
            "com.zipow.videobox.IntegrationActivity",
            "com.zipow.videobox.InviteActivity",
            "com.zipow.videobox.JoinByURLActivity",
            "com.zipow.videobox.JoinConfActivity",
            "com.zipow.videobox.LauncherActivity",
            "com.zipow.videobox.LoginActivity",
            "com.zipow.videobox.MMChatActivity",
            "com.zipow.videobox.MMChatInfoActivity",
            "com.zipow.videobox.MMSelectContactsActivity",
            "com.zipow.videobox.MMShareActivity",
            "com.zipow.videobox.MeetingEndMessageActivity",
            "com.zipow.videobox.MeetingInfoActivity",
            "com.zipow.videobox.MeetingRunningInfoActivity",
            "com.zipow.videobox.MyProfileActivity",
            "com.zipow.videobox.PListActivity",
            "com.zipow.videobox.ScheduleActivity",
            "com.zipow.videobox.SetPasswordActivity",
            "com.zipow.videobox.SettingActivity",
            "com.zipow.videobox.SignupActivity",
            "com.zipow.videobox.SimpleActivity",
            "com.zipow.videobox.SimpleInMeetingActivity",
            "com.zipow.videobox.SystemNotificationActivity",
            "com.zipow.videobox.WelcomeActivity",
            "com.zipow.videobox.poll.PollingActivity",
            "com.zipow.videobox.poll.PollingResultActivity",
            "com.zipow.videobox.poll.WebinarPollingActivity",
            "com.zipow.videobox.poll.WebinarPollingResultActivity",
            "us.zoom.androidlib.app.ZMFileListActivity"
        ],
        "services": [
            "com.baidu.android.pushservice.CommandService",
            "com.baidu.android.pushservice.PushService",
            "com.zipow.videobox.ConfService",
            "com.zipow.videobox.PTService",
            "com.zipow.videobox.kubi.KubiService",
            "com.zipow.videobox.stabilility.StabilityService"
        ],
        "receivers": [
            "com.baidu.android.pushservice.PushServiceReceiver",
            "com.baidu.android.pushservice.RegistrationReceiver",
            "com.zipow.videobox.WakeUpMessagesReceiver",
            "com.zipow.videobox.config.ConfigReader",
            "com.zipow.videobox.config.ConfigWriter",
            "com.zipow.videobox.nos.BaiduPushReceiver",
            "com.zipow.videobox.nos.C2DMReceiver",
            "com.zipow.videobox.nos.NetworkStatusReceiver",
            "com.zipow.videobox.sdk.QueryRequestReceiver"
        ]
    },
    "stats": {
        "dex_count": 1,
        "native_lib_count": 50
    },
    "jadx": {
        "status": "ok",
        "duration_sec": 20.96,
        "sources_present": true,
        "java_file_count": 2326
    },
    "ast_analysis": {
        "location": 5,
        "microphone": 1,
        "camera": 13,
        "media_projection": 5,
        "dynamic_load": 0,
        "jni": 42
    },
    "analysis_state": "complete"
}