{
    "apk_name": "CC5776BEB9B250E50C53288A445DC99B41E2D824D99F21E5D68110CD3C672EC3",
    "sha256": "cc5776beb9b250e50c53288a445dc99b41e2d824d99f21e5d68110cd3c672ec3",
    "metadata": {
        "package_name": "com.sxm.farpoolcar",
        "version_code": "191",
        "version_name": "8.5.1",
        "min_sdk": "21",
        "target_sdk": "28",
        "permissions": [
            "android.permission.ACCESS_BACKGROUND_LOCATION",
            "android.permission.ACCESS_COARSE_LOCATION",
            "android.permission.ACCESS_FINE_LOCATION",
            "android.permission.ACCESS_LOCATION_EXTRA_COMMANDS",
            "android.permission.ACCESS_NETWORK_STATE",
            "android.permission.ACCESS_WIFI_STATE",
            "android.permission.CALL_PHONE",
            "android.permission.CAMERA",
            "android.permission.CHANGE_NETWORK_STATE",
            "android.permission.CHANGE_WIFI_STATE",
            "android.permission.FLASHLIGHT",
            "android.permission.FOREGROUND_SERVICE",
            "android.permission.GET_TASKS",
            "android.permission.INTERNET",
            "android.permission.MOUNT_UNMOUNT_FILESYSTEMS",
            "android.permission.QUERY_ALL_PACKAGES",
            "android.permission.READ_CONTACTS",
            "android.permission.READ_EXTERNAL_STORAGE",
            "android.permission.READ_PHONE_STATE",
            "android.permission.RECEIVE_USER_PRESENT",
            "android.permission.RECORD_AUDIO",
            "android.permission.REORDER_TASKS",
            "android.permission.REQUEST_INSTALL_PACKAGES",
            "android.permission.SYSTEM_ALERT_WINDOW",
            "android.permission.VIBRATE",
            "android.permission.WAKE_LOCK",
            "android.permission.WRITE_EXTERNAL_STORAGE",
            "android.permission.WRITE_SETTINGS",
            "com.asus.msa.SupplementaryDID.ACCESS",
            "com.coloros.mcs.permission.RECIEVE_MCS_MESSAGE",
            "com.google.android.finsky.permission.BIND_GET_INSTALL_REFERRER_SERVICE",
            "com.heytap.mcs.permission.RECIEVE_MCS_MESSAGE",
            "com.huawei.android.launcher.permission.CHANGE_BADGE",
            "com.huawei.appmarket.service.commondata.permission.GET_COMMON_DATA",
            "com.meizu.c2dm.permission.RECEIVE",
            "com.meizu.flyme.permission.PUSH",
            "com.meizu.flyme.push.permission.RECEIVE",
            "com.sxm.farpoolcar.openadsdk.permission.TT_PANGOLIN",
            "com.sxm.farpoolcar.permission.C2D_MESSAGE",
            "com.sxm.farpoolcar.permission.JPUSH_MESSAGE",
            "com.sxm.farpoolcar.permission.MIPUSH_RECEIVE",
            "com.sxm.farpoolcar.permission.PROCESS_PUSH_MSG",
            "com.sxm.farpoolcar.permission.PUSH_PROVIDER",
            "com.sxm.farpoolcar.push.permission.MESSAGE",
            "com.vivo.notification.permission.BADGE_ICON",
            "freemme.permission.msa"
        ],
        "activities": [
            "cn.android.service.JTransitActivity",
            "cn.jpush.android.service.DActivity",
            "cn.jpush.android.service.JNotifyActivity",
            "cn.jpush.android.ui.PopWinActivity",
            "cn.jpush.android.ui.PushActivity",
            "com.alipay.sdk.app.APayEntranceActivity",
            "com.alipay.sdk.app.AlipayResultActivity",
            "com.alipay.sdk.app.H5AuthActivity",
            "com.alipay.sdk.app.H5OpenAuthActivity",
            "com.alipay.sdk.app.H5PayActivity",
            "com.alipay.sdk.app.PayResultActivity",
            "com.bytedance.sdk.openadsdk.stub.activity.Stub_Activity",
            "com.bytedance.sdk.openadsdk.stub.activity.Stub_SingleTask_Activity",
            "com.bytedance.sdk.openadsdk.stub.activity.Stub_SingleTask_Activity_T",
            "com.bytedance.sdk.openadsdk.stub.activity.Stub_Standard_Activity",
            "com.bytedance.sdk.openadsdk.stub.activity.Stub_Standard_Activity_T",
            "com.bytedance.sdk.openadsdk.stub.activity.Stub_Standard_Landscape_Activity",
            "com.bytedance.sdk.openadsdk.stub.activity.Stub_Standard_Portrait_Activity",
            "com.chuanglan.shanyan_sdk.view.CTCCPrivacyProtocolActivity",
            "com.chuanglan.shanyan_sdk.view.CmccLoginActivity",
            "com.chuanglan.shanyan_sdk.view.ShanYanOneKeyActivity",
            "com.huawei.hms.activity.BridgeActivity",
            "com.huawei.hms.activity.EnableServiceActivity",
            "com.huawei.hms.support.api.push.TransActivity",
            "com.nade.commenlib.AppPermissionManagerActivity",
            "com.nade.commenlib.ErrorCodeActivity",
            "com.nade.commenlib.PermissionSetActivity",
            "com.nade.commenlib.freecar.report.ReportActivity",
            "com.nade.commenlib.h5.CommonH5Activity",
            "com.nade.commenlib.h5.GameCenterActivity",
            "com.nade.commenlib.h5.H5ErrorActivity",
            "com.nade.commenlib.h5.NotReceiveSmsCodeActivity",
            "com.nade.commenlib.h5.ThirdPartyH5Activity",
            "com.nade.commenlib.ocr.CheckActivity",
            "com.nade.commenlib.ocr.OcrSimpleActivity",
            "com.nade.commenlib.ocr.UserVerifySimpleActivity",
            "com.nade.commenlib.photoalbum.PhotoAlbumActivity",
            "com.nade.commenlib.pullnewuser.PullANewUserActivity",
            "com.nade.commenlib.push.PushTransparentActivity",
            "com.nade.commenlib.util.image.PictureActivity",
            "com.nade.commenlib.utils.BigPictureActivity",
            "com.nade.commenlib.utils.ShowBigImageActivity",
            "com.nade.commenlib.view.DialogActivity",
            "com.nade.commenlib.wechatsubscribe.WeChatServiceActivity",
            "com.qq.e.ads.ADActivity",
            "com.qq.e.ads.DialogActivity",
            "com.qq.e.ads.LandscapeADActivity",
            "com.qq.e.ads.PortraitADActivity",
            "com.qq.e.ads.RewardvideoLandscapeADActivity",
            "com.qq.e.ads.RewardvideoPortraitADActivity",
            "com.sender.yiwei.login.ui.BindPhoneActivity",
            "com.sender.yiwei.login.ui.ImageCodeActivity",
            "com.sender.yiwei.login.ui.InputChangePwdPhoneActivity",
            "com.sender.yiwei.login.ui.InputLoginPhonePwdActivity",
            "com.sender.yiwei.login.ui.InputLoginPwdActivity",
            "com.sender.yiwei.login.ui.InputMsgCodeActivity",
            "com.sender.yiwei.login.ui.InputPhoneActivity",
            "com.sender.yiwei.personal.UserAbnormalDialogActivity",
            "com.sender.yiwei.personal.account.AccountActivity",
            "com.sender.yiwei.personal.account.AddAccountActivity",
            "com.sender.yiwei.personal.account.BillActivity",
            "com.sender.yiwei.personal.account.ChangePwdActivity",
            "com.sender.yiwei.personal.account.ChooseAccountActivity",
            "com.sender.yiwei.personal.account.DepositActivity",
            "com.sender.yiwei.personal.account.DepositSuccessActivity",
            "com.sender.yiwei.personal.account.FreezeReasonActivity",
            "com.sender.yiwei.personal.account.RechargeActivity",
            "com.sender.yiwei.personal.account.SetNewActivity",
            "com.sender.yiwei.personal.account.SetPwdActivity",
            "com.sender.yiwei.personal.account.coupons.CouponsActivity",
            "com.sender.yiwei.personal.account.owneraccount.OwnerInAccountingActivity",
            "com.sender.yiwei.personal.cancellationuser.CancellationAccountActivity",
            "com.sender.yiwei.personal.cancellationuser.CancellationSuccessActivity",
            "com.sender.yiwei.personal.contactPlatform.CommonPhraseListActivity",
            "com.sender.yiwei.personal.contactPlatform.ContactActivity",
            "com.sender.yiwei.personal.contactPlatform.EditCommonPhraseActivity",
            "com.sender.yiwei.personal.entrance.MineActivity",
            "com.sender.yiwei.personal.evaluate.EvaluateActivity",
            "com.sender.yiwei.personal.evaluate.ShowEvaluateActivity",
            "com.sender.yiwei.personal.evaluateDetail.UserCardActivity",
            "com.sender.yiwei.personal.evaluateDetail.starEvaluate.ReceiveLabelActivity",
            "com.sender.yiwei.personal.evaluateDetail.starEvaluate.StarGradeActivity",
            "com.sender.yiwei.personal.help.BuyNewCardWebActivity",
            "com.sender.yiwei.personal.help.CommonWebActivity",
            "com.sender.yiwei.personal.help.HelpCenterActivity",
            "com.sender.yiwei.personal.help.HelpWebActicity",
            "com.sender.yiwei.personal.help.activity.SpecialActivity",
            "com.sender.yiwei.personal.help.dialogweb.DialogWebActivity",
            "com.sender.yiwei.personal.mine.BlackListActivity",
            "com.sender.yiwei.personal.mine.ChangeUserHeadAvaterActivity",
            "com.sender.yiwei.personal.mine.DiDaUserCredibilityActivity",
            "com.sender.yiwei.personal.mine.DiDaUserInfoActivity",
            "com.sender.yiwei.personal.mine.GradeInfoActivity",
            "com.sender.yiwei.personal.mine.ReCommendedCheckActivity",
            "com.sender.yiwei.personal.mine.SetPrivacyActivity",
            "com.sender.yiwei.personal.mine.UserCredibilityActivity",
            "com.sender.yiwei.personal.mine.UserInfoActivity",
            "com.sender.yiwei.personal.msg.YVMessageActivity",
            "com.sender.yiwei.personal.pay.CompleteActivity",
            "com.sender.yiwei.personal.pay.PayActivity",
            "com.sender.yiwei.personal.safe.CallPoliceActivity",
            "com.sender.yiwei.personal.safe.SafeCenterActivity",
            "com.sender.yiwei.personal.safe.SafeVerifyActivity",
            "com.sender.yiwei.personal.set.AudioSwitchActivity",
            "com.sender.yiwei.personal.set.BindNewPhoneActivity",
            "com.sender.yiwei.personal.set.ChangeLoginPwdActivity",
            "com.sender.yiwei.personal.set.DeveloperChengIpActivity",
            "com.sender.yiwei.personal.set.SetActivity",
            "com.sender.yiwei.personal.set.VerifyOriginActivity",
            "com.sender.yiwei.personal.sharepromote.SharePromoteActivity",
            "com.sender.yiwei.personal.touristsmode.TouristsRuleActivity",
            "com.sender.yiwei.personal.touristsmode.TouristsSetActivity",
            "com.sender.yiwei.personal.touristsmode.TouristsUserHomeActivity",
            "com.sender.yiwei.personal.verify.ApplyCarStickerActivity",
            "com.sender.yiwei.personal.verify.SubmitSuccessActivity",
            "com.ss.android.downloadlib.activity.JumpKllkActivity",
            "com.ss.android.downloadlib.activity.TTDelegateActivity",
            "com.ss.android.downloadlib.addownload.compliance.AppDetailInfoActivity",
            "com.ss.android.downloadlib.addownload.compliance.AppPrivacyPolicyActivity",
            "com.ss.android.socialbase.appdownloader.view.DownloadTaskDeleteActivity",
            "com.ss.android.socialbase.appdownloader.view.JumpUnknownSourceActivity",
            "com.sxm.farpoolcar.wxapi.WXEntryActivity",
            "com.sxm.farpoolcar.wxapi.WXPayEntryActivity",
            "com.sxm.farpoolcar.yivifarpoolcar.MainActivity",
            "com.sxm.farpoolcar.yivifarpoolcar.StartActivity",
            "com.sxm.farpoolcar.yivifarpoolcar.tourists.TouristsModeHomeActivity",
            "com.sxm.farpoolcar.yivifarpoolcar.tourists.TouristsRuleActivity",
            "com.sxm.farpoolcar.yivifarpoolcar.tourists.TouristsSetActivity",
            "com.sxm.farpoolcar.yivifarpoolcar.tourists.TouristsUserCenterActivity",
            "com.tencent.connect.common.AssistActivity",
            "com.tencent.tauth.AuthActivity",
            "com.wildma.idcardcamera.camera.CameraActivity",
            "com.xiaomi.mipush.sdk.NotificationClickedActivity",
            "com.yiwei.business.commui.NetErrorActivity",
            "com.yiwei.business.nearorder.CityListActivity",
            "com.yiwei.business.nearorder.PassNearOwnerListActivity",
            "com.yiwei.business.owner.ui.MonitorEditListActivity",
            "com.yiwei.business.owner.ui.OwnerCancelApplySuccessActivity",
            "com.yiwei.business.owner.ui.OwnerCarCardActivity",
            "com.yiwei.business.owner.ui.OwnerCryServiceActivity",
            "com.yiwei.business.owner.ui.OwnerMainActivity",
            "com.yiwei.business.owner.ui.OwnerMonitorAddLineActivity",
            "com.yiwei.business.owner.ui.OwnerOrderCenterActivity",
            "com.yiwei.business.owner.ui.OwnerOrderCompalintActivity",
            "com.yiwei.business.owner.ui.OwnerOrderComplaintListActivity",
            "com.yiwei.business.owner.ui.OwnerOrderMapActivity",
            "com.yiwei.business.owner.ui.OwnerSendServiceActivity",
            "com.yiwei.business.owner.ui.OwnerSenderInfoActivity",
            "com.yiwei.business.owner.ui.OwnerServiceDetailActivty",
            "com.yiwei.business.owner.ui.OwnerServiceMatchActivity",
            "com.yiwei.business.owner.ui.OwnerServiceMatchListActivity",
            "com.yiwei.business.owner.ui.ShowOwnerCryListWindowActivity",
            "com.yiwei.business.owner.ui.ordercancel.OrderCancelActivity",
            "com.yiwei.business.owner.ui.passinvite.PassInviteActivity",
            "com.yiwei.business.passandsend.fastorder.ui.AccountDetailActivity",
            "com.yiwei.business.passandsend.fastorder.ui.ChooseCancelReasonActvity",
            "com.yiwei.business.passandsend.fastorder.ui.PassReleaseFastOrderActivity",
            "com.yiwei.business.passandsend.fastorder.ui.PassReleaseOnlineOrderActivity",
            "com.yiwei.business.passandsend.ui.AddAddressActivity",
            "com.yiwei.business.passandsend.ui.AddCommonRouteActivity",
            "com.yiwei.business.passandsend.ui.AddressActivity",
            "com.yiwei.business.passandsend.ui.AppealActivity",
            "com.yiwei.business.passandsend.ui.AppealListActivity",
            "com.yiwei.business.passandsend.ui.BiddingOwnersActivity",
            "com.yiwei.business.passandsend.ui.CommonEndListActivity",
            "com.yiwei.business.passandsend.ui.DidaReleaseFreeActivity",
            "com.yiwei.business.passandsend.ui.EditCommonEndActivity",
            "com.yiwei.business.passandsend.ui.EditCommonRouteActivity",
            "com.yiwei.business.passandsend.ui.FreeOrderInfoActivity",
            "com.yiwei.business.passandsend.ui.FreeOrderPriceDetailActivity",
            "com.yiwei.business.passandsend.ui.GameAuthorizationActivity",
            "com.yiwei.business.passandsend.ui.HistoryAddressActivity",
            "com.yiwei.business.passandsend.ui.MapFindOrderActivity",
            "com.yiwei.business.passandsend.ui.MatchActivity",
            "com.yiwei.business.passandsend.ui.OrderCenterActivity",
            "com.yiwei.business.passandsend.ui.OrderDetailMapActivity",
            "com.yiwei.business.passandsend.ui.OrderInfoMapContainerActivity",
            "com.yiwei.business.passandsend.ui.OwnerCryOfferActivity",
            "com.yiwei.business.passandsend.ui.PassAppealListActivity",
            "com.yiwei.business.passandsend.ui.PassOrderComplaintActivity",
            "com.yiwei.business.passandsend.ui.PassReleaseActivity",
            "com.yiwei.business.passandsend.ui.PassServiceMatchRouteActivity",
            "com.yiwei.business.passandsend.ui.PassUpdateMatchOrderActivity",
            "com.yiwei.business.passandsend.ui.ReleaseActivity",
            "com.yiwei.business.passandsend.ui.ReleaseBuyMeActivity",
            "com.yiwei.business.passandsend.ui.ReleaseHelpActivity",
            "com.yiwei.business.passandsend.ui.ReleaseHourActivity",
            "com.yiwei.business.passandsend.ui.ReleasePetActivity",
            "com.yiwei.business.passandsend.ui.SeeLocationActivity",
            "com.yiwei.business.passandsend.ui.SelectCityActivity",
            "com.yiwei.business.passandsend.ui.SelectPositionActivity",
            "com.yiwei.business.passandsend.ui.SendMapMsgActivity",
            "com.yiwei.business.passandsend.ui.SenderSelectPositionActivity",
            "com.yiwei.business.passandsend.ui.TripRecordActivity",
            "com.yiwei.business.passandsend.ui.TripRecordingActivity",
            "com.yiwei.business.passandsend.ui.pintuan.PassJoinPinTuanActivity",
            "com.yiwei.business.passandsend.ui.pintuan.PassMatchPinTuanActivity",
            "com.yiwei.business.passandsend.ui.pintuan.PassNearSpellGroupActivity",
            "com.yiwei.business.passandsend.ui.pintuan.PassReleasePinTuanActivity",
            "com.yiwei.business.passandsend.ui.pintuan.PassSearchPinTuanActivity",
            "com.yiwei.business.thirdfreeorder.OwnerThridFreeOrderActivity",
            "com.yiwei.business.yvwall.CommentsListActivity",
            "com.yiwei.business.yvwall.ReplyRecommentActivity",
            "com.yiwei.business.yvwall.SendTeasingActivity",
            "com.yiwei.business.yvwall.TeasingDeteilActivity",
            "com.yiwei.business.yvwall.VedioActivity",
            "com.yiwei.business.yvwall.YvWallMainActivity"
        ],
        "services": [
            "cn.jpush.android.service.DaemonService",
            "cn.jpush.android.service.PushService",
            "com.amap.api.location.APSService",
            "com.huawei.agconnect.core.ServiceDiscovery",
            "com.huawei.hms.support.api.push.service.HmsMsgService",
            "com.meizu.cloud.pushsdk.NotificationService",
            "com.nade.commenlib.mqtt.MQTTService",
            "com.qq.e.comm.DownloadService",
            "com.ss.android.socialbase.appdownloader.DownloadHandlerService",
            "com.ss.android.socialbase.appdownloader.RetryJobSchedulerService",
            "com.ss.android.socialbase.downloader.downloader.DownloadService",
            "com.ss.android.socialbase.downloader.downloader.IndependentProcessDownloadService",
            "com.ss.android.socialbase.downloader.downloader.SqlDownloadCacheService",
            "com.ss.android.socialbase.downloader.impls.DownloadHandleService",
            "com.ss.android.socialbase.downloader.notification.DownloadNotificationService",
            "com.sxm.farpoolcar.yivifarpoolcar.audio.AudioService",
            "com.xiaomi.mipush.sdk.MessageHandleService",
            "com.xiaomi.mipush.sdk.PushMessageHandler",
            "com.xiaomi.push.service.XMJobService",
            "com.xiaomi.push.service.XMPushService",
            "com.yiwei.business.triprecordservice.NotificationService",
            "com.yiwei.push.target.huawei.MyHmsMessageService",
            "com.yiwei.push.target.jiguang.MyJPushService",
            "com.yiwei.websocket.mainprocess.MainProcessCommandService",
            "com.yiwei.websocket.socketprocess.WebSocketService",
            "org.eclipse.paho.android.service.MqttService"
        ],
        "receivers": [
            "cn.jpush.android.asus.AsusPushMessageReceiver",
            "cn.jpush.android.service.AlarmReceiver",
            "cn.jpush.android.service.PushReceiver",
            "cn.jpush.android.service.SchedulerReceiver",
            "com.huawei.hms.analytics.receiver.HiAnalyticsSvcEvtReceiver",
            "com.huawei.hms.support.api.push.PushMsgReceiver",
            "com.huawei.hms.support.api.push.PushReceiver",
            "com.meizu.cloud.pushsdk.MzPushSystemReceiver",
            "com.ss.android.downloadlib.core.download.DownloadReceiver",
            "com.xiaomi.push.service.receivers.NetworkStatusReceiver",
            "com.xiaomi.push.service.receivers.PingReceiver",
            "com.yiwei.push.target.jiguang.MyJPushEventReceive",
            "com.yiwei.push.target.meizu.MyMeizuMessageReceiver",
            "com.yiwei.push.target.xiaomi.MyXiaomiBroadcastReceiver"
        ]
    },
    "stats": {
        "dex_count": 1,
        "native_lib_count": 32
    },
    "jadx": {
        "status": "ok",
        "duration_sec": 2.92,
        "sources_present": true,
        "java_file_count": 28
    },
    "ast_analysis": {
        "location": 0,
        "microphone": 0,
        "camera": 3,
        "media_projection": 0,
        "dynamic_load": 0,
        "jni": 3
    },
    "analysis_state": "complete"
}