{
    "apk_name": "972C8A4ADDE142514CF980C471BFB507CFA075F9173CC6E5D3B882AB4636E688",
    "sha256": "972c8a4adde142514cf980c471bfb507cfa075f9173cc6e5d3b882ab4636e688",
    "metadata": {
        "package_name": "com.kiloo.subwaysurf",
        "version_code": "30700",
        "version_name": "3.07.0",
        "min_sdk": "17",
        "target_sdk": "26",
        "permissions": [
            "MediaStore.Images.Media.EXTERNAL_CONTENT_URI",
            "android.permission.ACCESS_COARSE_LOCATION",
            "android.permission.ACCESS_COARSE_UPDATES",
            "android.permission.ACCESS_FINE_LOCATION",
            "android.permission.ACCESS_LOCATION_EXTRA_COMMANDS",
            "android.permission.ACCESS_NETWORK_STATE",
            "android.permission.ACCESS_WIFI_STATE",
            "android.permission.BATTERY_STATS",
            "android.permission.BLUETOOTH",
            "android.permission.BLUETOOTH_ADMIN",
            "android.permission.CHANGE_NETWORK_STATE",
            "android.permission.CHANGE_WIFI_STATE",
            "android.permission.FOREGROUND_SERVICE",
            "android.permission.GET_DETAILED_TASKS",
            "android.permission.GET_TASKS",
            "android.permission.INTERNET",
            "android.permission.MODIFY_AUDIO_SETTINGS",
            "android.permission.MOUNT_UNMOUNT_FILESYSTEMS",
            "android.permission.READ_EXTERNAL_STORAGE",
            "android.permission.READ_PHONE_STATE",
            "android.permission.REORDER_TASKS",
            "android.permission.REQUEST_INSTALL_PACKAGES",
            "android.permission.SYSTEM_ALERT_WINDOW",
            "android.permission.SYSTEM_OVERLAY_WINDOW",
            "android.permission.VIBRATE",
            "android.permission.WAKE_LOCK",
            "android.permission.WRITE_EXTERNAL_STORAGE",
            "android.permission.WRITE_SETTINGS",
            "com.kiloo.subwaysurf.permission.KW_SDK_BROADCAST",
            "com.skynet.permission.ACCESS_DATA_REPORT_SERVICE"
        ],
        "activities": [
            "cn.jiguang.verifysdk.CtLoginActivity",
            "com.baidu.mobads.AppActivity",
            "com.baidu.mobads.production.rewardvideo.MobRewardVideoActivity",
            "com.bytedance.sdk.openadsdk.activity.TTDelegateActivity",
            "com.bytedance.sdk.openadsdk.activity.TTFullScreenExpressVideoActivity",
            "com.bytedance.sdk.openadsdk.activity.TTFullScreenVideoActivity",
            "com.bytedance.sdk.openadsdk.activity.TTLandingPageActivity",
            "com.bytedance.sdk.openadsdk.activity.TTPlayableLandingPageActivity",
            "com.bytedance.sdk.openadsdk.activity.TTRewardExpressVideoActivity",
            "com.bytedance.sdk.openadsdk.activity.TTRewardVideoActivity",
            "com.bytedance.sdk.openadsdk.activity.TTVideoLandingPageActivity",
            "com.cmic.sso.sdk.activity.LoginAuthActivity",
            "com.cmic.sso.sdk.activity.OAuthActivity",
            "com.didi.virtualapk.core.A$1",
            "com.didi.virtualapk.core.A$2",
            "com.didi.virtualapk.core.B$1",
            "com.didi.virtualapk.core.B$2",
            "com.didi.virtualapk.core.B$3",
            "com.didi.virtualapk.core.B$4",
            "com.didi.virtualapk.core.B$5",
            "com.didi.virtualapk.core.B$6",
            "com.didi.virtualapk.core.B$7",
            "com.didi.virtualapk.core.B$8",
            "com.didi.virtualapk.core.C$1",
            "com.didi.virtualapk.core.C$2",
            "com.didi.virtualapk.core.C$3",
            "com.didi.virtualapk.core.C$4",
            "com.didi.virtualapk.core.C$5",
            "com.didi.virtualapk.core.C$6",
            "com.didi.virtualapk.core.C$7",
            "com.didi.virtualapk.core.C$8",
            "com.didi.virtualapk.core.D$1",
            "com.didi.virtualapk.core.D$2",
            "com.didi.virtualapk.core.D$3",
            "com.didi.virtualapk.core.D$4",
            "com.didi.virtualapk.core.D$5",
            "com.didi.virtualapk.core.D$6",
            "com.didi.virtualapk.core.D$7",
            "com.didi.virtualapk.core.D$8",
            "com.didi.virtualapk.delegate.StubActivity",
            "com.excelliance.kxqp.platform.ChooseAccountTypeActivity",
            "com.excelliance.kxqp.platform.ChooseTypeAndAccountActivity",
            "com.excelliance.kxqp.platform.ChooserActivity",
            "com.excelliance.kxqp.platform.PubTrampolineActivity",
            "com.excelliance.kxqp.platform.TrampolineActivity",
            "com.excelliance.kxqp.platform.proxy.gameplugin.ActivityProxy$P00",
            "com.excelliance.kxqp.platform.proxy.gameplugin.ActivityProxy$P01",
            "com.excelliance.kxqp.platform.proxy.gameplugin.ActivityProxy$P02",
            "com.excelliance.kxqp.platform.proxy.gameplugin.ActivityProxy$P03",
            "com.excelliance.kxqp.platform.proxy.gameplugin.ActivityProxy$P04",
            "com.excelliance.kxqp.platform.proxy.gameplugin.ActivityProxy$P05",
            "com.excelliance.kxqp.platform.proxy.gameplugin.ActivityProxy$P06",
            "com.excelliance.kxqp.platform.proxy.gameplugin.ActivityProxy$P07",
            "com.excelliance.kxqp.platform.proxy.gameplugin.ActivityProxy$P08",
            "com.excelliance.kxqp.platform.proxy.gameplugin.ActivityProxy$P09",
            "com.excelliance.kxqp.platform.proxy.gameplugin.ActivityProxyT$P00",
            "com.excelliance.kxqp.platform.proxy.gameplugin.ActivityProxyT$P01",
            "com.excelliance.kxqp.platform.proxy.gameplugin.ActivityProxyT$P02",
            "com.excelliance.kxqp.platform.proxy.gameplugin.ActivityProxyT$P03",
            "com.excelliance.kxqp.platform.proxy.gameplugin.ActivityProxyT$P04",
            "com.excelliance.kxqp.platform.proxy.gameplugin.ActivityProxyT$P05",
            "com.excelliance.kxqp.platform.proxy.gameplugin.ActivityProxyT$P06",
            "com.excelliance.kxqp.platform.proxy.gameplugin.ActivityProxyT$P07",
            "com.excelliance.kxqp.platform.proxy.gameplugin.ActivityProxyT$P08",
            "com.excelliance.kxqp.platform.proxy.gameplugin.ActivityProxyT$P09",
            "com.excelliance.lbsdk.base.ForwardActivity",
            "com.excelliance.open.AssistActivity",
            "com.excelliance.open.NextChapter",
            "com.excelliance.open.PromptActivity",
            "com.ids.ads.adx.AdxInterstitialActivity",
            "com.ids.ads.adx.AdxVideoActivity",
            "com.ids.ads.adx.api.DelegateActivity",
            "com.ids.ads.platform.interstitialnative.InterstitialNativeActivity",
            "com.ids.ads.platform.videonative.VideoNativeActivity",
            "com.joomob.activity.AdVideoActivity",
            "com.kiloo.subwaysurf.GameStartActivity",
            "com.kiloo.subwaysurf.RRAndroidPluginActivity",
            "com.kiloo.subwaysurf.SubwaySurfActivity",
            "com.kiloo.subwaysurf.SubwaySurfNativeActivity",
            "com.kiloo.subwaysurf.SubwaySurfProxyActivity",
            "com.kiloo.subwaysurf.others.SplashActivity",
            "com.kiloo.subwaysurf.wxapi.WXEntryActivity",
            "com.kwad.sdk.core.page.AdWebViewActivity",
            "com.kwad.sdk.feed.FeedDownloadActivity",
            "com.kwad.sdk.fullscreen.KsFullScreenVideoActivity",
            "com.kwad.sdk.reward.KSRewardVideoActivity",
            "com.mintegral.msdk.activity.MTGCommonActivity",
            "com.mintegral.msdk.interactiveads.activity.InteractiveShowActivity",
            "com.mintegral.msdk.interstitial.view.MTGInterstitialActivity",
            "com.mintegral.msdk.reward.player.MTGRewardVideoActivity",
            "com.ms.sdk.common.splash.MsSplashActivity",
            "com.ms.sdk.plugin.payment.ledou.alipay.h5.H5PayActivity",
            "com.ms.sdk.plugin.payment.ledou.wechat.h5.H5PayActivity",
            "com.qq.e.ads.ADActivity",
            "com.qq.e.ads.LandscapeADActivity",
            "com.qq.e.ads.PortraitADActivity",
            "com.qq.e.ads.RewardvideoLandscapeADActivity",
            "com.qq.e.ads.RewardvideoPortraitADActivity",
            "com.ss.android.downloadlib.activity.TTDelegateActivity",
            "com.ss.android.socialbase.appdownloader.view.DownloadSizeLimitActivity",
            "com.ss.android.socialbase.appdownloader.view.DownloadTaskDeleteActivity",
            "com.tencent.connect.common.AssistActivity",
            "com.tencent.tauth.AuthActivity",
            "com.uniplay.adsdk.AdActivity",
            "com.uniplay.adsdk.InterstitialAdActivity",
            "com.uniplay.adsdk.NetworkChangeActivity",
            "com.unity3d.player.VideoPlayer",
            "com.xy.sdk.ControllerActivity",
            "com.xy.sdk.LandingPageActivity",
            "mobi.oneway.export.AdShowActivity"
        ],
        "services": [
            "com.amap.api.location.APSService",
            "com.bytedance.sdk.openadsdk.multipro.aidl.BinderPoolService",
            "com.bytedance.tea.crash.upload.CrashUploadService",
            "com.didi.virtualapk.delegate.LocalService",
            "com.didi.virtualapk.delegate.RemoteService",
            "com.dsstate.v2.odr.ODRService",
            "com.excelliance.kxqp.platform.JobProxyService",
            "com.excelliance.kxqp.platform.PluginManagerService",
            "com.excelliance.kxqp.platform.TrampolineService",
            "com.excelliance.kxqp.platform.TrampolineService$EmptyService",
            "com.excelliance.kxqp.platform.proxy.gameplugin.ServiceProxy$P00",
            "com.excelliance.kxqp.platform.proxy.gameplugin.ServiceProxy$P01",
            "com.excelliance.kxqp.platform.proxy.gameplugin.ServiceProxy$P02",
            "com.excelliance.kxqp.platform.proxy.gameplugin.ServiceProxy$P03",
            "com.excelliance.kxqp.platform.proxy.gameplugin.ServiceProxy$P04",
            "com.excelliance.kxqp.platform.proxy.gameplugin.ServiceProxy$P05",
            "com.excelliance.kxqp.platform.proxy.gameplugin.ServiceProxy$P06",
            "com.excelliance.kxqp.platform.proxy.gameplugin.ServiceProxy$P07",
            "com.excelliance.kxqp.platform.proxy.gameplugin.ServiceProxy$P08",
            "com.excelliance.kxqp.platform.proxy.gameplugin.ServiceProxy$P09",
            "com.excelliance.lbsdk.base.AssistService",
            "com.excelliance.lbsdk.base.BaseService",
            "com.excelliance.lbsdk.debug.LBSdkCrashReportService",
            "com.excelliance.lbsdk.main.BGService",
            "com.ids.ads.adutil.download.ApkDownloadService",
            "com.ksad.download.service.DownloadService",
            "com.kwai.filedownloader.services.FileDownloadService$SeparateProcessService",
            "com.kwai.filedownloader.services.FileDownloadService$SharedMainProcessService",
            "com.mintegral.msdk.shell.MTGService",
            "com.qq.e.comm.DownloadService",
            "com.skynet.android.tools.AppRestartService",
            "com.ss.android.socialbase.appdownloader.DownloadHandlerService",
            "com.ss.android.socialbase.downloader.downloader.DownloadService",
            "com.ss.android.socialbase.downloader.downloader.IndependentProcessDownloadService",
            "com.ss.android.socialbase.downloader.impls.DownloadHandleService",
            "com.ss.android.socialbase.downloader.notification.DownloadNotificationService",
            "com.uniplay.adsdk.DownloadService"
        ],
        "receivers": [
            "com.bytedance.embedapplog.collector.Collector",
            "com.excelliance.kxqp.platform.TrampolineReceiver",
            "com.excelliance.kxqp.platform.proxy.gameplugin.ReceiverProxy$P00",
            "com.excelliance.kxqp.platform.proxy.gameplugin.ReceiverProxy$P01",
            "com.excelliance.kxqp.platform.proxy.gameplugin.ReceiverProxy$P02",
            "com.excelliance.kxqp.platform.proxy.gameplugin.ReceiverProxy$P03",
            "com.excelliance.kxqp.platform.proxy.gameplugin.ReceiverProxy$P04",
            "com.excelliance.kxqp.platform.proxy.gameplugin.ReceiverProxy$P05",
            "com.excelliance.kxqp.platform.proxy.gameplugin.ReceiverProxy$P06",
            "com.excelliance.kxqp.platform.proxy.gameplugin.ReceiverProxy$P07",
            "com.excelliance.kxqp.platform.proxy.gameplugin.ReceiverProxy$P08",
            "com.excelliance.kxqp.platform.proxy.gameplugin.ReceiverProxy$P09",
            "com.excelliance.lbsdk.base.BGReceiver",
            "com.kiloo.unityplugins.localnotifications.NotificationService",
            "com.ksad.download.DownloadReceiver",
            "com.mintegral.msdk.click.AppReceiver",
            "com.ss.android.downloadlib.core.download.DownloadReceiver"
        ],
        "permission_details": {
            "MediaStore.Images.Media.EXTERNAL_CONTENT_URI": "unknown",
            "android.permission.ACCESS_COARSE_LOCATION": "dangerous",
            "android.permission.ACCESS_COARSE_UPDATES": "unknown",
            "android.permission.ACCESS_FINE_LOCATION": "dangerous",
            "android.permission.ACCESS_LOCATION_EXTRA_COMMANDS": "normal",
            "android.permission.ACCESS_NETWORK_STATE": "normal",
            "android.permission.ACCESS_WIFI_STATE": "normal",
            "android.permission.BATTERY_STATS": "signature",
            "android.permission.BLUETOOTH": "normal",
            "android.permission.BLUETOOTH_ADMIN": "normal",
            "android.permission.CHANGE_NETWORK_STATE": "normal",
            "android.permission.CHANGE_WIFI_STATE": "normal",
            "android.permission.FOREGROUND_SERVICE": "normal",
            "android.permission.GET_DETAILED_TASKS": "unknown",
            "android.permission.GET_TASKS": "unlaballed",
            "android.permission.INTERNET": "normal",
            "android.permission.MODIFY_AUDIO_SETTINGS": "normal",
            "android.permission.MOUNT_UNMOUNT_FILESYSTEMS": "unlaballed",
            "android.permission.READ_EXTERNAL_STORAGE": "dangerous",
            "android.permission.READ_PHONE_STATE": "dangerous",
            "android.permission.REORDER_TASKS": "normal",
            "android.permission.REQUEST_INSTALL_PACKAGES": "signature",
            "android.permission.SYSTEM_ALERT_WINDOW": "signature",
            "android.permission.SYSTEM_OVERLAY_WINDOW": "unknown",
            "android.permission.VIBRATE": "normal",
            "android.permission.WAKE_LOCK": "normal",
            "android.permission.WRITE_EXTERNAL_STORAGE": "dangerous",
            "android.permission.WRITE_SETTINGS": "signature",
            "com.kiloo.subwaysurf.permission.KW_SDK_BROADCAST": "unknown",
            "com.skynet.permission.ACCESS_DATA_REPORT_SERVICE": "unknown"
        },
        "risk_counts": {
            "unknown": 6,
            "dangerous": 5,
            "normal": 13,
            "signature": 4,
            "unlaballed": 2
        }
    },
    "stats": {
        "dex_count": 2,
        "native_lib_count": 18
    },
    "jadx": {
        "status": "ok",
        "duration_sec": 4.34,
        "sources_present": true,
        "java_file_count": 152
    },
    "ast_analysis": {
        "location": 0,
        "microphone": 0,
        "camera": 0,
        "media_projection": 0,
        "dynamic_load": 0,
        "jni": 2
    },
    "analysis_state": "complete"
}