{
    "apk_name": "00B57DCC9CE286066476AF72EF1C70BA708C433BCBC2AA40B163B93C4361F6A7",
    "sha256": "00b57dcc9ce286066476af72ef1c70ba708c433bcbc2aa40b163b93c4361f6a7",
    "metadata": {
        "package_name": "com.none.tom.exiferaser",
        "version_code": "42",
        "version_name": "6.4.2",
        "min_sdk": "28",
        "target_sdk": "36",
        "permissions": [
            "com.none.tom.exiferaser.DYNAMIC_RECEIVER_NOT_EXPORTED_PERMISSION"
        ],
        "activities": [
            "com.none.tom.exiferaser.ExifEraserActivity"
        ],
        "services": [],
        "receivers": [
            "androidx.profileinstaller.ProfileInstallReceiver"
        ]
    },
    "stats": {
        "dex_count": 1,
        "native_lib_count": 0
    },
    "jadx": {
        "status": "ok",
        "duration_sec": 28.33,
        "sources_present": true,
        "java_file_count": 2594
    },
    "ast_analysis": {
        "location": 0,
        "microphone": 0,
        "camera": 1,
        "media_projection": 0,
        "dynamic_load": 0,
        "jni": 0
    },
    "analysis_state": "complete"
}