{
    "apk_name": "3FD8E4A125475B7EA9B6D28FDF2CCC729A592F1ACA126771EF0F86D105612AD6",
    "sha256": "3fd8e4a125475b7ea9b6d28fdf2ccc729a592f1aca126771ef0f86d105612ad6",
    "metadata": {
        "package_name": "de.cyclotest.mysense",
        "version_code": "116",
        "version_name": "2.3.1",
        "min_sdk": "23",
        "target_sdk": "31",
        "permissions": [
            "android.permission.ACCESS_COARSE_LOCATION",
            "android.permission.ACCESS_FINE_LOCATION",
            "android.permission.ACCESS_NETWORK_STATE",
            "android.permission.ACCESS_WIFI_STATE",
            "android.permission.BLUETOOTH",
            "android.permission.BLUETOOTH_ADMIN",
            "android.permission.BLUETOOTH_CONNECT",
            "android.permission.BLUETOOTH_SCAN",
            "android.permission.BROADCAST_STICKY",
            "android.permission.INTERNET",
            "android.permission.READ_EXTERNAL_STORAGE",
            "android.permission.READ_PHONE_STATE",
            "android.permission.WAKE_LOCK",
            "android.permission.WRITE_EXTERNAL_STORAGE",
            "com.android.alarm.permission.SET_ALARM",
            "com.google.android.c2dm.permission.RECEIVE",
            "com.google.android.finsky.permission.BIND_GET_INSTALL_REFERRER_SERVICE"
        ],
        "activities": [
            "com.google.android.gms.common.api.GoogleApiActivity",
            "crc64631a3686d4dce936.MainActivity",
            "crc64f98dd38067c0c88b.FormAuthenticatorActivity",
            "crc64f98dd38067c0c88b.WebAuthenticatorActivity",
            "crc64f98dd38067c0c88b.WebAuthenticatorNativeBrowserActivity",
            "crc64f98dd38067c0c88b.WebViewActivity"
        ],
        "services": [
            "com.google.android.gms.measurement.AppMeasurementJobService",
            "com.google.android.gms.measurement.AppMeasurementService",
            "com.google.firebase.components.ComponentDiscoveryService",
            "com.google.firebase.iid.FirebaseInstanceIdService",
            "crc64131009e3ae69f740.ReminderNotificationService",
            "crc64396a3fe5f8138e3f.KeepAliveService",
            "de.cyclotest.mysense.ReminderJobServiceV2",
            "de.cyclotest.mysoul.ReminderJobServiceV1"
        ],
        "receivers": [
            "com.google.android.gms.measurement.AppMeasurementInstallReferrerReceiver",
            "com.google.android.gms.measurement.AppMeasurementReceiver",
            "com.google.firebase.iid.FirebaseInstanceIdReceiver",
            "crc64131009e3ae69f740.ReminderBroadcastReceiver",
            "crc643f46942d9dd1fff9.PowerSaveModeBroadcastReceiver",
            "crc64f98dd38067c0c88b.CustomTabsActionsBroadcastReceiver",
            "de.cyclotest.mysense.ReminderBroadcastReceiver"
        ],
        "permission_details": {
            "android.permission.ACCESS_COARSE_LOCATION": "dangerous",
            "android.permission.ACCESS_FINE_LOCATION": "dangerous",
            "android.permission.ACCESS_NETWORK_STATE": "normal",
            "android.permission.ACCESS_WIFI_STATE": "normal",
            "android.permission.BLUETOOTH": "normal",
            "android.permission.BLUETOOTH_ADMIN": "normal",
            "android.permission.BLUETOOTH_CONNECT": "dangerous",
            "android.permission.BLUETOOTH_SCAN": "dangerous",
            "android.permission.BROADCAST_STICKY": "normal",
            "android.permission.INTERNET": "normal",
            "android.permission.READ_EXTERNAL_STORAGE": "dangerous",
            "android.permission.READ_PHONE_STATE": "dangerous",
            "android.permission.WAKE_LOCK": "normal",
            "android.permission.WRITE_EXTERNAL_STORAGE": "dangerous",
            "com.android.alarm.permission.SET_ALARM": "normal",
            "com.google.android.c2dm.permission.RECEIVE": "unknown",
            "com.google.android.finsky.permission.BIND_GET_INSTALL_REFERRER_SERVICE": "unknown"
        },
        "risk_counts": {
            "dangerous": 7,
            "normal": 8,
            "unknown": 2
        }
    },
    "stats": {
        "dex_count": 1,
        "native_lib_count": 18
    },
    "jadx": {
        "status": "ok",
        "duration_sec": 20.32,
        "sources_present": true,
        "java_file_count": 3531
    },
    "ast_analysis": {
        "location": 7,
        "microphone": 0,
        "camera": 3,
        "media_projection": 0,
        "dynamic_load": 0,
        "jni": 6
    },
    "analysis_state": "complete"
}