{
    "apk_name": "88CD7F0092781E9922233AF66A7B593E6941C480C853906874CAB9A90224E40D",
    "sha256": "88cd7f0092781e9922233af66a7b593e6941c480c853906874cab9a90224e40d",
    "metadata": {
        "package_name": "air.com.dalux.daluxfm",
        "version_code": "2037901",
        "version_name": "3.7.9",
        "min_sdk": "22",
        "target_sdk": "30",
        "permissions": [
            "android.permission.ACCESS_COARSE_LOCATION",
            "android.permission.ACCESS_FINE_LOCATION",
            "android.permission.ACCESS_NETWORK_STATE",
            "android.permission.ACCESS_WIFI_STATE",
            "android.permission.BIND_NOTIFICATION_LISTENER_SERVICE",
            "android.permission.CAMERA",
            "android.permission.CHANGE_NETWORK_STATE",
            "android.permission.CHANGE_WIFI_STATE",
            "android.permission.FLASHLIGHT",
            "android.permission.FOREGROUND_SERVICE",
            "android.permission.INTERNET",
            "android.permission.READ_EXTERNAL_STORAGE",
            "android.permission.READ_LOGS",
            "android.permission.READ_PHONE_STATE",
            "android.permission.VIBRATE",
            "android.permission.WAKE_LOCK",
            "android.permission.WRITE_EXTERNAL_STORAGE",
            "com.google.android.c2dm.permission.RECEIVE"
        ],
        "activities": [
            "com.google.android.gms.common.api.GoogleApiActivity",
            "com.google.android.play.core.common.PlayCoreDialogWrapperActivity",
            "com.google.android.play.core.missingsplits.PlayCoreMissingSplitsActivity",
            "com.google.ar.core.InstallActivity",
            "crc6425578cec115312da.MainActivity"
        ],
        "services": [
            "com.google.android.play.core.assetpacks.AssetPackExtractionService",
            "com.google.firebase.components.ComponentDiscoveryService",
            "com.google.firebase.iid.FirebaseInstanceIdService",
            "com.google.firebase.messaging.FirebaseMessagingService",
            "com.microsoft.windowsazure.messaging.notificationhubs.FirebaseReceiver",
            "crc6404e12e348edb02f3.FCMService"
        ],
        "receivers": [
            "com.google.firebase.iid.FirebaseInstanceIdInternalReceiver",
            "com.google.firebase.iid.FirebaseInstanceIdReceiver",
            "crc6404e12e348edb02f3.AlarmReceiver",
            "crc643f46942d9dd1fff9.PowerSaveModeBroadcastReceiver",
            "crc64a0e0a82d0db9a07d.ConnectivityBroadcastReceiver"
        ],
        "permission_details": {
            "android.permission.ACCESS_COARSE_LOCATION": "dangerous",
            "android.permission.ACCESS_FINE_LOCATION": "dangerous",
            "android.permission.ACCESS_NETWORK_STATE": "normal",
            "android.permission.ACCESS_WIFI_STATE": "normal",
            "android.permission.BIND_NOTIFICATION_LISTENER_SERVICE": "signature",
            "android.permission.CAMERA": "dangerous",
            "android.permission.CHANGE_NETWORK_STATE": "normal",
            "android.permission.CHANGE_WIFI_STATE": "normal",
            "android.permission.FLASHLIGHT": "unknown",
            "android.permission.FOREGROUND_SERVICE": "normal",
            "android.permission.INTERNET": "normal",
            "android.permission.READ_EXTERNAL_STORAGE": "dangerous",
            "android.permission.READ_LOGS": "unlaballed",
            "android.permission.READ_PHONE_STATE": "dangerous",
            "android.permission.VIBRATE": "normal",
            "android.permission.WAKE_LOCK": "normal",
            "android.permission.WRITE_EXTERNAL_STORAGE": "dangerous",
            "com.google.android.c2dm.permission.RECEIVE": "unknown"
        },
        "risk_counts": {
            "dangerous": 6,
            "normal": 8,
            "signature": 1,
            "unknown": 2,
            "unlaballed": 1
        }
    },
    "stats": {
        "dex_count": 1,
        "native_lib_count": 36
    },
    "jadx": {
        "status": "ok",
        "duration_sec": 15.19,
        "sources_present": true,
        "java_file_count": 3084
    },
    "ast_analysis": {
        "location": 0,
        "microphone": 0,
        "camera": 3,
        "media_projection": 0,
        "dynamic_load": 0,
        "jni": 7
    },
    "analysis_state": "complete"
}