{
    "apk_name": "87C7408DBD667AEA4BC6FE0DA1CDFCCC30378F5F57AF38D7D89EE4F4C20AC3CA",
    "sha256": "87c7408dbd667aea4bc6fe0da1cdfccc30378f5f57af38d7d89ee4f4c20ac3ca",
    "metadata": {
        "package_name": "viva.republica.toss",
        "version_code": "20506300",
        "version_name": "5.63.0",
        "min_sdk": "23",
        "target_sdk": "30",
        "permissions": [
            "android.permission.ACCESS_COARSE_LOCATION",
            "android.permission.ACCESS_FINE_LOCATION",
            "android.permission.ACCESS_NETWORK_STATE",
            "android.permission.ACCESS_WIFI_STATE",
            "android.permission.ACTIVITY_RECOGNITION",
            "android.permission.BLUETOOTH",
            "android.permission.BLUETOOTH_ADMIN",
            "android.permission.CALL_PHONE",
            "android.permission.CAMERA",
            "android.permission.FOREGROUND_SERVICE",
            "android.permission.GET_ACCOUNTS",
            "android.permission.GET_TASKS",
            "android.permission.INTERNET",
            "android.permission.MODIFY_AUDIO_SETTINGS",
            "android.permission.NFC",
            "android.permission.QUERY_ALL_PACKAGES",
            "android.permission.READ_CONTACTS",
            "android.permission.READ_EXTERNAL_STORAGE",
            "android.permission.READ_PHONE_NUMBERS",
            "android.permission.READ_PHONE_STATE",
            "android.permission.READ_PRIVILEGED_PHONE_STATE",
            "android.permission.READ_PROFILE",
            "android.permission.RECEIVE_BOOT_COMPLETED",
            "android.permission.RECORD_AUDIO",
            "android.permission.REQUEST_DELETE_PACKAGES",
            "android.permission.SYSTEM_ALERT_WINDOW",
            "android.permission.USE_BIOMETRIC",
            "android.permission.USE_FINGERPRINT",
            "android.permission.USE_IRIS",
            "android.permission.VIBRATE",
            "android.permission.WAKE_LOCK",
            "android.permission.WRITE_EXTERNAL_STORAGE",
            "com.google.android.c2dm.permission.RECEIVE",
            "com.google.android.finsky.permission.BIND_GET_INSTALL_REFERRER_SERVICE",
            "com.google.android.gms.permission.AD_ID",
            "com.samsung.android.providers.context.permission.WRITE_USE_APP_FEATURE_SURVEY",
            "viva.republica.loginsupport.permission.USER_PROVIDER_ACCESS"
        ],
        "activities": [
            "androidx.biometric.DeviceCredentialHandlerActivity",
            "androidx.compose.ui.tooling.PreviewActivity",
            "com.facebook.CustomTabActivity",
            "com.facebook.FacebookActivity",
            "com.google.android.gms.auth.api.signin.internal.SignInHubActivity",
            "com.google.android.gms.common.api.GoogleApiActivity",
            "im.toss.activitydelegate.DelegateActivity",
            "im.toss.core.webkit.bridge.image.camera.CameraActivity",
            "im.toss.core.webkit.bridge.image.camera.PhotoConfirmActivity",
            "im.toss.core.webkit.bridge.image.camera.PhotoListActivity",
            "im.toss.core.webkit.bridge.image.crop.PhotoCropActivity",
            "im.toss.core.webkit.bridge.image.gallery.GalleryActivity",
            "im.toss.devtool.action.DevToolActionListActivity",
            "im.toss.devtool.action.quickaction.QuickActionBottomSheetActivity",
            "im.toss.devtool.op.toss.data.util.DevToolActionActivity",
            "im.toss.devtool.op.toss.data.util.SchemeExecutorActivity",
            "im.toss.feature.credit.ui.detail.CreditDetailActivityV2",
            "im.toss.feature.credit.ui.detail.v1.CreditDetailActivity",
            "im.toss.feature.credit.ui.main.CreditDualActivity",
            "im.toss.feature.credit.ui.main.test.CreditDualTestSettingActivity",
            "im.toss.feature.credit.ui.scoreraise.history.CreditScoreRaiseHistoryActivity",
            "im.toss.feature.credit.ui.scoreraise.main.CreditScoreRaiseMainActivity",
            "im.toss.feature.credit.ui.scoreraise.result.CreditScoreRaiseResultActivity",
            "im.toss.features.card.CompareCardActivity",
            "im.toss.features.card.CompareCardTermsActivity",
            "im.toss.features.cashtag.ui.qr.CashtagQrActivity",
            "im.toss.features.cashtag.ui.question.CashtagQuestionActivity",
            "im.toss.features.credit.ui.history.CreditHistorySchemeActivity",
            "im.toss.features.cryptocurrency.CryptocurrencyWebAuthActivity",
            "im.toss.features.cryptocurrency.SchemeCryptocurrencyRegisterActivity",
            "im.toss.features.edoc.EDocHomeTabActivity",
            "im.toss.features.edoc.EDocIssuableSearchActivity",
            "im.toss.features.edoc.EDocIssueSchemeActivity",
            "im.toss.features.edoc.EDocMoreActivity",
            "im.toss.features.edoc.ElectronicDocumentDetailWebActivity",
            "im.toss.features.edoc.register.AptIntroActivity",
            "im.toss.features.edoc.register.AptPasswordActivity",
            "im.toss.features.edoc.register.ElectronicDocumentRegisterActivity",
            "im.toss.features.edoc.register.ElectronicDocumentRegisterResultActivity",
            "im.toss.features.edoc.univ.UnivExternalWebActivity",
            "im.toss.features.edoc.univ.UnivLoadingActivity",
            "im.toss.features.edoc.univ.UnivSearchActivity",
            "im.toss.features.edoc.wallet.DocumentWalletJoinLoadingActivity",
            "im.toss.features.edoc.wallet.DocumentWalletSelectCertActivity",
            "im.toss.features.edoc.wallet.DocumentWalletWebActivity",
            "im.toss.features.edoc.wallet.EDocSubmittedListActivity",
            "im.toss.features.edoc.wallet.SignPublicCertTestActivity",
            "im.toss.features.edoc.wallet.issue.DocumentWalletIssueActivity",
            "im.toss.features.edoc.wallet.issue.DocumentWalletIssueSelectTaxActivity",
            "im.toss.features.edoc.wallet.pkg.PackageIssueActivity",
            "im.toss.features.edoc.wallet.pkg.PackageResultActivity",
            "im.toss.features.edoc.wallet.pkg.PackageStartActivity",
            "im.toss.features.edoc.wallet.submit.EDocSubmitActivity",
            "im.toss.features.feed.FeedActivity",
            "im.toss.features.fx.FxAccountChooserActivity",
            "im.toss.features.fx.FxApplicationSummaryActivity",
            "im.toss.features.fx.FxApplyCompleteActivity",
            "im.toss.features.fx.FxApplyDetailActivity",
            "im.toss.features.fx.FxCurrencyListActivity",
            "im.toss.features.fx.FxInputAmountActivity",
            "im.toss.features.fx.FxIntroActivity",
            "im.toss.features.fx.FxRegisterActivity",
            "im.toss.features.fx.FxRequestDetailActivity",
            "im.toss.features.fx.FxSearchBranchActivity",
            "im.toss.features.fx.FxTransferActivity",
            "im.toss.features.fx.FxWebViewActivity",
            "im.toss.features.home.ui.view.alarm.HomeMydataServiceAvailableActivity",
            "im.toss.features.home.ui.view.asset.AssetSummaryActivity",
            "im.toss.features.home.ui.view.asset.AssetSummaryEditBottomSheetActivity",
            "im.toss.features.home.ui.view.asset.analysis.AssetAnalysisActivity",
            "im.toss.features.home.ui.view.asset.edit.HomeAssetEditActivity",
            "im.toss.features.home.ui.view.asset.mydata.MydataAssetAddBottomSheetSchemeActivity",
            "im.toss.features.home.ui.view.cardbill.HomeCardBillCurrentActivity",
            "im.toss.features.home.ui.view.cardbill.HomeCardBillOverviewActivity",
            "im.toss.features.home.ui.view.cardbill.HomeCardBillPreviousActivity",
            "im.toss.features.home.ui.view.consumption.ConsumptionCardNoticeMinorSchemeActivity",
            "im.toss.features.home.ui.view.consumption.mydata.MydataChildBlockActivity",
            "im.toss.features.home.ui.view.consumption.pay.transaction.HomeConsumptionPayTransactionActivity",
            "im.toss.features.home.ui.view.dst.account.HomeDstAccountActivity",
            "im.toss.features.home.ui.view.dst.account.invest.HomeDstInvestAccountActivity",
            "im.toss.features.home.ui.view.dst.account.loan.HomeDstLoanAccountActivity",
            "im.toss.features.home.ui.view.dst.account.pay.HomeDstPayActivity",
            "im.toss.features.home.ui.view.dst.account.setting.HomeDstAccountSettingActivity",
            "im.toss.features.home.ui.view.dst.card.HomeDstCardSettingsActivity",
            "im.toss.features.home.ui.view.dst.card.HomeDstCardTransactionsActivity",
            "im.toss.features.home.ui.view.dst.card.HomeDstDeleteCardsActivity",
            "im.toss.features.home.ui.view.dst.consumption.HomeDstConsumptionPreviewActivity",
            "im.toss.features.home.ui.view.dst.cryptocurrency.HomeDstCryptocurrencyDetailActivity",
            "im.toss.features.home.ui.view.dst.cryptocurrency.setting.HomeDstCryptocurrencySettingActivity",
            "im.toss.features.home.ui.view.dst.overview.HomeDstOverviewActivity",
            "im.toss.features.home.ui.view.dst.point.HomeDstPointActivity",
            "im.toss.features.home.ui.view.dst.point.setting.HomeDstPointSettingActivity",
            "im.toss.features.home.ui.view.history.AccountHistorySchemeActivity",
            "im.toss.features.home.ui.view.history.point.transaction.HomeAssetPointTransactionActivity",
            "im.toss.features.home.ui.view.home.HomeEditBottomSheetActivity",
            "im.toss.features.home.ui.view.kyc.HomeKycAgreementActivity",
            "im.toss.features.home.ui.view.kyc.HomeKycBlockedUserActivity",
            "im.toss.features.home.ui.view.mydata.MydataUpdateNoticeActivity",
            "im.toss.features.home.ui.view.mydata.MydataWelcomeReferrerSchemeActivity",
            "im.toss.features.home.ui.view.primaryaccount.SchemeUpdatePrimaryAccountActivity",
            "im.toss.features.kyc.KycBlockedUserActivity",
            "im.toss.features.kyc.KycIntroActivity",
            "im.toss.features.kyc.KycTestActivity",
            "im.toss.features.kyc.cdd.KycCddActivity",
            "im.toss.features.kyc.cdd.KycSearchAddressActivity",
            "im.toss.features.kyc.cdd.SelectJobActivity",
            "im.toss.features.kyc.edd.KycEddActivity",
            "im.toss.features.loan.application.LoanApplicationActivity",
            "im.toss.features.loan.application.screening.LoanApplicationSelectCertActivity",
            "im.toss.features.loan.card.advance.base.LoanCardAdvanceActivity",
            "im.toss.features.main.ui.MainActivity",
            "im.toss.features.mydata.ui.MydataAssetDeleteListActivity",
            "im.toss.features.mydata.ui.MydataAssetListActivity",
            "im.toss.features.mydata.ui.MydataConnectFailureActivity",
            "im.toss.features.mydata.ui.MydataContractIndividual2Activity",
            "im.toss.features.mydata.ui.MydataContractIndividual3Activity",
            "im.toss.features.mydata.ui.MydataContractScopeDetailsActivity",
            "im.toss.features.mydata.ui.MydataContractUniversal12Activity",
            "im.toss.features.mydata.ui.MydataContractUniversal3Activity",
            "im.toss.features.mydata.ui.MydataContractUniversal45Activity",
            "im.toss.features.mydata.ui.MydataFinanceCertAuthActivity",
            "im.toss.features.mydata.ui.MydataFinanceCertSignedForConnectActivity",
            "im.toss.features.mydata.ui.MydataFinanceCertSignedForInquiryActivity",
            "im.toss.features.mydata.ui.MydataOptionalAgreementsNudgeActivity",
            "im.toss.features.mydata.ui.MydataProvidersActivity",
            "im.toss.features.mydata.ui.MydataPublicCertAuthenticatorActivity",
            "im.toss.features.mydata.ui.MydataPublicCertSignedForConnectActivity",
            "im.toss.features.mydata.ui.MydataPublicCertSignedForInquiryActivity",
            "im.toss.features.mydata.ui.MydataSchemeDeleteActivity",
            "im.toss.features.mydata.ui.MydataSchemeIndividualAuthCallbackActivity",
            "im.toss.features.mydata.ui.MydataSchemePrivateCertSignedForConnectActivity",
            "im.toss.features.mydata.ui.MydataSchemePrivateCertSignedForInquiryActivity",
            "im.toss.features.mydata.ui.MydataSchemeRegisterActivity",
            "im.toss.features.mydata.ui.MydataSchemeRenewConsentsActivity",
            "im.toss.features.mydata.ui.MydataSchemeTossCertIssueCompleteActivity",
            "im.toss.features.mydata.ui.MydataSchemeUpdateOptionalAgreementsActivity",
            "im.toss.features.mydata.ui.MydataSchemeUpdatePeriodicTransmissionActivity",
            "im.toss.features.mydata.ui.MydataSchemeUpdatePeriodicTransmissionConfirmActivity",
            "im.toss.features.mydata.ui.MydataSelectAuthFromPublicCertActivity",
            "im.toss.features.mydata.ui.MydataSelectAuthFromTossCertActivity",
            "im.toss.features.mydata.ui.MydataSelectAuthOthersActivity",
            "im.toss.features.mydata.ui.MydataServiceAgreementActivity",
            "im.toss.features.mydata.ui.MydataSignWithPublicCertActivity",
            "im.toss.features.mydata.ui.MydataUserConsentsActivity",
            "im.toss.features.mydata.ui.MydataUserConsentsDetailActivity",
            "im.toss.features.mydata.ui.MydataWebIndividualAuthActivity",
            "im.toss.features.offerwall.adison.AdisonOfferwallSchemeActivity",
            "im.toss.features.onboarding.ui.MktTgtTransferCompleteActivity",
            "im.toss.features.onboarding.ui.RecentNotificationSettingActivity",
            "im.toss.features.onboarding.ui.SchemeMKtTgtRequestActivity",
            "im.toss.features.payment.autopayment.ui.activity.AutoPaymentListActivity",
            "im.toss.features.payment.autopayment.ui.activity.AutoPaymentMethodChangeActivity",
            "im.toss.features.payment.autopayment.ui.activity.AutoPaymentRegisterActivity",
            "im.toss.features.payment.autopayment.ui.activity.AutoPaymentRegisterCompleteActivity",
            "im.toss.features.payment.autopayment.ui.activity.AutoPaymentSelectMethodActivity",
            "im.toss.features.payment.autopayment.ui.activity.GooglePaymentActivity",
            "im.toss.features.payment.autopayment.ui.activity.PayResellerRegisterActivity",
            "im.toss.features.payment.pay.PaymentSchemeActivity",
            "im.toss.features.payment.pay.ui.BNPLLeaveActivity",
            "im.toss.features.payment.pay.ui.PaymentV2Activity",
            "im.toss.features.payment.setting.ui.activity.CashReceiptActivity",
            "im.toss.features.payment.setting.ui.activity.PaymentSettingActivity",
            "im.toss.features.payment.setting.ui.activity.PaymentTermDetailsActivity",
            "im.toss.features.payment.subscription.ui.activity.SubscriptionPaymentActivity",
            "im.toss.features.payment.subscription.ui.activity.SubscriptionPaymentCompleteActivity",
            "im.toss.features.payment.subscription.ui.activity.SubscriptionPaymentMethodChangeActivity",
            "im.toss.features.payment.subscription.ui.activity.SubscriptionPaymentSchemeActivity",
            "im.toss.features.realestate.RealestateListActivity",
            "im.toss.features.realestate.RealestateRegisterActivity",
            "im.toss.features.realestate.RealestateSearchActivity",
            "im.toss.features.realestate.detail.RealestateDetailActivity",
            "im.toss.features.realestate.test.RealestateSettingActivity",
            "im.toss.features.senior.data.activitydelegate.DelegateActivity",
            "im.toss.features.senior.ui.bank.BankAccountInduceActivity",
            "im.toss.features.senior.ui.bottomsheet.SeniorBottomSheetTriggerActivity",
            "im.toss.features.senior.ui.bottomsheet.SeniorPedometerBenefitTriggerBottomSheetActivity",
            "im.toss.features.senior.ui.fraudnumber.FraudNumberInquiryActivity",
            "im.toss.features.senior.ui.job.SeniorJobActivity",
            "im.toss.features.senior.ui.mamboclub.ManboClubInviteBottomSheetActivity",
            "im.toss.features.senior.ui.mamboclub.ManboClubRegisteredStartedActivity",
            "im.toss.features.senior.ui.mamboclub.ManboClubRegisteredStatusCheckActivity",
            "im.toss.features.senior.ui.mamboclub.ManboClubStatusCheckActivity",
            "im.toss.features.senior.ui.seniortab.SeniorTabActivity",
            "im.toss.features.social.ChatChangeTitleActivity",
            "im.toss.features.social.ChatImageActivity",
            "im.toss.features.social.ChatImageSlideActivity",
            "im.toss.features.social.ChatListManageActivity",
            "im.toss.features.social.ChatMainActivity",
            "im.toss.features.social.ChatManagementActivity",
            "im.toss.features.social.ChatProfileActivity",
            "im.toss.features.social.ChatProfileChangeActivity",
            "im.toss.features.social.ChatRoomActivity",
            "im.toss.features.social.ChatSchemeActivity",
            "im.toss.features.social.ChatSearchActivity",
            "im.toss.features.social.ChatSelectFriendActivity",
            "im.toss.features.social.TransferHistoryActivity",
            "im.toss.features.social.main.openchat.OpenChatNoticeActivity",
            "im.toss.features.social.main.openchat.OpenChatNoticeInputActivity",
            "im.toss.features.social.main.openchat.OpenChatSearchActivity",
            "im.toss.features.social.main.openchat.create.InputEntranceCodeForCreateActivity",
            "im.toss.features.social.main.openchat.create.InputEntrancePolicyActivity",
            "im.toss.features.social.main.openchat.create.InputEntrancePolicyAgeActivity",
            "im.toss.features.social.main.openchat.create.InputEntrancePolicyGenderActivity",
            "im.toss.features.social.main.openchat.create.InputEntrancePolicyMaxMemberLimitActivity",
            "im.toss.features.social.main.openchat.create.OpenChatCreateActivity",
            "im.toss.features.social.main.openchat.create.OpenChatEditActivity",
            "im.toss.features.social.main.openchat.join.OpenChatInputEntranceCodeForJoinActivity",
            "im.toss.features.social.main.openchat.join.OpenChatJoinActivity",
            "im.toss.features.social.main.openchat.profile.OpenChatProfileEditActivity",
            "im.toss.features.social.main.openchat.report.AbuserReportActivity",
            "im.toss.features.teens.card.TeensCardAddressEditActivity",
            "im.toss.features.teens.card.TeensCardCertifyCVCActivity",
            "im.toss.features.teens.card.TeensCardChangePasswordActivity",
            "im.toss.features.teens.card.TeensCardPasswordActivity",
            "im.toss.features.teens.card.TeensCardReleaseLostActivity",
            "im.toss.features.teens.card.detail.TeensCardDetailActivity",
            "im.toss.features.teens.card.detail.TeensCardInfoActivity",
            "im.toss.features.teens.card.detail.TeensCardKorailTaxSettlementActivity",
            "im.toss.features.teens.card.detail.TeensCardLostActivity",
            "im.toss.features.teens.card.detail.TeensCardTaxSettlementActivity",
            "im.toss.features.teens.card.issue.TeensCardAddressSelectActivity",
            "im.toss.features.teens.card.issue.TeensCardCreateActivity",
            "im.toss.features.teens.card.issue.TeensCardDesignSelectActivity",
            "im.toss.features.teens.card.issue.TeensCardGuardianCertifyActivity",
            "im.toss.features.teens.card.issue.TeensCardIssuanceCompleteActivity",
            "im.toss.features.teens.card.issue.TeensCardIssueFeeSendActivity",
            "im.toss.features.teens.card.issue.TeensCardIssuePasswordActivity",
            "im.toss.features.teens.card.issue.TeensCardNameInputActivity",
            "im.toss.features.teens.card.issue.TeensCardReissueActivity",
            "im.toss.features.teens.card.issue.track.TeensCardIssueStatusActivity",
            "im.toss.features.teens.card.issue.track.TeensCardSettingActivity",
            "im.toss.features.teens.card.register.TeensCardActivationCompleteActivity",
            "im.toss.features.teens.card.register.TeensCardCertifyErrorActivity",
            "im.toss.features.teens.card.register.TeensCardRegisterActivity",
            "im.toss.features.teens.card.register.TeensCardRegisterIntroActivity",
            "im.toss.features.teens.henembox.HenemBoxCompletedCardActivity",
            "im.toss.features.teens.henembox.HenemBoxCreateActivity",
            "im.toss.features.teens.henembox.HenemBoxHistoryActivity",
            "im.toss.features.teens.henembox.HenemBoxInputActivity",
            "im.toss.features.teens.onboarding.TeensOnboardingUssCardActivity",
            "im.toss.features.teens.savingbox.BaseSavingActivity",
            "im.toss.features.teens.savingbox.SavingBoxCreateActivity",
            "im.toss.features.teens.savingbox.SavingBoxInputActivity",
            "im.toss.features.teens.savingbox.SavingBoxSchemeActivity",
            "im.toss.features.teens.school.InputSchoolInfoActivity",
            "im.toss.features.teens.school.MealInfoActivity",
            "im.toss.features.teens.school.SchoolMealSchemeActivity",
            "o.CardIssueBottomSheetFragment",
            "o.Client$1",
            "o.Client$2",
            "o.ClientComponentCallbacks",
            "o.ClientObservable",
            "o.KeyValueWriter",
            "o.MemoryTrimState",
            "o.RSASignSelfTestCase",
            "o.access$3802",
            "o.onTrimMemory",
            "o.postNdkDeliverPending",
            "o.postNdkInstall",
            "o.setChar",
            "o.setDoubleTapZoomDuration",
            "o.setTargetElevation",
            "o.zB",
            "viva.republica.toss.account.BankAccountPasswordInputActivity",
            "viva.republica.toss.account.SchemeAccountChargeActivity",
            "viva.republica.toss.account.agreement.AccountAgreementActivity",
            "viva.republica.toss.account.agreement.SchemeWithdrawAgreementActivity",
            "viva.republica.toss.account.detail.PrimaryAccountHistoryActivity",
            "viva.republica.toss.account.detail.TossAccountHistoryActivity",
            "viva.republica.toss.account.detail.TossMoneySettingActivity",
            "viva.republica.toss.account.detail.UnconnectedBankAccountBridgeActivity",
            "viva.republica.toss.account.detail.setting.AccountDeleteSurveyActivity",
            "viva.republica.toss.account.detail.setting.AccountSettingActivity",
            "viva.republica.toss.account.group.GroupAccountDetailActivity",
            "viva.republica.toss.account.group.GroupAccountEventInfoActivity",
            "viva.republica.toss.account.group.GroupAccountEventSelectMemberActivity",
            "viva.republica.toss.account.group.GroupAccountInviteActivity",
            "viva.republica.toss.account.group.GroupAccountMemberDeleteActivity",
            "viva.republica.toss.account.group.GroupAccountMemberInfoActivity",
            "viva.republica.toss.account.group.InputDepositAmountActivity",
            "viva.republica.toss.account.group.InputEventAmountActivity",
            "viva.republica.toss.account.group.InputEventNameActivity",
            "viva.republica.toss.account.group.InputGroupAccountNameActivity",
            "viva.republica.toss.account.group.InputTransferMessageActivity",
            "viva.republica.toss.account.group.JointLandingActivity",
            "viva.republica.toss.account.group.JointSettingActivity",
            "viva.republica.toss.account.group.JointTransferActivity",
            "viva.republica.toss.account.group.RecurringEventListActivity",
            "viva.republica.toss.account.group.SchemeGroupAccountActivity",
            "viva.republica.toss.account.notification.AccountNotificationBankAccountsActivity",
            "viva.republica.toss.account.notification.AccountNotificationHistoryActivity",
            "viva.republica.toss.account.notification.AccountNotificationSettingActivity",
            "viva.republica.toss.account.notification.AccountNotificationSuggestActivity",
            "viva.republica.toss.account.notification.join.AccountNotificationJoinActivity",
            "viva.republica.toss.account.register.BankAccountV2Activity",
            "viva.republica.toss.account.register.BankActivationCushionActivity",
            "viva.republica.toss.account.register.MultiAccountAgreementActivity",
            "viva.republica.toss.account.register.openbanking.InputAccountActivity",
            "viva.republica.toss.account.register.openbanking.InputEmailActivity",
            "viva.republica.toss.account.register.openbanking.OpenBankingAccountRegisterActivity",
            "viva.republica.toss.account.register.openbanking.OpenBankingInquiryAgreementActivity",
            "viva.republica.toss.account.savingbox.AutoSavingBoxAdjustSavingLevelActivity",
            "viva.republica.toss.account.savingbox.AutoSavingBoxCustomAmountActivity",
            "viva.republica.toss.account.savingbox.SavingAccountEditActivity",
            "viva.republica.toss.account.savingbox.SavingBoxCreateCompleteActivity",
            "viva.republica.toss.account.savingbox.SavingBoxIntroActivity",
            "viva.republica.toss.account.transactions.UserTransactionsActivity",
            "viva.republica.toss.budgeting.quest.ChickenQuestBoxCouponActivity",
            "viva.republica.toss.budgeting.quest.ChickenQuestBoxDetailActivity",
            "viva.republica.toss.budgeting.quest.ChickenQuestBoxIntroActivity",
            "viva.republica.toss.budgeting.quest.ChickenQuestBoxIssueCouponActivity",
            "viva.republica.toss.budgeting.quest.ChickenQuestBoxPromotionInduceActivity",
            "viva.republica.toss.budgeting.quest.ChickenQuestBoxSettingActivity",
            "viva.republica.toss.budgeting.quest.ChickenQuestBoxShareActivity",
            "viva.republica.toss.card.CardPointDetailActivity",
            "viva.republica.toss.card.CardStatementDetailActivity",
            "viva.republica.toss.card.CardStatementListActivity",
            "viva.republica.toss.card.CardTransactionActivity",
            "viva.republica.toss.card.CardTransactionItemDetailActivity",
            "viva.republica.toss.card.CardTransactionSchemeActivity",
            "viva.republica.toss.card.PlccCardTransactionActivity",
            "viva.republica.toss.card.SchemeCardDeleteActivity",
            "viva.republica.toss.card.TossCardTransactionActivity",
            "viva.republica.toss.card.UnconnectedCardSettingActivity",
            "viva.republica.toss.card.UnsupportedCardActivity",
            "viva.republica.toss.card.UserCardDeleteSurveyActivity",
            "viva.republica.toss.card.UserCardSettingActivity",
            "viva.republica.toss.card.benefits.CardUsagePerformanceDetailActivity",
            "viva.republica.toss.card.notification.CardNotificationHistoryActivity",
            "viva.republica.toss.card.notification.CardNotificationRegisterNudgeActivity",
            "viva.republica.toss.card.notification.CardNotificationResultActivity",
            "viva.republica.toss.card.notification.CardNotificationSuggestActivity",
            "viva.republica.toss.card.register.CardCertNotExistsActivity",
            "viva.republica.toss.card.register.CardCertRegisterInfoActivity",
            "viva.republica.toss.card.register.CardIdPwV2Activity",
            "viva.republica.toss.card.register.IntegratedCardLoadingActivity",
            "viva.republica.toss.card.register.SchemeCardRegisterActivity",
            "viva.republica.toss.card.register.SelectCardCertActivity",
            "viva.republica.toss.card.register.SelectCardVendorActivity",
            "viva.republica.toss.cardrecommend.CardRecommendationActivity",
            "viva.republica.toss.cardrecommend.CreditCardWebViewActivity",
            "viva.republica.toss.cardrecommend.detail.CreditCardDetailActivity",
            "viva.republica.toss.cardrecommend.issue.CreditCardRecommendIssueActivity",
            "viva.republica.toss.cardrecommend.issue.result.CreditCardRecommendIssueResultActivity",
            "viva.republica.toss.cardrecommend.issuev2.ui.CardIssueDccGuideActivity",
            "viva.republica.toss.cardrecommend.issuev2.ui.CreditCardIssueActivity",
            "viva.republica.toss.cardrecommend.recommendation.adagree.AdAgreeActivity",
            "viva.republica.toss.cardrecommend.recommendation.feed.tabrank.CardRecommendRankTabActivity",
            "viva.republica.toss.cardrecommend.recommendation.recommend.CreditCardPostWebViewActivity",
            "viva.republica.toss.cashtag.CashtagSchemeActivity",
            "viva.republica.toss.cashtag.send.CashtagSendActivity",
            "viva.republica.toss.certificate.MydataSelectCertificateActivity",
            "viva.republica.toss.certificate.move.CertificateListActivity",
            "viva.republica.toss.certificate.move.CertificateReceiveActivity",
            "viva.republica.toss.certificate.move.CertificateReceiveEntranceActivity",
            "viva.republica.toss.certificate.move.CertificateSchemeActivity",
            "viva.republica.toss.certificate.move.CertificateSendActivity",
            "viva.republica.toss.common.DownloadSchemeActivity",
            "viva.republica.toss.common.GeneralAccountChooserActivity",
            "viva.republica.toss.common.LocationProviderActivity",
            "viva.republica.toss.common.OpenBankingBankListActivity",
            "viva.republica.toss.common.OpenBankingDetailActivity",
            "viva.republica.toss.common.SchemeAlertActivity",
            "viva.republica.toss.common.SchemeLottieRedirectActivity",
            "viva.republica.toss.common.SchemeStoreRateActivity",
            "viva.republica.toss.common.SchemeToastActivity",
            "viva.republica.toss.common.company.CompanySearchActivity",
            "viva.republica.toss.common.contact.chooser.SelectContactActivity",
            "viva.republica.toss.common.country.SearchCountryActivity",
            "viva.republica.toss.common.juso.SearchAddressActivity",
            "viva.republica.toss.common.ocr.AlphaOcrActivity",
            "viva.republica.toss.common.ocr.OcrResultFormActivity",
            "viva.republica.toss.common.ocr.PassportOcrActivity",
            "viva.republica.toss.common.ocr.TcgOcrActivity",
            "viva.republica.toss.common.ocr.TossBankOcrActivity",
            "viva.republica.toss.common.ocr.nationality.SelectNationalityActivity",
            "viva.republica.toss.common.pdfviewer.PdfViewerActivity",
            "viva.republica.toss.common.web.message.handlers.tossbank.ssenstone.NfcDiscoverActivity",
            "viva.republica.toss.common.web.message.handlers.tossbank.ssenstone.NfcReadActivity",
            "viva.republica.toss.common.web.scraping.WebScrapingCardManualInputActivity",
            "viva.republica.toss.common.web.scraping.WebScrapingCardScanActivity",
            "viva.republica.toss.contact.AppBridgeSelectContactActivity",
            "viva.republica.toss.credit.CreditBaseActivity",
            "viva.republica.toss.credit.change.analysis.CreditChangeAnalysisActivity",
            "viva.republica.toss.credit.change.factor.CreditChangeFactorAnalyseActivity",
            "viva.republica.toss.credit.detail.CreditStatusItemDetailActivity",
            "viva.republica.toss.credit.detail.tips.CreditTipAllActivity",
            "viva.republica.toss.credit.detail.tips.CreditTipDetailActivity",
            "viva.republica.toss.credit.detail.tips.CreditTipSchemeActivity",
            "viva.republica.toss.credit.infotech.CreditSelectCertificateActivity",
            "viva.republica.toss.credit.infotech.scrapping.ScrappingProgressActivity",
            "viva.republica.toss.credit.loan.LoanAnalysisResultActivity",
            "viva.republica.toss.credit.loan.analytics.LoanComparisonHistoryActivity",
            "viva.republica.toss.credit.loan.analytics.LoanComparisonReportActivity",
            "viva.republica.toss.credit.loan.calculator.LoanInterestCalculatorActivity",
            "viva.republica.toss.credit.loan.calculator.LoanInterestFluctuationActivity",
            "viva.republica.toss.credit.loan.calculator.LoanInterestInfoActivity",
            "viva.republica.toss.credit.loan.common.LoanApplicationViewerActivity",
            "viva.republica.toss.credit.loan.comparison.LoanComparisonCreditActivity",
            "viva.republica.toss.credit.loan.comparison.LoanComparisonJeonseActivity",
            "viva.republica.toss.credit.loan.comparison.LoanComparisonSchemeActivity",
            "viva.republica.toss.credit.loan.comparison.common.LoanComparisonProductNavigatorActivity",
            "viva.republica.toss.credit.loan.comparison.common.LoanComparisonResultAppliedListActivity",
            "viva.republica.toss.credit.loan.comparison.common.LoanProductApplySuccessActivity",
            "viva.republica.toss.credit.loan.comparison.common.LoanProductFailedActivity",
            "viva.republica.toss.credit.loan.comparison.common.auth.ComparisonInputRrnActivity",
            "viva.republica.toss.credit.loan.comparison.common.details.JeonseDetailApplyActivity",
            "viva.republica.toss.credit.loan.comparison.common.details.LoanComparisonDetailActivity",
            "viva.republica.toss.credit.loan.comparison.common.details.LoanComparisonDetailApplyActivity",
            "viva.republica.toss.credit.loan.comparison.common.details.LoanCreditDetailAppliedActivity",
            "viva.republica.toss.credit.loan.comparison.common.details.LoanCreditDetailApplyBridgeActivity",
            "viva.republica.toss.credit.loan.comparison.credit.LoanComparisonFunnelNavigatorActivity",
            "viva.republica.toss.credit.loan.comparison.credit.input.LoanComparisonEditDetailActivity",
            "viva.republica.toss.credit.loan.comparison.credit.input.LoanComparisonInputAdditionalInfoActivity",
            "viva.republica.toss.credit.loan.comparison.credit.input.LoanComparisonInputCheckActivity",
            "viva.republica.toss.credit.loan.comparison.credit.input.LoanComparisonInputDetailActivity",
            "viva.republica.toss.credit.loan.comparison.credit.input.LoanComparisonInputJobActivity",
            "viva.republica.toss.credit.loan.comparison.credit.input.LoanComparisonInputValidationActivity",
            "viva.republica.toss.credit.loan.comparison.credit.online.LoanOnlineAccountWebActivity",
            "viva.republica.toss.credit.loan.comparison.jeonse.JeonseActivity",
            "viva.republica.toss.credit.loan.comparison.jeonse.JeonseInputActivity",
            "viva.republica.toss.credit.loan.comparison.jeonse.JeonseNoticeActivity",
            "viva.republica.toss.credit.loan.home.LoanHomeActivity",
            "viva.republica.toss.credit.loan.home.LoanHomeNavigatorActivity",
            "viva.republica.toss.credit.loan.home.LoanOverallActivity",
            "viva.republica.toss.credit.loan.mortgage.MortgageAgreementActivity",
            "viva.republica.toss.credit.loan.mortgage.MortgageInfoActivity",
            "viva.republica.toss.credit.loan.mortgage.MortgageStatusActivity",
            "viva.republica.toss.credit.loan.representative.LoanRepresentativeApplyWebActivity",
            "viva.republica.toss.credit.loan.representative.LoanRepresentativeConnectedActivity",
            "viva.republica.toss.credit.loan.representative.LoanRepresentativeDetailActivity",
            "viva.republica.toss.credit.loan.representative.LoanRepresentativeEntranceActivity",
            "viva.republica.toss.credit.loan.representative.LoanRepresentativeLoadingActivity",
            "viva.republica.toss.credit.loan.representative.LoanRepresentativeNotifyActivity",
            "viva.republica.toss.credit.loan.representative.LoanRepresentativeRegisterActivity",
            "viva.republica.toss.credit.loan.representative.LoanRepresentativeRejectActivity",
            "viva.republica.toss.credit.loan.representative.LoanRepresentativeRepaymentActivity",
            "viva.republica.toss.credit.loan.representative.LoanRepresentativeResultActivity",
            "viva.republica.toss.credit.loan.representative.LoanRepresentativeSchemeActivity",
            "viva.republica.toss.credit.loan.representative.LoanRepresentativeWebActivity",
            "viva.republica.toss.credit.management.CreditManagementPrimeSoftLandingActivity",
            "viva.republica.toss.credit.management.CreditManagementRefundInfoActivity",
            "viva.republica.toss.credit.management.intro.CreditManagementIntroActivity",
            "viva.republica.toss.credit.nonfinancial.register.PublicUtilityRegisterActivity",
            "viva.republica.toss.credit.overview.CreditFAQActivity",
            "viva.republica.toss.credit.overview.ads.CreditOverviewRecommendAdsActivity",
            "viva.republica.toss.credit.scheme.CreditDetailCardSchemeActivity",
            "viva.republica.toss.dashboard.birthday.BirthdayActivity",
            "viva.republica.toss.dashboard.onboarding.OnboardingCreditActivationActivity",
            "viva.republica.toss.dashboard.onboarding.OnboardingTutorialActivity",
            "viva.republica.toss.dashboard.onboarding.SchemeOnboardingTutorialActivity",
            "viva.republica.toss.dashboard.onboarding.TutorialAccountNumberActivity",
            "viva.republica.toss.dashboard.onboarding.TutorialAmountActivity",
            "viva.republica.toss.dashboard.onboarding.TutorialSelectBankActivity",
            "viva.republica.toss.dashboard.primaryAccount.SchemeTransferTossMoneyActivity",
            "viva.republica.toss.dashboard.primaryAccount.SchemeUpdatePrimaryAccountActivity",
            "viva.republica.toss.electronicdocument.wallet.DocumentWalletGov24DoneActivity",
            "viva.republica.toss.guest.ConfirmPasswordActivity",
            "viva.republica.toss.guest.CreatePasswordActivity",
            "viva.republica.toss.guest.CreatePasswordIntroActivity",
            "viva.republica.toss.guest.GuestBlockedActivity",
            "viva.republica.toss.guest.GuestPasswordResetActivity",
            "viva.republica.toss.guest.SchemeOnboardingWebActivity",
            "viva.republica.toss.guest.certify.CertifyGuestActivity",
            "viva.republica.toss.guest.certify.IntroGuestActivity",
            "viva.republica.toss.guest.underFourteen.UnderFourteenMainActivity",
            "viva.republica.toss.guest.underFourteen.UnderFourteenRemainsActivity",
            "viva.republica.toss.home.SchemeBottomSheetWebActivity",
            "viva.republica.toss.home.SchemeHomeActivity",
            "viva.republica.toss.home.SchemeTransparentWebActivity",
            "viva.republica.toss.home.account.HomeAccountHistoryActivity",
            "viva.republica.toss.home.account.credit.CreditLoanAccountActivity",
            "viva.republica.toss.home.account.wait.DepositWaitAccountHistoryListActivity",
            "viva.republica.toss.home.consumption.ConsumptionActivity",
            "viva.republica.toss.home.consumption.RegularConsumptionAddActivity",
            "viva.republica.toss.home.consumption.RegularConsumptionAddBottomSheetActivity",
            "viva.republica.toss.home.consumption.RegularConsumptionRemoveActivity",
            "viva.republica.toss.home.consumption.SchemeConsumptionCardBillSelectActivity",
            "viva.republica.toss.home.consumption.SchemeConsumptionIncludeActivity",
            "viva.republica.toss.home.consumption.SchemeConsumptionRegularAddActivity",
            "viva.republica.toss.home.consumption.analysis.AnalysisCategoryActivity",
            "viva.republica.toss.home.consumption.analysis.AnalysisCategoryListActivity",
            "viva.republica.toss.home.consumption.analysis.AnalysisListActivity",
            "viva.republica.toss.home.consumption.analysis.AnalysisRegularListActivity",
            "viva.republica.toss.home.consumption.analysis.SchemeAnalysisActivity",
            "viva.republica.toss.home.consumption.edit.ConsumptionEditActivity",
            "viva.republica.toss.home.consumption.transaction.TransactionListActivity",
            "viva.republica.toss.home.consumption.transaction.TransactionMemoActivity",
            "viva.republica.toss.home.consumption.transaction.account.AccountExpenseTransactionListActivity",
            "viva.republica.toss.home.consumption.transaction.account.AccountIncomeTransactionListActivity",
            "viva.republica.toss.home.consumption.transaction.card.CardNotificationTransactionListActivity",
            "viva.republica.toss.home.consumption.transaction.card.plcc.PlccCardHistoryListActivity",
            "viva.republica.toss.home.consumption.transaction.card.scraping.ScrapingCardHistoryListActivity",
            "viva.republica.toss.home.consumption.transaction.card.tosscard.TossCardHistoryListActivity",
            "viva.republica.toss.home.consumption.transaction.category.CategoryAddActivity",
            "viva.republica.toss.home.consumption.transaction.category.CategoryCustomListActivity",
            "viva.republica.toss.home.consumption.transaction.category.CategoryEditActivity",
            "viva.republica.toss.home.consumption.transaction.detail.TransactionDetailActivity",
            "viva.republica.toss.home.consumption.transaction.hide.HiddenTransactionListActivity",
            "viva.republica.toss.home.consumption.transaction.manual.ManualTransactionAddActivity",
            "viva.republica.toss.home.consumption.transaction.manual.ManualTransactionListActivity",
            "viva.republica.toss.home.consumption.transaction.pay.PayTransactionListActivity",
            "viva.republica.toss.home.edit.HomeEditActivity",
            "viva.republica.toss.kyc.KycIntroActivity",
            "viva.republica.toss.kyc.KycSchemeActivity",
            "viva.republica.toss.kyc.KycTestActivity",
            "viva.republica.toss.kyc.edd.EddDriversLicenseActivity",
            "viva.republica.toss.kyc.edd.EddIdCardActivity",
            "viva.republica.toss.kyc.edd.EddInfoActivity",
            "viva.republica.toss.kyc.edd.EddLandingActivity",
            "viva.republica.toss.kyc.edd.EddRrnActivity",
            "viva.republica.toss.main.MandatoryTermAgreeActivity",
            "viva.republica.toss.main.SchemeWebActivity",
            "viva.republica.toss.main.SuspendingClearWebView",
            "viva.republica.toss.main.WebViewActivity",
            "viva.republica.toss.main.more.AppSettingActivity",
            "viva.republica.toss.main.more.BiometricSettingActivity",
            "viva.republica.toss.main.more.DisplaySettingActivity",
            "viva.republica.toss.main.more.SecuritySettingActivity",
            "viva.republica.toss.main.more.TossCertTestActivity",
            "viva.republica.toss.main.more.TossTeamSettingActivity",
            "viva.republica.toss.main.more.TransferSettingActivity",
            "viva.republica.toss.main.more.notification.NotificationAllSettingActivity",
            "viva.republica.toss.main.more.notification.NotificationFunctionSettingActivity",
            "viva.republica.toss.main.more.push.MarketingTermsActivity",
            "viva.republica.toss.main.more.push.NotificationMarketingSettingActivity",
            "viva.republica.toss.main.more.push.SchemeNotificationSystemSettingActivity",
            "viva.republica.toss.main.more.push.SchemeTermsMarketingActivity",
            "viva.republica.toss.main.referral.SchemeReferralShareActivity",
            "viva.republica.toss.main.service.HappyTalkActivity",
            "viva.republica.toss.main.service.HappyTalkWebActivity",
            "viva.republica.toss.main.service.RecommendServiceActivity",
            "viva.republica.toss.main.service.SchemeServiceActivity",
            "viva.republica.toss.main.service.SchemeSupportActivity",
            "viva.republica.toss.membership.prime.PrimeSchemeActivity",
            "viva.republica.toss.membership.profile.ProfileActivity",
            "viva.republica.toss.membership.profile.ProfileEditActivity",
            "viva.republica.toss.membership.profile.ProfileEditActivity2",
            "viva.republica.toss.membership.profile.photo.PhotoCropActivity",
            "viva.republica.toss.myinfo.leave.EditAccountCompleteActivity",
            "viva.republica.toss.myinfo.leave.GuideEditAccountSchemeActivity",
            "viva.republica.toss.myinfo.leave.LeaveActivity",
            "viva.republica.toss.myinfo.leave.LeaveCompleteActivity",
            "viva.republica.toss.myinfo.leave.LeaveSurveyActivity",
            "viva.republica.toss.myinfo.leave.LeaveSurveyWriteActivity",
            "viva.republica.toss.myinfo.leave.RefundAccountInputActivity",
            "viva.republica.toss.myinfo.leave.RefundAccountSelectActivity",
            "viva.republica.toss.myinfo.mission.TossMissionAccountCreateActivity",
            "viva.republica.toss.myinfo.mission.TossMissionCreateActivity",
            "viva.republica.toss.nps.NpsAnswerActivity",
            "viva.republica.toss.nps.NpsQuestionActivity",
            "viva.republica.toss.password.BankPasswordActivity",
            "viva.republica.toss.password.PasswordActivity",
            "viva.republica.toss.password.PasswordSettingActivity",
            "viva.republica.toss.password.PasswordSettingIntroActivity",
            "viva.republica.toss.password.ResetPasswordSchemeActivity",
            "viva.republica.toss.password.reset.PasswordResetIntroActivity",
            "viva.republica.toss.payment.PaymentChargeAccountChooserActivity",
            "viva.republica.toss.payment.card.ui.list.PaymentCardListActivity",
            "viva.republica.toss.payment.card.ui.registerV2.PaymentCardRegisterInputActivity",
            "viva.republica.toss.payment.card.ui.registerV2.PaymentCardRegisterManualInputActivity",
            "viva.republica.toss.payment.card.ui.registerV2.PaymentCardRegisterScanActivity",
            "viva.republica.toss.payment.card.ui.registerV2.PaymentCardRegisterSelectVendorActivity",
            "viva.republica.toss.payment.gln.GlnBillActivity",
            "viva.republica.toss.payment.gln.GlnEnglishNameActivity",
            "viva.republica.toss.payment.gln.GlnInputAmountActivity",
            "viva.republica.toss.payment.gln.GlnIntroActivity",
            "viva.republica.toss.payment.gln.GlnQrCreatorActivity",
            "viva.republica.toss.payment.gln.GlnQrPayActivity",
            "viva.republica.toss.payment.gln.GlnQrScannerActivity",
            "viva.republica.toss.payment.gln.GlnReceiptActivity",
            "viva.republica.toss.payment.gln.GlnReceiptListActivity",
            "viva.republica.toss.payment.gln.GlnSettingActivity",
            "viva.republica.toss.pedometer.PedometerIntroActivity",
            "viva.republica.toss.pedometer.PedometerSettingActivity",
            "viva.republica.toss.pedometer.PedometerShareActivity",
            "viva.republica.toss.pedometer.PedometerWalletActivity",
            "viva.republica.toss.pedometer.friends.PedometerCheerDisplayActivity",
            "viva.republica.toss.pedometer.friends.PedometerFriendManageActivity",
            "viva.republica.toss.pedometer.friends.PedometerFriendsActivity",
            "viva.republica.toss.pedometer.main.PedometerMainActivity",
            "viva.republica.toss.pedometer.main.PedometerNotificationSettingActivity",
            "viva.republica.toss.pedometer.main.PedometerPermissionGuideActivity",
            "viva.republica.toss.pedometer.main.PedometerRestartGuideActivity",
            "viva.republica.toss.pedometer.mission.PedometerMissionActivity",
            "viva.republica.toss.pedometer.mission.PedometerMissionDetailActivity",
            "viva.republica.toss.pg.PGWebActivity",
            "viva.republica.toss.pg.SchemePGActivity",
            "viva.republica.toss.plcc.activity.PlccCardTransactionDetailActivity",
            "viva.republica.toss.plcc.activity.PlccCashbackGuideActivity",
            "viva.republica.toss.plcc.activity.PlccDccGuideActivity",
            "viva.republica.toss.plcc.activity.PlccIntroActivity",
            "viva.republica.toss.plcc.activity.PlccIssueAccountInputActivity",
            "viva.republica.toss.plcc.activity.PlccIssueAddressActivity",
            "viva.republica.toss.plcc.activity.PlccIssueAddressEditActivity",
            "viva.republica.toss.plcc.activity.PlccIssueCoinVerificationActivity",
            "viva.republica.toss.plcc.activity.PlccIssueColorActivity",
            "viva.republica.toss.plcc.activity.PlccIssueCompanyFormActivity",
            "viva.republica.toss.plcc.activity.PlccIssueCompanySearchActivity",
            "viva.republica.toss.plcc.activity.PlccIssueCompleteActivity",
            "viva.republica.toss.plcc.activity.PlccIssueIdActivity",
            "viva.republica.toss.plcc.activity.PlccIssueIdLoadingActivity",
            "viva.republica.toss.plcc.activity.PlccIssueJobListActivity",
            "viva.republica.toss.plcc.activity.PlccIssuePasswordActivity",
            "viva.republica.toss.plcc.activity.PlccIssuePaymentActivity",
            "viva.republica.toss.plcc.activity.PlccIssuePersonalInfoActivity",
            "viva.republica.toss.plcc.activity.PlccIssueResumeActivity",
            "viva.republica.toss.plcc.activity.PlccIssueStatusActivity",
            "viva.republica.toss.plcc.activity.PlccIssueTermsActivity",
            "viva.republica.toss.plcc.activity.PlccIssueTermsWebViewActivity",
            "viva.republica.toss.plcc.activity.PlccIssueVerificationIntroActivity",
            "viva.republica.toss.plcc.activity.PlccSettingActivity",
            "viva.republica.toss.plcc.activity.PlccSettingV2Activity",
            "viva.republica.toss.plcc.activity.PlccSimpleIssueActivity",
            "viva.republica.toss.plcc.activity.PlccSimpleIssueCompleteActivity",
            "viva.republica.toss.plcc.bill.PlccBillActivity",
            "viva.republica.toss.plcc.billlist.PlccBillListActivity",
            "viva.republica.toss.plcc.billlist.PlccBillTransactionDetailActivity",
            "viva.republica.toss.plcc.expectbillamount.PlccExpectedBillAmountActivity",
            "viva.republica.toss.qrcode.PhotoTransferActivity",
            "viva.republica.toss.qrcode.QRCodeScannerActivity",
            "viva.republica.toss.qrcode.TransferQRCodeDataActivity",
            "viva.republica.toss.scraping.SelectCertForScrapingActivity",
            "viva.republica.toss.security.malware.MalwareDetectActivity",
            "viva.republica.toss.selfie.ui.SelfieAntispoofingActivity",
            "viva.republica.toss.selfie.ui.SelfieIntroActivity",
            "viva.republica.toss.selfie.ui.SelfieSettingActivity",
            "viva.republica.toss.send.CompactSendActivity",
            "viva.republica.toss.send.SchemeOpenApiActivity",
            "viva.republica.toss.send.SendActivity",
            "viva.republica.toss.send.dutch.TransferDutchAmountActivity",
            "viva.republica.toss.send.dutch.TransferDutchHistoryActivity",
            "viva.republica.toss.send.dutch.TransferDutchInputAmountActivity",
            "viva.republica.toss.send.dutch.TransferDutchInviteActivity",
            "viva.republica.toss.send.dutch.TransferDutchRoomActivity",
            "viva.republica.toss.send.dutch.TransferDutchShareActivity",
            "viva.republica.toss.send.dutch.TransferDutchTransactionActivity",
            "viva.republica.toss.send.periodic.PeriodicTransferListActivity",
            "viva.republica.toss.send.periodic.PeriodicTransferPostActivity",
            "viva.republica.toss.send.point.PointAmountActivity",
            "viva.republica.toss.send.point.PointRefundActivity",
            "viva.republica.toss.send.point.PointRefundCompleteActivity",
            "viva.republica.toss.send.receipt.TransferHistoryActivity",
            "viva.republica.toss.send.receipt.TransferHistoryDatePickerActivity",
            "viva.republica.toss.send.receipt.TransferHistoryReceiptActivity",
            "viva.republica.toss.send.v3.InterstitialAdActivity",
            "viva.republica.toss.send.v3.TransferBrokerMessageActivity",
            "viva.republica.toss.send.v3.TransferCompleteActivity",
            "viva.republica.toss.send.v3.TransferExternalGreetingActivity",
            "viva.republica.toss.send.v3.TransferMessageActivity",
            "viva.republica.toss.send.v3.TransferOverPossessionReceiveActivity",
            "viva.republica.toss.send.v3.TransferPossessionLimitActivity",
            "viva.republica.toss.send.v3.TransferReceiverTabActivity",
            "viva.republica.toss.send.v3.TransferRegisterAccountActivity",
            "viva.republica.toss.send.v3.TransferSelectReceiveAccountActivity",
            "viva.republica.toss.send.v4.IncreaseTransferLimitBottomSheetActivity",
            "viva.republica.toss.send.v4.PossessionLimitBottomSheetActivity",
            "viva.republica.toss.send.v4.TossBankAdditionalAuthWebActivity",
            "viva.republica.toss.send.v4.TransferCompleteV2Activity",
            "viva.republica.toss.send.v4.TransferSendActivity",
            "viva.republica.toss.send.v4.UnderFourteenTransferReceiveActivity",
            "viva.republica.toss.send.v4.WaitingTransferCancelBottomSheetActivity",
            "viva.republica.toss.service.CardWebCaActivity",
            "viva.republica.toss.service.ChildTermsSettingActivity",
            "viva.republica.toss.service.CompactTermsActivity",
            "viva.republica.toss.service.InsuranceInquiryServiceActivity",
            "viva.republica.toss.service.LabActivity",
            "viva.republica.toss.service.SchemeLabActivity",
            "viva.republica.toss.service.ServiceTermsSettingActivity",
            "viva.republica.toss.service.TabbedLabActivity",
            "viva.republica.toss.service.TermsSettingActivity",
            "viva.republica.toss.share.InternalShareActivity",
            "viva.republica.toss.signup.AccountSmsIntroActivity",
            "viva.republica.toss.signup.ArsWithdrawAgreementActivity",
            "viva.republica.toss.signup.SchemeBankRegisterActivity",
            "viva.republica.toss.signup.SelectBankActivity",
            "viva.republica.toss.signup.UpdateArsVerificationActivity",
            "viva.republica.toss.splash.SchemeActivity",
            "viva.republica.toss.splash.SplashActivity",
            "viva.republica.toss.splash.SplashSchemeActivity",
            "viva.republica.toss.terms.StandardTermsConsentActivity",
            "viva.republica.toss.testlab.CaUserInfoOverrideActivity",
            "viva.republica.toss.timeline.activity.TimelineMemoActivity",
            "viva.republica.toss.timeline.activity.TimelineNonMemberTransferActivity",
            "viva.republica.toss.timeline.activity.TimelineRewardDetailActivity",
            "viva.republica.toss.tossCert.view.TossBasicCertLv1RegistrationLandingActivity",
            "viva.republica.toss.tossCert.view.TossBasicCertRegistrationActivity",
            "viva.republica.toss.tossCert.view.TossCaCertRegistrationActivity",
            "viva.republica.toss.tossCert.view.TossCaCertRegistrationCompleteActivity",
            "viva.republica.toss.tossCert.view.TossCaCertRegistrationLandingActivity",
            "viva.republica.toss.tossCert.view.TossCaCertRegistrationSkipIntroActivity",
            "viva.republica.toss.tossCert.view.TossCaCertRegistrationVariant1Activity",
            "viva.republica.toss.tossCert.view.TossCaCertRegistrationVariant2Activity",
            "viva.republica.toss.tossCert.view.TossCertCompleteActivity",
            "viva.republica.toss.tossCert.view.TossCertDocHtmlDetailActivity",
            "viva.republica.toss.tossCert.view.TossCertDocTextDetailActivity",
            "viva.republica.toss.tossCert.view.TossCertImportActivity",
            "viva.republica.toss.tossCert.view.TossCertIssueRouteActivity",
            "viva.republica.toss.tossCert.view.TossCertLoginActivity",
            "viva.republica.toss.tossCert.view.TossCertRestoreActivity",
            "viva.republica.toss.tossCert.view.TossCertSettingsActivity",
            "viva.republica.toss.tossCert.view.TossCertSignDocActivity",
            "viva.republica.toss.tossCert.view.TossCertSignDocSummaryActivity",
            "viva.republica.toss.tossCert.view.TossCertSignDocsActivity",
            "viva.republica.toss.tossCert.view.TossCertSignMydataDocsActivity",
            "viva.republica.toss.tossCert.view.TossCertSignUserActivity",
            "viva.republica.toss.tossCert.view.TossCertV2RouteActivity",
            "viva.republica.toss.tossCert.view.auth.TossCertRegistrationAuth1WonActivity",
            "viva.republica.toss.tossCert.view.auth.TossCertRegistrationAuth1WonConfirmActivity",
            "viva.republica.toss.tossCert.view.auth.TossCertRegistrationAuthCertActivity",
            "viva.republica.toss.tossCert.view.auth.TossCertRegistrationAuthIdActivity",
            "viva.republica.toss.tossCert.view.auth.TossCertRegistrationAuthSelectBankActivity",
            "viva.republica.toss.tossCert.view.auth.TossCertRegistrationAuthSmsRequestActivity",
            "viva.republica.toss.tossCert.view.auth.TossCertRegistrationAuthSmsVerifyActivity",
            "viva.republica.toss.tossCert.view.certificationcenter.TossCertificationCenterActivity",
            "viva.republica.toss.tossCert.view.certificationcenter.TossCertificationCenterSchemeActivity",
            "viva.republica.toss.tosscard.activity.TossCardAddressActivity",
            "viva.republica.toss.tosscard.activity.TossCardAutoChargeConnectActivity",
            "viva.republica.toss.tosscard.activity.TossCardChangePasswordActivity",
            "viva.republica.toss.tosscard.activity.TossCardCloseActivity",
            "viva.republica.toss.tosscard.activity.TossCardCreateActivity",
            "viva.republica.toss.tosscard.activity.TossCardDetailActivity",
            "viva.republica.toss.tosscard.activity.TossCardIntroActivity",
            "viva.republica.toss.tosscard.activity.TossCardIssueFeeSendActivity",
            "viva.republica.toss.tosscard.activity.TossCardLostActivity",
            "viva.republica.toss.tosscard.activity.TossCardPasswordActivity",
            "viva.republica.toss.tosscard.activity.TossCardRegisterActivity",
            "viva.republica.toss.tosscard.activity.TossCardReleaseLostActivity",
            "viva.republica.toss.tosscard.activity.TossCardReleasePauseActivity",
            "viva.republica.toss.tosscard.activity.TossCardRequestedActivity",
            "viva.republica.toss.tosscard.activity.TossCardSalesStatementActivity",
            "viva.republica.toss.tosscard.activity.TossCardTransactionDetailActivity",
            "viva.republica.toss.tosspartner.TossPartnerCertTermsActivity",
            "viva.republica.toss.tosssecurities.TossSecuritiesAccountAgreementActivity",
            "viva.republica.toss.tosssecurities.TossSecuritiesAccountAgreementV2Activity",
            "viva.republica.toss.tosssecurities.wts.TossSecuritiesWtsBridgeActivity",
            "viva.republica.toss.util.VideoViewerActivity",
            "viva.republica.toss.verify.VerifyUserInfoActivity",
            "viva.republica.toss.verify.VerifyUserInfoSettingActivity",
            "viva.republica.toss.verify.account.AccountVerificationTelebankingGuideActivity",
            "viva.republica.toss.verify.auth.AuthCsExpiredActivity",
            "viva.republica.toss.verify.auth.AuthCsWebActivity",
            "viva.republica.toss.verify.session.VerifySessionActivity",
            "viva.republica.toss.verify.session.VerifySessionOcrActivity",
            "viva.republica.toss.verify.session.VerifySessionOcrIntroActivity",
            "viva.republica.toss.verify.unblock.UnblockSessionActivity"
        ],
        "services": [
            "androidx.work.impl.background.systemjob.SystemJobService",
            "com.google.android.datatransport.runtime.backends.TransportBackendDiscovery",
            "com.google.android.datatransport.runtime.scheduling.jobscheduling.JobInfoSchedulerService",
            "com.google.android.gms.auth.api.signin.RevocationBoundService",
            "com.google.android.gms.measurement.AppMeasurementJobService",
            "com.google.android.gms.measurement.AppMeasurementService",
            "com.google.android.play.core.assetpacks.AssetPackExtractionService",
            "com.google.android.play.core.assetpacks.ExtractionForegroundService",
            "im.toss.features.hecto.beacon.BeaconService",
            "o.BugsnagEventMapper",
            "o.RendererCapabilities$FormatSupport",
            "o.access$getType$p",
            "o.by",
            "o.connectSocket",
            "o.dn",
            "o.hD",
            "o.setClipValuesToContent",
            "org.altbeacon.beacon.BeaconIntentProcessor",
            "org.altbeacon.beacon.service.BeaconService",
            "org.altbeacon.beacon.service.ScanJob",
            "org.altbeacon.bluetooth.BluetoothTestJob",
            "viva.republica.toss.send.service.CopyTextJobService"
        ],
        "receivers": [
            "androidx.profileinstaller.ProfileInstallReceiver",
            "androidx.work.impl.background.systemalarm.ConstraintProxyUpdateReceiver",
            "androidx.work.impl.background.systemalarm.RescheduleReceiver",
            "androidx.work.impl.diagnostics.DiagnosticsReceiver",
            "androidx.work.impl.utils.ForceStopRunnable$BroadcastReceiver",
            "co.adison.offerwall.receivers.InstallReceiver",
            "com.appsflyer.MultipleInstallBroadcastReceiver",
            "com.google.android.gms.measurement.AppMeasurementReceiver",
            "com.google.firebase.iid.FirebaseInstanceIdReceiver",
            "o.BreadcrumbType$IconCompatParcelizer",
            "o.BreadcrumbType$RemoteActionCompatParcelizer",
            "o.BreadcrumbType$read",
            "o.BreadcrumbType$write",
            "o.RFC822Name",
            "o.RealmExtensionsKt$sam$i$io_realm_Realm_Transaction$0",
            "o.access$1300",
            "o.di",
            "o.dx",
            "o.getTrimLevelDescription",
            "o.ja",
            "o.nativeAsBinary",
            "o.setAlgName",
            "o.setSocketBufferSize",
            "o.updateAAD",
            "org.altbeacon.beacon.startup.StartupBroadcastReceiver",
            "viva.republica.toss.analytics.toss.InstallReceiver",
            "viva.republica.toss.pedometer.AppUpdateReceiver",
            "viva.republica.toss.pedometer.PedometerBootCompleteReceiver",
            "viva.republica.toss.send.TransferMediumWidgetProvider",
            "viva.republica.toss.send.TransferSmallWidgetProvider"
        ]
    },
    "stats": {
        "dex_count": 17,
        "native_lib_count": 23
    },
    "jadx": {
        "status": "ok",
        "duration_sec": 264.69,
        "sources_present": true,
        "java_file_count": 22243
    },
    "ast_analysis": {
        "location": 0,
        "microphone": 0,
        "camera": 35,
        "media_projection": 0,
        "dynamic_load": 0,
        "jni": 20
    },
    "analysis_state": "complete"
}