{
    "apk_name": "D5CFE441885C0F2458FFF6A741197620C057A05BC73A7D5DE597B0AD51425BDF",
    "sha256": "d5cfe441885c0f2458fff6a741197620c057a05bc73a7d5de597b0ad51425bdf",
    "metadata": {
        "package_name": "dk.precure.back",
        "version_code": "1672993960",
        "version_name": "1.6.3",
        "min_sdk": "26",
        "target_sdk": "31",
        "permissions": [
            "android.permission.ACCESS_NETWORK_STATE",
            "android.permission.ACCESS_NOTIFICATION_POLICY",
            "android.permission.BIND_NOTIFICATION_LISTENER_SERVICE",
            "android.permission.BLUETOOTH",
            "android.permission.BLUETOOTH_ADMIN",
            "android.permission.BLUETOOTH_ADVERTISE",
            "android.permission.BLUETOOTH_CONNECT",
            "android.permission.BLUETOOTH_SCAN",
            "android.permission.CALL_COMPANION_APP",
            "android.permission.FOREGROUND_SERVICE",
            "android.permission.INTERNET",
            "android.permission.LOCATION_HARDWARE",
            "android.permission.RECEIVE_BOOT_COMPLETED",
            "android.permission.REQUEST_COMPANION_RUN_IN_BACKGROUND",
            "android.permission.REQUEST_COMPANION_USE_DATA_IN_BACKGROUND",
            "android.permission.SET_ACTIVITY_WATCHER",
            "android.permission.SYSTEM_ALERT_WINDOW",
            "android.permission.WAKE_LOCK",
            "android.permission.WRITE_EXTERNAL_STORAGE",
            "com.google.android.gms.permission.AD_ID"
        ],
        "activities": [
            "crc64013684edcb5f9bfe.MainActivity",
            "crc648316b0a9aa8cfd61.BrowserTabActivity",
            "crc64ed1888fb4925e3b7.AuthenticationAgentActivity",
            "microsoft.identity.client.AuthenticationActivity"
        ],
        "services": [
            "androidx.room.MultiInstanceInvalidationService",
            "androidx.work.impl.background.systemalarm.SystemAlarmService",
            "androidx.work.impl.background.systemjob.SystemJobService",
            "androidx.work.impl.foreground.SystemForegroundService",
            "crc64e4b4853aef58ca48.BackgroundingService"
        ],
        "receivers": [
            "androidx.work.impl.background.systemalarm.ConstraintProxy$BatteryChargingProxy",
            "androidx.work.impl.background.systemalarm.ConstraintProxy$BatteryNotLowProxy",
            "androidx.work.impl.background.systemalarm.ConstraintProxy$NetworkStateProxy",
            "androidx.work.impl.background.systemalarm.ConstraintProxy$StorageNotLowProxy",
            "androidx.work.impl.background.systemalarm.ConstraintProxyUpdateReceiver",
            "androidx.work.impl.background.systemalarm.RescheduleReceiver",
            "androidx.work.impl.diagnostics.DiagnosticsReceiver",
            "androidx.work.impl.utils.ForceStopRunnable$BroadcastReceiver",
            "com.app.BootBroadcastReceiver",
            "crc643f46942d9dd1fff9.PowerSaveModeBroadcastReceiver",
            "crc64a0e0a82d0db9a07d.ConnectivityBroadcastReceiver",
            "crc64b23d04fbe6d38292.AlarmHandler"
        ],
        "permission_details": {
            "android.permission.ACCESS_NETWORK_STATE": "normal",
            "android.permission.ACCESS_NOTIFICATION_POLICY": "normal",
            "android.permission.BIND_NOTIFICATION_LISTENER_SERVICE": "signature",
            "android.permission.BLUETOOTH": "normal",
            "android.permission.BLUETOOTH_ADMIN": "normal",
            "android.permission.BLUETOOTH_ADVERTISE": "dangerous",
            "android.permission.BLUETOOTH_CONNECT": "dangerous",
            "android.permission.BLUETOOTH_SCAN": "dangerous",
            "android.permission.CALL_COMPANION_APP": "normal",
            "android.permission.FOREGROUND_SERVICE": "normal",
            "android.permission.INTERNET": "normal",
            "android.permission.LOCATION_HARDWARE": "unlaballed",
            "android.permission.RECEIVE_BOOT_COMPLETED": "normal",
            "android.permission.REQUEST_COMPANION_RUN_IN_BACKGROUND": "normal",
            "android.permission.REQUEST_COMPANION_USE_DATA_IN_BACKGROUND": "normal",
            "android.permission.SET_ACTIVITY_WATCHER": "unknown",
            "android.permission.SYSTEM_ALERT_WINDOW": "signature",
            "android.permission.WAKE_LOCK": "normal",
            "android.permission.WRITE_EXTERNAL_STORAGE": "dangerous",
            "com.google.android.gms.permission.AD_ID": "unknown"
        },
        "risk_counts": {
            "normal": 11,
            "signature": 2,
            "dangerous": 4,
            "unlaballed": 1,
            "unknown": 2
        }
    },
    "stats": {
        "dex_count": 1,
        "native_lib_count": 32
    },
    "jadx": {
        "status": "ok",
        "duration_sec": 23.63,
        "sources_present": true,
        "java_file_count": 3301
    },
    "ast_analysis": {
        "location": 3,
        "microphone": 0,
        "camera": 6,
        "media_projection": 0,
        "dynamic_load": 0,
        "jni": 6
    },
    "analysis_state": "complete"
}