{
    "java_files": [
        "com/secneo/apkwrapper/b.java",
        "com/secneo/apkwrapper/H.java",
        "com/secneo/apkwrapper/AW.java",
        "com/secneo/apkwrapper/AP.java",
        "com/secneo/apkwrapper/a.java",
        "com/secneo/apkwrapper/c.java",
        "com/secneo/apkwrapper/CP.java",
        "com/secneo/apkwrapper/r/b.java",
        "com/secneo/apkwrapper/r/a.java",
        "com/secneo/apkwrapper/r/c.java",
        "com/secneo/apkwrapper/r/S.java",
        "com/jiliguala/niuwa/R.java",
        "kotlin/coroutines/jvm/internal/DebugProbesKt.java"
    ],
    "ast_hits_by_file": {
        "location": [],
        "microphone": [],
        "camera": [],
        "media_projection": [],
        "dynamic_load": [],
        "jni": [
            "com/secneo/apkwrapper/AW.java"
        ]
    },
    "native_libs": [
        "lib/arm64-v8a/lib39285EFA.so",
        "lib/arm64-v8a/libBugly.so",
        "lib/arm64-v8a/libCtaApiLib.so",
        "lib/arm64-v8a/libRSSupport.so",
        "lib/arm64-v8a/libShanYCore.so",
        "lib/arm64-v8a/libcocos2djs.so",
        "lib/arm64-v8a/libdigest.so",
        "lib/arm64-v8a/libggrlamemp3.so",
        "lib/arm64-v8a/libijkffmpeg.so",
        "lib/arm64-v8a/libijkplayer.so",
        "lib/arm64-v8a/libijksdl.so",
        "lib/arm64-v8a/liblamemp3.so",
        "lib/arm64-v8a/libmmkv.so",
        "lib/arm64-v8a/libmp3lame.so",
        "lib/arm64-v8a/libnlog.so",
        "lib/arm64-v8a/libpingpp.so",
        "lib/arm64-v8a/libpl_droidsonroids_gif.so",
        "lib/arm64-v8a/librsjni.so",
        "lib/arm64-v8a/librsjni_androidx.so",
        "lib/arm64-v8a/libsmsdk.so",
        "lib/arm64-v8a/libweibosdkcore.so",
        "lib/arm64-v8a/libwind.so",
        "lib/armeabi-v7a/lib39285EFA.so",
        "lib/armeabi-v7a/libBugly.so",
        "lib/armeabi-v7a/libCtaApiLib.so",
        "lib/armeabi-v7a/libRSSupport.so",
        "lib/armeabi-v7a/libShanYCore.so",
        "lib/armeabi-v7a/libcocos2djs.so",
        "lib/armeabi-v7a/libdigest.so",
        "lib/armeabi-v7a/libggrlamemp3.so",
        "lib/armeabi-v7a/libijkffmpeg.so",
        "lib/armeabi-v7a/libijkplayer.so",
        "lib/armeabi-v7a/libijksdl.so",
        "lib/armeabi-v7a/liblamemp3.so",
        "lib/armeabi-v7a/libmmkv.so",
        "lib/armeabi-v7a/libmp3lame.so",
        "lib/armeabi-v7a/libnlog.so",
        "lib/armeabi-v7a/libpingpp.so",
        "lib/armeabi-v7a/libpl_droidsonroids_gif.so",
        "lib/armeabi-v7a/librsjni.so",
        "lib/armeabi-v7a/librsjni_androidx.so",
        "lib/armeabi-v7a/libsmsdk.so",
        "lib/armeabi-v7a/libweibosdkcore.so",
        "lib/armeabi-v7a/libwind.so",
        "lib/armeabi-v7a/libDexHelper-x86.so",
        "lib/armeabi-v7a/libDexHelper.so",
        "lib/armeabi-v7a/libdexjni.so",
        "lib/arm64-v8a/libDexHelper-x86.so",
        "lib/arm64-v8a/libDexHelper.so",
        "lib/arm64-v8a/libdexjni.so"
    ],
    "dex_files_count": 2,
    "exported_components": {
        "activities": [
            "cn.sharesdk.framework.loopshare.RestoreTempActivity",
            "cn.sharesdk.loopshare.LoopShareActivity",
            "cn.sharesdk.tencent.qq.ReceiveActivity",
            "com.alipay.sdk.app.AlipayResultActivity",
            "com.alipay.sdk.app.H5AuthActivity",
            "com.alipay.sdk.app.H5PayActivity",
            "com.alipay.sdk.app.PayResultActivity",
            "com.blankj.utilcode.util.UtilsTransActivity",
            "com.chuanglan.shanyan_sdk.view.CTCCPrivacyProtocolActivity",
            "com.chuanglan.shanyan_sdk.view.CmccLoginActivity",
            "com.chuanglan.shanyan_sdk.view.ShanYanOneKeyActivity",
            "com.huawei.hms.activity.BridgeActivity",
            "com.huawei.hms.activity.EnableServiceActivity",
            "com.huawei.updatesdk.service.otaupdate.AppUpdateActivity",
            "com.huawei.updatesdk.support.pm.PackageInstallerActivity",
            "com.jiliguala.channel.TranslucentActivity",
            "com.jiliguala.library.booknavigation.detail.AlbumDetailActivity",
            "com.jiliguala.library.booknavigation.detail.BookDetailActivity",
            "com.jiliguala.library.booknavigation.home.HomeBookActivity",
            "com.jiliguala.library.booknavigation.level.LevelActivity",
            "com.jiliguala.library.booknavigation.level.LevelDescActivity",
            "com.jiliguala.library.booknavigation.level.LevelSwitchActivity",
            "com.jiliguala.library.booknavigation.lexile.LexileIntroActivity",
            "com.jiliguala.library.booknavigation.otherbook.OtherBooksListV2Activity",
            "com.jiliguala.library.booknavigation.schedulesetting.ReadSettingActivity",
            "com.jiliguala.library.booknavigation.schedulesetting.ScheduleSettingActivity",
            "com.jiliguala.library.common.activity.LottieTestActivity",
            "com.jiliguala.library.coremodel.debug.DevEnvActivity",
            "com.jiliguala.library.coremodel.web.InternalWebViewActivity",
            "com.jiliguala.library.module_game.CardGameActivity",
            "com.jiliguala.library.module_game.GameActivity",
            "com.jiliguala.library.module_game.GameLoadingTempActivity",
            "com.jiliguala.library.reading.complete.CompletedActivity",
            "com.jiliguala.library.wxapi.WXEntryActivity",
            "com.jiliguala.niuwa.common.Activity.LandscapeVideoViewActivity",
            "com.jiliguala.niuwa.common.Activity.PortraitVideoViewActivity",
            "com.jiliguala.niuwa.common.Activity.VideoViewActivity",
            "com.jiliguala.niuwa.common.util.LoginOtherDeviceActivity",
            "com.jiliguala.niuwa.common.widget.GGReadingDialogActivity",
            "com.jiliguala.niuwa.module.NewRoadMap.BabyRoadMapActivity",
            "com.jiliguala.niuwa.module.NewRoadMap.GuaReadingPurchaseActivity",
            "com.jiliguala.niuwa.module.NewRoadMap.NewRoadMapActivity",
            "com.jiliguala.niuwa.module.NewRoadMap.OneVOneCoursePurchaseSuccessActivity",
            "com.jiliguala.niuwa.module.NewRoadMap.OneVOnePayPageActivity",
            "com.jiliguala.niuwa.module.NewRoadMap.ParentingRoadMapActivity",
            "com.jiliguala.niuwa.module.NewRoadMap.PurchasedGiftActivity",
            "com.jiliguala.niuwa.module.NewRoadMap.PurchasedGiftLandscapeActivity",
            "com.jiliguala.niuwa.module.SuperViewActivity",
            "com.jiliguala.niuwa.module.aboutus.AboutUsActivity",
            "com.jiliguala.niuwa.module.album.multi_image_selector.MultiImageSelectorActivity",
            "com.jiliguala.niuwa.module.ambumlist.AlbumActivity",
            "com.jiliguala.niuwa.module.audio.activity.AudioActivity",
            "com.jiliguala.niuwa.module.babyintiation.StudyCourseActivity",
            "com.jiliguala.niuwa.module.bindwechat.BindWechatActivity",
            "com.jiliguala.niuwa.module.check.CheckWebActivity",
            "com.jiliguala.niuwa.module.course.category.CourseSelectActivity",
            "com.jiliguala.niuwa.module.course.contents.CourseContentsActivity",
            "com.jiliguala.niuwa.module.course.main.CourseActivity",
            "com.jiliguala.niuwa.module.course.main.CoursePeekerActivity",
            "com.jiliguala.niuwa.module.courseReport.CourseReportNativeActivity",
            "com.jiliguala.niuwa.module.devicemangement.DeviceManagementActivity",
            "com.jiliguala.niuwa.module.disney.DisneyCourseDetailActivity",
            "com.jiliguala.niuwa.module.disney.DisneyRoadMapActivity",
            "com.jiliguala.niuwa.module.disney.ScLessonPurchaseActivity",
            "com.jiliguala.niuwa.module.duiba.activity.CreditActivity",
            "com.jiliguala.niuwa.module.duiba.activity.GuaCoinActivity",
            "com.jiliguala.niuwa.module.expansion.OutOfSchoolActivity",
            "com.jiliguala.niuwa.module.eyeCare.EyeCareSettingActivity",
            "com.jiliguala.niuwa.module.flashcard.activity.FlashCardActivity",
            "com.jiliguala.niuwa.module.forum.creator.ForumCreatorActivity",
            "com.jiliguala.niuwa.module.forum.detail.ForumDetailActivity",
            "com.jiliguala.niuwa.module.forum.personalforum.PersonalForumInfoActivity",
            "com.jiliguala.niuwa.module.game.GuavatarConversationActivity",
            "com.jiliguala.niuwa.module.game.NativeGameActivity",
            "com.jiliguala.niuwa.module.game.ReviewGameActivity",
            "com.jiliguala.niuwa.module.game.SuperGuavatarActivity",
            "com.jiliguala.niuwa.module.game.download.v2.CocosBackGroundActivity",
            "com.jiliguala.niuwa.module.guadou.RechargeGuaDouActivity",
            "com.jiliguala.niuwa.module.guadou.RecordGuaDouActivity",
            "com.jiliguala.niuwa.module.guoxueroadmap.GuoXueRoadMapActivity",
            "com.jiliguala.niuwa.module.holidayactivity.ChildrensDayLotteryActivity",
            "com.jiliguala.niuwa.module.holidayactivity.GeneralActivityActivity",
            "com.jiliguala.niuwa.module.holidayactivity.NewbieFirstWeekActivity",
            "com.jiliguala.niuwa.module.hotsubject.HotSubjectActivity",
            "com.jiliguala.niuwa.module.ijkvideoview.IjkvideoViewActivity",
            "com.jiliguala.niuwa.module.interact.course.InteractLessonActivity",
            "com.jiliguala.niuwa.module.interact.course.bundle.GenericLessonBundleActivity",
            "com.jiliguala.niuwa.module.interact.course.detail.InteractLessonDetailActivity",
            "com.jiliguala.niuwa.module.interact.course.detail.LandScapeVideoActivity",
            "com.jiliguala.niuwa.module.interact.course.purchased.PurchasedCoursesListActivity",
            "com.jiliguala.niuwa.module.interact.course.purchased.PurchasedGoodsActivity",
            "com.jiliguala.niuwa.module.learnsong.LearnSongActivity",
            "com.jiliguala.niuwa.module.learnsong.OralLanguageActivity",
            "com.jiliguala.niuwa.module.learnsong.PregnancyRadioActivity",
            "com.jiliguala.niuwa.module.learnsong.SeedLessonVideoActivity",
            "com.jiliguala.niuwa.module.main.main.NewMainActivity",
            "com.jiliguala.niuwa.module.mainentrance.HomeRoadMapActivity",
            "com.jiliguala.niuwa.module.mainentrance.UriProxyActivity",
            "com.jiliguala.niuwa.module.mainentrance.aboutdialog.OpenClassVideoActivity",
            "com.jiliguala.niuwa.module.mainentrance.fix.FixRoadMapActivity",
            "com.jiliguala.niuwa.module.mainentrance.modeswitch.RoadMapModeChooseActivity",
            "com.jiliguala.niuwa.module.mainentrance.seed.SeedRoadMapActivity",
            "com.jiliguala.niuwa.module.mainroadmap.MainRoadMapActivity",
            "com.jiliguala.niuwa.module.matchgame.MatchGameActivity",
            "com.jiliguala.niuwa.module.mcphonics.detail.McPcLessonSharePageActivity",
            "com.jiliguala.niuwa.module.mcphonics.detail.NewMcPcLessonSharePageActivity",
            "com.jiliguala.niuwa.module.mcphonics.detail.PortraitNewMcPcLessonSharePageActivity",
            "com.jiliguala.niuwa.module.mcphonics.parentcourse.ParentCourseDetailActivity",
            "com.jiliguala.niuwa.module.mcphonics.parentcourse.ParentSubCourseActivity",
            "com.jiliguala.niuwa.module.mcphonics.report.MCPhonicsReportActivity",
            "com.jiliguala.niuwa.module.mcphonics.report.MCPhonicsReportDetailActivity",
            "com.jiliguala.niuwa.module.mcphonics.report.ReportH5Activity",
            "com.jiliguala.niuwa.module.message.MessageCenterActivity",
            "com.jiliguala.niuwa.module.onboading.OnBoardingActivity",
            "com.jiliguala.niuwa.module.onboading.WxBindActivity",
            "com.jiliguala.niuwa.module.onboardingmvvm.BindPhoneActivity",
            "com.jiliguala.niuwa.module.onboardingmvvm.PrivacyAgreementActivity",
            "com.jiliguala.niuwa.module.order.AddressActivity",
            "com.jiliguala.niuwa.module.order.LogisticsActivity",
            "com.jiliguala.niuwa.module.order.OrderAddressActivity",
            "com.jiliguala.niuwa.module.order.OrderConfirmActivity",
            "com.jiliguala.niuwa.module.order.OrderDetailActivity",
            "com.jiliguala.niuwa.module.order.OrderObjectAddressActivity",
            "com.jiliguala.niuwa.module.order.OrderObjectConfirmActivity",
            "com.jiliguala.niuwa.module.order.PurchasedActivity",
            "com.jiliguala.niuwa.module.picturebook.CategoryCStoryShareActivity",
            "com.jiliguala.niuwa.module.picturebook.PictureBookBaseActivity",
            "com.jiliguala.niuwa.module.picturebook.SuperCourseCompleteShareActivity",
            "com.jiliguala.niuwa.module.picturebook.SuperStoryCompleteShareActivity",
            "com.jiliguala.niuwa.module.picturebook.works.BabyWorksActivity",
            "com.jiliguala.niuwa.module.picturebook.works.PicBookWorksActivity",
            "com.jiliguala.niuwa.module.playground.PlayGroundActivity",
            "com.jiliguala.niuwa.module.progress.ProgressActivity",
            "com.jiliguala.niuwa.module.purchase.GuaClassPurchaseActivity",
            "com.jiliguala.niuwa.module.purchase.GuaClassPurchaseNativeActivity",
            "com.jiliguala.niuwa.module.purchase.GuaReadingPurchaseNativeActivity",
            "com.jiliguala.niuwa.module.purchaseV2.PurchaseActivity",
            "com.jiliguala.niuwa.module.qualitycourse.InteractActivity",
            "com.jiliguala.niuwa.module.register.BabyInfoActivity",
            "com.jiliguala.niuwa.module.register.ProfileCompletionActivity",
            "com.jiliguala.niuwa.module.registercard.RegisterCardActivity",
            "com.jiliguala.niuwa.module.report.AchievementActivity",
            "com.jiliguala.niuwa.module.report.StandardActivity",
            "com.jiliguala.niuwa.module.review.ReviewActivity",
            "com.jiliguala.niuwa.module.review.ReviewReportActivity",
            "com.jiliguala.niuwa.module.review.ReviewReportWebActivity",
            "com.jiliguala.niuwa.module.search.SearchActivity",
            "com.jiliguala.niuwa.module.settings.AvatarActivity",
            "com.jiliguala.niuwa.module.settings.CdKeyActivity",
            "com.jiliguala.niuwa.module.settings.ContactUsActivity",
            "com.jiliguala.niuwa.module.settings.InviteFriendsActivity",
            "com.jiliguala.niuwa.module.settings.ParentCenterActivity",
            "com.jiliguala.niuwa.module.settings.PersonalInfoPageActivity",
            "com.jiliguala.niuwa.module.settings.PicCropActivity",
            "com.jiliguala.niuwa.module.settings.SettingsActivity",
            "com.jiliguala.niuwa.module.settings.login.ForgotPasswordActivity",
            "com.jiliguala.niuwa.module.settings.login.LoginActivity",
            "com.jiliguala.niuwa.module.settings.parentcenter.BabyAddActivity",
            "com.jiliguala.niuwa.module.settings.parentcenter.BabyInfoEditActivity",
            "com.jiliguala.niuwa.module.settings.parentcenter.ParentManageBabyActivity",
            "com.jiliguala.niuwa.module.settings.parentcenter.myAccount.MyAccountActivity",
            "com.jiliguala.niuwa.module.settings.parentcenter.mycourse.MyCourseActivity",
            "com.jiliguala.niuwa.module.settings.studyplan.StudyModeActivity",
            "com.jiliguala.niuwa.module.share.SinaWeiboShareActivity",
            "com.jiliguala.niuwa.module.speak.ParentSpeakActivity",
            "com.jiliguala.niuwa.module.speak.SpeakActivity",
            "com.jiliguala.niuwa.module.splash.SplashActivity",
            "com.jiliguala.niuwa.module.splash.SplashViewActivity",
            "com.jiliguala.niuwa.module.story.KeepAddressActviity",
            "com.jiliguala.niuwa.module.story.QualityStoryLessonActivity",
            "com.jiliguala.niuwa.module.story.QualityStoryPayPageActiivty",
            "com.jiliguala.niuwa.module.story.QualityStoryUnLockedActivity",
            "com.jiliguala.niuwa.module.story.StoryActivity",
            "com.jiliguala.niuwa.module.story.StoryShelfActivity",
            "com.jiliguala.niuwa.module.story.WmlDetailActivity",
            "com.jiliguala.niuwa.module.story.helpers.AiTestActivity",
            "com.jiliguala.niuwa.module.stp.manager.StpManagerActivity",
            "com.jiliguala.niuwa.module.stp.pair.StpPairActivity",
            "com.jiliguala.niuwa.module.superroadmap.AddProTeacherActivity",
            "com.jiliguala.niuwa.module.superroadmap.SuperRoadMapActivity",
            "com.jiliguala.niuwa.module.superroadmap.courseplan.CoursePlanActivity",
            "com.jiliguala.niuwa.module.superroadmap.courseplan.CoursePlanWebActivity",
            "com.jiliguala.niuwa.module.superroadmap.music.MusicActivity",
            "com.jiliguala.niuwa.module.superroadmap.seed.SeedLessonDetailActivity",
            "com.jiliguala.niuwa.module.superroadmap.subcourse.RoadMapDetailActivity",
            "com.jiliguala.niuwa.module.superroadmap.subcourse.fix.FixGuaNativeGameActivity",
            "com.jiliguala.niuwa.module.superroadmap.subcourse.fix.FixRoadLessonDetailActivity",
            "com.jiliguala.niuwa.module.superroadmap.subcourse.fix.SublessonOpeningActivity",
            "com.jiliguala.niuwa.module.superroadmap.subcourse.fix.TransitionActivity",
            "com.jiliguala.niuwa.module.superroadmap.subcourse.guoxue.GuoXueRoadLessonDetailActivity",
            "com.jiliguala.niuwa.module.suzhiThemeList.SuzhiThemeListActivity",
            "com.jiliguala.niuwa.module.test.EntranceReportWebActivity",
            "com.jiliguala.niuwa.module.test.EntranceTestActivity",
            "com.jiliguala.niuwa.module.transition.IndependentDialogActivity",
            "com.jiliguala.niuwa.module.video.VideoActivity",
            "com.jiliguala.niuwa.module.video.VideoLandscapeActivity",
            "com.jiliguala.niuwa.module.video.VideoLessonActivity",
            "com.jiliguala.niuwa.module.video.VideoStudyTabActivity",
            "com.jiliguala.niuwa.module.video.audio.ChildrenSongClassActivity",
            "com.jiliguala.niuwa.module.video.audio.VideoAudioActivity",
            "com.jiliguala.niuwa.module.voucher.VoucherPagesActivity",
            "com.jiliguala.niuwa.module.voucher.VoucherUseActivity",
            "com.jiliguala.niuwa.module.webview.AddGhsWebActivity",
            "com.jiliguala.niuwa.module.webview.InternalWebActivity",
            "com.jiliguala.niuwa.module.webview.InterwebLandscapeActivity",
            "com.jiliguala.niuwa.module.webview.LessonReportWebActivity",
            "com.jiliguala.niuwa.module.webview.WebViewH5VideoActivity",
            "com.jiliguala.niuwa.module.wechatclass.JoinWxClassActivity",
            "com.jiliguala.niuwa.module.wechatclass.WxClassIntroActivity",
            "com.jiliguala.niuwa.module.weixinunlock.WeiXinUnlockActivity",
            "com.jiliguala.niuwa.module.write.WriteActivity",
            "com.jiliguala.niuwa.module.youzan.YzH5Activity",
            "com.jiliguala.niuwa.module.zxing.ScanInternalWebActivituy",
            "com.jiliguala.niuwa.module.zxing.activity.CaptureActivity",
            "com.jiliguala.niuwa.passport.PrivacyActivity",
            "com.jiliguala.niuwa.passport.account.AccountChangeActivity",
            "com.jiliguala.niuwa.passport.onboarding.ForgetSecretActivity",
            "com.jiliguala.niuwa.passport.onboarding.LoginBySecretActivity",
            "com.jiliguala.niuwa.passport.onboarding.OnboardingLoginStartActivity",
            "com.jiliguala.niuwa.passport.onboarding.RecommendLessonActivity",
            "com.jiliguala.niuwa.passport.onboarding.SecretResetActivity",
            "com.jiliguala.niuwa.passport.onboarding.SetVerifyCodeActivity",
            "com.jiliguala.niuwa.wxapi.WXEntryActivity",
            "com.jiliguala.niuwa.wxapi.WxEntryProxyActivity",
            "com.jlgl.android.pay.address.AddressActivity",
            "com.jlgl.android.pay.address.OrderAddressActivity",
            "com.mob.guard.MobTranPullLockActivity",
            "com.mob.guard.MobTranPullUpActivity",
            "com.mob.id.MobIDActivity",
            "com.mob.id.MobIDSYActivity",
            "com.mob.tools.MobUIShell",
            "com.pingplusplus.android.PaymentActivity",
            "com.sina.weibo.sdk.share.ShareChatActivity",
            "com.sina.weibo.sdk.share.ShareResultActivity",
            "com.sina.weibo.sdk.share.ShareStoryActivity",
            "com.sina.weibo.sdk.share.ShareTransActivity",
            "com.sina.weibo.sdk.web.WebActivity",
            "com.sobot.chat.activity.SobotCameraActivity",
            "com.sobot.chat.activity.SobotChooseCityActivity",
            "com.sobot.chat.activity.SobotChooseFileActivity",
            "com.sobot.chat.activity.SobotConsultationListActivity",
            "com.sobot.chat.activity.SobotCusFieldActivity",
            "com.sobot.chat.activity.SobotFileDetailActivity",
            "com.sobot.chat.activity.SobotHelpCenterActivity",
            "com.sobot.chat.activity.SobotPhotoActivity",
            "com.sobot.chat.activity.SobotPhotoListActivity",
            "com.sobot.chat.activity.SobotPostCategoryActivity",
            "com.sobot.chat.activity.SobotPostLeaveMsgActivity",
            "com.sobot.chat.activity.SobotPostMsgActivity",
            "com.sobot.chat.activity.SobotProblemCategoryActivity",
            "com.sobot.chat.activity.SobotProblemDetailActivity",
            "com.sobot.chat.activity.SobotQueryFromActivity",
            "com.sobot.chat.activity.SobotSkillGroupActivity",
            "com.sobot.chat.activity.SobotTicketDetailActivity",
            "com.sobot.chat.activity.SobotVideoActivity",
            "com.sobot.chat.activity.WebViewActivity",
            "com.sobot.chat.conversation.SobotChatActivity",
            "com.sobot.chat.widget.dialog.SobotEvaluateActivity",
            "com.sobot.chat.widget.dialog.SobotPostMsgTmpListActivity",
            "com.sobot.chat.widget.dialog.SobotReplyActivity",
            "com.sobot.chat.widget.dialog.SobotRobotListActivity",
            "com.sobot.chat.widget.dialog.SobotTicketEvaluateActivity",
            "com.tencent.connect.common.AssistActivity",
            "com.tencent.tauth.AuthActivity",
            "com.vivo.push.sdk.LinkProxyClientActivity",
            "com.yanzhenjie.permission.bridge.BridgeActivity"
        ],
        "services": [
            "androidx.room.MultiInstanceInvalidationService",
            "com.aiedevice.appcommon.push.StpIntentService",
            "com.aiedevice.appcommon.push.StpPushService",
            "com.blankj.utilcode.util.MessengerUtils$ServerService",
            "com.huawei.agconnect.core.ServiceDiscovery",
            "com.huawei.hms.support.api.push.service.HmsMsgService",
            "com.jiliguala.library.module_game.base.GameMessageService",
            "com.jiliguala.niuwa.module.audio.MediaPlayerService",
            "com.jiliguala.niuwa.module.eyeCare.EyeCareService",
            "com.jiliguala.niuwa.module.game.download.v2.LessonPackageManagerService",
            "com.jiliguala.niuwa.module.game.download.v2.NativeGameService",
            "com.jiliguala.niuwa.services.DaemonLauncher",
            "com.jiliguala.niuwa.services.DownloadService",
            "com.jiliguala.niuwa.services.HmsPushService",
            "com.jiliguala.niuwa.services.SystemMsgService",
            "com.jiliguala.niuwa.services.TimerService",
            "com.mob.MobACService",
            "com.mob.guard.MobGuardPullUpService",
            "com.mob.id.MobIDService",
            "com.niuwa.media.service.MusicService",
            "com.secneo.apkwrapper.r.S",
            "com.sobot.chat.core.channel.SobotTCPServer",
            "com.sobot.chat.server.SobotSessionServer",
            "com.vivo.push.sdk.service.CommandClientService",
            "com.xiaomi.mipush.sdk.MessageHandleService",
            "com.xiaomi.mipush.sdk.PushMessageHandler",
            "com.xiaomi.push.service.XMJobService",
            "com.xiaomi.push.service.XMPushService"
        ],
        "receivers": [
            "com.huawei.hms.support.api.push.PushMsgReceiver",
            "com.huawei.hms.support.api.push.PushReceiver",
            "com.jiliguala.niuwa.module.audio.MediaButtonReceiver",
            "com.jiliguala.niuwa.module.game.NativeGameReceiver",
            "com.jiliguala.niuwa.receivers.MiPushMessageReceiver",
            "com.jiliguala.niuwa.receivers.VivoPushMessageReceiver",
            "com.xiaomi.push.service.receivers.NetworkStatusReceiver",
            "com.xiaomi.push.service.receivers.PingReceiver"
        ]
    }
}