{
    "apk_name": "6053258C689EA1006EF500D4F9C5EEFB60E0EB224AB7A84EEE41C0EE6ADFD05C",
    "sha256": "6053258c689ea1006ef500d4f9c5eefb60e0eb224ab7a84eee41c0ee6adfd05c",
    "metadata": {
        "package_name": "cn.com.sina.finance",
        "version_code": "837",
        "version_name": "6.8.0.1",
        "min_sdk": "21",
        "target_sdk": "28",
        "permissions": [
            "android.hardware.camera",
            "android.hardware.camera.autofocus",
            "android.permission.ACCESS_COARSE_LOCATION",
            "android.permission.ACCESS_FINE_LOCATION",
            "android.permission.ACCESS_LOCATION_EXTRA_COMMANDS",
            "android.permission.ACCESS_NETWORK_STATE",
            "android.permission.ACCESS_WIFI_STATE",
            "android.permission.AUTHENTICATE_ACCOUNTS",
            "android.permission.BLUETOOTH",
            "android.permission.BROADCAST_STICKY",
            "android.permission.CAMERA",
            "android.permission.CHANGE_CONFIGURATION",
            "android.permission.CHANGE_NETWORK_STATE",
            "android.permission.CHANGE_WIFI_STATE",
            "android.permission.DISABLE_KEYGUARD",
            "android.permission.FLASHLIGHT",
            "android.permission.FOREGROUND_SERVICE",
            "android.permission.GET_ACCOUNTS",
            "android.permission.GET_TASKS",
            "android.permission.INTERNET",
            "android.permission.MICROPHONE",
            "android.permission.MODIFY_AUDIO_SETTINGS",
            "android.permission.MOUNT_UNMOUNT_FILESYSTEMS",
            "android.permission.READ_CALENDAR",
            "android.permission.READ_EXTERNAL_STORAGE",
            "android.permission.READ_PHONE_STATE",
            "android.permission.READ_PHONE_STATS",
            "android.permission.READ_SYNC_SETTINGS",
            "android.permission.RECORD_AUDIO",
            "android.permission.REORDER_TASKS",
            "android.permission.REQUEST_IGNORE_BATTERY_OPTIMIZATIONS",
            "android.permission.REQUEST_INSTALL_PACKAGES",
            "android.permission.RESTART_PACKAGES",
            "android.permission.SCHEDULE_EXACT_ALARM",
            "android.permission.SYSTEM_ALERT_WINDOW",
            "android.permission.SYSTEM_OVERLAY_WINDOW",
            "android.permission.USE_FINGERPRINT",
            "android.permission.VIBRATE",
            "android.permission.WAKE_LOCK",
            "android.permission.WRITE_CALENDAR",
            "android.permission.WRITE_EXTERNAL_STORAGE",
            "android.permission.WRITE_SYNC_SETTINGS",
            "cn.com.sina.finance.andpermission.bridge",
            "cn.com.sina.finance.permission.C2D_MESSAGE",
            "cn.com.sina.finance.permission.FIN_APPLET_RECEIVER",
            "cn.com.sina.finance.permission.MIPUSH_RECEIVE",
            "cn.com.sina.finance.permission.PROCESS_PUSH_MSG",
            "cn.com.sina.finance.permission.PUSH_PROVIDER",
            "cn.com.sina.finance.push.permission.MESSAGE",
            "com.android.launcher.permission.INSTALL_SHORTCUT",
            "com.android.launcher.permission.READ_SETTINGS",
            "com.android.permission.GET_INSTALLED_APPS",
            "com.asus.msa.SupplementaryDID.ACCESS",
            "com.coloros.mcs.permission.RECIEVE_MCS_MESSAGE",
            "com.google.android.providers.gsf.permission.READ_GSERVICES",
            "com.heytap.mcs.permission.RECIEVE_MCS_MESSAGE",
            "com.hihonor.android.launcher.permission.CHANGE_BADGE",
            "com.hihonor.push.permission.READ_PUSH_NOTIFICATION_INFO",
            "com.huawei.android.launcher.permission.CHANGE_BADGE",
            "com.huawei.appmarket.service.commondata.permission.GET_COMMON_DATA",
            "com.huawei.hitouch.permission.ADDFAVORITES",
            "com.meizu.c2dm.permission.RECEIVE",
            "com.meizu.flyme.permission.PUSH",
            "com.meizu.flyme.push.permission.RECEIVE",
            "com.samsung.android.providers.context.permission.WRITE_USE_APP_FEATURE_SURVEY",
            "com.sec.android.provider.badge.permission.READ",
            "com.sec.android.provider.badge.permission.WRITE",
            "com.sina.permission.SINA_PUSH_FINANCE",
            "com.sonyericsson.home.permission.BROADCAST_BADGE",
            "com.vivo.notification.permission.BADGE_ICON",
            "freemme.permission.msa",
            "getui.permission.GetuiService.cn.com.sina.finance"
        ],
        "activities": [
            "cn.com.sina.finance.alert.ui.DialogAlertActivity",
            "cn.com.sina.finance.alert.ui.FTAlertActivity",
            "cn.com.sina.finance.alert.ui.FundAlertActivity",
            "cn.com.sina.finance.alert.ui.TransparentWebViewActivity",
            "cn.com.sina.finance.alert.ui.V2StockAlertActivity",
            "cn.com.sina.finance.alert.ui.WHAlertActivity",
            "cn.com.sina.finance.apshare.ShareEntryActivity",
            "cn.com.sina.finance.article.ui.LiveEventsDetailsActivity",
            "cn.com.sina.finance.article.ui.NewsTextActivity",
            "cn.com.sina.finance.article.ui.SaxWebBrowser",
            "cn.com.sina.finance.article.ui.ShareWebBrowser",
            "cn.com.sina.finance.article.ui.comment2.AllCommentActivity",
            "cn.com.sina.finance.article.ui.comment2.MyCommentActivity",
            "cn.com.sina.finance.article.ui.comment2.PublishCommentActivity",
            "cn.com.sina.finance.article.ui.entry.EntryCommentActivity",
            "cn.com.sina.finance.article.ui.entry.EntryGraphicActivity",
            "cn.com.sina.finance.base.sdkinit.ui.UserAgreementDialogActivity",
            "cn.com.sina.finance.base.ui.CommonBaseActivity",
            "cn.com.sina.finance.base.util.jump.JumpActivity",
            "cn.com.sina.finance.beizhu.ui.StockBeizhuActivity",
            "cn.com.sina.finance.browseonly.hangqing.cn.more.BrowseCnRankActivity",
            "cn.com.sina.finance.browseonly.hangqing.hk.more.BrowseHkHotStockActivity",
            "cn.com.sina.finance.browseonly.hangqing.us.more.BrowseUsMoreActivity",
            "cn.com.sina.finance.browseonly.main.BrowseMainActivity",
            "cn.com.sina.finance.browseonly.search.BrowseSearchPageActivity",
            "cn.com.sina.finance.chart.ChartConfigActivity",
            "cn.com.sina.finance.chart.ChartMajorEventIntroActivity",
            "cn.com.sina.finance.chart.ChartNotchIntroActivity",
            "cn.com.sina.finance.chart.ChartSettingActivity",
            "cn.com.sina.finance.chart.ChartSizeSettingActivity",
            "cn.com.sina.finance.ddshare.DDShareActivity",
            "cn.com.sina.finance.debug.DebugActivity",
            "cn.com.sina.finance.detail.stock.ui.EditCommentActivity",
            "cn.com.sina.finance.detail.stock.ui.F10FundStockListActivity",
            "cn.com.sina.finance.detail.stock.ui.F10HoldCompanyActivity",
            "cn.com.sina.finance.detail.stock.ui.F10HolderStockListActivity",
            "cn.com.sina.finance.detail.stock.ui.StockCommentDetailActivity",
            "cn.com.sina.finance.detail.stock.ui.StockPublicActivity",
            "cn.com.sina.finance.detail.stock.ui.StockReportActivity",
            "cn.com.sina.finance.detail.stock.ui.chain.ChainSearchActivity",
            "cn.com.sina.finance.f13.ui.US13FMainActivity",
            "cn.com.sina.finance.f13.ui.US13FSearchActivity",
            "cn.com.sina.finance.hangqing.F10.fragment.ChiGuChangeManagerActivity",
            "cn.com.sina.finance.hangqing.buysell.activity.BigDealSettingActivity",
            "cn.com.sina.finance.hangqing.buysell.activity.BuySellActivity",
            "cn.com.sina.finance.hangqing.choosestock.ui.ChooseStockActivity",
            "cn.com.sina.finance.hangqing.choosestock.ui.niugu.NiuGuActivity",
            "cn.com.sina.finance.hangqing.choosestock.ui.niugu.NiuGuSearchActivity",
            "cn.com.sina.finance.hangqing.deal.ui.UsDealQueueActivity",
            "cn.com.sina.finance.hangqing.detail.relate.RelateFundActivity",
            "cn.com.sina.finance.hangqing.detail2.StockDetailActivity",
            "cn.com.sina.finance.hangqing.equitypledge.activity.EquityPledgeActivity",
            "cn.com.sina.finance.hangqing.equitypledge.activity.EquityPledgeAllMarketActivity",
            "cn.com.sina.finance.hangqing.equitypledge.activity.EquityPledgeSearchActivity",
            "cn.com.sina.finance.hangqing.equitypledge.activity.HyEquityPledgeActivity",
            "cn.com.sina.finance.hangqing.equitypledge.activity.HyEquityPledgeDetailActivity",
            "cn.com.sina.finance.hangqing.equitypledge.activity.StockEquityPledgeDetailActivity",
            "cn.com.sina.finance.hangqing.forecastsearch.ForecastSearchActivity",
            "cn.com.sina.finance.hangqing.hotlist.HotListActivity",
            "cn.com.sina.finance.hangqing.industry.ui.IndustryChainActivity",
            "cn.com.sina.finance.hangqing.industry.ui.IndustryChainPartActivity",
            "cn.com.sina.finance.hangqing.industry.ui.IndustryDetailActivity",
            "cn.com.sina.finance.hangqing.industry.ui.IndustrySearchActivity",
            "cn.com.sina.finance.hangqing.longhubang.detail.LongHuBangBizDetailActivity",
            "cn.com.sina.finance.hangqing.longhubang.detail.LongHuBangPerStockActivity",
            "cn.com.sina.finance.hangqing.longhubang.search.LongHuBangSearchActivity",
            "cn.com.sina.finance.hangqing.mainforce.MFColumnManageActivity",
            "cn.com.sina.finance.hangqing.module.newstock.StockCalendarActivity",
            "cn.com.sina.finance.hangqing.module.newstock.bond.NewBondDetailActivity",
            "cn.com.sina.finance.hangqing.module.newstock.stock.NewStockDetailActivity",
            "cn.com.sina.finance.hangqing.newhome.ui.itemview.index.detail.all.AllCnIndexActivity",
            "cn.com.sina.finance.hangqing.newhome.ui.itemview.index.detail.manager.MyCnIndexManagerActivity",
            "cn.com.sina.finance.hangqing.option.ui.OptionListShopActivity",
            "cn.com.sina.finance.hangqing.option.ui.OptionObjectActivity",
            "cn.com.sina.finance.hangqing.option.ui.OptionQuotesActivity",
            "cn.com.sina.finance.hangqing.organsurvey.ui.detail.SurveyRankDetailActivity",
            "cn.com.sina.finance.hangqing.organsurvey.ui.search.OrganSurveySearchActivity",
            "cn.com.sina.finance.hangqing.qiandang.ui.QianDangActivity",
            "cn.com.sina.finance.hangqing.qiandang.ui.QianDangWeiTuoActivity",
            "cn.com.sina.finance.hangqing.researchreport.ui.ResearchReportActivity",
            "cn.com.sina.finance.hangqing.researchreport.ui.ResearchReportDetailActivity",
            "cn.com.sina.finance.hangqing.ui.ADRDialogActivity",
            "cn.com.sina.finance.hangqing.ui.ConstituentStockDetailActivity",
            "cn.com.sina.finance.hangqing.ui.ExchangeRateListActivity",
            "cn.com.sina.finance.hangqing.ui.HangqingManagementActivity",
            "cn.com.sina.finance.hangqing.ui.HotTicaiListActivity",
            "cn.com.sina.finance.hangqing.ui.MarketFragmentActivity",
            "cn.com.sina.finance.hangqing.ui.MarketListActivity",
            "cn.com.sina.finance.hangqing.ui.PlateStockListActivity",
            "cn.com.sina.finance.hangqing.ui.UsCapitalTableDetailActivity",
            "cn.com.sina.finance.hangqing.ui.UsCompanyDetailActivity",
            "cn.com.sina.finance.hangqing.ui.WorldManagerActivity",
            "cn.com.sina.finance.hangqing.ui.cn.rank.HqCnRankManagerActivity",
            "cn.com.sina.finance.hangqing.ui.forex.QuotedPriceDetailActivity",
            "cn.com.sina.finance.hangqing.ui.licai.FundBrowseHistoryActivity",
            "cn.com.sina.finance.hangqing.ui.licai.FundRankActivity",
            "cn.com.sina.finance.hangqing.ui.licai.LcActivity",
            "cn.com.sina.finance.hangqing.ui.licai.LcFundRankActivity",
            "cn.com.sina.finance.hangqing.ui.licai.LcJjgzActivity",
            "cn.com.sina.finance.hangqing.ui.licai.LcJqljjActivity",
            "cn.com.sina.finance.hangqing.ui.licai.LcYxjjActivity",
            "cn.com.sina.finance.hangqing.ui.licai.assets.MyAssetsActivity",
            "cn.com.sina.finance.hangqing.ui.tabconstituent.HKAllConstituenexActivity",
            "cn.com.sina.finance.hangqing.us_banner.analysis.UsDetailAnalysisActivity",
            "cn.com.sina.finance.hangqing.us_banner.analysis.UsFinanceAnalysisActivity",
            "cn.com.sina.finance.hangqing.us_banner.finance.UsFinanceReportActivity",
            "cn.com.sina.finance.hangqing.us_banner.fivemin.UsFiveMinuteRiseFallActivity",
            "cn.com.sina.finance.hangqing.us_banner.gukong.UsGuKongRankActivity",
            "cn.com.sina.finance.hangqing.us_banner.ipo.UsIPOActivity",
            "cn.com.sina.finance.hangqing.us_banner.rating.UsRatingAgencyActivity",
            "cn.com.sina.finance.hangqing.us_banner.trade.UsTradeDataRankActivity",
            "cn.com.sina.finance.hangqing.zjc.activity.IncDecHoldingActivity",
            "cn.com.sina.finance.hangqing.zjlx.ui.HqCnZjlxActivity",
            "cn.com.sina.finance.hangqing.zjlx.ui.HqNorthCapitalActivity",
            "cn.com.sina.finance.largev.ui.AllColumnActivity",
            "cn.com.sina.finance.largev.ui.AllLiveActivity",
            "cn.com.sina.finance.largev.ui.FollowActivity",
            "cn.com.sina.finance.largev.ui.LargeVListActivity",
            "cn.com.sina.finance.largev.ui.VArticleActivity",
            "cn.com.sina.finance.live.blog.ui.LiveBloggerAskQaActivity",
            "cn.com.sina.finance.live.ui.ADRDialogActivity",
            "cn.com.sina.finance.live.ui.LiveAllLiverActivity",
            "cn.com.sina.finance.live.ui.LiveFloatCloseActivity",
            "cn.com.sina.finance.live.ui.LivePersonalActivity",
            "cn.com.sina.finance.live.ui.LivePreviewLiveActivity",
            "cn.com.sina.finance.live.ui.LiveRoadLiveBgPlayActivity",
            "cn.com.sina.finance.live.ui.LiveSVLiveDetailActivity",
            "cn.com.sina.finance.live.ui.WXPageActivity",
            "cn.com.sina.finance.live.ui.WXTJZQPageActivity",
            "cn.com.sina.finance.matisse.internal.ui.AlbumPreviewActivity",
            "cn.com.sina.finance.matisse.internal.ui.SelectedPreviewActivity",
            "cn.com.sina.finance.matisse.ui.MatisseActivity",
            "cn.com.sina.finance.module_fundpage.ui.FundSecondDetailActivity",
            "cn.com.sina.finance.news.weibo.ui.WbDetailActivity",
            "cn.com.sina.finance.news.weibo.ui.WbFeedActivity",
            "cn.com.sina.finance.news.weibo.ui.WbPublishCommentActivity",
            "cn.com.sina.finance.news.weibo.ui.WbVideoFeedActivity",
            "cn.com.sina.finance.open_account.HuaShengActivity",
            "cn.com.sina.finance.open_account.HuaShengIpoActivity",
            "cn.com.sina.finance.optional.ui.ForecastChangeActivity",
            "cn.com.sina.finance.optional.ui.ForecastShapeOperateActivity",
            "cn.com.sina.finance.optional.ui.ForecastShapeResultActivity",
            "cn.com.sina.finance.optional.ui.OptionalMultiChartActivity",
            "cn.com.sina.finance.optional.ui.ZXManageActivity",
            "cn.com.sina.finance.optional.ui.ZxImportStockActivity",
            "cn.com.sina.finance.order.mybuy.MyBuyActivity",
            "cn.com.sina.finance.order.mybuy.MyBuyTabManagementActivity",
            "cn.com.sina.finance.order.orderlist.MyOrdersActivity",
            "cn.com.sina.finance.pay.order.ui.BindPhoneNumberActivity",
            "cn.com.sina.finance.pay.order.ui.NewPayDialogActivity",
            "cn.com.sina.finance.pay.order.ui.OrderConfirmActivity",
            "cn.com.sina.finance.pay.order.ui.OrderDetailActivity",
            "cn.com.sina.finance.personal.ui.HomepageActivity",
            "cn.com.sina.finance.pic.ui.ImageBrowseActivity",
            "cn.com.sina.finance.player.activity.LockScreenPlayerActivity",
            "cn.com.sina.finance.player.activity.MediaPlayerActivity",
            "cn.com.sina.finance.promotion.singlepic.PromoteActivity",
            "cn.com.sina.finance.push.activity.GetuiQtsActivity",
            "cn.com.sina.finance.push.activity.alias.DAcwuSzByN",
            "cn.com.sina.finance.push.activity.alias.HuLcuUxCjc",
            "cn.com.sina.finance.push.activity.alias.JBomhSOgvQ",
            "cn.com.sina.finance.push.activity.alias.NuHMsljtKL",
            "cn.com.sina.finance.push.activity.alias.PuhgFeALOZ",
            "cn.com.sina.finance.push.activity.alias.QvedsZLfpJ",
            "cn.com.sina.finance.push.activity.alias.RdKVLjdwJS",
            "cn.com.sina.finance.push.activity.alias.THRVeoYIym",
            "cn.com.sina.finance.push.activity.alias.TdidkFRSHT",
            "cn.com.sina.finance.push.activity.alias.VfezTqpAFk",
            "cn.com.sina.finance.push.receiver.HonorPushHandleActivity",
            "cn.com.sina.finance.push.receiver.HuaWeiPushHandleActivity",
            "cn.com.sina.finance.push.receiver.OppoPushHandleActivity",
            "cn.com.sina.finance.push.receiver.VivoPushHandleActivity",
            "cn.com.sina.finance.search.ui.SearchMeetingActivity",
            "cn.com.sina.finance.search.ui.SearchPageActivity",
            "cn.com.sina.finance.selfstock.ui.activity.ZxRemindLoginActivity",
            "cn.com.sina.finance.share.WeiboShareActivity",
            "cn.com.sina.finance.start.ui.AdSplashActivity",
            "cn.com.sina.finance.start.ui.ExitBrowseModeActivity",
            "cn.com.sina.finance.start.ui.LoadingActivity",
            "cn.com.sina.finance.start.ui.SplashGuideActivity",
            "cn.com.sina.finance.start.ui.home.MainActivity2",
            "cn.com.sina.finance.start.ui.home.vip.VipTabManagementActivity",
            "cn.com.sina.finance.start.ui.prefer.ReadPreferSettingActivity",
            "cn.com.sina.finance.stockbar.ui.PublishPostActivity",
            "cn.com.sina.finance.stockbar.ui.StockBarReplyActivity",
            "cn.com.sina.finance.trade.ui.ChangeBrokerAccountActivity",
            "cn.com.sina.finance.trade.ui.EditAccountActivity",
            "cn.com.sina.finance.trade.ui.OpenCnAccountActivity",
            "cn.com.sina.finance.trade.ui.edit.EditFunctionActivity",
            "cn.com.sina.finance.user.ui.Level2ServiceActivity",
            "cn.com.sina.finance.user.ui.LoginAccountActivity",
            "cn.com.sina.finance.user.ui.MsgSetActivity",
            "cn.com.sina.finance.user.ui.MyMessageActivity",
            "cn.com.sina.finance.user.ui.RefreshTimeSettingsActivity",
            "cn.com.sina.finance.user.ui.SelectItemActivity",
            "cn.com.sina.finance.user.ui.SetupActivity",
            "cn.com.sina.finance.user.ui.TradeWebBrowserActivity",
            "cn.com.sina.finance.user.ui.WBVerifyWebActivity",
            "cn.com.sina.finance.user.ui.WeiboLoginDirectlyActivity",
            "cn.com.sina.finance.video.ui.NewsVideoActivity",
            "cn.com.sina.finance.vip.course.VipCourseActivity",
            "cn.com.sina.finance.vip.course.VipCourseSubTabManagementActivity",
            "cn.com.sina.finance.vip.newslist.VipNewsListActivity",
            "cn.com.sina.finance.web.InnerWebActivity",
            "cn.com.sina.finance.wxapi.WXEntryActivity",
            "cn.com.sina.finance.wxapi.WXPayEntryActivity",
            "cn.com.sina.finance.x5.X5ShareActivity",
            "cn.com.sina.finance.x5.X5TradeWebBrowserActivity",
            "cn.com.sina.finance.x5.X5WebViewActivity",
            "cn.com.sina.finance.zixun.menu.AllFunctionActivity",
            "cn.com.sina.finance.zixun.ui.FeedTabManagementActivity",
            "cn.com.sina.finance.zixun.ui.ForexNewsActivity",
            "cn.com.sina.finance.zixun.ui.TopicDetailActivity",
            "cn.com.sina.sax.mob.common.SaxMobBrowser",
            "cn.kkmofang.zk.core.ZKPageActivity",
            "com.alipay.sdk.app.H5AuthActivity",
            "com.alipay.sdk.app.H5PayActivity",
            "com.cairh.app.ajkh.flavors.ThirdActivity",
            "com.cairh.app.sjkh.MainActivity",
            "com.cairh.app.sjkh.SeMainActivity",
            "com.cairh.app.sjkh.ui.Camera2Activity",
            "com.cairh.app.sjkh.ui.CameraMainActivity",
            "com.cairh.app.sjkh.ui.FZDoubleVideoActivity",
            "com.cairh.app.sjkh.ui.FaceCamera2Activity",
            "com.cairh.app.sjkh.ui.FaceCameraActivity",
            "com.cairh.app.sjkh.ui.FaceCameraNewActivity",
            "com.cairh.app.sjkh.ui.SingleVideo2Activity",
            "com.cairh.app.sjkh.ui.SingleVideoActivity",
            "com.cairh.app.sjkh.ui.SingleViewoPreivewActivity",
            "com.cairh.app.sjkh.ui.TakePictureActivity",
            "com.cairh.app.sjkh.ui.VideoActivity",
            "com.cairh.app.sjkh.ui.VideoPreviewActivity",
            "com.crh.lib.core.js.activity.FileSelectActivity",
            "com.crh.lib.core.permission.PermissionActivity",
            "com.crh.module.anychat.activity.VideoActivity",
            "com.finogeeks.lib.applet.main.FinAppHomeActivity$AppHome0",
            "com.finogeeks.lib.applet.main.FinAppHomeActivity$AppHome1",
            "com.finogeeks.lib.applet.main.FinAppHomeActivity$AppHome2",
            "com.finogeeks.lib.applet.main.FinAppHomeActivity$AppHome3",
            "com.finogeeks.lib.applet.main.FinAppHomeActivity$AppHome4",
            "com.finogeeks.lib.applet.modules.about.AboutAppletActivity",
            "com.finogeeks.lib.applet.modules.documentviewer.DocumentViewerActivity",
            "com.finogeeks.lib.applet.modules.mediaviewer.MediaViewerActivity",
            "com.finogeeks.lib.applet.modules.store.FinAppletTypeInfoActivity",
            "com.finogeeks.lib.applet.modules.urlrouter.UrlRouterActivity",
            "com.finogeeks.lib.applet.modules.webview.WebViewActivity",
            "com.finogeeks.lib.applet.scancode.ui.activity.ScanCaptureActivity",
            "com.getui.gs.ias.activity.PageActivity",
            "com.getui.gs.ias.floatwindow.FloatActivity",
            "com.hexin.plat.kaihu.pa.activity.VideoActivity",
            "com.hstong.trade.sdk.ui.activity.HSTradeActivity",
            "com.hstong.trade.sdk.ui.activity.TransBuyActivity",
            "com.hstong.trade.sdk.ui.activity.TransChangeBuyActivity",
            "com.hstong.trade.sdk.ui.activity.base.BaseTransBuyActivity",
            "com.hstong.trade.sdk.ui.activity.base.TransCommonActivity",
            "com.hstong.trade.sdk.ui.activity.history.DealDetailUI",
            "com.hstong.trade.sdk.ui.activity.history.HistoryDealUI",
            "com.hstong.trade.sdk.ui.activity.history.HistoryEntrustUI",
            "com.hstong.trade.sdk.ui.activity.other.CapitalRecordUI",
            "com.hstong.trade.sdk.ui.activity.other.countrylist.CountryselectActivity",
            "com.hstong.trade.sdk.ui.activity.user.ResetPasswordActivity",
            "com.hstong.trade.sdk.ui.activity.user.SetKeepLoginOrPriceUI",
            "com.hstong.trade.sdk.ui.fg.account.AccountContainerActivity",
            "com.hstong.trade.sdk.ui.fg.login.ValidateIDInformationActivity",
            "com.hstong.trade.sdk.ui.fg.user.ChangetransPwdUI",
            "com.hstong.trade.sdk.ui.login.TransLoginActivity",
            "com.huasheng.activity.BaseActivity",
            "com.huasheng.activity.CommonActivity",
            "com.huasheng.stock.ui.activity.HoldStockDetailActivity",
            "com.huasheng.stock.ui.activity.IPOProfitLostReportUI",
            "com.huasheng.stock.ui.activity.IPOStocksActivity",
            "com.huasheng.stock.ui.activity.RationResultUI",
            "com.huasheng.stock.ui.stockselection.IndustryGroupsSelectionUI",
            "com.huasheng.stock.ui.stockselection.PriceLimitSelectionUI",
            "com.huasheng.stock.ui.stockselection.SelectionResultUI",
            "com.huasheng.stock.ui.stockselection.StockSelectionIndexUI",
            "com.huasheng.stock.ui.stockselection.StockSelectionListUI",
            "com.huasheng.stock.ui.usercenter.activity.AccountAnalysisUI",
            "com.huasheng.stock.ui.webview.BridgeWebViewUI",
            "com.huawei.hms.activity.BridgeActivity",
            "com.huawei.hms.activity.EnableServiceActivity",
            "com.huawei.updatesdk.service.otaupdate.AppUpdateActivity",
            "com.huawei.updatesdk.support.pm.PackageInstallerActivity",
            "com.igexin.sdk.GActivity",
            "com.igexin.sdk.GetuiActivity",
            "com.igexin.sdk.PushActivity",
            "com.pingan.paphone.VideoActivity",
            "com.pingan.paphone.VideoActivityNew",
            "com.sina.floatwindow.FloatActivity",
            "com.sina.push.ui.GetuiPushHandleActivity",
            "com.sina.weibo.sdk.share.ShareTransActivity",
            "com.sina.weibo.sdk.web.WebActivity",
            "com.tencent.connect.common.AssistActivity",
            "com.tencent.tauth.AuthActivity",
            "com.thinkive.mobile.account_pa.FlavorActivity",
            "com.thinkive.mobile.account_pa.activity.CommonWebActivity",
            "com.thinkive.mobile.account_pa.activity.FaceDetectActivity",
            "com.thinkive.mobile.account_pa.activity.FaceDetectActivity2",
            "com.thinkive.mobile.account_pa.activity.MainActivity",
            "com.thinkive.mobile.account_pa.activity.PrivacyPolicyActivity",
            "com.thinkive.mobile.account_pa.activity.PrivacyPolicyActivity2",
            "com.thinkive.mobile.account_pa.activity.RecorderVideoActivity",
            "com.thinkive.mobile.account_pa.activity.RecorderVideoActivity2",
            "com.thinkive.mobile.account_pa.activity.ResultActivity",
            "com.thinkive.mobile.account_pa.activity.WebActivity",
            "com.thinkive.mobile.account_pa.camera.CameraActivity",
            "com.thinkive.mobile.account_pa.camera.CameraFirstHorActivity",
            "com.thinkive.mobile.account_pa.camera.CameraFirstVirActivity",
            "com.thinkive.mobile.account_pa.camera.CameraVirActivity",
            "com.thinkive.mobile.account_pa.image.AdvancedImageUploadAlbumActivity",
            "com.thinkive.mobile.account_pa.image.AdvancedImageUploadCameraActivity",
            "com.thinkive.mobile.account_pa.image.AdvancedImageUploadCameraVirActivity",
            "com.thinkive.mobile.account_pa.image.ImageUploadAlbumActivity",
            "com.thinkive.mobile.account_pa.image.ImageUploadCameraActivity",
            "com.thinkive.mobile.account_pa.ocr.OcrCheckActivity",
            "com.thinkive.mobile.account_pa.ocr.OcrIDCameraActivity",
            "com.xiaomi.mipush.sdk.NotificationClickedActivity",
            "com.yanzhenjie.permission.bridge.BridgeActivity"
        ],
        "services": [
            "androidx.room.MultiInstanceInvalidationService",
            "cn.com.sina.finance.account.AuthenticatorService",
            "cn.com.sina.finance.account.SyncService",
            "cn.com.sina.finance.base.service.UpdateService",
            "cn.com.sina.finance.hybrid.weex.service.WeexMediaPlayerService",
            "cn.com.sina.finance.player.notification.MediaForegroundService",
            "cn.com.sina.finance.player.notification.NotificationPlayerClickService",
            "cn.com.sina.finance.push.GuardPushService",
            "cn.com.sina.finance.vm.service.DownloadService",
            "cn.com.sina.finance.widget.ZXGWidgetAdapterService",
            "com.alibaba.android.bindingx.plugin.weex.WXBindingXModuleService",
            "com.amap.api.location.APSService",
            "com.baidu.location.f",
            "com.finogeeks.lib.applet.ipc.FinAppAIDLService",
            "com.finogeeks.lib.applet.media.video.server.PlayerService",
            "com.finogeeks.lib.applet.modules.service.ForegroundService",
            "com.finogeeks.lib.applet.remote.ExtensionApiService",
            "com.finogeeks.lib.applet.remote.ExtensionWebApiService",
            "com.getui.gtc.GtcService",
            "com.heytap.msp.push.service.CompatibleDataMessageCallbackService",
            "com.heytap.msp.push.service.DataMessageCallbackService",
            "com.hstong.push.core.PushService",
            "com.huasheng.stock.db.service.DataCheckService",
            "com.huawei.agconnect.core.ServiceDiscovery",
            "com.huawei.hms.support.api.push.service.HmsMsgService",
            "com.igexin.sdk.GService",
            "com.igexin.sdk.PushService",
            "com.meizu.cloud.pushsdk.NotificationService",
            "com.q.m.QS",
            "com.sina.push.service.GetuiIntentService",
            "com.sina.push.service.GetuiPushService",
            "com.sina.push.service.HonorMsgService",
            "com.sina.push.service.HwMessageService",
            "com.sina.push.service.SinaMsgService",
            "com.sina.push.spns.service.SinaPushService",
            "com.sina.snbaselib.threadpool.service.SNIntentService",
            "com.sina.snbaselib.watchdog.SNWatchDog",
            "com.tencent.smtt.export.external.DexClassLoaderProviderService",
            "com.vivo.push.sdk.service.CommandClientService",
            "com.xiaomi.mipush.sdk.MessageHandleService",
            "com.xiaomi.mipush.sdk.PushMessageHandler",
            "com.xiaomi.push.service.XMJobService",
            "com.xiaomi.push.service.XMPushService",
            "com.yanzhenjie.permission.bridge.BridgeService",
            "org.eclipse.paho.android.service.MqttService",
            "zlc.season.rxdownload2.function.DownloadService"
        ],
        "receivers": [
            "cn.com.sina.finance.appwidget.fund.medium.FundRankMediumWidgetProvider",
            "cn.com.sina.finance.appwidget.majorevent.medium.MajorEventMediumWidgetProvider",
            "cn.com.sina.finance.appwidget.market.medium.MarketOverviewMediumWidgetProvider",
            "cn.com.sina.finance.appwidget.news.medium.NewsRankMediumWidgetProvider",
            "cn.com.sina.finance.appwidget.news.small.GlobalNewsSmallWidgetProvider",
            "cn.com.sina.finance.appwidget.zx.large.ZxLargeWidgetProvider",
            "cn.com.sina.finance.appwidget.zx.medium.ZxMediumWidgetProvider",
            "cn.com.sina.finance.appwidget.zx.small.ZxSmallWidgetProvider",
            "cn.com.sina.finance.push.NotificationClickReceiver",
            "cn.com.sina.finance.vm.receiver.UpdateVersionReceiver",
            "cn.com.sina.finance.widget.ZXGWidgetProvider",
            "cn.com.sina.share.weixin.AppRegister",
            "com.finogeeks.lib.applet.media.video.server.RemoteControlReceiver",
            "com.hihonor.push.sdk.PushReceiver",
            "com.huawei.hms.support.api.push.PushMsgReceiver",
            "com.huawei.hms.support.api.push.PushReceiver",
            "com.igexin.sdk.PushReceiver",
            "com.sina.push.receiver.MeiZuPushReceiver",
            "com.sina.push.receiver.MiPushReceiver",
            "com.sina.push.receiver.ViVoPushReceiver",
            "com.sina.push.spns.PushSDKReceiver",
            "com.xiaomi.push.service.receivers.NetworkStatusReceiver",
            "com.xiaomi.push.service.receivers.PingReceiver"
        ]
    },
    "stats": {
        "dex_count": 8,
        "native_lib_count": 43
    },
    "jadx": {
        "status": "ok",
        "duration_sec": 108.08,
        "sources_present": true,
        "java_file_count": 25238
    },
    "ast_analysis": {
        "location": 3,
        "microphone": 11,
        "camera": 203,
        "media_projection": 0,
        "dynamic_load": 0,
        "jni": 53
    },
    "analysis_state": "complete"
}