{
    "apk_name": "4C77DA4E1CB65E6934947C7A82F6F8140A6EDF443EA030DDEEEB4EC396670C52",
    "sha256": "4c77da4e1cb65e6934947c7a82f6f8140a6edf443ea030ddeeeb4ec396670c52",
    "metadata": {
        "package_name": "air.com.littlebigplay.games.premium.balloonspop",
        "version_code": "9000001",
        "version_name": "9.1",
        "min_sdk": "21",
        "target_sdk": "31",
        "permissions": [
            "android.permission.INTERNET"
        ],
        "activities": [
            "air.com.littlebigplay.games.premium.balloonspop.AppEntry",
            "com.distriqt.extension.share.permissions.AuthorisationActivity"
        ],
        "services": [],
        "receivers": []
    },
    "stats": {
        "dex_count": 1,
        "native_lib_count": 4
    },
    "jadx": {
        "status": "ok",
        "duration_sec": 8.1,
        "sources_present": true,
        "java_file_count": 710
    },
    "ast_analysis": {
        "location": 2,
        "microphone": 0,
        "camera": 8,
        "media_projection": 0,
        "dynamic_load": 0,
        "jni": 2
    },
    "analysis_state": "complete"
}