{
    "java_files": [
        "com/AppGuard/AppGuard/GMIOB.java",
        "com/AppGuard/AppGuard/XQTGS.java",
        "com/AppGuard/AppGuard/NMGGG.java",
        "com/AppGuard/AppGuard/a.java",
        "com/AppGuard/AppGuard/BRKEV.java",
        "com/gamania/beanfun/R.java",
        "kotlin/coroutines/jvm/internal/DebugProbesKt.java"
    ],
    "ast_hits_by_file": {
        "location": [],
        "microphone": [],
        "camera": [],
        "media_projection": [],
        "dynamic_load": [],
        "jni": [
            "com/AppGuard/AppGuard/GMIOB.java"
        ]
    },
    "native_libs": [
        "lib/arm64-v8a/libGamaPayConfig.so",
        "lib/arm64-v8a/libIdCard.so",
        "lib/arm64-v8a/libandroidndkgif.so",
        "lib/arm64-v8a/libarcore_sdk_c.so",
        "lib/arm64-v8a/libarcore_sdk_jni.so",
        "lib/arm64-v8a/libbarhopper_v3.so",
        "lib/arm64-v8a/libdewsrc_sdk.so",
        "lib/arm64-v8a/libfilament-jni.so",
        "lib/arm64-v8a/libfilament-utils-jni.so",
        "lib/arm64-v8a/libglide-webp.so",
        "lib/arm64-v8a/libgltfio-jni.so",
        "lib/arm64-v8a/libicard_enhance.so",
        "lib/arm64-v8a/libimagepipeline.so",
        "lib/arm64-v8a/libnative-filters.so",
        "lib/arm64-v8a/libnative-hash.so",
        "lib/arm64-v8a/libnative-imagetranscoder.so",
        "lib/arm64-v8a/libpl_droidsonroids_gif.so",
        "lib/arm64-v8a/libyuv-decoder.so",
        "lib/armeabi-v7a/libGamaPayConfig.so",
        "lib/armeabi-v7a/libIdCard.so",
        "lib/armeabi-v7a/libandroidndkgif.so",
        "lib/armeabi-v7a/libarcore_sdk_c.so",
        "lib/armeabi-v7a/libarcore_sdk_jni.so",
        "lib/armeabi-v7a/libbarhopper_v3.so",
        "lib/armeabi-v7a/libdewsrc_sdk.so",
        "lib/armeabi-v7a/libfilament-jni.so",
        "lib/armeabi-v7a/libfilament-utils-jni.so",
        "lib/armeabi-v7a/libglide-webp.so",
        "lib/armeabi-v7a/libgltfio-jni.so",
        "lib/armeabi-v7a/libicard_enhance.so",
        "lib/armeabi-v7a/libimagepipeline.so",
        "lib/armeabi-v7a/libnative-filters.so",
        "lib/armeabi-v7a/libnative-hash.so",
        "lib/armeabi-v7a/libnative-imagetranscoder.so",
        "lib/armeabi-v7a/libpl_droidsonroids_gif.so",
        "lib/armeabi-v7a/libyuv-decoder.so",
        "lib/armeabi/libIdCard.so",
        "lib/armeabi/libdewsrc_sdk.so",
        "lib/armeabi/libglide-webp.so",
        "lib/armeabi/libicard_enhance.so",
        "lib/x86/libGamaPayConfig.so",
        "lib/x86/libandroidndkgif.so",
        "lib/x86/libarcore_sdk_c.so",
        "lib/x86/libarcore_sdk_jni.so",
        "lib/x86/libbarhopper_v3.so",
        "lib/x86/libfilament-jni.so",
        "lib/x86/libfilament-utils-jni.so",
        "lib/x86/libglide-webp.so",
        "lib/x86/libgltfio-jni.so",
        "lib/x86/libimagepipeline.so",
        "lib/x86/libnative-filters.so",
        "lib/x86/libnative-hash.so",
        "lib/x86/libnative-imagetranscoder.so",
        "lib/x86/libpl_droidsonroids_gif.so",
        "lib/x86/libyuv-decoder.so",
        "lib/x86_64/libGamaPayConfig.so",
        "lib/x86_64/libandroidndkgif.so",
        "lib/x86_64/libarcore_sdk_c.so",
        "lib/x86_64/libarcore_sdk_jni.so",
        "lib/x86_64/libbarhopper_v3.so",
        "lib/x86_64/libfilament-jni.so",
        "lib/x86_64/libfilament-utils-jni.so",
        "lib/x86_64/libglide-webp.so",
        "lib/x86_64/libgltfio-jni.so",
        "lib/x86_64/libimagepipeline.so",
        "lib/x86_64/libnative-filters.so",
        "lib/x86_64/libnative-hash.so",
        "lib/x86_64/libnative-imagetranscoder.so",
        "lib/x86_64/libpl_droidsonroids_gif.so",
        "lib/x86_64/libyuv-decoder.so",
        "lib/x86/libAppGuard.so",
        "lib/x86_64/libAppGuard.so",
        "lib/armeabi-v7a/libAppGuard.so",
        "lib/armeabi/libAppGuard.so",
        "lib/arm64-v8a/libAppGuard.so"
    ],
    "dex_files_count": 1,
    "exported_components": {
        "activities": [
            "com.android.billingclient.api.ProxyBillingActivity",
            "com.beanfun.imageeditor2.view.ImageEditorActivity",
            "com.beanfun.imageeditor2.view.video_player.VideoPlayerActivity",
            "com.facebook.CustomTabActivity",
            "com.facebook.CustomTabMainActivity",
            "com.facebook.FacebookActivity",
            "com.gamapay.gamapaysdk.viewControl.OCR.IDCardScanActivity",
            "com.gamapay.gamapaysdk.viewControl.main.LoginActivity",
            "com.gamapay.gamapaysdk.viewControl.main.LoginActivity2",
            "com.gamapay.gamapaysdk.viewControl.main.MainGamaPayActivity",
            "com.gamapay.gamapaysdk.viewControl.member.account.AccountModifyProfilePictureActivity",
            "com.google.android.gms.ads.AdActivity",
            "com.google.android.gms.ads.OutOfContextTestingActivity",
            "com.google.android.gms.auth.api.signin.internal.SignInHubActivity",
            "com.google.android.gms.common.api.GoogleApiActivity",
            "com.google.android.gms.tagmanager.TagManagerPreviewActivity",
            "com.google.ar.core.InstallActivity",
            "com.journeyapps.barcodescanner.CaptureActivity",
            "com.otaliastudios.cameraview.activity.CameraActivity",
            "pub.devrel.easypermissions.AppSettingsDialogHolderActivity",
            "tw.beanfun.applog.view.LogDetailActivity",
            "tw.beanfun.applog.view.LogListActivity",
            "tw.beanfun.base.ServerUnavailableActivity",
            "tw.beanfun.feature.album.view.AlbumNameFieldCreateActivity",
            "tw.beanfun.feature.album.view.AlbumNameFieldEditActivity",
            "tw.beanfun.feature.album.view.AlbumPhotoListActivity",
            "tw.beanfun.feature.album.view.MediaViewerActivity",
            "tw.beanfun.feature.ar.view.ArViewerActivity",
            "tw.beanfun.feature.ar.view.ThreeDimensionsViewerActivity",
            "tw.beanfun.feature.asset.view.AssetActivity",
            "tw.beanfun.feature.bagpack.allowance.view.AllowanceActivity",
            "tw.beanfun.feature.bagpack.bfcoin.view.BfCoinActivity",
            "tw.beanfun.feature.bagpack.bfcoin.view.BfCoinPurchaseActivity",
            "tw.beanfun.feature.bagpack.bfcoin.view.BfCoinRecordActivity",
            "tw.beanfun.feature.bagpack.coupon.view.CouponActivity",
            "tw.beanfun.feature.bagpack.coupon.view.CouponDetailActivity",
            "tw.beanfun.feature.bagpack.exchange.view.CreateItemExchangeActivity",
            "tw.beanfun.feature.bagpack.exchange.view.ExchangeCenterActivity",
            "tw.beanfun.feature.bagpack.exchange.view.ExchangeHistoryActivity",
            "tw.beanfun.feature.bagpack.exchange.view.ExchangeItemInfoActivity",
            "tw.beanfun.feature.bagpack.exchange.view.ExchangeStatusActivity",
            "tw.beanfun.feature.bagpack.exchange.view.ExchangeStatusAskToCancelActivity",
            "tw.beanfun.feature.bagpack.exchange.view.ExchangeStatusExpiredActivity",
            "tw.beanfun.feature.bagpack.points.view.PointsActivity",
            "tw.beanfun.feature.bagpack.points.view.PointsTransferActivity",
            "tw.beanfun.feature.bagpack.reward.view.RewardActivity",
            "tw.beanfun.feature.bagpack.reward.view.RewardHistoryActivity",
            "tw.beanfun.feature.chat.chatroom.view.AddGroupChatMembersActivity",
            "tw.beanfun.feature.chat.chatroom.view.ChatActivity",
            "tw.beanfun.feature.chat.chatroom.view.ChatApplicantListActivity",
            "tw.beanfun.feature.chat.chatroom.view.ChatOptionActivity",
            "tw.beanfun.feature.chat.chatroom.view.ChatReactionDetailActivity",
            "tw.beanfun.feature.chat.chatroom.view.ChatRoomInviteActivity",
            "tw.beanfun.feature.chat.chatroom.view.ChatRoomParticipantsListActivity",
            "tw.beanfun.feature.chat.chatroom.view.FullScreenLivePlayerActivity",
            "tw.beanfun.feature.chat.chatroom.view.GroupChatManagementActivity",
            "tw.beanfun.feature.chat.chatroom.view.InviteTargetActivity",
            "tw.beanfun.feature.chat.chatroom.view.JoinChatAgeVerificationActivity",
            "tw.beanfun.feature.chat.chatroom.view.JoinChatInfoActivity",
            "tw.beanfun.feature.chat.chatroom.view.JoinChatQuestionActivity",
            "tw.beanfun.feature.chat.chatroom.view.SelectSponsorActivity",
            "tw.beanfun.feature.chat.chatroom.view.ShareTargetActivity",
            "tw.beanfun.feature.chat.chatroom.view.UpdateFriendNicknameActivity",
            "tw.beanfun.feature.chat.chatroom.view.WebBrowserActivity",
            "tw.beanfun.feature.chat.chatroom.view.comboSticker.ComboStickerCategoryAddStickerActivity",
            "tw.beanfun.feature.chat.chatroom.view.comboSticker.ComboStickerCategoryEditActivity",
            "tw.beanfun.feature.chat.chatroom.view.comboSticker.ComboStickerCollectionActivity",
            "tw.beanfun.feature.chat.chatroom.view.comboSticker.ComboStickerEditActivity",
            "tw.beanfun.feature.chat.chatroom.view.comboSticker.ComboStickerManageActivity",
            "tw.beanfun.feature.chat.editchatroomlist.view.EditChatRoomListActivityV3",
            "tw.beanfun.feature.chat.funchat.view.FunChatListActivity",
            "tw.beanfun.feature.chat.groupchat.view.BlockListActivity",
            "tw.beanfun.feature.chat.groupchat.view.CreateGroupChatActivityV3",
            "tw.beanfun.feature.chat.groupchat.view.FunChatManagementActivity",
            "tw.beanfun.feature.chat.groupchat.view.FunChatPermitSettingActivity",
            "tw.beanfun.feature.chat.groupchat.view.FunChatUnderstandMoreActivityV3",
            "tw.beanfun.feature.chat.groupchat.view.GroupChatCreateInviteActivity",
            "tw.beanfun.feature.chat.groupchat.view.GroupSuspectListActivityV3",
            "tw.beanfun.feature.chat.groupchat.view.GroupSuspectReportDetailViewerActivity",
            "tw.beanfun.feature.chat.groupchat.view.GroupSuspectReportListActivityV3",
            "tw.beanfun.feature.chat.groupchat.view.GroupingPublicSettingActivityV3",
            "tw.beanfun.feature.chat.groupchat.view.GroupingReportReasonActivityV3",
            "tw.beanfun.feature.chat.groupchat.view.MapInfoActivityV3",
            "tw.beanfun.feature.chat.groupchat.view.MediaDetailViewerActivity",
            "tw.beanfun.feature.chat.groupchat.view.SelectGroupTagsActivity",
            "tw.beanfun.feature.chat.period.view.JoinPeriodChatAgeVerificationActivity",
            "tw.beanfun.feature.chat.period.view.JoinPeriodChatInfoActivity",
            "tw.beanfun.feature.chat.topping.view.PinnedMessageDetailActivity",
            "tw.beanfun.feature.chat.topping.view.ScheduleMessageListActivity",
            "tw.beanfun.feature.club.clubcategory.view.ClubCategoryActivity",
            "tw.beanfun.feature.club.comment.view.ClubPostDetailCommentActivity",
            "tw.beanfun.feature.club.comment.view.ClubPostDetailNotFoundActivity",
            "tw.beanfun.feature.club.create.view.ClubCreateActivity",
            "tw.beanfun.feature.club.featured.view.ClubFeaturedListActivity",
            "tw.beanfun.feature.club.hall.view.ClubActionListActivity",
            "tw.beanfun.feature.club.hall.view.ClubCheckIntoHallActivity",
            "tw.beanfun.feature.club.hall.view.ClubCreateInviteActivity",
            "tw.beanfun.feature.club.hall.view.ClubHallActivity",
            "tw.beanfun.feature.club.hall.view.ClubMemberReviewPostListActivity",
            "tw.beanfun.feature.club.hall.view.ClubNotFoundActivity",
            "tw.beanfun.feature.club.introduction.view.ClubIntroductionActivity",
            "tw.beanfun.feature.club.introduction.view.ClubParticipantsListActivity",
            "tw.beanfun.feature.club.management.view.ClubApplicantsListActivity",
            "tw.beanfun.feature.club.management.view.ClubBlackListActivity",
            "tw.beanfun.feature.club.management.view.ClubManagementActivity",
            "tw.beanfun.feature.club.management.view.ClubManagementReviewPostListActivity",
            "tw.beanfun.feature.club.management.view.ClubReportListActivity",
            "tw.beanfun.feature.club.management.view.ClubReviewPostDetailActivity",
            "tw.beanfun.feature.club.management.view.ClubSettingChatActivity",
            "tw.beanfun.feature.club.management.view.ClubSettingLinkActivity",
            "tw.beanfun.feature.club.management.view.ClubSwitchOwnerListActivity",
            "tw.beanfun.feature.club.management.view.ClubUpdateCoverActivity",
            "tw.beanfun.feature.club.management.view.ClubUpdateInfoActivity",
            "tw.beanfun.feature.club.management.view.ClubUpdatePhotoActivity",
            "tw.beanfun.feature.club.mediaviewer.view.ClubMediaViewerActivity",
            "tw.beanfun.feature.club.myclub.view.MyClubActivity",
            "tw.beanfun.feature.club.post.view.ClubPostActivity",
            "tw.beanfun.feature.club.post.view.ClubSharePostActivity",
            "tw.beanfun.feature.club.share.view.ShareToClubActivity",
            "tw.beanfun.feature.club.share.view.ShareToClubWithoutClubIdActivity",
            "tw.beanfun.feature.createorlogin.view.LoginActivity",
            "tw.beanfun.feature.createorlogin.view.UpdateTermsActivity",
            "tw.beanfun.feature.deeplink.view.DeepLinkActivity",
            "tw.beanfun.feature.deeplink.view.DeepLinkForShareActivity",
            "tw.beanfun.feature.facebookLogin.FacebookLoginActivity",
            "tw.beanfun.feature.friend.view.BlockedFriendActivity",
            "tw.beanfun.feature.friend.view.FriendApplicantActivity",
            "tw.beanfun.feature.friend.view.FriendListActivity",
            "tw.beanfun.feature.friend.view.FriendManagementActivity",
            "tw.beanfun.feature.friend.view.SearchFriendByIdActivity",
            "tw.beanfun.feature.fullsearch.view.FullSearchActivity",
            "tw.beanfun.feature.fullsearch.view.MessageDetailActivity",
            "tw.beanfun.feature.gamapay.MockGamaPayActivity",
            "tw.beanfun.feature.global.view.RestoreActivity",
            "tw.beanfun.feature.global.view.SingleWebViewActivity",
            "tw.beanfun.feature.global.view.ThemeLoadingActivity",
            "tw.beanfun.feature.global.view.TutorialActivity",
            "tw.beanfun.feature.global.view.UpgradeDescriptionActivity",
            "tw.beanfun.feature.global.view.dialog.bottomdialog.view.BottomDialogActivity",
            "tw.beanfun.feature.iam.view.GooglePlusLoginActivity",
            "tw.beanfun.feature.main.view.MainActivity",
            "tw.beanfun.feature.mgm.view.MGMActivity",
            "tw.beanfun.feature.module.game.GameLoginActivity",
            "tw.beanfun.feature.module.game.WebQRCodeLoginActivity",
            "tw.beanfun.feature.mypage.view.MyPageActivity",
            "tw.beanfun.feature.notice.view.NoticeInnerActivity",
            "tw.beanfun.feature.notice.view.NoticeLinkActivity",
            "tw.beanfun.feature.notification.view.NotificationEventActivity",
            "tw.beanfun.feature.oauth.view.OAuthWebViewActivity",
            "tw.beanfun.feature.onboarding.view.OnboardingMainActivity",
            "tw.beanfun.feature.profile.view.AddressListActivityV3",
            "tw.beanfun.feature.profile.view.CreateAliasActivity",
            "tw.beanfun.feature.profile.view.EditAddressNameActivity",
            "tw.beanfun.feature.profile.view.EditAddressPostalActivity",
            "tw.beanfun.feature.profile.view.EditAliasActivity",
            "tw.beanfun.feature.profile.view.EditCustomIdActivity",
            "tw.beanfun.feature.profile.view.EditDetailAddressActivity",
            "tw.beanfun.feature.profile.view.EditIntroductionActivity",
            "tw.beanfun.feature.profile.view.EditNickNameActivity",
            "tw.beanfun.feature.profile.view.EditUserAddressActivityV3",
            "tw.beanfun.feature.profile.view.ProfileActivity",
            "tw.beanfun.feature.qrcode.view.QRCodeErrorActivity",
            "tw.beanfun.feature.qrcode.view.QRCodeGroupingActivityV3",
            "tw.beanfun.feature.qrcode.view.QRCodeJavaScriptInterfaceActivity",
            "tw.beanfun.feature.qrcode.view.QRCodeResultActivityV3",
            "tw.beanfun.feature.qrcode.view.QRCodeUniversalActivityV3",
            "tw.beanfun.feature.setting.view.AboutBeanGoActivity",
            "tw.beanfun.feature.setting.view.LaunchGpsSettingActivityV3",
            "tw.beanfun.feature.setting.view.NewsActivity",
            "tw.beanfun.feature.setting.view.SettingActivityV3",
            "tw.beanfun.feature.setting.view.SettingBeanfunLabsActivity",
            "tw.beanfun.feature.setting.view.SettingChatNotificationActivity",
            "tw.beanfun.feature.setting.view.SettingClubNotificationActivity",
            "tw.beanfun.feature.setting.view.SettingCountryActivityV3",
            "tw.beanfun.feature.setting.view.SettingDoNotDisturbActivity",
            "tw.beanfun.feature.setting.view.SettingLanguageActivityV3",
            "tw.beanfun.feature.setting.view.SettingMainNotificationActivity",
            "tw.beanfun.feature.setting.view.SettingShowNotificationActivity",
            "tw.beanfun.feature.setting.view.SettingsModifyActivity",
            "tw.beanfun.feature.setting.view.SettingsSecurityActivity",
            "tw.beanfun.feature.setting.view.ThemeDetailActivity",
            "tw.beanfun.feature.setting.view.ThemeListActivity",
            "tw.beanfun.feature.setting.view.ThemePreviewViewerActivity",
            "tw.beanfun.feature.showtogether.asset.view.AssetCollectionDetailActivity",
            "tw.beanfun.feature.showtogether.asset.view.AssetCollectionStorageBoxActivity",
            "tw.beanfun.feature.showtogether.asset.view.AssetStoryDetailActivity",
            "tw.beanfun.feature.showtogether.asset.view.AssetTreasureDetailActivity",
            "tw.beanfun.feature.showtogether.comment.view.ShowCommentMediaViewerActivity",
            "tw.beanfun.feature.showtogether.common.view.ShowFollowedListActivity",
            "tw.beanfun.feature.showtogether.common.view.ShowItemCreateActivity",
            "tw.beanfun.feature.showtogether.common.view.ShowTradeActionListActivity",
            "tw.beanfun.feature.showtogether.common.view.YouTubePlayerActivity",
            "tw.beanfun.feature.showtogether.create.view.ShowCreateContainerActivity",
            "tw.beanfun.feature.showtogether.create.view.ShowCreateFlowActivity",
            "tw.beanfun.feature.showtogether.create.view.ShowCreateSelectClubActivity",
            "tw.beanfun.feature.showtogether.create.view.ShowItemApplicantFlowActivity",
            "tw.beanfun.feature.showtogether.info.view.ShowInfoActivity",
            "tw.beanfun.feature.showtogether.info.view.ShowItemDetailActivity",
            "tw.beanfun.feature.showtogether.info.view.ShowItemWaitApproveActivity",
            "tw.beanfun.feature.showtogether.info.view.ShowItemWaitApproveDetailActivity",
            "tw.beanfun.feature.showtogether.info.view.ShowOrShowItemNotExistActivity",
            "tw.beanfun.feature.showtogether.join.view.ShowJoinLoadingActivity",
            "tw.beanfun.feature.showtogether.join.view.ShowOldStoryFragment",
            "tw.beanfun.feature.showtogether.summaries.view.ClubShowSummariesActivity",
            "tw.beanfun.feature.sso.IAMActivity",
            "tw.beanfun.feature.stickerStore.view.MyStickerPackActivity",
            "tw.beanfun.feature.stickerStore.view.StickerDetailActivity",
            "tw.beanfun.feature.stickerStore.view.StickerStoreActivity",
            "tw.beanfun.feature.stickerStore.view.StickerStoreCreatorDetailActivity",
            "tw.beanfun.feature.stickerStore.view.StickerStoreRecordActivity",
            "tw.beanfun.feature.stickerStore.view.StickerStoreSettingActivity",
            "tw.beanfun.feature.userbook.favorite.view.BookFavoriteActivity",
            "tw.beanfun.feature.userbook.history.view.BookHistoryActivity",
            "tw.beanfun.feature.webview.view.FullH5WebViewActivity",
            "tw.beanfun.feature.webview.view.H5WebViewActivity",
            "tw.beanfun.feature.webview.view.planet.PlanetWebViewActivity",
            "tw.beanfun.feature.welcome.WelcomePageActivity",
            "tw.beanfun.feature.welcome.view.WelcomeActivity",
            "tw.beanfun.feature.widget.view.ServiceAuthPageActivity",
            "tw.beanfun.feature.widget.view.WidgetStoreDetailActivity",
            "tw.beanfun.feature.widget.view.WidgetStoreDetailImageFullscreenActivity",
            "tw.beanfun.mock.TestActivity",
            "tw.beanfun.trackingview.view.TrackDetailActivity",
            "tw.beanfun.trackingview.view.TrackListActivity"
        ],
        "services": [
            "androidx.room.MultiInstanceInvalidationService",
            "androidx.work.impl.background.systemalarm.SystemAlarmService",
            "androidx.work.impl.background.systemjob.SystemJobService",
            "androidx.work.impl.foreground.SystemForegroundService",
            "com.google.android.datatransport.runtime.backends.TransportBackendDiscovery",
            "com.google.android.datatransport.runtime.scheduling.jobscheduling.JobInfoSchedulerService",
            "com.google.android.gms.ads.AdService",
            "com.google.android.gms.analytics.AnalyticsJobService",
            "com.google.android.gms.analytics.AnalyticsService",
            "com.google.android.gms.auth.api.signin.RevocationBoundService",
            "com.google.android.gms.measurement.AppMeasurementJobService",
            "com.google.android.gms.measurement.AppMeasurementService",
            "com.google.android.gms.tagmanager.TagManagerService",
            "com.google.firebase.components.ComponentDiscoveryService",
            "com.google.firebase.messaging.FirebaseMessagingService",
            "com.google.mlkit.common.internal.MlKitComponentDiscoveryService",
            "tw.beanfun.feature.notification.service.PhoneFirebaseMessagingServiceV2"
        ],
        "receivers": [
            "androidx.work.impl.background.systemalarm.ConstraintProxy$BatteryChargingProxy",
            "androidx.work.impl.background.systemalarm.ConstraintProxy$BatteryNotLowProxy",
            "androidx.work.impl.background.systemalarm.ConstraintProxy$NetworkStateProxy",
            "androidx.work.impl.background.systemalarm.ConstraintProxy$StorageNotLowProxy",
            "androidx.work.impl.background.systemalarm.ConstraintProxyUpdateReceiver",
            "androidx.work.impl.background.systemalarm.RescheduleReceiver",
            "androidx.work.impl.diagnostics.DiagnosticsReceiver",
            "androidx.work.impl.utils.ForceStopRunnable$BroadcastReceiver",
            "com.appsflyer.SingleInstallBroadcastReceiver",
            "com.facebook.AuthenticationTokenManager$CurrentAuthenticationTokenChangedBroadcastReceiver",
            "com.facebook.CurrentAccessTokenExpirationBroadcastReceiver",
            "com.google.android.datatransport.runtime.scheduling.jobscheduling.AlarmManagerSchedulerBroadcastReceiver",
            "com.google.android.gms.analytics.AnalyticsReceiver",
            "com.google.android.gms.measurement.AppMeasurementReceiver",
            "com.google.firebase.iid.FirebaseInstanceIdReceiver",
            "com.instacart.library.truetime.BootCompletedBroadcastReceiver",
            "tw.beanfun.feature.notification.receiver.ChatRoomActionReceiverV2"
        ]
    }
}