{
    "apk_name": "5FF55E498D75FCE0BAD4F928BF801F295FCE43063DC5FDEBAF6BE45D1BFD7008",
    "sha256": "5ff55e498d75fce0bad4f928bf801f295fce43063dc5fdebaf6be45d1bfd7008",
    "metadata": {
        "package_name": "com.xigua.reader",
        "version_code": "14",
        "version_name": "1.1.14",
        "min_sdk": "25",
        "target_sdk": "31",
        "permissions": [
            "android.permission.ACCESS_NETWORK_STATE",
            "android.permission.ACCESS_WIFI_STATE",
            "android.permission.INTERNET"
        ],
        "activities": [
            "cn.deali.minimalpoem.activity.DeveloperActivity",
            "cn.deali.minimalpoem.activity.FavoriteActivity",
            "cn.deali.minimalpoem.activity.PoemActivity",
            "cn.deali.minimalpoem.activity.TempActivity"
        ],
        "services": [],
        "receivers": [],
        "permission_details": {
            "android.permission.ACCESS_NETWORK_STATE": "normal",
            "android.permission.ACCESS_WIFI_STATE": "normal",
            "android.permission.INTERNET": "normal"
        },
        "risk_counts": {
            "normal": 3
        }
    },
    "stats": {
        "dex_count": 1,
        "native_lib_count": 0
    },
    "jadx": {
        "status": "ok",
        "duration_sec": 11.01,
        "sources_present": true,
        "java_file_count": 1056
    },
    "ast_analysis": {
        "location": 0,
        "microphone": 0,
        "camera": 5,
        "media_projection": 0,
        "dynamic_load": 0,
        "jni": 0
    },
    "analysis_state": "complete"
}