{
    "apk_name": "DF28D559D4837DFC953C20DD3137BCD8288A390341FE4F45A7D4EF0803B1EEC9",
    "sha256": "df28d559d4837dfc953c20dd3137bcd8288a390341fe4f45a7d4ef0803b1eec9",
    "metadata": {
        "package_name": "my.ballistics",
        "version_code": "38",
        "version_name": "1.58",
        "min_sdk": "21",
        "target_sdk": "34",
        "permissions": [
            "android.permission.ACCESS_COARSE_LOCATION",
            "android.permission.ACCESS_FINE_LOCATION",
            "android.permission.ACCESS_NETWORK_STATE",
            "android.permission.ACCESS_WIFI_STATE",
            "android.permission.INTERNET",
            "android.permission.READ_EXTERNAL_STORAGE",
            "android.permission.READ_PHONE_STATE",
            "android.permission.WAKE_LOCK",
            "android.permission.WRITE_EXTERNAL_STORAGE"
        ],
        "activities": [
            "com.google.android.gms.common.api.GoogleApiActivity",
            "com.tns.ErrorReportActivity",
            "com.tns.NativeScriptActivity"
        ],
        "services": [
            "com.mapbox.android.telemetry.errors.ErrorReporterJobIntentService",
            "com.mapbox.services.android.telemetry.service.TelemetryService"
        ],
        "receivers": [],
        "permission_details": {
            "android.permission.ACCESS_COARSE_LOCATION": "dangerous",
            "android.permission.ACCESS_FINE_LOCATION": "dangerous",
            "android.permission.ACCESS_NETWORK_STATE": "normal",
            "android.permission.ACCESS_WIFI_STATE": "normal",
            "android.permission.INTERNET": "normal",
            "android.permission.READ_EXTERNAL_STORAGE": "dangerous",
            "android.permission.READ_PHONE_STATE": "dangerous",
            "android.permission.WAKE_LOCK": "normal",
            "android.permission.WRITE_EXTERNAL_STORAGE": "dangerous"
        },
        "risk_counts": {
            "dangerous": 5,
            "normal": 4
        }
    },
    "stats": {
        "dex_count": 2,
        "native_lib_count": 0
    },
    "jadx": {
        "status": "ok",
        "duration_sec": 27.17,
        "sources_present": true,
        "java_file_count": 4914
    },
    "ast_analysis": {
        "location": 26,
        "microphone": 0,
        "camera": 18,
        "media_projection": 0,
        "dynamic_load": 0,
        "jni": 2
    },
    "analysis_state": "complete",
    "behavioral_structural_data": {
        "api_inventory": {
            "camera": 0,
            "microphone": 0,
            "location": 6,
            "torch": 0,
            "telephony_ops": 0,
            "system_commands": 1,
            "webview_interop": 0,
            "content_access": 9,
            "audio_control": 0,
            "vibration": 0,
            "network_io": 8,
            "scheduling_apis": 21,
            "dynamic_code": 199
        },
        "execution_context": {
            "in_service": 0,
            "in_receiver": 0,
            "in_activity": 0,
            "in_provider": 0,
            "unknown": 244
        },
        "scheduling_mechanisms": {
            "alarm_manager": 7,
            "handler_loop": 14,
            "job_scheduler": 0
        },
        "trigger_types": {
            "auto_triggered": 0,
            "user_triggered": 2
        },
        "dynamic_features": {
            "jni_usage": 2,
            "dynamic_loading": 2,
            "reflection": 197
        }
    }
}