{
    "java_files": [
        "a/auu/a.java",
        "com/netease/nis/wrapper/l.java",
        "com/netease/nis/wrapper/g.java",
        "com/netease/nis/wrapper/d.java",
        "com/netease/nis/wrapper/Utils.java",
        "com/netease/nis/wrapper/k.java",
        "com/netease/nis/wrapper/b.java",
        "com/netease/nis/wrapper/NEDialog.java",
        "com/netease/nis/wrapper/MyApplication.java",
        "com/netease/nis/wrapper/a.java",
        "com/netease/nis/wrapper/e.java",
        "com/netease/nis/wrapper/f.java",
        "com/netease/nis/wrapper/c.java",
        "com/netease/nis/wrapper/MyJni.java",
        "com/netease/nis/wrapper/m.java",
        "com/netease/nis/wrapper/j.java",
        "com/netease/nis/wrapper/Entry.java",
        "com/netease/nis/wrapper/h.java",
        "com/netease/nis/wrapper/i.java",
        "com/netease/nis/wrapper/plugin/g.java",
        "com/netease/nis/wrapper/plugin/d.java",
        "com/netease/nis/wrapper/plugin/InstrumentationProxy.java",
        "com/netease/nis/wrapper/plugin/b.java",
        "com/netease/nis/wrapper/plugin/a.java",
        "com/netease/nis/wrapper/plugin/e.java",
        "com/netease/nis/wrapper/plugin/f.java",
        "com/netease/nis/wrapper/plugin/c.java",
        "com/netease/nis/wrapper/plugin/h.java",
        "com/netease/nis/wrapper/plugin/i.java",
        "kotlin/coroutines/jvm/internal/DebugProbesKt.java",
        "cn/neoclub/uki/R.java",
        "androidx/core/app/CoreComponentFactory.java"
    ],
    "ast_hits_by_file": {
        "location": [],
        "microphone": [],
        "camera": [
            "com/netease/nis/wrapper/MyJni.java",
            "com/netease/nis/wrapper/MyJni.java",
            "com/netease/nis/wrapper/plugin/e.java"
        ],
        "media_projection": [],
        "dynamic_load": [],
        "jni": [
            "com/netease/nis/wrapper/l.java",
            "com/netease/nis/wrapper/l.java",
            "com/netease/nis/wrapper/plugin/a.java"
        ]
    },
    "native_libs": [
        "lib/armeabi-v7a/libsgmain.so",
        "lib/armeabi-v7a/libsecsdk.so",
        "lib/armeabi-v7a/libunity.so",
        "lib/armeabi-v7a/libBugly.so",
        "lib/armeabi-v7a/libALBiometricsJni.so",
        "lib/armeabi-v7a/libnetmobsec-4.2.6.so",
        "lib/armeabi-v7a/libsgmiddletier.so",
        "lib/armeabi-v7a/libsmsdk.so",
        "lib/armeabi-v7a/libc++_shared.so",
        "lib/armeabi-v7a/libRSSupport.so",
        "lib/armeabi-v7a/libagora_ai_denoise_extension.so",
        "lib/armeabi-v7a/libil2cpp.so",
        "lib/armeabi-v7a/libMonoPosixHelper.so",
        "lib/armeabi-v7a/libjcore222.so",
        "lib/armeabi-v7a/libagora-mpg123.so",
        "lib/armeabi-v7a/libsgsecuritybodyso-5.5.28.so",
        "lib/armeabi-v7a/libalicomphonenumberauthsdk_core.so",
        "lib/armeabi-v7a/libmonobdwgc-2.0.so",
        "lib/armeabi-v7a/libUSBAudioDevice.so",
        "lib/armeabi-v7a/libsmcaptcha.so",
        "lib/armeabi-v7a/libagora-rtc-sdk.so",
        "lib/armeabi-v7a/libsgsecuritybody.so",
        "lib/armeabi-v7a/libagora-soundtouch.so",
        "lib/armeabi-v7a/libsls_producer.so",
        "lib/armeabi-v7a/librsjni.so",
        "lib/armeabi-v7a/libagora-fdkaac.so",
        "lib/armeabi-v7a/libUVCCamera.so",
        "lib/armeabi-v7a/libmain.so",
        "lib/armeabi-v7a/libalicomphonenumberauthsdk-log-online-standard-release_alijtca_plus.so",
        "lib/armeabi-v7a/libuki_base_jni_tool.so",
        "lib/armeabi-v7a/libjpeg-turbo1500.so",
        "lib/armeabi-v7a/libsgmainso-5.5.28.so",
        "lib/armeabi-v7a/libagora-core.so",
        "lib/armeabi-v7a/libusb100.so",
        "lib/armeabi-v7a/librsjni_androidx.so",
        "lib/armeabi-v7a/libmmkv.so",
        "lib/armeabi-v7a/libwukong_ua.so",
        "lib/armeabi-v7a/libjni_tool.so",
        "lib/armeabi-v7a/libuvc.so",
        "lib/armeabi-v7a/libnesec.so"
    ],
    "dex_files_count": 1,
    "exported_components": {
        "activities": [
            "cn.jpush.android.ui.PopWinActivity",
            "cn.jpush.android.ui.PushActivity",
            "cn.neoclub.common.teenager.activity.TeenCloseActivity",
            "cn.neoclub.common.teenager.activity.TeenEntryActivity",
            "cn.neoclub.common.teenager.activity.TeenHomeActivity",
            "cn.neoclub.common.teenager.activity.TeenOpenActivity",
            "cn.neoclub.common.teenager.activity.TeenSetActivity",
            "cn.neoclub.common.teenager.activity.TeenVideoActivity",
            "cn.neoclub.social.loginkit.qq.QQEntryActivity",
            "cn.neoclub.social.shareqq.QQEntryActivity",
            "cn.neoclub.uki.certify.CertifyActivity",
            "cn.neoclub.uki.certify.CertifyBroadcasterActivity",
            "cn.neoclub.uki.certify.CertifyProtocolActivity",
            "cn.neoclub.uki.certify.CertifyedActivity",
            "cn.neoclub.uki.certify.PartyProtocolActivity",
            "cn.neoclub.uki.circle.CircleActivity",
            "cn.neoclub.uki.circle.CircleConfigActivity",
            "cn.neoclub.uki.circle.CircleInviteMemberActivity",
            "cn.neoclub.uki.circle.CircleMemberActivity",
            "cn.neoclub.uki.circle.StreetCreateActivity",
            "cn.neoclub.uki.circle.StreetHomeActivity",
            "cn.neoclub.uki.circles.ui.CircleShareActivity",
            "cn.neoclub.uki.circles.ui.CirclesActivity",
            "cn.neoclub.uki.circles.ui.NewSearchCirclesActivity",
            "cn.neoclub.uki.circles.ui.SearchCirclesActivity",
            "cn.neoclub.uki.coffers.Coffers2Activity",
            "cn.neoclub.uki.coffers.CoffersActivity",
            "cn.neoclub.uki.coffers.CoffersPayFailActivity",
            "cn.neoclub.uki.coffers.records.TradeRecordActivity",
            "cn.neoclub.uki.common.floatwindow.permission.FloatPermActivity",
            "cn.neoclub.uki.commons.widget.ExternalJumpActivity",
            "cn.neoclub.uki.couple.AnonymousDescActivity",
            "cn.neoclub.uki.couple.MatchBuyActivity",
            "cn.neoclub.uki.couple.TextMatchActivity",
            "cn.neoclub.uki.couple.VoiceCpActivity",
            "cn.neoclub.uki.couple.VoiceMatchActivity",
            "cn.neoclub.uki.debug.DebugActivity",
            "cn.neoclub.uki.debug.DebugPanelActivity",
            "cn.neoclub.uki.debug.DialogDebugActivity",
            "cn.neoclub.uki.fans.FansChatRoomActivity",
            "cn.neoclub.uki.friends.AddFriendHomeActivity",
            "cn.neoclub.uki.friends.FriendsHomeActivity",
            "cn.neoclub.uki.friends.FriendsSearchActivity",
            "cn.neoclub.uki.friends.UserTitleEditActivity",
            "cn.neoclub.uki.game.GameH5Activity",
            "cn.neoclub.uki.home.MainActivity",
            "cn.neoclub.uki.home.party.FriendsPartyActivity",
            "cn.neoclub.uki.home.party.PartyMoreActivity",
            "cn.neoclub.uki.home.self.UserHomeActivity",
            "cn.neoclub.uki.hybrid.H5Activity",
            "cn.neoclub.uki.hybrid.UniversalWebViewActivity",
            "cn.neoclub.uki.hybrid.WebGameActivity",
            "cn.neoclub.uki.login.LoginActivity",
            "cn.neoclub.uki.login.SetUserInfoActivity",
            "cn.neoclub.uki.login.SplashActivity",
            "cn.neoclub.uki.mall.MallActivity",
            "cn.neoclub.uki.media.video.VideoPlaybackActivity",
            "cn.neoclub.uki.message.ChatActivity",
            "cn.neoclub.uki.message.ChatUkiHelperActivity",
            "cn.neoclub.uki.message.MiniChatActivity",
            "cn.neoclub.uki.message.NetworkActivity",
            "cn.neoclub.uki.message.NotificationActivity",
            "cn.neoclub.uki.message.SysNotiActivity",
            "cn.neoclub.uki.message.VoiceCallActivity",
            "cn.neoclub.uki.message.emoji.EmojiActivity",
            "cn.neoclub.uki.party.AnnouncementActivity",
            "cn.neoclub.uki.party.AuctionRuleActivity",
            "cn.neoclub.uki.party.CirclePartyListActivity",
            "cn.neoclub.uki.party.CreatePartyActivity",
            "cn.neoclub.uki.party.CustomAvatarActivity",
            "cn.neoclub.uki.party.NewSharePartyActivity",
            "cn.neoclub.uki.party.NewSharePartyActivity2",
            "cn.neoclub.uki.party.PartyActivity",
            "cn.neoclub.uki.party.PartyBlackListActivity",
            "cn.neoclub.uki.party.PartyNewGuestListActivity",
            "cn.neoclub.uki.party.PickMatchActivity",
            "cn.neoclub.uki.party.PlatformGroupChatJumpActivity",
            "cn.neoclub.uki.party.PotentialUserRecommendActivity",
            "cn.neoclub.uki.party.PotentialUserRecommendAnchorActivity",
            "cn.neoclub.uki.party.PotentialUserShareActivity",
            "cn.neoclub.uki.party.PotentialUserShareAnchorActivity",
            "cn.neoclub.uki.party.SharePartyActivity",
            "cn.neoclub.uki.party.family.CreatePartyFamilyActivity",
            "cn.neoclub.uki.party.family.FamilyHomeActivity",
            "cn.neoclub.uki.party.family.PartyFamilyActivity",
            "cn.neoclub.uki.party.family.PartyFamilyPointRebateActivity",
            "cn.neoclub.uki.party.fans.CreateFansActivity",
            "cn.neoclub.uki.party.fans.FansActivity",
            "cn.neoclub.uki.party.fans.FansHomeActivity",
            "cn.neoclub.uki.party.fans.FanssClubActivity",
            "cn.neoclub.uki.party.footprint.FootPrintActivity",
            "cn.neoclub.uki.party.level.PartyLevelActivity",
            "cn.neoclub.uki.party.mall.MyPartyPropsActivity",
            "cn.neoclub.uki.party.mall.PartyMallActivity",
            "cn.neoclub.uki.party.person_romm.PersonPartyManagerListActivity",
            "cn.neoclub.uki.party.person_romm.PersonPartyRoomBackgroundActivity",
            "cn.neoclub.uki.party.person_romm.PersonPartyVisitorListActivity",
            "cn.neoclub.uki.party.person_romm.backgroundmic.BackgroundMicActivity",
            "cn.neoclub.uki.party.treasure.PartyTreasureActivity",
            "cn.neoclub.uki.party.treasure.PartyTreasureAwardActivity",
            "cn.neoclub.uki.party.treasure.PartyTreasureBuyActivity",
            "cn.neoclub.uki.party.treasure.PartyTreasureLuckActivity",
            "cn.neoclub.uki.party.treasure.PartyTreasureOutcomeActivity",
            "cn.neoclub.uki.party.treasure.PartyTreasurePlayRuleActivity",
            "cn.neoclub.uki.party.treasure.PartyTreasureRecordActivity",
            "cn.neoclub.uki.passivematch.FriendsRequestActivity",
            "cn.neoclub.uki.post.HotTopicActivity",
            "cn.neoclub.uki.post.NewSquareSearchTopicActivity",
            "cn.neoclub.uki.post.PostMessageActivity",
            "cn.neoclub.uki.post.PostNotiActivity",
            "cn.neoclub.uki.post.ReleasePostActivity",
            "cn.neoclub.uki.post.SquareSearchTopicActivity",
            "cn.neoclub.uki.post.activity.PostDetailContainerActivity",
            "cn.neoclub.uki.post.activity.PostListContainerActivity",
            "cn.neoclub.uki.post.activity.SelectMatchmakingPicturesActivity",
            "cn.neoclub.uki.post.activity.SelectorActivity",
            "cn.neoclub.uki.post.game.AddGameActivity",
            "cn.neoclub.uki.post.topic.AddTopicActivity",
            "cn.neoclub.uki.profile.BlackActivity",
            "cn.neoclub.uki.profile.CharacterActivity",
            "cn.neoclub.uki.profile.CommonAnswerActivity",
            "cn.neoclub.uki.profile.EditFaceActivity",
            "cn.neoclub.uki.profile.EditHeadwearActivity",
            "cn.neoclub.uki.profile.EditMottoActivity",
            "cn.neoclub.uki.profile.EditNameActivity",
            "cn.neoclub.uki.profile.EditProfileActivity",
            "cn.neoclub.uki.profile.FeedBackActivity",
            "cn.neoclub.uki.profile.GiftsListActivity",
            "cn.neoclub.uki.profile.MedalWallActivity",
            "cn.neoclub.uki.profile.NotiConfigActivity",
            "cn.neoclub.uki.profile.RemarkNameActivity",
            "cn.neoclub.uki.profile.SelectPartyJoinConfigActivity",
            "cn.neoclub.uki.profile.TagActivity",
            "cn.neoclub.uki.profile.TagV1Activity",
            "cn.neoclub.uki.profile.UserGiftIncomeActivity",
            "cn.neoclub.uki.profile.UserTagActivity",
            "cn.neoclub.uki.report.ReportActivity",
            "cn.neoclub.uki.settings.SettingsActivity",
            "cn.neoclub.uki.settings.activity.SettingAutoRelayActivity",
            "cn.neoclub.uki.task.GrowthTaskActivity",
            "cn.neoclub.uki.topic.activity.TopicContainerActivity",
            "cn.neoclub.uki.update.UpdateInstallerActivity",
            "cn.neoclub.uki.video.ui.VideoFlowListActivity",
            "cn.neoclub.uki.vip.activity.VipHomeActivity",
            "cn.neoclub.uki.vip.activity.WhoSeenMeActivity",
            "cn.neoclub.uki.voice.MyVoiceActivity",
            "cn.neoclub.uki.voice.MyVoiceDetailActivity",
            "cn.neoclub.uki.voice.ReplyVoiceActivity",
            "cn.neoclub.uki.voice.SearchSongActivity",
            "cn.neoclub.uki.voice.SongDetailsActivity",
            "cn.neoclub.uki.voice.VoiceActivity",
            "cn.neoclub.uki.voice.VoiceNotiActivity",
            "cn.neoclub.uki.voice.VoiceTagActivity",
            "cn.neoclub.uki.widget.mixturePreview.activity.MixTurePreviewContainerActivity",
            "cn.neoclub.uki.widget.preview.DylanActivity",
            "cn.neoclub.uki.wxapi.WXEntryActivity",
            "cn.neoclub.uki.wxapi.WXPayEntryActivity",
            "com.alibaba.security.biometrics.activity.ALBiometricsActivity",
            "com.alibaba.security.realidentity.activity.RPTakePhotoActivity",
            "com.alibaba.security.realidentity.activity.RPWebViewActivity",
            "com.alibaba.wireless.security.open.middletier.fc.ui.ContainerActivity",
            "com.alipay.sdk.app.APayEntranceActivity",
            "com.alipay.sdk.app.AlipayResultActivity",
            "com.alipay.sdk.app.H5AuthActivity",
            "com.alipay.sdk.app.H5OpenAuthActivity",
            "com.alipay.sdk.app.H5PayActivity",
            "com.alipay.sdk.app.PayResultActivity",
            "com.cmic.sso.sdk.activity.LoginAuthActivity",
            "com.huawei.hms.activity.BridgeActivity",
            "com.huawei.hms.activity.EnableServiceActivity",
            "com.huawei.updatesdk.service.otaupdate.AppUpdateActivity",
            "com.huawei.updatesdk.support.pm.PackageInstallerActivity",
            "com.luck.picture.lib.PictureExternalPreviewActivity",
            "com.luck.picture.lib.PicturePlayAudioActivity",
            "com.luck.picture.lib.PicturePreviewActivity",
            "com.luck.picture.lib.PictureSelectorActivity",
            "com.luck.picture.lib.PictureVideoPlayActivity",
            "com.mobile.auth.gatewayauth.LoginAuthActivity",
            "com.mobile.auth.gatewayauth.activity.AuthWebVeiwActivity",
            "com.skyengine.analytics.android.sdk.dialog.SchemeActivity",
            "com.tencent.connect.common.AssistActivity",
            "com.tencent.tauth.AuthActivity",
            "com.vivo.push.sdk.LinkProxyClientActivity",
            "com.yalantis.ucrop.PictureMultiCuttingActivity",
            "com.yalantis.ucrop.UCropActivity",
            "com.yalantis.ucrop.UCropUkiActivity",
            "pub.devrel.easypermissions.AppSettingsDialogHolderActivity"
        ],
        "services": [
            "androidx.room.MultiInstanceInvalidationService",
            "androidx.work.impl.background.systemalarm.SystemAlarmService",
            "androidx.work.impl.background.systemjob.SystemJobService",
            "androidx.work.impl.foreground.SystemForegroundService",
            "cn.jpush.android.service.DaemonService",
            "cn.jpush.android.service.DownloadService",
            "cn.jpush.android.service.PushService",
            "cn.neoclub.extension.doll.face3d.UnityProcessMaintainer$ProcessAwakeService",
            "cn.neoclub.extension.doll.face3d.UnityProcessMaintainer$ProcessKillService",
            "cn.neoclub.uki.livertc.service.RtcService",
            "cn.neoclub.uki.media.MediaPlaybackService",
            "cn.neoclub.uki.post.service.PostServices",
            "cn.neoclub.uki.profile.service.ProfileService",
            "cn.neoclub.uki.push.UkiHmsMessageService",
            "cn.neoclub.uki.push.UkiJCommonService",
            "cn.neoclub.uki.update.AppUpdateJobService",
            "cn.neoclub.uki.update.AppUpdateService",
            "com.amap.api.location.APSService",
            "com.heytap.msp.push.service.CompatibleDataMessageCallbackService",
            "com.heytap.msp.push.service.DataMessageCallbackService",
            "com.huawei.agconnect.core.ServiceDiscovery",
            "com.huawei.hms.support.api.push.service.HmsMsgService",
            "com.meizu.cloud.pushsdk.NotificationService",
            "com.vivo.push.sdk.service.CommandClientService",
            "com.xiaomi.mipush.sdk.MessageHandleService",
            "com.xiaomi.mipush.sdk.PushMessageHandler",
            "com.xiaomi.push.service.XMJobService",
            "com.xiaomi.push.service.XMPushService"
        ],
        "receivers": [
            "androidx.work.impl.background.systemalarm.ConstraintProxy$BatteryChargingProxy",
            "androidx.work.impl.background.systemalarm.ConstraintProxy$BatteryNotLowProxy",
            "androidx.work.impl.background.systemalarm.ConstraintProxy$NetworkStateProxy",
            "androidx.work.impl.background.systemalarm.ConstraintProxy$StorageNotLowProxy",
            "androidx.work.impl.background.systemalarm.ConstraintProxyUpdateReceiver",
            "androidx.work.impl.background.systemalarm.RescheduleReceiver",
            "androidx.work.impl.diagnostics.DiagnosticsReceiver",
            "androidx.work.impl.utils.ForceStopRunnable$BroadcastReceiver",
            "cn.jpush.android.service.AlarmReceiver",
            "cn.jpush.android.service.PushReceiver",
            "cn.neoclub.uki.home.receiver.MessageNotificationReceiver",
            "cn.neoclub.uki.push.JPushMsgReceiver",
            "cn.neoclub.uki.push.JPushNotiReceiver",
            "cn.neoclub.uki.receiver.CompatMeizuPushReceiver",
            "cn.neoclub.uki.receiver.CompatVivoPushReceiver",
            "cn.neoclub.uki.receiver.CompatXiaomiPushReceiver",
            "com.huawei.hms.support.api.push.PushMsgReceiver",
            "com.huawei.hms.support.api.push.PushReceiver",
            "com.xiaomi.push.service.receivers.NetworkStatusReceiver",
            "com.xiaomi.push.service.receivers.PingReceiver"
        ]
    }
}