{
    "apk_name": "7FC09FDD67C24A4BADD068BDEF1E669D1C4E6B52F058DF34DE3C13BF0AF26E9C",
    "sha256": "7fc09fdd67c24a4badd068bdef1e669d1c4e6b52f058df34de3c13bf0af26e9c",
    "metadata": {
        "package_name": "com.snapchat.android",
        "version_code": "1927",
        "version_name": "10.55.5.0",
        "min_sdk": "19",
        "target_sdk": "26",
        "permissions": [
            "android.permission.ACCESS_FINE_LOCATION",
            "android.permission.ACCESS_NETWORK_STATE",
            "android.permission.ACCESS_WIFI_STATE",
            "android.permission.BLUETOOTH",
            "android.permission.BLUETOOTH_ADMIN",
            "android.permission.CAMERA",
            "android.permission.CHANGE_NETWORK_STATE",
            "android.permission.CHANGE_WIFI_STATE",
            "android.permission.FLASHLIGHT",
            "android.permission.FOREGROUND_SERVICE",
            "android.permission.GET_ACCOUNTS",
            "android.permission.INTERNET",
            "android.permission.MODIFY_AUDIO_SETTINGS",
            "android.permission.READ_APP_BADGE",
            "android.permission.READ_CONTACTS",
            "android.permission.READ_EXTERNAL_STORAGE",
            "android.permission.READ_PHONE_STATE",
            "android.permission.READ_PROFILE",
            "android.permission.RECEIVE_BOOT_COMPLETED",
            "android.permission.RECORD_AUDIO",
            "android.permission.REQUEST_INSTALL_PACKAGES",
            "android.permission.VIBRATE",
            "android.permission.WAKE_LOCK",
            "android.permission.WRITE_EXTERNAL_STORAGE",
            "com.anddoes.launcher.permission.UPDATE_COUNT",
            "com.google.android.c2dm.permission.RECEIVE",
            "com.htc.launcher.permission.READ_SETTINGS",
            "com.htc.launcher.permission.UPDATE_SHORTCUT",
            "com.huawei.android.launcher.permission.CHANGE_BADGE",
            "com.huawei.android.launcher.permission.READ_SETTINGS",
            "com.huawei.android.launcher.permission.WRITE_SETTINGS",
            "com.majeur.launcher.permission.UPDATE_BADGE",
            "com.oppo.launcher.permission.READ_SETTINGS",
            "com.oppo.launcher.permission.WRITE_SETTINGS",
            "com.sec.android.provider.badge.permission.READ",
            "com.sec.android.provider.badge.permission.WRITE",
            "com.snapchat.android.permission.C2D_MESSAGE",
            "com.snapchat.android.permission.UPDATE_STICKER_INDEX",
            "com.sonyericsson.home.permission.BROADCAST_BADGE",
            "com.sonymobile.home.permission.PROVIDER_INSERT_BADGE",
            "me.everything.badger.permission.BADGE_COUNT_READ",
            "me.everything.badger.permission.BADGE_COUNT_WRITE"
        ],
        "activities": [
            "com.braintreepayments.api.AndroidPayActivity",
            "com.braintreepayments.api.GooglePaymentActivity",
            "com.braintreepayments.api.threedsecure.ThreeDSecureWebViewActivity",
            "com.brightcove.player.captioning.BrightcoveCaptionPropertiesActivity",
            "com.google.android.gms.ads.AdActivity",
            "com.google.android.gms.common.api.GoogleApiActivity",
            "com.google.ar.core.InstallActivity",
            "com.jakewharton.processphoenix.ProcessPhoenix",
            "com.snap.identity.loginsignup.ui.LoginSignupActivity",
            "com.snap.identity.ui.LoginActivity",
            "com.snap.identity.ui.legal.LegalAgreementActivity",
            "com.snap.mushroom.MainActivity",
            "com.snap.shake2report.ui.CrashViewerActivity",
            "com.snap.shake2report.ui.Shake2ReportActivity",
            "com.snap.stuffing.lib.AppSwitchActivity",
            "com.snap.stuffing.lib.DynamicLaunchActivity",
            "com.snap.talk.lockscreen.LockScreenActivity",
            "com.snap.unstuffing.lib.DataMigrationActivity",
            "net.hockeyapp.android.ExpiryInfoActivity",
            "net.hockeyapp.android.FeedbackActivity",
            "net.hockeyapp.android.LoginActivity",
            "net.hockeyapp.android.PaintActivity",
            "net.hockeyapp.android.UpdateActivity"
        ],
        "services": [
            "androidx.work.impl.background.systemalarm.SystemAlarmService",
            "androidx.work.impl.background.systemjob.SystemJobService",
            "com.braintreepayments.api.internal.AnalyticsIntentService",
            "com.firebase.jobdispatcher.GooglePlayReceiver",
            "com.google.firebase.iid.FirebaseInstanceIdService",
            "com.google.firebase.messaging.FirebaseMessagingService",
            "com.mapbox.services.android.telemetry.service.TelemetryService",
            "com.snap.core.durablejob.DurableJobService",
            "com.snap.core.durablejob.schedulers.direct.FirebasePeriodicWakeUpService",
            "com.snap.framework.startup.BackgroundService",
            "com.snap.identity.loginsignup.RegistrationReengagementNotificationService",
            "com.snap.identity.service.ForcedLogoutService",
            "com.snap.media.rendering.MediaExportService",
            "com.snap.messaging.foregroundService.ScForegroundService",
            "com.snap.notification.service.ClearNotificationIntentService",
            "com.snap.notification.service.MyInstanceIDListenerService",
            "com.snap.notification.service.NotificationService",
            "com.snap.notification.service.RegistrationIntentService",
            "com.snap.notification.service.SnapFirebaseMessagingService",
            "com.snap.spectacles.base.service.SpectaclesService",
            "com.snap.stuffing.lib.StateTrackingService",
            "com.snap.talk.core.BackgroundCallService",
            "com.snapchat.messaging.chat.sccp.service.SecureChatServiceImpl"
        ],
        "receivers": [
            "androidx.work.impl.background.systemalarm.ConstraintProxy$BatteryChargingProxy",
            "androidx.work.impl.background.systemalarm.ConstraintProxy$BatteryNotLowProxy",
            "androidx.work.impl.background.systemalarm.ConstraintProxy$NetworkStateProxy",
            "androidx.work.impl.background.systemalarm.ConstraintProxy$StorageNotLowProxy",
            "androidx.work.impl.background.systemalarm.ConstraintProxyUpdateReceiver",
            "androidx.work.impl.background.systemalarm.RescheduleReceiver",
            "androidx.work.impl.utils.ForceStopRunnable$BroadcastReceiver",
            "com.google.firebase.iid.FirebaseInstanceIdReceiver",
            "com.snap.identity.loginsignup.RegistrationReengagementNotificationMushroomReceiver",
            "com.snap.identity.loginsignup.analytics.InstallReferrerBroadcastReceiver",
            "com.snap.identity.service.ForcedLogoutBroadcastReceiver",
            "com.snap.notification.service.LoginNotificationReceiver"
        ]
    },
    "stats": {
        "dex_count": 7,
        "native_lib_count": 39
    },
    "jadx": {
        "status": "ok",
        "duration_sec": 95.0,
        "sources_present": true,
        "java_file_count": 31284
    },
    "ast_analysis": {
        "location": 11,
        "microphone": 2,
        "camera": 50,
        "media_projection": 2,
        "dynamic_load": 0,
        "jni": 116
    },
    "analysis_state": "complete"
}