{
    "apk_name": "8EA084E52E34865FF4CD22C7AFAFC2BD1DCE944D92BF379D9CF5662584D5769E",
    "sha256": "8ea084e52e34865ff4cd22c7afafc2bd1dce944d92bf379d9cf5662584d5769e",
    "metadata": {
        "package_name": "com.hxb.mobile.client",
        "version_code": "5326",
        "version_name": "5.3.2.6",
        "min_sdk": "21",
        "target_sdk": "28",
        "permissions": [
            "MediaStore.Images.Media.EXTERNAL_CONTENT_URI",
            "MediaStore.Images.Media.INTERNAL_CONTENT_URI",
            "android.hardware.camera.autofocus",
            "android.permission.ACCESS_ASSISTED_GPS",
            "android.permission.ACCESS_COARSE_LOCATION",
            "android.permission.ACCESS_FINE_LOCATION",
            "android.permission.ACCESS_GPS",
            "android.permission.ACCESS_LOCATION",
            "android.permission.ACCESS_LOCATION_EXTRA_COMMANDS",
            "android.permission.ACCESS_NETWORK_STATE",
            "android.permission.ACCESS_WIFI_STATE",
            "android.permission.BAIDU_LOCATION_SERVICE",
            "android.permission.BLUETOOTH",
            "android.permission.BLUETOOTH_ADMIN",
            "android.permission.CALL_PHONE",
            "android.permission.CAMERA",
            "android.permission.CHANGE_NETWORK_STATE",
            "android.permission.CHANGE_WIFI_STATE",
            "android.permission.FLASHLIGHT",
            "android.permission.FOREGROUND_SERVICE",
            "android.permission.GET_TASKS",
            "android.permission.INTERNET",
            "android.permission.MODIFY_AUDIO_SETTINGS",
            "android.permission.MOUNT_FORMAT_FILESYSTEMS",
            "android.permission.READ_CONTACTS",
            "android.permission.READ_EXTERNAL_STORAGE",
            "android.permission.READ_PHONE_STATE",
            "android.permission.READ_SETTINGS",
            "android.permission.READ_SMS",
            "android.permission.RECEIVE_SMS",
            "android.permission.RECORD_AUDIO",
            "android.permission.REORDER_TASKS",
            "android.permission.REQUEST_INSTALL_PACKAGES",
            "android.permission.SYSTEM_ALERT_WINDOW",
            "android.permission.USE_BIOMETRIC",
            "android.permission.USE_FINGERPRINT",
            "android.permission.VIBRATE",
            "android.permission.WAKE_LOCK",
            "android.permission.WRITE_EXTERNAL_STORAGE",
            "android.permission.WRITE_SETTINGS",
            "android.permission.ZTE_HEARTYSERVICE_MANAGEMENT",
            "android.sensitive.action.readapplist",
            "android.sensitive.action.screenshot",
            "com.huawei.android.launcher.permission.CHANGE_BADGE",
            "com.hxb.mobile.client.permission.MIPUSH_RECEIVE",
            "org.fidoalliance.uaf.permissions.FIDO_CLIENT"
        ],
        "activities": [
            "cn.cloudwalk.libproject.LiveActivity",
            "cn.cloudwalk.libproject.LiveResultActivity",
            "cn.cloudwalk.libproject.LiveStartActivity",
            "cn.com.essence.kaihu.EssenceKhActivity",
            "cn.com.essence.kaihu.activity.OpenAccountActivity",
            "cn.com.essence.kaihu.activity.RecordVideoActivity",
            "com.alibaba.wireless.security.open.middletier.fc.ui.ContainerActivity",
            "com.alipay.android.phone.mobilecommon.multimediabiz.biz.live.ARTVCModuleDownloadActivity",
            "com.alipay.android.phone.mobilecommon.multimediabiz.biz.live.LiveDownloadActivity",
            "com.alipay.android.shareassist.ui.QQCallbackActivity",
            "com.alipay.android.shareassist.ui.WeiboAuthActivity",
            "com.alipay.android.shareassist.ui.WeiboCallbackActivity",
            "com.alipay.android.shareassist.ui.WeiboEditActivity",
            "com.alipay.android.shareassist.ui.WeiboFrindListActivity",
            "com.alipay.auth.AuthWeiboActivity",
            "com.alipay.mobile.aompfilemanager.pdf.PdfViewer",
            "com.alipay.mobile.beehive.capture.activity.CaptureActivity",
            "com.alipay.mobile.beehive.capture.activity.LandscapeCaptureActivity",
            "com.alipay.mobile.beehive.capture.activity.LandscapeCaptureForCarInsuranceActivity",
            "com.alipay.mobile.beehive.capture.activity.LandscapeRecordPreview",
            "com.alipay.mobile.beehive.capture.activity.PortraitCaptureActivity",
            "com.alipay.mobile.beehive.capture.activity.PortraitCaptureExtendActivity",
            "com.alipay.mobile.beehive.capture.activity.PortraitRecordPreview",
            "com.alipay.mobile.beehive.capture.activity.RecordPreviewActivity",
            "com.alipay.mobile.beehive.compositeui.multilevel.MultilevelSelectActivity",
            "com.alipay.mobile.beehive.photo.ui.BrowsePhotoAsListActivity",
            "com.alipay.mobile.beehive.photo.ui.PhotoEditActivity",
            "com.alipay.mobile.beehive.photo.ui.PhotoPreviewActivity",
            "com.alipay.mobile.beehive.photo.ui.PhotoSelectActivity",
            "com.alipay.mobile.beehive.photo.ui.VideoPreviewActivity",
            "com.alipay.mobile.beehive.photo.ui.VideoPreviewEditActivity",
            "com.alipay.mobile.core.loading.impl.LoadingPage",
            "com.alipay.mobile.h5plugin.H5MapActivity",
            "com.alipay.mobile.liteprocess.LiteProcessActivity$LiteProcessActivity1",
            "com.alipay.mobile.liteprocess.LiteProcessActivity$LiteProcessActivity2",
            "com.alipay.mobile.liteprocess.LiteProcessActivity$LiteProcessActivity3",
            "com.alipay.mobile.liteprocess.LiteProcessActivity$LiteProcessActivity4",
            "com.alipay.mobile.liteprocess.LiteProcessActivity$LiteProcessActivity5",
            "com.alipay.mobile.nebula.appcenter.apphandler.loadingview.H5LoadingActivity",
            "com.alipay.mobile.nebulaappproxy.activity.MiniProgramOpenSettingActivity",
            "com.alipay.mobile.nebulaappproxy.inside.account.AlipayMiniProgramAuthActivity",
            "com.alipay.mobile.nebulaappproxy.inside.contact.H5ContactTransparentActivity",
            "com.alipay.mobile.nebulaappproxy.ipc.H5ProcessTransActivity",
            "com.alipay.mobile.nebulacore.dev.ui.H5BugMeSettingsActivity",
            "com.alipay.mobile.nebulacore.ui.H5Activity",
            "com.alipay.mobile.nebulacore.ui.H5Activity$H5Activity1",
            "com.alipay.mobile.nebulacore.ui.H5Activity$H5Activity2",
            "com.alipay.mobile.nebulacore.ui.H5Activity$H5Activity3",
            "com.alipay.mobile.nebulacore.ui.H5Activity$H5Activity4",
            "com.alipay.mobile.nebulacore.ui.H5Activity$H5Activity5",
            "com.alipay.mobile.nebulacore.ui.H5FileChooserActivity",
            "com.alipay.mobile.nebulacore.ui.H5MainProcTinyActivity",
            "com.alipay.mobile.nebulacore.ui.H5NebulaAppActivity",
            "com.alipay.mobile.nebulacore.ui.H5NetworkCheckActivity",
            "com.alipay.mobile.nebulacore.ui.H5TransActivity",
            "com.alipay.mobile.nebulacore.ui.H5TransActivity$H5TransActivity0",
            "com.alipay.mobile.nebulacore.ui.H5TransActivity$H5TransActivity1",
            "com.alipay.mobile.nebulacore.ui.H5TransActivity$H5TransActivity2",
            "com.alipay.mobile.nebulacore.ui.H5TransActivity$H5TransActivity3",
            "com.alipay.mobile.nebulacore.ui.H5TransActivity$H5TransActivity4",
            "com.alipay.mobile.nebulacore.ui.H5TransActivity$H5TransActivity5",
            "com.alipay.mobile.nebulacore.ui.H5TransLandscapeActivity",
            "com.alipay.mobile.nebulacore.wallet.H5DevAppActivity",
            "com.alipay.mobile.quinox.activity.StubActivity",
            "com.alipay.mobile.quinox.preload.PreloadFodderActivity",
            "com.alipay.mobile.scansdk.activity.MPaasToolsCaptureActivity",
            "com.alipay.mobile.scansdk.activity.ToolsCaptureActivity",
            "com.alipay.pushsdk.thirdparty.MPaaSNcActivity",
            "com.bangcle.everisk.core.activity.AlertActivity",
            "com.bangcle.everisk.core.c",
            "com.gmrz.appsdk.commlib.IntentHelperActivity",
            "com.gmrz.asm.fp.authui.view.FpActivity",
            "com.google.ar.core.InstallActivity",
            "com.hx.btkey.BtoothModifyAndSetPinActivity",
            "com.hxb.mobile.client.wxapi.WXEntryActivity",
            "com.mpaas.opensdk.auth.AuthHelperActivity",
            "com.mpaas.push.external.hms5.BridgeActivity",
            "com.mpaas.tinyapi.city.view.CitySelectActivity",
            "com.mpaas.tinyapi.location.view.H5ChooseLocationActivity",
            "com.sina.weibo.sdk.share.WbShareResultActivity",
            "com.sina.weibo.sdk.share.WbShareToStoryActivity",
            "com.sina.weibo.sdk.share.WbShareTransActivity",
            "com.sina.weibo.sdk.web.WeiboSdkWebActivity",
            "com.sinovoice.asr.asrrecorder.AllSearchResultInOneTypeActivity",
            "com.sinovoice.asr.asrrecorder.QuestionDetailsActivity",
            "com.sinovoice.asr.asrrecorder.RobotActivity",
            "com.sinovoice.asr.asrrecorder.RobotSearchActivity",
            "com.tencent.connect.common.AssistActivity",
            "com.tencent.tauth.AuthActivity",
            "com.vivo.push.sdk.LinkProxyClientActivity",
            "com.yanzhenjie.permission.bridge.BridgeActivity",
            "com.yt.barrierfree.allmenu.ui.OlderAllMenuActivity",
            "com.yt.barrierfree.allmenu.ui.OlderEditMenuActivity",
            "com.yt.barrierfree.login.BarrierfreeLoginActivity",
            "com.yt.barrierfree.login.BarrierfreeLoginTypeActivity",
            "com.yt.barrierfree.login.SetFidoExampleActivity",
            "com.yt.barrierfree.login.SetGuestureExampleActivity",
            "com.yt.barrierfree.login.SetGuestureFidoLoginWelcomeActivity",
            "com.yt.barrierfree.login.SetGuestureLoginActivity",
            "com.yt.barrierrobot.BFRobotActivity",
            "com.yt.hxmb50.BusinessManage.BusinessBankCardActivity",
            "com.yt.hxmb50.BusinessManage.BusinessIDCardActivity",
            "com.yt.hxmb50.NativeActivity",
            "com.yt.hxmb50.activity.AllMenuActivity",
            "com.yt.hxmb50.activity.ArgeementActivity",
            "com.yt.hxmb50.activity.ChangeEnvActivity",
            "com.yt.hxmb50.activity.ChangeVersionActivity",
            "com.yt.hxmb50.activity.CheckMoreLifeSpecialSubjectItemsActivity",
            "com.yt.hxmb50.activity.CityListActivity",
            "com.yt.hxmb50.activity.CitySelectActivity",
            "com.yt.hxmb50.activity.CropActivity",
            "com.yt.hxmb50.activity.CrossBorderPayeeListActivity",
            "com.yt.hxmb50.activity.DrivingCardActivity",
            "com.yt.hxmb50.activity.EditMenuActivity",
            "com.yt.hxmb50.activity.ElectPurchaseActivity",
            "com.yt.hxmb50.activity.ElectronicActivity",
            "com.yt.hxmb50.activity.EmbeddedWebViewActivity",
            "com.yt.hxmb50.activity.FaceRecognitionFailActivity",
            "com.yt.hxmb50.activity.FaceRecognitionReadyActivity",
            "com.yt.hxmb50.activity.HWRelatedPageActivity",
            "com.yt.hxmb50.activity.IDCardActivity",
            "com.yt.hxmb50.activity.ImageEditActivity",
            "com.yt.hxmb50.activity.MarketingActivity",
            "com.yt.hxmb50.activity.NotaxPaymentRecieptActivity",
            "com.yt.hxmb50.activity.OcrActivity",
            "com.yt.hxmb50.activity.PdfLoadActivity",
            "com.yt.hxmb50.activity.PushActivity",
            "com.yt.hxmb50.activity.ScanActivity",
            "com.yt.hxmb50.activity.ScanPayInActivity",
            "com.yt.hxmb50.activity.SearchCommonActivity",
            "com.yt.hxmb50.activity.SearchCrossBorderPayeeListActivity",
            "com.yt.hxmb50.activity.SetFaceActivity",
            "com.yt.hxmb50.activity.SetFaceReadyActivity",
            "com.yt.hxmb50.activity.SetFingerPrintActivity",
            "com.yt.hxmb50.activity.SetGestureActivity",
            "com.yt.hxmb50.activity.SetPayInMoneyActivity",
            "com.yt.hxmb50.activity.ShowFiduciaryPdfActivity",
            "com.yt.hxmb50.activity.ShowPdfActivity",
            "com.yt.hxmb50.activity.TakePhotoActivity",
            "com.yt.hxmb50.activity.UpGradeActivity",
            "com.yt.hxmb50.activity.VocalLoginActivity",
            "com.yt.hxmb50.activity.VocalPrintActivity",
            "com.yt.hxmb50.launcher.LauncherActivity",
            "com.yt.hxmb50.launcher.MainActivity",
            "com.yt.hxmb50.login.LoginActivity",
            "com.yt.hxmb50.login.LoginTypeActivity",
            "com.yt.hxmb50.scan.CustomScanActivity",
            "essclib.esscpermission.bridge.BridgeActivity",
            "exocr.bankcard.CardRecoActivity",
            "exocr.capture.CaptureActivity",
            "exocr.capture.EditActivity",
            "exocr.capture.ShowAcitivity",
            "exocr.cardrec.CaptureActivity",
            "exocr.idcard.CaptureActivity",
            "exocr.vecard.CaptureActivity",
            "hc.mhis.paic.com.essclibrary.activity.ESSCFaceDetectActivity",
            "hc.mhis.paic.com.essclibrary.activity.ESSCMainActivity",
            "hc.mhis.paic.com.essclibrary.activity.ESSCScanCodeActivity"
        ],
        "services": [
            "com.alipay.android.phone.mobilecommon.dynamicrelease.DynamicReleaseProcessService",
            "com.alipay.android.phone.mobilecommon.dynamicrelease.DynamicReleaseRequestService",
            "com.alipay.android.phone.mobilesdk.apm.service.APMInnerService",
            "com.alipay.mobile.android.security.upgrade.download.normal.UpgradeExternalDownloadIntentService",
            "com.alipay.mobile.common.fgbg.FgBgMonitorService",
            "com.alipay.mobile.common.logging.process.LogServiceInMainProcess",
            "com.alipay.mobile.common.logging.process.LogServiceInPushProcess",
            "com.alipay.mobile.common.logging.process.LogServiceInToolsProcess",
            "com.alipay.mobile.common.logging.process.LogServiceInlite1",
            "com.alipay.mobile.common.logging.process.LogServiceInlite2",
            "com.alipay.mobile.common.logging.process.LogServiceInlite3",
            "com.alipay.mobile.common.logging.process.LogServiceInlite4",
            "com.alipay.mobile.common.logging.process.LogServiceInlite5",
            "com.alipay.mobile.liteprocess.LiteProcessService$LiteProcessService1",
            "com.alipay.mobile.liteprocess.LiteProcessService$LiteProcessService2",
            "com.alipay.mobile.liteprocess.LiteProcessService$LiteProcessService3",
            "com.alipay.mobile.liteprocess.LiteProcessService$LiteProcessService4",
            "com.alipay.mobile.liteprocess.LiteProcessService$LiteProcessService5",
            "com.alipay.mobile.liteprocess.ipc.IpcCallServer",
            "com.alipay.mobile.liteprocess.ipc.IpcMsgServer",
            "com.alipay.mobile.logmonitor.ClientMonitorService",
            "com.alipay.mobile.quinox.classloader.DexOptServiceInToolsProcess",
            "com.alipay.mobile.quinox.preload.ExcaliburService",
            "com.alipay.mobile.quinox.preload.MainPldService",
            "com.alipay.mobile.quinox.preload.PreloadService",
            "com.alipay.mobile.rome.syncsdk.service.LongLinkService",
            "com.alipay.pushsdk.push.AppInfoRecvIntentService",
            "com.alipay.pushsdk.push.NotificationService",
            "com.amap.api.location.APSService",
            "com.baidu.location.f",
            "com.mpaas.push.external.hms5.HmsMessagingService",
            "com.vivo.push.sdk.service.CommandClientService",
            "com.xiaomi.mipush.sdk.MessageHandleService",
            "com.xiaomi.mipush.sdk.PushMessageHandler",
            "com.xiaomi.push.service.XMJobService",
            "com.xiaomi.push.service.XMPushService",
            "com.yt.hxmb50.push.PushMsgService",
            "org.altbeacon.beacon.service.ScanJob"
        ],
        "receivers": [
            "com.alipay.android.phone.mobilecommon.dynamicrelease.SyncConfigReceiver",
            "com.alipay.mobile.common.logging.process.LogReceiverInToolsProcess",
            "com.alipay.mobile.logmonitor.ClientMonitorExtReceiver",
            "com.alipay.mobile.logmonitor.ClientMonitorWakeupReceiver",
            "com.alipay.mobile.logmonitor.TraceStubReceiver",
            "com.alipay.mobile.nebulaappproxy.inside.account.MiniProgramAuthService",
            "com.alipay.pushsdk.BroadcastActionReceiver",
            "com.alipay.pushsdk.thirdparty.vivo.PushMessageReceiver",
            "com.alipay.pushsdk.thirdparty.xiaomi.XiaoMiMsgReceiver",
            "com.alipay.pushsdk.ui.UserActionReceiver",
            "com.sinovoice.hcicloudsdk.common.NetWorkChangeReceiver",
            "com.xiaomi.push.service.receivers.NetworkStatusReceiver",
            "com.xiaomi.push.service.receivers.PingReceiver",
            "com.yt.hxmb50.shortmessagebackfill.SMSBroadcastReceiver"
        ]
    },
    "stats": {
        "dex_count": 2,
        "native_lib_count": 161
    },
    "jadx": {
        "status": "ok",
        "duration_sec": 9.22,
        "sources_present": true,
        "java_file_count": 560
    },
    "ast_analysis": {
        "location": 0,
        "microphone": 0,
        "camera": 2,
        "media_projection": 0,
        "dynamic_load": 0,
        "jni": 1
    },
    "analysis_state": "complete"
}