{
    "java_files": [
        "a/auu/a.java",
        "com/yiche/autoeasy/R.java",
        "com/netease/nis/wrapper/l.java",
        "com/netease/nis/wrapper/g.java",
        "com/netease/nis/wrapper/d.java",
        "com/netease/nis/wrapper/Utils.java",
        "com/netease/nis/wrapper/k.java",
        "com/netease/nis/wrapper/b.java",
        "com/netease/nis/wrapper/NEDialog.java",
        "com/netease/nis/wrapper/MyApplication.java",
        "com/netease/nis/wrapper/a.java",
        "com/netease/nis/wrapper/e.java",
        "com/netease/nis/wrapper/f.java",
        "com/netease/nis/wrapper/c.java",
        "com/netease/nis/wrapper/MyJni.java",
        "com/netease/nis/wrapper/m.java",
        "com/netease/nis/wrapper/j.java",
        "com/netease/nis/wrapper/Entry.java",
        "com/netease/nis/wrapper/h.java",
        "com/netease/nis/wrapper/i.java",
        "com/netease/nis/wrapper/plugin/g.java",
        "com/netease/nis/wrapper/plugin/d.java",
        "com/netease/nis/wrapper/plugin/InstrumentationProxy.java",
        "com/netease/nis/wrapper/plugin/b.java",
        "com/netease/nis/wrapper/plugin/a.java",
        "com/netease/nis/wrapper/plugin/e.java",
        "com/netease/nis/wrapper/plugin/f.java",
        "com/netease/nis/wrapper/plugin/c.java",
        "com/netease/nis/wrapper/plugin/h.java",
        "com/netease/nis/wrapper/plugin/i.java",
        "androidx/core/app/CoreComponentFactory.java"
    ],
    "ast_hits_by_file": {
        "location": [],
        "microphone": [],
        "camera": [
            "com/netease/nis/wrapper/MyJni.java",
            "com/netease/nis/wrapper/MyJni.java",
            "com/netease/nis/wrapper/plugin/e.java"
        ],
        "media_projection": [],
        "dynamic_load": [],
        "jni": [
            "com/netease/nis/wrapper/l.java",
            "com/netease/nis/wrapper/l.java",
            "com/netease/nis/wrapper/plugin/a.java"
        ]
    },
    "native_libs": [
        "lib/armeabi/libmmkv.so",
        "lib/armeabi/libCtaApiLib.so",
        "lib/armeabi/libjcore282.so",
        "lib/armeabi/libmsaoaidauth.so",
        "lib/armeabi/libtxffmpeg.so",
        "lib/armeabi/libgetuiext3.so",
        "lib/armeabi/libmsaoaidsec.so",
        "lib/armeabi/libRongIMLib.so",
        "lib/armeabi/libsoundtouch.so",
        "lib/armeabi/liblocSDK8a.so",
        "lib/armeabi/libgnustl_shared.so",
        "lib/armeabi/libed25519.so",
        "lib/armeabi/libweibosdkcore.so",
        "lib/armeabi/libWXVoice.so",
        "lib/armeabi/libsqlite.so",
        "lib/armeabi/libc++_shared.so",
        "lib/armeabi/libwind.so",
        "lib/armeabi/libliteavsdk.so",
        "lib/armeabi/libtraeimp-rtmp.so",
        "lib/armeabi/libtxplayer.so",
        "lib/armeabi/liblesender.so",
        "lib/armeabi/libtxsdl.so",
        "lib/armeabi/libumeng-spy.so",
        "lib/armeabi/libQt.so",
        "lib/armeabi/libmp3lame.so",
        "lib/armeabi/libneguard.so",
        "lib/armeabi/libnesec.so"
    ],
    "dex_files_count": 1,
    "exported_components": {
        "activities": [
            "cn.jpush.android.service.DActivity",
            "cn.jpush.android.service.JNotifyActivity",
            "cn.jpush.android.ui.PopWinActivity",
            "cn.jpush.android.ui.PushActivity",
            "com.alipay.sdk.app.AlipayResultActivity",
            "com.alipay.sdk.app.H5AuthActivity",
            "com.alipay.sdk.app.H5PayActivity",
            "com.alipay.sdk.app.PayResultActivity",
            "com.bitauto.carmodel.calcuator.CalculatorActivity",
            "com.bitauto.carmodel.view.activity.ArCarModelListActivity",
            "com.bitauto.carmodel.view.activity.BigImageBrowseActivity",
            "com.bitauto.carmodel.view.activity.BrandIntroduceActivity",
            "com.bitauto.carmodel.view.activity.BrandListActivity",
            "com.bitauto.carmodel.view.activity.CarBigImageModeActivity",
            "com.bitauto.carmodel.view.activity.CarCabinActivity",
            "com.bitauto.carmodel.view.activity.CarCompareActivity",
            "com.bitauto.carmodel.view.activity.CarDealerDetailActivity",
            "com.bitauto.carmodel.view.activity.CarDealerMapBrowseActivity",
            "com.bitauto.carmodel.view.activity.CarDealerPriceActivity",
            "com.bitauto.carmodel.view.activity.CarDifferenceConfigActivity",
            "com.bitauto.carmodel.view.activity.CarDifferenceConfigDetailActivity",
            "com.bitauto.carmodel.view.activity.CarDifferenceConfigImageDetailActivity",
            "com.bitauto.carmodel.view.activity.CarDifferenceConfigImageDetailNewActivity",
            "com.bitauto.carmodel.view.activity.CarImageCarStylePickActivity",
            "com.bitauto.carmodel.view.activity.CarImageColorPickActivity",
            "com.bitauto.carmodel.view.activity.CarImageParamsBigPhotoActivity",
            "com.bitauto.carmodel.view.activity.CarImageParamsCompareActivity",
            "com.bitauto.carmodel.view.activity.CarImageVideoVrActivity",
            "com.bitauto.carmodel.view.activity.CarListTopicDetailActivity",
            "com.bitauto.carmodel.view.activity.CarMasterEquityActivity",
            "com.bitauto.carmodel.view.activity.CarMasterEquityBagDetailsActivity",
            "com.bitauto.carmodel.view.activity.CarMasterEquityDetailsActivity",
            "com.bitauto.carmodel.view.activity.CarMasterEquitySelectActivity",
            "com.bitauto.carmodel.view.activity.CarModelDifferenceActivity",
            "com.bitauto.carmodel.view.activity.CarModelEvaluationActivity",
            "com.bitauto.carmodel.view.activity.CarModelIntroduceActivity",
            "com.bitauto.carmodel.view.activity.CarNewEnergyFragmentListActivity",
            "com.bitauto.carmodel.view.activity.CarPromotionDetailActivity",
            "com.bitauto.carmodel.view.activity.CarSelectorActivity",
            "com.bitauto.carmodel.view.activity.CarSelectorDetailActivity",
            "com.bitauto.carmodel.view.activity.CarSelectorSearchActivity",
            "com.bitauto.carmodel.view.activity.CarStyleDetailActivity",
            "com.bitauto.carmodel.view.activity.CarmodelChedanDetailActivity",
            "com.bitauto.carmodel.view.activity.CarmodelGuidanceActivity",
            "com.bitauto.carmodel.view.activity.CarsDifConfigActivity",
            "com.bitauto.carmodel.view.activity.CarsParamsPicListActivity",
            "com.bitauto.carmodel.view.activity.CompareCarChangeActivity",
            "com.bitauto.carmodel.view.activity.CompareResultActivity",
            "com.bitauto.carmodel.view.activity.EnergyAllFeatureActivity",
            "com.bitauto.carmodel.view.activity.FastSelCarActivity",
            "com.bitauto.carmodel.view.activity.FilterRankListActivity",
            "com.bitauto.carmodel.view.activity.HarassmentActivity",
            "com.bitauto.carmodel.view.activity.HomeCarDeatilActivity",
            "com.bitauto.carmodel.view.activity.IdentifyCarActivity",
            "com.bitauto.carmodel.view.activity.ImportCarDetailActivity",
            "com.bitauto.carmodel.view.activity.ImportCarListActivity",
            "com.bitauto.carmodel.view.activity.ImportConditionsCarActivity",
            "com.bitauto.carmodel.view.activity.ImportImageDetailActivity",
            "com.bitauto.carmodel.view.activity.ImportSerialListActivity",
            "com.bitauto.carmodel.view.activity.LandscapeH5Activity",
            "com.bitauto.carmodel.view.activity.MarketCarActivity",
            "com.bitauto.carmodel.view.activity.NCAPDetailActivity",
            "com.bitauto.carmodel.view.activity.NR5gActivity",
            "com.bitauto.carmodel.view.activity.NearDealersWithMapActivity",
            "com.bitauto.carmodel.view.activity.NewFilterBrandActivity",
            "com.bitauto.carmodel.view.activity.NewSelCarConfigActivity",
            "com.bitauto.carmodel.view.activity.NewSelectCarActivity",
            "com.bitauto.carmodel.view.activity.OTACarUpDateActivity",
            "com.bitauto.carmodel.view.activity.OfficialVideoListActivity",
            "com.bitauto.carmodel.view.activity.OfficialWebsiteActivity",
            "com.bitauto.carmodel.view.activity.PictureComparisonActivity",
            "com.bitauto.carmodel.view.activity.ProvinceDealerListActivity",
            "com.bitauto.carmodel.view.activity.QActivity",
            "com.bitauto.carmodel.view.activity.RankBrandConditionActivity",
            "com.bitauto.carmodel.view.activity.RankBrandConditionNewActivity",
            "com.bitauto.carmodel.view.activity.RankListActivity",
            "com.bitauto.carmodel.view.activity.RankZBYDetailActivity",
            "com.bitauto.carmodel.view.activity.RankingListActivity",
            "com.bitauto.carmodel.view.activity.SameLevelListActivity",
            "com.bitauto.carmodel.view.activity.SerialListActivity",
            "com.bitauto.carmodel.view.activity.UsedCarListActivity",
            "com.bitauto.carmodel.view.activity.gallery.OwnerAlbumTopicDetailActivity",
            "com.bitauto.carmodel.view.activity.gallery.OwnerShotBigImageActivity",
            "com.bitauto.carmodel.view.fragment.params.CarModelSimpleParamActivity",
            "com.bitauto.carmodel.widget.dialog.AskSellerDialogActivity",
            "com.bitauto.carmodel.widget.dialog.SameLevelCarDialog",
            "com.bitauto.carmodel.widget.evaluation.CarModelEvaluationBrakingChartDialog",
            "com.bitauto.carmodel.widget.evaluation.CarModelEvaluationMaintainRecordsDetailDialog",
            "com.bitauto.carmodel.widget.evaluation.CarModelEvaluationSameLevelDialog",
            "com.bitauto.carmodel.widget.evaluation.CarModelEvaluationVideoBottomDialog",
            "com.bitauto.carmodel.widget.evaluation.EvaluationBigImageActivity",
            "com.bitauto.carservice.ocr.ui.CameraActivity",
            "com.bitauto.carservice.view.activity.AddCarSuccessActivity",
            "com.bitauto.carservice.view.activity.BuyPackageActivity",
            "com.bitauto.carservice.view.activity.CarServiceCertificationActivity",
            "com.bitauto.carservice.view.activity.CarServiceDialogActivity",
            "com.bitauto.carservice.view.activity.CarServiceEditCarActivity",
            "com.bitauto.carservice.view.activity.ChargeActivity",
            "com.bitauto.carservice.view.activity.ChargeChargingActivity",
            "com.bitauto.carservice.view.activity.ChargeCostConfirmationActivity",
            "com.bitauto.carservice.view.activity.ChargeOrderDetailActivity",
            "com.bitauto.carservice.view.activity.ChargePileDetailActivity",
            "com.bitauto.carservice.view.activity.ChargeProticeActivity",
            "com.bitauto.carservice.view.activity.ChargeScanFailResultActivity",
            "com.bitauto.carservice.view.activity.ChargeStartingActivity",
            "com.bitauto.carservice.view.activity.CheckViolationCarListActivity",
            "com.bitauto.carservice.view.activity.CheckViolationResultDetailActivity",
            "com.bitauto.carservice.view.activity.CheckViolationResultListActivity",
            "com.bitauto.carservice.view.activity.CouponListActivity",
            "com.bitauto.carservice.view.activity.CouponObtainActivity",
            "com.bitauto.carservice.view.activity.FullServiceActivity",
            "com.bitauto.carservice.view.activity.MarketingAddCarActivity",
            "com.bitauto.carservice.view.activity.MyLoveCarActivity",
            "com.bitauto.carservice.view.activity.ProvinceKeyBoardActivity",
            "com.bitauto.carservice.view.activity.RefuelDetailActivity",
            "com.bitauto.carservice.view.activity.RefuelListActivity",
            "com.bitauto.carservice.view.activity.UserBuyMemberActivity",
            "com.bitauto.carservice.view.activity.XiaoYiRobotActivity",
            "com.bitauto.carservice.view.activity.YangCheCalculatorActivity",
            "com.bitauto.clues.view.activity.AskPriceTransactionSuccessActivity",
            "com.bitauto.clues.view.activity.CarOnMarketRemindActivity",
            "com.bitauto.clues.view.activity.CluesDriverTestAvtivity",
            "com.bitauto.clues.view.activity.CommitRedPacketActivity",
            "com.bitauto.clues.view.activity.ComplexOrderDriverDialogActivity",
            "com.bitauto.clues.view.activity.CurrencyDealersListActivity",
            "com.bitauto.clues.view.activity.DealerLoanActivity",
            "com.bitauto.clues.view.activity.DealerLoanDialogActivity",
            "com.bitauto.clues.view.activity.DealerSelectActivity",
            "com.bitauto.clues.view.activity.DealerSelectDialogActivity",
            "com.bitauto.clues.view.activity.GiftCouponDetailActivity",
            "com.bitauto.clues.view.activity.GiftCouponPushActivity",
            "com.bitauto.clues.view.activity.GiftDealersListActivity",
            "com.bitauto.clues.view.activity.OrderDriverActivity",
            "com.bitauto.clues.view.activity.OrderDriverDialogActivity",
            "com.bitauto.clues.view.activity.PriceAskActivity",
            "com.bitauto.clues.view.activity.PriceAskAdvertiserActivity",
            "com.bitauto.clues.view.activity.PriceAskDialogActivity",
            "com.bitauto.clues.view.activity.PriceAskDialogTestActivity",
            "com.bitauto.clues.view.activity.PriceAskNewAdvertiserActivity",
            "com.bitauto.clues.view.activity.PriceAskSimpleDialogActivity",
            "com.bitauto.clues.view.activity.PriceAskSuccessActivity",
            "com.bitauto.clues.view.activity.PriceAskTransactionDialogActivity",
            "com.bitauto.clues.view.activity.PriceAskYiCheHuiDialogActivity",
            "com.bitauto.clues.view.activity.PriceAskZNXZDialogActivity",
            "com.bitauto.clues.view.activity.PriceLoanActivity",
            "com.bitauto.clues.view.activity.PriceLoanSuccessActivity",
            "com.bitauto.clues.view.activity.PriceLoanYiCheHuiActivity",
            "com.bitauto.clues.view.activity.PriceReducedAlertActivity",
            "com.bitauto.clues.view.activity.QueryPriceSuccessActivity",
            "com.bitauto.clues.view.activity.RedPacketListActivity",
            "com.bitauto.clues.view.activity.SameLevelCarDialogActivity",
            "com.bitauto.clues.view.activity.StoreRedPacketActivity",
            "com.bitauto.clues.view.activity.YCHDealerSelectActivity",
            "com.bitauto.clues.view.activity.YchUploadInvoiceActivity",
            "com.bitauto.clues.view.activity.YiPaiRedPacketDetailActivity",
            "com.bitauto.emoji.AttentionListActivity",
            "com.bitauto.interaction.forum.activity.ActivityTemplateActivity",
            "com.bitauto.interaction.forum.activity.ForumActiveActivity",
            "com.bitauto.interaction.forum.activity.ForumAllActivity",
            "com.bitauto.interaction.forum.activity.ForumEventActivity",
            "com.bitauto.interaction.forum.activity.ForumListActivity",
            "com.bitauto.interaction.forum.activity.ForumModeratorApplyForActivity",
            "com.bitauto.interaction.forum.activity.ForumModeratorIntegralActivity",
            "com.bitauto.interaction.forum.activity.ForumModeratorRuleActivity",
            "com.bitauto.interaction.forum.activity.ForumPermissionDeletePostActivity",
            "com.bitauto.interaction.forum.activity.ForumPolymerizationActivity",
            "com.bitauto.interaction.forum.activity.ForumPunchedListActivity",
            "com.bitauto.interaction.forum.activity.ForumQaListActivity",
            "com.bitauto.interaction.forum.activity.ForumRidersAndPunchedActivity",
            "com.bitauto.interaction.forum.activity.ForumSearchActivity",
            "com.bitauto.interaction.forum.activity.ForumSettingActivity",
            "com.bitauto.interaction.forum.activity.ForumUserMessageActivity",
            "com.bitauto.interaction.forum.activity.HotPostActivity",
            "com.bitauto.interaction.forum.activity.MicroForumListActivity",
            "com.bitauto.interaction.forum.activity.MicroPostPublicActivity",
            "com.bitauto.interaction.forum.activity.PicSortActivity",
            "com.bitauto.interaction.forum.activity.PostDetailNewActivity",
            "com.bitauto.interaction.forum.activity.PostReplyDetailActivity",
            "com.bitauto.interaction.forum.activity.PostSettingActivity",
            "com.bitauto.interaction.forum.activity.PostTopicListActivity",
            "com.bitauto.interaction.forum.activity.PublicActivityPostActivity",
            "com.bitauto.interaction.forum.activity.PublicPostActivity",
            "com.bitauto.interaction.forum.activity.PublicPostPicRotationActivity",
            "com.bitauto.interaction.forum.activity.PublicPostTagListActivity",
            "com.bitauto.interaction.forum.activity.PublicReplyPostActivity",
            "com.bitauto.interaction.forum.activity.RankingListActivity",
            "com.bitauto.interaction.forum.activity.RecordFuelActivity",
            "com.bitauto.interaction.forum.activity.RuleActivity",
            "com.bitauto.interaction.forum.activity.VideoActivity",
            "com.bitauto.interaction.forum.activity.ZlrListActivity",
            "com.bitauto.interaction_evaluation.activity.CarAppraiseDetailActivity",
            "com.bitauto.interaction_evaluation.activity.CarAppraiseImageDetailActivity",
            "com.bitauto.interaction_evaluation.activity.CarAppraiseModelSortActivity",
            "com.bitauto.interaction_evaluation.activity.CarPublishAppraiseNewActivity",
            "com.bitauto.interaction_evaluation.activity.CarPublishAppraiseSupplementActivity",
            "com.bitauto.interactionbase.activity.PictureTagReviewActivity",
            "com.bitauto.invoice.view.InvoiceBigImageH5Activity",
            "com.bitauto.invoice.view.InvoiceDetailActivity",
            "com.bitauto.invoice.view.InvoiceHomeActivity",
            "com.bitauto.invoice.view.InvoicePhotoActivity",
            "com.bitauto.invoice.view.InvoicePriceListActivity",
            "com.bitauto.invoice.view.InvoicePriceSerialListActivity",
            "com.bitauto.invoice.view.InvoicePublishActivity",
            "com.bitauto.invoice.view.InvoicePublishFinalActivity",
            "com.bitauto.invoice.view.InvoiceSearchActivity",
            "com.bitauto.invoice.view.TransactionPriceActivity",
            "com.bitauto.invoice.view.TransactionPriceAllCarsActivity",
            "com.bitauto.invoice.view.TransactionPriceTicketActivity",
            "com.bitauto.lib.player.activity.LeLinkDeviceActivity",
            "com.bitauto.libcommon.address.view.CarCityChooseActivity",
            "com.bitauto.libcommon.address.view.CarCitySearchActivity",
            "com.bitauto.libcommon.commentsystem.activity.CommentDetailActivity",
            "com.bitauto.libcommon.countrycode.CountryCodeChooseActivity",
            "com.bitauto.libcommon.qr.QrEntryActivity",
            "com.bitauto.libcommon.rxresult.HolderActivity",
            "com.bitauto.libcommon.webview.BPWebViewActivity",
            "com.bitauto.libgallery.activity.BpGalleryActivity",
            "com.bitauto.libinteraction_qa.activity.CarReportDetailActivity",
            "com.bitauto.libinteraction_qa.activity.QaAllListActivity",
            "com.bitauto.libinteraction_qa.activity.QuestionDetailActivity",
            "com.bitauto.libinteraction_qa.activity.RepleyQaDetailActivity",
            "com.bitauto.libinteraction_qa.activity.SaveAnswerActivity",
            "com.bitauto.libinteraction_qa.activity.SaveQuestionActivity",
            "com.bitauto.libinteraction_qa.activity.TopicDetailActivity",
            "com.bitauto.libinteraction_zone.activity.TopicListActivity",
            "com.bitauto.libinteraction_zone.activity.ZoneDetailActivity",
            "com.bitauto.libinteraction_zone.activity.ZoneDynamicListActvity",
            "com.bitauto.libinteraction_zone.activity.ZonePublicActivity",
            "com.bitauto.libzxing.QrCodeActivity",
            "com.bitauto.live.anchor.activity.AnchorDetailActivity",
            "com.bitauto.live.anchor.activity.CommodityBagActivity",
            "com.bitauto.live.anchor.activity.LiveOverActivity",
            "com.bitauto.live.anchor.activity.LivePusherActivity",
            "com.bitauto.live.anchor.activity.LivePusherActivityVertial",
            "com.bitauto.live.audience.activity.FloatWindowPermissionActivity",
            "com.bitauto.motorcycle.view.activity.DealerListActivity",
            "com.bitauto.motorcycle.view.activity.ImageDetailActivity",
            "com.bitauto.motorcycle.view.activity.ImageListActivity",
            "com.bitauto.motorcycle.view.activity.MotorcycleCompareActivity",
            "com.bitauto.motorcycle.view.activity.MotorcycleFilterBrandActivity",
            "com.bitauto.motorcycle.view.activity.MotorcycleFilterConfigActivity",
            "com.bitauto.motorcycle.view.activity.MotorcycleIntroduceActivity",
            "com.bitauto.motorcycle.view.activity.MotorcycleParamActivity",
            "com.bitauto.motorcycle.view.activity.MotorcycleSelectorActivity",
            "com.bitauto.motorcycle.view.activity.MotorcycleSelectorDetailActivity",
            "com.bitauto.motorcycle.view.activity.SelectMotorcycleActivity",
            "com.bitauto.motorcycle.view.activity.SerialListActivity",
            "com.bitauto.msgcenter.activity.ChatShareActivity",
            "com.bitauto.msgcenter.activity.CreateGroupChatActivity",
            "com.bitauto.msgcenter.activity.InteractiveMessageActivity",
            "com.bitauto.msgcenter.activity.MsgCenterIndexActivity",
            "com.bitauto.msgcenter.activity.NewsSettingActivity",
            "com.bitauto.msgcenter.activity.UserMessageListFragmentActivity",
            "com.bitauto.news.activity.AuthorListActivity",
            "com.bitauto.news.activity.CarSelectActivity",
            "com.bitauto.news.activity.CarVideoMergeActivity",
            "com.bitauto.news.activity.ChatListActivity",
            "com.bitauto.news.activity.ColumnListActivity",
            "com.bitauto.news.activity.ContinuousPlayActivity",
            "com.bitauto.news.activity.CyclopediaActivity",
            "com.bitauto.news.activity.FontSizeSettingsActivity",
            "com.bitauto.news.activity.HotTopicGroupActivity",
            "com.bitauto.news.activity.KnowledgeBaseActivity",
            "com.bitauto.news.activity.KnowledgeBaseListActivity",
            "com.bitauto.news.activity.LiveAllBrandActivity",
            "com.bitauto.news.activity.LiveCoverActivity",
            "com.bitauto.news.activity.LiveOverViewActivity",
            "com.bitauto.news.activity.MyLiveActivity",
            "com.bitauto.news.activity.MyProgrammesActivity",
            "com.bitauto.news.activity.NewTabSortActivity",
            "com.bitauto.news.activity.NewsCityActivity",
            "com.bitauto.news.activity.NewsColumnActivity",
            "com.bitauto.news.activity.NewsDetialActivity",
            "com.bitauto.news.activity.NewsPartnerDetailActivity",
            "com.bitauto.news.activity.ProgramDetailActivity",
            "com.bitauto.news.activity.PublishActivity",
            "com.bitauto.news.activity.RecommendUserActivity",
            "com.bitauto.news.activity.RelatedAlbumActivity",
            "com.bitauto.news.activity.TopAdActivity",
            "com.bitauto.news.activity.TopicDetailActivity",
            "com.bitauto.news.activity.TopicListActivity",
            "com.bitauto.news.activity.TopicListNewActivity",
            "com.bitauto.news.activity.TopicSquareActivity",
            "com.bitauto.news.activity.VideoDetailActivity",
            "com.bitauto.news.activity.VideoPlayActivity",
            "com.bitauto.news.activity.WatchLiveActivity",
            "com.bitauto.news.activity.WeMediaAlbumActivity",
            "com.bitauto.personalcenter.activity.BigAvatarActivity",
            "com.bitauto.personalcenter.activity.BindThirdActivity",
            "com.bitauto.personalcenter.activity.BlackListActivity",
            "com.bitauto.personalcenter.activity.CancellationActivity",
            "com.bitauto.personalcenter.activity.CarCoinActivity",
            "com.bitauto.personalcenter.activity.ChangeIconActivity",
            "com.bitauto.personalcenter.activity.ChatListActivity",
            "com.bitauto.personalcenter.activity.CollectionActivity",
            "com.bitauto.personalcenter.activity.CouponObtainActivity",
            "com.bitauto.personalcenter.activity.DraftboxActivity",
            "com.bitauto.personalcenter.activity.FeedBackActivity",
            "com.bitauto.personalcenter.activity.FeedBackDetailActivity",
            "com.bitauto.personalcenter.activity.FeedBackHistoryActivity",
            "com.bitauto.personalcenter.activity.FeedbackSubmitActivity",
            "com.bitauto.personalcenter.activity.FootprintsActivity",
            "com.bitauto.personalcenter.activity.InstallPermissionActivity",
            "com.bitauto.personalcenter.activity.LiveBroadcastListActivity",
            "com.bitauto.personalcenter.activity.LiveCoverActivity",
            "com.bitauto.personalcenter.activity.MedalDetailActivity",
            "com.bitauto.personalcenter.activity.MedalRuleActivity",
            "com.bitauto.personalcenter.activity.MedalWallActivity",
            "com.bitauto.personalcenter.activity.MedalWearActivity",
            "com.bitauto.personalcenter.activity.MemberActivity",
            "com.bitauto.personalcenter.activity.MyFollowActivity",
            "com.bitauto.personalcenter.activity.MyRelationActivity",
            "com.bitauto.personalcenter.activity.PermissionSettingActivity",
            "com.bitauto.personalcenter.activity.PersonalCenterActivity",
            "com.bitauto.personalcenter.activity.PersonalMyOrderActivity",
            "com.bitauto.personalcenter.activity.PhoneVerifyActivity",
            "com.bitauto.personalcenter.activity.ReceiveAwardTipActivity",
            "com.bitauto.personalcenter.activity.RobCoinActivity",
            "com.bitauto.personalcenter.activity.SetNicknameActivity",
            "com.bitauto.personalcenter.activity.SetRealNameActivity",
            "com.bitauto.personalcenter.activity.SetSurnameActivity",
            "com.bitauto.personalcenter.activity.SettingAboutActivity",
            "com.bitauto.personalcenter.activity.SettingActivity",
            "com.bitauto.personalcenter.activity.SettingAreaActivity",
            "com.bitauto.personalcenter.activity.SettingInviteFriendActivity",
            "com.bitauto.personalcenter.activity.SettingMediaActivity",
            "com.bitauto.personalcenter.activity.SettingPushActivity",
            "com.bitauto.personalcenter.activity.SettingReceiveAddressActivity",
            "com.bitauto.personalcenter.activity.SettingSaveAddressActivity",
            "com.bitauto.personalcenter.activity.SettingSecondActivity",
            "com.bitauto.personalcenter.activity.SettingSecondGYYCActivity",
            "com.bitauto.personalcenter.activity.SettingSecondLXKFActivity",
            "com.bitauto.personalcenter.activity.SettingUserInfoActivity",
            "com.bitauto.personalcenter.activity.SignInRankActivity",
            "com.bitauto.personalcenter.activity.StepCoinExplainActivity",
            "com.bitauto.personalcenter.activity.StepCoinFeedbackActivity",
            "com.bitauto.personalcenter.activity.TakePrizeActivity",
            "com.bitauto.personalcenter.activity.UserHeadImgClipActivity",
            "com.bitauto.personalcenter.activity.UserSetContactAddressActivity",
            "com.bitauto.personalcenter.activity.YiCheHaoSearchDetailActivity",
            "com.bitauto.personalcenter.collection.CollectionTag1Activity",
            "com.bitauto.personalcenter.collection.CollectionTag2Activity",
            "com.bitauto.personalcenter.collection.RecommendCarActivity",
            "com.bitauto.personalcenter.view.activity.UsedCarCollectionActivity",
            "com.bitauto.personalcenter.view.activity.UsedCarFootActivity",
            "com.bitauto.react.activity.BitautoGrayReactActivity",
            "com.bitauto.react.activity.BitautoReactActivity",
            "com.bitauto.react.activity.ReactOnlineActivity",
            "com.bitauto.rongyun.activity.ConversationActivity",
            "com.bitauto.rongyun.activity.ConversationGroupActivity",
            "com.bitauto.rongyun.activity.ConversationSingleActivity",
            "com.bitauto.rongyun.activity.GroupChatAddUsersActivity",
            "com.bitauto.rongyun.activity.GroupChatIntroActivity",
            "com.bitauto.rongyun.activity.GroupChatUsersActivity",
            "com.bitauto.rongyun.activity.RongCarPaymentListActivity",
            "com.bitauto.rongyun.activity.RongCarTypeListActivity",
            "com.bitauto.rongyun.activity.SelectGroupActivity",
            "com.bitauto.rongyun.activity.SingleChatSettingActivity",
            "com.bitauto.rongyun.activity.UpdateNoticeGroupChatActivity",
            "com.bitauto.search.SearchTabActivity",
            "com.bitauto.search.activity.SearchForumMoreActivity",
            "com.bitauto.shortvideo.activity.ChooseTopicActivity",
            "com.bitauto.shortvideo.activity.CoverEditActivity",
            "com.bitauto.shortvideo.activity.EditerActivity",
            "com.bitauto.shortvideo.activity.HotActivity",
            "com.bitauto.shortvideo.activity.PreprocessActivity",
            "com.bitauto.shortvideo.activity.PreviewActivity",
            "com.bitauto.shortvideo.activity.PublishActivity",
            "com.bitauto.shortvideo.activity.ShortVideoDetailActivity",
            "com.bitauto.shortvideo.activity.ShortVideoDetailNewActivity",
            "com.bitauto.shortvideo.activity.TopicVideoListActivity",
            "com.bitauto.shortvideo.record.RecordActivity",
            "com.bitauto.taoche.view.activity.TaoCheAskPriceSucessActivity",
            "com.bitauto.taoche.view.activity.TaoCheBrandFilterActivity",
            "com.bitauto.taoche.view.activity.TaoCheBrandTypeFilterActivity",
            "com.bitauto.taoche.view.activity.TaoCheDealerShopDetailActivity",
            "com.bitauto.taoche.view.activity.TaoCheFeedBackActivity",
            "com.bitauto.taoche.view.activity.TaoCheFeedBackSuccessActivity",
            "com.bitauto.taoche.view.activity.TaoCheHomeActivity",
            "com.bitauto.taoche.view.activity.TaoCheImageVideoActivity",
            "com.bitauto.taoche.view.activity.TaoCheLoanActivity",
            "com.bitauto.taoche.view.activity.TaoCheScreenActivity",
            "com.bitauto.taoche.view.activity.TaoCheScreenFilterConfigActivity",
            "com.bitauto.taoche.view.activity.TaoCheSellCarActivity",
            "com.bitauto.taoche.view.activity.TaoCheSellCarResultActivity",
            "com.bitauto.taoche.view.activity.TaoCheShopTalentViewAcitivty",
            "com.bitauto.taoche.view.activity.TaoCheTopRankingListActivity",
            "com.bitauto.taoche.view.activity.TaoCheTradeDetailActivity",
            "com.bitauto.taoche.view.activity.TaoCheUsedCarConvertActivity",
            "com.bitauto.taoche.view.activity.TaoCheValuationActivity",
            "com.bitauto.taoche.view.activity.TaoCheValuationResultActivity",
            "com.bitauto.taoche.view.activity.TaoSellCarAddInfoActivity",
            "com.bitauto.taoche.view.activity.TaocheCarConfigDetailActivity",
            "com.bitauto.taoche.view.activity.TaocheCarReportDetailActivity",
            "com.bitauto.welfare.activity.CashierActivity",
            "com.bitauto.welfare.activity.CreateOrderActivity",
            "com.bitauto.welfare.activity.CreateOrderResultActivity",
            "com.bitauto.welfare.activity.ExchangeProductActivity",
            "com.bitauto.welfare.activity.ExchangeProductResultActivity",
            "com.bitauto.welfare.activity.FillExpressInfoActivity",
            "com.bitauto.welfare.activity.MallActivity",
            "com.bitauto.welfare.activity.MallSubjectDetailActivity",
            "com.bitauto.welfare.activity.OrderDetailActivity",
            "com.bitauto.welfare.activity.PreProductActivity",
            "com.bitauto.welfare.activity.ProductDetailActivity",
            "com.bitauto.welfare.activity.ProductFeedActivity",
            "com.bitauto.welfare.activity.SubjectDetailABActivity",
            "com.bitauto.ych.view.activity.YCHPaymentActivity",
            "com.bitauto.ych.view.activity.YCHPaymentBottomDialogActivity",
            "com.bitauto.ych.view.activity.YCHPaymentDetailActivity",
            "com.bitauto.ych.view.activity.YCHPaymentResultActivity",
            "com.bitauto.ych.view.activity.YCHPaymentSelectorActivity",
            "com.facebook.react.devsupport.DevSettingsActivity",
            "com.g.gysdk.view.ELoginActivity",
            "com.g.gysdk.view.ELoginWebActivity",
            "com.hpplay.sdk.source.permission.PermissionBridgeActivity",
            "com.huawei.hms.activity.BridgeActivity",
            "com.huawei.hms.activity.EnableServiceActivity",
            "com.huawei.updatesdk.service.otaupdate.AppUpdateActivity",
            "com.huawei.updatesdk.support.pm.PackageInstallerActivity",
            "com.igexin.sdk.GActivity",
            "com.igexin.sdk.PushActivity",
            "com.luck.picture.lib.PictureExternalPreviewActivity",
            "com.luck.picture.lib.PicturePlayAudioActivity",
            "com.luck.picture.lib.PicturePreviewActivity",
            "com.luck.picture.lib.PictureSelectorActivity",
            "com.luck.picture.lib.PictureVideoPlayActivity",
            "com.sina.weibo.sdk.share.ShareChatActivity",
            "com.sina.weibo.sdk.share.ShareResultActivity",
            "com.sina.weibo.sdk.share.ShareStoryActivity",
            "com.sina.weibo.sdk.share.ShareTransActivity",
            "com.sina.weibo.sdk.web.WebActivity",
            "com.tencent.connect.common.AssistActivity",
            "com.tencent.liteav.video.TXScreenCapture$TXScreenCaptureAssistantActivity",
            "com.tencent.tauth.AuthActivity",
            "com.vivo.push.sdk.LinkProxyClientActivity",
            "com.yalantis.ucrop.PictureMultiCuttingActivity",
            "com.yalantis.ucrop.UCropActivity",
            "com.yiche.autoeasy.ADActivity",
            "com.yiche.autoeasy.BackGeTuiActivity",
            "com.yiche.autoeasy.GuideLoginActivity",
            "com.yiche.autoeasy.MainActivity3",
            "com.yiche.autoeasy.NothingActivity",
            "com.yiche.autoeasy.OpenExternalActivity",
            "com.yiche.autoeasy.SplashActivity",
            "com.yiche.autoeasy.SplashActivityNew",
            "com.yiche.autoeasy.debugtools.EggActivity",
            "com.yiche.autoeasy.linkedme.MiddleActivity",
            "com.yiche.autoeasy.module.login.activity.BindPhoneActivity",
            "com.yiche.autoeasy.module.login.activity.ELoginBlackActivity",
            "com.yiche.autoeasy.module.login.activity.ELoginWhiteActivity",
            "com.yiche.autoeasy.module.login.activity.EloginDialogTransitionActivity",
            "com.yiche.autoeasy.module.login.activity.EloginTransitionActivity",
            "com.yiche.autoeasy.module.login.activity.ForgetPwdActivity",
            "com.yiche.autoeasy.module.login.activity.ImproveAccountActivity",
            "com.yiche.autoeasy.module.login.activity.ImproveInfoActivity",
            "com.yiche.autoeasy.module.login.activity.ImproveInfoMobileActivity",
            "com.yiche.autoeasy.module.login.activity.LoginActivity",
            "com.yiche.autoeasy.module.login.activity.LoginDialog",
            "com.yiche.autoeasy.module.login.activity.OneClickLoginDialogActivity",
            "com.yiche.autoeasy.module.login.activity.SetPwdActivity",
            "com.yiche.autoeasy.module.login.activity.VerifyMsgCodeActivity",
            "com.yiche.autoeasy.module.login.activity.YcSecretActivityActivity",
            "com.yiche.autoeasy.module.login.countrycode.CountryCodeChooseActivity",
            "com.yiche.autoeasy.push.NothingKeepActivity",
            "com.yiche.autoeasy.push.PushClickReceiverActivity",
            "com.yiche.autoeasy.push.QtPushClickReceiverActivity",
            "com.yiche.autoeasy.push.UMPushClickReceiverActivity",
            "com.yiche.autoeasy.tools.RouterTransmitActivity",
            "com.yiche.autoeasy.tools.SharePictureActivity",
            "com.yiche.autoeasy.widget.NewsWidgetClickActivity",
            "com.yiche.autoeasy.widget.ServiceWidgetClickActivity",
            "com.yiche.autoeasy.widget.ShortCutClickActivity",
            "com.yiche.autoeasy.widget.WidgetClickActivity",
            "com.yiche.autoeasy.wxapi.WXEntryActivity",
            "com.yiche.autoeasy.wxapi.WXPayEntryActivity",
            "com.yiche.basic.identifycar.ui.YCIdentifyCarResultActivity",
            "com.yiche.basic.permission.bridge.BridgeActivity",
            "io.rong.imkit.activity.CSLeaveMessageActivity",
            "io.rong.imkit.activity.FileListActivity",
            "io.rong.imkit.activity.FileManagerActivity",
            "io.rong.imkit.activity.FilePreviewActivity",
            "io.rong.imkit.activity.GIFPreviewActivity",
            "io.rong.imkit.activity.PicturePagerActivity",
            "io.rong.imkit.activity.SelectConversationActivity",
            "io.rong.imkit.activity.WebFilePreviewActivity",
            "io.rong.imkit.mention.MemberMentionedActivity",
            "io.rong.imkit.plugin.image.PicturePreviewActivity",
            "io.rong.imkit.plugin.image.PictureSelectorActivity",
            "io.rong.imkit.plugin.location.AMapLocationActivity",
            "io.rong.imkit.plugin.location.AMapLocationActivity2D",
            "io.rong.imkit.plugin.location.AMapPreviewActivity",
            "io.rong.imkit.plugin.location.AMapPreviewActivity2D",
            "io.rong.imkit.plugin.location.AMapRealTimeActivity",
            "io.rong.imkit.plugin.location.AMapRealTimeActivity2D",
            "io.rong.imkit.plugin.location.SearchLocationActivity",
            "io.rong.imkit.tools.CombineWebViewActivity",
            "io.rong.imkit.tools.RongWebviewActivity",
            "io.rong.imkit.widget.provider.TakingPicturesActivity"
        ],
        "services": [
            "cn.jpush.android.service.PushService",
            "com.abit.framework.starbucks.services.BugReportService",
            "com.baidu.location.f",
            "com.bitauto.carservice.function.widget.service.CarServiceAppWidgetService",
            "com.bitauto.interaction.forum.service.PublishPostService",
            "com.bitauto.interaction.forum.service.PublishReplyPostService",
            "com.bitauto.personalcenter.upgrade.DownloadService",
            "com.bitauto.react.service.rn.LoaderCommonService",
            "com.bitauto.search.widget.searchWidget.SearchWidgetService",
            "com.getui.gtc.GtcService",
            "com.hpplay.sdk.source.process.LelinkSdkService",
            "com.huawei.agconnect.core.ServiceDiscovery",
            "com.huawei.hms.support.api.push.service.HmsMsgService",
            "com.igexin.sdk.HmsPushMessageService",
            "com.igexin.sdk.OppoAppPushService",
            "com.igexin.sdk.OppoPushService",
            "com.igexin.sdk.PushService",
            "com.meizu.cloud.pushsdk.NotificationService",
            "com.q.m.QS",
            "com.vivo.push.sdk.service.CommandClientService",
            "com.xiaomi.mipush.sdk.MessageHandleService",
            "com.xiaomi.mipush.sdk.PushMessageHandler",
            "com.xiaomi.push.service.XMJobService",
            "com.xiaomi.push.service.XMPushService",
            "com.yiche.autoeasy.debugtools.BugReportService",
            "com.yiche.autoeasy.jpush.JXService",
            "com.yiche.autoeasy.push.MGTIntentService",
            "com.yiche.autoeasy.push.MGTPushService",
            "com.yiche.autoeasy.push.YcQtsService",
            "io.rong.imlib.ipc.RongService",
            "io.rong.push.rongpush.PushService"
        ],
        "receivers": [
            "cn.jpush.android.asus.AsusPushMessageReceiver",
            "cn.jpush.android.service.AlarmReceiver",
            "cn.jpush.android.service.PushReceiver",
            "cn.jpush.android.service.SchedulerReceiver",
            "com.bitauto.lib.player.ycplayer.VideoViewChangedReceiver",
            "com.bitauto.news.widget.appwidget.NewsAppWidget",
            "com.bitauto.personalcenter.widgets.iconWidget.IconAppWidgetProvider",
            "com.bitauto.rongyun.util.IMNotificationReceiver",
            "com.bitauto.search.widget.searchWidget.SearchAppWidgetProvider",
            "com.bitauto.search.widget.searchWidget.WidgetPinedSuccessReceiver",
            "com.hpplay.sdk.source.process.LelinkReceiver",
            "com.huawei.hms.analytics.receiver.HiAnalyticsSvcEvtReceiver",
            "com.huawei.hms.support.api.push.PushMsgReceiver",
            "com.huawei.hms.support.api.push.PushReceiver",
            "com.igexin.sdk.FlymePushReceiver",
            "com.igexin.sdk.MiuiPushReceiver",
            "com.igexin.sdk.PushReceiver",
            "com.igexin.sdk.VivoPushMessageReceiver",
            "com.meizu.cloud.pushsdk.SystemReceiver",
            "com.xiaomi.push.service.receivers.NetworkStatusReceiver",
            "com.xiaomi.push.service.receivers.PingReceiver",
            "com.yiche.autoeasy.jpush.JXReceiver",
            "com.yiche.autoeasy.push.NotificationDelReceiver",
            "com.yiche.autoeasy.tools.AlarmReceiver",
            "io.rong.imlib.ConnectChangeReceiver",
            "io.rong.imlib.HeartbeatReceiver",
            "io.rong.push.rongpush.PushReceiver"
        ]
    }
}