{
    "apk_name": "92E6CF05CB8ECAEFB52E4A78CF0500F8CDBC2D1C3B84F180F2D2F52F329C8289",
    "sha256": "92e6cf05cb8ecaefb52e4a78cf0500f8cdbc2d1c3b84f180f2d2f52f329c8289",
    "metadata": {
        "package_name": "com.atlon.atlonpmanager1",
        "version_code": "73",
        "version_name": "1.9.5",
        "min_sdk": "21",
        "target_sdk": "33",
        "permissions": [
            "android.permission.ACCESS_COARSE_LOCATION",
            "android.permission.ACCESS_FINE_LOCATION",
            "android.permission.ACCESS_NETWORK_STATE",
            "android.permission.ACCESS_WIFI_STATE",
            "android.permission.AUTHENTICATE_ACCOUNTS",
            "android.permission.CAMERA",
            "android.permission.FOREGROUND_SERVICE",
            "android.permission.GET_ACCOUNTS",
            "android.permission.INTERNET",
            "android.permission.POST_NOTIFICATIONS",
            "android.permission.READ_EXTERNAL_STORAGE",
            "android.permission.READ_SYNC_SETTINGS",
            "android.permission.RECEIVE_BOOT_COMPLETED",
            "android.permission.VIBRATE",
            "android.permission.WRITE_EXTERNAL_STORAGE",
            "android.permission.WRITE_SYNC_SETTINGS"
        ],
        "activities": [
            "crc646957603ea1820544.MediaPickerActivity",
            "dgenix.mobile.fwk.droid.views.UpdateAppView",
            "pmanager.mobile.droid.SplashScreen",
            "pmanager.mobile.droid.views.ForgotPasswordView",
            "pmanager.mobile.droid.views.LoginView",
            "pmanager.mobile.droid.views.MainView",
            "pmanager.mobile.droid.views.SendEmailView",
            "pmanager.mobile.droid.views.ServerConfigurationView"
        ],
        "services": [
            "com.atlon.atlonpmanager1.AuthenticatorService",
            "crc6425be825818f434b9.KillNotificationService",
            "crc649743bc389120673a.SyncService"
        ],
        "receivers": [
            "crc6425be825818f434b9.TimerNotificationBroadcastReceiver",
            "crc64cea48322b3427ae9.ConnectivityChangeBroadcastReceiver"
        ],
        "permission_details": {
            "android.permission.ACCESS_COARSE_LOCATION": "dangerous",
            "android.permission.ACCESS_FINE_LOCATION": "dangerous",
            "android.permission.ACCESS_NETWORK_STATE": "normal",
            "android.permission.ACCESS_WIFI_STATE": "normal",
            "android.permission.AUTHENTICATE_ACCOUNTS": "unknown",
            "android.permission.CAMERA": "dangerous",
            "android.permission.FOREGROUND_SERVICE": "normal",
            "android.permission.GET_ACCOUNTS": "dangerous",
            "android.permission.INTERNET": "normal",
            "android.permission.POST_NOTIFICATIONS": "dangerous",
            "android.permission.READ_EXTERNAL_STORAGE": "dangerous",
            "android.permission.READ_SYNC_SETTINGS": "normal",
            "android.permission.RECEIVE_BOOT_COMPLETED": "normal",
            "android.permission.VIBRATE": "normal",
            "android.permission.WRITE_EXTERNAL_STORAGE": "dangerous",
            "android.permission.WRITE_SYNC_SETTINGS": "normal"
        },
        "risk_counts": {
            "dangerous": 7,
            "normal": 8,
            "unknown": 1
        }
    },
    "stats": {
        "dex_count": 1,
        "native_lib_count": 14
    },
    "jadx": {
        "status": "ok",
        "duration_sec": 11.01,
        "sources_present": true,
        "java_file_count": 1511
    },
    "ast_analysis": {
        "location": 0,
        "microphone": 0,
        "camera": 1,
        "media_projection": 0,
        "dynamic_load": 0,
        "jni": 6
    },
    "analysis_state": "complete"
}