{
    "apk_name": "305953CA04C4EA1BCDA1E68D12E68102659DE5A673D103A24A14B4D3C399AC72",
    "sha256": "305953ca04c4ea1bcda1e68d12e68102659de5a673d103a24a14b4d3c399ac72",
    "metadata": {
        "package_name": "com.virtualmaze.offlinemapnavigationtracker",
        "version_code": "5128",
        "version_name": "2.5.8.3",
        "min_sdk": "23",
        "target_sdk": "35",
        "permissions": [
            "android.permission.ACCESS_ADSERVICES_AD_ID",
            "android.permission.ACCESS_ADSERVICES_ATTRIBUTION",
            "android.permission.ACCESS_ADSERVICES_CUSTOM_AUDIENCE",
            "android.permission.ACCESS_ADSERVICES_TOPICS",
            "android.permission.ACCESS_COARSE_LOCATION",
            "android.permission.ACCESS_FINE_LOCATION",
            "android.permission.ACCESS_NETWORK_STATE",
            "android.permission.ACCESS_WIFI_STATE",
            "android.permission.CHANGE_NETWORK_STATE",
            "android.permission.FOREGROUND_SERVICE",
            "android.permission.FOREGROUND_SERVICE_DATA_SYNC",
            "android.permission.FOREGROUND_SERVICE_LOCATION",
            "android.permission.INTERNET",
            "android.permission.POST_NOTIFICATIONS",
            "android.permission.VIBRATE",
            "android.permission.WAKE_LOCK",
            "androidx.car.app.ACCESS_SURFACE",
            "androidx.car.app.MAP_TEMPLATES",
            "androidx.car.app.NAVIGATION_TEMPLATES",
            "com.android.vending.BILLING",
            "com.google.android.c2dm.permission.RECEIVE",
            "com.google.android.finsky.permission.BIND_GET_INSTALL_REFERRER_SERVICE",
            "com.google.android.gms.permission.AD_ID",
            "com.virtualmaze.offlinemapnavigationtracker.DYNAMIC_RECEIVER_NOT_EXPORTED_PERMISSION"
        ],
        "activities": [
            "androidx.car.app.CarAppPermissionActivity",
            "androidx.core.google.shortcuts.TrampolineActivity",
            "com.android.billingclient.api.ProxyBillingActivity",
            "com.android.billingclient.api.ProxyBillingActivityV2",
            "com.bytedance.sdk.openadsdk.activity.TTAdActivity",
            "com.bytedance.sdk.openadsdk.activity.TTAppOpenAdActivity",
            "com.bytedance.sdk.openadsdk.activity.TTCeilingLandingPageActivity",
            "com.bytedance.sdk.openadsdk.activity.TTDelegateActivity",
            "com.bytedance.sdk.openadsdk.activity.TTFullScreenExpressVideoActivity",
            "com.bytedance.sdk.openadsdk.activity.TTFullScreenVideoActivity",
            "com.bytedance.sdk.openadsdk.activity.TTInterstitialActivity",
            "com.bytedance.sdk.openadsdk.activity.TTInterstitialExpressActivity",
            "com.bytedance.sdk.openadsdk.activity.TTLandingPageActivity",
            "com.bytedance.sdk.openadsdk.activity.TTPlayableLandingPageActivity",
            "com.bytedance.sdk.openadsdk.activity.TTRewardExpressVideoActivity",
            "com.bytedance.sdk.openadsdk.activity.TTRewardVideoActivity",
            "com.bytedance.sdk.openadsdk.activity.TTVideoLandingPageLink2Activity",
            "com.bytedance.sdk.openadsdk.activity.TTWebsiteActivity",
            "com.facebook.CustomTabActivity",
            "com.facebook.CustomTabMainActivity",
            "com.facebook.FacebookActivity",
            "com.facebook.ads.AudienceNetworkActivity",
            "com.google.android.gms.ads.AdActivity",
            "com.google.android.gms.ads.NotificationHandlerActivity",
            "com.google.android.gms.ads.OutOfContextTestingActivity",
            "com.google.android.gms.auth.api.signin.internal.SignInHubActivity",
            "com.google.android.gms.common.api.GoogleApiActivity",
            "com.google.android.gms.oss.licenses.OssLicensesActivity",
            "com.google.android.gms.oss.licenses.OssLicensesMenuActivity",
            "com.google.android.play.core.common.PlayCoreDialogWrapperActivity",
            "com.google.androidbrowserhelper.trusted.LauncherActivity",
            "com.ne.services.android.navigation.testapp.activity.ContributionActivity",
            "com.ne.services.android.navigation.testapp.activity.DeleteAccountActivity",
            "com.ne.services.android.navigation.testapp.activity.DirectionModeSettingsActivity",
            "com.ne.services.android.navigation.testapp.activity.HelpActivity",
            "com.ne.services.android.navigation.testapp.activity.JVSettingsActivity",
            "com.ne.services.android.navigation.testapp.activity.MapPlaceholderActivity",
            "com.ne.services.android.navigation.testapp.activity.ReportErrorActivity",
            "com.ne.services.android.navigation.testapp.activity.RouteSettingActivity",
            "com.ne.services.android.navigation.testapp.activity.SettingsActivity",
            "com.ne.services.android.navigation.testapp.activity.ShareMyLocationActivity",
            "com.ne.services.android.navigation.testapp.activity.UserAppFeedbackActivity",
            "com.ne.services.android.navigation.testapp.activity.compass.CompassActivity",
            "com.ne.services.android.navigation.testapp.activity.snapfeed.SnapFeedActivity",
            "com.ne.services.android.navigation.testapp.demo.DemoAppActivity",
            "com.ne.services.android.navigation.testapp.demo.DemoNotificationAnnouncementActivity",
            "com.ne.services.android.navigation.testapp.test.TestNavigationActivity",
            "com.nenative.services.android.navigation.ui.v5.NENativeNavigationActivity",
            "com.virtualmaze.offlinemapnavigationtracker.presentation.account.LoginActivity",
            "com.virtualmaze.offlinemapnavigationtracker.presentation.bundle_download.OfflineBundleDownloadActivity",
            "com.virtualmaze.offlinemapnavigationtracker.presentation.language.LanguageSelectionActivity",
            "com.virtualmaze.offlinemapnavigationtracker.presentation.launcher.LauncherActivity",
            "com.virtualmaze.offlinemapnavigationtracker.presentation.route_preference.RoutePreferenceActivity",
            "com.virtualmaze.offlinemapnavigationtracker.presentation.settings.AboutUsActivity",
            "com.virtualmaze.offlinemapnavigationtracker.presentation.vm_maps_api.VMMapsAPI",
            "com.virtualmaze.offlinemapnavigationtracker.presentation.weather.WeatherActivity",
            "com.virtualmaze.search.ui.ContributionSearchActivity"
        ],
        "services": [
            "androidx.appcompat.app.AppLocalesMetadataHolderService",
            "androidx.room.MultiInstanceInvalidationService",
            "androidx.work.impl.background.systemalarm.SystemAlarmService",
            "androidx.work.impl.background.systemjob.SystemJobService",
            "androidx.work.impl.foreground.SystemForegroundService",
            "com.bytedance.sdk.openadsdk.multipro.aidl.BinderPoolService",
            "com.dot.nenativemap.publicAnnouncement.PublicAnnouncementServices",
            "com.google.android.datatransport.runtime.backends.TransportBackendDiscovery",
            "com.google.android.datatransport.runtime.scheduling.jobscheduling.JobInfoSchedulerService",
            "com.google.android.gms.ads.AdService",
            "com.google.android.gms.analytics.AnalyticsJobService",
            "com.google.android.gms.analytics.AnalyticsService",
            "com.google.android.gms.auth.api.signin.RevocationBoundService",
            "com.google.android.gms.measurement.AppMeasurementJobService",
            "com.google.android.gms.measurement.AppMeasurementService",
            "com.google.firebase.components.ComponentDiscoveryService",
            "com.google.firebase.messaging.FirebaseMessagingService",
            "com.google.firebase.sessions.SessionLifecycleService",
            "com.ne.services.android.navigation.testapp.WearMessageListenerService",
            "com.ne.services.android.navigation.testapp.pushmessage.MyPushMessageService",
            "com.nenative.services.android.navigation.v5.navigation.NavigationService",
            "com.virtualmaze.auto.common.MainCarAppService",
            "com.virtualmaze.bundle_downloader.service.BackgroundFileDownloadService"
        ],
        "receivers": [
            "androidx.car.app.notification.CarAppNotificationBroadcastReceiver",
            "androidx.profileinstaller.ProfileInstallReceiver",
            "androidx.work.impl.background.systemalarm.ConstraintProxy$BatteryChargingProxy",
            "androidx.work.impl.background.systemalarm.ConstraintProxy$BatteryNotLowProxy",
            "androidx.work.impl.background.systemalarm.ConstraintProxy$NetworkStateProxy",
            "androidx.work.impl.background.systemalarm.ConstraintProxy$StorageNotLowProxy",
            "androidx.work.impl.background.systemalarm.ConstraintProxyUpdateReceiver",
            "androidx.work.impl.background.systemalarm.RescheduleReceiver",
            "androidx.work.impl.diagnostics.DiagnosticsReceiver",
            "androidx.work.impl.utils.ForceStopRunnable$BroadcastReceiver",
            "com.facebook.AuthenticationTokenManager$CurrentAuthenticationTokenChangedBroadcastReceiver",
            "com.facebook.CurrentAccessTokenExpirationBroadcastReceiver",
            "com.google.android.datatransport.runtime.scheduling.jobscheduling.AlarmManagerSchedulerBroadcastReceiver",
            "com.google.android.gms.analytics.AnalyticsReceiver",
            "com.google.android.gms.measurement.AppMeasurementReceiver",
            "com.google.firebase.iid.FirebaseInstanceIdReceiver",
            "com.ne.services.android.navigation.testapp.AdbListener",
            "com.ne.services.android.navigation.testapp.broadcastReceiver.WearMessageBroadcastReceiver",
            "com.ne.services.android.navigation.testapp.rcn.NotificationDismissReceiver",
            "com.virtualmaze.bundle_downloader.receiver.AppUpdateReceiver",
            "com.virtualmaze.bundle_downloader.receiver.NotificationReceiver"
        ],
        "permission_details": {
            "android.permission.ACCESS_ADSERVICES_AD_ID": "unknown",
            "android.permission.ACCESS_ADSERVICES_ATTRIBUTION": "unknown",
            "android.permission.ACCESS_ADSERVICES_CUSTOM_AUDIENCE": "unknown",
            "android.permission.ACCESS_ADSERVICES_TOPICS": "unknown",
            "android.permission.ACCESS_COARSE_LOCATION": "dangerous",
            "android.permission.ACCESS_FINE_LOCATION": "dangerous",
            "android.permission.ACCESS_NETWORK_STATE": "normal",
            "android.permission.ACCESS_WIFI_STATE": "normal",
            "android.permission.CHANGE_NETWORK_STATE": "normal",
            "android.permission.FOREGROUND_SERVICE": "normal",
            "android.permission.FOREGROUND_SERVICE_DATA_SYNC": "normal",
            "android.permission.FOREGROUND_SERVICE_LOCATION": "normal",
            "android.permission.INTERNET": "normal",
            "android.permission.POST_NOTIFICATIONS": "dangerous",
            "android.permission.VIBRATE": "normal",
            "android.permission.WAKE_LOCK": "normal",
            "androidx.car.app.ACCESS_SURFACE": "unknown",
            "androidx.car.app.MAP_TEMPLATES": "unknown",
            "androidx.car.app.NAVIGATION_TEMPLATES": "unknown",
            "com.android.vending.BILLING": "unknown",
            "com.google.android.c2dm.permission.RECEIVE": "unknown",
            "com.google.android.finsky.permission.BIND_GET_INSTALL_REFERRER_SERVICE": "unknown",
            "com.google.android.gms.permission.AD_ID": "unknown",
            "com.virtualmaze.offlinemapnavigationtracker.DYNAMIC_RECEIVER_NOT_EXPORTED_PERMISSION": "unknown"
        },
        "risk_counts": {
            "unknown": 12,
            "dangerous": 3,
            "normal": 9
        }
    },
    "stats": {
        "dex_count": 5,
        "native_lib_count": 0
    },
    "jadx": {
        "status": "ok",
        "duration_sec": 132.57,
        "sources_present": true,
        "java_file_count": 22702
    },
    "ast_analysis": {
        "location": 4,
        "microphone": 0,
        "camera": 31,
        "media_projection": 0,
        "dynamic_load": 0,
        "jni": 11
    },
    "analysis_state": "complete"
}