{
    "apk_name": "AA2EF84C70A7D387FDF8C6AE84A8131876EA5092AB975EA40A703F92987EB7CD",
    "sha256": "aa2ef84c70a7d387fdf8c6ae84a8131876ea5092ab975ea40a703f92987eb7cd",
    "metadata": {
        "package_name": "com.jetlab.chairgunelite",
        "version_code": "169",
        "version_name": "4.6.0",
        "min_sdk": "23",
        "target_sdk": "35",
        "permissions": [
            "android.permission.ACCESS_ADSERVICES_AD_ID",
            "android.permission.ACCESS_ADSERVICES_ATTRIBUTION",
            "android.permission.ACCESS_COARSE_LOCATION",
            "android.permission.ACCESS_FINE_LOCATION",
            "android.permission.ACCESS_NETWORK_STATE",
            "android.permission.ACCESS_WIFI_STATE",
            "android.permission.CAMERA",
            "android.permission.INTERNET",
            "android.permission.READ_PHONE_STATE",
            "android.permission.VIBRATE",
            "android.permission.WAKE_LOCK",
            "android.permission.WRITE_EXTERNAL_STORAGE",
            "com.android.vending.BILLING",
            "com.android.vending.CHECK_LICENSE",
            "com.google.android.finsky.permission.BIND_GET_INSTALL_REFERRER_SERVICE",
            "com.jetlab.chairgunelite.DYNAMIC_RECEIVER_NOT_EXPORTED_PERMISSION"
        ],
        "activities": [
            "com.android.billingclient.api.ProxyBillingActivity",
            "com.android.billingclient.api.ProxyBillingActivityV2",
            "com.canhub.cropper.CropImageActivity",
            "com.dropbox.core.android.AuthActivity",
            "com.google.android.gms.common.api.GoogleApiActivity",
            "com.jetlab.chairgunelite.MainActivity",
            "com.jetlab.chairgunelite.SlopeCamera",
            "com.jetlab.chairgunelite.UpsellActivity",
            "com.jetlab.chairgunelite.VIBRegistrationScreenVC",
            "com.jetlab.chairgunelite.VIBSplashScreenVC",
            "com.revenuecat.purchases.amazon.purchasing.ProxyAmazonBillingActivity"
        ],
        "services": [
            "com.google.android.datatransport.runtime.backends.TransportBackendDiscovery",
            "com.google.android.datatransport.runtime.scheduling.jobscheduling.JobInfoSchedulerService",
            "com.google.android.gms.measurement.AppMeasurementJobService",
            "com.google.android.gms.measurement.AppMeasurementService",
            "com.google.firebase.components.ComponentDiscoveryService",
            "com.google.firebase.sessions.SessionLifecycleService"
        ],
        "receivers": [
            "androidx.profileinstaller.ProfileInstallReceiver",
            "com.google.android.datatransport.runtime.scheduling.jobscheduling.AlarmManagerSchedulerBroadcastReceiver",
            "com.google.android.gms.measurement.AppMeasurementReceiver"
        ]
    },
    "stats": {
        "dex_count": 6,
        "native_lib_count": 0
    },
    "jadx": {
        "status": "ok",
        "duration_sec": 121.95,
        "sources_present": true,
        "java_file_count": 15384
    },
    "ast_analysis": {
        "location": 34,
        "microphone": 0,
        "camera": 2643,
        "media_projection": 0,
        "dynamic_load": 0,
        "jni": 3
    },
    "analysis_state": "complete"
}