{
    "apk_name": "CF71265E8AC9099320407E509FFE8136B7ADF4D5BC72519A57293702E6F8906A",
    "sha256": "cf71265e8ac9099320407e509ffe8136b7adf4d5bc72519a57293702e6f8906a",
    "metadata": {
        "package_name": "com.oyak.mobile",
        "version_code": "39",
        "version_name": "2.1.2",
        "min_sdk": "19",
        "target_sdk": "28",
        "permissions": [
            "android.permission.ACCESS_COARSE_LOCATION",
            "android.permission.ACCESS_FINE_LOCATION",
            "android.permission.ACCESS_NETWORK_STATE",
            "android.permission.CAMERA",
            "android.permission.INTERNET",
            "android.permission.READ_APP_BADGE",
            "android.permission.RECEIVE_BOOT_COMPLETED",
            "android.permission.SYSTEM_ALERT_WINDOW",
            "android.permission.VIBRATE",
            "android.permission.WAKE_LOCK",
            "android.permission.WRITE_EXTERNAL_STORAGE",
            "com.anddoes.launcher.permission.UPDATE_COUNT",
            "com.google.android.c2dm.permission.RECEIVE",
            "com.htc.launcher.permission.READ_SETTINGS",
            "com.htc.launcher.permission.UPDATE_SHORTCUT",
            "com.huawei.android.launcher.permission.CHANGE_BADGE",
            "com.huawei.android.launcher.permission.READ_SETTINGS",
            "com.huawei.android.launcher.permission.WRITE_SETTINGS",
            "com.majeur.launcher.permission.UPDATE_BADGE",
            "com.oppo.launcher.permission.READ_SETTINGS",
            "com.oppo.launcher.permission.WRITE_SETTINGS",
            "com.oyak.mobile.permission.C2D_MESSAGE",
            "com.sec.android.provider.badge.permission.READ",
            "com.sec.android.provider.badge.permission.WRITE",
            "com.sonyericsson.home.permission.BROADCAST_BADGE",
            "com.sonymobile.home.permission.PROVIDER_INSERT_BADGE",
            "me.everything.badger.permission.BADGE_COUNT_READ",
            "me.everything.badger.permission.BADGE_COUNT_WRITE"
        ],
        "activities": [
            "com.facebook.react.devsupport.DevSettingsActivity",
            "com.google.android.gms.common.api.GoogleApiActivity",
            "com.onesignal.PermissionsActivity",
            "com.oyak.mobile.MainActivity"
        ],
        "services": [
            "com.google.firebase.iid.FirebaseInstanceIdService",
            "com.google.firebase.messaging.FirebaseMessagingService",
            "com.onesignal.GcmIntentJobService",
            "com.onesignal.GcmIntentService",
            "com.onesignal.NotificationRestoreService",
            "com.onesignal.RestoreJobService",
            "com.onesignal.RestoreKickoffJobService",
            "com.onesignal.SyncJobService",
            "com.onesignal.SyncService"
        ],
        "receivers": [
            "com.google.firebase.iid.FirebaseInstanceIdReceiver",
            "com.onesignal.BootUpReceiver",
            "com.onesignal.GcmBroadcastReceiver",
            "com.onesignal.NotificationOpenedReceiver",
            "com.onesignal.UpgradeReceiver"
        ]
    },
    "stats": {
        "dex_count": 1,
        "native_lib_count": 44
    },
    "jadx": {
        "status": "ok",
        "duration_sec": 16.7,
        "sources_present": true,
        "java_file_count": 3717
    },
    "ast_analysis": {
        "location": 10,
        "microphone": 0,
        "camera": 20,
        "media_projection": 0,
        "dynamic_load": 0,
        "jni": 19
    },
    "analysis_state": "complete"
}