{
    "apk_name": "B3BFE4871F19F5ED88BE256FB8E8C1E28595F63A9AC5C8167C37D44B5AEFF8E5",
    "sha256": "b3bfe4871f19f5ed88be256fb8e8c1e28595f63a9ac5c8167c37d44b5aeff8e5",
    "metadata": {
        "package_name": "com.centercode.mobile",
        "version_code": "83",
        "version_name": "20240730.83-mn",
        "min_sdk": "24",
        "target_sdk": "34",
        "permissions": [
            "android.permission.ACCESS_NETWORK_STATE",
            "android.permission.INTERNET",
            "com.centercode.mobile.DYNAMIC_RECEIVER_NOT_EXPORTED_PERMISSION"
        ],
        "activities": [
            "crc64153935b5dab9f332.MainActivity",
            "crc6468b6408a11370c2f.WebAuthenticatorIntermediateActivity",
            "crc649efddefe14a15e7c.WebAuthenticationCallbackActivity",
            "crc64ba438d8f48cf7e75.IntermediateActivity"
        ],
        "services": [],
        "receivers": [
            "androidx.profileinstaller.ProfileInstallReceiver",
            "crc640a8d9a12ddbf2cf2.EnergySaverBroadcastReceiver"
        ]
    },
    "stats": {
        "dex_count": 2,
        "native_lib_count": 488
    },
    "jadx": {
        "status": "ok",
        "duration_sec": 31.76,
        "sources_present": true,
        "java_file_count": 5308
    },
    "ast_analysis": {
        "location": 8,
        "microphone": 0,
        "camera": 13,
        "media_projection": 0,
        "dynamic_load": 0,
        "jni": 6
    },
    "analysis_state": "complete"
}