{
    "apk_name": "6436DAF5647E53957C982C8F196306ECB6A4D428AE21098BE087FBA42F04AF90",
    "sha256": "6436daf5647e53957c982c8f196306ecb6a4d428ae21098be087fba42f04af90",
    "metadata": {
        "package_name": "com.asemob.radioapp.Malta",
        "version_code": "1002",
        "version_name": "10.2",
        "min_sdk": "16",
        "target_sdk": "30",
        "permissions": [
            "android.permission.ACCESS_NETWORK_STATE",
            "android.permission.FOREGROUND_SERVICE",
            "android.permission.INTERNET",
            "android.permission.READ_EXTERNAL_STORAGE",
            "android.permission.READ_PHONE_STATE",
            "android.permission.RECEIVE_BOOT_COMPLETED",
            "android.permission.WAKE_LOCK",
            "android.permission.WRITE_EXTERNAL_STORAGE"
        ],
        "activities": [
            "com.asemob.radioapp.MainActivity",
            "com.asemob.radioapp.WelcomeActivity",
            "com.facebook.ads.AudienceNetworkActivity",
            "com.google.android.gms.ads.AdActivity"
        ],
        "services": [
            "androidx.room.MultiInstanceInvalidationService",
            "androidx.work.impl.background.systemalarm.SystemAlarmService",
            "androidx.work.impl.background.systemjob.SystemJobService",
            "com.asemob.radioapp.CountDownService",
            "com.asemob.radioapp.NotificationService",
            "com.asemob.radioapp.RecordService",
            "com.google.android.gms.ads.AdService"
        ],
        "receivers": [
            "androidx.work.impl.background.systemalarm.ConstraintProxy$BatteryChargingProxy",
            "androidx.work.impl.background.systemalarm.ConstraintProxy$BatteryNotLowProxy",
            "androidx.work.impl.background.systemalarm.ConstraintProxy$NetworkStateProxy",
            "androidx.work.impl.background.systemalarm.ConstraintProxy$StorageNotLowProxy",
            "androidx.work.impl.background.systemalarm.ConstraintProxyUpdateReceiver",
            "androidx.work.impl.background.systemalarm.RescheduleReceiver",
            "androidx.work.impl.utils.ForceStopRunnable$BroadcastReceiver"
        ],
        "permission_details": {
            "android.permission.ACCESS_NETWORK_STATE": "normal",
            "android.permission.FOREGROUND_SERVICE": "normal",
            "android.permission.INTERNET": "normal",
            "android.permission.READ_EXTERNAL_STORAGE": "dangerous",
            "android.permission.READ_PHONE_STATE": "dangerous",
            "android.permission.RECEIVE_BOOT_COMPLETED": "normal",
            "android.permission.WAKE_LOCK": "normal",
            "android.permission.WRITE_EXTERNAL_STORAGE": "dangerous"
        },
        "risk_counts": {
            "normal": 5,
            "dangerous": 3
        }
    },
    "stats": {
        "dex_count": 2,
        "native_lib_count": 0
    },
    "jadx": {
        "status": "ok",
        "duration_sec": 25.48,
        "sources_present": true,
        "java_file_count": 7615
    },
    "ast_analysis": {
        "location": 0,
        "microphone": 0,
        "camera": 16,
        "media_projection": 0,
        "dynamic_load": 0,
        "jni": 0
    },
    "analysis_state": "complete"
}