{
    "apk_name": "A26468991ABFE72FD743C50E1037B18A4E4BBFEA467CF8E94030D0B023E2028B",
    "sha256": "a26468991abfe72fd743c50e1037b18a4e4bbfea467cf8e94030d0b023e2028b",
    "metadata": {
        "package_name": "com.ishowedu.peiyin",
        "version_code": "7610000",
        "version_name": "7.61.0",
        "min_sdk": "21",
        "target_sdk": "26",
        "permissions": [
            "android.hardware.camera.autofocus",
            "android.permission.ACCESS_COARSE_LOCATION",
            "android.permission.ACCESS_LOCATION_EXTRA_COMMANDS",
            "android.permission.ACCESS_NETWORK_STATE",
            "android.permission.ACCESS_WIFI_STATE",
            "android.permission.BLUETOOTH",
            "android.permission.CAMERA",
            "android.permission.CHANGE_NETWORK_STATE",
            "android.permission.CHANGE_WIFI_STATE",
            "android.permission.DEVICE_POWER",
            "android.permission.DISABLE_KEYGUARD",
            "android.permission.FLASHLIGHT",
            "android.permission.FOREGROUND_SERVICE",
            "android.permission.GET_TASKS",
            "android.permission.INTERNET",
            "android.permission.MODIFY_AUDIO_SETTINGS",
            "android.permission.READ_EXTERNAL_STORAGE",
            "android.permission.READ_LOGS",
            "android.permission.READ_PHONE_STATE",
            "android.permission.RECEIVE_BOOT_COMPLETED",
            "android.permission.RECEIVE_USER_PRESENT",
            "android.permission.RECORD_AUDIO",
            "android.permission.REQUEST_INSTALL_PACKAGES",
            "android.permission.SCHEDULE_EXACT_ALARM",
            "android.permission.SYSTEM_ALERT_WINDOW",
            "android.permission.VIBRATE",
            "android.permission.WAKE_LOCK",
            "android.permission.WRITE_EXTERNAL_STORAGE",
            "android.permission.WRITE_OWNER_DATA",
            "com.coloros.mcs.permission.RECIEVE_MCS_MESSAGE",
            "com.google.android.providers.gsf.permission.READ_GSERVICES",
            "com.heytap.mcs.permission.RECIEVE_MCS_MESSAGE",
            "com.huawei.android.launcher.permission.CHANGE_BADGE ",
            "com.huawei.appmarket.service.commondata.permission.GET_COMMON_DATA",
            "com.ishowedu.peiyin.permission.C2D_MESSAGE",
            "com.ishowedu.peiyin.permission.MIPUSH_RECEIVE",
            "com.ishowedu.peiyin.permission.PROCESS_PUSH_MSG",
            "com.ishowedu.peiyin.permission.PUSH_PROVIDER",
            "com.ishowedu.peiyin.permission.RONG_ACCESS_RECEIVER",
            "com.ishowedu.peiyin.push.permission.MESSAGE",
            "com.meizu.c2dm.permission.RECEIVE",
            "com.meizu.flyme.permission.PUSH",
            "com.meizu.flyme.push.permission.RECEIVE",
            "com.vivo.notification.permission.BADGE_ICON",
            "getui.permission.GetuiService.com.ishowedu.peiyin"
        ],
        "activities": [
            "cn.crd.PayActivity",
            "com.abctime.lib_common.utils.permission.PermissionActivity",
            "com.abctime.library.mvp.bookactive.BookActiveActivity",
            "com.abctime.library.mvp.bookpreview.BookPreviewActivity",
            "com.abctime.library.mvp.bookreadfollow.BookReadFollowActivity",
            "com.abctime.library.mvp.libraryentrance.view.LibraryEntranceActivity",
            "com.abctime.library.mvp.quiz.activity.QuizActivity",
            "com.abctime.library.mvp.quiz.result.view.QuizResultActivity",
            "com.abctime.library.mvp.wordcard.WordCardActivity",
            "com.abctime.library.mvp.wordcard.WordCardListActivity",
            "com.alipay.sdk.app.H5PayActivity",
            "com.bytedance.sdk.open.douyin.ui.DouYinWebAuthorizeActivity",
            "com.chinapay.mobilepayment.activity.MainActivity",
            "com.chinapay.mobilepayment.activity.WebViewActivity",
            "com.chuanglan.shanyan_sdk.view.CTCCPrivacyProtocolActivity",
            "com.chuanglan.shanyan_sdk.view.CmccLoginActivity",
            "com.chuanglan.shanyan_sdk.view.ShanYanOneKeyActivity",
            "com.fz.lib.lib_ocr.PhotoPickerDialog",
            "com.fz.lib.lib_ocr.TextEditActivity",
            "com.fz.lib.lib_ocr.TextSelectActivity",
            "com.fz.lib.lib_ocr.photopicker.FZPicturePickerActivity",
            "com.fz.lib.loginshare.TikTokFinishActivity",
            "com.fz.lib.permission.FZPermissionActivity",
            "com.fz.module.customlearn.intensifyreview.IntensifyReviewActivity",
            "com.fz.module.customlearn.learn.LearnActivity",
            "com.fz.module.customlearn.learncomplete.LearnCompleteActivity",
            "com.fz.module.customlearn.learnhome.LearnHomeActivity",
            "com.fz.module.customlearn.learnplan.LearnPlanActivity",
            "com.fz.module.customlearn.learnroute.LearnRouteActivity",
            "com.fz.module.customlearn.practice.PracticeActivity",
            "com.fz.module.customlearn.review.ReviewActivity",
            "com.fz.module.customlearn.reviewComplete.ReviewCompleteActivity",
            "com.fz.module.customlearn.targetvocabulary.TargetVocabularyActivity",
            "com.fz.module.customlearn.video.VideoHostActivity",
            "com.fz.module.dub.busines.topic.TopicActivity",
            "com.fz.module.dub.follow.HomeFollowActivity",
            "com.fz.module.dub.originalVideo.album.AlbumOriginalVideoActivity",
            "com.fz.module.dub.originalVideo.base.KnowpointVideoActivity",
            "com.fz.module.dub.originalVideo.plan.PlanOriginalVideoActivity",
            "com.fz.module.dub.originalVideo.plan.TransParentOriginalVideoActivity",
            "com.fz.module.dub.originalVideo.recommend.RecommendOriginalVideoActivity",
            "com.fz.module.dub.originalVideo.single.SingleOriginalVideoActivity",
            "com.fz.module.dub.originalVideo.single.classExerciseTask.ClassExerciseTaskOriginalVideoActivity",
            "com.fz.module.dub.originalVideo.single.classTask.ClassTaskOriginalVideoActivity",
            "com.fz.module.dub.originalVideo.single.groupTask.GroupTaskOriginalVideoActivity",
            "com.fz.module.dub.originalVideo.single.match.MatchOriginalVideoActivity",
            "com.fz.module.dub.originalVideo.single.syncPractice.SyncPracticeOriginalVideoActivity",
            "com.fz.module.dub.originalVideo.single.userPlan.UserPlanOriginalVideoActivity",
            "com.fz.module.dub.originalVideo.teach.TeachVideoActivity",
            "com.fz.module.dub.rank.RankShowActivity",
            "com.fz.module.dub.showDetail.ShowDetailActivity",
            "com.fz.module.dub.ui.DestorySelfActivity",
            "com.fz.module.dub.works.WorksMainActivity",
            "com.fz.module.evaluation.evaluationTime.EvaluationActivity",
            "com.fz.module.evaluation.evaluationTime.EvaluationSingleQuestionActivity",
            "com.fz.module.learn.learnPlan.home.LearnPlanHomeActivity",
            "com.fz.module.learn.learnPlan.morePlan.MorePlanActivity",
            "com.fz.module.learn.learnPlan.planDetail.LearnPlanDetailActivity",
            "com.fz.module.learn.learnPlan.report.LearnPlanReportActivity",
            "com.fz.module.learn.moreFmTv.MoreFmTvActivity",
            "com.fz.module.lightlesson.DubTestActivity",
            "com.fz.module.lightlesson.courseIntroduce.CourseIntroduceActivity",
            "com.fz.module.lightlesson.courseIntroduce.CourseIntroduceVideoActivity",
            "com.fz.module.lightlesson.detail.CourseDetailActivity",
            "com.fz.module.lightlesson.introduce.LightLessonIntroduceActivity",
            "com.fz.module.lightlesson.learnResult.LearnResultActivity",
            "com.fz.module.lightlesson.learnResult.StarRuleActivity",
            "com.fz.module.lightlesson.lessonDetail.LessonAllCompleteActivity",
            "com.fz.module.lightlesson.lessonExercise.exercise.ExerciseActivity",
            "com.fz.module.lightlesson.lessonExercise.explain.ExplainExerciseActivity",
            "com.fz.module.lightlesson.lessonExercise.letterSpelling.LetterSpellingActivity",
            "com.fz.module.lightlesson.lessonExercise.showOral.ShowOralActivity",
            "com.fz.module.lightlesson.lessonExercise.showOral.detail.ShowOralDetailActivity",
            "com.fz.module.lightlesson.lessonExercise.test.TestExerciseActivity",
            "com.fz.module.lightlesson.lessonGradeSetting.LessonGradeActivity",
            "com.fz.module.lightlesson.lessonHome.LessonHomeActivity",
            "com.fz.module.lightlesson.lessonJump.LessonJumpActivity",
            "com.fz.module.lightlesson.lessonMainTryLook.LightLessonMainTryLookActivity",
            "com.fz.module.lightlesson.lessonStudyProgress.LessonProgressActivity",
            "com.fz.module.lightlesson.lessonWarmUp.LessonWarmUpActivity",
            "com.fz.module.lightlesson.levelUnit.LevelUnitActivity",
            "com.fz.module.lightlesson.modifyLevel.LightLessonModifyLevelActivity",
            "com.fz.module.lightlesson.moreLightlesson.MoreLightLessonActivity",
            "com.fz.module.lightlesson.myCreation.MyCreationActivity",
            "com.fz.module.lightlesson.prepare.LightLessonPrepareActivity",
            "com.fz.module.lightlesson.purchasedList.PurchasedLightCourseActivity",
            "com.fz.module.lightlesson.review.CourseReviewActivity",
            "com.fz.module.lightlesson.videoStudy.VideoStudyActivity",
            "com.fz.module.lightlesson.workWall.LessonWorkWallActivity",
            "com.fz.module.maincourse.courseDetail.MainCourseDetailActivity",
            "com.fz.module.maincourse.courseList.MainCourseListActivity",
            "com.fz.module.maincourse.coursePoster.MainCoursePosterActivity",
            "com.fz.module.maincourse.introduce.MainCourseIntroduceActivity",
            "com.fz.module.maincourse.lessonList.LessonListActivity",
            "com.fz.module.maincourse.lessonReport.LessonReportActivity",
            "com.fz.module.maincourse.lessonTest.LessonTestActivity",
            "com.fz.module.maincourse.lessonTest.test.TestLessonTestActivity",
            "com.fz.module.maincourse.lessonVideo.LessonVideoActivity",
            "com.fz.module.maincourse.mainCourseHome.MainCourseHomeActivity",
            "com.fz.module.maincourse.mainJump.MainCourseJumpActivity",
            "com.fz.module.maincourse.moreMainCourse.MoreMainCourseActivity",
            "com.fz.module.maincourse.myGroupBooking.GroupBookingListActivity",
            "com.fz.module.maincourse.myMainCourse.MyMainCourseActivity",
            "com.fz.module.maincourse.prepare.MainLessonPrepareActivity",
            "com.fz.module.maincourse.purchasedList.PurchasedMainCourseActivity",
            "com.fz.module.maincourse.studyReport.StudyReportActivity",
            "com.fz.module.maincourse.unitReport.UnitReportActivity",
            "com.fz.module.maincourse.videoQuestion.VideoQuestionActivity",
            "com.fz.module.maincourse.wrongBook.WrongBookActivity",
            "com.fz.module.minivideo.album.MiniVideoAlbumActivity",
            "com.fz.module.minivideo.all.MiniVideoActivity",
            "com.fz.module.minivideo.detail.MiniVideoDetailActivity",
            "com.fz.module.minivideo.detail.comment.detail.CommentDetailActivity",
            "com.fz.module.secondstudy.guide.GuideActivity",
            "com.fz.module.secondstudy.homeRoll.SecondStudyRollActivity",
            "com.fz.module.secondstudy.share.SecondStudyShareActivity",
            "com.fz.module.secondstudy.show.SecondStudyShowActivity",
            "com.fz.module.syncpractice.addBook.AddBookActivity",
            "com.fz.module.syncpractice.addTextbook.AddTextbookActivity",
            "com.fz.module.syncpractice.bookMain.TextBookMainActivity",
            "com.fz.module.syncpractice.bookManager.BookManageActivity",
            "com.fz.module.syncpractice.booklist.TextBookListActivity",
            "com.fz.module.syncpractice.followUp.complete.CompleteActivity",
            "com.fz.module.syncpractice.followUp.sentence.SentenceFollowUpActivity",
            "com.fz.module.syncpractice.followUp.word.WordFollowUpActivity",
            "com.fz.module.syncpractice.lessonDetail.LessonDetailActivity",
            "com.fz.module.syncpractice.practiceDetail.PracticeDetailActivity",
            "com.fz.module.syncpractice.unitPractice.UnitPracticeActivity",
            "com.fz.module.syncpractice.unitPractice.practiceTest.BasePracticeActivity",
            "com.fz.module.syncpractice.unitPractice.practiceTest.BaseTestActivity",
            "com.fz.module.syncpractice.unitPractice.practiceTest.ErrorPracticeActivity",
            "com.fz.module.syncpractice.unitPractice.practiceTest.UpPracticeActivity",
            "com.fz.module.syncpractice.unitPractice.practiceTest.UpTestActivity",
            "com.fz.module.viparea.business.Identity.IdentityDetailsActivity",
            "com.fz.module.viparea.buyGiftCard.BuyGiftCardActivity",
            "com.fz.module.viparea.giftCardGive.GiftCardGiveActivity",
            "com.fz.module.viparea.myGiftCard.MyGiftCardActivity",
            "com.fz.module.viparea.myGiftCard.waitGive.GiveOutsideActivity",
            "com.fz.module.viparea.ui.GiftCardShareActivity",
            "com.fz.module.viparea.ui.UserGrowRecordActivity",
            "com.fz.module.viparea.ui.VipCenterActivity",
            "com.fz.module.viparea.ui.VipCenterFromTextbookActivity",
            "com.fz.module.viparea.ui.VipGradeCenterActivity",
            "com.fz.module.viparea.ui.VipGradePrivilegeActivity",
            "com.fz.module.viparea.ui.VipHomeActivity",
            "com.fz.module.viparea.ui.VipHotIpActivity",
            "com.fz.module.viparea.ui.VipModuleMoreActivity",
            "com.fz.module.viparea.ui.packageList.PackageListActivity",
            "com.fz.module.viparea.vipManagerRenew.FZMouthPackageActivity",
            "com.fz.module.wordbook.book.choose.FirstChooseActivity",
            "com.fz.module.wordbook.book.list.BookListActivity",
            "com.fz.module.wordbook.complete.learn.LearnCompleteActivity",
            "com.fz.module.wordbook.complete.review.ReviewCompleteActivity",
            "com.fz.module.wordbook.complete.test.WordTestCompleteActivity",
            "com.fz.module.wordbook.feedback.FeedbackActivity",
            "com.fz.module.wordbook.home.HomeActivity",
            "com.fz.module.wordbook.learn.NewWordLearnActivity",
            "com.fz.module.wordbook.learn.NewWordQuestionActivity",
            "com.fz.module.wordbook.plan.LearnPlanActivity",
            "com.fz.module.wordbook.review.ReviewActivity",
            "com.fz.module.wordbook.review.setting.ReviewSettingActivity",
            "com.fz.module.wordbook.share.CompleteShareActivity",
            "com.fz.module.wordbook.share.PlanCompleteShareActivity",
            "com.fz.module.wordbook.share.ShareActivity",
            "com.fz.module.wordbook.test.WordTestActivity",
            "com.fz.module.wordbook.test.record.TestRecordActivity",
            "com.fz.module.wordbook.test.share.TestCompleteShareActivity",
            "com.fz.module.wordbook.vocabulary.VocabularyActivity",
            "com.fz.module.wordbook.vocabulary.learn.VocabularyErrorActivity",
            "com.fz.module.wordbook.vocabulary.learn.VocabularyLearnActivity",
            "com.fz.ugc.creation.CreationActivity",
            "com.fz.ugc.edit.FZSmallVideoEditActivity",
            "com.fz.ugc.edit.FZVideoEditActivity",
            "com.fz.ugc.edit.FZVideoEditSubtitleActivity",
            "com.fz.ugc.manager.CoverSelectActivity",
            "com.fz.ugc.manager.SmallVideoUploadActivity",
            "com.fz.ugc.manager.UGCActivity",
            "com.fz.ugc.manager.UGCDraftsActivity",
            "com.fz.ugc.manager.UGCJoinActivity",
            "com.fz.ugc.manager.UGCSelectActivity",
            "com.fz.ugc.manager.VideoManagerActivity",
            "com.fz.ugc.manager.VideoTagActivity",
            "com.fz.ugc.manager.VideoUploadActivity",
            "com.fz.ugc.manager.VideoUploadActivity2",
            "com.fz.ugc.notice.NoticeActivity",
            "com.fz.ugc.notice.NoticeDetailActivity",
            "com.fz.ugc.videoselect.VSelectActivity",
            "com.fz.ugc.videoselect.preview.VPreViewActivity",
            "com.huawei.hms.activity.BridgeActivity",
            "com.huawei.hms.activity.EnableServiceActivity",
            "com.huawei.updatesdk.service.otaupdate.AppUpdateActivity",
            "com.huawei.updatesdk.support.pm.PackageInstallerActivity",
            "com.igexin.sdk.GActivity",
            "com.igexin.sdk.GetuiActivity",
            "com.igexin.sdk.PushActivity",
            "com.ishowedu.child.peiyin.douyinapi.DouYinEntryActivity",
            "com.ishowedu.peiyin.ddshare.DDShareActivity",
            "com.ishowedu.peiyin.douyinapi.DouYinEntryActivity",
            "com.ishowedu.peiyin.dubHome.JumpActivity",
            "com.ishowedu.peiyin.fragment.ChangeRankCityActivity",
            "com.ishowedu.peiyin.group.ApplyDetailActivity",
            "com.ishowedu.peiyin.group.ApplyJoinGroupActivity",
            "com.ishowedu.peiyin.group.ChoseAtActivity",
            "com.ishowedu.peiyin.group.FZGroup2ClassDescActivity",
            "com.ishowedu.peiyin.group.GroupBindingDialog",
            "com.ishowedu.peiyin.group.GroupSimpleDetailAcitity",
            "com.ishowedu.peiyin.group.SearchGroupActivity",
            "com.ishowedu.peiyin.group.UnprogressMatterActivity",
            "com.ishowedu.peiyin.group.groupDetail.AddSettingActivity",
            "com.ishowedu.peiyin.group.groupDetail.GroupDetailActivity",
            "com.ishowedu.peiyin.group.groupEdit.GroupEditActivity",
            "com.ishowedu.peiyin.group.groupEdit.GroupInviteActivity",
            "com.ishowedu.peiyin.group.groupEdit.GroupMemberActivity",
            "com.ishowedu.peiyin.group.groupEdit.GroupMemberInviteActivity",
            "com.ishowedu.peiyin.group.groupEdit.GroupMemberInviteSearchActivity",
            "com.ishowedu.peiyin.group.groupEdit.GroupMyNickNameChangeActivity",
            "com.ishowedu.peiyin.group.groupManager.AddGroupManagerActivity",
            "com.ishowedu.peiyin.group.groupManager.GroupManagerActivity",
            "com.ishowedu.peiyin.group.groupManager.GroupManagerLevelModifyActivity",
            "com.ishowedu.peiyin.group.shareToGroup.GroupListShareActivity",
            "com.ishowedu.peiyin.group.task.AddGroupTaskAlbumDetailActivity",
            "com.ishowedu.peiyin.group.task.AddGroupTaskCourseListActivity",
            "com.ishowedu.peiyin.group.task.TaskDetailActivity",
            "com.ishowedu.peiyin.group.wrapper.CameraProtectActivity",
            "com.ishowedu.peiyin.group.wrapper.GroupChatWrapperActivity",
            "com.ishowedu.peiyin.hotRank.HowToBeBestShowActivity",
            "com.ishowedu.peiyin.hotRank.IShowCourseRankActivity",
            "com.ishowedu.peiyin.iShow.IShowCourseListActivity",
            "com.ishowedu.peiyin.iShow.IShowHomeActivity",
            "com.ishowedu.peiyin.iShow.IShowMainActivity",
            "com.ishowedu.peiyin.iShow.IShowWebActivity",
            "com.ishowedu.peiyin.iShow.iShowHotRank.IShowTopRankActivity",
            "com.ishowedu.peiyin.im.view.FZNoticeEditActivity",
            "com.ishowedu.peiyin.im.view.MessageTestActivity",
            "com.ishowedu.peiyin.im.view.imgroup.GroupHistoryTaskActivity",
            "com.ishowedu.peiyin.im.view.imgroup.GroupPersonDubbingListActivity",
            "com.ishowedu.peiyin.im.view.imgroup.GroupTaskPerformanceActivity",
            "com.ishowedu.peiyin.im.view.imgroup.GroupWeekContributionActivity",
            "com.ishowedu.peiyin.localaImageManager.ImageGridActivity",
            "com.ishowedu.peiyin.localaImageManager.PickPhotoActivity",
            "com.ishowedu.peiyin.localaImageManager.PreviewActivity",
            "com.ishowedu.peiyin.login.SignActivity",
            "com.ishowedu.peiyin.me.ActivitysActivity",
            "com.ishowedu.peiyin.mini.ddshare.DDShareActivity",
            "com.ishowedu.peiyin.mini.douyinapi.DouYinEntryActivity",
            "com.ishowedu.peiyin.mini.wxapi.WXEntryActivity",
            "com.ishowedu.peiyin.mini.wxapi.WXPayEntryActivity",
            "com.ishowedu.peiyin.search.SearchCourseContentActivity",
            "com.ishowedu.peiyin.setting.AboutUsActivity",
            "com.ishowedu.peiyin.setting.BlackNameListActivity",
            "com.ishowedu.peiyin.setting.ChangeNicknameActivity",
            "com.ishowedu.peiyin.setting.ChangePwdActivity",
            "com.ishowedu.peiyin.setting.ChangeSignatureActivity",
            "com.ishowedu.peiyin.setting.DisclaimActivity",
            "com.ishowedu.peiyin.setting.PersonInfoActivity",
            "com.ishowedu.peiyin.setting.SelectSchoolActivity",
            "com.ishowedu.peiyin.setting.SelectSchoolOnlyActivity",
            "com.ishowedu.peiyin.setting.SpaceActivity",
            "com.ishowedu.peiyin.setting.SuggestVideoActivity",
            "com.ishowedu.peiyin.setting.UserInfoActivity",
            "com.ishowedu.peiyin.setting.dvchange.FZDvChangeActivity",
            "com.ishowedu.peiyin.space.attention.AttentionActivity",
            "com.ishowedu.peiyin.space.coursecollect.CourseCollectActivity",
            "com.ishowedu.peiyin.space.dubbingart.DubbingListChoiceActivity",
            "com.ishowedu.peiyin.space.dubbingart.ShowVideoActivity",
            "com.ishowedu.peiyin.space.fans.FansActivity",
            "com.ishowedu.peiyin.space.message.comment.CommentMessageActivity",
            "com.ishowedu.peiyin.space.message.good.GoodMessageActivity",
            "com.ishowedu.peiyin.space.message.user.PrivateMsgActivity",
            "com.ishowedu.peiyin.space.message.xiaoqu.VideoPreviewActivity",
            "com.ishowedu.peiyin.space.message.xiaoqu.XiaoQuMessageActivity",
            "com.ishowedu.peiyin.space.photo.PictureViewActivity",
            "com.ishowedu.peiyin.space.webview.WebViewActivity",
            "com.ishowedu.peiyin.ui.MedalAndCertActivity",
            "com.ishowedu.peiyin.ui.PermissionSettingActivity",
            "com.ishowedu.peiyin.ui.PureAgreeActivity",
            "com.ishowedu.peiyin.ui.PureWebViewActivity",
            "com.ishowedu.peiyin.ui.certificate.CertificateShareActivity",
            "com.ishowedu.peiyin.weex.WeexTestActivity",
            "com.ishowedu.peiyin.wxapi.WXEntryActivity",
            "com.ishowedu.peiyin.wxapi.WXPayEntryActivity",
            "com.sina.weibo.sdk.component.WeiboSdkBrowser",
            "com.sina.weibo.sdk.share.WbShareResultActivity",
            "com.sina.weibo.sdk.share.WbShareToStoryActivity",
            "com.sina.weibo.sdk.share.WbShareTransActivity",
            "com.sina.weibo.sdk.web.WeiboSdkWebActivity",
            "com.tencent.bugly.beta.ui.BetaActivity",
            "com.tencent.connect.common.AssistActivity",
            "com.tencent.tauth.AuthActivity",
            "com.unionpay.UPPayWapActivity",
            "com.unionpay.uppay.PayActivity",
            "com.yalantis.ucrop.UCropActivity",
            "demo.VideoActivity",
            "refactor.GeTuiPushActivity",
            "refactor.business.EvaluationDialogActivity",
            "refactor.business.TestActivity",
            "refactor.business.bagmodule.BagModuleListActivity",
            "refactor.business.circle.publish.ui.FZCreateTopicActivity",
            "refactor.business.circle.rank.FZCircleRankActivity",
            "refactor.business.circle.search.FZCircleSearchActivity",
            "refactor.business.circle.topic.FZPushTrendsActivity",
            "refactor.business.circle.topic.FZPushWorksActivity",
            "refactor.business.circle.topic.FZTopicCommentActivity",
            "refactor.business.circle.topic.FZTopicDetailActivity",
            "refactor.business.circle.topic.FZTopicListActivity",
            "refactor.business.classTask.addTask.AddTaskActivity",
            "refactor.business.classTask.addTask.AddTaskSuccessActivity",
            "refactor.business.classTask.preview.VideoPreviewActivity",
            "refactor.business.classTask.preview.ligthLessonPreview.LightLessonVideoPreviewActivity",
            "refactor.business.classTask.preview.onlyPreview.VideoOnlyPreviewActivity",
            "refactor.business.classTask.selectWord.SelectWordActivity",
            "refactor.business.classTask.srtSearch.SrtSearchActivity",
            "refactor.business.classTask.taskPlan.TaskPlanActivity",
            "refactor.business.classTask.taskPlanDetail.TaskPlanDetailActivity",
            "refactor.business.classTask.titleSearch.TitleSearchActivity",
            "refactor.business.commentDetail.AllCommentDetailActivity",
            "refactor.business.commonPay.album.AlbumPayActivity",
            "refactor.business.commonPay.common.CommonPayActivity",
            "refactor.business.commonPay.fm.FmPayActivity",
            "refactor.business.commonPay.payCollage.PayCollageActivity",
            "refactor.business.commonPay.payLightLesson.PayLightLessonActivity",
            "refactor.business.commonPay.payMainCourse.PayMainCourseActivity",
            "refactor.business.commonPay.read.CollationPayActivity",
            "refactor.business.commonPay.strategy.StrategyPayActivity",
            "refactor.business.commonPay.tv.TvPayActivity",
            "refactor.business.contact.activity.FZContactFriendActivity",
            "refactor.business.contact.activity.FZFindFriendActivity",
            "refactor.business.contact.activity.FZMoreFriendActivity",
            "refactor.business.contact.activity.FZNewFriendActivity",
            "refactor.business.contest.ui.FZContestCertificateActivity",
            "refactor.business.contest.ui.FZContestCertificateSetActivity",
            "refactor.business.contest.ui.FZContestCoursesActivity",
            "refactor.business.contest.ui.FZContestCoursesActivity2",
            "refactor.business.contest.ui.FZContestCreateActivity",
            "refactor.business.contest.ui.FZContestCreateListActivity",
            "refactor.business.contest.ui.FZContestDescActivity",
            "refactor.business.contest.ui.FZContestDetailActivity",
            "refactor.business.contest.ui.FZContestHomeActivity",
            "refactor.business.contest.ui.FZContestPrizeSetActivity",
            "refactor.business.contest.ui.FZContestRuleActivity",
            "refactor.business.contest.ui.FZContestUsersActivity",
            "refactor.business.contest.ui.FZJoinedPersonActivity",
            "refactor.business.contest.ui.FZMatchPersonDetailActivity",
            "refactor.business.contest.ui.FZMatchShowListActivity",
            "refactor.business.dub.LessonWorkDetail.LessonWorkDetailActivity",
            "refactor.business.dub.activity.FZDubbingReportActivity",
            "refactor.business.dub.activity.FZShareCourseActivity",
            "refactor.business.dub.activity.FZShowDubActivity",
            "refactor.business.dub.activity.FZShowDubActivityCompat",
            "refactor.business.dub.activity.FZShowDubUserPlanActivityCompat",
            "refactor.business.dub.activity.FZStrategyActivity",
            "refactor.business.dub.complete.DubCompleteActivity",
            "refactor.business.dub.complete.DubNewCompleteActivity",
            "refactor.business.dub.complete.DubNewKnowledgePoinitsQuestionActivity",
            "refactor.business.dub.complete.DubNewQuestionCompleteActivity",
            "refactor.business.dub.cooperation.list.CooperationListActivity",
            "refactor.business.dub.dub.DubActivity",
            "refactor.business.dub.dub.TransparentDubActivity",
            "refactor.business.dub.dubPreview.DubPreviewActivity",
            "refactor.business.dub.dubPreview.TransparentDubPreviewActivity",
            "refactor.business.dub.dubbing.AddNewWordBookActivity",
            "refactor.business.dub.dubbing.FZDubbingActivity",
            "refactor.business.dub.lightLessonPreview.LightLessonPreviewActivity",
            "refactor.business.dubGrade.DubGradeTestActivity",
            "refactor.business.feedback.lightlesson.LessonFeedBackActivity",
            "refactor.business.feedback.lightmain.LessonMainFeedBackActivity",
            "refactor.business.feedback.syncPractice.SyncPracticeFeedbackActivity",
            "refactor.business.group.activity.FZCreateGroupActivity",
            "refactor.business.group.activity.FZFindgroupActivity",
            "refactor.business.group.activity.FZGroupConfirmActivity",
            "refactor.business.group.activity.FZGroupListByModuleActivity",
            "refactor.business.group.activity.FZGroupSearchActivity",
            "refactor.business.group.activity.FZGroupSimpleDetailActivity",
            "refactor.business.group.activity.FZGroupTagEditActivity",
            "refactor.business.group.activity.FZPersonGroupActivity",
            "refactor.business.group.activity.FZTabGroupListActivity",
            "refactor.business.group.activity.FZTaskDetailActivity",
            "refactor.business.homeGuide.FirstHomeGuideSelectActivity",
            "refactor.business.homeGuide.HomeGuideActivity",
            "refactor.business.homeGuide.HomeGuideSelectActivity",
            "refactor.business.learn.activity.FZDownloadNicetalkActivity",
            "refactor.business.learn.activity.FZFmCourseActivity",
            "refactor.business.learn.activity.FZFmCourseActivityCompat",
            "refactor.business.learn.activity.FZFmCourseAudioDetailActivity",
            "refactor.business.learn.activity.FZFmCourseAudioPlayActivity",
            "refactor.business.learn.activity.FZFmCourseAudioPlayJumpActivity",
            "refactor.business.learn.activity.FZFmCourseDetailActivity",
            "refactor.business.learn.activity.FZFmCourseDetailActivityCompat",
            "refactor.business.learn.activity.FZFmCourseSoldOutActivity",
            "refactor.business.learn.activity.FZFmCourseToEvaluateActivity",
            "refactor.business.learn.activity.FZFmDubActivity",
            "refactor.business.learn.activity.FZFmRecommendListActivity",
            "refactor.business.learn.activity.FZLearnSearchActivity",
            "refactor.business.learn.activity.FZLearnSearchFmActivity",
            "refactor.business.learn.activity.FZLearnSearchTvActivity",
            "refactor.business.learn.activity.PictureBookActivity",
            "refactor.business.learn.collation.collationDetail.FZCollationDetailActivity",
            "refactor.business.learn.collation.collationHome.activity.FZCollationHomeActivity",
            "refactor.business.learn.collation.collationList.FZCollationListActivity",
            "refactor.business.learn.collation.myCollation.FZMyCollationActivity",
            "refactor.business.learnPlan.activity.FZLearnPlanDetailActivity",
            "refactor.business.learnPlan.activity.FZLearnPlanHomeActivity",
            "refactor.business.learnPlan.activity.FZLearnPlanPreviewActivity",
            "refactor.business.learnPlan.activity.FZLearnPlanStepActivity",
            "refactor.business.learnPlan.allTollPlan.AllTollPlanActivity",
            "refactor.business.learnPlan.home.LearnPlanHomeActivity",
            "refactor.business.learnPlan.home.morePlan.MorePlanActivity",
            "refactor.business.learnPlan.learnPlanTest.TestStartActivity",
            "refactor.business.learnPlan.learnPlanTest.customPlan.CustomPlanActivity",
            "refactor.business.learnPlan.learnPlanTest.dubTest.formalTest.FormalTestActivity",
            "refactor.business.learnPlan.learnPlanTest.dubTest.levelTest.LevelTestActivity",
            "refactor.business.learnPlan.learnPlanTest.dubTest.levelTest.LevelTestBeginActivity",
            "refactor.business.learnPlan.learnPlanTest.dubTest.levelTest.LevelTestBeginActivityCompat",
            "refactor.business.learnPlan.learnPlanTest.dubTest.warmUpTest.WarmUpTestActivity",
            "refactor.business.learnPlan.learnPlanTest.joinPlan.JoinPlanActivity",
            "refactor.business.learnPlan.learnPlanTest.levelTestReport.LevelTestReportActivity",
            "refactor.business.learnPlan.learnPlanTest.levelTestReport.LevelTestReportActivityCompat",
            "refactor.business.learnPlan.learnPlanTest.payLearnPlan.PayLearnPlanActivity",
            "refactor.business.learnPlan.learnPlanTest.report.DubTestReportActivity",
            "refactor.business.learnPlan.learnPlanTest.report.DubTestReportRemoteActivity",
            "refactor.business.learnPlan.learnPlanTest.warmUp.WarmUpBeginActivity",
            "refactor.business.learnPlan.learnPlanTest.warmUp.WarmUpEndActivity",
            "refactor.business.learnPlan.planAchievement.PlanAchievementActivity",
            "refactor.business.learnPlan.planDetail.LearnPlanDetailActivity",
            "refactor.business.learnPlan.planDetail.LearnPlanDetailActivityCompat",
            "refactor.business.learnPlan.planDetail.eclusivePlan.ExclusivePlanDetailActivity",
            "refactor.business.learnPlan.planDetail.eclusivePlan.ExclusivePlanDetailActivityCompat",
            "refactor.business.learnPlan.planDetail.notPlanDetail.NotPlanDetailActivity",
            "refactor.business.learnPlan.planDetail.tollLearnPlan.TollLearnPlanDetailActivity",
            "refactor.business.learnPlan.report.LearnPlanReportActivity",
            "refactor.business.learnPlan.report.exclusivePlan.ExclusivePlanReportActivity",
            "refactor.business.learnPlan.report.tollPlan.TollPlanReportActivity",
            "refactor.business.learningCourses.albumList.AlbumListActivity",
            "refactor.business.login.activity.AuthCodeEnterActivity",
            "refactor.business.login.activity.FZAttributeChooseActivity",
            "refactor.business.login.activity.FZCodeEnterActivity",
            "refactor.business.login.activity.FZGenerateContentActivity",
            "refactor.business.login.activity.FZGuideActivity",
            "refactor.business.login.activity.FZRecommendFollowActivity",
            "refactor.business.login.activity.TeenagerDialogActivity",
            "refactor.business.login.authPhone.AuthPhone2Activity",
            "refactor.business.login.authPhone.AuthPhoneActivity",
            "refactor.business.login.bindPhone.BindPhoneActivity",
            "refactor.business.login.bindPhone.BindPhoneNoPassActivity",
            "refactor.business.login.bindPhone.ChangePhoneActivity",
            "refactor.business.login.findBack.AccountFindBackActivity",
            "refactor.business.login.findBack.ChooseAccountActivity",
            "refactor.business.login.newentry.NewEntryLoginActivity",
            "refactor.business.login.noPasswordLogin.NoPasswordLoginActivity",
            "refactor.business.login.normalLogin.NormalLoginActivity",
            "refactor.business.login.normalLogin.NormalLoginIPadActivity",
            "refactor.business.login.passwordLogin.PasswordLoginActivity",
            "refactor.business.login.phoneVerify.PhoneVerifyActivity",
            "refactor.business.login.phoneVerify.SettingPasswordActivity",
            "refactor.business.login.reservedPhone.ReservedPhoneActivity",
            "refactor.business.login.unbindphone.UnbindPhoneActivity",
            "refactor.business.main.activity.BrowseHistoryActivity",
            "refactor.business.main.activity.FZAlbumListActivity",
            "refactor.business.main.activity.FZBestShowActivity",
            "refactor.business.main.activity.FZBookManageActivity",
            "refactor.business.main.activity.FZChooseGradeActivity",
            "refactor.business.main.activity.FZChoosePublisherActivity",
            "refactor.business.main.activity.FZCourseAlbumActivity",
            "refactor.business.main.activity.FZCourseAlbumTaskActivity",
            "refactor.business.main.activity.FZFiltrateActivity",
            "refactor.business.main.activity.FZGroupMsgActivity",
            "refactor.business.main.activity.FZMainActivity",
            "refactor.business.main.activity.FZMsgCenterActivity",
            "refactor.business.main.activity.FZMsgManageActivity",
            "refactor.business.main.activity.FZRankActivity",
            "refactor.business.main.activity.FZReLoginDialogActivity",
            "refactor.business.main.activity.FZSearchActivity",
            "refactor.business.main.activity.FZSeriesListActivity",
            "refactor.business.main.activity.FZSignInActivity",
            "refactor.business.main.activity.FZSinglePersonListActivity",
            "refactor.business.main.activity.FZTaskAlbumListActivity",
            "refactor.business.main.activity.FZTaskSearchActivity",
            "refactor.business.main.activity.FZTextBookListActivity",
            "refactor.business.main.activity.FZTreasureBoxActivity",
            "refactor.business.main.activity.FZVipDivisionActivity",
            "refactor.business.main.activity.MsgCenterPushActivity",
            "refactor.business.main.activity.PrivateMsgControlActivity",
            "refactor.business.main.album.AlbumListActivity",
            "refactor.business.main.album.JKAlbumWrapperActivity",
            "refactor.business.main.courseFilter.activity.FZCourseFilterActivity",
            "refactor.business.main.courseFilter.activity.FZCourseNatureActivity",
            "refactor.business.main.dialog.vipbirthgift.VipBirthGifDialogActivity",
            "refactor.business.main.dynamic.activity.FZBirthDayDetailActivity",
            "refactor.business.main.dynamic.activity.FZDynamicActivity",
            "refactor.business.main.dynamic.activity.FZDynamicCaptureActivity",
            "refactor.business.main.guesslove.ui.FZGuessLoveFullActivity",
            "refactor.business.main.guesslove.ui.FZGuessLoveListActivity",
            "refactor.business.main.guide.DubGuideActivity",
            "refactor.business.main.history.FZHistoryActivity",
            "refactor.business.main.home.HomeFmShareActivity",
            "refactor.business.main.home.activity.FZIntentMockExamActivity",
            "refactor.business.main.home.activity.FZShowsActivity",
            "refactor.business.main.home.cooperation.CooperationActivity",
            "refactor.business.main.home.hotRank.HotRankActivity",
            "refactor.business.main.home.mustRank.MustRankActivity",
            "refactor.business.main.home.textbook.TextbookListActivity",
            "refactor.business.main.home.view.FZHomeVipPlusActivity",
            "refactor.business.main.publishingHome.activity.FZPressListActivity",
            "refactor.business.main.publishingHome.activity.FZPressTextbookActivity",
            "refactor.business.main.publishingHome.activity.TextbookActivity",
            "refactor.business.main.publishingHome.manage.BookManageActivity",
            "refactor.business.main.recentSee.RecentSeeAlbumActivity",
            "refactor.business.main.seriesList.SeriesListActivity",
            "refactor.business.main.soundRectifying.activity.FZSoundRectifyingActivity",
            "refactor.business.main.studyReport.StudyReportActivity",
            "refactor.business.main.teenagerSetting.FZTeenagerSetCodeActivity",
            "refactor.business.main.teenagerSetting.FZTeenagerSetCodeAgainActivity",
            "refactor.business.main.teenagerSetting.FZTeenagerSettingActivity",
            "refactor.business.main.teenagerSetting.TeenagerControlActivity",
            "refactor.business.main.teenagerSetting.TeenagerModifyPasswordActivity",
            "refactor.business.main.todaySign.TodayClockInListActivity",
            "refactor.business.me.activity.AlbumPictureViewActivity",
            "refactor.business.me.activity.FZActivitiesActivity",
            "refactor.business.me.activity.FZAppToolsActivity",
            "refactor.business.me.activity.FZChooseLevelActivity",
            "refactor.business.me.activity.FZInvitaleActivity",
            "refactor.business.me.activity.FZMedalShowManageActivity",
            "refactor.business.me.activity.FZMyAttentionActivity",
            "refactor.business.me.activity.FZMyFansActivity",
            "refactor.business.me.activity.FZMyPhotoAlbumActivity",
            "refactor.business.me.activity.FZNotifySettingActivity",
            "refactor.business.me.activity.FZPersonHomeActivity",
            "refactor.business.me.activity.FZPrivilegeDetailActivity",
            "refactor.business.me.activity.FZSVipPayActivity",
            "refactor.business.me.activity.FZSelectEducationActivity",
            "refactor.business.me.activity.FZSelectIdentityActivity",
            "refactor.business.me.activity.FZSelectLearningActivity",
            "refactor.business.me.activity.FZShareMedalActivity",
            "refactor.business.me.activity.FZShareTextbookActivity",
            "refactor.business.me.activity.FZShopActivity",
            "refactor.business.me.activity.FZStrategyListActivity",
            "refactor.business.me.activity.FZVipIntroduceActivity",
            "refactor.business.me.activity.FZVipPayActivity",
            "refactor.business.me.activity.FZVipPayIntroduceActivity",
            "refactor.business.me.activity.FZVisitorActivity",
            "refactor.business.me.cdkey.FZCdKeyActivateActivity",
            "refactor.business.me.collection.activity.FZCollectionFMActivity",
            "refactor.business.me.collection.activity.FZCollectionSpecialColActivity",
            "refactor.business.me.collection.activity.FZCollectionTVActivity",
            "refactor.business.me.collection.activity.FZCollectionVideoActivity",
            "refactor.business.me.collection.activity.FZDubFolderEditActivity",
            "refactor.business.me.collection.activity.FZDubFolderInfoActivity",
            "refactor.business.me.collection.activity.FZTabCollectionActivity",
            "refactor.business.me.coupon.FZCouponActivity",
            "refactor.business.me.coupon.FZCouponGetActivty",
            "refactor.business.me.eyeProtectMode.EyeModeSettingActivity",
            "refactor.business.me.moreDubExplain.MoreDubExplainActivity",
            "refactor.business.me.moreMainCourse.MoreMainCourseActivity",
            "refactor.business.me.myDubList.MyDubListActivity",
            "refactor.business.me.myWallet.MyWalletActivity",
            "refactor.business.me.myWallet.transactionRecord.TransactionRecordActivity",
            "refactor.business.me.purchase.activity.FZPurchasedAlbumActivity",
            "refactor.business.me.purchase.activity.FZPurchasedCollationActivity",
            "refactor.business.me.purchase.activity.FZPurchasedFMActivity",
            "refactor.business.me.purchase.activity.FZPurchasedTVActivity",
            "refactor.business.me.purchasedCourse.PurchasedCourseActivity",
            "refactor.business.me.purchasedMineCourse.PurchasedCourseMineActivity",
            "refactor.business.me.report.ReportActivity",
            "refactor.business.me.report.pickPicture.PickAlbumPictureActivity",
            "refactor.business.me.report.pickPicture.PickPictureActivity",
            "refactor.business.me.subscribe.activity.FZSubscribeHomeActivity",
            "refactor.business.me.vip.FZVipCenterActivity",
            "refactor.business.message.activity.FZNewFansActivity",
            "refactor.business.message.activity.FZTabPrivateMessageActivity",
            "refactor.business.message.cooperationMsg.CooperationMsgActivity",
            "refactor.business.message.notify.FZNewNotifyMessageActivity",
            "refactor.business.message.unfollow.FZUnFollowConversationActivity",
            "refactor.business.newFm.activity.FZNewFmModuleMoreActivity",
            "refactor.business.newFm.activity.FZNewFmMoreCourseActivity",
            "refactor.business.nwords.NewWordsActivity",
            "refactor.business.nwords.NewWordsCompleteActivity",
            "refactor.business.nwords.NewWordsSettingActivity",
            "refactor.business.nwords.WordsLearnActivity",
            "refactor.business.ocrtask.OcrTaskDubActivity",
            "refactor.business.payDetail.album.AlbumPayActivity",
            "refactor.business.payDetail.common.CommonPayActivity",
            "refactor.business.payDetail.fm.FmPayActivity",
            "refactor.business.payDetail.lightLesson.LightLessonPayActivity",
            "refactor.business.payDetail.mainCourse.MainCoursePayActivity",
            "refactor.business.payDetail.vip.VipPayActivity",
            "refactor.business.plan.AddPlanActivity",
            "refactor.business.plan.PlanRecommendMoreListActivity",
            "refactor.business.qpywebview.QpyWebViewActivity",
            "refactor.business.recordCourse.activity.FZTVDetailActivity",
            "refactor.business.recordCourse.activity.FZTVDetailActivityCompat",
            "refactor.business.recordCourse.activity.FZTVRecommendActivity",
            "refactor.business.recordCourse.activity.FZTVSelectionsActivity",
            "refactor.business.recordCourse.activity.FZTVsHomeActivity",
            "refactor.business.school.activity.FZSchoolAddActivity",
            "refactor.business.school.activity.FZSchoolShowsActivity",
            "refactor.business.school.choose.ChooseSchoolGradeActivity",
            "refactor.business.schoolClass.activity.ClassChooseStudentActivity",
            "refactor.business.schoolClass.activity.ClassChooseTeacherActivity",
            "refactor.business.schoolClass.activity.ClazzMemberListActivity",
            "refactor.business.schoolClass.activity.FZClassActivity",
            "refactor.business.schoolClass.activity.FZClassDetailActivity",
            "refactor.business.schoolClass.activity.FZClassManageActivity",
            "refactor.business.schoolClass.activity.FZClassMsgActivity",
            "refactor.business.schoolClass.activity.FZClassTaskDetailActivity",
            "refactor.business.schoolClass.activity.FZClassTaskDetailStudentActivityCompat",
            "refactor.business.schoolClass.activity.FZClassTaskDetailTeacherActivityCompat",
            "refactor.business.schoolClass.activity.FZClassTeacherAuthActivity",
            "refactor.business.schoolClass.activity.FZCreateClassActivity",
            "refactor.business.schoolClass.activity.FZCreateClassResultActivity",
            "refactor.business.schoolClass.activity.FZErrorWordActivity",
            "refactor.business.schoolClass.activity.FZErrorWordsStatusActivity",
            "refactor.business.schoolClass.activity.FZJoinClassActivity",
            "refactor.business.schoolClass.activity.FZOcrTaskPreviewActivity",
            "refactor.business.schoolClass.activity.FZPublishClassOcrWorkActivity",
            "refactor.business.schoolClass.activity.FZSetManagerActivity",
            "refactor.business.schoolClass.activity.FZWordExerciseActicity",
            "refactor.business.schoolClass.activity.FZWordExerciseIntroActivity",
            "refactor.business.schoolClass.activity.QueryClassTaskActivity",
            "refactor.business.schoolClass.activity.SimpleModifyTextActivity",
            "refactor.business.schoolClass.classDetail.ChangeNameActivity",
            "refactor.business.schoolClass.classDetail.student.ClassDetailStudentActivity",
            "refactor.business.schoolClass.classDetail.teacher.ClassDetailTeacherActivity",
            "refactor.business.schoolClass.taskManage.TaskManageActivity",
            "refactor.business.settings.activity.AppPermissionSettingActivity",
            "refactor.business.settings.activity.CommonFragmentActivity",
            "refactor.business.settings.activity.DevelopActivity",
            "refactor.business.settings.activity.FZBindDetailActivity",
            "refactor.business.settings.activity.FZBlackNameListActivity",
            "refactor.business.settings.activity.FZChangePhoneActivity",
            "refactor.business.settings.activity.FZChangePwdActivity",
            "refactor.business.settings.activity.FZSetLoginPwdActivity",
            "refactor.business.settings.activity.FZSettingsActivity",
            "refactor.business.settings.activity.GradeModeSettingActivity",
            "refactor.business.settings.activity.SchemeTestActivity",
            "refactor.business.settings.activity.UploadLogActivity",
            "refactor.business.settings.bindManage.BindManageActivity",
            "refactor.business.settings.changePhoneAuth.ChangeAuthActivity",
            "refactor.business.settings.changePhoneAuth.ChangePhoneAuthActivity",
            "refactor.business.sign.calendar.ShareTreasureBoxActivity",
            "refactor.business.sign.calendar.SignCalendarActivity",
            "refactor.business.sign.main.SignAndTaskActivity",
            "refactor.business.sign.main.share.SignAlbumCompleteShareActivity",
            "refactor.business.specialColumn.activity.FZSpeColDetailActivity",
            "refactor.business.specialColumn.activity.FZSpecialColListActivity",
            "refactor.business.splash.FZSplashActivity",
            "refactor.business.splash.HomeJumpActivity",
            "refactor.business.talent.activity.FZTalentEditActivity",
            "refactor.business.talent.activity.FZTalentReviewActivity",
            "refactor.business.tinkerpatcher.TinkerPatcher1Activity",
            "refactor.business.tinkerpatcher.TinkerPatcher2Activity",
            "refactor.business.tinkerpatcher.TinkerPatcher3Activity",
            "refactor.business.toppicList.TopPicListActivity",
            "refactor.business.webview.ui.FZWebViewActivity",
            "refactor.business.webview.ui.FZWebViewNotHeadActivity",
            "refactor.business.word.activity.FZTabWordListActivity",
            "refactor.common.DialogActivity",
            "refactor.common.ExceptionActivity",
            "refactor.common.base.FZEditDescActivity",
            "refactor.common.dialog.ImageAdDialogActivity",
            "refactor.common.picturePicker.FZPicturePickerActivity",
            "refactor.common.pictureView.FZPictureViewActivity",
            "refactor.dependence.EvaluationContinueTipDialogActivity",
            "refactor.testReady.EvaluateGuideStageActivity",
            "refactor.testReady.SelectBirthdayActivity",
            "refactor.testReady.SelectClassActivity",
            "refactor.testReady.SelectLevelActivity",
            "refactor.testReady.SelectResultActivity2",
            "refactor.thirdParty.qiyukf.QiyuServiceActivity",
            "refactor.thirdParty.secondStudy.SecondStudyDescActivity"
        ],
        "services": [
            "androidx.room.MultiInstanceInvalidationService",
            "com.alibaba.android.bindingx.plugin.weex.WXBindingXModuleService",
            "com.baidu.location.f",
            "com.fz.lib.media.audio.FZAudioPlaysevice",
            "com.fz.lib.media.audio.FZIjkPlaysevice",
            "com.getui.gtc.GtcService",
            "com.huawei.agconnect.core.ServiceDiscovery",
            "com.huawei.hms.support.api.push.service.HmsMsgService",
            "com.iflytek.voiceads.update.DownloadService",
            "com.igexin.sdk.GService",
            "com.igexin.sdk.HmsPushMessageService",
            "com.igexin.sdk.OppoAppPushService",
            "com.igexin.sdk.OppoPushService",
            "com.igexin.sdk.PushService",
            "com.ishowedu.peiyin.download.UpdateService",
            "com.ishowedu.peiyin.services.DownloadCourseService",
            "com.ishowedu.peiyin.services.FZHmsMessageService",
            "com.liulishuo.filedownloader.services.FileDownloadService$SeparateProcessService",
            "com.liulishuo.filedownloader.services.FileDownloadService$SharedMainProcessService",
            "com.meizu.cloud.pushsdk.NotificationService",
            "com.qq.e.comm.DownloadService",
            "com.vivo.push.sdk.service.CommandClientService",
            "com.wapp.active.components.GuardCancelService",
            "com.wapp.active.components.GuardService",
            "com.xiaomi.mipush.sdk.MessageHandleService",
            "com.xiaomi.mipush.sdk.PushMessageHandler",
            "io.rong.imlib.ipc.RongService",
            "io.rong.push.platform.hms.HMSPushService",
            "io.rong.push.rongpush.PushService",
            "refactor.business.audioPlay.FZAudioPlaysevice",
            "refactor.business.me.FZUpdateVipService",
            "refactor.service.FZDownloadService",
            "refactor.service.FZUpdateRemarkService",
            "refactor.service.FZUpdateUserInfoService",
            "refactor.service.NetWorkCheckService",
            "refactor.service.ProtectEyesModeService",
            "refactor.service.RunningTimeService",
            "refactor.service.ScreenOnOffService",
            "refactor.service.SensitiveWordService",
            "refactor.service.SensitiveWordService",
            "refactor.service.tinkerpatcher.TinkerPatcher1Service",
            "refactor.service.tinkerpatcher.TinkerPatcher1Service",
            "refactor.service.tinkerpatcher.TinkerPatcher1Service",
            "refactor.thirdParty.getui.GeTuiIntentService",
            "refactor.thirdParty.getui.GeTuiPushService"
        ],
        "receivers": [
            "com.fz.module.dub.receiver.VideoPlayBroadcastReceiver",
            "com.huawei.hms.support.api.push.PushMsgReceiver",
            "com.huawei.hms.support.api.push.PushReceiver",
            "com.igexin.sdk.FlymePushReceiver",
            "com.igexin.sdk.HmsPushReceiver",
            "com.igexin.sdk.MiuiPushReceiver",
            "com.igexin.sdk.PushReceiver",
            "com.igexin.sdk.VivoPushMessageReceiver",
            "com.ishowedu.peiyin.services.BootUpReceiver",
            "com.ishowedu.peiyin.services.SealNotificationReceiver",
            "com.ishowedu.peiyin.services.StateReceiver",
            "com.meizu.cloud.pushsdk.MzPushSystemReceiver",
            "com.wapp.active.components.GuardBrocastReceiver",
            "io.rong.imlib.ConnectChangeReceiver",
            "io.rong.imlib.HeartbeatReceiver",
            "io.rong.push.platform.meizu.MeiZuReceiver",
            "io.rong.push.platform.mi.MiMessageReceiver",
            "io.rong.push.rongpush.PushReceiver",
            "refactor.business.FZNetworkChangeReceiver",
            "refactor.business.FZNotifyReceiver",
            "refactor.business.FZSignInNotifyReceiver",
            "refactor.receiver.FmBroadcastReceiver"
        ],
        "permission_details": {
            "android.hardware.camera.autofocus": "unknown",
            "android.permission.ACCESS_COARSE_LOCATION": "dangerous",
            "android.permission.ACCESS_LOCATION_EXTRA_COMMANDS": "normal",
            "android.permission.ACCESS_NETWORK_STATE": "normal",
            "android.permission.ACCESS_WIFI_STATE": "normal",
            "android.permission.BLUETOOTH": "normal",
            "android.permission.CAMERA": "dangerous",
            "android.permission.CHANGE_NETWORK_STATE": "normal",
            "android.permission.CHANGE_WIFI_STATE": "normal",
            "android.permission.DEVICE_POWER": "unknown",
            "android.permission.DISABLE_KEYGUARD": "normal",
            "android.permission.FLASHLIGHT": "unknown",
            "android.permission.FOREGROUND_SERVICE": "normal",
            "android.permission.GET_TASKS": "unlaballed",
            "android.permission.INTERNET": "normal",
            "android.permission.MODIFY_AUDIO_SETTINGS": "normal",
            "android.permission.READ_EXTERNAL_STORAGE": "dangerous",
            "android.permission.READ_LOGS": "unlaballed",
            "android.permission.READ_PHONE_STATE": "dangerous",
            "android.permission.RECEIVE_BOOT_COMPLETED": "normal",
            "android.permission.RECEIVE_USER_PRESENT": "unknown",
            "android.permission.RECORD_AUDIO": "dangerous",
            "android.permission.REQUEST_INSTALL_PACKAGES": "signature",
            "android.permission.SCHEDULE_EXACT_ALARM": "signature",
            "android.permission.SYSTEM_ALERT_WINDOW": "signature",
            "android.permission.VIBRATE": "normal",
            "android.permission.WAKE_LOCK": "normal",
            "android.permission.WRITE_EXTERNAL_STORAGE": "dangerous",
            "android.permission.WRITE_OWNER_DATA": "unknown",
            "com.coloros.mcs.permission.RECIEVE_MCS_MESSAGE": "unknown",
            "com.google.android.providers.gsf.permission.READ_GSERVICES": "unknown",
            "com.heytap.mcs.permission.RECIEVE_MCS_MESSAGE": "unknown",
            "com.huawei.android.launcher.permission.CHANGE_BADGE ": "unknown",
            "com.huawei.appmarket.service.commondata.permission.GET_COMMON_DATA": "unknown",
            "com.ishowedu.peiyin.permission.C2D_MESSAGE": "unknown",
            "com.ishowedu.peiyin.permission.MIPUSH_RECEIVE": "unknown",
            "com.ishowedu.peiyin.permission.PROCESS_PUSH_MSG": "unknown",
            "com.ishowedu.peiyin.permission.PUSH_PROVIDER": "unknown",
            "com.ishowedu.peiyin.permission.RONG_ACCESS_RECEIVER": "unknown",
            "com.ishowedu.peiyin.push.permission.MESSAGE": "unknown",
            "com.meizu.c2dm.permission.RECEIVE": "unknown",
            "com.meizu.flyme.permission.PUSH": "unknown",
            "com.meizu.flyme.push.permission.RECEIVE": "unknown",
            "com.vivo.notification.permission.BADGE_ICON": "unknown",
            "getui.permission.GetuiService.com.ishowedu.peiyin": "unknown"
        },
        "risk_counts": {
            "unknown": 21,
            "dangerous": 6,
            "normal": 13,
            "unlaballed": 2,
            "signature": 3
        }
    },
    "stats": {
        "dex_count": 7,
        "native_lib_count": 93
    },
    "jadx": {
        "status": "ok",
        "duration_sec": 72.76,
        "sources_present": true,
        "java_file_count": 22097
    },
    "ast_analysis": {
        "location": 0,
        "microphone": 7,
        "camera": 106,
        "media_projection": 0,
        "dynamic_load": 0,
        "jni": 53
    },
    "analysis_state": "complete"
}