{
    "apk_name": "C4A286D19E50DB201131A1AD12B236CE7E6492D1E3C944EF47B9EAEAA1DAD6FC",
    "sha256": "c4a286d19e50db201131a1ad12b236ce7e6492d1e3c944ef47b9eaeaa1dad6fc",
    "metadata": {
        "package_name": "com.atakmap.android.cot_utility.plugin",
        "version_code": "1740775937",
        "version_name": "1.2 (4cf7b8b1) - [5.4.0]",
        "min_sdk": "21",
        "target_sdk": "34",
        "permissions": [
            "android.permission.RECORD_AUDIO",
            "android.permission.WRITE_EXTERNAL_STORAGE"
        ],
        "activities": [
            "com.atakmap.app.component"
        ],
        "services": [],
        "receivers": []
    },
    "stats": {
        "dex_count": 1,
        "native_lib_count": 0
    },
    "jadx": {
        "status": "ok",
        "duration_sec": 6.65,
        "sources_present": true,
        "java_file_count": 803
    },
    "ast_analysis": {
        "location": 0,
        "microphone": 1,
        "camera": 2,
        "media_projection": 0,
        "dynamic_load": 0,
        "jni": 0
    },
    "analysis_state": "complete"
}