{
    "apk_name": "641DE7A134DFBCAFE4436D945D5DDA6D186B29D8C44997B61A88F030347B5B4C",
    "sha256": "641de7a134dfbcafe4436d945d5dda6d186b29d8c44997b61a88f030347b5b4c",
    "metadata": {
        "package_name": "com.atakmap.android.atakgo.dji",
        "version_code": "188",
        "version_name": "4.18.0.188-playstore-8c9300b",
        "min_sdk": "23",
        "target_sdk": "34",
        "permissions": [
            "android.permission.ACCESS_COARSE_LOCATION",
            "android.permission.ACCESS_FINE_LOCATION",
            "android.permission.ACCESS_NETWORK_STATE",
            "android.permission.ACCESS_WIFI_STATE",
            "android.permission.BLUETOOTH",
            "android.permission.BLUETOOTH_ADMIN",
            "android.permission.CHANGE_NETWORK_STATE",
            "android.permission.CHANGE_WIFI_STATE",
            "android.permission.GET_TASKS",
            "android.permission.INTERNET",
            "android.permission.KILL_BACKGROUND_PROCESSES",
            "android.permission.READ_EXTERNAL_STORAGE",
            "android.permission.READ_PHONE_STATE",
            "android.permission.RECORD_AUDIO",
            "android.permission.SYSTEM_ALERT_WINDOW",
            "android.permission.VIBRATE",
            "android.permission.WAKE_LOCK",
            "android.permission.WRITE_EXTERNAL_STORAGE"
        ],
        "activities": [
            "com.atakmap.android.atakgo.activity.AoaConnectActivity",
            "com.atakmap.android.atakgo.main.AtakGoActivator",
            "com.atakmap.app.component"
        ],
        "services": [
            "com.atakmap.android.atakgo.main.DjiIntentService",
            "dji.sdk.sdkmanager.DJIGlobalService",
            "org.acra.sender.JobSenderService",
            "org.acra.sender.LegacySenderService"
        ],
        "receivers": [
            "dji.logic.receiver.DJIPilotStartupReceiver"
        ]
    },
    "stats": {
        "dex_count": 2,
        "native_lib_count": 0
    },
    "jadx": {
        "status": "ok",
        "duration_sec": 44.21,
        "sources_present": true,
        "java_file_count": 5166
    },
    "ast_analysis": {
        "location": 0,
        "microphone": 0,
        "camera": 14,
        "media_projection": 0,
        "dynamic_load": 0,
        "jni": 8
    },
    "analysis_state": "complete"
}