{
    "apk_name": "015CF68B14AE8BEC791532DCCECC069B66E62C5D5E52F56251B26FD68E86999A",
    "sha256": "015cf68b14ae8bec791532dccecc069b66e62c5d5e52f56251b26fd68e86999a",
    "metadata": {
        "package_name": "com.BOBs.BBS",
        "version_code": "8000",
        "version_name": "B*Bs-v8.000",
        "min_sdk": "21",
        "target_sdk": "30",
        "permissions": [
            "android.permission.ACCESS_NETWORK_STATE",
            "android.permission.ACCESS_WIFI_STATE",
            "android.permission.FOREGROUND_SERVICE",
            "android.permission.INSTALL_PACKAGES",
            "android.permission.INTERNET",
            "android.permission.READ_EXTERNAL_STORAGE",
            "android.permission.READ_PHONE_NUMBERS",
            "android.permission.READ_PHONE_STATE",
            "android.permission.REQUEST_INSTALL_PACKAGES",
            "android.permission.VIBRATE",
            "android.permission.WAKE_LOCK",
            "android.permission.WRITE_EXTERNAL_STORAGE",
            "com.BOBs.BBS.permission.C2D_MESSAGE",
            "com.android.vending.BILLING",
            "com.google.android.c2dm.permission.RECEIVE",
            "com.google.android.finsky.permission.BIND_GET_INSTALL_REFERRER_SERVICE"
        ],
        "activities": [
            "com.BOBs.BBS.main",
            "com.android.billingclient.api.ProxyBillingActivity",
            "com.google.android.gms.auth.api.signin.internal.SignInHubActivity",
            "com.google.android.gms.auth.api.signin.internal.SignInHubActivity",
            "com.google.android.gms.common.api.GoogleApiActivity",
            "com.google.firebase.auth.internal.FederatedSignInActivity"
        ],
        "services": [
            "com.BOBs.BBS.httputils2service",
            "com.BOBs.BBS.starter",
            "com.google.android.gms.auth.api.signin.RevocationBoundService",
            "com.google.android.gms.auth.api.signin.RevocationBoundService",
            "com.google.android.gms.measurement.AppMeasurementJobService",
            "com.google.android.gms.measurement.AppMeasurementService",
            "com.google.firebase.components.ComponentDiscoveryService",
            "com.google.firebase.iid.FirebaseInstanceIdService"
        ],
        "receivers": [
            "com.BOBs.BBS.httputils2service$httputils2service_BR",
            "com.BOBs.BBS.starter$starter_BR",
            "com.google.android.gms.measurement.AppMeasurementInstallReferrerReceiver",
            "com.google.android.gms.measurement.AppMeasurementReceiver",
            "com.google.firebase.iid.FirebaseInstanceIdInternalReceiver",
            "com.google.firebase.iid.FirebaseInstanceIdReceiver"
        ]
    },
    "stats": {
        "dex_count": 2,
        "native_lib_count": 0
    },
    "jadx": {
        "status": "ok",
        "duration_sec": 38.59,
        "sources_present": true,
        "java_file_count": 5435
    },
    "ast_analysis": {
        "location": 0,
        "microphone": 1,
        "camera": 23,
        "media_projection": 0,
        "dynamic_load": 0,
        "jni": 0
    },
    "analysis_state": "complete"
}