{
    "apk_name": "B18CCF98FFD0800AB5ABA42C697BC01292F8979D943DE05983CACA7C1F0FA575",
    "sha256": "b18ccf98ffd0800ab5aba42c697bc01292f8979d943de05983caca7c1f0fa575",
    "metadata": {
        "package_name": "com.woehler.smartconnect",
        "version_code": "24",
        "version_name": "1.4.0",
        "min_sdk": "24",
        "target_sdk": "30",
        "permissions": [
            "android.permission.ACCESS_COARSE_LOCATION",
            "android.permission.ACCESS_FINE_LOCATION",
            "android.permission.ACCESS_NETWORK_STATE",
            "android.permission.BLUETOOTH",
            "android.permission.BLUETOOTH_ADMIN",
            "android.permission.READ_EXTERNAL_STORAGE",
            "android.permission.WAKE_LOCK",
            "android.permission.WRITE_EXTERNAL_STORAGE"
        ],
        "activities": [
            "crc646957603ea1820544.MediaPickerActivity",
            "crc64a0e0a82d0db9a07d.IntermediateActivity",
            "crc64a0e0a82d0db9a07d.WebAuthenticatorIntermediateActivity",
            "crc64b06e5797c5f51d4c.MainActivity"
        ],
        "services": [
            "crc64396a3fe5f8138e3f.KeepAliveService"
        ],
        "receivers": [
            "crc643f46942d9dd1fff9.PowerSaveModeBroadcastReceiver",
            "crc64a0e0a82d0db9a07d.BatteryBroadcastReceiver",
            "crc64a0e0a82d0db9a07d.ConnectivityBroadcastReceiver",
            "crc64a0e0a82d0db9a07d.EnergySaverBroadcastReceiver"
        ]
    },
    "stats": {
        "dex_count": 1,
        "native_lib_count": 12
    },
    "jadx": {
        "status": "ok",
        "duration_sec": 13.47,
        "sources_present": true,
        "java_file_count": 2136
    },
    "ast_analysis": {
        "location": 0,
        "microphone": 0,
        "camera": 1,
        "media_projection": 0,
        "dynamic_load": 0,
        "jni": 6
    },
    "analysis_state": "complete"
}