{
    "apk_name": "364C8563079322406006B23AD9A6A4E6B9F4D8432450E7983B39AD697676B9DB",
    "sha256": "364c8563079322406006b23ad9a6a4e6b9f4d8432450e7983b39ad697676b9db",
    "metadata": {
        "package_name": "com.citrix.mail.droid.cigna",
        "version_code": "282645492",
        "version_name": "23.8.1-2",
        "min_sdk": "26",
        "target_sdk": "33",
        "permissions": [
            "android.permission.ACCESS_COARSE_LOCATION",
            "android.permission.ACCESS_FINE_LOCATION",
            "android.permission.ACCESS_NETWORK_STATE",
            "android.permission.ACCESS_WIFI_STATE",
            "android.permission.AUTHENTICATE_ACCOUNTS",
            "android.permission.CALL_PHONE",
            "android.permission.FOREGROUND_SERVICE",
            "android.permission.GET_ACCOUNTS",
            "android.permission.GET_TASKS",
            "android.permission.INTERNET",
            "android.permission.KILL_BACKGROUND_PROCESSES",
            "android.permission.MANAGE_ACCOUNTS",
            "android.permission.MANAGE_DOCUMENTS",
            "android.permission.MODIFY_AUDIO_SETTINGS",
            "android.permission.POST_NOTIFICATIONS",
            "android.permission.READ_CALENDAR",
            "android.permission.READ_CONTACTS",
            "android.permission.READ_EXTERNAL_STORAGE",
            "android.permission.READ_MEDIA_IMAGES",
            "android.permission.READ_PHONE_STATE",
            "android.permission.READ_PROFILE",
            "android.permission.READ_SOCIAL_STREAM",
            "android.permission.READ_SYNC_SETTINGS",
            "android.permission.READ_SYNC_STATS",
            "android.permission.RECEIVE_BOOT_COMPLETED",
            "android.permission.SCHEDULE_EXACT_ALARM",
            "android.permission.SUBSCRIBED_FEEDS_READ",
            "android.permission.SUBSCRIBED_FEEDS_WRITE",
            "android.permission.USE_CREDENTIALS",
            "android.permission.USE_EXACT_ALARM",
            "android.permission.VIBRATE",
            "android.permission.WAKE_LOCK",
            "android.permission.WRITE_CALENDAR",
            "android.permission.WRITE_CONTACTS",
            "android.permission.WRITE_EXTERNAL_STORAGE",
            "android.permission.WRITE_PROFILE",
            "android.permission.WRITE_SYNC_SETTINGS",
            "com.citrix.Receiver.permission.RECEIVER_ACCESS",
            "com.citrix.browser.permission.PREFERENCE_IMPORTER",
            "com.citrix.email.permission.GENERAL_ACCEESS",
            "com.citrix.mail.permission.C2D_MESSAGE",
            "com.citrix.mail.permission.SEND_AUTOMATIC_MESSAGE",
            "com.google.android.c2dm.permission.RECEIVE",
            "com.google.android.gms.permission.AD_ID"
        ],
        "activities": [
            "com.citrix.MAM.Android.ManagedApp.CtxAppLocked",
            "com.citrix.MAM.Android.ManagedApp.DataContainmentActivity",
            "com.citrix.auth.internal.SecureHubAuthHelperActivity",
            "com.citrix.authmanagerlite.customtab.CCTabDSAuthLogoutActivity",
            "com.citrix.authmanagerlite.customtab.CCTabsLauncherBaseActivity",
            "com.citrix.authmanagerlite.customtab.CustomChromeTabLauncherActivity",
            "com.citrix.authmanagerlite.customtab.DSAuthLogoutWebViewActivity",
            "com.citrix.authmanagerlite.customtab.OIDCRedirectActivity",
            "com.citrix.authmanagerlite.customtab.TokenRedirectActivity",
            "com.citrix.authmanagerlite.customtab.WebViewActivity",
            "com.citrix.calendar.AllInOneActivity",
            "com.citrix.calendar.CalendarOverlayNavigation",
            "com.citrix.calendar.alerts.AlertActivity",
            "com.citrix.calendar.availability.AvailabilityActivity",
            "com.citrix.calendar.event.EditEventActivity",
            "com.citrix.calendar.eventinfo.EventInfoActivity",
            "com.citrix.calendar.selectcalendars.SelectVisibleCalendarsActivity",
            "com.citrix.calendar.virtualconference.VirtualConferenceActivity",
            "com.citrix.common.CtxO2Activity",
            "com.citrix.common.TransparentActivity",
            "com.citrix.common.migration.MigrationBaseActivityTestImpl",
            "com.citrix.contacts.ContactsViewTypePicker",
            "com.citrix.contacts.activities.ConfirmAddDetailActivity",
            "com.citrix.contacts.activities.ContactDetailActivity",
            "com.citrix.contacts.activities.ContactEditorAccountsChangedActivity",
            "com.citrix.contacts.activities.ContactEditorActivity",
            "com.citrix.contacts.activities.ContactSelectionActivity",
            "com.citrix.contacts.activities.ExportContactActivity",
            "com.citrix.contacts.activities.GroupBrowserActivity",
            "com.citrix.contacts.activities.GroupDetailActivity",
            "com.citrix.contacts.activities.GroupEditorActivity",
            "com.citrix.contacts.activities.JoinContactActivity",
            "com.citrix.contacts.activities.PeopleActivity",
            "com.citrix.contacts.activities.ShowOrCreateActivity",
            "com.citrix.contacts.list.AccountFilterActivity",
            "com.citrix.contacts.list.CustomContactListFilterActivity",
            "com.citrix.contacts.quickcontact.QuickContactActivity",
            "com.citrix.email.activity.AccountListActivity",
            "com.citrix.email.activity.AttachFromShareFile",
            "com.citrix.email.activity.EmailActivity",
            "com.citrix.email.activity.FeedsActivity",
            "com.citrix.email.activity.FilesExplorerActivity",
            "com.citrix.email.activity.FolderChooserActivity",
            "com.citrix.email.activity.IRMTemplateDescriptionActivity",
            "com.citrix.email.activity.IntuneMAMEnrollmentActivity",
            "com.citrix.email.activity.IrmTemplateChooser",
            "com.citrix.email.activity.Launcher",
            "com.citrix.email.activity.MailboxViewTypePicker",
            "com.citrix.email.activity.MessageCompose",
            "com.citrix.email.activity.MessageFileView",
            "com.citrix.email.activity.MessageIrmDetailsActivity",
            "com.citrix.email.activity.MessageViewActivity",
            "com.citrix.email.activity.MigrationBaseActivityImpl",
            "com.citrix.email.activity.RequestWorxHomeLogOn",
            "com.citrix.email.activity.SelectEnvActivity",
            "com.citrix.email.activity.SendAutomaticMessageActivity",
            "com.citrix.email.activity.StaTicketActivity",
            "com.citrix.email.activity.UpcomingMeetingsActivity",
            "com.citrix.email.activity.Welcome",
            "com.citrix.email.activity.setup.AccountExchangePassword",
            "com.citrix.email.activity.setup.AccountSecurity",
            "com.citrix.email.activity.setup.AccountSetupExchange",
            "com.citrix.email.activity.setup.AccountSetupInitiate",
            "com.citrix.email.activity.setup.MailboxSettings",
            "com.citrix.email.activity.setup.OAuthExchangeLoginActivity",
            "com.citrix.email.activity.setup.Settings",
            "com.citrix.email.preference.PreferenceExporterActivity",
            "com.citrix.email.preference.PreferenceImporterActivity",
            "com.citrix.email.triage.MessageView",
            "com.citrix.email.triage.TriageSettingActivity",
            "com.citrix.email.triage.TriageViewActivity",
            "com.citrix.emailcommon.attachment.CtxPolarisActivity",
            "com.citrix.exchange.EasCertificateRequestor",
            "com.citrix.mail.utils.EmptyActivity",
            "com.citrix.mail.utils.ExternalRecipientEmptyActivity",
            "com.citrix.mail.utils.FragmentTesterActivity",
            "com.citrix.mail.utils.TestNavActivity",
            "com.citrix.mdx.activation.ActivateActivity",
            "com.citrix.mdx.activation.ActivateActivityTablet",
            "com.citrix.mdx.dex.StubActivity",
            "com.citrix.mdx.mvpn.management.MVPNLockActivity",
            "com.citrix.media.audio.AudioPreview",
            "com.citrix.media.html.HtmlFilePreview",
            "com.citrix.media.imageviewer.ImagePreview",
            "com.citrix.media.video.MovieActivity",
            "com.citrix.media.zip.ZipViewer",
            "com.citrix.mvpn.TunnelExpiryActivity",
            "com.citrix.mvpn.activity.HelperActivity",
            "com.citrix.onboarding.BottomNavigationOnboardingActivity",
            "com.citrix.sdk.appcore.implementation.MamClientAuthActivity",
            "com.citrix.smime.activity.CertificateDetailsActivity",
            "com.citrix.smime.activity.ImportCertificateActivity",
            "com.google.android.gms.common.api.GoogleApiActivity",
            "com.infraware.component.colorpicker.ColorPickerActivity",
            "com.infraware.document.hwp.HwpActivity",
            "com.infraware.document.pdf.PdfActivity",
            "com.infraware.document.pdf.PdfAnnotListActivity",
            "com.infraware.document.pdf.PdfBookmarkActivity",
            "com.infraware.document.pdf.PdfPresentationActivity",
            "com.infraware.document.sheet.SecSheetCFActivity",
            "com.infraware.document.sheet.SecSheetCFOneInputActivity",
            "com.infraware.document.sheet.SecSheetCFTextDateDuplicateActivity",
            "com.infraware.document.sheet.SheetActivity",
            "com.infraware.document.sheet.activities.SheetCFActivity",
            "com.infraware.document.sheet.activities.SheetCFOneInputActivity",
            "com.infraware.document.sheet.activities.SheetCFRuleManageActivity",
            "com.infraware.document.sheet.activities.SheetCFScopeChangeActivity",
            "com.infraware.document.sheet.activities.SheetCFTextDateDuplicateActivity",
            "com.infraware.document.sheet.activities.SheetInsertFunction",
            "com.infraware.document.sheet.activities.SheetInsertFunctionList",
            "com.infraware.document.sheet.activities.SheetNumberList",
            "com.infraware.document.sheet.activities.SheetNumberListCurrency",
            "com.infraware.document.sheet.activities.SheetNumberListDate",
            "com.infraware.document.sheet.activities.SheetSortActivity",
            "com.infraware.document.slide.AllocatePageActivity",
            "com.infraware.document.slide.PPTActivity",
            "com.infraware.document.slide.SecSlideAnimationAddActivity",
            "com.infraware.document.slide.SecSlideAnimationListActivity",
            "com.infraware.document.slide.SecSlideLayoutActivity",
            "com.infraware.document.slide.SecSlideShowActivity",
            "com.infraware.document.slide.SecSlideTransitionActivity",
            "com.infraware.document.slide.SlideAnimationAddActivity",
            "com.infraware.document.slide.SlideAnimationEffectActivity",
            "com.infraware.document.slide.SlideAnimationListActivity",
            "com.infraware.document.slide.SlidePreviewActivity",
            "com.infraware.document.slide.SlideShowActivity",
            "com.infraware.document.slide.SlideTransitionActivity",
            "com.infraware.document.slide.dualview.SecSlideShowExternalDisplayActivity",
            "com.infraware.document.text.fragment.TextActivity",
            "com.infraware.document.text.main.PreferencesActivity",
            "com.infraware.document.viewer.ImageActivity",
            "com.infraware.document.viewer.RtfActivity",
            "com.infraware.document.viewer.ViewerActivity",
            "com.infraware.document.word.BookmarkActivity",
            "com.infraware.document.word.HeaderFooterActivity",
            "com.infraware.document.word.PageBackgroundActivity",
            "com.infraware.document.word.PageBackgroundOutlineOptionActivity",
            "com.infraware.document.word.PageColumnActivity",
            "com.infraware.document.word.PageLayoutActivity",
            "com.infraware.document.word.PageUserWatermarkActivity",
            "com.infraware.document.word.TraceSettingsActivity",
            "com.infraware.document.word.WordActivity",
            "com.infraware.office.ole.OleActivity",
            "com.infraware.office.ole.OleSheetActivity",
            "com.infraware.office.template.TemplateActivity",
            "com.infraware.polarisoffice.OfficeLauncher",
            "com.infraware.polarisoffice6.OfficeLauncher",
            "com.infraware.polarisoffice6.OfficeLauncherActivity",
            "com.infraware.polarisoffice6.common.ChartDataActivity",
            "com.infraware.polarisoffice6.common.hyperlink.CommonBookmarkSelectListActivity",
            "com.infraware.polarisoffice6.common.hyperlink.SlideBookmarkSelectListActiity",
            "com.microsoft.aad.adal.AuthenticationActivity",
            "com.microsoft.identity.common.internal.providers.oauth2.AuthorizationActivity",
            "com.microsoft.intune.mam.client.app.offline.OfflineInstallCompanyPortalDialogActivity",
            "com.microsoft.intune.mam.client.app.offline.OfflineNotifyWipeActivity",
            "com.microsoft.intune.mam.client.app.offline.OfflineRestartRequiredActivity",
            "com.microsoft.intune.mam.client.app.offline.OfflineStartupBlockedActivity",
            "com.microsoft.intune.mam.client.app.resolver.MAMResolverActivity",
            "com.microsoft.intune.mam.client.app.startup.MAMComplianceBlockActivity",
            "com.microsoft.intune.mam.client.app.startup.MAMStartupActivity",
            "com.polarisoffice.enterprise.browser.setting.SettingActivity",
            "com.polarisoffice.enterprise.license.LicenseActivity",
            "com.polarisoffice.enterprise.recovery.OfficeRecoveryActivity"
        ],
        "services": [
            "androidx.room.MultiInstanceInvalidationService",
            "androidx.work.impl.background.gcm.WorkManagerGcmService",
            "androidx.work.impl.background.systemalarm.SystemAlarmService",
            "androidx.work.impl.background.systemjob.SystemJobService",
            "androidx.work.impl.foreground.SystemForegroundService",
            "com.bytesquared.o2.api.O2Service",
            "com.citrix.MAM.Android.ManagedApp.CtxAppManager",
            "com.citrix.PAC.CtxPacService",
            "com.citrix.authmanagerlite.oidc.AccessTokenService",
            "com.citrix.authmanagerlite.sso.AuthDomainChangedService",
            "com.citrix.authmanagerlite.sso.CleanDatabaseService",
            "com.citrix.authmanagerlite.sso.CopyDSAuthToTrustedAppsService",
            "com.citrix.authmanagerlite.sso.CopyOAuthToTrustedAppsService",
            "com.citrix.authmanagerlite.sso.CopyUserInfoToTrustedAppsService",
            "com.citrix.authmanagerlite.sso.LogoutService",
            "com.citrix.authmanagerlite.sso.OfflineLogoutService",
            "com.citrix.authmanagerlite.sso.UpdateActiveStoreToTrustedAppsService",
            "com.citrix.calendar.AsyncQueryIntentJobService",
            "com.citrix.calendar.alerts.AlertJobService",
            "com.citrix.calendar.alerts.DismissAllAlarmsService",
            "com.citrix.calendar.exportcalendar.ExportCalendarForegroundService",
            "com.citrix.calendar.providers.CalendarProviderIntentService",
            "com.citrix.calendar.providers.EmptyService",
            "com.citrix.calendar.widget.CalendarWidgetModelBuilderJobService",
            "com.citrix.calendar.widget.CalendarWidgetService",
            "com.citrix.contacts.ContactSaveService",
            "com.citrix.contacts.ExportContactForegroundService",
            "com.citrix.contacts.LocalContactSyncAdapterService",
            "com.citrix.contacts.util.EmptyService",
            "com.citrix.email.service.AccountService",
            "com.citrix.email.service.AttachmentDownloadJobService",
            "com.citrix.email.service.EasAuthenticatorService",
            "com.citrix.email.service.EasAuthenticatorServiceAlternate",
            "com.citrix.email.service.EmailBroadcastProcessorService",
            "com.citrix.email.service.MailService",
            "com.citrix.email.service.PolicyService",
            "com.citrix.email.service.ProcessIntentService",
            "com.citrix.email.service.ReportPhishingService",
            "com.citrix.email.service.SendMessageDelayedJobService",
            "com.citrix.ews.PDLIntentService",
            "com.citrix.ews.ResolveNameJobService",
            "com.citrix.exchange.CalendarSyncAdapterService",
            "com.citrix.exchange.ContactsSyncAdapterService",
            "com.citrix.exchange.EmailSyncAdapterService",
            "com.citrix.exchange.ExchangeAdapterService",
            "com.citrix.exchange.ExchangeService",
            "com.citrix.exchange.NoteSyncAdapterService",
            "com.citrix.exchange.TasksSyncAdapterService",
            "com.citrix.exchange.service.ContactSubFoldersLDListenerJobService",
            "com.citrix.exchange.service.ContactSubFoldersSyncJobService",
            "com.citrix.exchange.service.DraftsSyncJobService",
            "com.citrix.exchange.service.ExchangeBroadcastProcessorService",
            "com.citrix.exchange.service.PeriodicSyncJobService",
            "com.citrix.fcm.FCMJobService",
            "com.citrix.fcm.FCMMsgService",
            "com.citrix.fcm.RegistrationJobService",
            "com.citrix.mdx.networking.CtxMITMService",
            "com.citrix.mdx.networking.CtxMITMWorker",
            "com.citrix.mvpn.service.MITMService",
            "com.google.android.datatransport.runtime.backends.TransportBackendDiscovery",
            "com.google.android.datatransport.runtime.scheduling.jobscheduling.JobInfoSchedulerService",
            "com.google.android.gms.analytics.AnalyticsJobService",
            "com.google.android.gms.analytics.AnalyticsService",
            "com.google.android.gms.measurement.AppMeasurementJobService",
            "com.google.android.gms.measurement.AppMeasurementService",
            "com.google.firebase.components.ComponentDiscoveryService",
            "com.google.firebase.iid.FirebaseInstanceIdService",
            "com.google.firebase.messaging.FirebaseMessagingService",
            "com.infraware.common.capture.MediaCaptureService",
            "com.microsoft.intune.mam.client.notification.MAMNotificationReceiverService",
            "com.microsoft.intune.mam.client.service.MAMBackgroundJobService",
            "com.microsoft.intune.mam.client.service.MAMBackgroundService"
        ],
        "receivers": [
            "androidx.work.impl.background.systemalarm.ConstraintProxy$BatteryChargingProxy",
            "androidx.work.impl.background.systemalarm.ConstraintProxy$BatteryNotLowProxy",
            "androidx.work.impl.background.systemalarm.ConstraintProxy$NetworkStateProxy",
            "androidx.work.impl.background.systemalarm.ConstraintProxy$StorageNotLowProxy",
            "androidx.work.impl.background.systemalarm.ConstraintProxyUpdateReceiver",
            "androidx.work.impl.background.systemalarm.RescheduleReceiver",
            "androidx.work.impl.diagnostics.DiagnosticsReceiver",
            "androidx.work.impl.utils.ForceStopRunnable$BroadcastReceiver",
            "com.citrix.MAM.Android.ManagedApp.PackageReceiver",
            "com.citrix.calendar.alerts.AlertReceiver",
            "com.citrix.calendar.providers.CalendarProviderBroadcastReceiver",
            "com.citrix.calendar.providers.CalendarReceiver",
            "com.citrix.calendar.widget.Calendar1x1AppWidgetProvider",
            "com.citrix.calendar.widget.CalendarAgendaWidgetProvider",
            "com.citrix.contacts.providers.ContactsUpgradeReceiver",
            "com.citrix.dex.SamsungDexReceiver",
            "com.citrix.email.NotificationController$NotificationActionReceiver",
            "com.citrix.email.service.EmailBroadcastReceiver",
            "com.citrix.exchange.EmailSyncAlarmReceiver",
            "com.citrix.exchange.MailboxAlarmReceiver",
            "com.citrix.exchange.service.ExchangeBroadcastReceiver",
            "com.citrix.mdx.plugins.NetworkingPlugin$ForcedTimeOutBroadcastReceiver",
            "com.citrix.sdk.securestorage.api.SecureStorageReceiver",
            "com.google.android.datatransport.runtime.scheduling.jobscheduling.AlarmManagerSchedulerBroadcastReceiver",
            "com.google.android.gms.analytics.AnalyticsReceiver",
            "com.google.android.gms.measurement.AppMeasurementInstallReferrerReceiver",
            "com.google.android.gms.measurement.AppMeasurementReceiver",
            "com.google.firebase.iid.FirebaseInstanceIdInternalReceiver",
            "com.google.firebase.iid.FirebaseInstanceIdReceiver",
            "com.microsoft.aad.adal.ApplicationReceiver",
            "com.microsoft.intune.mam.client.app.ApplicationUpdateReceiver",
            "com.microsoft.intune.mam.client.service.MAMBackgroundReceiver"
        ]
    },
    "stats": {
        "dex_count": 9,
        "native_lib_count": 18
    },
    "jadx": {
        "status": "ok",
        "duration_sec": 91.08,
        "sources_present": true,
        "java_file_count": 15250
    },
    "ast_analysis": {
        "location": 4,
        "microphone": 0,
        "camera": 52,
        "media_projection": 1,
        "dynamic_load": 0,
        "jni": 36
    },
    "analysis_state": "complete"
}