{
    "apk_name": "73EBB28BF0E480BCFE568AA250E90F15FFA93D91E0FB534BFFEB835ED5328609",
    "sha256": "73ebb28bf0e480bcfe568aa250e90f15ffa93d91e0fb534bffeb835ed5328609",
    "metadata": {
        "package_name": "com.tencent.ig",
        "version_code": "20525",
        "version_name": "4.1.0",
        "min_sdk": "21",
        "target_sdk": "35",
        "permissions": [
            "android.permission.ACCESS_ADSERVICES_AD_ID",
            "android.permission.ACCESS_ADSERVICES_ATTRIBUTION",
            "android.permission.ACCESS_COARSE_LOCATION",
            "android.permission.ACCESS_MEDIA_LOCATION",
            "android.permission.ACCESS_NETWORK_STATE",
            "android.permission.ACCESS_WIFI_STATE",
            "android.permission.BLUETOOTH",
            "android.permission.BLUETOOTH_ADMIN",
            "android.permission.BLUETOOTH_CONNECT",
            "android.permission.CAMERA",
            "android.permission.CHANGE_NETWORK_STATE",
            "android.permission.CHANGE_WIFI_STATE",
            "android.permission.DETECT_SCREEN_CAPTURE",
            "android.permission.FOREGROUND_SERVICE",
            "android.permission.FOREGROUND_SERVICE_DATA_SYNC",
            "android.permission.FOREGROUND_SERVICE_MICROPHONE",
            "android.permission.INTERNET",
            "android.permission.MODIFY_AUDIO_SETTINGS",
            "android.permission.POST_NOTIFICATIONS",
            "android.permission.READ_EXTERNAL_STORAGE",
            "android.permission.READ_MEDIA_IMAGES",
            "android.permission.READ_MEDIA_VIDEO",
            "android.permission.RECORD_AUDIO",
            "android.permission.SYSTEM_ALERT_WINDOW",
            "android.permission.VIBRATE",
            "android.permission.WAKE_LOCK",
            "android.permission.WRITE_EXTERNAL_STORAGE",
            "com.android.vending.BILLING",
            "com.android.vending.CHECK_LICENSE",
            "com.google.android.c2dm.permission.RECEIVE",
            "com.google.android.finsky.permission.BIND_GET_INSTALL_REFERRER_SERVICE",
            "com.google.android.gms.permission.AD_ID",
            "com.tencent.ig.DYNAMIC_RECEIVER_NOT_EXPORTED_PERMISSION",
            "com.tencent.ig.permission.C2D_MESSAGE"
        ],
        "activities": [
            "androidx.credentials.playservices.HiddenActivity",
            "com.android.billingclient.api.ProxyBillingActivity",
            "com.android.billingclient.api.ProxyBillingActivityV2",
            "com.blue.studio.GameProcessUtility",
            "com.blue.studio.IGProxyActivity",
            "com.centauri.oversea.business.CTIMallActivity",
            "com.centauri.oversea.business.pay.CTIProxyActivity",
            "com.epicgames.ue4.GameActivity",
            "com.epicgames.ue4.SplashActivity",
            "com.facebook.CustomTabActivity",
            "com.facebook.CustomTabMainActivity",
            "com.facebook.FacebookActivity",
            "com.google.android.gms.ads.AdActivity",
            "com.google.android.gms.ads.OutOfContextTestingActivity",
            "com.google.android.gms.auth.api.signin.internal.SignInHubActivity",
            "com.google.android.gms.common.api.GoogleApiActivity",
            "com.google.android.play.core.common.PlayCoreDialogWrapperActivity",
            "com.google.android.play.core.missingsplits.PlayCoreMissingSplitsActivity",
            "com.helpshift.activities.HSMainActivity",
            "com.intlgame.webview.WebViewActivity",
            "com.intlgame.webview.WebViewIPCActivity",
            "com.pichillilorenzo.flutter_inappwebview.chrome_custom_tabs.ChromeCustomTabsActivity",
            "com.pichillilorenzo.flutter_inappwebview.in_app_browser.InAppBrowserActivity",
            "com.sirius.flutter.engine.DeeplinkActivity",
            "com.sirius.flutter.engine.LoadingActivity",
            "com.sirius.flutter.engine.ShortcutActivity",
            "com.sirius.flutter.im.SNSFlutterActivity",
            "com.sirius.meemo.appwidget.OnePixelActivity",
            "com.sirius.meemo.appwidget.pk.PkConfigActivity",
            "com.subao.androidapi.GameMasterActivity",
            "com.tencent.connect.common.AssistActivity",
            "com.tencent.ig.DownloaderActivity",
            "com.tencent.imsdk.android.agent.wechat.WeChatAgentActivity",
            "com.tencent.imsdk.android.base.IMSDKProxyActivity",
            "com.tencent.imsdk.android.login.apple.WebLoginActivity",
            "com.tencent.imsdk.android.login.tiktok.IMSDKTikTokProxyActivity",
            "com.tencent.imsdk.android.login.webverify.WebVerifyActivity",
            "com.tencent.imsdk.android.login.whatsapp.IMSDKWhatsAppProxyActivity",
            "com.tencent.imsdk.android.webview.qq.WebViewWithFavActivity",
            "com.tencent.tauth.AuthActivity",
            "com.tencent.twitterwrapper.TwitterWebActivity",
            "com.twitter.sdk.android.core.identity.OAuthActivity",
            "com.vasd.pandora.imagepicker.PickerProxyActivity",
            "com.vk.api.sdk.ui.VKCaptchaActivity",
            "com.vk.api.sdk.ui.VKConfirmationActivity",
            "com.vk.api.sdk.ui.VKWebViewAuthActivity",
            "com.vk.sdk.VKServiceActivity",
            "com.yalantis.ucrop.UCropActivity",
            "io.flutter.plugins.urllauncher.WebViewActivity"
        ],
        "services": [
            "androidx.credentials.playservices.CredentialProviderMetadataHolder",
            "androidx.room.MultiInstanceInvalidationService",
            "androidx.work.impl.background.systemalarm.SystemAlarmService",
            "androidx.work.impl.background.systemjob.SystemJobService",
            "androidx.work.impl.foreground.SystemForegroundService",
            "androidx.work.multiprocess.RemoteWorkManagerService",
            "com.amazonaws.mobileconnectors.s3.transferutility.TransferService",
            "com.blue.studio.IGFirebaseInstanceIDService",
            "com.blue.studio.download.GCBGDownloadService",
            "com.blue.studio.voicechat.BackgroundVoiceChatService",
            "com.centauri.oversea.newnetwork.service.CTINetDetectService",
            "com.google.android.datatransport.runtime.backends.TransportBackendDiscovery",
            "com.google.android.datatransport.runtime.scheduling.jobscheduling.JobInfoSchedulerService",
            "com.google.android.gms.ads.AdService",
            "com.google.android.gms.analytics.AnalyticsJobService",
            "com.google.android.gms.analytics.AnalyticsService",
            "com.google.android.gms.auth.api.signin.RevocationBoundService",
            "com.google.android.gms.measurement.AppMeasurementJobService",
            "com.google.android.gms.measurement.AppMeasurementService",
            "com.google.android.play.core.assetpacks.AssetPackExtractionService",
            "com.google.firebase.components.ComponentDiscoveryService",
            "com.google.firebase.messaging.FirebaseMessagingService",
            "com.intlgame.common.ForegroundService",
            "com.sirius.flutter.im.MeemoBGService",
            "com.sirius.meemo.appwidget.NetReqJobService",
            "com.sirius.meemo.appwidget.battle.BattleListWidgetService",
            "com.sirius.meemo.appwidget.friend.LargeListWidgetService",
            "com.sirius.meemo.appwidget.friend.SmallListWidgetService",
            "com.sirius.meemo.foreground_service.ForegroundService",
            "com.tencent.ig.OBBDownloaderService",
            "com.tencent.imsdk.android.webview.qq.WebViewService"
        ],
        "receivers": [
            "androidx.work.impl.background.systemalarm.ConstraintProxy$BatteryChargingProxy",
            "androidx.work.impl.background.systemalarm.ConstraintProxy$BatteryNotLowProxy",
            "androidx.work.impl.background.systemalarm.ConstraintProxy$NetworkStateProxy",
            "androidx.work.impl.background.systemalarm.ConstraintProxy$StorageNotLowProxy",
            "androidx.work.impl.background.systemalarm.ConstraintProxyUpdateReceiver",
            "androidx.work.impl.background.systemalarm.RescheduleReceiver",
            "androidx.work.impl.diagnostics.DiagnosticsReceiver",
            "androidx.work.impl.utils.ForceStopRunnable$BroadcastReceiver",
            "com.epicgames.ue4.LocalNotificationReceiver",
            "com.facebook.AuthenticationTokenManager$CurrentAuthenticationTokenChangedBroadcastReceiver",
            "com.facebook.CurrentAccessTokenExpirationBroadcastReceiver",
            "com.google.android.datatransport.runtime.scheduling.jobscheduling.AlarmManagerSchedulerBroadcastReceiver",
            "com.google.android.gms.analytics.AnalyticsReceiver",
            "com.google.android.gms.measurement.AppMeasurementReceiver",
            "com.google.firebase.iid.FirebaseInstanceIdReceiver",
            "com.pichillilorenzo.flutter_inappwebview.chrome_custom_tabs.ActionBroadcastReceiver",
            "com.sirius.cloud_vod_upload_sdk.videoupload.impl.TVCNetWorkStateReceiver",
            "com.sirius.meemo.appwidget.MeemoAppLargeWidget",
            "com.sirius.meemo.appwidget.MeemoAppSmallWidget",
            "com.sirius.meemo.appwidget.UserActionReceiver",
            "com.sirius.meemo.appwidget.WidgetPinnedReceiver",
            "com.sirius.meemo.appwidget.alarm.UserActionReceiverV2",
            "com.sirius.meemo.appwidget.battle.MeemoBattleWidget",
            "com.sirius.meemo.appwidget.commercial.CommercialWidget",
            "com.sirius.meemo.appwidget.pk.MeemoPopularVSWidget",
            "com.tencent.ig.AlarmReceiver"
        ],
        "permission_details": {
            "android.permission.ACCESS_ADSERVICES_AD_ID": "unknown",
            "android.permission.ACCESS_ADSERVICES_ATTRIBUTION": "unknown",
            "android.permission.ACCESS_COARSE_LOCATION": "dangerous",
            "android.permission.ACCESS_MEDIA_LOCATION": "dangerous",
            "android.permission.ACCESS_NETWORK_STATE": "normal",
            "android.permission.ACCESS_WIFI_STATE": "normal",
            "android.permission.BLUETOOTH": "normal",
            "android.permission.BLUETOOTH_ADMIN": "normal",
            "android.permission.BLUETOOTH_CONNECT": "dangerous",
            "android.permission.CAMERA": "dangerous",
            "android.permission.CHANGE_NETWORK_STATE": "normal",
            "android.permission.CHANGE_WIFI_STATE": "normal",
            "android.permission.DETECT_SCREEN_CAPTURE": "normal",
            "android.permission.FOREGROUND_SERVICE": "normal",
            "android.permission.FOREGROUND_SERVICE_DATA_SYNC": "normal",
            "android.permission.FOREGROUND_SERVICE_MICROPHONE": "normal",
            "android.permission.INTERNET": "normal",
            "android.permission.MODIFY_AUDIO_SETTINGS": "normal",
            "android.permission.POST_NOTIFICATIONS": "dangerous",
            "android.permission.READ_EXTERNAL_STORAGE": "dangerous",
            "android.permission.READ_MEDIA_IMAGES": "dangerous",
            "android.permission.READ_MEDIA_VIDEO": "dangerous",
            "android.permission.RECORD_AUDIO": "dangerous",
            "android.permission.SYSTEM_ALERT_WINDOW": "signature",
            "android.permission.VIBRATE": "normal",
            "android.permission.WAKE_LOCK": "normal",
            "android.permission.WRITE_EXTERNAL_STORAGE": "dangerous",
            "com.android.vending.BILLING": "unknown",
            "com.android.vending.CHECK_LICENSE": "unknown",
            "com.google.android.c2dm.permission.RECEIVE": "unknown",
            "com.google.android.finsky.permission.BIND_GET_INSTALL_REFERRER_SERVICE": "unknown",
            "com.google.android.gms.permission.AD_ID": "unknown",
            "com.tencent.ig.DYNAMIC_RECEIVER_NOT_EXPORTED_PERMISSION": "unknown",
            "com.tencent.ig.permission.C2D_MESSAGE": "unknown"
        },
        "risk_counts": {
            "unknown": 9,
            "dangerous": 10,
            "normal": 14,
            "signature": 1
        }
    },
    "stats": {
        "dex_count": 4,
        "native_lib_count": 32
    },
    "jadx": {
        "status": "ok",
        "duration_sec": 51.19,
        "sources_present": true,
        "java_file_count": 19125
    },
    "ast_analysis": {
        "location": 3,
        "microphone": 1,
        "camera": 62,
        "media_projection": 2,
        "dynamic_load": 0,
        "jni": 57
    },
    "analysis_state": "complete"
}