{
    "apk_name": "74C304920EFE7D32922478B8A6B757B232407F6D97FE96DAFBD2C92DBB5B81A5",
    "sha256": "74c304920efe7d32922478b8a6b757b232407f6d97fe96dafbd2c92dbb5b81a5",
    "metadata": {
        "package_name": "com.huatu.handheld_huatu",
        "version_code": "371",
        "version_name": "7.3.002",
        "min_sdk": "19",
        "target_sdk": "26",
        "permissions": [
            "android.permission.ACCESS_BACKGROUND_LOCATION",
            "android.permission.ACCESS_COARSE_LOCATION",
            "android.permission.ACCESS_FINE_LOCATION",
            "android.permission.ACCESS_LOCATION_EXTRA_COMMANDS",
            "android.permission.ACCESS_NETWORK_STATE",
            "android.permission.ACCESS_NOTIFICATION_POLICY",
            "android.permission.ACCESS_WIFI_STATE",
            "android.permission.BLUETOOTH",
            "android.permission.BLUETOOTH_ADMIN",
            "android.permission.BROADCAST_PACKAGE_ADDED",
            "android.permission.BROADCAST_PACKAGE_CHANGED",
            "android.permission.BROADCAST_PACKAGE_INSTALL",
            "android.permission.BROADCAST_PACKAGE_REPLACED",
            "android.permission.BROADCAST_STICKY",
            "android.permission.CALL_PHONE",
            "android.permission.CAMERA",
            "android.permission.CHANGE_CONFIGURATION",
            "android.permission.CHANGE_NETWORK_STATE",
            "android.permission.CHANGE_WIFI_STATE",
            "android.permission.FLASHLIGHT",
            "android.permission.FOREGROUND_SERVICE",
            "android.permission.GET_TASKS",
            "android.permission.INTERACT_ACROSS_USERS_FULL",
            "android.permission.INTERNET",
            "android.permission.MANAGE_ACCOUNTS",
            "android.permission.MODIFY_AUDIO_SETTINGS",
            "android.permission.MOUNT_UNMOUNT_FILESYSTEMS",
            "android.permission.QUERY_ALL_PACKAGES",
            "android.permission.READ_CALENDAR",
            "android.permission.READ_EXTERNAL_STORAGE",
            "android.permission.READ_LOGS",
            "android.permission.READ_PHONE_STATE",
            "android.permission.RECEIVE_USER_PRESENT",
            "android.permission.RECORD_AUDIO",
            "android.permission.REQUEST_INSTALL_PACKAGES",
            "android.permission.RESTART_PACKAGES",
            "android.permission.SYSTEM_ALERT_WINDOW",
            "android.permission.SYSTEM_OVERLAY_WINDOW",
            "android.permission.VIBRATE",
            "android.permission.WAKE_LOCK",
            "android.permission.WRITE_CALENDAR",
            "android.permission.WRITE_EXTERNAL_STORAGE",
            "android.permission.WRITE_SETTINGS",
            "com.android.browser.permission.READ_HISTORY_BOOKMARKS",
            "com.coloros.mcs.permission.RECIEVE_MCS_MESSAGE",
            "com.google.android.apps.photos.permission.GOOGLE_PHOTOS",
            "com.heytap.mcs.permission.RECIEVE_MCS_MESSAGE",
            "com.huatu.handheld_huatu.permission.JPUSH_MESSAGE",
            "com.huatu.handheld_huatu.permission.MIPUSH_RECEIVE",
            "com.huatu.handheld_huatu.permission.PROCESS_PUSH_MSG",
            "com.huatu.handheld_huatu.permission.PUSH_PROVIDER",
            "com.huawei.android.launcher.permission.CHANGE_BADGE",
            "com.huawei.appmarket.service.commondata.permission.GET_COMMON_DATA",
            "com.vivo.notification.permission.BADGE_ICON"
        ],
        "activities": [
            "cn.android.service.JTransitActivity",
            "cn.jpush.android.service.DActivity",
            "cn.jpush.android.service.JNotifyActivity",
            "cn.jpush.android.ui.PopWinActivity",
            "cn.jpush.android.ui.PushActivity",
            "cn.xiaoneng.activity.ChatActivity",
            "cn.xiaoneng.activity.LeaveMsgActivity",
            "cn.xiaoneng.activity.ShowAlbumActivity",
            "cn.xiaoneng.activity.ShowCameraActivity",
            "cn.xiaoneng.activity.ShowPictureActivity",
            "cn.xiaoneng.activity.ValuationActivity",
            "cn.xiaoneng.activity.XNExplorerActivity",
            "cn.xiaoneng.video.RecordVideoActivity",
            "cn.xiaoneng.video.VideoPreviewActivity",
            "cn.xiaoneng.video.XNVideoPlayer",
            "com.alipay.sdk.app.AlipayResultActivity",
            "com.alipay.sdk.app.H5AuthActivity",
            "com.alipay.sdk.app.H5OpenAuthActivity",
            "com.alipay.sdk.app.H5PayActivity",
            "com.alipay.sdk.app.PayResultActivity",
            "com.baijiahulian.common.cropper.CropImageActivity",
            "com.baijiahulian.common.cropperv2.PhotoEditActivity",
            "com.baijiahulian.common.cropperv2.PhotoPreviewActivity",
            "com.baijiahulian.common.cropperv2.PhotoSelectActivity",
            "com.baijiayun.live.ui.LiveRoomSingleActivity",
            "com.baijiayun.live.ui.LiveRoomTripleActivity",
            "com.baijiayun.liveuibase.ascamera.AsCameraActivity",
            "com.baijiayun.liveuibase.devicetesting.DeviceTestingActivity",
            "com.baijiayun.liveuibase.zxing.ScanActivity",
            "com.cmic.sso.sdk.activity.LoginAuthActivity",
            "com.huatu.handheld_huatu.TokenConflictActivity",
            "com.huatu.handheld_huatu.base.BaseArenaCorrectActivity",
            "com.huatu.handheld_huatu.base.BaseFrgContainerActivity",
            "com.huatu.handheld_huatu.base.BaseFrgContainerBottomDialogActivity",
            "com.huatu.handheld_huatu.base.BaseFrgContainerV2Activity",
            "com.huatu.handheld_huatu.base.MyReuseSupportActivity",
            "com.huatu.handheld_huatu.base.ReuseActivity",
            "com.huatu.handheld_huatu.base.ReusePortraitActivity",
            "com.huatu.handheld_huatu.base.pay.PayActivity",
            "com.huatu.handheld_huatu.business.arena.activity.AdvertiseActivity",
            "com.huatu.handheld_huatu.business.arena.activity.ArenaAnswerCardActivity",
            "com.huatu.handheld_huatu.business.arena.activity.ArenaExamActivityPad",
            "com.huatu.handheld_huatu.business.arena.activity.ArenaExamActivityPhone",
            "com.huatu.handheld_huatu.business.arena.activity.ArenaExamAnswerCardActivity",
            "com.huatu.handheld_huatu.business.arena.activity.ArenaExamAreaActivity",
            "com.huatu.handheld_huatu.business.arena.activity.ArenaExamReportActivity",
            "com.huatu.handheld_huatu.business.arena.activity.ArenaExamReportExActivity",
            "com.huatu.handheld_huatu.business.arena.activity.ArenaExamSubjectivePhone",
            "com.huatu.handheld_huatu.business.arena.activity.ArenaExamSubjectiveReportActivity",
            "com.huatu.handheld_huatu.business.arena.activity.ArenaNoteEditActivity",
            "com.huatu.handheld_huatu.business.arena.activity.ArenaNotePictureViewActivity",
            "com.huatu.handheld_huatu.business.arena.activity.ArenaRestActivity",
            "com.huatu.handheld_huatu.business.arena.activity.DailySpecialActivity",
            "com.huatu.handheld_huatu.business.arena.activity.DailySpecialSettingActivity",
            "com.huatu.handheld_huatu.business.arena.activity.EvaluateReportActivityNew",
            "com.huatu.handheld_huatu.business.arena.activity.EvaluateReportForUserActivity",
            "com.huatu.handheld_huatu.business.arena.activity.ExamPaperActivity",
            "com.huatu.handheld_huatu.business.arena.activity.ExportArenaErrorActivity",
            "com.huatu.handheld_huatu.business.arena.activity.SimulationExamActivity",
            "com.huatu.handheld_huatu.business.arena.activity.TeacherPreviewPaperActivity",
            "com.huatu.handheld_huatu.business.arena.activity.VideoCommentActivity",
            "com.huatu.handheld_huatu.business.arena.activity.VipVideoActivity",
            "com.huatu.handheld_huatu.business.book.confirm.BookConfirmActivity",
            "com.huatu.handheld_huatu.business.book.detail.BookDetailActivity",
            "com.huatu.handheld_huatu.business.book.logistic.BookLogisticActivity",
            "com.huatu.handheld_huatu.business.book.order.BookOrderDetailActivity",
            "com.huatu.handheld_huatu.business.coach.activity.CoachActivity",
            "com.huatu.handheld_huatu.business.common.LargeImageActivity",
            "com.huatu.handheld_huatu.business.common.PictureViewActivity",
            "com.huatu.handheld_huatu.business.essay.EssayExamActivity",
            "com.huatu.handheld_huatu.business.essay.activity.EssayCorrectActivity",
            "com.huatu.handheld_huatu.business.essay.activity.EssayErrorCorrectionActivity",
            "com.huatu.handheld_huatu.business.essay.activity.EssayEstimateActivity",
            "com.huatu.handheld_huatu.business.essay.activity.EssayManualCheckReportActivity",
            "com.huatu.handheld_huatu.business.essay.activity.EssayMultipleActivity",
            "com.huatu.handheld_huatu.business.essay.activity.EssaySingleActivity",
            "com.huatu.handheld_huatu.business.essay.activity.HomeworkSingleListActivity",
            "com.huatu.handheld_huatu.business.essay.camera.CropImgActivity",
            "com.huatu.handheld_huatu.business.essay.camera.ShowCropperedActivity",
            "com.huatu.handheld_huatu.business.essay.camera.TakePhotoActivity",
            "com.huatu.handheld_huatu.business.essay.mainfragment.MultiplePaperActivity",
            "com.huatu.handheld_huatu.business.faceteach.ConfirmOrderActivity",
            "com.huatu.handheld_huatu.business.faceteach.FaceConfirmActivity",
            "com.huatu.handheld_huatu.business.faceteach.FaceListMoreActivity",
            "com.huatu.handheld_huatu.business.faceteach.FaceOrderDetailActivity",
            "com.huatu.handheld_huatu.business.faceteach.FacePayWayActivity",
            "com.huatu.handheld_huatu.business.faceteach.FaceTeachDetailActivity",
            "com.huatu.handheld_huatu.business.faceteach.FaceTeachDetailActivityNew",
            "com.huatu.handheld_huatu.business.faceteach.FaceTimeTableActivity",
            "com.huatu.handheld_huatu.business.faceteach.FillInformationActivity",
            "com.huatu.handheld_huatu.business.faceteach.SplitOrderActivity",
            "com.huatu.handheld_huatu.business.guide.PrivacyActivity",
            "com.huatu.handheld_huatu.business.guide.SplashActivity",
            "com.huatu.handheld_huatu.business.guide.SyseWebViewActivity",
            "com.huatu.handheld_huatu.business.kt.AshoreKTActivity",
            "com.huatu.handheld_huatu.business.lessons.ProtocolSignWebActivity",
            "com.huatu.handheld_huatu.business.login.BindPhoneActivity",
            "com.huatu.handheld_huatu.business.login.BindPhoneCodeActivity",
            "com.huatu.handheld_huatu.business.login.CompleteUserInfoActivity",
            "com.huatu.handheld_huatu.business.login.ConfirmCodeActivity",
            "com.huatu.handheld_huatu.business.login.ForgetPasswordActivity",
            "com.huatu.handheld_huatu.business.login.LoginActivity",
            "com.huatu.handheld_huatu.business.login.LoginByCodeActivity",
            "com.huatu.handheld_huatu.business.login.LoginByPasswordActivity",
            "com.huatu.handheld_huatu.business.login.PasswordResetActivity",
            "com.huatu.handheld_huatu.business.login.UserPortrayActivity",
            "com.huatu.handheld_huatu.business.login.selectsubject.SelectSubjectActivity",
            "com.huatu.handheld_huatu.business.main.MainTabActivity",
            "com.huatu.handheld_huatu.business.marginal.SearchActivity",
            "com.huatu.handheld_huatu.business.marginal.SearchPhotoActivity",
            "com.huatu.handheld_huatu.business.matches.activity.MatchMainActivity",
            "com.huatu.handheld_huatu.business.matches.activity.MatchReportActivity",
            "com.huatu.handheld_huatu.business.matches.activity.MatchReportShareActivity",
            "com.huatu.handheld_huatu.business.matches.scancard.activity.AATAnswerScanActivity",
            "com.huatu.handheld_huatu.business.matches.scancard.activity.ConfirmAnswerActivity",
            "com.huatu.handheld_huatu.business.matches.seniorreport.SeniorReportActivity",
            "com.huatu.handheld_huatu.business.matchsmall.activity.SmallMatchActivity",
            "com.huatu.handheld_huatu.business.matchsmall.activity.SmallMatchClassActivity",
            "com.huatu.handheld_huatu.business.matchsmall.activity.SmallMatchReportActivity",
            "com.huatu.handheld_huatu.business.matchsmall.activity.SmallReportListActivity",
            "com.huatu.handheld_huatu.business.matchsmall.activity.StageReportActivity",
            "com.huatu.handheld_huatu.business.me.AboutActivity",
            "com.huatu.handheld_huatu.business.me.AccountInfoActivity",
            "com.huatu.handheld_huatu.business.me.AccountSetActivity",
            "com.huatu.handheld_huatu.business.me.ActionDetailActivity",
            "com.huatu.handheld_huatu.business.me.BindPhoneActivity",
            "com.huatu.handheld_huatu.business.me.ChangeNicknameActivity",
            "com.huatu.handheld_huatu.business.me.ChangePasswordActivity",
            "com.huatu.handheld_huatu.business.me.ChangePhoneActivity",
            "com.huatu.handheld_huatu.business.me.ErrorActivity",
            "com.huatu.handheld_huatu.business.me.EssayOrderDetailActivity",
            "com.huatu.handheld_huatu.business.me.FeedbackActivity",
            "com.huatu.handheld_huatu.business.me.MyNotelistActivity",
            "com.huatu.handheld_huatu.business.me.MyScanActivity",
            "com.huatu.handheld_huatu.business.me.MydownloadActivity",
            "com.huatu.handheld_huatu.business.me.RecordActivity",
            "com.huatu.handheld_huatu.business.me.RedPacketDetailActivity",
            "com.huatu.handheld_huatu.business.me.RedPacketWithdrawalActivity",
            "com.huatu.handheld_huatu.business.me.RedPacketsActivity",
            "com.huatu.handheld_huatu.business.me.TestActivity",
            "com.huatu.handheld_huatu.business.me.UNRegisterActivity",
            "com.huatu.handheld_huatu.business.me.UNRegisterValidateActivity",
            "com.huatu.handheld_huatu.business.me.VideoCloudDirectoryActivity",
            "com.huatu.handheld_huatu.business.me.account.BalanceDetailActivity",
            "com.huatu.handheld_huatu.business.me.account.MyAccountActivity",
            "com.huatu.handheld_huatu.business.me.account.RechargeNowActivity",
            "com.huatu.handheld_huatu.business.me.integral.IntegralCenterActivity",
            "com.huatu.handheld_huatu.business.me.integral.TdDetailActivity",
            "com.huatu.handheld_huatu.business.me.order.LogisticDetailActivity",
            "com.huatu.handheld_huatu.business.me.order.OrderActivity",
            "com.huatu.handheld_huatu.business.me.order.OrderDetailActivity",
            "com.huatu.handheld_huatu.business.me.order.SensorsOrderActivity",
            "com.huatu.handheld_huatu.business.other.CourseCalendarActivity",
            "com.huatu.handheld_huatu.business.other.OnLiveSearchActivity",
            "com.huatu.handheld_huatu.business.other.TestwebActivity",
            "com.huatu.handheld_huatu.business.play.fragment.BaseFrgPreContainerActivity",
            "com.huatu.handheld_huatu.business.play.fragment.BaseIntroActivity",
            "com.huatu.handheld_huatu.business.play.fragment.CourseSaleTeacherActivity",
            "com.huatu.handheld_huatu.business.play.fragment.CourseTeacherDetailActivity",
            "com.huatu.handheld_huatu.business.play.fragment.GroupBuyDetailActivity",
            "com.huatu.handheld_huatu.business.play.fragment.GroupIntroActivity",
            "com.huatu.handheld_huatu.business.play.fragment.GroupSuccessActivity",
            "com.huatu.handheld_huatu.business.play.fragment.JudgeCourseListActivity",
            "com.huatu.handheld_huatu.business.play.fragment.TecherCommentActivity",
            "com.huatu.handheld_huatu.business.vip.activity.CurriculumActivity",
            "com.huatu.handheld_huatu.business.vip.activity.CurriculumCollectionActivity",
            "com.huatu.handheld_huatu.business.vip.activity.OrderMemberActivity",
            "com.huatu.handheld_huatu.business.vip.activity.OrderMemberDetailActivity",
            "com.huatu.handheld_huatu.business.vip.activity.PurchaseCourseActivity",
            "com.huatu.handheld_huatu.business.vip.activity.VideoAnalysisActivity",
            "com.huatu.handheld_huatu.business.vip.activity.VipCentreActivity",
            "com.huatu.handheld_huatu.business.ztk_zhibo.cache.DownLoadListActivity",
            "com.huatu.handheld_huatu.business.ztk_zhibo.pay.H5SellerActivity",
            "com.huatu.handheld_huatu.business.ztk_zhibo.play.CourseJudgeActivity",
            "com.huatu.handheld_huatu.business.ztk_zhibo.play.LiveVideoForLiveActivity",
            "com.huatu.handheld_huatu.jpush.OpenClickActivity",
            "com.huatu.handheld_huatu.omo.activity.EditWorkActivity",
            "com.huatu.handheld_huatu.omo.activity.MyInterviewActivity",
            "com.huatu.handheld_huatu.omo.activity.MySignInListActivity",
            "com.huatu.handheld_huatu.omo.activity.SignAddressActivity",
            "com.huatu.handheld_huatu.router.RouterActivity",
            "com.huatu.handheld_huatu.view.CustomAddGroupDialog",
            "com.huatu.handheld_huatu.wxapi.WXEntryActivity",
            "com.huatu.handheld_huatu.wxapi.WXPayEntryActivity",
            "com.huatu.handheld_huatu.ztk_vod.BJRecordPlayActivity",
            "com.huatu.handheld_huatu.ztk_vod.BjPadCachePlayActivity",
            "com.huatu.handheld_huatu.ztk_vod.SignCalendarActivity",
            "com.huatu.handheld_huatu.ztk_vod.activity.ClockInCalenderActivity",
            "com.huatu.handheld_huatu.ztk_vod.activity.HomeworkActivity",
            "com.huatu.handheld_huatu.ztk_vod.activity.RegistrationCourseActivity",
            "com.huatu.handheld_huatu.ztk_vod.activity.SectionalExaminationActivity",
            "com.huatu.handheld_huatu.ztk_vod.highmianshou.HighMianShouActivity",
            "com.huatu.handheld_huatu.ztk_vod.highmianshou.HuaTuXieYiActivity",
            "com.huatu.message.MipushActivity",
            "com.huatu.play.MainActivity",
            "com.huatu.subscriptions.ShadowActivity",
            "com.huawei.hms.activity.BridgeActivity",
            "com.huawei.hms.activity.EnableServiceActivity",
            "com.huawei.updatesdk.service.otaupdate.AppUpdateActivity",
            "com.huawei.updatesdk.support.pm.PackageInstallerActivity",
            "com.journeyapps.barcodescanner.CaptureActivity",
            "com.mobile.auth.gatewayauth.LoginAuthActivity",
            "com.mobile.auth.gatewayauth.activity.AuthWebVeiwActivity",
            "com.sina.weibo.sdk.share.ShareTransActivity",
            "com.sina.weibo.sdk.web.WebActivity",
            "com.sobot.chat.activity.SobotCameraActivity",
            "com.sobot.chat.activity.SobotChooseCityActivity",
            "com.sobot.chat.activity.SobotChooseFileActivity",
            "com.sobot.chat.activity.SobotConsultationListActivity",
            "com.sobot.chat.activity.SobotCusFieldActivity",
            "com.sobot.chat.activity.SobotFileDetailActivity",
            "com.sobot.chat.activity.SobotHelpCenterActivity",
            "com.sobot.chat.activity.SobotPhotoActivity",
            "com.sobot.chat.activity.SobotPhotoListActivity",
            "com.sobot.chat.activity.SobotPostCategoryActivity",
            "com.sobot.chat.activity.SobotPostLeaveMsgActivity",
            "com.sobot.chat.activity.SobotPostMsgActivity",
            "com.sobot.chat.activity.SobotProblemCategoryActivity",
            "com.sobot.chat.activity.SobotProblemDetailActivity",
            "com.sobot.chat.activity.SobotQueryFromActivity",
            "com.sobot.chat.activity.SobotSkillGroupActivity",
            "com.sobot.chat.activity.SobotTicketDetailActivity",
            "com.sobot.chat.activity.SobotVideoActivity",
            "com.sobot.chat.activity.WebViewActivity",
            "com.sobot.chat.conversation.SobotChatActivity",
            "com.sobot.chat.widget.dialog.SobotEvaluateActivity",
            "com.sobot.chat.widget.dialog.SobotPostMsgTmpListActivity",
            "com.sobot.chat.widget.dialog.SobotReplyActivity",
            "com.sobot.chat.widget.dialog.SobotRobotListActivity",
            "com.sobot.chat.widget.dialog.SobotTicketEvaluateActivity",
            "com.tencent.connect.common.AssistActivity",
            "com.tencent.liteav.video.TXScreenCapture$TXScreenCaptureAssistantActivity",
            "com.tencent.rtmp.video.TXScreenCapture$TXScreenCaptureAssistantActivity",
            "com.tencent.tauth.AuthActivity",
            "com.umeng.message.notify.UPushMessageNotifyActivity",
            "com.umeng.socialize.editorpage.ShareActivity",
            "com.umeng.union.UMBoardActivity",
            "com.umeng.union.UMWebViewActivity",
            "com.vivo.push.sdk.LinkProxyClientActivity",
            "com.xiaomi.mipush.sdk.NotificationClickedActivity",
            "com.zhihu.matisse.internal.ui.AlbumPreviewActivity",
            "com.zhihu.matisse.internal.ui.SelectedPreviewActivity",
            "com.zhihu.matisse.ui.MatisseActivity",
            "org.brtc.sdk.adapter.boomcore.BRTCScreenCapture$BRTCScreenCaptureActivity"
        ],
        "services": [
            "cn.jpush.android.service.DaemonService",
            "cn.jpush.android.service.PluginHuaweiPlatformsService",
            "cn.jpush.android.service.PluginOppoPushService",
            "cn.jpush.android.service.PushService",
            "com.amap.api.location.APSService",
            "com.baijiayun.download.DownloadService",
            "com.baijiayun.liveuibase.toolbox.screenshare.ScreenShareService",
            "com.heytap.mcssdk.AppPushService",
            "com.heytap.mcssdk.PushService",
            "com.heytap.msp.push.service.CompatibleDataMessageCallbackService",
            "com.heytap.msp.push.service.DataMessageCallbackService",
            "com.huatu.handheld_huatu.helper.BaijDownloadService",
            "com.huatu.handheld_huatu.helper.LocationForegoundService",
            "com.huatu.handheld_huatu.jpush.MyHWPushService",
            "com.huatu.handheld_huatu.jpush.PushService",
            "com.huatu.music.player.MusicPlayerService",
            "com.huawei.agconnect.core.ServiceDiscovery",
            "com.huawei.hms.support.api.push.service.HmsMsgService",
            "com.sobot.chat.core.channel.SobotTCPServer",
            "com.sobot.chat.server.SobotSessionServer",
            "com.taobao.accs.ChannelService",
            "com.taobao.accs.ChannelService$KernelService",
            "com.taobao.accs.data.MsgDistributeService",
            "com.taobao.accs.internal.AccsJobService",
            "com.tencent.smtt.export.external.DexClassLoaderProviderService",
            "com.umeng.message.UmengDownloadResourceService",
            "com.umeng.message.UmengIntentService",
            "com.umeng.message.UmengMessageCallbackHandlerService",
            "com.umeng.message.UmengMessageIntentReceiverService",
            "com.umeng.message.XiaomiIntentService",
            "com.vivo.push.sdk.service.CommandClientService",
            "com.xiaomi.mipush.sdk.MessageHandleService",
            "com.xiaomi.mipush.sdk.PushMessageHandler",
            "com.xiaomi.push.service.XMJobService",
            "com.xiaomi.push.service.XMPushService",
            "org.android.agoo.accs.AgooService",
            "org.android.agoo.huawei.HuaweiPushMessageService"
        ],
        "receivers": [
            "cn.jpush.android.asus.AsusPushMessageReceiver",
            "cn.jpush.android.service.AlarmReceiver",
            "cn.jpush.android.service.PluginVivoMessageReceiver",
            "cn.jpush.android.service.PluginXiaomiPlatformsReceiver",
            "cn.jpush.android.service.PushReceiver",
            "cn.jpush.android.service.SchedulerReceiver",
            "com.huatu.handheld_huatu.MyJPushMessageReceiver",
            "com.huatu.handheld_huatu.MyReceiver",
            "com.huatu.handheld_huatu.receiver.ConnectionBroadcastReceiver",
            "com.huatu.handheld_huatu.receiver.SendReceiver",
            "com.huatu.music.player.MediaButtonIntentReceiver",
            "com.huawei.hms.support.api.push.PushMsgReceiver",
            "com.huawei.hms.support.api.push.PushReceiver",
            "com.taobao.accs.EventReceiver",
            "com.taobao.accs.ServiceReceiver",
            "com.taobao.agoo.AgooCommondReceiver",
            "com.umeng.message.UmengNotificationReceiver",
            "com.umeng.union.UMBoardReceiver",
            "com.xiaomi.push.service.receivers.NetworkStatusReceiver",
            "com.xiaomi.push.service.receivers.PingReceiver",
            "org.android.agoo.vivo.PushMessageReceiverImpl",
            "org.android.agoo.xiaomi.MiPushBroadcastReceiver"
        ]
    },
    "stats": {
        "dex_count": 1,
        "native_lib_count": 28
    },
    "jadx": {
        "status": "ok",
        "duration_sec": 3.13,
        "sources_present": true,
        "java_file_count": 10
    },
    "ast_analysis": {
        "location": 0,
        "microphone": 0,
        "camera": 2,
        "media_projection": 0,
        "dynamic_load": 0,
        "jni": 1
    },
    "analysis_state": "complete"
}