{
    "apk_name": "95F1F57BF6D9640DC4591895D125AAEA76D4E0C3B5ADEC9DB45F367AE3DC7924",
    "sha256": "95f1f57bf6d9640dc4591895d125aaea76d4e0c3b5adec9db45f367ae3dc7924",
    "metadata": {
        "package_name": "com.yitong.xian.mbank",
        "version_code": "731",
        "version_name": "7.3.1",
        "min_sdk": "18",
        "target_sdk": "26",
        "permissions": [
            "android.hardware.camera.autofocus",
            "android.permission.ACCESS_ASSISTED_GPS",
            "android.permission.ACCESS_COARSE_LOCATION",
            "android.permission.ACCESS_FINE_LOCATION",
            "android.permission.ACCESS_GPS",
            "android.permission.ACCESS_LOCATION",
            "android.permission.ACCESS_LOCATION_EXTRA_COMMANDS",
            "android.permission.ACCESS_NETWORK_STATE",
            "android.permission.ACCESS_WIFI_STATE",
            "android.permission.AUTHENTICATE_ACCOUNTS",
            "android.permission.BAIDU_LOCATION_SERVICE",
            "android.permission.BATTERY_STATS",
            "android.permission.BIND_NFC_SERVICE",
            "android.permission.BLUETOOTH",
            "android.permission.BLUETOOTH_ADMIN",
            "android.permission.BLUETOOTH_PRIVILEGED",
            "android.permission.BROADCAST_STICKY",
            "android.permission.CALL_PHONE",
            "android.permission.CAMERA",
            "android.permission.CHANGE_NETWORK_STATE",
            "android.permission.CHANGE_WIFI_MULTICAST_STATE",
            "android.permission.CHANGE_WIFI_STATE",
            "android.permission.FLAG_ACTIVITY_NEW_TASK",
            "android.permission.FLASHLIGHT",
            "android.permission.FOREGROUND_SERVICE",
            "android.permission.GET_ACCOUNTS",
            "android.permission.GET_TASKS",
            "android.permission.INTERNET",
            "android.permission.MANAGE_ACCOUNTS",
            "android.permission.MANAGE_FINGERPRINT",
            "android.permission.MODIFY_AUDIO_SETTINGS",
            "android.permission.MOUNT_UNMOUNT_FILESYSTEMS",
            "android.permission.NFC",
            "android.permission.PACKAGE_USAGE_STATS",
            "android.permission.READ_CALENDAR",
            "android.permission.READ_CONTACTS",
            "android.permission.READ_EXTERNAL_STORAGE",
            "android.permission.READ_PHONE_STATE",
            "android.permission.READ_PROFILE",
            "android.permission.READ_SETTINGS",
            "android.permission.RECEIVE_BOOT_COMPLETED",
            "android.permission.RECORD_AUDIO",
            "android.permission.REORDER_TASKS",
            "android.permission.REQUEST_INSTALL_PACKAGES",
            "android.permission.RESTART_PACKAGES",
            "android.permission.SYSTEM_ALERT_WINDOW",
            "android.permission.UPDATE_DEVICE_STATS",
            "android.permission.USE_CREDENTIALS",
            "android.permission.USE_FINGERPRINT",
            "android.permission.VIBRATE",
            "android.permission.WAKE_LOCK",
            "android.permission.WRITE_CALENDAR",
            "android.permission.WRITE_EXTERNAL_STORAGE",
            "android.permission.WRITE_SETTINGS",
            "android.permission.ZTE_HEARTYSERVICE_MANAGEMENT",
            "com.alipay.permission.ALIPAY_UPDATE_CREDENTIALS",
            "com.alipay.permission.ALIPAY_USE_CREDENTIALS",
            "com.aliyun.permission.STORAGE_SERVICE",
            "com.aliyun.permission.TYID_MGR_SERVICE",
            "com.aliyun.permission.TYID_SERVICE",
            "com.anddoes.launcher.permission.UPDATE_COUNT",
            "com.android.launcher.permission.INSTALL_SHORTCUT",
            "com.android.launcher.permission.READ_SETTINGS",
            "com.android.launcher.permission.UNINSTALL_SHORTCUT",
            "com.htc.launcher.permission.READ_SETTINGS",
            "com.htc.launcher.permission.UPDATE_SHORTCUT",
            "com.huawei.android.launcher.permission.CHANGE_BADGE",
            "com.majeur.launcher.permission.UPDATE_BADGE",
            "com.samsung.android.authservice.permission.READ_CONTENT_PROVIDER",
            "com.sonyericsson.home.permission.BROADCAST_BADGE",
            "com.taobao.permission.UPDATE_CREDENTIALS",
            "com.taobao.permission.USE_CREDENTIALS",
            "com.yitong.xian.mbank.permission.MIPUSH_RECEIVE",
            "com.yunos.permission.STORAGE_SERVICE",
            "com.yunos.permission.TYID_MGR_SERVICE",
            "com.yunos.permission.TYID_SERVICE",
            "nxp.permission.ACCESS_WALLET_SERVICE"
        ],
        "activities": [
            "cn.cloudwalk.libproject.LiveActivity",
            "cn.cloudwalk.libproject.LiveResultActivity",
            "cn.cloudwalk.libproject.LiveStartActivity",
            "cn.org.bjca.anysign.android.api.core.CommentActivity",
            "cn.org.bjca.anysign.android.api.core.SignatureActivity",
            "com.abchina.openbank.opensdk.base.ui.OCRCameraActivity",
            "com.abchina.openbank.opensdk.common.ui.base.BaseWebActivity",
            "com.abchina.openbank.opensdk.digital_wallet.ui.DigitalWalletResultActivity",
            "com.alipay.android.phone.mobilecommon.multimediabiz.biz.live.ARTVCModuleDownloadActivity",
            "com.alipay.android.phone.mobilecommon.multimediabiz.biz.live.LiveDownloadActivity",
            "com.alipay.mobile.aompfilemanager.pdf.PdfViewer",
            "com.alipay.mobile.beehive.capture.activity.CaptureActivity",
            "com.alipay.mobile.beehive.capture.activity.LandscapeCaptureActivity",
            "com.alipay.mobile.beehive.capture.activity.LandscapeCaptureForCarInsuranceActivity",
            "com.alipay.mobile.beehive.capture.activity.LandscapeRecordPreview",
            "com.alipay.mobile.beehive.capture.activity.PortraitCaptureActivity",
            "com.alipay.mobile.beehive.capture.activity.PortraitCaptureExtendActivity",
            "com.alipay.mobile.beehive.capture.activity.PortraitRecordPreview",
            "com.alipay.mobile.beehive.capture.activity.RecordPreviewActivity",
            "com.alipay.mobile.beehive.compositeui.multilevel.MultilevelSelectActivity",
            "com.alipay.mobile.beehive.photo.ui.BrowsePhotoAsListActivity",
            "com.alipay.mobile.beehive.photo.ui.PhotoEditActivity",
            "com.alipay.mobile.beehive.photo.ui.PhotoPreviewActivity",
            "com.alipay.mobile.beehive.photo.ui.PhotoSelectActivity",
            "com.alipay.mobile.beehive.photo.ui.VideoPreviewActivity",
            "com.alipay.mobile.beehive.photo.ui.VideoPreviewEditActivity",
            "com.alipay.mobile.core.loading.impl.LoadingPage",
            "com.alipay.mobile.h5plugin.H5MapActivity",
            "com.alipay.mobile.liteprocess.LiteProcessActivity$LiteProcessActivity1",
            "com.alipay.mobile.liteprocess.LiteProcessActivity$LiteProcessActivity2",
            "com.alipay.mobile.liteprocess.LiteProcessActivity$LiteProcessActivity3",
            "com.alipay.mobile.liteprocess.LiteProcessActivity$LiteProcessActivity4",
            "com.alipay.mobile.liteprocess.LiteProcessActivity$LiteProcessActivity5",
            "com.alipay.mobile.nebula.appcenter.apphandler.loadingview.H5LoadingActivity",
            "com.alipay.mobile.nebulaappproxy.activity.MiniProgramOpenSettingActivity",
            "com.alipay.mobile.nebulaappproxy.inside.account.AlipayMiniProgramAuthActivity",
            "com.alipay.mobile.nebulaappproxy.inside.contact.H5ContactTransparentActivity",
            "com.alipay.mobile.nebulaappproxy.ipc.H5ProcessTransActivity",
            "com.alipay.mobile.nebulacore.dev.ui.H5BugMeSettingsActivity",
            "com.alipay.mobile.nebulacore.ui.H5Activity",
            "com.alipay.mobile.nebulacore.ui.H5Activity$H5Activity1",
            "com.alipay.mobile.nebulacore.ui.H5Activity$H5Activity2",
            "com.alipay.mobile.nebulacore.ui.H5Activity$H5Activity3",
            "com.alipay.mobile.nebulacore.ui.H5Activity$H5Activity4",
            "com.alipay.mobile.nebulacore.ui.H5Activity$H5Activity5",
            "com.alipay.mobile.nebulacore.ui.H5FileChooserActivity",
            "com.alipay.mobile.nebulacore.ui.H5MainProcTinyActivity",
            "com.alipay.mobile.nebulacore.ui.H5NebulaAppActivity",
            "com.alipay.mobile.nebulacore.ui.H5NetworkCheckActivity",
            "com.alipay.mobile.nebulacore.ui.H5TransActivity",
            "com.alipay.mobile.nebulacore.ui.H5TransActivity$H5TransActivity0",
            "com.alipay.mobile.nebulacore.ui.H5TransActivity$H5TransActivity1",
            "com.alipay.mobile.nebulacore.ui.H5TransActivity$H5TransActivity2",
            "com.alipay.mobile.nebulacore.ui.H5TransActivity$H5TransActivity3",
            "com.alipay.mobile.nebulacore.ui.H5TransActivity$H5TransActivity4",
            "com.alipay.mobile.nebulacore.ui.H5TransActivity$H5TransActivity5",
            "com.alipay.mobile.nebulacore.ui.H5TransLandscapeActivity",
            "com.alipay.mobile.nebulacore.wallet.H5DevAppActivity",
            "com.alipay.mobile.quinox.LauncherActivity",
            "com.alipay.mobile.quinox.activity.StubActivity",
            "com.alipay.mobile.quinox.preload.PreloadFodderActivity",
            "com.alipay.mobile.scan.as.tool.EnterpriseCaptureActivity",
            "com.alipay.mobile.scan.as.tool.ToolsCaptureActivity",
            "com.alipay.mobile.scansdk.activity.MPaasToolsCaptureActivity",
            "com.alipay.mobile.scansdk.activity.ToolsCaptureActivity",
            "com.alipay.pushsdk.thirdparty.MPaaSNcActivity",
            "com.bangcle.everisk.core.activity.AlertActivity",
            "com.fhvideo.phoneui.FHLiveActivity",
            "com.google.ar.core.InstallActivity",
            "com.huawei.hms.activity.BridgeActivity",
            "com.mpaas.opensdk.auth.AuthHelperActivity",
            "com.mpaas.tinyapi.city.view.CitySelectActivity",
            "com.mpaas.tinyapi.location.view.H5ChooseLocationActivity",
            "com.turui.android.activity.CameraActivity",
            "com.turui.android.activity.WCameraActivity",
            "com.turui.android.activity.WCameraPhotoActivity",
            "com.yanzhenjie.permission.PermissionActivity",
            "com.yinhai.hybird.md.engine.ui.MDMainActivity",
            "com.yinhai.hybird.md.engine.ui.SplashActivity",
            "com.yitong.common.zxing.CaptureActivity",
            "com.yitong.enterprise.android.activity.EnterpriseAISpeechActivity",
            "com.yitong.enterprise.android.activity.EnterpriseAllMenuActivity",
            "com.yitong.enterprise.android.activity.EnterpriseChangeLauncherActivity",
            "com.yitong.enterprise.android.activity.EnterpriseLoginActivity",
            "com.yitong.enterprise.android.activity.EnterpriseNodeSearchActivity",
            "com.yitong.enterprise.android.activity.EnterpriseNodeSearchDetailsActivity",
            "com.yitong.enterprise.android.activity.EnterpriseNodeSearchEquipmentDetailsActivity",
            "com.yitong.enterprise.android.activity.EnterprisePDFActivity",
            "com.yitong.enterprise.android.activity.EnterpriseQuestionActivity",
            "com.yitong.enterprise.android.activity.EnterpriseSearchActivity",
            "com.yitong.enterprise.android.activity.EnterpriseTestActivity",
            "com.yitong.enterprise.android.activity.EnterpriseYunCertActivity",
            "com.yitong.enterprise.android.activity.Enterprise_MainActivity",
            "com.yitong.mbank.app.android.activity.AllMenuNewActivity",
            "com.yitong.mbank.app.android.activity.BindResultActivity",
            "com.yitong.mbank.app.android.activity.BirthdayActivity",
            "com.yitong.mbank.app.android.activity.ChoosePictureActivity",
            "com.yitong.mbank.app.android.activity.EmptyActivity",
            "com.yitong.mbank.app.android.activity.IatAudioActivity",
            "com.yitong.mbank.app.android.activity.MenuSearchActivity",
            "com.yitong.mbank.app.android.activity.New_MainActivity",
            "com.yitong.mbank.app.android.activity.NoticClickActivity",
            "com.yitong.mbank.app.android.activity.PayKeyboardActivity",
            "com.yitong.mbank.app.android.activity.ServiceCenterActivity",
            "com.yitong.mbank.app.android.activity.SetIpActivity",
            "com.yitong.mbank.app.android.activity.WelcomeGuideActivity",
            "com.yitong.mbank.app.android.activity.WxAccreditActivity.WXBindActivity",
            "com.yitong.mbank.app.android.activity.WxAccreditActivity.WXInputBindActivity",
            "com.yitong.mbank.app.android.activity.advertisement.AdvertisementActivity",
            "com.yitong.mbank.app.android.activity.advertisement.AdvertisementVideoActivity",
            "com.yitong.mbank.app.android.activity.barcode.ChangePayCard",
            "com.yitong.mbank.app.android.activity.barcode.ElectricMoneyCreateActivity",
            "com.yitong.mbank.app.android.activity.barcode.PayCodeActivity",
            "com.yitong.mbank.app.android.activity.barcode.QrCodeActivity",
            "com.yitong.mbank.app.android.activity.barcode.TwoDimensionCodeActivityPay",
            "com.yitong.mbank.app.android.activity.calculator.CalculatorContentActivity",
            "com.yitong.mbank.app.android.activity.calculator.CalculatorMainActivity",
            "com.yitong.mbank.app.android.activity.contacts.mobile.ContactsActivity",
            "com.yitong.mbank.app.android.activity.customService.AICustomServiceActivity",
            "com.yitong.mbank.app.android.activity.customService.AISpeechActivity",
            "com.yitong.mbank.app.android.activity.customService.AISpeechPluginActivity",
            "com.yitong.mbank.app.android.activity.customService.AudioGuideActivity",
            "com.yitong.mbank.app.android.activity.customService.CSMessageSetting",
            "com.yitong.mbank.app.android.activity.eidNFC.BankCardScanActivity",
            "com.yitong.mbank.app.android.activity.eidNFC.IDNfcActivity",
            "com.yitong.mbank.app.android.activity.eidNFC.IIVP_Activity",
            "com.yitong.mbank.app.android.activity.funds.FundsActivity",
            "com.yitong.mbank.app.android.activity.funds.FundsDialog",
            "com.yitong.mbank.app.android.activity.gesturelock.GestureEditActivity",
            "com.yitong.mbank.app.android.activity.gesturelock.GestureVerifyActivity",
            "com.yitong.mbank.app.android.activity.gesturelock.GuestureSetting",
            "com.yitong.mbank.app.android.activity.keyboard.CodeCheckKeyboard",
            "com.yitong.mbank.app.android.activity.keyboard.CreditCardPwdTwoRowsKeyboard",
            "com.yitong.mbank.app.android.activity.keyboard.DebitAccountTwoRowsKeyboard",
            "com.yitong.mbank.app.android.activity.keyboard.PopupInfoKeyboard",
            "com.yitong.mbank.app.android.activity.keyboard.PopupKeyboard",
            "com.yitong.mbank.app.android.activity.keyboard.SetPayPwdPopupKeyboard",
            "com.yitong.mbank.app.android.activity.keyboard.UpDatePayPwdOneRowsKeyboard",
            "com.yitong.mbank.app.android.activity.keyboard.UpDatePayPwdTwoRowsKeyboard",
            "com.yitong.mbank.app.android.activity.live.LiveBroadcastActivity",
            "com.yitong.mbank.app.android.activity.login.CodeCheckActivity",
            "com.yitong.mbank.app.android.activity.login.LoginActivity",
            "com.yitong.mbank.app.android.activity.login.MainActivity",
            "com.yitong.mbank.app.android.activity.login.OtherChannelActivity",
            "com.yitong.mbank.app.android.activity.login.PasswordActivity",
            "com.yitong.mbank.app.android.activity.login.QuiceLoginWay",
            "com.yitong.mbank.app.android.activity.login.QuiceLoginWaySetSuccess",
            "com.yitong.mbank.app.android.activity.login.ReferrerActivity",
            "com.yitong.mbank.app.android.activity.login.SetLoginWayActivity",
            "com.yitong.mbank.app.android.activity.login.SetPasswordActivity",
            "com.yitong.mbank.app.android.activity.login.SkipSetActivity",
            "com.yitong.mbank.app.android.activity.mycenter.MyCenter",
            "com.yitong.mbank.app.android.activity.mycenter.NotificationSetting",
            "com.yitong.mbank.app.android.activity.mycenter.Recommend",
            "com.yitong.mbank.app.android.activity.notice.DialogActivityNotice",
            "com.yitong.mbank.app.android.activity.pdf.PdfActivity",
            "com.yitong.mbank.app.android.activity.pdf.PrintPdfActivity",
            "com.yitong.mbank.app.android.activity.privateService.PSHomeActivity",
            "com.yitong.mbank.app.android.activity.pushmessage.AddCustomSuccActivity",
            "com.yitong.mbank.app.android.activity.pushmessage.AddCustomToDoActivity",
            "com.yitong.mbank.app.android.activity.pushmessage.MessageCenterActivity",
            "com.yitong.mbank.app.android.activity.pushmessage.MessageCenterToDoActivity",
            "com.yitong.mbank.app.android.activity.pushmessage.PMAccountServiceActivity",
            "com.yitong.mbank.app.android.activity.pushmessage.PMBankAccountActivity",
            "com.yitong.mbank.app.android.activity.pushmessage.PMBankAccountContentActivity",
            "com.yitong.mbank.app.android.activity.pushmessage.PMFinancialActivity",
            "com.yitong.mbank.app.android.activity.pushmessage.PMSaleMessageActivity",
            "com.yitong.mbank.app.android.activity.pushmessage.PMXAOnlineActivity",
            "com.yitong.mbank.app.android.activity.pushmessage.PMXAServiceActivity",
            "com.yitong.mbank.app.android.activity.pushmessage.dialog.BusPushClickDialogActivity",
            "com.yitong.mbank.app.android.activity.search.NodeSearchActivity",
            "com.yitong.mbank.app.android.activity.search.NodeSearchDetailsActivity",
            "com.yitong.mbank.app.android.activity.search.NodeSearchEquipmentDetailsActivity",
            "com.yitong.mbank.app.android.activity.search.NodeSearchMapActivity",
            "com.yitong.mbank.app.android.activity.searchh.QuestionActivity",
            "com.yitong.mbank.app.android.activity.searchh.SearchActivityNew",
            "com.yitong.mbank.app.android.activity.setting.AboutActivity",
            "com.yitong.mbank.app.android.activity.setting.BiologyDiscernActivity",
            "com.yitong.mbank.app.android.activity.setting.FingSetting",
            "com.yitong.mbank.app.android.activity.setting.LoginSetting",
            "com.yitong.mbank.app.android.activity.setting.SafeCentre",
            "com.yitong.mbank.app.android.activity.setting.Setting",
            "com.yitong.mbank.app.android.activity.sotpdialog.SotpAboveSafeBox",
            "com.yitong.mbank.app.android.activity.vibot.VideoTransferActivity",
            "com.yitong.mbank.app.android.activity.voice.VoiceActivity",
            "com.yitong.mbank.app.android.activity.voice.VoiceLoginActivity",
            "com.yitong.mbank.app.android.activity.voice.VoiceSetting",
            "com.yitong.mbank.app.android.activity.voiceAccount.VoiceAccountActivity",
            "com.yitong.mbank.app.android.camera.ShowCropperedActivity",
            "com.yitong.mbank.app.android.camera.TakePhoteActivity",
            "com.yitong.mbank.app.android.openaccount.OpenAccount",
            "com.yitong.mbank.app.android.openaccount.OpenAccountSettingActivity",
            "com.yitong.mbank.app.android.openaccount.UpLoadPhoto",
            "com.yitong.mbank.app.android.voide.CustomRecordActivity",
            "com.yitong.mbank.app.android.waterrate.WaterRateActivity",
            "com.yitong.mbank.app.android.widget.dialog.AlertActivity",
            "com.yitong.mbank.app.android.widget.dialog.BottomActivity",
            "com.yitong.mbank.app.utils.facerecognition.LiveStartActivity",
            "com.yitong.mbank.app.utils.webview.AgreementWebViewActivity",
            "com.yitong.mbank.app.utils.webview.WebViewActivity",
            "com.yitong.mpaas.TestActivity",
            "com.yitong.mpaas.h5.H5TestActivity",
            "com.yitong.mpaas.h5.plugins.keyBoard.smKeyBoard.SMPopupKeyboard",
            "com.yitong.utils.img.clip.ClipImageActivity",
            "com.yitong.xian.mbank.wxapi.WXEntryActivity",
            "essclib.esscpermission.bridge.BridgeActivity",
            "hc.mhis.paic.com.essclibrary.activity.ESSCFaceDetectActivity",
            "hc.mhis.paic.com.essclibrary.activity.ESSCMainActivity",
            "hc.mhis.paic.com.essclibrary.activity.ESSCScanCodeActivity"
        ],
        "services": [
            "com.alipay.android.phone.mobilecommon.dynamicrelease.DynamicReleaseProcessService",
            "com.alipay.android.phone.mobilecommon.dynamicrelease.DynamicReleaseRequestService",
            "com.alipay.android.phone.mobilesdk.apm.service.APMInnerService",
            "com.alipay.mobile.android.security.upgrade.download.normal.UpgradeExternalDownloadIntentService",
            "com.alipay.mobile.common.fgbg.FgBgMonitorService",
            "com.alipay.mobile.common.logging.process.LogServiceInMainProcess",
            "com.alipay.mobile.common.logging.process.LogServiceInPushProcess",
            "com.alipay.mobile.common.logging.process.LogServiceInToolsProcess",
            "com.alipay.mobile.common.logging.process.LogServiceInlite1",
            "com.alipay.mobile.common.logging.process.LogServiceInlite2",
            "com.alipay.mobile.common.logging.process.LogServiceInlite3",
            "com.alipay.mobile.common.logging.process.LogServiceInlite4",
            "com.alipay.mobile.common.logging.process.LogServiceInlite5",
            "com.alipay.mobile.liteprocess.LiteProcessService$LiteProcessService1",
            "com.alipay.mobile.liteprocess.LiteProcessService$LiteProcessService2",
            "com.alipay.mobile.liteprocess.LiteProcessService$LiteProcessService3",
            "com.alipay.mobile.liteprocess.LiteProcessService$LiteProcessService4",
            "com.alipay.mobile.liteprocess.LiteProcessService$LiteProcessService5",
            "com.alipay.mobile.liteprocess.ipc.IpcCallServer",
            "com.alipay.mobile.liteprocess.ipc.IpcMsgServer",
            "com.alipay.mobile.logmonitor.ClientMonitorService",
            "com.alipay.mobile.quinox.classloader.DexOptServiceInToolsProcess",
            "com.alipay.mobile.quinox.preload.ExcaliburService",
            "com.alipay.mobile.quinox.preload.MainPldService",
            "com.alipay.mobile.quinox.preload.PreloadService",
            "com.alipay.pushsdk.push.AppInfoRecvIntentService",
            "com.alipay.pushsdk.push.NotificationService",
            "com.amap.api.location.APSService",
            "com.fhvideo.adviser.utils.FHNotiService",
            "com.fhvideo.fhcommon.service.FHScreenService",
            "com.mudu.yaguplayer.video.services.MediaPlayerService",
            "com.xiaomi.mipush.sdk.MessageHandleService",
            "com.xiaomi.mipush.sdk.PushMessageHandler",
            "com.xiaomi.push.service.XMJobService",
            "com.xiaomi.push.service.XMPushService",
            "com.yitong.mbank.app.service.UpdateService",
            "com.yitong.mpaas.RecvMsgIntentService",
            "org.altbeacon.beacon.service.ScanJob"
        ],
        "receivers": [
            "android.support.multidex.MultiDexPreloadReceiver",
            "com.alipay.android.phone.mobilecommon.dynamicrelease.SyncConfigReceiver",
            "com.alipay.mobile.common.logging.process.LogReceiverInToolsProcess",
            "com.alipay.mobile.logmonitor.ClientMonitorExtReceiver",
            "com.alipay.mobile.logmonitor.ClientMonitorWakeupReceiver",
            "com.alipay.mobile.logmonitor.TraceStubReceiver",
            "com.alipay.mobile.nebulaappproxy.inside.account.MiniProgramAuthService",
            "com.alipay.mobile.quinox.preload.PreloadReceiver",
            "com.alipay.pushsdk.BroadcastActionReceiver",
            "com.alipay.pushsdk.thirdparty.huawei.HuaweiPushReceiver",
            "com.alipay.pushsdk.thirdparty.xiaomi.XiaoMiMsgReceiver",
            "com.alipay.pushsdk.ui.UserActionReceiver",
            "com.fhvideo.busi.FHNetWorkReceiver",
            "com.huawei.hms.support.api.push.PushEventReceiver",
            "com.xiaomi.push.service.receivers.NetworkStatusReceiver",
            "com.xiaomi.push.service.receivers.PingReceiver"
        ]
    },
    "stats": {
        "dex_count": 8,
        "native_lib_count": 106
    },
    "jadx": {
        "status": "ok",
        "duration_sec": 70.58,
        "sources_present": true,
        "java_file_count": 18518
    },
    "ast_analysis": {
        "location": 18,
        "microphone": 17,
        "camera": 188,
        "media_projection": 8,
        "dynamic_load": 0,
        "jni": 176
    },
    "analysis_state": "complete"
}