{
    "apk_name": "FBA10F21340AADA3010D5F13DBDFE468F4273E71BAD145F2C0A9785D9AD6E127",
    "sha256": "fba10f21340aada3010d5f13dbdfe468f4273e71bad145f2c0a9785d9ad6e127",
    "metadata": {
        "package_name": "com.cmb.ubank.UBUI",
        "version_code": "592",
        "version_name": "5.9.2",
        "min_sdk": "21",
        "target_sdk": "26",
        "permissions": [
            "android.permission.ACCESS_BACKGROUND_LOCATION",
            "android.permission.ACCESS_COARSE_LOCATION",
            "android.permission.ACCESS_FINE_LOCATION",
            "android.permission.ACCESS_LOCATION_EXTRA_COMMANDS",
            "android.permission.ACCESS_NETWORK_STATE",
            "android.permission.ACCESS_WIFI_STATE",
            "android.permission.BLUETOOTH",
            "android.permission.BLUETOOTH_ADMIN",
            "android.permission.CALL_PHONE",
            "android.permission.CAMERA",
            "android.permission.CHANGE_CONFIGURATION",
            "android.permission.CHANGE_NETWORK_STATE",
            "android.permission.CHANGE_WIFI_STATE",
            "android.permission.FOREGROUND_SERVICE",
            "android.permission.GET_TASKS",
            "android.permission.INTERNET",
            "android.permission.MODIFY_AUDIO_SETTINGS",
            "android.permission.MOUNT_UNMOUNT_FILESYSTEMS",
            "android.permission.READ_CONTACTS",
            "android.permission.READ_EXTERNAL_STORAGE",
            "android.permission.READ_LOGS",
            "android.permission.READ_PHONE_STATE",
            "android.permission.RECEIVE_BOOT_COMPLETED",
            "android.permission.RECORD_AUDIO",
            "android.permission.REQUEST_INSTALL_PACKAGES",
            "android.permission.RESTART_PACKAGES",
            "android.permission.SENSOR_ENABLE",
            "android.permission.SENSOR_INFO",
            "android.permission.SYSTEM_ALERT_WINDOW",
            "android.permission.SYSTEM_OVERLAY_WINDOW",
            "android.permission.USE_FINGERPRINT",
            "android.permission.VIBRATE",
            "android.permission.WAKE_LOCK",
            "android.permission.WRITE_EXTERNAL_STORAGE",
            "android.permission.WRITE_SETTINGS",
            "com.cmb.ubank.UBUI.permission.C2D_MESSAGE",
            "com.cmb.ubank.UBUI.permission.MIPUSH_RECEIVE",
            "com.cmb.ubank.UBUI.permission.PROCESS_PUSH_MSG",
            "com.cmb.ubank.UBUI.permission.PUSH_PROVIDER",
            "com.cmb.ubank.UBUI.permission.ZHAOHU_SDK_UTIL_RECEIVER",
            "com.cmb.ubank.UBUI.push.permission.MESSAGE",
            "com.huawei.android.launcher.permission.CHANGE_BADGE",
            "com.huawei.android.launcher.permission.READ_SETTINGS",
            "com.huawei.android.launcher.permission.WRITE_SETTINGS",
            "com.huawei.appmarket.service.commondata.permission.GET_COMMON_DATA",
            "com.meizu.c2dm.permission.RECEIVE",
            "com.meizu.flyme.permission.PUSH",
            "com.meizu.flyme.push.permission.RECEIVE",
            "com.sec.android.provider.badge.permission.READ",
            "com.sec.android.provider.badge.permission.WRITE"
        ],
        "activities": [
            "cn.com.union.fido.ui.finger.FingerActivity",
            "cn.com.union.fido.ui.finger.SigFingerActivity",
            "cn.com.union.fido.ui.pin.InputPWDActivity",
            "cn.com.union.fido.ui.selection.AuthenticatorSelectionActivity",
            "cn.com.union.fido.ui.selection.UserSelectionActivity",
            "com.cmb.ubank.UBUI.AboutActivity",
            "com.cmb.ubank.UBUI.AccountSecurityActivity",
            "com.cmb.ubank.UBUI.CaptureActivity",
            "com.cmb.ubank.UBUI.CompanyDataActivity",
            "com.cmb.ubank.UBUI.CrmListActivity",
            "com.cmb.ubank.UBUI.DownloadSettingActivity",
            "com.cmb.ubank.UBUI.FBCustomCameraActivity",
            "com.cmb.ubank.UBUI.FBEntryActivity",
            "com.cmb.ubank.UBUI.FBFileListActivity",
            "com.cmb.ubank.UBUI.FBHomeAllMenuActivity",
            "com.cmb.ubank.UBUI.FBIdentifyActivity",
            "com.cmb.ubank.UBUI.FBInitActivity",
            "com.cmb.ubank.UBUI.FBLocateCityActivity",
            "com.cmb.ubank.UBUI.FBMenuItemActivity",
            "com.cmb.ubank.UBUI.FBMenuYwtItemActivity",
            "com.cmb.ubank.UBUI.FBMineSettingActivity",
            "com.cmb.ubank.UBUI.FBQuickLoginIdentifyActivity",
            "com.cmb.ubank.UBUI.FBSelectExcelActivity",
            "com.cmb.ubank.UBUI.FBShowMsgActivity",
            "com.cmb.ubank.UBUI.FBWebBrowserActivity",
            "com.cmb.ubank.UBUI.FingerprintSettingActivity",
            "com.cmb.ubank.UBUI.GTBScanLoginActivity",
            "com.cmb.ubank.UBUI.GuideActivity",
            "com.cmb.ubank.UBUI.LaunchActivity",
            "com.cmb.ubank.UBUI.LoginGuideAboutActivity",
            "com.cmb.ubank.UBUI.LoginSettingActivity",
            "com.cmb.ubank.UBUI.MineManageDataActivity",
            "com.cmb.ubank.UBUI.MineManagerUserActivity",
            "com.cmb.ubank.UBUI.MineSettingActivity",
            "com.cmb.ubank.UBUI.NetMonitorActivity",
            "com.cmb.ubank.UBUI.PrivacyActivity",
            "com.cmb.ubank.UBUI.ProtocalWebActivity",
            "com.cmb.ubank.UBUI.ShortcutActivity",
            "com.cmb.ubank.UBUI.ShowErrorActivity",
            "com.cmb.ubank.UBUI.TestDataActivity",
            "com.cmb.ubank.UBUI.TestSelectEnviActivity",
            "com.cmb.ubank.UBUI.TestSelectServerActivity",
            "com.cmb.ubank.UBUI.TestSettingStartActivity",
            "com.cmb.ubank.UBUI.TestUrlActivity",
            "com.cmb.ubank.UBUI.UBankScanLoginActivity",
            "com.cmb.ubank.UBUI.UBankScanSelCompanyActivity",
            "com.cmb.ubank.UBUI.ViewPictureActivity",
            "com.cmb.ubank.UBUI.face.SampleLaunchActivity",
            "com.cmb.ubank.UBUI.face.SampleLivenessActivity",
            "com.cmb.ubank.UBUI.face.VideoChatActivity",
            "com.cmb.ubank.UBUI.gesture.GestureGuideActivity",
            "com.cmb.ubank.UBUI.gesture.GestureLoginSettingActivity",
            "com.cmb.ubank.UBUI.gesture.SettingGestureActivity",
            "com.cmb.ubank.UBUI.login.FBLoginActivity",
            "com.cmb.ubank.UBUI.video.FBVideoMeetingActivity",
            "com.cmb.ubank.UBUI.video.VideoActivity",
            "com.cmb.ubank.UBUI.wxapi.WXEntryActivity",
            "com.cmb.ubank.ZhaoHu.UI.Activity.CustomerChartActivity",
            "com.cmb.ubank.ZhaoHu.UI.Activity.ImageDetailsActivity",
            "com.cmb.ubank.ZhaoHu.UI.Activity.MyCustomerActivity",
            "com.cmb.ubank.ZhaoHu.UI.Activity.PublicSearchActivity",
            "com.cmb.ubank.ZhaoHu.UI.Activity.ZhaohuAccountActivity",
            "com.cmb.ubank.ZhaoHu.UI.Activity.ZhaohuAdiverPushMsgActivity",
            "com.cmb.ubank.ZhaoHu.UI.Activity.ZhaohuAdiverRecordActivity",
            "com.cmb.ubank.ZhaoHu.UI.Activity.ZhaohuAdiverSessionActivity",
            "com.cmb.ubank.ZhaoHu.UI.Activity.ZhaohuMsgListActivity",
            "com.cmb.ubank.feedback.ImageEditActivity",
            "com.cmb.zh.sdk.rtc.agora.screenshare.impl.ScreenCapture$ScreenCaptureAssistantActivity",
            "com.cmbchina.ailab.face.ui.FaceRecognitionActivity",
            "com.huawei.hms.activity.BridgeActivity",
            "com.huawei.hms.activity.EnableServiceActivity",
            "com.huawei.updatesdk.service.otaupdate.AppUpdateActivity",
            "com.huawei.updatesdk.support.pm.PackageInstallerActivity",
            "com.oliveapp.face.idcardcaptorsdk.IDCardCaptorTestAsync.TestActivity",
            "com.oliveapp.face.livenessdetectionviewsdk.TestActivity",
            "com.oliveapp.face.livenessdetectorsdk.SessionManagerAsync.TestActivity",
            "com.tencent.connect.common.AssistActivity",
            "com.tencent.tauth.AuthActivity"
        ],
        "services": [
            "com.amap.api.location.APSService",
            "com.baidu.location.f",
            "com.cmb.ubank.FBService.FloatVideoWindowService",
            "com.cmb.zh.sdk.im.framework.KeepJob",
            "com.cmb.zh.sdk.im.framework.ZHIMService",
            "com.cmb.zh.sdk.im.logic.white.push.HWPushReceiver",
            "com.cmb.zh.sdk.rtc.agora.screenshare.impl.ScreenShareService",
            "com.huawei.agconnect.core.ServiceDiscovery",
            "com.huawei.hms.support.api.push.service.HmsMsgService",
            "com.meizu.cloud.pushsdk.NotificationService",
            "com.snail.antifake.jni.EmulatorCheckService",
            "com.xiaomi.mipush.sdk.MessageHandleService",
            "com.xiaomi.mipush.sdk.PushMessageHandler",
            "com.xiaomi.push.service.XMJobService",
            "com.xiaomi.push.service.XMPushService"
        ],
        "receivers": [
            "com.cmb.ubank.ZhaoHu.Broadcast.ZhaoHuSDKUtilReceiver",
            "com.cmb.zh.sdk.im.logic.white.push.MZPushReceiver",
            "com.cmb.zh.sdk.im.logic.white.push.XMPushReceiver",
            "com.huawei.hms.support.api.push.PushMsgReceiver",
            "com.huawei.hms.support.api.push.PushReceiver",
            "com.xiaomi.push.service.receivers.NetworkStatusReceiver",
            "com.xiaomi.push.service.receivers.PingReceiver"
        ]
    },
    "stats": {
        "dex_count": 1,
        "native_lib_count": 73
    },
    "jadx": {
        "status": "ok",
        "duration_sec": 2.53,
        "sources_present": true,
        "java_file_count": 7
    },
    "ast_analysis": {
        "location": 0,
        "microphone": 0,
        "camera": 0,
        "media_projection": 0,
        "dynamic_load": 0,
        "jni": 1
    },
    "analysis_state": "complete"
}