{
    "apk_name": "BC92214533A7797E0023B6FD38E57C4ED93F913A62862D07719EE99D9CCC93F3",
    "sha256": "bc92214533a7797e0023b6fd38e57c4ed93f913a62862d07719ee99d9ccc93f3",
    "metadata": {
        "package_name": "com.ford.cnevapp.prod",
        "version_code": "105",
        "version_name": "1.10.0",
        "min_sdk": "24",
        "target_sdk": "31",
        "permissions": [
            "android.permission.ACCESS_BACKGROUND_LOCATION",
            "android.permission.ACCESS_COARSE_LOCATION",
            "android.permission.ACCESS_FINE_LOCATION",
            "android.permission.ACCESS_LOCATION_EXTRA_COMMANDS",
            "android.permission.ACCESS_NETWORK_STATE",
            "android.permission.ACCESS_WIFI_STATE",
            "android.permission.BLUETOOTH",
            "android.permission.BLUETOOTH_ADMIN",
            "android.permission.BLUETOOTH_ADVERTISE",
            "android.permission.BLUETOOTH_CONNECT",
            "android.permission.BLUETOOTH_SCAN",
            "android.permission.CAMERA",
            "android.permission.CHANGE_NETWORK_STATE",
            "android.permission.DISABLE_KEYGUARD",
            "android.permission.DOWNLOAD_WITHOUT_NOTIFICATION",
            "android.permission.EXPAND_STATUS_BAR",
            "android.permission.FLASHLIGHT",
            "android.permission.FOREGROUND_SERVICE",
            "android.permission.GET_TASKS",
            "android.permission.INTERNET",
            "android.permission.MODIFY_AUDIO_SETTINGS",
            "android.permission.NFC",
            "android.permission.QUERY_ALL_PACKAGES",
            "android.permission.READ_CONTACTS",
            "android.permission.READ_EXTERNAL_STORAGE",
            "android.permission.READ_PHONE_STATE",
            "android.permission.RECEIVE_BOOT_COMPLETED",
            "android.permission.RECORD_AUDIO",
            "android.permission.REORDER_TASKS",
            "android.permission.USE_FINGERPRINT",
            "android.permission.VIBRATE",
            "android.permission.WAKE_LOCK",
            "android.permission.WRITE_EXTERNAL_STORAGE",
            "baidu.push.permission.WRITE_PUSHINFOPROVIDER.com.ford.cnevapp.prod",
            "com.android.permission.DEEP_LINK_RECEIVER",
            "com.ford.cnevapp.prod.permission.sofire.RECEIVE",
            "org.simalliance.openmobileapi.SMARTCARD"
        ],
        "activities": [
            "com.baidu.iov.business.account.activity.CLUnionAccountActivity",
            "com.baidu.pass.permissions.PermissionsHelperActivity",
            "com.baidu.sapi2.activity.AccountCenterActivity",
            "com.baidu.sapi2.activity.AccountCenterExternalActivity",
            "com.baidu.sapi2.activity.AccountRealNameActivity",
            "com.baidu.sapi2.activity.AccountToolsActivity",
            "com.baidu.sapi2.activity.AuthWidgetActivity",
            "com.baidu.sapi2.activity.AuthWidgetForCashierActivity",
            "com.baidu.sapi2.activity.AuthWidgetOnlyPhoneActivity",
            "com.baidu.sapi2.activity.BindVerifyActivity",
            "com.baidu.sapi2.activity.BindWidgetActivity",
            "com.baidu.sapi2.activity.CertGuardianActivity",
            "com.baidu.sapi2.activity.ChildVerifyActivity",
            "com.baidu.sapi2.activity.CurrentProcessWebviewActivity",
            "com.baidu.sapi2.activity.ForgetPwdActivity",
            "com.baidu.sapi2.activity.GrantWebActivity",
            "com.baidu.sapi2.activity.HorizontalScreenLoginActivity",
            "com.baidu.sapi2.activity.IdCardOcrCameraActivity",
            "com.baidu.sapi2.activity.ImageClipActivity",
            "com.baidu.sapi2.activity.LoadExternalWebViewActivity",
            "com.baidu.sapi2.activity.LoginActivity",
            "com.baidu.sapi2.activity.NormalizeGuestAccountActivity",
            "com.baidu.sapi2.activity.OauthActivity",
            "com.baidu.sapi2.activity.QrLoginActivity",
            "com.baidu.sapi2.activity.RegisterActivity",
            "com.baidu.sapi2.activity.RemoteProcessWebviewActivity",
            "com.baidu.sapi2.activity.ShareActivity",
            "com.baidu.sapi2.activity.ShareResultProxyActivity",
            "com.baidu.sapi2.activity.SwitchAccountActivity",
            "com.baidu.sapi2.activity.YouthStyleLoginActivity",
            "com.baidu.sapi2.share.ShareActivity",
            "com.baidu.sofire.MyActivity",
            "com.ford.cnevapp.debug.wxapi.WXEntryActivity",
            "com.ford.cnevapp.prod.wxapi.WXEntryActivity",
            "com.ford.select_picture.PictureSelectorSupporterActivity",
            "com.ford.select_picture.cropcut.VideoClipAndPreviewActivity",
            "com.ford.select_picture.cropcut.VideoSelectVideoCoverActivity",
            "com.fordmps.mobileapp.electricvehicle.chargingpile.ChargingOrderDetailsActivity",
            "com.fordmps.mobileapp.electricvehicle.electriccard.ElectricCardActivity",
            "com.fordmps.mobileapp.electricvehicle.errorpage.ElectricVehicleBaseErrorActivity",
            "com.fordmps.mobileapp.electricvehicle.invoice.InvoiceDetailsActivity",
            "com.fordmps.mobileapp.electricvehicle.invoice.InvoiceHistoryListActivity",
            "com.fordmps.mobileapp.electricvehicle.invoice.InvoiceListActivity",
            "com.fordmps.mobileapp.electricvehicle.invoice.InvoiceSettlementSuccessActivity",
            "com.fordmps.mobileapp.electricvehicle.order.ChargingHistoricalOrderActivity",
            "com.fordmps.mobileapp.electricvehicle.order.PayOrderWebActivity",
            "com.fordmps.mobileapp.electricvehicle.report.ChargingReportActivity",
            "com.fordmps.mobileapp.flutter.FlutterMainActivity",
            "com.fordmps.mobileapp.move.FordWebViewActivity",
            "com.fordmps.mobileapp.move.RnrRealNameAuthWebViewActivity",
            "com.fordmps.mobileapp.service.fordcredit.FordCreditWebViewActivity",
            "com.fordmps.mobileapp.service.mychargestation.MyChargeStationWebViewActivity",
            "com.fordmps.mobileapp.service.rsa.RoadSideAssistanceWebViewActivity",
            "com.fordmps.mobileapp.shared.InputIPActivity",
            "com.fordmps.mobileapp.shared.deeplink.UniversalLinkActivity",
            "com.fordmps.mobileapp.shared.login.DeeplinkActivity",
            "com.fordmps.mobileapp.shared.login.LauncherActivity",
            "com.fordmps.uppay.AliPayMiniProgramCallbackActivity",
            "com.humanify.expertconnect.activity.AnswerEngineActivity",
            "com.humanify.expertconnect.activity.AnswerEngineHistoryActivity",
            "com.humanify.expertconnect.activity.AnswerEngineHistoryAnswerActivity",
            "com.humanify.expertconnect.activity.CallbackActivity",
            "com.humanify.expertconnect.activity.ChatActivity",
            "com.humanify.expertconnect.activity.ConversationHistoryActivity",
            "com.humanify.expertconnect.activity.ConversationHistoryDetailActivity",
            "com.humanify.expertconnect.activity.FormActivity",
            "com.humanify.expertconnect.activity.ImageViewActivity",
            "com.humanify.expertconnect.activity.MessageActivity",
            "com.humanify.expertconnect.activity.NavigationActivity",
            "com.humanify.expertconnect.activity.PDFViewActivity",
            "com.humanify.expertconnect.activity.PresurveyActivity",
            "com.humanify.expertconnect.activity.ProfileActivity",
            "com.humanify.expertconnect.activity.SelectExpertActivity",
            "com.humanify.expertconnect.activity.TextBackActivity",
            "com.humanify.expertconnect.activity.WebActivity",
            "com.sensorsdata.analytics.android.sdk.dialog.SchemeActivity",
            "com.sina.weibo.sdk.share.ShareTransActivity",
            "com.sina.weibo.sdk.web.WebActivity",
            "com.squareup.leakcanary.internal.DisplayLeakActivity",
            "com.tencent.scanlib.activity.QBarCodeScanActivity",
            "com.tencent.scanlib.activity.SelectImageActivity",
            "com.unionpay.UPPayWapActivity",
            "com.unionpay.uppay.PayActivity",
            "io.flutter.plugins.urllauncher.WebViewActivity"
        ],
        "services": [
            "androidx.room.MultiInstanceInvalidationService",
            "com.baidu.android.pushservice.CommandService",
            "com.baidu.android.pushservice.PushService",
            "com.baidu.sofire.MyService",
            "com.ford.acvl.feature.vha.VhaVehicleMonitor",
            "com.ford.paak.bluetooth.service.BleService",
            "com.here.trafficservice.HereTrafficService",
            "com.humanify.expertconnect.api.ExpertConnectApiService",
            "com.humanify.expertconnect.api.ExpertConnectChannelApiService",
            "com.secneo.apkwrapper.r.S",
            "com.smartdevicelink.api.SdlConnectionService",
            "org.altbeacon.beacon.BeaconIntentProcessor",
            "org.altbeacon.beacon.service.BeaconService",
            "org.altbeacon.beacon.service.ScanJob",
            "org.altbeacon.bluetooth.BluetoothTestJob"
        ],
        "receivers": [
            "com.baidu.android.pushservice.PushServiceReceiver",
            "com.baidu.android.pushservice.RegistrationReceiver",
            "com.baidu.iov.business.account.receiver.CLInteractionReceiver",
            "com.ford.acvl.feature.vha.VhaStatusReceiver",
            "com.fordmps.mobileapp.homewidget.HomeWidget2Provider",
            "com.fordmps.mobileapp.homewidget.HomeWidgetProvider",
            "com.fordmps.mobileapp.move.cabinairquality.BluetoothStateBroadcastReceiver",
            "com.fordmps.mobileapp.push.BaiduPushReceiver",
            "com.fordmps.mobileapp.shared.notifications.LastMileBroadcastReceiver",
            "com.fordmps.mobileapp.shared.notifications.NotificationBroadcastReceiver",
            "com.fordmps.mobileapp.shared.notifications.PushMessageBroadcastReceiver",
            "com.fordmps.mobileapp.shared.receivers.DeeplinkReceiver",
            "com.smartdevicelink.api.SdlBluetoothReceiver",
            "org.altbeacon.beacon.startup.StartupBroadcastReceiver"
        ],
        "permission_details": {
            "android.permission.ACCESS_BACKGROUND_LOCATION": "dangerous",
            "android.permission.ACCESS_COARSE_LOCATION": "dangerous",
            "android.permission.ACCESS_FINE_LOCATION": "dangerous",
            "android.permission.ACCESS_LOCATION_EXTRA_COMMANDS": "normal",
            "android.permission.ACCESS_NETWORK_STATE": "normal",
            "android.permission.ACCESS_WIFI_STATE": "normal",
            "android.permission.BLUETOOTH": "normal",
            "android.permission.BLUETOOTH_ADMIN": "normal",
            "android.permission.BLUETOOTH_ADVERTISE": "dangerous",
            "android.permission.BLUETOOTH_CONNECT": "dangerous",
            "android.permission.BLUETOOTH_SCAN": "dangerous",
            "android.permission.CAMERA": "dangerous",
            "android.permission.CHANGE_NETWORK_STATE": "normal",
            "android.permission.DISABLE_KEYGUARD": "normal",
            "android.permission.DOWNLOAD_WITHOUT_NOTIFICATION": "unknown",
            "android.permission.EXPAND_STATUS_BAR": "normal",
            "android.permission.FLASHLIGHT": "unknown",
            "android.permission.FOREGROUND_SERVICE": "normal",
            "android.permission.GET_TASKS": "unlaballed",
            "android.permission.INTERNET": "normal",
            "android.permission.MODIFY_AUDIO_SETTINGS": "normal",
            "android.permission.NFC": "normal",
            "android.permission.QUERY_ALL_PACKAGES": "normal",
            "android.permission.READ_CONTACTS": "dangerous",
            "android.permission.READ_EXTERNAL_STORAGE": "dangerous",
            "android.permission.READ_PHONE_STATE": "dangerous",
            "android.permission.RECEIVE_BOOT_COMPLETED": "normal",
            "android.permission.RECORD_AUDIO": "dangerous",
            "android.permission.REORDER_TASKS": "normal",
            "android.permission.USE_FINGERPRINT": "normal",
            "android.permission.VIBRATE": "normal",
            "android.permission.WAKE_LOCK": "normal",
            "android.permission.WRITE_EXTERNAL_STORAGE": "dangerous",
            "baidu.push.permission.WRITE_PUSHINFOPROVIDER.com.ford.cnevapp.prod": "unknown",
            "com.android.permission.DEEP_LINK_RECEIVER": "unknown",
            "com.ford.cnevapp.prod.permission.sofire.RECEIVE": "unknown",
            "org.simalliance.openmobileapi.SMARTCARD": "unknown"
        },
        "risk_counts": {
            "dangerous": 12,
            "normal": 18,
            "unknown": 6,
            "unlaballed": 1
        }
    },
    "stats": {
        "dex_count": 1,
        "native_lib_count": 72
    },
    "jadx": {
        "status": "ok",
        "duration_sec": 3.79,
        "sources_present": true,
        "java_file_count": 13
    },
    "ast_analysis": {
        "location": 0,
        "microphone": 0,
        "camera": 0,
        "media_projection": 0,
        "dynamic_load": 0,
        "jni": 1
    },
    "analysis_state": "complete"
}