{
    "apk_name": "6831DFC9D711A6D63032F457385447367C2DC0028B6058AC3CE8452D82956614",
    "sha256": "6831dfc9d711a6d63032f457385447367c2dc0028b6058ac3ce8452d82956614",
    "metadata": {
        "package_name": "gr.taxabro.DiplomaMixanis",
        "version_code": "47",
        "version_name": "5.1.9",
        "min_sdk": "13",
        "target_sdk": "30",
        "permissions": [
            "android.permission.ACCESS_NETWORK_STATE",
            "android.permission.FOREGROUND_SERVICE",
            "android.permission.INTERNET",
            "android.permission.WAKE_LOCK",
            "android.permission.WRITE_EXTERNAL_STORAGE",
            "com.android.vending.BILLING"
        ],
        "activities": [
            "com.android.billingclient.api.ProxyBillingActivity",
            "com.google.android.gms.ads.AdActivity",
            "com.google.android.gms.ads.purchase.InAppPurchaseActivity",
            "com.google.android.gms.common.api.GoogleApiActivity",
            "com.google.android.play.core.common.PlayCoreDialogWrapperActivity",
            "com.google.android.play.core.missingsplits.PlayCoreMissingSplitsActivity",
            "gr.taxabro.DiplomaMixanis.falsequestion",
            "gr.taxabro.DiplomaMixanis.info",
            "gr.taxabro.DiplomaMixanis.kinisi",
            "gr.taxabro.DiplomaMixanis.main",
            "gr.taxabro.DiplomaMixanis.premium",
            "gr.taxabro.DiplomaMixanis.results",
            "gr.taxabro.DiplomaMixanis.resultsshow",
            "gr.taxabro.DiplomaMixanis.saved",
            "gr.taxabro.DiplomaMixanis.settings",
            "gr.taxabro.DiplomaMixanis.test",
            "gr.taxabro.DiplomaMixanis.vathmologia"
        ],
        "services": [
            "com.google.android.play.core.assetpacks.AssetPackExtractionService",
            "gr.taxabro.DiplomaMixanis.chartservice",
            "gr.taxabro.DiplomaMixanis.falseservice",
            "gr.taxabro.DiplomaMixanis.httputils2service",
            "gr.taxabro.DiplomaMixanis.savedservice",
            "gr.taxabro.DiplomaMixanis.starter",
            "gr.taxabro.DiplomaMixanis.testservice"
        ],
        "receivers": [
            "gr.taxabro.DiplomaMixanis.chartservice$chartservice_BR",
            "gr.taxabro.DiplomaMixanis.falseservice$falseservice_BR",
            "gr.taxabro.DiplomaMixanis.httputils2service$httputils2service_BR",
            "gr.taxabro.DiplomaMixanis.savedservice$savedservice_BR",
            "gr.taxabro.DiplomaMixanis.starter$starter_BR",
            "gr.taxabro.DiplomaMixanis.testservice$testservice_BR"
        ]
    },
    "stats": {
        "dex_count": 2,
        "native_lib_count": 0
    },
    "jadx": {
        "status": "ok",
        "duration_sec": 25.49,
        "sources_present": true,
        "java_file_count": 7954
    },
    "ast_analysis": {
        "location": 0,
        "microphone": 0,
        "camera": 26,
        "media_projection": 0,
        "dynamic_load": 0,
        "jni": 1
    },
    "analysis_state": "complete"
}