{
    "apk_name": "E3FA771A1D3563D5854A4D9590103296B93702BDBFC8773ED7CFBA546A075F41",
    "sha256": "e3fa771a1d3563d5854a4d9590103296b93702bdbfc8773ed7cfba546a075f41",
    "metadata": {
        "package_name": "com.starbucks.cn",
        "version_code": "4291",
        "version_name": "8.9.1",
        "min_sdk": "23",
        "target_sdk": "30",
        "permissions": [
            "android.permission.ACCESS_BACKGROUND_LOCATION",
            "android.permission.ACCESS_COARSE_LOCATION",
            "android.permission.ACCESS_FINE_LOCATION",
            "android.permission.ACCESS_LOCATION_EXTRA_COMMANDS",
            "android.permission.ACCESS_NETWORK_STATE",
            "android.permission.ACCESS_WIFI_STATE",
            "android.permission.BLUETOOTH",
            "android.permission.CAMERA",
            "android.permission.CHANGE_NETWORK_STATE",
            "android.permission.CHANGE_WIFI_STATE",
            "android.permission.FOREGROUND_SERVICE",
            "android.permission.GET_TASKS",
            "android.permission.INTERNET",
            "android.permission.MOUNT_UNMOUNT_FILESYSTEMS",
            "android.permission.NFC",
            "android.permission.READ_CALENDAR",
            "android.permission.READ_EXTERNAL_STORAGE",
            "android.permission.READ_PHONE_STATE",
            "android.permission.READ_SETTINGS",
            "android.permission.RECEIVE_BOOT_COMPLETED",
            "android.permission.RECEIVE_USER_PRESENT",
            "android.permission.REQUEST_INSTALL_PACKAGES",
            "android.permission.SYSTEM_ALERT_WINDOW",
            "android.permission.USE_FINGERPRINT",
            "android.permission.VIBRATE",
            "android.permission.WAKE_LOCK",
            "android.permission.WRITE_CALENDAR",
            "android.permission.WRITE_EXTERNAL_STORAGE",
            "android.permission.WRITE_SETTINGS",
            "com.huawei.android.launcher.permission.CHANGE_BADGE",
            "com.huawei.appmarket.service.commondata.permission.GET_COMMON_DATA",
            "com.starbucks.cn.permission.JPUSH_MESSAGE",
            "com.starbucks.cn.permission.MIPUSH_RECEIVE",
            "com.starbucks.cn.permission.PROCESS_PUSH_MSG",
            "com.starbucks.cn.permission.PUSH_PROVIDER",
            "org.simalliance.openmobileapi.SMARTCARD"
        ],
        "activities": [
            "cn.freemud.fmpaysdk.YLbackActivity",
            "cn.jpush.android.service.DActivity",
            "cn.jpush.android.service.JNotifyActivity",
            "cn.jpush.android.ui.PopWinActivity",
            "cn.jpush.android.ui.PushActivity",
            "cn.sharesdk.sina.weibo.WeiboShareActivity",
            "com.ali.user.open.core.webview.BaseWebViewActivity",
            "com.ali.user.open.oauth.ui.OauthActivity",
            "com.ali.user.open.tbauth.ui.ICBUAuthActivity",
            "com.ali.user.open.tbauth.ui.TbAuthActivity",
            "com.ali.user.open.tbauth.ui.TbAuthWebViewActivity",
            "com.ali.user.open.ucc.ui.UccActivity",
            "com.ali.user.open.ucc.webview.UccWebViewActivity",
            "com.ali.user.open.ucc.webview.WebViewDialogActivity",
            "com.ali.user.open.ucc.webview.WebViewTransparentActivity",
            "com.alibaba.wireless.security.open.middletier.fc.ui.ContainerActivity",
            "com.alipay.sdk.app.H5AuthActivity",
            "com.alipay.sdk.app.H5PayActivity",
            "com.alipay.sdk.auth.AuthActivity",
            "com.huawei.hms.activity.BridgeActivity",
            "com.huawei.hms.activity.EnableServiceActivity",
            "com.huawei.updatesdk.service.otaupdate.AppUpdateActivity",
            "com.huawei.updatesdk.support.pm.PackageInstallerActivity",
            "com.journeyapps.barcodescanner.CaptureActivity",
            "com.sina.weibo.sdk.share.ShareChatActivity",
            "com.sina.weibo.sdk.share.ShareResultActivity",
            "com.sina.weibo.sdk.share.ShareStoryActivity",
            "com.sina.weibo.sdk.share.ShareTransActivity",
            "com.sina.weibo.sdk.web.WebActivity",
            "com.starbucks.cn.account.invoice.InvoiceActivity",
            "com.starbucks.cn.account.invoice.batch.BatchInvoiceActivity",
            "com.starbucks.cn.account.invoice.batch.CreateInvoiceActivity",
            "com.starbucks.cn.account.invoice.batch.HistoryInvoiceActivity",
            "com.starbucks.cn.account.invoice.batch.InvoiceDetailActivity",
            "com.starbucks.cn.account.invoice.batch.InvoiceOrderListActivity",
            "com.starbucks.cn.account.invoice.batch.InvoiceSuccessActivity",
            "com.starbucks.cn.account.invoice.batch.ShowInvoiceActivity",
            "com.starbucks.cn.account.promotion.PromotionDetailsActivity",
            "com.starbucks.cn.account.ui.benefits.MemberRewardsActivity",
            "com.starbucks.cn.account.ui.benefits.tab.transaction.exchange.RewardStarExchangeActivity",
            "com.starbucks.cn.account.ui.customerservice.OnlineChatActivity",
            "com.starbucks.cn.account.ui.feedback.AccountFeedbackHelpActivity",
            "com.starbucks.cn.account.ui.feedback.CustomerFeedbackActivity",
            "com.starbucks.cn.account.ui.feedback.log.UploadLogActivity",
            "com.starbucks.cn.account.ui.qrcode.LibraQrActivity",
            "com.starbucks.cn.account.ui.reward.MsrActivity",
            "com.starbucks.cn.account.ui.reward.MsrAddCardActivity",
            "com.starbucks.cn.account.ui.reward.MsrCupAnimActivity",
            "com.starbucks.cn.account.ui.reward.MsrLandingActivity",
            "com.starbucks.cn.account.ui.reward.NewMsrLandingActivity",
            "com.starbucks.cn.account.ui.reward.RewardsActivity",
            "com.starbucks.cn.account.ui.reward.libra.TierLevelDetailActivity",
            "com.starbucks.cn.account.ui.setting.AccountSecurityActivity",
            "com.starbucks.cn.account.ui.setting.AccountSettingsActivity",
            "com.starbucks.cn.account.ui.setting.AccountSettingsNotificationActivity",
            "com.starbucks.cn.account.ui.setting.email.ChangeEmailActivity",
            "com.starbucks.cn.account.ui.setting.mobile.BindMobileNumberActivity",
            "com.starbucks.cn.account.ui.setting.mobile.EmailVerificationActivity",
            "com.starbucks.cn.account.ui.setting.mobile.OldMobileVerificationActivity",
            "com.starbucks.cn.account.ui.setting.mobile.UpdateMobileActivity",
            "com.starbucks.cn.account.ui.setting.passcode.PaymentPassCodeActivity",
            "com.starbucks.cn.account.ui.setting.passcode.SvcPassCodeResetActivity",
            "com.starbucks.cn.account.ui.setting.password.ChangePasswordActivity",
            "com.starbucks.cn.account.ui.setting.password.ForgotPasswordActivity",
            "com.starbucks.cn.account.ui.setting.password.PasswordResetActivity",
            "com.starbucks.cn.account.ui.setting.password.PasswordVerificationActivity",
            "com.starbucks.cn.account.ui.setting.password.SetPasswordActivity",
            "com.starbucks.cn.account.ui.setting.permission.PermissionSettingsActivity",
            "com.starbucks.cn.account.ui.setting.profile.ProfileEditorActivity",
            "com.starbucks.cn.account.ui.setting.thirdparty.AccountBindStatusActivity",
            "com.starbucks.cn.account.ui.setting.username.ChangeUsernameActivity",
            "com.starbucks.cn.account.ui.stardash.AchievedMiniPromotionListActivity",
            "com.starbucks.cn.account.ui.stardash.MiniPromotionAchievedDialogActivity",
            "com.starbucks.cn.account.ui.stardash.MiniPromotionDetailActivity",
            "com.starbucks.cn.account.ui.stardash.MiniPromotionListActivity",
            "com.starbucks.cn.account.ui.stardash.MiniPromotionPosterActivity",
            "com.starbucks.cn.account.ui.transaction.history.TransactionHistoryActivity",
            "com.starbucks.cn.account.ui.transaction.receipt.ReceiptActivity",
            "com.starbucks.cn.account.ui.transaction.srkit.SikitReceiptActivity",
            "com.starbucks.cn.account.ui.transaction.svc.SvcReceiptActivity",
            "com.starbucks.cn.baselib.ModuleNotFindActivity",
            "com.starbucks.cn.baselib.deeplink.DeeplinkActivity",
            "com.starbucks.cn.baselib.push.PushDeepLinkProxyActivity",
            "com.starbucks.cn.delivery.cart.activity.DeliveryCartActivity",
            "com.starbucks.cn.delivery.cart.activity.DeliveryOrderConfirmActivity",
            "com.starbucks.cn.delivery.devtool.activity.DeliveryDevToolsActivity",
            "com.starbucks.cn.delivery.payment.activity.DeliveryPaymentDoneActivity",
            "com.starbucks.cn.delivery.ui.DeliveryActivity",
            "com.starbucks.cn.delivery.ui.GalleryActivity",
            "com.starbucks.cn.delivery.ui.StarAnimationActivity",
            "com.starbucks.cn.delivery.ui.address.DeliveryAddressActivity",
            "com.starbucks.cn.delivery.ui.address.DeliveryAddressChooseCityActivity",
            "com.starbucks.cn.delivery.ui.combo.DeliveryComboActivity",
            "com.starbucks.cn.delivery.ui.combo.DeliveryComboProductActivity",
            "com.starbucks.cn.delivery.ui.combo.DeliveryFixedPriceComboCustomizationActivity",
            "com.starbucks.cn.delivery.ui.group.DeliveryGroupOrderActivity",
            "com.starbucks.cn.delivery.ui.group.DeliveryGroupOrderCartActivity",
            "com.starbucks.cn.delivery.ui.group.DeliveryGroupOrderPaymentActivity",
            "com.starbucks.cn.delivery.ui.group.DeliveryGroupOrderProductActivity",
            "com.starbucks.cn.delivery.ui.group.DeliveryGroupOrderShareReceiptActivity",
            "com.starbucks.cn.delivery.ui.meal.GroupMealActivity",
            "com.starbucks.cn.delivery.ui.meal.GroupMealFoodListActivity",
            "com.starbucks.cn.delivery.ui.menu.DeliveryProductActivity",
            "com.starbucks.cn.delivery.ui.menu.DeliveryProductPersonalizationActivity",
            "com.starbucks.cn.delivery.ui.order.DeliveryOrderStatusActivity",
            "com.starbucks.cn.delivery.ui.order.DeliveryReceiptActivity",
            "com.starbucks.cn.delivery.ui.redeem.DeliverySingleProductPoolActivity",
            "com.starbucks.cn.delivery.ui.search.MenuSearchActivity",
            "com.starbucks.cn.ecommerce.ui.ECommerceActivity",
            "com.starbucks.cn.ecommerce.ui.address.ECommerceAddressListActivity",
            "com.starbucks.cn.ecommerce.ui.bag.ECommerceBagActivity",
            "com.starbucks.cn.ecommerce.ui.customization.ECommerceCustomizationActivity",
            "com.starbucks.cn.ecommerce.ui.express.ECommerceExpressActivity",
            "com.starbucks.cn.ecommerce.ui.goods.delivery.ECommerceDeliveryProductListActivity",
            "com.starbucks.cn.ecommerce.ui.goods.delivery.filters.ECommerceFiltersActivity",
            "com.starbucks.cn.ecommerce.ui.goods.pickup.ECommercePickupActivityProductListActivity",
            "com.starbucks.cn.ecommerce.ui.goods.pickup.ECommercePickupProductListActivity",
            "com.starbucks.cn.ecommerce.ui.goods.pickup.filters.ECommercePickupFiltersActivity",
            "com.starbucks.cn.ecommerce.ui.home.ECommerceArticleActivity",
            "com.starbucks.cn.ecommerce.ui.order.ECommerceCupActivity",
            "com.starbucks.cn.ecommerce.ui.order.ECommerceOrderDetailActivity",
            "com.starbucks.cn.ecommerce.ui.order.ECommerceOrderSettleActivity",
            "com.starbucks.cn.ecommerce.ui.order.ECommerceOrderStatusActivity",
            "com.starbucks.cn.ecommerce.ui.order.ECommercePickupOrderDetailActivity",
            "com.starbucks.cn.ecommerce.ui.order.ECommercePickupOrderSettleActivity",
            "com.starbucks.cn.ecommerce.ui.order.ECommercePickupOrderStatusActivity",
            "com.starbucks.cn.ecommerce.ui.product.ECommercePickupProductDetailActivity",
            "com.starbucks.cn.ecommerce.ui.product.ECommercePickupProductImageDetailActivity",
            "com.starbucks.cn.ecommerce.ui.product.ECommerceProductDetailActivity",
            "com.starbucks.cn.ecommerce.ui.product.ECommerceProductImageDetailActivity",
            "com.starbucks.cn.ecommerce.ui.product.ECommerceProductNoticeActivity",
            "com.starbucks.cn.ecommerce.ui.refund.ECommerceFoPaidRefundActivity",
            "com.starbucks.cn.ecommerce.ui.refund.ECommerceReFundDetailActivity",
            "com.starbucks.cn.ecommerce.ui.refund.ECommerceRefundActivity",
            "com.starbucks.cn.ecommerce.ui.refund.ECommerceRefundOrderActivity",
            "com.starbucks.cn.ecommerce.ui.search.ECommerceSearchActivity",
            "com.starbucks.cn.ecommerce.ui.search.delivery.ECommerceDeliverySearchGoodsActivity",
            "com.starbucks.cn.ecommerce.ui.search.pickup.ECommercePickupSearchGoodsActivity",
            "com.starbucks.cn.ecommerce.ui.store.ECommerceStoreDetailActivity",
            "com.starbucks.cn.ecommerce.ui.store.ECommerceStoreSelectActivity",
            "com.starbucks.cn.giftcard.ui.order.EventSRKitDetailActivity",
            "com.starbucks.cn.giftcard.ui.order.SRKitPurchaseActivity",
            "com.starbucks.cn.giftcard.ui.pay.AddPhysicalGiftCardActivity",
            "com.starbucks.cn.giftcard.ui.pay.GiftCardCatalogActivity",
            "com.starbucks.cn.giftcard.ui.pay.GiftCardManageActivity",
            "com.starbucks.cn.giftcard.ui.pay.GiftCardPaymentSuccessActivity",
            "com.starbucks.cn.giftcard.ui.pay.GiftCardTransactionActivity",
            "com.starbucks.cn.giftcard.ui.pay.GiftCardTransactionDetailActivity",
            "com.starbucks.cn.giftcard.ui.pay.SvcPurchaseActivity",
            "com.starbucks.cn.giftcard.ui.payment.purchase.PaymentBuyCardActivity",
            "com.starbucks.cn.giftcard.ui.srkit.SRKitDetailActivity",
            "com.starbucks.cn.home.store.ui.stores.StoreDetailsActivity",
            "com.starbucks.cn.home.store.ui.stores.StoreFilterActivity",
            "com.starbucks.cn.home.store.ui.stores.StoreLocatorActivity",
            "com.starbucks.cn.mop.coffee.card.activity.PickupCoffeeCardActivity",
            "com.starbucks.cn.mop.coffee.card.activity.PickupCoffeeCardEditActivity",
            "com.starbucks.cn.mop.coffee.card.activity.PickupCoffeeCardMenuActivity",
            "com.starbucks.cn.mop.coffee.card.activity.PickupCoffeeCardShareActivity",
            "com.starbucks.cn.mop.devtool.activity.PickupDevToolsActivity",
            "com.starbucks.cn.mop.group.activity.PickupGroupOrderEnterActivity",
            "com.starbucks.cn.mop.group.activity.PickupGroupOrderMenuActivity",
            "com.starbucks.cn.mop.group.activity.PickupGroupOrderShareBillActivity",
            "com.starbucks.cn.mop.mainmenu.activity.PickupCartActivity",
            "com.starbucks.cn.mop.payment.activity.PickupPaymentDoneActivity",
            "com.starbucks.cn.mop.ui.PickupConfirmOrderActivity",
            "com.starbucks.cn.mop.ui.PickupOrderStatusActivity",
            "com.starbucks.cn.mop.ui.PickupReceiptActivity",
            "com.starbucks.cn.mop.ui.combo.PickupComboActivity",
            "com.starbucks.cn.mop.ui.combo.PickupFixedPriceComboCustomizationActivity",
            "com.starbucks.cn.mop.ui.msearch.MenuSearchActivity",
            "com.starbucks.cn.mop.ui.pickup.PickupActivity",
            "com.starbucks.cn.mop.ui.pickup.PickupProductActivity",
            "com.starbucks.cn.mop.ui.redeem.PickupSingleProductPoolActivity",
            "com.starbucks.cn.mop.ui.stores.CityListActivity",
            "com.starbucks.cn.mop.ui.stores.PickupAddressChooseCityActivity",
            "com.starbucks.cn.mop.ui.stores.PickupStoreDetailsActivity",
            "com.starbucks.cn.mop.ui.stores.PickupStoreLocatorActivity",
            "com.starbucks.cn.mop.ui.stores.SearchStoreActivity",
            "com.starbucks.cn.services.address.view.AddressActivity",
            "com.starbucks.cn.services.address.view.AddressEditActivity",
            "com.starbucks.cn.services.address.view.MapAddressSelectionActivity",
            "com.starbucks.cn.services.address.view.MapAddressSelectionCityActivity",
            "com.starbucks.cn.services.jsbridge.JsBridgeWebViewActivity",
            "com.starbucks.cn.services.maintenance.maintain.MaintainNonQrActivity",
            "com.starbucks.cn.services.maintenance.maintain.MaintainQrActivity",
            "com.starbucks.cn.ui.InboxMessageActivity",
            "com.starbucks.cn.ui.LaunchAdActivity",
            "com.starbucks.cn.ui.StarbucksLaunchActivity",
            "com.starbucks.cn.ui.fingerprint.FingerprintTurnOnActivity",
            "com.starbucks.cn.ui.signIn.H5SliderActivity",
            "com.starbucks.cn.ui.signIn.ScanSignInActivity",
            "com.starbucks.cn.ui.signIn.ScanSignInConfirmActivity",
            "com.starbucks.cn.ui.signIn.SignInActivity",
            "com.starbucks.cn.ui.signIn.security.SecurityVerificationActivity",
            "com.starbucks.cn.ui.welcome.HomeActivity",
            "com.starbucks.cn.wxapi.WXEntryActivity",
            "com.starbucks.cn.wxapi.WXPayEntryActivity",
            "com.unionpay.UPPayWapActivity",
            "com.unionpay.uppay.PayActivity"
        ],
        "services": [
            "androidx.room.MultiInstanceInvalidationService",
            "androidx.work.impl.background.systemalarm.SystemAlarmService",
            "androidx.work.impl.background.systemjob.SystemJobService",
            "androidx.work.impl.foreground.SystemForegroundService",
            "cn.jpush.android.service.DaemonService",
            "cn.jpush.android.service.PluginHuaweiPlatformsService",
            "cn.jpush.android.service.PushService",
            "com.amap.api.location.APSService",
            "com.huawei.agconnect.core.ServiceDiscovery",
            "com.huawei.hms.support.api.push.service.HmsMsgService",
            "com.secneo.apkwrapper.r.S",
            "com.starbucks.cn.account.common.service.AbTestingJobIntentService",
            "com.starbucks.cn.account.common.service.CardsJobIntentService",
            "com.starbucks.cn.account.common.service.CustomerSyncJobIntentService",
            "com.starbucks.cn.account.common.service.MiniPromotionNotificationJobIntentService",
            "com.starbucks.cn.account.common.service.MiniPromotionUnreadJobIntentService",
            "com.starbucks.cn.account.common.service.RewardsSyncJobIntentService",
            "com.starbucks.cn.baselib.push.receiver.JPushService",
            "com.starbucks.cn.core.service.AnimationResourceJobIntentService",
            "com.starbucks.cn.core.service.AppVersionJobIntentService",
            "com.starbucks.cn.core.service.DeviceRegistrationJobIntentService",
            "com.starbucks.cn.core.service.DeviceTrackJobIntentService",
            "com.starbucks.cn.core.service.HotUpdateJobIntentService",
            "com.starbucks.cn.core.service.PickUpJobIntentService",
            "com.starbucks.cn.core.service.SignInJobIntentService",
            "com.starbucks.cn.core.service.SignOutJobIntentService",
            "com.starbucks.cn.delivery.service.AnimationResourceJobModIntentService",
            "com.starbucks.cn.delivery.service.DeliveryHotUpdateJobIntentService",
            "com.starbucks.cn.delivery.service.HotUpdateComboJobIntentService",
            "com.starbucks.cn.delivery.service.OrderSettingsJobIntentService",
            "com.starbucks.cn.giftcard.common.service.CategoriesSyncJobIntentService",
            "com.starbucks.cn.home.store.core.service.StoresSyncJobIntentService",
            "com.taobao.uc.service.GpuProcessService0",
            "com.taobao.uc.service.SandboxedPrivilegedProcessService0",
            "com.taobao.uc.service.SandboxedProcessService0",
            "com.xiaomi.mipush.sdk.MessageHandleService",
            "com.xiaomi.mipush.sdk.PushMessageHandler",
            "com.xiaomi.push.service.XMJobService",
            "com.xiaomi.push.service.XMPushService"
        ],
        "receivers": [
            "androidx.work.impl.background.systemalarm.ConstraintProxy$BatteryChargingProxy",
            "androidx.work.impl.background.systemalarm.ConstraintProxy$BatteryNotLowProxy",
            "androidx.work.impl.background.systemalarm.ConstraintProxy$NetworkStateProxy",
            "androidx.work.impl.background.systemalarm.ConstraintProxy$StorageNotLowProxy",
            "androidx.work.impl.background.systemalarm.ConstraintProxyUpdateReceiver",
            "androidx.work.impl.background.systemalarm.RescheduleReceiver",
            "androidx.work.impl.utils.ForceStopRunnable$BroadcastReceiver",
            "cn.jpush.android.asus.AsusPushMessageReceiver",
            "cn.jpush.android.service.AlarmReceiver",
            "cn.jpush.android.service.PluginXiaomiPlatformsReceiver",
            "cn.jpush.android.service.PushReceiver",
            "cn.jpush.android.service.SchedulerReceiver",
            "com.ali.user.open.receiver.SessionSyncReceiver",
            "com.huawei.hms.support.api.push.PushMsgReceiver",
            "com.huawei.hms.support.api.push.PushReceiver",
            "com.starbucks.cn.account.common.receiver.MiniPromotionNotificationReceiver",
            "com.starbucks.cn.baselib.push.receiver.JPushEventReceiver",
            "com.starbucks.cn.ui.widget.AppWidgetProvider2x1",
            "com.starbucks.cn.wxapi.WechatPayRegister",
            "com.xiaomi.push.service.receivers.NetworkStatusReceiver",
            "com.xiaomi.push.service.receivers.PingReceiver"
        ]
    },
    "stats": {
        "dex_count": 4,
        "native_lib_count": 44
    },
    "jadx": {
        "status": "ok",
        "duration_sec": 39.78,
        "sources_present": true,
        "java_file_count": 8064
    },
    "ast_analysis": {
        "location": 7,
        "microphone": 0,
        "camera": 15,
        "media_projection": 0,
        "dynamic_load": 0,
        "jni": 1
    },
    "analysis_state": "complete"
}