{
    "apk_name": "7AEA90CDAA7F89AEDCD4CAB9FF8D9B05B3847EE55DA0EAFA8AB8D26086A9BBAA",
    "sha256": "7aea90cdaa7f89aedcd4cab9ff8d9b05b3847ee55da0eafa8ab8d26086a9bbaa",
    "metadata": {
        "package_name": "com.doomoolmori.boolileo",
        "version_code": "11716",
        "version_name": "1.8.21",
        "min_sdk": "21",
        "target_sdk": "34",
        "permissions": [
            "android.permission.ACCESS_ADSERVICES_ATTRIBUTION",
            "android.permission.ACCESS_NETWORK_STATE",
            "android.permission.ACCESS_WIFI_STATE",
            "android.permission.CAMERA",
            "android.permission.INTERNET",
            "android.permission.POST_NOTIFICATIONS",
            "android.permission.READ_APP_BADGE",
            "android.permission.READ_EXTERNAL_STORAGE",
            "android.permission.READ_MEDIA_IMAGES",
            "android.permission.RECEIVE_BOOT_COMPLETED",
            "android.permission.SCHEDULE_EXACT_ALARM",
            "android.permission.USE_BIOMETRIC",
            "android.permission.USE_FINGERPRINT",
            "android.permission.USE_FULL_SCREEN_INTENT",
            "android.permission.VIBRATE",
            "android.permission.WAKE_LOCK",
            "android.permission.WRITE_EXTERNAL_STORAGE",
            "com.anddoes.launcher.permission.UPDATE_COUNT",
            "com.doomoolmori.boolileo.DYNAMIC_RECEIVER_NOT_EXPORTED_PERMISSION",
            "com.google.android.c2dm.permission.RECEIVE",
            "com.google.android.finsky.permission.BIND_GET_INSTALL_REFERRER_SERVICE",
            "com.google.android.gms.permission.AD_ID",
            "com.htc.launcher.permission.READ_SETTINGS",
            "com.htc.launcher.permission.UPDATE_SHORTCUT",
            "com.huawei.android.launcher.permission.CHANGE_BADGE",
            "com.huawei.android.launcher.permission.READ_SETTINGS",
            "com.huawei.android.launcher.permission.WRITE_SETTINGS",
            "com.huawei.appmarket.service.commondata.permission.GET_COMMON_DATA",
            "com.majeur.launcher.permission.UPDATE_BADGE",
            "com.oppo.launcher.permission.READ_SETTINGS",
            "com.oppo.launcher.permission.WRITE_SETTINGS",
            "com.sec.android.provider.badge.permission.READ",
            "com.sec.android.provider.badge.permission.WRITE",
            "com.sonyericsson.home.permission.BROADCAST_BADGE",
            "com.sonymobile.home.permission.PROVIDER_INSERT_BADGE",
            "me.everything.badger.permission.BADGE_COUNT_READ",
            "me.everything.badger.permission.BADGE_COUNT_WRITE"
        ],
        "activities": [
            "com.doomoolmori.diamond.MainActivity",
            "com.doomoolmori.diamond.broker.kis.openingAccount.OpeningKisAccountActivity",
            "com.facebook.CustomTabActivity",
            "com.facebook.FacebookActivity",
            "com.google.android.gms.ads.AdActivity",
            "com.google.android.gms.common.api.GoogleApiActivity",
            "com.google.android.play.core.common.PlayCoreDialogWrapperActivity",
            "com.inka.appsealing.AppSealingAlertDialog",
            "com.kakao.sdk.flutter.AppsHandlerActivity",
            "com.kakao.sdk.flutter.AuthCodeCustomTabsActivity",
            "com.kakao.sdk.flutter.FollowChannelHandlerActivity",
            "com.kakao.sdk.flutter.TalkAuthCodeActivity",
            "com.pichillilorenzo.flutter_inappwebview.chrome_custom_tabs.ChromeCustomTabsActivity",
            "com.pichillilorenzo.flutter_inappwebview.chrome_custom_tabs.ChromeCustomTabsActivitySingleInstance",
            "com.pichillilorenzo.flutter_inappwebview.chrome_custom_tabs.TrustedWebActivity",
            "com.pichillilorenzo.flutter_inappwebview.chrome_custom_tabs.TrustedWebActivitySingleInstance",
            "com.pichillilorenzo.flutter_inappwebview.in_app_browser.InAppBrowserActivity",
            "io.flutter.plugins.urllauncher.WebViewActivity"
        ],
        "services": [
            "com.google.android.datatransport.runtime.backends.TransportBackendDiscovery",
            "com.google.android.datatransport.runtime.scheduling.jobscheduling.JobInfoSchedulerService",
            "com.google.android.gms.analytics.AnalyticsJobService",
            "com.google.android.gms.analytics.AnalyticsService",
            "com.google.android.gms.measurement.AppMeasurementJobService",
            "com.google.android.gms.measurement.AppMeasurementService",
            "com.google.firebase.components.ComponentDiscoveryService",
            "com.google.firebase.messaging.FirebaseMessagingService",
            "com.inka.appsealing.AppSealingIPService",
            "io.flutter.plugins.firebase.messaging.FlutterFirebaseMessagingBackgroundService",
            "io.flutter.plugins.firebase.messaging.FlutterFirebaseMessagingService"
        ],
        "receivers": [
            "androidx.profileinstaller.ProfileInstallReceiver",
            "com.adjust.sdk.AdjustReferrerReceiver",
            "com.dexterous.flutterlocalnotifications.ActionBroadcastReceiver",
            "com.dexterous.flutterlocalnotifications.ScheduledNotificationBootReceiver",
            "com.dexterous.flutterlocalnotifications.ScheduledNotificationReceiver",
            "com.google.android.datatransport.runtime.scheduling.jobscheduling.AlarmManagerSchedulerBroadcastReceiver",
            "com.google.android.gms.analytics.AnalyticsReceiver",
            "com.google.android.gms.measurement.AppMeasurementReceiver",
            "com.google.firebase.iid.FirebaseInstanceIdReceiver",
            "com.pichillilorenzo.flutter_inappwebview.chrome_custom_tabs.ActionBroadcastReceiver",
            "io.flutter.plugins.firebase.messaging.FlutterFirebaseMessagingReceiver"
        ]
    },
    "stats": {
        "dex_count": 5,
        "native_lib_count": 5
    },
    "jadx": {
        "status": "ok",
        "duration_sec": 24.78,
        "sources_present": true,
        "java_file_count": 6929
    },
    "ast_analysis": {
        "location": 8,
        "microphone": 0,
        "camera": 13,
        "media_projection": 0,
        "dynamic_load": 0,
        "jni": 8
    },
    "analysis_state": "complete"
}