{
    "apk_name": "3152A161D42BEA69A178AEDAA8ECB5DDAAC02380A559593FE45AF792BB3522DA",
    "sha256": "3152a161d42bea69a178aedaa8ecb5ddaac02380a559593fe45af792bb3522da",
    "metadata": {
        "package_name": "com.atakmap.android.vns.plugin",
        "version_code": "1758725449",
        "version_name": "3.12 (5962d21d) - [5.4.0]",
        "min_sdk": "23",
        "target_sdk": "35",
        "permissions": [
            "android.permission.ACCESS_NETWORK_STATE",
            "android.permission.INTERNET",
            "android.permission.WRITE_EXTERNAL_STORAGE"
        ],
        "activities": [
            "com.atakmap.app.component"
        ],
        "services": [],
        "receivers": [
            "androidx.profileinstaller.ProfileInstallReceiver"
        ],
        "permission_details": {
            "android.permission.ACCESS_NETWORK_STATE": "normal",
            "android.permission.INTERNET": "normal",
            "android.permission.WRITE_EXTERNAL_STORAGE": "dangerous"
        },
        "risk_counts": {
            "normal": 2,
            "dangerous": 1
        }
    },
    "stats": {
        "dex_count": 1,
        "native_lib_count": 0
    },
    "jadx": {
        "status": "ok",
        "duration_sec": 50.72,
        "sources_present": true,
        "java_file_count": 4738
    },
    "ast_analysis": {
        "location": 0,
        "microphone": 0,
        "camera": 2,
        "media_projection": 0,
        "dynamic_load": 0,
        "jni": 0
    },
    "analysis_state": "complete"
}