{
    "apk_name": "F75959F74CB37B00812919F843079E4FB7600EAC3B7F5DEFB84EA7D46921F95D",
    "sha256": "f75959f74cb37b00812919f843079e4fb7600eac3b7f5defb84ea7d46921f95d",
    "metadata": {
        "package_name": "com.Version1",
        "version_code": "140",
        "version_name": "2.40",
        "min_sdk": "24",
        "target_sdk": "33",
        "permissions": [
            "android.permission.ACCESS_COARSE_LOCATION",
            "android.permission.ACCESS_FINE_LOCATION",
            "android.permission.ACCESS_LOCATION_EXTRA_COMMANDS",
            "android.permission.ACCESS_NETWORK_STATE",
            "android.permission.ACCESS_WIFI_STATE",
            "android.permission.CALL_PHONE",
            "android.permission.CAMERA",
            "android.permission.GET_ACCOUNTS",
            "android.permission.INTERNET",
            "android.permission.READ_CONTACTS",
            "android.permission.READ_EXTERNAL_STORAGE",
            "android.permission.READ_PHONE_STATE",
            "android.permission.READ_SMS",
            "android.permission.RECEIVE_SMS",
            "android.permission.RECORD_AUDIO",
            "android.permission.SEND_SMS",
            "android.permission.USE_CREDENTIALS",
            "android.permission.USE_FINGERPRINT",
            "android.permission.VIBRATE",
            "android.permission.WAKE_LOCK",
            "android.permission.WRITE_EXTERNAL_STORAGE"
        ],
        "activities": [
            "com.Version1.AdminAgentActivity",
            "com.Version1.ML_Scanner.ML_Scanner",
            "com.Version1.Version1",
            "com.google.android.gms.common.api.GoogleApiActivity",
            "com.worklight.wlclient.ui.UIActivity",
            "hostapp.fisdom.com.fisdomsdk.FisdomSdkStart",
            "hostapp.fisdom.com.fisdomsdk.SignatureActivity",
            "o.BaseProgressIndicator1",
            "o.BaseProgressIndicator2",
            "o.Traverser1",
            "o.asBoolean",
            "o.compareOrThrow",
            "o.getExpandedTitleMarginTop",
            "o.isEnhanced"
        ],
        "services": [
            "com.Util.ThemeHelper",
            "com.google.android.datatransport.runtime.backends.TransportBackendDiscovery",
            "com.google.android.datatransport.runtime.scheduling.jobscheduling.JobInfoSchedulerService",
            "com.google.mlkit.common.internal.MlKitComponentDiscoveryService",
            "o.findFormat"
        ],
        "receivers": [
            "com.google.android.datatransport.runtime.scheduling.jobscheduling.AlarmManagerSchedulerBroadcastReceiver"
        ]
    },
    "stats": {
        "dex_count": 4,
        "native_lib_count": 42
    },
    "jadx": {
        "status": "ok",
        "duration_sec": 51.43,
        "sources_present": true,
        "java_file_count": 9497
    },
    "ast_analysis": {
        "location": 6,
        "microphone": 1,
        "camera": 34,
        "media_projection": 0,
        "dynamic_load": 0,
        "jni": 0
    },
    "analysis_state": "complete"
}