{
    "apk_name": "D85FC5E8F918BAC1802B8B4D950561B60CDDD89E6ABE2DA431877C1E0595DAA7",
    "sha256": "d85fc5e8f918bac1802b8b4d950561b60cddd89e6abe2da431877c1e0595daa7",
    "metadata": {
        "package_name": "co.id.myhana.app",
        "version_code": "4040504",
        "version_name": "4.4.5",
        "min_sdk": "24",
        "target_sdk": "34",
        "permissions": [
            "android.permission.ACCESS_ADSERVICES_AD_ID",
            "android.permission.ACCESS_ADSERVICES_ATTRIBUTION",
            "android.permission.ACCESS_COARSE_LOCATION",
            "android.permission.ACCESS_FINE_LOCATION",
            "android.permission.ACCESS_NETWORK_STATE",
            "android.permission.ACCESS_NOTIFICATION_POLICY",
            "android.permission.CAMERA",
            "android.permission.INTERNET",
            "android.permission.POST_NOTIFICATIONS",
            "android.permission.READ_APP_BADGE",
            "android.permission.READ_EXTERNAL_STORAGE",
            "android.permission.READ_MEDIA_IMAGES",
            "android.permission.RECEIVE_BOOT_COMPLETED",
            "android.permission.USE_BIOMETRIC",
            "android.permission.USE_FINGERPRINT",
            "android.permission.VIBRATE",
            "android.permission.WAKE_LOCK",
            "android.permission.WRITE_EXTERNAL_STORAGE",
            "co.id.myhana.app.DYNAMIC_RECEIVER_NOT_EXPORTED_PERMISSION",
            "com.anddoes.launcher.permission.UPDATE_COUNT",
            "com.google.android.c2dm.permission.RECEIVE",
            "com.google.android.finsky.permission.BIND_GET_INSTALL_REFERRER_SERVICE",
            "com.google.android.gms.permission.AD_ID",
            "com.google.android.providers.gsf.permission.READ_GSERVICES",
            "com.htc.launcher.permission.READ_SETTINGS",
            "com.htc.launcher.permission.UPDATE_SHORTCUT",
            "com.huawei.android.launcher.permission.CHANGE_BADGE",
            "com.huawei.android.launcher.permission.READ_SETTINGS",
            "com.huawei.android.launcher.permission.WRITE_SETTINGS",
            "com.majeur.launcher.permission.UPDATE_BADGE",
            "com.oppo.launcher.permission.READ_SETTINGS",
            "com.oppo.launcher.permission.WRITE_SETTINGS",
            "com.sec.android.provider.badge.permission.READ",
            "com.sec.android.provider.badge.permission.WRITE",
            "com.sonyericsson.home.permission.BROADCAST_BADGE",
            "com.sonymobile.home.permission.PROVIDER_INSERT_BADGE",
            "me.everything.badger.permission.BADGE_COUNT_READ",
            "me.everything.badger.permission.BADGE_COUNT_WRITE"
        ],
        "activities": [
            "androidx.credentials.playservices.HiddenActivity",
            "co.id.myhana.app.MainActivity",
            "com.google.android.gms.auth.api.signin.internal.SignInHubActivity",
            "com.google.android.gms.common.api.GoogleApiActivity",
            "com.google.android.gms.tagmanager.TagManagerPreviewActivity",
            "com.google.android.play.core.common.PlayCoreDialogWrapperActivity",
            "com.google.firebase.auth.internal.GenericIdpActivity",
            "com.google.firebase.auth.internal.RecaptchaActivity",
            "com.journeyapps.barcodescanner.CaptureActivity",
            "com.synconset.MultiImageChooserActivity",
            "de.appplant.cordova.plugin.localnotification.ClickReceiver",
            "de.niklasmerz.cordova.biometric.BiometricActivity",
            "org.apache.cordova.firebase.OnNotificationReceiverActivity"
        ],
        "services": [
            "androidx.credentials.playservices.CredentialProviderMetadataHolder",
            "com.google.android.datatransport.runtime.backends.TransportBackendDiscovery",
            "com.google.android.datatransport.runtime.scheduling.jobscheduling.JobInfoSchedulerService",
            "com.google.android.gms.auth.api.signin.RevocationBoundService",
            "com.google.android.gms.measurement.AppMeasurementJobService",
            "com.google.android.gms.measurement.AppMeasurementService",
            "com.google.android.gms.tagmanager.TagManagerService",
            "com.google.firebase.components.ComponentDiscoveryService",
            "com.google.firebase.messaging.FirebaseMessagingService",
            "com.google.firebase.sessions.SessionLifecycleService",
            "org.apache.cordova.firebase.FirebasePluginMessagingService"
        ],
        "receivers": [
            "com.google.android.datatransport.runtime.scheduling.jobscheduling.AlarmManagerSchedulerBroadcastReceiver",
            "com.google.android.gms.measurement.AppMeasurementReceiver",
            "com.google.firebase.iid.FirebaseInstanceIdReceiver",
            "de.appplant.cordova.plugin.localnotification.ClearReceiver",
            "de.appplant.cordova.plugin.localnotification.RestoreReceiver",
            "de.appplant.cordova.plugin.localnotification.TriggerReceiver",
            "nl.xservices.plugins.ShareChooserPendingIntent",
            "org.apache.cordova.firebase.OnNotificationOpenReceiver"
        ]
    },
    "stats": {
        "dex_count": 4,
        "native_lib_count": 33
    },
    "jadx": {
        "status": "ok",
        "duration_sec": 51.64,
        "sources_present": true,
        "java_file_count": 13903
    },
    "ast_analysis": {
        "location": 12,
        "microphone": 0,
        "camera": 31,
        "media_projection": 0,
        "dynamic_load": 0,
        "jni": 3
    },
    "analysis_state": "complete"
}