{
    "java_files": [
        "com/secneo/apkwrapper/H.java",
        "com/secneo/apkwrapper/AW.java",
        "com/secneo/apkwrapper/AP.java",
        "com/secneo/apkwrapper/CP.java",
        "com/cubic/choosecar/R.java",
        "kotlin/coroutines/jvm/internal/DebugProbesKt.java"
    ],
    "ast_hits_by_file": {
        "location": [],
        "microphone": [],
        "camera": [],
        "media_projection": [],
        "dynamic_load": [],
        "jni": [
            "com/secneo/apkwrapper/AW.java"
        ]
    },
    "native_libs": [
        "lib/armeabi/libBaiduMapSDK_base_v7_5_0.so",
        "lib/armeabi/libBaiduMapSDK_map_v7_5_0.so",
        "lib/armeabi/libBaiduSpeechSDK.so",
        "lib/armeabi/libCtaApiLib.so",
        "lib/armeabi/libPluginCK.so",
        "lib/armeabi/libRongIMLib.so",
        "lib/armeabi/libSparta.so",
        "lib/armeabi/libapp.so",
        "lib/armeabi/libbdEASRAndroid.so",
        "lib/armeabi/libbdSpilWakeup.so",
        "lib/armeabi/libbd_easr_s1_merge_normal_20151216.dat.so",
        "lib/armeabi/libblackBox.so",
        "lib/armeabi/libbreakpad.so",
        "lib/armeabi/libbspatch.so",
        "lib/armeabi/libdexopt.so",
        "lib/armeabi/libencrypt.so",
        "lib/armeabi/libflutter.so",
        "lib/armeabi/libgifimage.so",
        "lib/armeabi/libgnustl_shared.so",
        "lib/armeabi/libijkffmpeg.so",
        "lib/armeabi/libijkplayer.so",
        "lib/armeabi/libijksdl.so",
        "lib/armeabi/libimagepipeline.so",
        "lib/armeabi/libincrement.so",
        "lib/armeabi/libindoor.so",
        "lib/armeabi/libksyplayer.so",
        "lib/armeabi/liblocSDK8b.so",
        "lib/armeabi/libmsaoaidauth.so",
        "lib/armeabi/libmsaoaidsec.so",
        "lib/armeabi/libnative-filters.so",
        "lib/armeabi/libnative-imagetranscoder.so",
        "lib/armeabi/libpl_droidsonroids_gif.so",
        "lib/armeabi/libpldroid_amix.so",
        "lib/armeabi/libpldroid_beauty.so",
        "lib/armeabi/libpldroid_encoder.so",
        "lib/armeabi/libpldroid_shortvideo_core.so",
        "lib/armeabi/libsmsdk.so",
        "lib/armeabi/libsqlite.so",
        "lib/armeabi/libstatic-webp.so",
        "lib/armeabi/libumeng-spy.so",
        "lib/armeabi/libvad.dnn.so",
        "lib/armeabi/libweibosdkcore.so",
        "lib/armeabi/libwind.so",
        "lib/armeabi/libdexjni.so",
        "lib/armeabi/libDexHelper.so",
        "lib/armeabi/libDexHelper-x86.so"
    ],
    "dex_files_count": 1,
    "exported_components": {
        "activities": [
            "com.alipay.sdk.app.APayEntranceActivity",
            "com.alipay.sdk.app.AlipayResultActivity",
            "com.alipay.sdk.app.H5AuthActivity",
            "com.alipay.sdk.app.H5OpenAuthActivity",
            "com.alipay.sdk.app.H5PayActivity",
            "com.alipay.sdk.app.PayResultActivity",
            "com.autohome.advertsdk.common.web.download.AdvertDLDBrowserActivity",
            "com.autohome.advertsdk.common.web.download.AdvertDialogActivity",
            "com.autohome.baojia.baojialib.widget.permission.PermissionActivity",
            "com.autohome.business.permission.PermissionActivity",
            "com.autohome.plugin.dealerconsult.activity.ChatRoomActivity",
            "com.autohome.plugin.dealerconsult.activity.DealerConversationRecordsActivity",
            "com.autohome.plugin.dealerconsult.activity.MainActivity",
            "com.autohome.plugin.dealerconsult.activity.PictureBrowserActivity",
            "com.autohome.plugin.dealerconsult.activity.SaleListActivity",
            "com.autohome.plugin.dealerconsult.activity.SelectSeriesAndSpecActivity",
            "com.autohome.price.plugin.imgrecognitionplugin.activity.CameraActivity",
            "com.autohome.price.plugin.imgrecognitionplugin.activity.ImageCropActivity",
            "com.autohome.price.plugin.imgrecognitionplugin.activity.MainActivity",
            "com.autohome.price.plugin.imgrecognitionplugin.activity.ScanImageActivity",
            "com.autohome.price.plugin.imgrecognitionplugin.activity.SearchCarActivity",
            "com.autohome.price.plugin.imgrecognitionplugin.activity.SelectDirectoryActivity",
            "com.autohome.price.plugin.userloginplugin.MainActivity",
            "com.autohome.price.plugin.userloginplugin.activity.FindPwdActivity",
            "com.autohome.price.plugin.userloginplugin.activity.LoginMainActivity",
            "com.autohome.price.plugin.userloginplugin.activity.MobileLoginActivity",
            "com.autohome.price.plugin.userloginplugin.activity.OneKeyLoginActivity",
            "com.autohome.price.plugin.userloginplugin.activity.OneKeyLoginDialog",
            "com.autohome.price.plugin.userloginplugin.activity.RegisterActivity",
            "com.autohome.price.plugin.userloginplugin.login.LoginAccountSecurityActivity",
            "com.autohome.price.plugin.userloginplugin.login.LoginBindAccountActivity",
            "com.autohome.price.plugin.userloginplugin.login.LoginPerfectDataActivity",
            "com.autohome.ums.VisualActivity",
            "com.channel.demo.boost.AHFlutterBoostActivity",
            "com.cubic.choosecar.apshare.ShareEntryActivity",
            "com.cubic.choosecar.newui.attentionlist.view.MyAttentionActivity",
            "com.cubic.choosecar.newui.brand.BrandActivity",
            "com.cubic.choosecar.newui.carseries.activity.CarEquityDialogActivity",
            "com.cubic.choosecar.newui.carseries.activity.CarRetainActivityDialog",
            "com.cubic.choosecar.newui.carseries.activity.CarSeriesRevisionActivity",
            "com.cubic.choosecar.newui.carseries.view.CarOwnerPriceActivity",
            "com.cubic.choosecar.newui.carseries.view.CarSeriesEnquiryPopActivity",
            "com.cubic.choosecar.newui.carseries.view.CountryPriceCompareActivity",
            "com.cubic.choosecar.newui.carseries.view.PriceCompareListActivity",
            "com.cubic.choosecar.newui.carspec.view.CarSpecActivity",
            "com.cubic.choosecar.newui.carspec.view.DealerConsultantActivity",
            "com.cubic.choosecar.newui.circle.bigimage.MultiImagePreviewActivity",
            "com.cubic.choosecar.newui.circle.publish.PublishCircleActivity",
            "com.cubic.choosecar.newui.circle.publish.PublishCircleActivityNew",
            "com.cubic.choosecar.newui.circle.saveimage.SaveSendImgActivity",
            "com.cubic.choosecar.newui.circle.selectimage.SelectImageActivity",
            "com.cubic.choosecar.newui.circle.selectimage.SelectOsImageActivity",
            "com.cubic.choosecar.newui.circle.selectlocation.CircleSelectLocationActivity",
            "com.cubic.choosecar.newui.circle.selectlocation.NearSearchActivity",
            "com.cubic.choosecar.newui.circle.share.ShareActivity",
            "com.cubic.choosecar.newui.circle.worthattention.DeserveAttentionActivity",
            "com.cubic.choosecar.newui.circle.worthattention.FirstEnterCircleFollowActivity",
            "com.cubic.choosecar.newui.compare.view.ComparisionActivity",
            "com.cubic.choosecar.newui.competesno.CompeteNoActivity",
            "com.cubic.choosecar.newui.dealeroffer.view.NewDealerOfferActivity",
            "com.cubic.choosecar.newui.debugscheme.SchemeDispatcherActivity",
            "com.cubic.choosecar.newui.fission.NewPeopleDialogActivity",
            "com.cubic.choosecar.newui.im.view.BlackListActivity",
            "com.cubic.choosecar.newui.im.view.ConversationActivity",
            "com.cubic.choosecar.newui.im.view.IMMapLocationActivity",
            "com.cubic.choosecar.newui.im.view.IMOpenNoticeActivity",
            "com.cubic.choosecar.newui.im.view.MsgAndNotifyActivity",
            "com.cubic.choosecar.newui.im.view.RateActivity",
            "com.cubic.choosecar.newui.im.view.SendLocationActivity",
            "com.cubic.choosecar.newui.im.view.sendcar.IMSelectSeriesActivity",
            "com.cubic.choosecar.newui.im.view.sendcar.IMSelectSpecActivity",
            "com.cubic.choosecar.newui.im.view.sendcard.SelectMyColleagueCardActivity",
            "com.cubic.choosecar.newui.koubei.KoubeiListActivity",
            "com.cubic.choosecar.newui.koubei.detail.KoubeiDetailActivity",
            "com.cubic.choosecar.newui.live.RedPacketRainActivity",
            "com.cubic.choosecar.newui.live.RedPacketResultActivity",
            "com.cubic.choosecar.newui.live.VideoDetailActivity",
            "com.cubic.choosecar.newui.mine.MineAllMenuActivity",
            "com.cubic.choosecar.newui.nearbyviolation.NearbyViolationActivity",
            "com.cubic.choosecar.newui.newcaronsell.NewCarOnSellActivity",
            "com.cubic.choosecar.newui.notifyremindmessage.PriceListActivity",
            "com.cubic.choosecar.newui.notifyremindmessage.view.NotifyRemindActivity",
            "com.cubic.choosecar.newui.oilwear.view.OilWearListActivity",
            "com.cubic.choosecar.newui.personhome.HomePageActivity",
            "com.cubic.choosecar.newui.pictype.PicTypeActivity",
            "com.cubic.choosecar.newui.pricepromotions.PricePromotionsActivity",
            "com.cubic.choosecar.newui.priceshare.view.DealerListActivity",
            "com.cubic.choosecar.newui.priceshare.view.MyPriceActivity",
            "com.cubic.choosecar.newui.priceshare.view.PriceShareActivity",
            "com.cubic.choosecar.newui.priceshare.view.PriceShareOverActivity",
            "com.cubic.choosecar.newui.quickmenu.QuickMenuActivity",
            "com.cubic.choosecar.newui.retroaction.RetroactionActivity",
            "com.cubic.choosecar.newui.search.SearchFavActivity",
            "com.cubic.choosecar.newui.secondhandcar.view.SecondHandCarActivity",
            "com.cubic.choosecar.newui.speccompare.view.SpecCompareListActivity",
            "com.cubic.choosecar.newui.video.VideoActivity",
            "com.cubic.choosecar.newui.video.VideoPlayerActivity",
            "com.cubic.choosecar.newui.video.comment.CommentActivity",
            "com.cubic.choosecar.newui.video.shortvideo.RecordShortVideoActivity",
            "com.cubic.choosecar.newui.video.videoeditor.EditVideoActivity",
            "com.cubic.choosecar.newui.video.videopicker.VideoSelectorActivity",
            "com.cubic.choosecar.newui.video.videoplayer.VideoListPlayerActivity",
            "com.cubic.choosecar.newui.wenda.answer.AnswerActivity",
            "com.cubic.choosecar.newui.wenda.question.AddQuestionTagActivity",
            "com.cubic.choosecar.service.baiduspeek.BaiduASRDigitalDialog",
            "com.cubic.choosecar.service.push2.HuaweiPushClickActivity",
            "com.cubic.choosecar.service.push2.OppoPushClickActivity",
            "com.cubic.choosecar.service.push2.RongPushClickActivity",
            "com.cubic.choosecar.ui.SplashActivity",
            "com.cubic.choosecar.ui.calculator.activity.BuyCarCalculatorActivity",
            "com.cubic.choosecar.ui.calculator.activity.CalculatorStartActivity",
            "com.cubic.choosecar.ui.calculator.activity.InsuranceActivity",
            "com.cubic.choosecar.ui.calculator.activity.NecessaryActivity",
            "com.cubic.choosecar.ui.car.activity.FindCarResultActivity",
            "com.cubic.choosecar.ui.car.activity.LotteryQueryWebPageActivity",
            "com.cubic.choosecar.ui.car.activity.PriceExtendDetailActivity",
            "com.cubic.choosecar.ui.car.activity.PriceExtendNecessaryActivity",
            "com.cubic.choosecar.ui.car.activity.SeriesArticleWebPageActivity",
            "com.cubic.choosecar.ui.car.activity.SeriesDealersActivity",
            "com.cubic.choosecar.ui.car.activity.SeriesPingceActivity",
            "com.cubic.choosecar.ui.car.activity.SeriesPriceActivity",
            "com.cubic.choosecar.ui.car.activity.SeriesVideosActivity",
            "com.cubic.choosecar.ui.car.activity.SpecConfigActivity",
            "com.cubic.choosecar.ui.car.activity.SpecPriceActivity",
            "com.cubic.choosecar.ui.car.activity.SuggestionsActivity",
            "com.cubic.choosecar.ui.carfilter.CarFilterActivity",
            "com.cubic.choosecar.ui.carfilter.CarSpecFilterDataFromPreActivity",
            "com.cubic.choosecar.ui.carfilter.HorizontalChoiceFiltCarActivity",
            "com.cubic.choosecar.ui.carfilter.NewCarSpecFilterActivity",
            "com.cubic.choosecar.ui.carseries.CarSeriesActivity",
            "com.cubic.choosecar.ui.carseries.activity.SeriesReviewCarActivity",
            "com.cubic.choosecar.ui.carseries.activity.SeriesReviewCarActivityNew",
            "com.cubic.choosecar.ui.carseries.activity.SeriesVideoCarActivity",
            "com.cubic.choosecar.ui.club.activity.TopicDetailActivity",
            "com.cubic.choosecar.ui.club.activity.TopicListActivity",
            "com.cubic.choosecar.ui.cpl.activity.CPLDealerOrderActivity",
            "com.cubic.choosecar.ui.cpl.activity.CPLDetailActivity",
            "com.cubic.choosecar.ui.dealer.activity.DealerHomeActivity",
            "com.cubic.choosecar.ui.dealer.activity.DealerNearbyActivity",
            "com.cubic.choosecar.ui.dealer.activity.DealerPriceActivity",
            "com.cubic.choosecar.ui.dealer.activity.DealerSellActivity",
            "com.cubic.choosecar.ui.dealer.activity.DealerSellDetailActivity",
            "com.cubic.choosecar.ui.dealer.activity.DealerSellDetailWebviewPageActivity",
            "com.cubic.choosecar.ui.dealer.activity.DealerSeriesDetailActivity",
            "com.cubic.choosecar.ui.dealer.activity.DealerServicePopActivity",
            "com.cubic.choosecar.ui.debug.activity.CommonStyleActivity",
            "com.cubic.choosecar.ui.debug.activity.DebugActivity",
            "com.cubic.choosecar.ui.debug.activity.DebugAppInfoActivity",
            "com.cubic.choosecar.ui.debug.activity.DebugWebViewActivity",
            "com.cubic.choosecar.ui.debug.activity.EventIdDetailActivity",
            "com.cubic.choosecar.ui.debug.activity.EventIdListActivity",
            "com.cubic.choosecar.ui.error.activity.DefaultErrorActivity",
            "com.cubic.choosecar.ui.error.activity.RestartActivity",
            "com.cubic.choosecar.ui.image.activity.BigImageActivity",
            "com.cubic.choosecar.ui.image.activity.BigImageNativeActivity",
            "com.cubic.choosecar.ui.image.activity.ImageActivity",
            "com.cubic.choosecar.ui.information.InformationBigImageActivity",
            "com.cubic.choosecar.ui.information.InformationDetailActivity",
            "com.cubic.choosecar.ui.information.InformationListActivity",
            "com.cubic.choosecar.ui.information.InformationVideoActivity",
            "com.cubic.choosecar.ui.koubei.activity.SpecKouBeiStopActivity",
            "com.cubic.choosecar.ui.location.DebugLocationActivity",
            "com.cubic.choosecar.ui.location.LocationCityActivity",
            "com.cubic.choosecar.ui.location.LocationSelectedActivity",
            "com.cubic.choosecar.ui.map.activity.MapActivity",
            "com.cubic.choosecar.ui.more.activity.AboutActivity",
            "com.cubic.choosecar.ui.more.activity.AdviceBigImageActivity",
            "com.cubic.choosecar.ui.more.activity.AppsActivity",
            "com.cubic.choosecar.ui.more.activity.AreaActivity",
            "com.cubic.choosecar.ui.more.activity.HeadImgActivity",
            "com.cubic.choosecar.ui.more.activity.NickNameActivity",
            "com.cubic.choosecar.ui.more.activity.PermissionContentActivity",
            "com.cubic.choosecar.ui.more.activity.PermissionSettingActivity",
            "com.cubic.choosecar.ui.more.activity.PrivateSettingActivity",
            "com.cubic.choosecar.ui.more.activity.PushSettingActivity",
            "com.cubic.choosecar.ui.more.activity.SettingActivity",
            "com.cubic.choosecar.ui.order.activity.BuyTimeActivity",
            "com.cubic.choosecar.ui.order.activity.DealOrderActivity",
            "com.cubic.choosecar.ui.order.activity.EnquiryOrderActivity",
            "com.cubic.choosecar.ui.order.activity.MyOrderListActivity",
            "com.cubic.choosecar.ui.order.activity.NewEnergyOrderActivity",
            "com.cubic.choosecar.ui.order.activity.NewEnergyOrderResultActivity",
            "com.cubic.choosecar.ui.order.activity.NewUserFreePriceDialogActivity",
            "com.cubic.choosecar.ui.order.activity.NoOrderGiveFreeReportDialogActivity",
            "com.cubic.choosecar.ui.order.activity.PlaceOrderActivity",
            "com.cubic.choosecar.ui.order.activity.SelectDealerSpecActivity",
            "com.cubic.choosecar.ui.order.activity.SubmitNormalOrderActivity",
            "com.cubic.choosecar.ui.order.activity.SubmitOrderActivity",
            "com.cubic.choosecar.ui.order.activity.SubmitOrderResultActivity",
            "com.cubic.choosecar.ui.order.activity.SubmitOrderSelectDealerActivity",
            "com.cubic.choosecar.ui.order.activity.SubmitOrderSelectItemActivity",
            "com.cubic.choosecar.ui.order.activity.SubmitOrderSelectSpecActivity",
            "com.cubic.choosecar.ui.order.activity.SubmitSeriesOrderActivity",
            "com.cubic.choosecar.ui.price.activity.PriceDetailActivity",
            "com.cubic.choosecar.ui.search.activity.NewSearchActivity",
            "com.cubic.choosecar.ui.sellcar.activity.ApplyMoneyBackActivity",
            "com.cubic.choosecar.ui.sellcar.activity.BuyFlowActivity",
            "com.cubic.choosecar.ui.sellcar.activity.EnsureActivity",
            "com.cubic.choosecar.ui.sellcar.activity.IntroductionActivity",
            "com.cubic.choosecar.ui.sellcar.activity.OrderListActivity",
            "com.cubic.choosecar.ui.sellcar.activity.SellCarOrderDetailActivity",
            "com.cubic.choosecar.ui.sellcar.activity.SellCarStepOneActivity",
            "com.cubic.choosecar.ui.sellcar.activity.SellCarStepTwoActivity",
            "com.cubic.choosecar.ui.sellcar.activity.ServiceAgreementActivity",
            "com.cubic.choosecar.ui.sellcar.activity.VerifyPhoneActivity",
            "com.cubic.choosecar.ui.series.activity.SeriesPromotionArticleActivity",
            "com.cubic.choosecar.ui.tab.activity.ExitActivity",
            "com.cubic.choosecar.ui.tab.activity.FindCarActivity",
            "com.cubic.choosecar.ui.tab.activity.HorizontalIntroduceActivity",
            "com.cubic.choosecar.ui.tab.activity.MainActivity",
            "com.cubic.choosecar.ui.tab.activity.SelectCarConditionActivity",
            "com.cubic.choosecar.ui.tab.activity.ServiceActivity",
            "com.cubic.choosecar.ui.tab.operation.OperationPopupActivity",
            "com.cubic.choosecar.ui.tools.activity.CompareSeriesActivity",
            "com.cubic.choosecar.ui.tools.activity.CompareTenActivity",
            "com.cubic.choosecar.ui.tools.activity.GarageMainActivity",
            "com.cubic.choosecar.ui.tools.activity.PinnedHeaderExpandableDaemonActivity",
            "com.cubic.choosecar.ui.tools.activity.PushH5Activity",
            "com.cubic.choosecar.ui.tools.activity.SubArticleActivity",
            "com.cubic.choosecar.ui.tools.activity.SubDealerActivity",
            "com.cubic.choosecar.ui.tools.activity.SubSeriesActivity",
            "com.cubic.choosecar.ui.tools.activity.SubSpecActivity",
            "com.cubic.choosecar.ui.tools.activity.ViewSeriesHistoryActivity",
            "com.cubic.choosecar.ui.web.activity.BasicFunctionPageActivity",
            "com.cubic.choosecar.ui.web.activity.NoSchemeWebPageActivity",
            "com.cubic.choosecar.ui.web.activity.PureWebPageActivity",
            "com.cubic.choosecar.ui.web.activity.TextViewWebPageActivity",
            "com.cubic.choosecar.ui.web.activity.WebPageActivity",
            "com.cubic.choosecar.widget.clipview.ClipImageActivity",
            "com.cubic.choosecar.widget.permission.PermissionNoticeActivity",
            "com.cubic.choosecar.widget.zxinglibrary.view.CaptureActivity",
            "com.cubic.choosecar.widget.zxinglibrary.view.PreviewScanActivity",
            "com.cubic.choosecar.wxapi.WXEntryActivity",
            "com.cubic.choosecar.wxapi.WXPayEntryActivity",
            "com.huawei.hms.activity.BridgeActivity",
            "com.huawei.hms.activity.EnableServiceActivity",
            "com.huawei.hms.support.api.push.TransActivity",
            "com.journeyapps.barcodescanner.CaptureActivity",
            "com.sina.weibo.sdk.share.ShareChatActivity",
            "com.sina.weibo.sdk.share.ShareResultActivity",
            "com.sina.weibo.sdk.share.ShareStoryActivity",
            "com.sina.weibo.sdk.share.ShareTransActivity",
            "com.sina.weibo.sdk.web.WebActivity",
            "com.tencent.connect.common.AssistActivity",
            "com.tencent.tauth.AuthActivity",
            "com.vivo.push.sdk.LinkProxyClientActivity",
            "com.xiaomi.mipush.sdk.NotificationClickedActivity",
            "io.flutter.plugins.urllauncher.WebViewActivity",
            "io.rong.push.notification.RongBridgeActivity"
        ],
        "services": [
            "com.autohome.ahblockmonitor.service.AHBlockMonitorService",
            "com.autohome.imlib.core.IMClientService",
            "com.autohome.imlib.core.IMLibService",
            "com.baidu.location.f",
            "com.baidu.speech.VoiceRecognitionService",
            "com.cubic.choosecar.service.push2.HuaweiPushService",
            "com.cubic.choosecar.service.tinker.TinkerPatchHandleService",
            "com.heytap.msp.push.service.CompatibleDataMessageCallbackService",
            "com.heytap.msp.push.service.DataMessageCallbackService",
            "com.huawei.agconnect.core.ServiceDiscovery",
            "com.huawei.hms.support.api.push.service.HmsMsgService",
            "com.tencent.tinker.lib.service.DefaultTinkerResultService",
            "com.tencent.tinker.lib.service.TinkerPatchService",
            "com.tencent.tinker.lib.service.TinkerPatchService$InnerService",
            "com.vivo.push.sdk.service.CommandClientService",
            "com.xiaomi.mipush.sdk.MessageHandleService",
            "com.xiaomi.mipush.sdk.PushMessageHandler",
            "com.xiaomi.push.service.XMJobService",
            "com.xiaomi.push.service.XMPushService",
            "io.rong.imlib.ipc.RongService",
            "io.rong.push.rongpush.PushService",
            "tinker.sample.android.service.SampleResultService"
        ],
        "receivers": [
            "com.autohome.wireless.viewtracker.internal.config.ConfigReceiver",
            "com.cubic.choosecar.service.caronwer.LoginReceiver",
            "com.cubic.choosecar.service.push2.IMNotificationReceiver",
            "com.cubic.choosecar.service.push2.PushClickReceiver",
            "com.cubic.choosecar.service.push2.VivoPushMessageReceiverImpl",
            "com.cubic.choosecar.service.push2.XiaoMiReceiver",
            "com.cubic.choosecar.wxapi.WXPayRegister",
            "com.huawei.hms.support.api.push.PushMsgReceiver",
            "com.huawei.hms.support.api.push.PushReceiver",
            "com.xiaomi.push.service.receivers.PingReceiver",
            "io.rong.imlib.ConnectChangeReceiver",
            "io.rong.imlib.HeartbeatReceiver",
            "io.rong.push.rongpush.PushReceiver"
        ]
    }
}