{
    "apk_name": "CFD018AA16539CE7B7883D76B02F916FF84F0CF51B19677CA51719033810743D",
    "sha256": "cfd018aa16539ce7b7883d76b02f916ff84f0cf51b19677ca51719033810743d",
    "metadata": {
        "package_name": "com.cubic.choosecar",
        "version_code": "23112709",
        "version_name": "7.8.2",
        "min_sdk": "21",
        "target_sdk": "30",
        "permissions": [
            "android.permission.ACCESS_COARSE_LOCATION",
            "android.permission.ACCESS_FINE_LOCATION",
            "android.permission.ACCESS_LOCATION_EXTRA_COMMANDS",
            "android.permission.ACCESS_NETWORK_STATE",
            "android.permission.ACCESS_WIFI_STATE",
            "android.permission.BROADCAST_STICKY",
            "android.permission.CAMERA",
            "android.permission.CHANGE_NETWORK_STATE",
            "android.permission.FLASHLIGHT",
            "android.permission.GET_TASKS",
            "android.permission.INTERNET",
            "android.permission.READ_APP_BADGE",
            "android.permission.READ_EXTERNAL_STORAGE",
            "android.permission.READ_PHONE_STATE",
            "android.permission.READ_PRIVILEGED_PHONE_STATE",
            "android.permission.REORDER_TASKS",
            "android.permission.REQUEST_INSTALL_PACKAGES",
            "android.permission.RUN_INSTRUMENTATION",
            "android.permission.SYSTEM_ALERT_WINDOW",
            "android.permission.USE_CREDENTIALS",
            "android.permission.VIBRATE",
            "android.permission.WAKE_LOCK",
            "android.permission.WRITE_EXTERNAL_STORAGE",
            "android.permission.WRITE_SETTINGS",
            "com.anddoes.launcher.permission.UPDATE_COUNT",
            "com.android.launcher.permission.INSTALL_SHORTCUT",
            "com.android.launcher.permission.READ_SETTINGS",
            "com.android.launcher.permission.UNINSTALL_SHORTCUT",
            "com.asus.msa.SupplementaryDID.ACCESS",
            "com.autohome.permissions.broadcast.AH_BROADCAST",
            "com.coloros.mcs.permission.RECIEVE_MCS_MESSAGE",
            "com.cubic.choosecar.permission.MIPUSH_RECEIVE",
            "com.cubic.choosecar.permission.PROCESS_PUSH_MSG",
            "com.cubic.choosecar.permission.PUSH_PROVIDER",
            "com.cubic.choosecar.permission.RONG_ACCESS_RECEIVER",
            "com.heytap.mcs.permission.RECIEVE_MCS_MESSAGE",
            "com.htc.launcher.permission.READ_SETTINGS",
            "com.htc.launcher.permission.UPDATE_SHORTCUT",
            "com.huawei.android.launcher.permission.CHANGE_BADGE",
            "com.huawei.android.launcher.permission.READ_SETTINGS",
            "com.huawei.android.launcher.permission.WRITE_SETTINGS",
            "com.majeur.launcher.permission.UPDATE_BADGE",
            "com.oppo.launcher.permission.READ_SETTINGS",
            "com.oppo.launcher.permission.WRITE_SETTINGS",
            "com.sec.android.provider.badge.permission.READ",
            "com.sec.android.provider.badge.permission.WRITE",
            "com.sonyericsson.home.permission.BROADCAST_BADGE",
            "com.sonymobile.home.permission.PROVIDER_INSERT_BADGE",
            "freemme.permission.msa",
            "freemme.permission.msa.SECURITY_ACCESS",
            "getui.permission.GetuiService.com.cubic.choosecar",
            "me.everything.badger.permission.BADGE_COUNT_READ",
            "me.everything.badger.permission.BADGE_COUNT_WRITE"
        ],
        "activities": [
            "com.alipay.sdk.app.APayEntranceActivity",
            "com.alipay.sdk.app.AlipayResultActivity",
            "com.alipay.sdk.app.H5AuthActivity",
            "com.alipay.sdk.app.H5OpenAuthActivity",
            "com.alipay.sdk.app.H5PayActivity",
            "com.alipay.sdk.app.PayResultActivity",
            "com.autohome.advertsdk.common.web.download.AdvertDLDBrowserActivity",
            "com.autohome.advertsdk.common.web.download.AdvertDialogActivity",
            "com.autohome.baojia.baojialib.widget.permission.PermissionActivity",
            "com.autohome.business.permission.PermissionActivity",
            "com.autohome.plugin.dealerconsult.activity.ChatRoomActivity",
            "com.autohome.plugin.dealerconsult.activity.DealerConversationRecordsActivity",
            "com.autohome.plugin.dealerconsult.activity.MainActivity",
            "com.autohome.plugin.dealerconsult.activity.PictureBrowserActivity",
            "com.autohome.plugin.dealerconsult.activity.SaleListActivity",
            "com.autohome.plugin.dealerconsult.activity.SelectSeriesAndSpecActivity",
            "com.autohome.price.plugin.imgrecognitionplugin.activity.CameraActivity",
            "com.autohome.price.plugin.imgrecognitionplugin.activity.ImageCropActivity",
            "com.autohome.price.plugin.imgrecognitionplugin.activity.MainActivity",
            "com.autohome.price.plugin.imgrecognitionplugin.activity.ScanImageActivity",
            "com.autohome.price.plugin.imgrecognitionplugin.activity.SearchCarActivity",
            "com.autohome.price.plugin.imgrecognitionplugin.activity.SelectDirectoryActivity",
            "com.autohome.price.plugin.userloginplugin.MainActivity",
            "com.autohome.price.plugin.userloginplugin.activity.FindPwdActivity",
            "com.autohome.price.plugin.userloginplugin.activity.LoginMainActivity",
            "com.autohome.price.plugin.userloginplugin.activity.MobileLoginActivity",
            "com.autohome.price.plugin.userloginplugin.activity.OneKeyLoginActivity",
            "com.autohome.price.plugin.userloginplugin.activity.OneKeyLoginDialog",
            "com.autohome.price.plugin.userloginplugin.activity.RegisterActivity",
            "com.autohome.price.plugin.userloginplugin.login.LoginAccountSecurityActivity",
            "com.autohome.price.plugin.userloginplugin.login.LoginBindAccountActivity",
            "com.autohome.price.plugin.userloginplugin.login.LoginPerfectDataActivity",
            "com.autohome.ums.VisualActivity",
            "com.channel.demo.boost.AHFlutterBoostActivity",
            "com.cubic.choosecar.apshare.ShareEntryActivity",
            "com.cubic.choosecar.newui.attentionlist.view.MyAttentionActivity",
            "com.cubic.choosecar.newui.brand.BrandActivity",
            "com.cubic.choosecar.newui.carseries.activity.CarEquityDialogActivity",
            "com.cubic.choosecar.newui.carseries.activity.CarRetainActivityDialog",
            "com.cubic.choosecar.newui.carseries.activity.CarSeriesRevisionActivity",
            "com.cubic.choosecar.newui.carseries.view.CarOwnerPriceActivity",
            "com.cubic.choosecar.newui.carseries.view.CarSeriesEnquiryPopActivity",
            "com.cubic.choosecar.newui.carseries.view.CountryPriceCompareActivity",
            "com.cubic.choosecar.newui.carseries.view.PriceCompareListActivity",
            "com.cubic.choosecar.newui.carspec.view.CarSpecActivity",
            "com.cubic.choosecar.newui.carspec.view.DealerConsultantActivity",
            "com.cubic.choosecar.newui.circle.bigimage.MultiImagePreviewActivity",
            "com.cubic.choosecar.newui.circle.publish.PublishCircleActivity",
            "com.cubic.choosecar.newui.circle.publish.PublishCircleActivityNew",
            "com.cubic.choosecar.newui.circle.saveimage.SaveSendImgActivity",
            "com.cubic.choosecar.newui.circle.selectimage.SelectImageActivity",
            "com.cubic.choosecar.newui.circle.selectimage.SelectOsImageActivity",
            "com.cubic.choosecar.newui.circle.selectlocation.CircleSelectLocationActivity",
            "com.cubic.choosecar.newui.circle.selectlocation.NearSearchActivity",
            "com.cubic.choosecar.newui.circle.share.ShareActivity",
            "com.cubic.choosecar.newui.circle.worthattention.DeserveAttentionActivity",
            "com.cubic.choosecar.newui.circle.worthattention.FirstEnterCircleFollowActivity",
            "com.cubic.choosecar.newui.compare.view.ComparisionActivity",
            "com.cubic.choosecar.newui.competesno.CompeteNoActivity",
            "com.cubic.choosecar.newui.dealeroffer.view.NewDealerOfferActivity",
            "com.cubic.choosecar.newui.debugscheme.SchemeDispatcherActivity",
            "com.cubic.choosecar.newui.fission.NewPeopleDialogActivity",
            "com.cubic.choosecar.newui.im.view.BlackListActivity",
            "com.cubic.choosecar.newui.im.view.ConversationActivity",
            "com.cubic.choosecar.newui.im.view.IMMapLocationActivity",
            "com.cubic.choosecar.newui.im.view.IMOpenNoticeActivity",
            "com.cubic.choosecar.newui.im.view.MsgAndNotifyActivity",
            "com.cubic.choosecar.newui.im.view.RateActivity",
            "com.cubic.choosecar.newui.im.view.SendLocationActivity",
            "com.cubic.choosecar.newui.im.view.sendcar.IMSelectSeriesActivity",
            "com.cubic.choosecar.newui.im.view.sendcar.IMSelectSpecActivity",
            "com.cubic.choosecar.newui.im.view.sendcard.SelectMyColleagueCardActivity",
            "com.cubic.choosecar.newui.koubei.KoubeiListActivity",
            "com.cubic.choosecar.newui.koubei.detail.KoubeiDetailActivity",
            "com.cubic.choosecar.newui.live.RedPacketRainActivity",
            "com.cubic.choosecar.newui.live.RedPacketResultActivity",
            "com.cubic.choosecar.newui.live.VideoDetailActivity",
            "com.cubic.choosecar.newui.mine.MineAllMenuActivity",
            "com.cubic.choosecar.newui.nearbyviolation.NearbyViolationActivity",
            "com.cubic.choosecar.newui.newcaronsell.NewCarOnSellActivity",
            "com.cubic.choosecar.newui.notifyremindmessage.PriceListActivity",
            "com.cubic.choosecar.newui.notifyremindmessage.view.NotifyRemindActivity",
            "com.cubic.choosecar.newui.oilwear.view.OilWearListActivity",
            "com.cubic.choosecar.newui.personhome.HomePageActivity",
            "com.cubic.choosecar.newui.pictype.PicTypeActivity",
            "com.cubic.choosecar.newui.pricepromotions.PricePromotionsActivity",
            "com.cubic.choosecar.newui.priceshare.view.DealerListActivity",
            "com.cubic.choosecar.newui.priceshare.view.MyPriceActivity",
            "com.cubic.choosecar.newui.priceshare.view.PriceShareActivity",
            "com.cubic.choosecar.newui.priceshare.view.PriceShareOverActivity",
            "com.cubic.choosecar.newui.quickmenu.QuickMenuActivity",
            "com.cubic.choosecar.newui.retroaction.RetroactionActivity",
            "com.cubic.choosecar.newui.search.SearchFavActivity",
            "com.cubic.choosecar.newui.secondhandcar.view.SecondHandCarActivity",
            "com.cubic.choosecar.newui.speccompare.view.SpecCompareListActivity",
            "com.cubic.choosecar.newui.video.VideoActivity",
            "com.cubic.choosecar.newui.video.VideoPlayerActivity",
            "com.cubic.choosecar.newui.video.comment.CommentActivity",
            "com.cubic.choosecar.newui.video.shortvideo.RecordShortVideoActivity",
            "com.cubic.choosecar.newui.video.videoeditor.EditVideoActivity",
            "com.cubic.choosecar.newui.video.videopicker.VideoSelectorActivity",
            "com.cubic.choosecar.newui.video.videoplayer.VideoListPlayerActivity",
            "com.cubic.choosecar.newui.wenda.answer.AnswerActivity",
            "com.cubic.choosecar.newui.wenda.question.AddQuestionTagActivity",
            "com.cubic.choosecar.service.baiduspeek.BaiduASRDigitalDialog",
            "com.cubic.choosecar.service.push2.HuaweiPushClickActivity",
            "com.cubic.choosecar.service.push2.OppoPushClickActivity",
            "com.cubic.choosecar.service.push2.RongPushClickActivity",
            "com.cubic.choosecar.ui.SplashActivity",
            "com.cubic.choosecar.ui.calculator.activity.BuyCarCalculatorActivity",
            "com.cubic.choosecar.ui.calculator.activity.CalculatorStartActivity",
            "com.cubic.choosecar.ui.calculator.activity.InsuranceActivity",
            "com.cubic.choosecar.ui.calculator.activity.NecessaryActivity",
            "com.cubic.choosecar.ui.car.activity.FindCarResultActivity",
            "com.cubic.choosecar.ui.car.activity.LotteryQueryWebPageActivity",
            "com.cubic.choosecar.ui.car.activity.PriceExtendDetailActivity",
            "com.cubic.choosecar.ui.car.activity.PriceExtendNecessaryActivity",
            "com.cubic.choosecar.ui.car.activity.SeriesArticleWebPageActivity",
            "com.cubic.choosecar.ui.car.activity.SeriesDealersActivity",
            "com.cubic.choosecar.ui.car.activity.SeriesPingceActivity",
            "com.cubic.choosecar.ui.car.activity.SeriesPriceActivity",
            "com.cubic.choosecar.ui.car.activity.SeriesVideosActivity",
            "com.cubic.choosecar.ui.car.activity.SpecConfigActivity",
            "com.cubic.choosecar.ui.car.activity.SpecPriceActivity",
            "com.cubic.choosecar.ui.car.activity.SuggestionsActivity",
            "com.cubic.choosecar.ui.carfilter.CarFilterActivity",
            "com.cubic.choosecar.ui.carfilter.CarSpecFilterDataFromPreActivity",
            "com.cubic.choosecar.ui.carfilter.HorizontalChoiceFiltCarActivity",
            "com.cubic.choosecar.ui.carfilter.NewCarSpecFilterActivity",
            "com.cubic.choosecar.ui.carseries.CarSeriesActivity",
            "com.cubic.choosecar.ui.carseries.activity.SeriesReviewCarActivity",
            "com.cubic.choosecar.ui.carseries.activity.SeriesReviewCarActivityNew",
            "com.cubic.choosecar.ui.carseries.activity.SeriesVideoCarActivity",
            "com.cubic.choosecar.ui.club.activity.TopicDetailActivity",
            "com.cubic.choosecar.ui.club.activity.TopicListActivity",
            "com.cubic.choosecar.ui.cpl.activity.CPLDealerOrderActivity",
            "com.cubic.choosecar.ui.cpl.activity.CPLDetailActivity",
            "com.cubic.choosecar.ui.dealer.activity.DealerHomeActivity",
            "com.cubic.choosecar.ui.dealer.activity.DealerNearbyActivity",
            "com.cubic.choosecar.ui.dealer.activity.DealerPriceActivity",
            "com.cubic.choosecar.ui.dealer.activity.DealerSellActivity",
            "com.cubic.choosecar.ui.dealer.activity.DealerSellDetailActivity",
            "com.cubic.choosecar.ui.dealer.activity.DealerSellDetailWebviewPageActivity",
            "com.cubic.choosecar.ui.dealer.activity.DealerSeriesDetailActivity",
            "com.cubic.choosecar.ui.dealer.activity.DealerServicePopActivity",
            "com.cubic.choosecar.ui.debug.activity.CommonStyleActivity",
            "com.cubic.choosecar.ui.debug.activity.DebugActivity",
            "com.cubic.choosecar.ui.debug.activity.DebugAppInfoActivity",
            "com.cubic.choosecar.ui.debug.activity.DebugWebViewActivity",
            "com.cubic.choosecar.ui.debug.activity.EventIdDetailActivity",
            "com.cubic.choosecar.ui.debug.activity.EventIdListActivity",
            "com.cubic.choosecar.ui.error.activity.DefaultErrorActivity",
            "com.cubic.choosecar.ui.error.activity.RestartActivity",
            "com.cubic.choosecar.ui.image.activity.BigImageActivity",
            "com.cubic.choosecar.ui.image.activity.BigImageNativeActivity",
            "com.cubic.choosecar.ui.image.activity.ImageActivity",
            "com.cubic.choosecar.ui.information.InformationBigImageActivity",
            "com.cubic.choosecar.ui.information.InformationDetailActivity",
            "com.cubic.choosecar.ui.information.InformationListActivity",
            "com.cubic.choosecar.ui.information.InformationVideoActivity",
            "com.cubic.choosecar.ui.koubei.activity.SpecKouBeiStopActivity",
            "com.cubic.choosecar.ui.location.DebugLocationActivity",
            "com.cubic.choosecar.ui.location.LocationCityActivity",
            "com.cubic.choosecar.ui.location.LocationSelectedActivity",
            "com.cubic.choosecar.ui.map.activity.MapActivity",
            "com.cubic.choosecar.ui.more.activity.AboutActivity",
            "com.cubic.choosecar.ui.more.activity.AdviceBigImageActivity",
            "com.cubic.choosecar.ui.more.activity.AppsActivity",
            "com.cubic.choosecar.ui.more.activity.AreaActivity",
            "com.cubic.choosecar.ui.more.activity.HeadImgActivity",
            "com.cubic.choosecar.ui.more.activity.NickNameActivity",
            "com.cubic.choosecar.ui.more.activity.PermissionContentActivity",
            "com.cubic.choosecar.ui.more.activity.PermissionSettingActivity",
            "com.cubic.choosecar.ui.more.activity.PrivateSettingActivity",
            "com.cubic.choosecar.ui.more.activity.PushSettingActivity",
            "com.cubic.choosecar.ui.more.activity.SettingActivity",
            "com.cubic.choosecar.ui.order.activity.BuyTimeActivity",
            "com.cubic.choosecar.ui.order.activity.DealOrderActivity",
            "com.cubic.choosecar.ui.order.activity.EnquiryOrderActivity",
            "com.cubic.choosecar.ui.order.activity.MyOrderListActivity",
            "com.cubic.choosecar.ui.order.activity.NewEnergyOrderActivity",
            "com.cubic.choosecar.ui.order.activity.NewEnergyOrderResultActivity",
            "com.cubic.choosecar.ui.order.activity.NewUserFreePriceDialogActivity",
            "com.cubic.choosecar.ui.order.activity.NoOrderGiveFreeReportDialogActivity",
            "com.cubic.choosecar.ui.order.activity.PlaceOrderActivity",
            "com.cubic.choosecar.ui.order.activity.SelectDealerSpecActivity",
            "com.cubic.choosecar.ui.order.activity.SubmitNormalOrderActivity",
            "com.cubic.choosecar.ui.order.activity.SubmitOrderActivity",
            "com.cubic.choosecar.ui.order.activity.SubmitOrderResultActivity",
            "com.cubic.choosecar.ui.order.activity.SubmitOrderSelectDealerActivity",
            "com.cubic.choosecar.ui.order.activity.SubmitOrderSelectItemActivity",
            "com.cubic.choosecar.ui.order.activity.SubmitOrderSelectSpecActivity",
            "com.cubic.choosecar.ui.order.activity.SubmitSeriesOrderActivity",
            "com.cubic.choosecar.ui.price.activity.PriceDetailActivity",
            "com.cubic.choosecar.ui.search.activity.NewSearchActivity",
            "com.cubic.choosecar.ui.sellcar.activity.ApplyMoneyBackActivity",
            "com.cubic.choosecar.ui.sellcar.activity.BuyFlowActivity",
            "com.cubic.choosecar.ui.sellcar.activity.EnsureActivity",
            "com.cubic.choosecar.ui.sellcar.activity.IntroductionActivity",
            "com.cubic.choosecar.ui.sellcar.activity.OrderListActivity",
            "com.cubic.choosecar.ui.sellcar.activity.SellCarOrderDetailActivity",
            "com.cubic.choosecar.ui.sellcar.activity.SellCarStepOneActivity",
            "com.cubic.choosecar.ui.sellcar.activity.SellCarStepTwoActivity",
            "com.cubic.choosecar.ui.sellcar.activity.ServiceAgreementActivity",
            "com.cubic.choosecar.ui.sellcar.activity.VerifyPhoneActivity",
            "com.cubic.choosecar.ui.series.activity.SeriesPromotionArticleActivity",
            "com.cubic.choosecar.ui.tab.activity.ExitActivity",
            "com.cubic.choosecar.ui.tab.activity.FindCarActivity",
            "com.cubic.choosecar.ui.tab.activity.HorizontalIntroduceActivity",
            "com.cubic.choosecar.ui.tab.activity.MainActivity",
            "com.cubic.choosecar.ui.tab.activity.SelectCarConditionActivity",
            "com.cubic.choosecar.ui.tab.activity.ServiceActivity",
            "com.cubic.choosecar.ui.tab.operation.OperationPopupActivity",
            "com.cubic.choosecar.ui.tools.activity.CompareSeriesActivity",
            "com.cubic.choosecar.ui.tools.activity.CompareTenActivity",
            "com.cubic.choosecar.ui.tools.activity.GarageMainActivity",
            "com.cubic.choosecar.ui.tools.activity.PinnedHeaderExpandableDaemonActivity",
            "com.cubic.choosecar.ui.tools.activity.PushH5Activity",
            "com.cubic.choosecar.ui.tools.activity.SubArticleActivity",
            "com.cubic.choosecar.ui.tools.activity.SubDealerActivity",
            "com.cubic.choosecar.ui.tools.activity.SubSeriesActivity",
            "com.cubic.choosecar.ui.tools.activity.SubSpecActivity",
            "com.cubic.choosecar.ui.tools.activity.ViewSeriesHistoryActivity",
            "com.cubic.choosecar.ui.web.activity.BasicFunctionPageActivity",
            "com.cubic.choosecar.ui.web.activity.NoSchemeWebPageActivity",
            "com.cubic.choosecar.ui.web.activity.PureWebPageActivity",
            "com.cubic.choosecar.ui.web.activity.TextViewWebPageActivity",
            "com.cubic.choosecar.ui.web.activity.WebPageActivity",
            "com.cubic.choosecar.widget.clipview.ClipImageActivity",
            "com.cubic.choosecar.widget.permission.PermissionNoticeActivity",
            "com.cubic.choosecar.widget.zxinglibrary.view.CaptureActivity",
            "com.cubic.choosecar.widget.zxinglibrary.view.PreviewScanActivity",
            "com.cubic.choosecar.wxapi.WXEntryActivity",
            "com.cubic.choosecar.wxapi.WXPayEntryActivity",
            "com.huawei.hms.activity.BridgeActivity",
            "com.huawei.hms.activity.EnableServiceActivity",
            "com.huawei.hms.support.api.push.TransActivity",
            "com.journeyapps.barcodescanner.CaptureActivity",
            "com.sina.weibo.sdk.share.ShareChatActivity",
            "com.sina.weibo.sdk.share.ShareResultActivity",
            "com.sina.weibo.sdk.share.ShareStoryActivity",
            "com.sina.weibo.sdk.share.ShareTransActivity",
            "com.sina.weibo.sdk.web.WebActivity",
            "com.tencent.connect.common.AssistActivity",
            "com.tencent.tauth.AuthActivity",
            "com.vivo.push.sdk.LinkProxyClientActivity",
            "com.xiaomi.mipush.sdk.NotificationClickedActivity",
            "io.flutter.plugins.urllauncher.WebViewActivity",
            "io.rong.push.notification.RongBridgeActivity"
        ],
        "services": [
            "com.autohome.ahblockmonitor.service.AHBlockMonitorService",
            "com.autohome.imlib.core.IMClientService",
            "com.autohome.imlib.core.IMLibService",
            "com.baidu.location.f",
            "com.baidu.speech.VoiceRecognitionService",
            "com.cubic.choosecar.service.push2.HuaweiPushService",
            "com.cubic.choosecar.service.tinker.TinkerPatchHandleService",
            "com.heytap.msp.push.service.CompatibleDataMessageCallbackService",
            "com.heytap.msp.push.service.DataMessageCallbackService",
            "com.huawei.agconnect.core.ServiceDiscovery",
            "com.huawei.hms.support.api.push.service.HmsMsgService",
            "com.tencent.tinker.lib.service.DefaultTinkerResultService",
            "com.tencent.tinker.lib.service.TinkerPatchService",
            "com.tencent.tinker.lib.service.TinkerPatchService$InnerService",
            "com.vivo.push.sdk.service.CommandClientService",
            "com.xiaomi.mipush.sdk.MessageHandleService",
            "com.xiaomi.mipush.sdk.PushMessageHandler",
            "com.xiaomi.push.service.XMJobService",
            "com.xiaomi.push.service.XMPushService",
            "io.rong.imlib.ipc.RongService",
            "io.rong.push.rongpush.PushService",
            "tinker.sample.android.service.SampleResultService"
        ],
        "receivers": [
            "com.autohome.wireless.viewtracker.internal.config.ConfigReceiver",
            "com.cubic.choosecar.service.caronwer.LoginReceiver",
            "com.cubic.choosecar.service.push2.IMNotificationReceiver",
            "com.cubic.choosecar.service.push2.PushClickReceiver",
            "com.cubic.choosecar.service.push2.VivoPushMessageReceiverImpl",
            "com.cubic.choosecar.service.push2.XiaoMiReceiver",
            "com.cubic.choosecar.wxapi.WXPayRegister",
            "com.huawei.hms.support.api.push.PushMsgReceiver",
            "com.huawei.hms.support.api.push.PushReceiver",
            "com.xiaomi.push.service.receivers.PingReceiver",
            "io.rong.imlib.ConnectChangeReceiver",
            "io.rong.imlib.HeartbeatReceiver",
            "io.rong.push.rongpush.PushReceiver"
        ],
        "permission_details": {
            "android.permission.ACCESS_COARSE_LOCATION": "dangerous",
            "android.permission.ACCESS_FINE_LOCATION": "dangerous",
            "android.permission.ACCESS_LOCATION_EXTRA_COMMANDS": "normal",
            "android.permission.ACCESS_NETWORK_STATE": "normal",
            "android.permission.ACCESS_WIFI_STATE": "normal",
            "android.permission.BROADCAST_STICKY": "normal",
            "android.permission.CAMERA": "dangerous",
            "android.permission.CHANGE_NETWORK_STATE": "normal",
            "android.permission.FLASHLIGHT": "unknown",
            "android.permission.GET_TASKS": "unlaballed",
            "android.permission.INTERNET": "normal",
            "android.permission.READ_APP_BADGE": "unknown",
            "android.permission.READ_EXTERNAL_STORAGE": "dangerous",
            "android.permission.READ_PHONE_STATE": "dangerous",
            "android.permission.READ_PRIVILEGED_PHONE_STATE": "unknown",
            "android.permission.REORDER_TASKS": "normal",
            "android.permission.REQUEST_INSTALL_PACKAGES": "signature",
            "android.permission.RUN_INSTRUMENTATION": "unknown",
            "android.permission.SYSTEM_ALERT_WINDOW": "signature",
            "android.permission.USE_CREDENTIALS": "unknown",
            "android.permission.VIBRATE": "normal",
            "android.permission.WAKE_LOCK": "normal",
            "android.permission.WRITE_EXTERNAL_STORAGE": "dangerous",
            "android.permission.WRITE_SETTINGS": "signature",
            "com.anddoes.launcher.permission.UPDATE_COUNT": "unknown",
            "com.android.launcher.permission.INSTALL_SHORTCUT": "normal",
            "com.android.launcher.permission.READ_SETTINGS": "unknown",
            "com.android.launcher.permission.UNINSTALL_SHORTCUT": "unlaballed",
            "com.asus.msa.SupplementaryDID.ACCESS": "unknown",
            "com.autohome.permissions.broadcast.AH_BROADCAST": "unknown",
            "com.coloros.mcs.permission.RECIEVE_MCS_MESSAGE": "unknown",
            "com.cubic.choosecar.permission.MIPUSH_RECEIVE": "unknown",
            "com.cubic.choosecar.permission.PROCESS_PUSH_MSG": "unknown",
            "com.cubic.choosecar.permission.PUSH_PROVIDER": "unknown",
            "com.cubic.choosecar.permission.RONG_ACCESS_RECEIVER": "unknown",
            "com.heytap.mcs.permission.RECIEVE_MCS_MESSAGE": "unknown",
            "com.htc.launcher.permission.READ_SETTINGS": "unknown",
            "com.htc.launcher.permission.UPDATE_SHORTCUT": "unknown",
            "com.huawei.android.launcher.permission.CHANGE_BADGE": "unknown",
            "com.huawei.android.launcher.permission.READ_SETTINGS": "unknown",
            "com.huawei.android.launcher.permission.WRITE_SETTINGS": "signature",
            "com.majeur.launcher.permission.UPDATE_BADGE": "unknown",
            "com.oppo.launcher.permission.READ_SETTINGS": "unknown",
            "com.oppo.launcher.permission.WRITE_SETTINGS": "signature",
            "com.sec.android.provider.badge.permission.READ": "unknown",
            "com.sec.android.provider.badge.permission.WRITE": "unknown",
            "com.sonyericsson.home.permission.BROADCAST_BADGE": "unknown",
            "com.sonymobile.home.permission.PROVIDER_INSERT_BADGE": "unknown",
            "freemme.permission.msa": "unknown",
            "freemme.permission.msa.SECURITY_ACCESS": "unknown",
            "getui.permission.GetuiService.com.cubic.choosecar": "unknown",
            "me.everything.badger.permission.BADGE_COUNT_READ": "unknown",
            "me.everything.badger.permission.BADGE_COUNT_WRITE": "unknown"
        },
        "risk_counts": {
            "dangerous": 6,
            "normal": 10,
            "unknown": 30,
            "unlaballed": 2,
            "signature": 5
        }
    },
    "stats": {
        "dex_count": 1,
        "native_lib_count": 46
    },
    "jadx": {
        "status": "ok",
        "duration_sec": 3.33,
        "sources_present": true,
        "java_file_count": 6
    },
    "ast_analysis": {
        "location": 0,
        "microphone": 0,
        "camera": 0,
        "media_projection": 0,
        "dynamic_load": 0,
        "jni": 1
    },
    "analysis_state": "complete"
}