{
    "apk_name": "20B09D1FA3A8B9CC62B4DC1E4A3DC135C29A6C702A9F41D183D3FE211789FF3D",
    "sha256": "20b09d1fa3a8b9cc62b4dc1e4a3dc135c29a6c702a9f41d183d3fe211789ff3d",
    "metadata": {
        "package_name": "com.appliedballisticsllc.appliedballistics",
        "version_code": "624",
        "version_name": "3.4.20",
        "min_sdk": "26",
        "target_sdk": "35",
        "permissions": [
            "android.permission.ACCESS_COARSE_LOCATION",
            "android.permission.ACCESS_FINE_LOCATION",
            "android.permission.ACCESS_NETWORK_STATE",
            "android.permission.ACCESS_WIFI_STATE",
            "android.permission.BLUETOOTH",
            "android.permission.BLUETOOTH_ADMIN",
            "android.permission.BLUETOOTH_CONNECT",
            "android.permission.BLUETOOTH_SCAN",
            "android.permission.CAMERA",
            "android.permission.FOREGROUND_SERVICE",
            "android.permission.FOREGROUND_SERVICE_CONNECTED_DEVICE",
            "android.permission.INTERNET",
            "android.permission.NFC",
            "android.permission.POST_NOTIFICATIONS",
            "android.permission.READ_EXTERNAL_STORAGE",
            "android.permission.RECEIVE_BOOT_COMPLETED",
            "android.permission.VIBRATE",
            "android.permission.WAKE_LOCK",
            "android.permission.WRITE_EXTERNAL_STORAGE",
            "com.android.vending.BILLING",
            "com.appliedballisticsllc.appliedballistics.DYNAMIC_RECEIVER_NOT_EXPORTED_PERMISSION",
            "com.google.android.c2dm.permission.RECEIVE"
        ],
        "activities": [
            "com.android.billingclient.api.ProxyBillingActivity",
            "com.android.billingclient.api.ProxyBillingActivityV2",
            "com.appliedballisticsllc.appliedballistics.HUDActivity",
            "com.appliedballisticsllc.appliedballistics.MainActivity",
            "com.appliedballisticsllc.appliedballistics.OptInActivity",
            "com.appliedballisticsllc.appliedballistics.SettingsActivity",
            "com.appliedballisticsllc.appliedballistics.SplashScreenActivity",
            "com.appliedballisticsllc.appliedballistics.camera.AzIncCameraActivity",
            "com.appliedballisticsllc.appliedballistics.devices.DeviceListActivity",
            "com.appliedballisticsllc.appliedballistics.devices.DeviceSettings",
            "com.appliedballisticsllc.appliedballistics.devices.EnvironmentSelectionActivity",
            "com.appliedballisticsllc.appliedballistics.devices.GenericDeviceSettings",
            "com.appliedballisticsllc.appliedballistics.devices.MavenDeviceSettings",
            "com.appliedballisticsllc.appliedballistics.learn.LearnActivity",
            "com.appliedballisticsllc.appliedballistics.matches.MatchEditorActivity",
            "com.appliedballisticsllc.appliedballistics.matches.MatchListActivity",
            "com.appliedballisticsllc.appliedballistics.podcasts.PodcastListActivity",
            "com.appliedballisticsllc.appliedballistics.podcasts.PodcastWatchActivity",
            "com.appliedballisticsllc.appliedballistics.profiles.ProfileEditorActivity",
            "com.appliedballisticsllc.appliedballistics.profiles.ProfileListActivity",
            "com.appliedballisticsllc.appliedballistics.profiles.ProfileRecoveryActivity",
            "com.appliedballisticsllc.appliedballistics.speedtracker.SpeedtrackerCaptureActivity",
            "com.appliedballisticsllc.appliedballistics.speedtracker.SpeedtrackerEditActivity",
            "com.appliedballisticsllc.appliedballistics.speedtracker.SpeedtrackerListActivity",
            "com.appliedballisticsllc.appliedballistics.speedtracker.SpeedtrackerSettings",
            "com.appliedballisticsllc.appliedballistics.speedtracker.SpeedtrackerShotViewerActivity",
            "com.appliedballisticsllc.appliedballistics.spotter.SpotterActivity",
            "com.facebook.CustomTabActivity",
            "com.facebook.FacebookActivity",
            "com.firebase.ui.auth.KickoffActivity",
            "com.firebase.ui.auth.ui.credentials.CredentialSaveActivity",
            "com.firebase.ui.auth.ui.email.EmailActivity",
            "com.firebase.ui.auth.ui.email.EmailLinkCatcherActivity",
            "com.firebase.ui.auth.ui.email.EmailLinkErrorRecoveryActivity",
            "com.firebase.ui.auth.ui.email.RecoverPasswordActivity",
            "com.firebase.ui.auth.ui.email.WelcomeBackEmailLinkPrompt",
            "com.firebase.ui.auth.ui.email.WelcomeBackPasswordPrompt",
            "com.firebase.ui.auth.ui.idp.AuthMethodPickerActivity",
            "com.firebase.ui.auth.ui.idp.SingleSignInActivity",
            "com.firebase.ui.auth.ui.idp.WelcomeBackIdpPrompt",
            "com.firebase.ui.auth.ui.phone.PhoneActivity",
            "com.google.android.gms.auth.api.signin.internal.SignInHubActivity",
            "com.google.android.gms.common.api.GoogleApiActivity",
            "com.google.android.play.core.common.PlayCoreDialogWrapperActivity",
            "com.google.firebase.auth.internal.GenericIdpActivity",
            "com.google.firebase.auth.internal.RecaptchaActivity",
            "com.google.mlkit.vision.codescanner.internal.GmsBarcodeScanningDelegateActivity",
            "com.journeyapps.barcodescanner.CaptureActivity",
            "com.nvisti.common.Eula.EulaActivity",
            "com.nvisti.common.Eula.EulaLoading",
            "com.nvisti.common.Reticle.ReticleSelectBrand",
            "com.nvisti.common.Reticle.ReticleSelectReticle",
            "com.nvisti.common.Reticle.ReticleSelectScope",
            "com.nvisti.common.auth.SignOn",
            "com.nvisti.common.bulletlibrary.AmmoSelectAbxBullet",
            "com.nvisti.common.bulletlibrary.AmmoSelectBullet",
            "com.nvisti.common.bulletlibrary.AmmoSelectCaliber",
            "com.nvisti.common.bulletlibrary.AmmoSelectManufacturer",
            "com.nvisti.common.firmware.FirmwareUpdater",
            "com.nvisti.common.profile.ProfileDiffActivity",
            "com.nvisti.common.profile.ProfileEditorActivity",
            "com.nvisti.common.profile.ProfileListActivity",
            "com.nvisti.common.profile.ProfileSelectActivity",
            "com.nvisti.common.qr.QRGalleryHandlerActivity",
            "com.nvisti.common.qr.QrCodeActivity"
        ],
        "services": [
            "androidx.camera.core.impl.MetadataHolderService",
            "androidx.room.MultiInstanceInvalidationService",
            "androidx.work.impl.background.systemalarm.SystemAlarmService",
            "androidx.work.impl.background.systemjob.SystemJobService",
            "androidx.work.impl.foreground.SystemForegroundService",
            "com.appliedballisticsllc.appliedballistics.managers.ABForegroundService",
            "com.google.android.datatransport.runtime.backends.TransportBackendDiscovery",
            "com.google.android.datatransport.runtime.scheduling.jobscheduling.JobInfoSchedulerService",
            "com.google.android.gms.auth.api.signin.RevocationBoundService",
            "com.google.firebase.components.ComponentDiscoveryService",
            "com.google.firebase.messaging.FirebaseMessagingService",
            "com.google.mlkit.common.internal.MlKitComponentDiscoveryService",
            "com.nvisti.common.auth.ABFirebaseTokenService",
            "com.nvisti.common.bluetooth.BluetoothLeService",
            "com.nvisti.common.firmware.BluetoothLeFirmwareService",
            "com.nvisti.common.firmware.FirmwareUpdateService"
        ],
        "receivers": [
            "androidx.profileinstaller.ProfileInstallReceiver",
            "androidx.work.impl.background.systemalarm.ConstraintProxy$BatteryChargingProxy",
            "androidx.work.impl.background.systemalarm.ConstraintProxy$BatteryNotLowProxy",
            "androidx.work.impl.background.systemalarm.ConstraintProxy$NetworkStateProxy",
            "androidx.work.impl.background.systemalarm.ConstraintProxy$StorageNotLowProxy",
            "androidx.work.impl.background.systemalarm.ConstraintProxyUpdateReceiver",
            "androidx.work.impl.background.systemalarm.RescheduleReceiver",
            "androidx.work.impl.diagnostics.DiagnosticsReceiver",
            "androidx.work.impl.utils.ForceStopRunnable$BroadcastReceiver",
            "com.google.android.datatransport.runtime.scheduling.jobscheduling.AlarmManagerSchedulerBroadcastReceiver",
            "com.google.firebase.iid.FirebaseInstanceIdReceiver"
        ],
        "permission_details": {
            "android.permission.ACCESS_COARSE_LOCATION": "dangerous",
            "android.permission.ACCESS_FINE_LOCATION": "dangerous",
            "android.permission.ACCESS_NETWORK_STATE": "normal",
            "android.permission.ACCESS_WIFI_STATE": "normal",
            "android.permission.BLUETOOTH": "normal",
            "android.permission.BLUETOOTH_ADMIN": "normal",
            "android.permission.BLUETOOTH_CONNECT": "dangerous",
            "android.permission.BLUETOOTH_SCAN": "dangerous",
            "android.permission.CAMERA": "dangerous",
            "android.permission.FOREGROUND_SERVICE": "normal",
            "android.permission.FOREGROUND_SERVICE_CONNECTED_DEVICE": "normal",
            "android.permission.INTERNET": "normal",
            "android.permission.NFC": "normal",
            "android.permission.POST_NOTIFICATIONS": "dangerous",
            "android.permission.READ_EXTERNAL_STORAGE": "dangerous",
            "android.permission.RECEIVE_BOOT_COMPLETED": "normal",
            "android.permission.VIBRATE": "normal",
            "android.permission.WAKE_LOCK": "normal",
            "android.permission.WRITE_EXTERNAL_STORAGE": "dangerous",
            "com.android.vending.BILLING": "unknown",
            "com.appliedballisticsllc.appliedballistics.DYNAMIC_RECEIVER_NOT_EXPORTED_PERMISSION": "unknown",
            "com.google.android.c2dm.permission.RECEIVE": "unknown"
        },
        "risk_counts": {
            "dangerous": 8,
            "normal": 11,
            "unknown": 3
        }
    },
    "stats": {
        "dex_count": 4,
        "native_lib_count": 15
    },
    "jadx": {
        "status": "ok",
        "duration_sec": 140.27,
        "sources_present": true,
        "java_file_count": 16216
    },
    "ast_analysis": {
        "location": 23,
        "microphone": 2,
        "camera": 85,
        "media_projection": 0,
        "dynamic_load": 0,
        "jni": 5
    },
    "analysis_state": "complete"
}