{
    "java_files": [
        "com/yuantiku/tutor/R.java",
        "com/qihoo/util/QHDialog.java",
        "com/qihoo/util/QHClassLoader.java",
        "com/qihoo/util/Configuration.java",
        "com/qihoo/util/b.java",
        "com/qihoo/util/a.java",
        "com/qihoo/util/c.java",
        "com/stub/StubApp.java"
    ],
    "ast_hits_by_file": {
        "location": [],
        "microphone": [],
        "camera": [
            "com/qihoo/util/c.java",
            "com/qihoo/util/c.java"
        ],
        "media_projection": [],
        "dynamic_load": [],
        "jni": []
    },
    "native_libs": [
        "lib/armeabi-v7a/libBugly.so",
        "lib/armeabi-v7a/libContentEncoder.so",
        "lib/armeabi-v7a/libDictationProcess.so",
        "lib/armeabi-v7a/libRedressProcess.so",
        "lib/armeabi-v7a/libRequestEncoder.so",
        "lib/armeabi-v7a/libanimation-decoder-gif.so",
        "lib/armeabi-v7a/libapecrypto.so",
        "lib/armeabi-v7a/libapetex.so",
        "lib/armeabi-v7a/libapp.so",
        "lib/armeabi-v7a/libaudio-aac-enc.so",
        "lib/armeabi-v7a/libaudioenc.so",
        "lib/armeabi-v7a/libbsPatch.so",
        "lib/armeabi-v7a/libc++_shared.so",
        "lib/armeabi-v7a/libchrome_crashpad_handler.so",
        "lib/armeabi-v7a/libcocos2dlua.so",
        "lib/armeabi-v7a/libcontent_shell_content_view.so",
        "lib/armeabi-v7a/libeffect.so",
        "lib/armeabi-v7a/libeffect_proxy.so",
        "lib/armeabi-v7a/libengine_jni.so",
        "lib/armeabi-v7a/libflutter.so",
        "lib/armeabi-v7a/libgifimage.so",
        "lib/armeabi-v7a/libglide-webp.so",
        "lib/armeabi-v7a/libhyphenate.so",
        "lib/armeabi-v7a/libimagepipeline.so",
        "lib/armeabi-v7a/libjiagu.so",
        "lib/armeabi-v7a/libjiagu_x86.so",
        "lib/armeabi-v7a/libkoom-java.so",
        "lib/armeabi-v7a/libkwai-linker.so",
        "lib/armeabi-v7a/libmmkv.so",
        "lib/armeabi-v7a/libmupdf_java.so",
        "lib/armeabi-v7a/libnative-filters.so",
        "lib/armeabi-v7a/libnative-imagetranscoder.so",
        "lib/armeabi-v7a/libopenal.so",
        "lib/armeabi-v7a/libpl_droidsonroids_gif.so",
        "lib/armeabi-v7a/libscriptV2.so",
        "lib/armeabi-v7a/libsecsdk.so",
        "lib/armeabi-v7a/libsentry-android.so",
        "lib/armeabi-v7a/libsentry.so",
        "lib/armeabi-v7a/libsgavmp.so",
        "lib/armeabi-v7a/libsgmain.so",
        "lib/armeabi-v7a/libsgmainso-5.4.193.so",
        "lib/armeabi-v7a/libsgsecuritybody.so",
        "lib/armeabi-v7a/libsgsecuritybodyso-5.4.112.so",
        "lib/armeabi-v7a/libsqlite.so",
        "lib/armeabi-v7a/libstatic-webp.so",
        "lib/armeabi-v7a/libtensorflowlite_jni.so",
        "lib/armeabi-v7a/libweibosdkcore.so",
        "lib/armeabi-v7a/libxhook_lib.so"
    ],
    "dex_files_count": 1,
    "exported_components": {
        "activities": [
            "com.alipay.sdk.app.APayEntranceActivity",
            "com.alipay.sdk.app.AlipayResultActivity",
            "com.alipay.sdk.app.H5AuthActivity",
            "com.alipay.sdk.app.H5OpenAuthActivity",
            "com.alipay.sdk.app.H5PayActivity",
            "com.alipay.sdk.app.PayResultActivity",
            "com.cmic.sso.sdk.activity.LoginAuthActivity",
            "com.fenbi.android.leo.imgsearch.sdk.activity.CheckCameraActivity",
            "com.fenbi.android.leo.imgsearch.sdk.activity.CheckGuideResultActivity",
            "com.fenbi.android.leo.imgsearch.sdk.activity.CheckScanActivity",
            "com.fenbi.android.leo.imgsearch.sdk.activity.ChineseContextPinyinDetailActivity",
            "com.fenbi.android.leo.imgsearch.sdk.activity.ClipOralImageGalleryActivity",
            "com.fenbi.android.leo.imgsearch.sdk.activity.CompositionDetailActivity",
            "com.fenbi.android.leo.imgsearch.sdk.check.CheckResultActivity",
            "com.fenbi.android.leo.imgsearch.sdk.userupload.CustomCheckConfirmPictureActivity",
            "com.fenbi.android.leo.imgsearch.sdk.userupload.CustomCheckQrScanActivity",
            "com.fenbi.android.leo.imgsearch.sdk.userupload.SelectCameraActivity",
            "com.fenbi.android.leo.imgsearch.sdk.userupload.UserUploadExerciseActivity",
            "com.fenbi.android.solar.common.activity.ImagePreviewActivity",
            "com.fenbi.android.solar.common.activity.SolarWebPageActivity",
            "com.fenbi.android.solar.push.huawei.HuaweiDeepLinkActivity",
            "com.fenbi.android.solar.push.oppo.component.OppoLoadActivity",
            "com.fenbi.android.solar.share.dingding.DDShareActivity",
            "com.fenbi.android.solar.share.dingding.DDShareFileRouterActivity",
            "com.fenbi.android.solar.share.qq.QQFileShareRouterActivity",
            "com.fenbi.android.solar.share.qq.QQShareRouterActivity",
            "com.fenbi.android.solar.share.wechat.WXEntryActivity",
            "com.fenbi.payment.PaymentActivity",
            "com.fenbi.permission.android.leo.activity.PermissionRequestActivity",
            "com.fenbi.tutor.exercise.webview.activity.ExerciseWebViewActivity",
            "com.fenbi.tutor.live.activity.ConfirmDialogActivity",
            "com.fenbi.tutor.live.common.base.ReusingActivity",
            "com.fenbi.tutor.live.common.base.ReusingLandscapeFullscreenActivity",
            "com.fenbi.tutor.live.module.fullwidthinput.FullWidthInputActivity",
            "com.fenbi.tutor.live.room.container.RoomActivity",
            "com.fenbi.tutor.live.room.livesell.LiveSellRoomActivity",
            "com.fenbi.tutor.qqwalletapi.QQWalletPayEntryActivity",
            "com.fenbi.tutor.wxapi.WXPayEntryActivity",
            "com.google.android.gms.auth.api.signin.internal.SignInHubActivity",
            "com.google.android.gms.common.api.GoogleApiActivity",
            "com.huawei.hms.activity.BridgeActivity",
            "com.huawei.hms.activity.EnableServiceActivity",
            "com.huawei.updatesdk.service.otaupdate.AppUpdateActivity",
            "com.huawei.updatesdk.support.pm.PackageInstallerActivity",
            "com.journeyapps.barcodescanner.CaptureActivity",
            "com.sina.weibo.sdk.component.WeiboSdkBrowser",
            "com.tencent.bugly.beta.ui.BetaActiveAlertActivity",
            "com.tencent.bugly.beta.ui.BetaActivity",
            "com.tencent.connect.common.AssistActivity",
            "com.tencent.tauth.AuthActivity",
            "com.tencent.tinker.loader.hotplug.ActivityStubs$SGTKStub_00",
            "com.tencent.tinker.loader.hotplug.ActivityStubs$SGTKStub_00_T",
            "com.tencent.tinker.loader.hotplug.ActivityStubs$SGTKStub_01",
            "com.tencent.tinker.loader.hotplug.ActivityStubs$SGTKStub_01_T",
            "com.tencent.tinker.loader.hotplug.ActivityStubs$SGTKStub_02",
            "com.tencent.tinker.loader.hotplug.ActivityStubs$SGTKStub_02_T",
            "com.tencent.tinker.loader.hotplug.ActivityStubs$SGTKStub_03",
            "com.tencent.tinker.loader.hotplug.ActivityStubs$SGTKStub_04",
            "com.tencent.tinker.loader.hotplug.ActivityStubs$SGTKStub_05",
            "com.tencent.tinker.loader.hotplug.ActivityStubs$SGTKStub_06",
            "com.tencent.tinker.loader.hotplug.ActivityStubs$SGTKStub_07",
            "com.tencent.tinker.loader.hotplug.ActivityStubs$SGTKStub_08",
            "com.tencent.tinker.loader.hotplug.ActivityStubs$SGTKStub_09",
            "com.tencent.tinker.loader.hotplug.ActivityStubs$SGTStub_00",
            "com.tencent.tinker.loader.hotplug.ActivityStubs$SGTStub_00_T",
            "com.tencent.tinker.loader.hotplug.ActivityStubs$SGTStub_01",
            "com.tencent.tinker.loader.hotplug.ActivityStubs$SGTStub_01_T",
            "com.tencent.tinker.loader.hotplug.ActivityStubs$SGTStub_02",
            "com.tencent.tinker.loader.hotplug.ActivityStubs$SGTStub_02_T",
            "com.tencent.tinker.loader.hotplug.ActivityStubs$SGTStub_03",
            "com.tencent.tinker.loader.hotplug.ActivityStubs$SGTStub_04",
            "com.tencent.tinker.loader.hotplug.ActivityStubs$SGTStub_05",
            "com.tencent.tinker.loader.hotplug.ActivityStubs$SGTStub_06",
            "com.tencent.tinker.loader.hotplug.ActivityStubs$SGTStub_07",
            "com.tencent.tinker.loader.hotplug.ActivityStubs$SGTStub_08",
            "com.tencent.tinker.loader.hotplug.ActivityStubs$SGTStub_09",
            "com.tencent.tinker.loader.hotplug.ActivityStubs$SIStub_00",
            "com.tencent.tinker.loader.hotplug.ActivityStubs$SIStub_00_T",
            "com.tencent.tinker.loader.hotplug.ActivityStubs$SIStub_01",
            "com.tencent.tinker.loader.hotplug.ActivityStubs$SIStub_01_T",
            "com.tencent.tinker.loader.hotplug.ActivityStubs$SIStub_02",
            "com.tencent.tinker.loader.hotplug.ActivityStubs$SIStub_02_T",
            "com.tencent.tinker.loader.hotplug.ActivityStubs$SIStub_03",
            "com.tencent.tinker.loader.hotplug.ActivityStubs$SIStub_04",
            "com.tencent.tinker.loader.hotplug.ActivityStubs$SIStub_05",
            "com.tencent.tinker.loader.hotplug.ActivityStubs$SIStub_06",
            "com.tencent.tinker.loader.hotplug.ActivityStubs$SIStub_07",
            "com.tencent.tinker.loader.hotplug.ActivityStubs$SIStub_08",
            "com.tencent.tinker.loader.hotplug.ActivityStubs$SIStub_09",
            "com.tencent.tinker.loader.hotplug.ActivityStubs$STDStub_00",
            "com.tencent.tinker.loader.hotplug.ActivityStubs$STDStub_00_T",
            "com.tencent.tinker.loader.hotplug.ActivityStubs$STDStub_01",
            "com.tencent.tinker.loader.hotplug.ActivityStubs$STDStub_01_T",
            "com.tencent.tinker.loader.hotplug.ActivityStubs$STDStub_02",
            "com.tencent.tinker.loader.hotplug.ActivityStubs$STDStub_02_T",
            "com.tencent.tinker.loader.hotplug.ActivityStubs$STDStub_03",
            "com.tencent.tinker.loader.hotplug.ActivityStubs$STDStub_04",
            "com.tencent.tinker.loader.hotplug.ActivityStubs$STDStub_05",
            "com.tencent.tinker.loader.hotplug.ActivityStubs$STDStub_06",
            "com.tencent.tinker.loader.hotplug.ActivityStubs$STDStub_07",
            "com.tencent.tinker.loader.hotplug.ActivityStubs$STDStub_08",
            "com.tencent.tinker.loader.hotplug.ActivityStubs$STDStub_09",
            "com.yuanfudao.android.vgo.webapp.GeneralShareWebAppActivity",
            "com.yuanfudao.customerservice.EaseShowBigImageActivity",
            "com.yuanfudao.customerservice.LandEaseShowBigImageActivity",
            "com.yuanfudao.tutor.activity.HomeActivity",
            "com.yuanfudao.tutor.activity.PadHomeActivity",
            "com.yuanfudao.tutor.activity.ProjectMainActivity",
            "com.yuanfudao.tutor.activity.TutorEntryActivity",
            "com.yuanfudao.tutor.android.live.sdk.internal.enterroom.RouterActivity",
            "com.yuanfudao.tutor.flutter.tt_router.FaradayActivity",
            "com.yuanfudao.tutor.infra.activity.LandReusingActivity",
            "com.yuanfudao.tutor.infra.activity.ReusingActivity",
            "com.yuanfudao.tutor.infra.activity.ReusingLandscapeFullscreenActivity",
            "com.yuanfudao.tutor.infra.activity.ReusingLandscapeLockedFullScreenActivity",
            "com.yuanfudao.tutor.infra.activity.ReusingOrientationActivity",
            "com.yuanfudao.tutor.infra.activity.ReusingOrientationLockedActivity",
            "com.yuanfudao.tutor.infra.activity.TransparentReusingActivity",
            "com.yuanfudao.tutor.infra.share.support.LandReusingShareActivity",
            "com.yuanfudao.tutor.infra.share.support.ReusingShareActivity",
            "com.yuanfudao.tutor.module.expand.PadExpandActivity",
            "com.yuanfudao.tutor.module.flutter.container.TutorFlutterActivity",
            "com.yuanfudao.tutor.module.flutter.container.TutorLandFlutterActivity",
            "com.yuanfudao.tutor.module.splash.SplashActivity",
            "com.yuantiku.android.common.imagecrop.CropImageActivity",
            "com.yuantiku.tutor.WBShareActivity",
            "com.yuantiku.tutor.wxapi.WXEntryActivity",
            "com.zhihu.matisse.internal.ui.AlbumPreviewActivity",
            "com.zhihu.matisse.internal.ui.SelectedPreviewActivity",
            "com.zhihu.matisse.ui.MatisseActivity",
            "pub.devrel.easypermissions.AppSettingsDialogHolderActivity"
        ],
        "services": [
            "androidx.room.MultiInstanceInvalidationService",
            "com.amap.api.location.APSService",
            "com.fenbi.android.solar.push.huawei.HuaweiPushMessageService",
            "com.fenbi.android.solar.push.oppo.component.AppPushMessageService",
            "com.fenbi.android.solar.push.oppo.component.PushMessageService",
            "com.fenbi.tutor.hybrid.webapp.download.webapp.BsPatchService",
            "com.fenbi.tutor.live.module.notification.LiveNotificationListenerService",
            "com.google.android.gms.auth.api.signin.RevocationBoundService",
            "com.heytap.msp.push.service.CompatibleDataMessageCallbackService",
            "com.heytap.msp.push.service.DataMessageCallbackService",
            "com.huawei.agconnect.core.ServiceDiscovery",
            "com.huawei.hms.support.api.push.service.HmsMsgService",
            "com.hyphenate.chat.EMChatService",
            "com.kwai.koom.javaoom.analysis.HeapAnalyzeService",
            "com.tencent.bugly.beta.tinker.TinkerResultService",
            "com.tencent.tinker.lib.service.DefaultTinkerResultService",
            "com.tencent.tinker.lib.service.TinkerPatchForeService",
            "com.tencent.tinker.lib.service.TinkerPatchService",
            "com.tencent.tinker.lib.service.TinkerPatchService$InnerService",
            "com.xiaomi.mipush.sdk.MessageHandleService",
            "com.xiaomi.mipush.sdk.PushMessageHandler",
            "com.xiaomi.push.service.XMJobService",
            "com.xiaomi.push.service.XMPushService",
            "com.yuanfudao.tutor.component.service.appinit.AppInitService",
            "com.yuanfudao.tutor.module.offlinecache.service.OfflineCacheService",
            "com.yuanfudao.tutor.support.UpgradeDownloadService",
            "org.chromium.content.app.YfdPrivilegedProcessService0",
            "org.chromium.content.app.YfdPrivilegedProcessService1",
            "org.chromium.content.app.YfdPrivilegedProcessService2",
            "org.chromium.content.app.YfdPrivilegedProcessService3",
            "org.chromium.content.app.YfdPrivilegedProcessService4",
            "org.chromium.content.app.YfdSandboxedProcessService0",
            "org.chromium.content.app.YfdSandboxedProcessService1",
            "org.chromium.content_shell_apk.ChildProcessLauncherTestHelperService",
            "org.chromium.content_shell_apk.TestChildProcessService0",
            "org.chromium.content_shell_apk.TestChildProcessService1"
        ],
        "receivers": [
            "com.fenbi.android.solar.push.xiaomi.MiPushMessageReceiver",
            "com.huawei.hms.support.api.push.PushMsgReceiver",
            "com.huawei.hms.support.api.push.PushReceiver",
            "com.hyphenate.chat.EMMonitorReceiver",
            "com.xiaomi.push.service.receivers.NetworkStatusReceiver",
            "com.xiaomi.push.service.receivers.PingReceiver"
        ]
    }
}