{
    "apk_name": "8D2F7D02658E0F60559AD77F45A70A6F396007A0FA3D655D33AE1133FF9228ED",
    "sha256": "8d2f7d02658e0f60559ad77f45a70a6f396007a0fa3d655d33ae1133ff9228ed",
    "metadata": {
        "package_name": "com.yuantiku.tutor",
        "version_code": "7570000",
        "version_name": "7.57.0",
        "min_sdk": "21",
        "target_sdk": "28",
        "permissions": [
            "android.permission.ACCESS_COARSE_LOCATION",
            "android.permission.ACCESS_FINE_LOCATION",
            "android.permission.ACCESS_LOCATION_EXTRA_COMMANDS",
            "android.permission.ACCESS_NETWORK_STATE",
            "android.permission.ACCESS_NOTIFICATION_POLICY",
            "android.permission.ACCESS_WIFI_STATE",
            "android.permission.BLUETOOTH",
            "android.permission.CAMERA",
            "android.permission.CHANGE_NETWORK_STATE",
            "android.permission.CHANGE_WIFI_STATE",
            "android.permission.DOWNLOAD_WITHOUT_NOTIFICATION",
            "android.permission.FOREGROUND_SERVICE",
            "android.permission.INTERNET",
            "android.permission.MODIFY_AUDIO_SETTINGS",
            "android.permission.READ_EXTERNAL_STORAGE",
            "android.permission.READ_PHONE_STATE",
            "android.permission.RECEIVE_BOOT_COMPLETED",
            "android.permission.RECORD_AUDIO",
            "android.permission.REORDER_TASKS",
            "android.permission.REQUEST_INSTALL_PACKAGES",
            "android.permission.VIBRATE",
            "android.permission.WAKE_LOCK",
            "android.permission.WRITE_EXTERNAL_STORAGE",
            "com.asus.msa.SupplementaryDID.ACCESS",
            "com.coloros.mcs.permission.RECIEVE_MCS_MESSAGE",
            "com.fenbi.android.gaozhong.permission.SHARED_ACCOUNT",
            "com.fenbi.android.solar.permission.SHARED_ACCOUNT",
            "com.heytap.mcs.permission.RECIEVE_MCS_MESSAGE",
            "com.huawei.appmarket.service.commondata.permission.GET_COMMON_DATA",
            "com.yuantiku.tutor.permission.MIPUSH_RECEIVE",
            "com.yuantiku.tutor.permission.PROCESS_PUSH_MSG",
            "com.yuantiku.tutor.permission.PUSH_PROVIDER",
            "freemme.permission.msa"
        ],
        "activities": [
            "com.alipay.sdk.app.APayEntranceActivity",
            "com.alipay.sdk.app.AlipayResultActivity",
            "com.alipay.sdk.app.H5AuthActivity",
            "com.alipay.sdk.app.H5OpenAuthActivity",
            "com.alipay.sdk.app.H5PayActivity",
            "com.alipay.sdk.app.PayResultActivity",
            "com.cmic.sso.sdk.activity.LoginAuthActivity",
            "com.fenbi.android.leo.imgsearch.sdk.activity.CheckCameraActivity",
            "com.fenbi.android.leo.imgsearch.sdk.activity.CheckGuideResultActivity",
            "com.fenbi.android.leo.imgsearch.sdk.activity.CheckScanActivity",
            "com.fenbi.android.leo.imgsearch.sdk.activity.ChineseContextPinyinDetailActivity",
            "com.fenbi.android.leo.imgsearch.sdk.activity.ClipOralImageGalleryActivity",
            "com.fenbi.android.leo.imgsearch.sdk.activity.CompositionDetailActivity",
            "com.fenbi.android.leo.imgsearch.sdk.check.CheckResultActivity",
            "com.fenbi.android.leo.imgsearch.sdk.userupload.CustomCheckConfirmPictureActivity",
            "com.fenbi.android.leo.imgsearch.sdk.userupload.CustomCheckQrScanActivity",
            "com.fenbi.android.leo.imgsearch.sdk.userupload.SelectCameraActivity",
            "com.fenbi.android.leo.imgsearch.sdk.userupload.UserUploadExerciseActivity",
            "com.fenbi.android.solar.common.activity.ImagePreviewActivity",
            "com.fenbi.android.solar.common.activity.SolarWebPageActivity",
            "com.fenbi.android.solar.push.huawei.HuaweiDeepLinkActivity",
            "com.fenbi.android.solar.push.oppo.component.OppoLoadActivity",
            "com.fenbi.android.solar.share.dingding.DDShareActivity",
            "com.fenbi.android.solar.share.dingding.DDShareFileRouterActivity",
            "com.fenbi.android.solar.share.qq.QQFileShareRouterActivity",
            "com.fenbi.android.solar.share.qq.QQShareRouterActivity",
            "com.fenbi.android.solar.share.wechat.WXEntryActivity",
            "com.fenbi.payment.PaymentActivity",
            "com.fenbi.permission.android.leo.activity.PermissionRequestActivity",
            "com.fenbi.tutor.exercise.webview.activity.ExerciseWebViewActivity",
            "com.fenbi.tutor.live.activity.ConfirmDialogActivity",
            "com.fenbi.tutor.live.common.base.ReusingActivity",
            "com.fenbi.tutor.live.common.base.ReusingLandscapeFullscreenActivity",
            "com.fenbi.tutor.live.module.fullwidthinput.FullWidthInputActivity",
            "com.fenbi.tutor.live.room.container.RoomActivity",
            "com.fenbi.tutor.live.room.livesell.LiveSellRoomActivity",
            "com.fenbi.tutor.qqwalletapi.QQWalletPayEntryActivity",
            "com.fenbi.tutor.wxapi.WXPayEntryActivity",
            "com.google.android.gms.auth.api.signin.internal.SignInHubActivity",
            "com.google.android.gms.common.api.GoogleApiActivity",
            "com.huawei.hms.activity.BridgeActivity",
            "com.huawei.hms.activity.EnableServiceActivity",
            "com.huawei.updatesdk.service.otaupdate.AppUpdateActivity",
            "com.huawei.updatesdk.support.pm.PackageInstallerActivity",
            "com.journeyapps.barcodescanner.CaptureActivity",
            "com.sina.weibo.sdk.component.WeiboSdkBrowser",
            "com.tencent.bugly.beta.ui.BetaActiveAlertActivity",
            "com.tencent.bugly.beta.ui.BetaActivity",
            "com.tencent.connect.common.AssistActivity",
            "com.tencent.tauth.AuthActivity",
            "com.tencent.tinker.loader.hotplug.ActivityStubs$SGTKStub_00",
            "com.tencent.tinker.loader.hotplug.ActivityStubs$SGTKStub_00_T",
            "com.tencent.tinker.loader.hotplug.ActivityStubs$SGTKStub_01",
            "com.tencent.tinker.loader.hotplug.ActivityStubs$SGTKStub_01_T",
            "com.tencent.tinker.loader.hotplug.ActivityStubs$SGTKStub_02",
            "com.tencent.tinker.loader.hotplug.ActivityStubs$SGTKStub_02_T",
            "com.tencent.tinker.loader.hotplug.ActivityStubs$SGTKStub_03",
            "com.tencent.tinker.loader.hotplug.ActivityStubs$SGTKStub_04",
            "com.tencent.tinker.loader.hotplug.ActivityStubs$SGTKStub_05",
            "com.tencent.tinker.loader.hotplug.ActivityStubs$SGTKStub_06",
            "com.tencent.tinker.loader.hotplug.ActivityStubs$SGTKStub_07",
            "com.tencent.tinker.loader.hotplug.ActivityStubs$SGTKStub_08",
            "com.tencent.tinker.loader.hotplug.ActivityStubs$SGTKStub_09",
            "com.tencent.tinker.loader.hotplug.ActivityStubs$SGTStub_00",
            "com.tencent.tinker.loader.hotplug.ActivityStubs$SGTStub_00_T",
            "com.tencent.tinker.loader.hotplug.ActivityStubs$SGTStub_01",
            "com.tencent.tinker.loader.hotplug.ActivityStubs$SGTStub_01_T",
            "com.tencent.tinker.loader.hotplug.ActivityStubs$SGTStub_02",
            "com.tencent.tinker.loader.hotplug.ActivityStubs$SGTStub_02_T",
            "com.tencent.tinker.loader.hotplug.ActivityStubs$SGTStub_03",
            "com.tencent.tinker.loader.hotplug.ActivityStubs$SGTStub_04",
            "com.tencent.tinker.loader.hotplug.ActivityStubs$SGTStub_05",
            "com.tencent.tinker.loader.hotplug.ActivityStubs$SGTStub_06",
            "com.tencent.tinker.loader.hotplug.ActivityStubs$SGTStub_07",
            "com.tencent.tinker.loader.hotplug.ActivityStubs$SGTStub_08",
            "com.tencent.tinker.loader.hotplug.ActivityStubs$SGTStub_09",
            "com.tencent.tinker.loader.hotplug.ActivityStubs$SIStub_00",
            "com.tencent.tinker.loader.hotplug.ActivityStubs$SIStub_00_T",
            "com.tencent.tinker.loader.hotplug.ActivityStubs$SIStub_01",
            "com.tencent.tinker.loader.hotplug.ActivityStubs$SIStub_01_T",
            "com.tencent.tinker.loader.hotplug.ActivityStubs$SIStub_02",
            "com.tencent.tinker.loader.hotplug.ActivityStubs$SIStub_02_T",
            "com.tencent.tinker.loader.hotplug.ActivityStubs$SIStub_03",
            "com.tencent.tinker.loader.hotplug.ActivityStubs$SIStub_04",
            "com.tencent.tinker.loader.hotplug.ActivityStubs$SIStub_05",
            "com.tencent.tinker.loader.hotplug.ActivityStubs$SIStub_06",
            "com.tencent.tinker.loader.hotplug.ActivityStubs$SIStub_07",
            "com.tencent.tinker.loader.hotplug.ActivityStubs$SIStub_08",
            "com.tencent.tinker.loader.hotplug.ActivityStubs$SIStub_09",
            "com.tencent.tinker.loader.hotplug.ActivityStubs$STDStub_00",
            "com.tencent.tinker.loader.hotplug.ActivityStubs$STDStub_00_T",
            "com.tencent.tinker.loader.hotplug.ActivityStubs$STDStub_01",
            "com.tencent.tinker.loader.hotplug.ActivityStubs$STDStub_01_T",
            "com.tencent.tinker.loader.hotplug.ActivityStubs$STDStub_02",
            "com.tencent.tinker.loader.hotplug.ActivityStubs$STDStub_02_T",
            "com.tencent.tinker.loader.hotplug.ActivityStubs$STDStub_03",
            "com.tencent.tinker.loader.hotplug.ActivityStubs$STDStub_04",
            "com.tencent.tinker.loader.hotplug.ActivityStubs$STDStub_05",
            "com.tencent.tinker.loader.hotplug.ActivityStubs$STDStub_06",
            "com.tencent.tinker.loader.hotplug.ActivityStubs$STDStub_07",
            "com.tencent.tinker.loader.hotplug.ActivityStubs$STDStub_08",
            "com.tencent.tinker.loader.hotplug.ActivityStubs$STDStub_09",
            "com.yuanfudao.android.vgo.webapp.GeneralShareWebAppActivity",
            "com.yuanfudao.customerservice.EaseShowBigImageActivity",
            "com.yuanfudao.customerservice.LandEaseShowBigImageActivity",
            "com.yuanfudao.tutor.activity.HomeActivity",
            "com.yuanfudao.tutor.activity.PadHomeActivity",
            "com.yuanfudao.tutor.activity.ProjectMainActivity",
            "com.yuanfudao.tutor.activity.TutorEntryActivity",
            "com.yuanfudao.tutor.android.live.sdk.internal.enterroom.RouterActivity",
            "com.yuanfudao.tutor.flutter.tt_router.FaradayActivity",
            "com.yuanfudao.tutor.infra.activity.LandReusingActivity",
            "com.yuanfudao.tutor.infra.activity.ReusingActivity",
            "com.yuanfudao.tutor.infra.activity.ReusingLandscapeFullscreenActivity",
            "com.yuanfudao.tutor.infra.activity.ReusingLandscapeLockedFullScreenActivity",
            "com.yuanfudao.tutor.infra.activity.ReusingOrientationActivity",
            "com.yuanfudao.tutor.infra.activity.ReusingOrientationLockedActivity",
            "com.yuanfudao.tutor.infra.activity.TransparentReusingActivity",
            "com.yuanfudao.tutor.infra.share.support.LandReusingShareActivity",
            "com.yuanfudao.tutor.infra.share.support.ReusingShareActivity",
            "com.yuanfudao.tutor.module.expand.PadExpandActivity",
            "com.yuanfudao.tutor.module.flutter.container.TutorFlutterActivity",
            "com.yuanfudao.tutor.module.flutter.container.TutorLandFlutterActivity",
            "com.yuanfudao.tutor.module.splash.SplashActivity",
            "com.yuantiku.android.common.imagecrop.CropImageActivity",
            "com.yuantiku.tutor.WBShareActivity",
            "com.yuantiku.tutor.wxapi.WXEntryActivity",
            "com.zhihu.matisse.internal.ui.AlbumPreviewActivity",
            "com.zhihu.matisse.internal.ui.SelectedPreviewActivity",
            "com.zhihu.matisse.ui.MatisseActivity",
            "pub.devrel.easypermissions.AppSettingsDialogHolderActivity"
        ],
        "services": [
            "androidx.room.MultiInstanceInvalidationService",
            "com.amap.api.location.APSService",
            "com.fenbi.android.solar.push.huawei.HuaweiPushMessageService",
            "com.fenbi.android.solar.push.oppo.component.AppPushMessageService",
            "com.fenbi.android.solar.push.oppo.component.PushMessageService",
            "com.fenbi.tutor.hybrid.webapp.download.webapp.BsPatchService",
            "com.fenbi.tutor.live.module.notification.LiveNotificationListenerService",
            "com.google.android.gms.auth.api.signin.RevocationBoundService",
            "com.heytap.msp.push.service.CompatibleDataMessageCallbackService",
            "com.heytap.msp.push.service.DataMessageCallbackService",
            "com.huawei.agconnect.core.ServiceDiscovery",
            "com.huawei.hms.support.api.push.service.HmsMsgService",
            "com.hyphenate.chat.EMChatService",
            "com.kwai.koom.javaoom.analysis.HeapAnalyzeService",
            "com.tencent.bugly.beta.tinker.TinkerResultService",
            "com.tencent.tinker.lib.service.DefaultTinkerResultService",
            "com.tencent.tinker.lib.service.TinkerPatchForeService",
            "com.tencent.tinker.lib.service.TinkerPatchService",
            "com.tencent.tinker.lib.service.TinkerPatchService$InnerService",
            "com.xiaomi.mipush.sdk.MessageHandleService",
            "com.xiaomi.mipush.sdk.PushMessageHandler",
            "com.xiaomi.push.service.XMJobService",
            "com.xiaomi.push.service.XMPushService",
            "com.yuanfudao.tutor.component.service.appinit.AppInitService",
            "com.yuanfudao.tutor.module.offlinecache.service.OfflineCacheService",
            "com.yuanfudao.tutor.support.UpgradeDownloadService",
            "org.chromium.content.app.YfdPrivilegedProcessService0",
            "org.chromium.content.app.YfdPrivilegedProcessService1",
            "org.chromium.content.app.YfdPrivilegedProcessService2",
            "org.chromium.content.app.YfdPrivilegedProcessService3",
            "org.chromium.content.app.YfdPrivilegedProcessService4",
            "org.chromium.content.app.YfdSandboxedProcessService0",
            "org.chromium.content.app.YfdSandboxedProcessService1",
            "org.chromium.content_shell_apk.ChildProcessLauncherTestHelperService",
            "org.chromium.content_shell_apk.TestChildProcessService0",
            "org.chromium.content_shell_apk.TestChildProcessService1"
        ],
        "receivers": [
            "com.fenbi.android.solar.push.xiaomi.MiPushMessageReceiver",
            "com.huawei.hms.support.api.push.PushMsgReceiver",
            "com.huawei.hms.support.api.push.PushReceiver",
            "com.hyphenate.chat.EMMonitorReceiver",
            "com.xiaomi.push.service.receivers.NetworkStatusReceiver",
            "com.xiaomi.push.service.receivers.PingReceiver"
        ],
        "permission_details": {
            "android.permission.ACCESS_COARSE_LOCATION": "dangerous",
            "android.permission.ACCESS_FINE_LOCATION": "dangerous",
            "android.permission.ACCESS_LOCATION_EXTRA_COMMANDS": "normal",
            "android.permission.ACCESS_NETWORK_STATE": "normal",
            "android.permission.ACCESS_NOTIFICATION_POLICY": "normal",
            "android.permission.ACCESS_WIFI_STATE": "normal",
            "android.permission.BLUETOOTH": "normal",
            "android.permission.CAMERA": "dangerous",
            "android.permission.CHANGE_NETWORK_STATE": "normal",
            "android.permission.CHANGE_WIFI_STATE": "normal",
            "android.permission.DOWNLOAD_WITHOUT_NOTIFICATION": "unknown",
            "android.permission.FOREGROUND_SERVICE": "normal",
            "android.permission.INTERNET": "normal",
            "android.permission.MODIFY_AUDIO_SETTINGS": "normal",
            "android.permission.READ_EXTERNAL_STORAGE": "dangerous",
            "android.permission.READ_PHONE_STATE": "dangerous",
            "android.permission.RECEIVE_BOOT_COMPLETED": "normal",
            "android.permission.RECORD_AUDIO": "dangerous",
            "android.permission.REORDER_TASKS": "normal",
            "android.permission.REQUEST_INSTALL_PACKAGES": "signature",
            "android.permission.VIBRATE": "normal",
            "android.permission.WAKE_LOCK": "normal",
            "android.permission.WRITE_EXTERNAL_STORAGE": "dangerous",
            "com.asus.msa.SupplementaryDID.ACCESS": "unknown",
            "com.coloros.mcs.permission.RECIEVE_MCS_MESSAGE": "unknown",
            "com.fenbi.android.gaozhong.permission.SHARED_ACCOUNT": "unknown",
            "com.fenbi.android.solar.permission.SHARED_ACCOUNT": "unknown",
            "com.heytap.mcs.permission.RECIEVE_MCS_MESSAGE": "unknown",
            "com.huawei.appmarket.service.commondata.permission.GET_COMMON_DATA": "unknown",
            "com.yuantiku.tutor.permission.MIPUSH_RECEIVE": "unknown",
            "com.yuantiku.tutor.permission.PROCESS_PUSH_MSG": "unknown",
            "com.yuantiku.tutor.permission.PUSH_PROVIDER": "unknown",
            "freemme.permission.msa": "unknown"
        },
        "risk_counts": {
            "dangerous": 7,
            "normal": 14,
            "unknown": 11,
            "signature": 1
        }
    },
    "stats": {
        "dex_count": 1,
        "native_lib_count": 48
    },
    "jadx": {
        "status": "ok",
        "duration_sec": 3.03,
        "sources_present": true,
        "java_file_count": 8
    },
    "ast_analysis": {
        "location": 0,
        "microphone": 0,
        "camera": 2,
        "media_projection": 0,
        "dynamic_load": 0,
        "jni": 0
    },
    "analysis_state": "complete"
}