{
    "apk_name": "E69D62DF3646616FA580AB07FBB9F9D9FA541387FA20F7C768444FA284A7F22D",
    "sha256": "e69d62df3646616fa580ab07fbb9f9d9fa541387fa20f7c768444fa284a7f22d",
    "metadata": {
        "package_name": "com.onbeep.obiwan",
        "version_code": "25433",
        "version_name": "7.24.7",
        "min_sdk": "23",
        "target_sdk": "35",
        "permissions": [
            "android.permission.ACCESS_BACKGROUND_LOCATION",
            "android.permission.ACCESS_COARSE_LOCATION",
            "android.permission.ACCESS_FINE_LOCATION",
            "android.permission.ACCESS_NETWORK_STATE",
            "android.permission.ACCESS_WIFI_STATE",
            "android.permission.BLUETOOTH",
            "android.permission.BLUETOOTH_ADMIN",
            "android.permission.BLUETOOTH_CONNECT",
            "android.permission.BLUETOOTH_SCAN",
            "android.permission.CAMERA",
            "android.permission.CAPTURE_AUDIO_HOTWORD",
            "android.permission.CAPTURE_AUDIO_OUTPUT",
            "android.permission.CAPTURE_MEDIA_OUTPUT",
            "android.permission.CAPTURE_TUNER_AUDIO_INPUT",
            "android.permission.CAPTURE_VOICE_COMMUNICATION_OUTPUT",
            "android.permission.FOREGROUND_SERVICE",
            "android.permission.FOREGROUND_SERVICE_MEDIA_PROCESSING",
            "android.permission.FOREGROUND_SERVICE_MICROPHONE",
            "android.permission.GET_TASKS",
            "android.permission.INTERNET",
            "android.permission.MODIFY_AUDIO_SETTINGS",
            "android.permission.POST_NOTIFICATIONS",
            "android.permission.READ_EXTERNAL_STORAGE",
            "android.permission.READ_MEDIA_AUDIO",
            "android.permission.READ_MEDIA_IMAGES",
            "android.permission.READ_MEDIA_VIDEO",
            "android.permission.RECORD_AUDIO",
            "android.permission.SCHEDULE_EXACT_ALARM",
            "android.permission.SYSTEM_ALERT_WINDOW",
            "android.permission.WAKE_LOCK",
            "android.permission.WRITE_EXTERNAL_STORAGE",
            "com.google.android.c2dm.permission.RECEIVE",
            "com.google.android.finsky.permission.BIND_GET_INSTALL_REFERRER_SERVICE",
            "com.google.android.gms.permission.AD_ID",
            "com.onbeep.obiwan.DYNAMIC_RECEIVER_NOT_EXPORTED_PERMISSION",
            "com.samsung.android.knox.permission.KNOX_CUSTOM_SYSTEM",
            "com.samsung.android.knox.permission.KNOX_HW_CONTROL"
        ],
        "activities": [
            "com.google.android.gms.common.api.GoogleApiActivity",
            "com.google.android.play.core.common.PlayCoreDialogWrapperActivity",
            "com.helpscout.beacon.internal.presentation.common.FullScreenImageActivity",
            "com.helpscout.beacon.internal.presentation.ui.article.ArticleActivity",
            "com.helpscout.beacon.internal.presentation.ui.chat.ChatActivity",
            "com.helpscout.beacon.internal.presentation.ui.conversation.ConversationActivity",
            "com.helpscout.beacon.internal.presentation.ui.conversations.ConversationsActivity",
            "com.helpscout.beacon.internal.presentation.ui.home.HomeActivity",
            "com.helpscout.beacon.internal.presentation.ui.message.SendMessageActivity",
            "com.helpscout.beacon.internal.presentation.ui.navigate.CustomNavigateActivity",
            "com.helpscout.beacon.internal.presentation.ui.reply.ComposeReplyActivity",
            "com.helpscout.beacon.ui.BeaconActivity",
            "com.onbeep.obiwan.tycho.about.AboutActivity",
            "com.onbeep.obiwan.tycho.about.developer.DeveloperActivity",
            "com.onbeep.obiwan.tycho.about.logs.LogsActivity",
            "com.onbeep.obiwan.tycho.accessory.PttAccessoryActivity",
            "com.onbeep.obiwan.tycho.addgroup.AddGroupActivity",
            "com.onbeep.obiwan.tycho.audiosettings.AudioSettingsActivity",
            "com.onbeep.obiwan.tycho.groupleaders.GroupLeadersActivity",
            "com.onbeep.obiwan.tycho.groupsettings.GroupSettingsActivity",
            "com.onbeep.obiwan.tycho.locationpreference.LocationPreferenceActivity",
            "com.onbeep.obiwan.tycho.login.LoginActivity",
            "com.onbeep.obiwan.tycho.main.MainActivity",
            "com.onbeep.obiwan.tycho.main.grouplist.GroupListActivity",
            "com.onbeep.obiwan.tycho.nightmodepreference.NightModePreferenceActivity",
            "com.onbeep.obiwan.tycho.notificationspreference.NotificationsPreferenceActivity",
            "com.onbeep.obiwan.tycho.offlinemapping.OfflineMappingActivity",
            "com.onbeep.obiwan.tycho.onyx.HardwareFeatureActivity",
            "com.onbeep.obiwan.tycho.onyx.pairing.PairingActivity",
            "com.onbeep.obiwan.tycho.profile.ProfileActivity",
            "com.onbeep.obiwan.tycho.resetpassword.ResetPasswordActivity",
            "com.onbeep.obiwan.tycho.splash.SplashActivity"
        ],
        "services": [
            "androidx.room.MultiInstanceInvalidationService",
            "com.google.android.datatransport.runtime.backends.TransportBackendDiscovery",
            "com.google.android.datatransport.runtime.scheduling.jobscheduling.JobInfoSchedulerService",
            "com.google.android.gms.measurement.AppMeasurementJobService",
            "com.google.android.gms.measurement.AppMeasurementService",
            "com.google.firebase.components.ComponentDiscoveryService",
            "com.google.firebase.messaging.FirebaseMessagingService",
            "com.helpscout.beacon.internal.presentation.push.fcm.BeaconFirebaseMessagingService",
            "com.mapbox.android.telemetry.MapboxTelemetryService",
            "com.mapbox.android.telemetry.errors.ErrorReporterJobIntentService",
            "com.onbeep.obiwan.component.FloatingPttButton",
            "com.onbeep.obiwan.internalptt.HwPttButtonListenerService",
            "com.onbeep.obiwan.services.blueparrottsdk.BlueParrottSDKService",
            "com.onbeep.obiwan.services.eventchannel.EventChannelListenerService",
            "com.onbeep.obiwan.services.firebase.OrionFirebaseMessagingService",
            "com.onbeep.obiwan.services.knox.KnoxSdkService",
            "com.onbeep.obiwan.services.media.MediaNotificationService",
            "com.onbeep.obiwan.services.mute.MuteService",
            "com.onbeep.obiwan.services.notification.NotificationIntentService",
            "com.onbeep.obiwan.services.peripheral.mediasession.MediaSessionPeripheralService",
            "com.onbeep.obiwan.services.peripheral.orion.OrionCustomPeripheralService"
        ],
        "receivers": [
            "androidx.profileinstaller.ProfileInstallReceiver",
            "com.google.android.datatransport.runtime.scheduling.jobscheduling.AlarmManagerSchedulerBroadcastReceiver",
            "com.google.android.gms.measurement.AppMeasurementReceiver",
            "com.google.firebase.iid.FirebaseInstanceIdReceiver",
            "com.helpscout.beacon.internal.presentation.push.receiver.ChatNotificationReplyReceiver",
            "com.helpscout.beacon.internal.presentation.push.receiver.ConversationNotificationReplyReceiver",
            "com.helpscout.beacon.internal.presentation.push.receiver.MarkAsReadReceiver",
            "com.onbeep.obiwan.services.knox.KnoxDeviceAdminReceiver",
            "com.onbeep.obiwan.services.knox.KnoxLicenseReceiver",
            "com.onbeep.obiwan.services.login.LoginBroadcastReceiver",
            "com.onbeep.obiwan.services.media.RemoteReplyBroadcastReceiver"
        ],
        "permission_details": {
            "android.permission.ACCESS_BACKGROUND_LOCATION": "dangerous",
            "android.permission.ACCESS_COARSE_LOCATION": "dangerous",
            "android.permission.ACCESS_FINE_LOCATION": "dangerous",
            "android.permission.ACCESS_NETWORK_STATE": "normal",
            "android.permission.ACCESS_WIFI_STATE": "normal",
            "android.permission.BLUETOOTH": "normal",
            "android.permission.BLUETOOTH_ADMIN": "normal",
            "android.permission.BLUETOOTH_CONNECT": "dangerous",
            "android.permission.BLUETOOTH_SCAN": "dangerous",
            "android.permission.CAMERA": "dangerous",
            "android.permission.CAPTURE_AUDIO_HOTWORD": "unknown",
            "android.permission.CAPTURE_AUDIO_OUTPUT": "signature",
            "android.permission.CAPTURE_MEDIA_OUTPUT": "unknown",
            "android.permission.CAPTURE_TUNER_AUDIO_INPUT": "unknown",
            "android.permission.CAPTURE_VOICE_COMMUNICATION_OUTPUT": "unknown",
            "android.permission.FOREGROUND_SERVICE": "normal",
            "android.permission.FOREGROUND_SERVICE_MEDIA_PROCESSING": "normal",
            "android.permission.FOREGROUND_SERVICE_MICROPHONE": "normal",
            "android.permission.GET_TASKS": "unlaballed",
            "android.permission.INTERNET": "normal",
            "android.permission.MODIFY_AUDIO_SETTINGS": "normal",
            "android.permission.POST_NOTIFICATIONS": "dangerous",
            "android.permission.READ_EXTERNAL_STORAGE": "dangerous",
            "android.permission.READ_MEDIA_AUDIO": "dangerous",
            "android.permission.READ_MEDIA_IMAGES": "dangerous",
            "android.permission.READ_MEDIA_VIDEO": "dangerous",
            "android.permission.RECORD_AUDIO": "dangerous",
            "android.permission.SCHEDULE_EXACT_ALARM": "signature",
            "android.permission.SYSTEM_ALERT_WINDOW": "signature",
            "android.permission.WAKE_LOCK": "normal",
            "android.permission.WRITE_EXTERNAL_STORAGE": "dangerous",
            "com.google.android.c2dm.permission.RECEIVE": "unknown",
            "com.google.android.finsky.permission.BIND_GET_INSTALL_REFERRER_SERVICE": "unknown",
            "com.google.android.gms.permission.AD_ID": "unknown",
            "com.onbeep.obiwan.DYNAMIC_RECEIVER_NOT_EXPORTED_PERMISSION": "unknown",
            "com.samsung.android.knox.permission.KNOX_CUSTOM_SYSTEM": "unknown",
            "com.samsung.android.knox.permission.KNOX_HW_CONTROL": "unknown"
        },
        "risk_counts": {
            "dangerous": 13,
            "normal": 10,
            "unknown": 10,
            "signature": 3,
            "unlaballed": 1
        }
    },
    "stats": {
        "dex_count": 3,
        "native_lib_count": 0
    },
    "jadx": {
        "status": "ok",
        "duration_sec": 40.32,
        "sources_present": true,
        "java_file_count": 9800
    },
    "ast_analysis": {
        "location": 16,
        "microphone": 2,
        "camera": 46,
        "media_projection": 0,
        "dynamic_load": 0,
        "jni": 2
    },
    "analysis_state": "complete",
    "behavioral_structural_data": {
        "api_inventory": {
            "camera": 0,
            "microphone": 1,
            "location": 5,
            "torch": 0,
            "telephony_ops": 0,
            "system_commands": 0,
            "webview_interop": 1,
            "content_access": 12,
            "audio_control": 0,
            "vibration": 0,
            "network_io": 6,
            "scheduling_apis": 32,
            "dynamic_code": 227
        },
        "execution_context": {
            "in_service": 0,
            "in_receiver": 0,
            "in_activity": 0,
            "in_provider": 0,
            "unknown": 284
        },
        "scheduling_mechanisms": {
            "alarm_manager": 3,
            "handler_loop": 27,
            "job_scheduler": 2
        },
        "trigger_types": {
            "auto_triggered": 0,
            "user_triggered": 3
        },
        "dynamic_features": {
            "jni_usage": 2,
            "dynamic_loading": 0,
            "reflection": 225
        }
    }
}