{
    "apk_name": "B97F65066A5D113393ECA4E6F21319513BF0076F47EAE2BF326418A0152AD17A",
    "sha256": "b97f65066a5d113393eca4e6f21319513bf0076f47eae2bf326418a0152ad17a",
    "metadata": {
        "package_name": "com.paytronix.client.android.app.grimaldis",
        "version_code": "2022060801",
        "version_name": "22.11.2022060801",
        "min_sdk": "24",
        "target_sdk": "30",
        "permissions": [
            "android.Manifest.permission.READ_PHONE_STATE",
            "android.permission.ACCESS_ASSISTED_GPS",
            "android.permission.ACCESS_BACKGROUND_LOCATION",
            "android.permission.ACCESS_COARSE_LOCATION",
            "android.permission.ACCESS_FINE_LOCATION",
            "android.permission.ACCESS_GPS",
            "android.permission.ACCESS_LOCATION",
            "android.permission.ACCESS_NETWORK_STATE",
            "android.permission.CAMERA",
            "android.permission.FOREGROUND_SERVICE",
            "android.permission.GET_ACCOUNTS",
            "android.permission.GET_TASKS",
            "android.permission.INTERNET",
            "android.permission.READ_CONTACTS",
            "android.permission.READ_PHONE_STATE",
            "android.permission.RECEIVE_BOOT_COMPLETED",
            "android.permission.USE_FINGERPRINT",
            "android.permission.VIBRATE",
            "android.permission.WAKE_LOCK",
            "android.permission.WRITE_SETTINGS",
            "com.google.android.c2dm.permission.RECEIVE",
            "com.google.android.finsky.permission.BIND_GET_INSTALL_REFERRER_SERVICE",
            "com.google.android.gms.permission.AD_ID",
            "com.paytronix.client.android.app.grimaldis.permission.C2D_MESSAGE"
        ],
        "activities": [
            "com.facebook.CustomTabActivity",
            "com.facebook.FacebookActivity",
            "com.paytronix.client.android.app.activity.Splash_Screen",
            "com.paytronix.client.android.app.orderahead.activity.FavoriteStoreActivity",
            "com.paytronix.client.android.app.orderahead.activity.HomeActivity",
            "com.paytronix.client.android.app.orderahead.activity.NewOrderActivity",
            "com.paytronix.client.android.app.orderahead.activity.ODOrderTypeActivity",
            "com.paytronix.client.android.app.orderahead.activity.RecentOrdersActivity",
            "com.perimeterx.msdk.internal.enforcers.BlockActivity",
            "com.perimeterx.msdk.internal.enforcers.CaptchaActivity",
            "io.card.payment.CardIOActivity",
            "io.card.payment.DataEntryActivity",
            "o.abuts",
            "o.addIndexedField",
            "o.adjustOffset",
            "o.convertLocalToUTC",
            "o.convertUTCToLocal",
            "o.createMessage",
            "o.dayTime",
            "o.daysBetween",
            "o.dividedBy",
            "o.fieldDifference",
            "o.fixedOffsetZone",
            "o.forFields",
            "o.forOffsetHours",
            "o.fromCalendarFields",
            "o.gap",
            "o.getConvertedId",
            "o.getDayOfWeek",
            "o.getDayOfYear",
            "o.getDays",
            "o.getDoubleParameter",
            "o.getDurationFieldType",
            "o.getDurationType",
            "o.getEra",
            "o.getFieldType",
            "o.getHours",
            "o.getIllegalNumberValue",
            "o.getIllegalStringValue",
            "o.getIllegalValueAsString",
            "o.getIndexedField",
            "o.getLocalMillis",
            "o.getLowerBound",
            "o.getMillisKeepLocal",
            "o.getMonthOfYear",
            "o.getNameKey",
            "o.getOffset",
            "o.getOffsetFromLocal",
            "o.getPaymentTokenType",
            "o.getRangeDurationType",
            "o.getReadablePartial",
            "o.getStandardHours",
            "o.getStandardMinutes",
            "o.getStandardSeconds",
            "o.getUnitMillis",
            "o.getWeekOfWeekyear",
            "o.getYearOfCentury",
            "o.getYearOfEra",
            "o.isGreaterThan",
            "o.multipliedBy",
            "o.nextTransition",
            "o.normalizedStandard",
            "o.overlap",
            "o.parseDays",
            "o.parseHours",
            "o.parseSeconds",
            "o.prependMessage",
            "o.printOffset",
            "o.secondsBetween",
            "o.setHours",
            "o.setIndexedField",
            "o.setMonths",
            "o.setNameProvider",
            "o.setTabIndicatorFullWidth",
            "o.setWeeks",
            "o.setYears",
            "o.standardDaysIn",
            "o.standardHours",
            "o.standardHoursIn",
            "o.standardMinutes",
            "o.standardSeconds",
            "o.standardSecondsIn",
            "o.toDateTimeAtStartOfDay",
            "o.toDuration",
            "o.toInstant",
            "o.toPeriod",
            "o.toStandardDays",
            "o.toStandardDuration",
            "o.toStandardHours",
            "o.toStandardMinutes",
            "o.toStandardSeconds",
            "o.toStandardWeeks",
            "o.validateProvider",
            "o.withDays",
            "o.withDaysRemoved",
            "o.withDurationAfterStart",
            "o.withDurationBeforeEnd",
            "o.withEnd",
            "o.withEndMillis",
            "o.withFieldRemoved",
            "o.withHours",
            "o.withMillisRemoved",
            "o.withMinutes",
            "o.withMinutesRemoved",
            "o.withMonthsRemoved",
            "o.withPeriodBeforeEnd",
            "o.withWeeks",
            "o.withWeeksRemoved",
            "o.withYearsRemoved",
            "o.yearDay",
            "o.yearDayTime",
            "o.yearMonthDay",
            "o.yearMonthDayTime",
            "o.yearWeekDay",
            "o.yearWeekDayTime"
        ],
        "services": [
            "androidx.work.impl.background.systemjob.SystemJobService",
            "com.google.android.datatransport.runtime.backends.TransportBackendDiscovery",
            "com.google.android.datatransport.runtime.scheduling.jobscheduling.JobInfoSchedulerService",
            "com.google.android.gms.measurement.AppMeasurementJobService",
            "com.google.android.gms.measurement.AppMeasurementService",
            "com.paytronix.client.android.app.AppFirebaseMessagingService",
            "o.DiskBasedCache$CountingInputStream",
            "o.HttpStack",
            "o.access$1900",
            "o.findDefaultTrafficStatsTag",
            "o.getContextCode",
            "o.getContextLabel",
            "o.isFixed",
            "o.setMaxRetryCount",
            "o.setSupportedCardTypes"
        ],
        "receivers": [
            "androidx.work.impl.background.systemalarm.ConstraintProxyUpdateReceiver",
            "androidx.work.impl.utils.ForceStopRunnable$BroadcastReceiver",
            "com.google.android.gms.analytics.CampaignTrackingReceiver",
            "com.google.android.gms.measurement.AppMeasurementInstallReferrerReceiver",
            "com.google.android.gms.measurement.AppMeasurementReceiver",
            "com.google.firebase.iid.FirebaseInstanceIdReceiver",
            "com.paytronix.client.android.app.UtmReceiver",
            "o.access$2100",
            "o.getContextDescription",
            "o.getExternalIdentifier",
            "o.getFileForKey",
            "o.removeEntry$MediaBrowserCompat$CustomActionResultReceiver",
            "o.removeEntry$RemoteActionCompatParcelizer",
            "o.removeEntry$read",
            "o.removeEntry$write",
            "o.setSelectedTabIndicatorGravity$MediaBrowserCompat$CustomActionResultReceiver",
            "o.setTabIconTint"
        ]
    },
    "stats": {
        "dex_count": 2,
        "native_lib_count": 30
    },
    "jadx": {
        "status": "ok",
        "duration_sec": 47.0,
        "sources_present": true,
        "java_file_count": 5551
    },
    "ast_analysis": {
        "location": 13,
        "microphone": 0,
        "camera": 145,
        "media_projection": 0,
        "dynamic_load": 0,
        "jni": 10
    },
    "analysis_state": "complete"
}