{
    "apk_name": "812265E0ED57F345D8195C017DA08F1FAB45743DDAD6AE98465A669F4FABD133",
    "sha256": "812265e0ed57f345d8195c017da08f1fab45743ddad6ae98465a669f4fabd133",
    "metadata": {
        "package_name": "com.nemo.vidmate",
        "version_code": "346",
        "version_name": "3.46",
        "min_sdk": "14",
        "target_sdk": "17",
        "permissions": [
            "android.permission.ACCESS_COARSE_LOCATION",
            "android.permission.ACCESS_FINE_LOCATION",
            "android.permission.ACCESS_NETWORK_STATE",
            "android.permission.ACCESS_WIFI_STATE",
            "android.permission.AUTHENTICATE_ACCOUNTS",
            "android.permission.BLUETOOTH",
            "android.permission.BROADCAST_STICKY",
            "android.permission.CHANGE_NETWORK_STATE",
            "android.permission.CHANGE_WIFI_MULTICAST_STATE",
            "android.permission.CHANGE_WIFI_STATE",
            "android.permission.DOWNLOAD_WITHOUT_NOTIFICATION",
            "android.permission.GET_ACCOUNTS",
            "android.permission.GET_TASKS",
            "android.permission.INTERNET",
            "android.permission.MANAGE_ACCOUNTS",
            "android.permission.MOUNT_UNMOUNT_FILESYSTEMS",
            "android.permission.READ_EXTERNAL_STORAGE",
            "android.permission.READ_LOGS",
            "android.permission.READ_OWNER_DATA",
            "android.permission.READ_PHONE_STATE",
            "android.permission.READ_SYNC_STATS",
            "android.permission.RECEIVE_BOOT_COMPLETED",
            "android.permission.RESTART_PACKAGES",
            "android.permission.SYSTEM_ALERT_WINDOW",
            "android.permission.VIBRATE",
            "android.permission.WAKE_LOCK",
            "android.permission.WRITE_EXTERNAL_STORAGE",
            "android.permission.WRITE_SETTINGS",
            "android.permission.WRITE_SYNC_SETTINGS",
            "com.android.launcher.permission.INSTALL_SHORTCUT",
            "com.android.launcher.permission.READ_SETTINGS",
            "com.android.launcher.permission.UNINSTALL_SHORTCUT",
            "com.google.android.c2dm.permission.RECEIVE",
            "com.nemo.vidmate.permission.C2D_MESSAGE"
        ],
        "activities": [
            "com.facebook.FacebookActivity",
            "com.google.android.gms.ads.AdActivity",
            "com.google.android.gms.ads.purchase.InAppPurchaseActivity",
            "com.insight.sdk.ads.ArrkiiAppWallActivity",
            "com.insight.sdk.proxy.ProxyAdActivity",
            "com.insight.sdk.proxy.ProxyAdxWallActivity",
            "com.insight.sdk.proxy.ProxyInAppPurchaseActivity",
            "com.insight.sdk.proxy.ProxyMVActivity",
            "com.nemo.vidmate.MainActivity",
            "com.nemo.vidmate.ShortcutActivity",
            "com.nemo.vidmate.WelcomeActivity",
            "com.nemo.vidmate.browser.control.activity.BrowserSingleInstanceActivity",
            "com.nemo.vidmate.browser.control.activity.BrowserSingleTaskActivity",
            "com.nemo.vidmate.browser.control.activity.BrowserSingleTopActivity",
            "com.nemo.vidmate.browser.control.activity.BrowserStandardActivity",
            "com.nemo.vidmate.download.DownloadActivity",
            "com.nemo.vidmate.favhis.BookmarkActivity",
            "com.nemo.vidmate.favhis.FavoriteActivity",
            "com.nemo.vidmate.favhis.HistoryActivity",
            "com.nemo.vidmate.favhis.LikeWebviewActivity",
            "com.nemo.vidmate.favhis.ShareWebviewActivity",
            "com.nemo.vidmate.loader.a.Activity0",
            "com.nemo.vidmate.loader.a.Activity0_dialog",
            "com.nemo.vidmate.loader.a.Activity0_fullscreen",
            "com.nemo.vidmate.loader.a.Activity0_singleInstance1",
            "com.nemo.vidmate.loader.a.Activity0_singleTask1",
            "com.nemo.vidmate.loader.a.Activity0_task",
            "com.nemo.vidmate.loader.a.Activity0_translucent",
            "com.nemo.vidmate.loader.a.Activity0_translucent_fullscreen",
            "com.nemo.vidmate.loader.a.Activity1",
            "com.nemo.vidmate.loader.a.Activity1_dialog",
            "com.nemo.vidmate.loader.a.Activity1_fullscreen",
            "com.nemo.vidmate.loader.a.Activity1_singleInstance1",
            "com.nemo.vidmate.loader.a.Activity1_singleTask1",
            "com.nemo.vidmate.loader.a.Activity1_task",
            "com.nemo.vidmate.loader.a.Activity1_translucent",
            "com.nemo.vidmate.loader.a.Activity1_translucent_fullscreen",
            "com.nemo.vidmate.loader.a.ActivityN1NRNTS0",
            "com.nemo.vidmate.loader.a.ActivityN1NRNTS1",
            "com.nemo.vidmate.loader.a.ActivityN1NRNTS2",
            "com.nemo.vidmate.loader.a.ActivityN1NRNTS3",
            "com.nemo.vidmate.loader.a.ActivityN1NRNTS4",
            "com.nemo.vidmate.loader.a.ActivityN1NRNTS5",
            "com.nemo.vidmate.loader.a.ActivityN1NRTS0",
            "com.nemo.vidmate.loader.a.ActivityN1NRTS1",
            "com.nemo.vidmate.loader.a.ActivityN1SINTS0",
            "com.nemo.vidmate.loader.a.ActivityN1SINTS1",
            "com.nemo.vidmate.loader.a.ActivityN1SITS0",
            "com.nemo.vidmate.loader.a.ActivityN1SITS1",
            "com.nemo.vidmate.loader.a.ActivityN1SITS2",
            "com.nemo.vidmate.loader.a.ActivityN1STNTS0",
            "com.nemo.vidmate.loader.a.ActivityN1STNTS1",
            "com.nemo.vidmate.loader.a.ActivityN1STNTS2",
            "com.nemo.vidmate.loader.a.ActivityN1STPNTS0",
            "com.nemo.vidmate.loader.a.ActivityN1STPNTS1",
            "com.nemo.vidmate.loader.a.ActivityN1STPTS0",
            "com.nemo.vidmate.loader.a.ActivityN1STPTS1",
            "com.nemo.vidmate.loader.a.ActivityN1STTS0",
            "com.nemo.vidmate.loader.a.ActivityN1STTS1",
            "com.nemo.vidmate.loader.a.ActivityN1TA0NRNTS0",
            "com.nemo.vidmate.loader.a.ActivityN1TA0NRNTS1",
            "com.nemo.vidmate.loader.a.ActivityN1TA0NRNTS2",
            "com.nemo.vidmate.loader.a.ActivityN1TA0NRNTS3",
            "com.nemo.vidmate.loader.a.ActivityN1TA0NRNTS4",
            "com.nemo.vidmate.loader.a.ActivityN1TA0NRNTS5",
            "com.nemo.vidmate.loader.a.ActivityN1TA0NRTS0",
            "com.nemo.vidmate.loader.a.ActivityN1TA0NRTS1",
            "com.nemo.vidmate.loader.a.ActivityN1TA0STNTS0",
            "com.nemo.vidmate.loader.a.ActivityN1TA0STNTS1",
            "com.nemo.vidmate.loader.a.ActivityN1TA0STNTS2",
            "com.nemo.vidmate.loader.a.ActivityN1TA0STPNTS0",
            "com.nemo.vidmate.loader.a.ActivityN1TA0STPNTS1",
            "com.nemo.vidmate.loader.a.ActivityN1TA0STPTS0",
            "com.nemo.vidmate.loader.a.ActivityN1TA0STPTS1",
            "com.nemo.vidmate.loader.a.ActivityN1TA0STTS0",
            "com.nemo.vidmate.loader.a.ActivityN1TA0STTS1",
            "com.nemo.vidmate.loader.a.ActivityN1TA1NRNTS0",
            "com.nemo.vidmate.loader.a.ActivityN1TA1NRNTS1",
            "com.nemo.vidmate.loader.a.ActivityN1TA1NRNTS2",
            "com.nemo.vidmate.loader.a.ActivityN1TA1NRNTS3",
            "com.nemo.vidmate.loader.a.ActivityN1TA1NRNTS4",
            "com.nemo.vidmate.loader.a.ActivityN1TA1NRNTS5",
            "com.nemo.vidmate.loader.a.ActivityN1TA1NRTS0",
            "com.nemo.vidmate.loader.a.ActivityN1TA1NRTS1",
            "com.nemo.vidmate.loader.a.ActivityN1TA1STNTS0",
            "com.nemo.vidmate.loader.a.ActivityN1TA1STNTS1",
            "com.nemo.vidmate.loader.a.ActivityN1TA1STNTS2",
            "com.nemo.vidmate.loader.a.ActivityN1TA1STPNTS0",
            "com.nemo.vidmate.loader.a.ActivityN1TA1STPNTS1",
            "com.nemo.vidmate.loader.a.ActivityN1TA1STPTS0",
            "com.nemo.vidmate.loader.a.ActivityN1TA1STPTS1",
            "com.nemo.vidmate.loader.a.ActivityN1TA1STTS0",
            "com.nemo.vidmate.loader.a.ActivityN1TA1STTS1",
            "com.nemo.vidmate.loader.a.ActivityP0NRNTS0",
            "com.nemo.vidmate.loader.a.ActivityP0NRNTS1",
            "com.nemo.vidmate.loader.a.ActivityP0NRNTS2",
            "com.nemo.vidmate.loader.a.ActivityP0NRNTS3",
            "com.nemo.vidmate.loader.a.ActivityP0NRNTS4",
            "com.nemo.vidmate.loader.a.ActivityP0NRNTS5",
            "com.nemo.vidmate.loader.a.ActivityP0NRTS0",
            "com.nemo.vidmate.loader.a.ActivityP0NRTS1",
            "com.nemo.vidmate.loader.a.ActivityP0SINTS0",
            "com.nemo.vidmate.loader.a.ActivityP0SINTS1",
            "com.nemo.vidmate.loader.a.ActivityP0SITS0",
            "com.nemo.vidmate.loader.a.ActivityP0SITS1",
            "com.nemo.vidmate.loader.a.ActivityP0SITS2",
            "com.nemo.vidmate.loader.a.ActivityP0STNTS0",
            "com.nemo.vidmate.loader.a.ActivityP0STNTS1",
            "com.nemo.vidmate.loader.a.ActivityP0STNTS2",
            "com.nemo.vidmate.loader.a.ActivityP0STPNTS0",
            "com.nemo.vidmate.loader.a.ActivityP0STPNTS1",
            "com.nemo.vidmate.loader.a.ActivityP0STPTS0",
            "com.nemo.vidmate.loader.a.ActivityP0STPTS1",
            "com.nemo.vidmate.loader.a.ActivityP0STTS0",
            "com.nemo.vidmate.loader.a.ActivityP0STTS1",
            "com.nemo.vidmate.loader.a.ActivityP0TA0NRNTS0",
            "com.nemo.vidmate.loader.a.ActivityP0TA0NRNTS1",
            "com.nemo.vidmate.loader.a.ActivityP0TA0NRNTS2",
            "com.nemo.vidmate.loader.a.ActivityP0TA0NRNTS3",
            "com.nemo.vidmate.loader.a.ActivityP0TA0NRNTS4",
            "com.nemo.vidmate.loader.a.ActivityP0TA0NRNTS5",
            "com.nemo.vidmate.loader.a.ActivityP0TA0NRTS0",
            "com.nemo.vidmate.loader.a.ActivityP0TA0NRTS1",
            "com.nemo.vidmate.loader.a.ActivityP0TA0STNTS0",
            "com.nemo.vidmate.loader.a.ActivityP0TA0STNTS1",
            "com.nemo.vidmate.loader.a.ActivityP0TA0STNTS2",
            "com.nemo.vidmate.loader.a.ActivityP0TA0STPNTS0",
            "com.nemo.vidmate.loader.a.ActivityP0TA0STPNTS1",
            "com.nemo.vidmate.loader.a.ActivityP0TA0STPTS0",
            "com.nemo.vidmate.loader.a.ActivityP0TA0STPTS1",
            "com.nemo.vidmate.loader.a.ActivityP0TA0STTS0",
            "com.nemo.vidmate.loader.a.ActivityP0TA0STTS1",
            "com.nemo.vidmate.loader.a.ActivityP0TA1NRNTS0",
            "com.nemo.vidmate.loader.a.ActivityP0TA1NRNTS1",
            "com.nemo.vidmate.loader.a.ActivityP0TA1NRNTS2",
            "com.nemo.vidmate.loader.a.ActivityP0TA1NRNTS3",
            "com.nemo.vidmate.loader.a.ActivityP0TA1NRNTS4",
            "com.nemo.vidmate.loader.a.ActivityP0TA1NRNTS5",
            "com.nemo.vidmate.loader.a.ActivityP0TA1NRTS0",
            "com.nemo.vidmate.loader.a.ActivityP0TA1NRTS1",
            "com.nemo.vidmate.loader.a.ActivityP0TA1STNTS0",
            "com.nemo.vidmate.loader.a.ActivityP0TA1STNTS1",
            "com.nemo.vidmate.loader.a.ActivityP0TA1STNTS2",
            "com.nemo.vidmate.loader.a.ActivityP0TA1STPNTS0",
            "com.nemo.vidmate.loader.a.ActivityP0TA1STPNTS1",
            "com.nemo.vidmate.loader.a.ActivityP0TA1STPTS0",
            "com.nemo.vidmate.loader.a.ActivityP0TA1STPTS1",
            "com.nemo.vidmate.loader.a.ActivityP0TA1STTS0",
            "com.nemo.vidmate.loader.a.ActivityP0TA1STTS1",
            "com.nemo.vidmate.loader.a.ActivityP1NRNTS0",
            "com.nemo.vidmate.loader.a.ActivityP1NRNTS1",
            "com.nemo.vidmate.loader.a.ActivityP1NRNTS2",
            "com.nemo.vidmate.loader.a.ActivityP1NRNTS3",
            "com.nemo.vidmate.loader.a.ActivityP1NRNTS4",
            "com.nemo.vidmate.loader.a.ActivityP1NRNTS5",
            "com.nemo.vidmate.loader.a.ActivityP1NRTS0",
            "com.nemo.vidmate.loader.a.ActivityP1NRTS1",
            "com.nemo.vidmate.loader.a.ActivityP1SINTS0",
            "com.nemo.vidmate.loader.a.ActivityP1SINTS1",
            "com.nemo.vidmate.loader.a.ActivityP1SITS0",
            "com.nemo.vidmate.loader.a.ActivityP1SITS1",
            "com.nemo.vidmate.loader.a.ActivityP1SITS2",
            "com.nemo.vidmate.loader.a.ActivityP1STNTS0",
            "com.nemo.vidmate.loader.a.ActivityP1STNTS1",
            "com.nemo.vidmate.loader.a.ActivityP1STNTS2",
            "com.nemo.vidmate.loader.a.ActivityP1STPNTS0",
            "com.nemo.vidmate.loader.a.ActivityP1STPNTS1",
            "com.nemo.vidmate.loader.a.ActivityP1STPTS0",
            "com.nemo.vidmate.loader.a.ActivityP1STPTS1",
            "com.nemo.vidmate.loader.a.ActivityP1STTS0",
            "com.nemo.vidmate.loader.a.ActivityP1STTS1",
            "com.nemo.vidmate.loader.a.ActivityP1TA0NRNTS0",
            "com.nemo.vidmate.loader.a.ActivityP1TA0NRNTS1",
            "com.nemo.vidmate.loader.a.ActivityP1TA0NRNTS2",
            "com.nemo.vidmate.loader.a.ActivityP1TA0NRNTS3",
            "com.nemo.vidmate.loader.a.ActivityP1TA0NRNTS4",
            "com.nemo.vidmate.loader.a.ActivityP1TA0NRNTS5",
            "com.nemo.vidmate.loader.a.ActivityP1TA0NRTS0",
            "com.nemo.vidmate.loader.a.ActivityP1TA0NRTS1",
            "com.nemo.vidmate.loader.a.ActivityP1TA0STNTS0",
            "com.nemo.vidmate.loader.a.ActivityP1TA0STNTS1",
            "com.nemo.vidmate.loader.a.ActivityP1TA0STNTS2",
            "com.nemo.vidmate.loader.a.ActivityP1TA0STPNTS0",
            "com.nemo.vidmate.loader.a.ActivityP1TA0STPNTS1",
            "com.nemo.vidmate.loader.a.ActivityP1TA0STPTS0",
            "com.nemo.vidmate.loader.a.ActivityP1TA0STPTS1",
            "com.nemo.vidmate.loader.a.ActivityP1TA0STTS0",
            "com.nemo.vidmate.loader.a.ActivityP1TA0STTS1",
            "com.nemo.vidmate.loader.a.ActivityP1TA1NRNTS0",
            "com.nemo.vidmate.loader.a.ActivityP1TA1NRNTS1",
            "com.nemo.vidmate.loader.a.ActivityP1TA1NRNTS2",
            "com.nemo.vidmate.loader.a.ActivityP1TA1NRNTS3",
            "com.nemo.vidmate.loader.a.ActivityP1TA1NRNTS4",
            "com.nemo.vidmate.loader.a.ActivityP1TA1NRNTS5",
            "com.nemo.vidmate.loader.a.ActivityP1TA1NRTS0",
            "com.nemo.vidmate.loader.a.ActivityP1TA1NRTS1",
            "com.nemo.vidmate.loader.a.ActivityP1TA1STNTS0",
            "com.nemo.vidmate.loader.a.ActivityP1TA1STNTS1",
            "com.nemo.vidmate.loader.a.ActivityP1TA1STNTS2",
            "com.nemo.vidmate.loader.a.ActivityP1TA1STPNTS0",
            "com.nemo.vidmate.loader.a.ActivityP1TA1STPNTS1",
            "com.nemo.vidmate.loader.a.ActivityP1TA1STPTS0",
            "com.nemo.vidmate.loader.a.ActivityP1TA1STPTS1",
            "com.nemo.vidmate.loader.a.ActivityP1TA1STTS0",
            "com.nemo.vidmate.loader.a.ActivityP1TA1STTS1",
            "com.nemo.vidmate.loader.a.ActivityP2NRNTS0",
            "com.nemo.vidmate.loader.a.ActivityP2NRNTS1",
            "com.nemo.vidmate.loader.a.ActivityP2NRNTS2",
            "com.nemo.vidmate.loader.a.ActivityP2NRNTS3",
            "com.nemo.vidmate.loader.a.ActivityP2NRNTS4",
            "com.nemo.vidmate.loader.a.ActivityP2NRNTS5",
            "com.nemo.vidmate.loader.a.ActivityP2NRTS0",
            "com.nemo.vidmate.loader.a.ActivityP2NRTS1",
            "com.nemo.vidmate.loader.a.ActivityP2SINTS0",
            "com.nemo.vidmate.loader.a.ActivityP2SINTS1",
            "com.nemo.vidmate.loader.a.ActivityP2SITS0",
            "com.nemo.vidmate.loader.a.ActivityP2SITS1",
            "com.nemo.vidmate.loader.a.ActivityP2SITS2",
            "com.nemo.vidmate.loader.a.ActivityP2STNTS0",
            "com.nemo.vidmate.loader.a.ActivityP2STNTS1",
            "com.nemo.vidmate.loader.a.ActivityP2STNTS2",
            "com.nemo.vidmate.loader.a.ActivityP2STPNTS0",
            "com.nemo.vidmate.loader.a.ActivityP2STPNTS1",
            "com.nemo.vidmate.loader.a.ActivityP2STPTS0",
            "com.nemo.vidmate.loader.a.ActivityP2STPTS1",
            "com.nemo.vidmate.loader.a.ActivityP2STTS0",
            "com.nemo.vidmate.loader.a.ActivityP2STTS1",
            "com.nemo.vidmate.loader.a.ActivityP2TA0NRNTS0",
            "com.nemo.vidmate.loader.a.ActivityP2TA0NRNTS1",
            "com.nemo.vidmate.loader.a.ActivityP2TA0NRNTS2",
            "com.nemo.vidmate.loader.a.ActivityP2TA0NRNTS3",
            "com.nemo.vidmate.loader.a.ActivityP2TA0NRNTS4",
            "com.nemo.vidmate.loader.a.ActivityP2TA0NRNTS5",
            "com.nemo.vidmate.loader.a.ActivityP2TA0NRTS0",
            "com.nemo.vidmate.loader.a.ActivityP2TA0NRTS1",
            "com.nemo.vidmate.loader.a.ActivityP2TA0STNTS0",
            "com.nemo.vidmate.loader.a.ActivityP2TA0STNTS1",
            "com.nemo.vidmate.loader.a.ActivityP2TA0STNTS2",
            "com.nemo.vidmate.loader.a.ActivityP2TA0STPNTS0",
            "com.nemo.vidmate.loader.a.ActivityP2TA0STPNTS1",
            "com.nemo.vidmate.loader.a.ActivityP2TA0STPTS0",
            "com.nemo.vidmate.loader.a.ActivityP2TA0STPTS1",
            "com.nemo.vidmate.loader.a.ActivityP2TA0STTS0",
            "com.nemo.vidmate.loader.a.ActivityP2TA0STTS1",
            "com.nemo.vidmate.loader.a.ActivityP2TA1NRNTS0",
            "com.nemo.vidmate.loader.a.ActivityP2TA1NRNTS1",
            "com.nemo.vidmate.loader.a.ActivityP2TA1NRNTS2",
            "com.nemo.vidmate.loader.a.ActivityP2TA1NRNTS3",
            "com.nemo.vidmate.loader.a.ActivityP2TA1NRNTS4",
            "com.nemo.vidmate.loader.a.ActivityP2TA1NRNTS5",
            "com.nemo.vidmate.loader.a.ActivityP2TA1NRTS0",
            "com.nemo.vidmate.loader.a.ActivityP2TA1NRTS1",
            "com.nemo.vidmate.loader.a.ActivityP2TA1STNTS0",
            "com.nemo.vidmate.loader.a.ActivityP2TA1STNTS1",
            "com.nemo.vidmate.loader.a.ActivityP2TA1STNTS2",
            "com.nemo.vidmate.loader.a.ActivityP2TA1STPNTS0",
            "com.nemo.vidmate.loader.a.ActivityP2TA1STPNTS1",
            "com.nemo.vidmate.loader.a.ActivityP2TA1STPTS0",
            "com.nemo.vidmate.loader.a.ActivityP2TA1STPTS1",
            "com.nemo.vidmate.loader.a.ActivityP2TA1STTS0",
            "com.nemo.vidmate.loader.a.ActivityP2TA1STTS1",
            "com.nemo.vidmate.manager.share.BluetoothShareActivity",
            "com.nemo.vidmate.media.local.LocalMediaActivity",
            "com.nemo.vidmate.media.local.localmusic.LocalMusicActivity",
            "com.nemo.vidmate.media.local.localmusic.LocalMusicChoiceListActivity",
            "com.nemo.vidmate.media.local.localmusic.LocalMusicDetailActivity",
            "com.nemo.vidmate.media.local.localvideo.LocalVideoActivity",
            "com.nemo.vidmate.media.local.localvideo.LocalVideoChoiceListActivity",
            "com.nemo.vidmate.media.local.localvideo.LocalVideoDetailActivity",
            "com.nemo.vidmate.media.local.privatevideo.PrivateVideoActivity",
            "com.nemo.vidmate.media.local.privatevideo.PrivateVideoExportActivity",
            "com.nemo.vidmate.media.local.privatevideo.PrivateVideoImportActivity",
            "com.nemo.vidmate.media.local.privatevideo.PrivateVideoVerifyActivity",
            "com.nemo.vidmate.media.local.search.LocalMediaSearchActivity",
            "com.nemo.vidmate.media.player.activity.NewPlayerActivity",
            "com.nemo.vidmate.player.PlayerActivity",
            "com.nemo.vidmate.player.PlayerActivity2",
            "com.nemo.vidmate.player.music.MusicPlayerActivity",
            "com.nemo.vidmate.player.music.lyrics.LrcSearchActivity",
            "com.nemo.vidmate.recommend.fullmovie.FullMovieActivity",
            "com.nemo.vidmate.recommend.fullmovie.FullMovieDetailActivity",
            "com.nemo.vidmate.recommend.fullmovie.FullMovieFilterActivity",
            "com.nemo.vidmate.recommend.fullmovie.FullMovieFilterNewActivity",
            "com.nemo.vidmate.recommend.fullmovie.MovieDetailOnlineActivity",
            "com.nemo.vidmate.recommend.music.MusicActivity",
            "com.nemo.vidmate.recommend.music.MusicDetailActivity",
            "com.nemo.vidmate.recommend.music.MusicDiscoverListActivity",
            "com.nemo.vidmate.recommend.music.MusicFilterActivity",
            "com.nemo.vidmate.recommend.music.MusicSingerDetailActivity",
            "com.nemo.vidmate.recommend.music.MusicSingerFilterActivity",
            "com.nemo.vidmate.recommend.tvshow.TvShowActivity",
            "com.nemo.vidmate.recommend.tvshow.TvShowDetailActivity",
            "com.nemo.vidmate.recommend.tvshow.TvShowFilterActivity",
            "com.nemo.vidmate.recommend.tvshow.TvshowDetailOnlineActivity",
            "com.nemo.vidmate.recommend.tvshow.TvshowFilterNewActivity",
            "com.nemo.vidmate.ugc.UGCVideoDetailActivity",
            "com.nemo.vidmate.ui.ad.VidmateAdWallActivity",
            "com.nemo.vidmate.ui.guide.GuideActivity",
            "com.nemo.vidmate.ui.home.tab.HomeTabManagerActivity",
            "com.nemo.vidmate.ui.me.AboutActivity",
            "com.nemo.vidmate.ui.me.CropActivity",
            "com.nemo.vidmate.ui.me.FeedbackActivity",
            "com.nemo.vidmate.ui.me.FeedbackFQActivity",
            "com.nemo.vidmate.ui.me.SettingActivity",
            "com.nemo.vidmate.ui.me.SettingDownloadActivity",
            "com.nemo.vidmate.ui.me.SettingGeneralActivity",
            "com.nemo.vidmate.ui.me.SettingNotificationActivity",
            "com.nemo.vidmate.ui.meme.MemeCropActivity",
            "com.nemo.vidmate.ui.meme.MemeDetailActivity",
            "com.nemo.vidmate.ui.meme.MemeEditActivity",
            "com.nemo.vidmate.ui.meme.MemePostActivity",
            "com.nemo.vidmate.ui.meme.MemeReportActivity",
            "com.nemo.vidmate.ui.meme.MemeTagListActivity",
            "com.nemo.vidmate.ui.nav.NavActivity",
            "com.nemo.vidmate.ui.nav.NavExActivity",
            "com.nemo.vidmate.ui.nav.NavExEditActivity",
            "com.nemo.vidmate.ui.nineapp.AppsMoreActivity",
            "com.nemo.vidmate.ui.nineapp.NineAppsDetailActivity",
            "com.nemo.vidmate.ui.nineapp.NineAppsImageActivity",
            "com.nemo.vidmate.ui.ninegame.NineGameActivity",
            "com.nemo.vidmate.ui.ninegame.NineGameDetailActivity",
            "com.nemo.vidmate.ui.offlinevideos.OfflineVideoFAQActivity",
            "com.nemo.vidmate.ui.offlinevideos.OfflineVideosActivity",
            "com.nemo.vidmate.ui.search.SearchActivity",
            "com.nemo.vidmate.ui.special.SpecialActiviy",
            "com.nemo.vidmate.ui.user.UserActivity",
            "com.nemo.vidmate.ui.user.UserProfileActivity",
            "com.nemo.vidmate.ui.video.VideoDetailActivity",
            "com.nemo.vidmate.ui.webpage.WebPageActivity",
            "com.nemo.vidmate.ui.whatsapp.AppFilesSaverActivity",
            "com.nemo.vidmate.ui.ytbfloatwin.AccessibilityGuideHelp$GuideDoingActivityDialog",
            "com.nemo.vidmate.ui.ytbfloatwin.AccessibilityGuideHelp$GuideFloatOpenDialog",
            "com.nemo.vidmate.ui.ytbfloatwin.AccessibilityGuideHelp$GuideStartDialog",
            "com.nemo.vidmate.utils.RepluginNonoUtilHelper$NonoliveDialog",
            "com.swof.ui.ApShareActivity",
            "com.swof.ui.GuideActivity",
            "com.swof.ui.ShareActivity",
            "com.swof.ui.SingleInstanceSwofActivity",
            "com.swof.ui.SwofActivity",
            "com.thirdparty.share.platform.page.PlatformAssistActivity"
        ],
        "services": [
            "com.crashsdk.CrashLogFilesUploader",
            "com.daemon.service.DaemonService",
            "com.google.android.gms.measurement.AppMeasurementJobService",
            "com.google.android.gms.measurement.AppMeasurementService",
            "com.google.firebase.iid.FirebaseInstanceIdService",
            "com.insight.sdk.proxy.ProxyPowerService",
            "com.nemo.vidmate.download.service.DownloadService",
            "com.nemo.vidmate.loader.s.Service0",
            "com.nemo.vidmate.loader.s.Service1",
            "com.nemo.vidmate.loader.s.ServiceN1",
            "com.nemo.vidmate.manager.ContentDetectService",
            "com.nemo.vidmate.player.music.MusicPlayerService",
            "com.nemo.vidmate.pushmsg.VidmateService",
            "com.nemo.vidmate.pushmsg.gcm.GCMIntentService",
            "com.nemo.vidmate.pushmsg.sync.AuthenticatorService",
            "com.nemo.vidmate.pushmsg.sync.SyncService",
            "com.qihoo360.replugin.component.service.server.PluginPitServiceGuard",
            "com.qihoo360.replugin.component.service.server.PluginPitServiceP0",
            "com.qihoo360.replugin.component.service.server.PluginPitServiceP1",
            "com.qihoo360.replugin.component.service.server.PluginPitServiceP2",
            "com.qihoo360.replugin.component.service.server.PluginPitServiceUI",
            "com.swof.transport.ReceiveService",
            "com.swof.transport.TransferService",
            "com.thirdparty.share.action.ActService"
        ],
        "receivers": [
            "com.google.android.gcm.GCMBroadcastReceiver",
            "com.google.android.gms.measurement.AppMeasurementInstallReferrerReceiver",
            "com.google.android.gms.measurement.AppMeasurementReceiver",
            "com.google.firebase.iid.FirebaseInstanceIdReceiver",
            "com.insight.sdk.proxy.ProxyEtapReceiver",
            "com.insight.sdk.proxy.ProxyPowerReceiver",
            "com.nemo.vidmate.manager.autoupgrade.UpgradeDownloadBroadcastReceiver",
            "com.nemo.vidmate.manager.autoupgrade.UpgradeDownloadBroadcastReceiver",
            "com.nemo.vidmate.receiver.NotificationReceiver",
            "com.nemo.vidmate.receiver.PackageChangeReceiver"
        ]
    },
    "stats": {
        "dex_count": 2,
        "native_lib_count": 14
    },
    "jadx": {
        "status": "ok",
        "duration_sec": 21.7,
        "sources_present": true,
        "java_file_count": 4139
    },
    "ast_analysis": {
        "location": 0,
        "microphone": 0,
        "camera": 28,
        "media_projection": 0,
        "dynamic_load": 0,
        "jni": 8
    },
    "analysis_state": "complete"
}