{
    "apk_name": "CD5B16128F55EE9E442E26BF9261BD6BE85C24ADF932F4872E7B0D182F0AC393",
    "sha256": "cd5b16128f55ee9e442e26bf9261bd6be85c24adf932f4872e7b0d182f0ac393",
    "metadata": {
        "package_name": "com.sigsauer.bdx",
        "version_code": "453",
        "version_name": "453",
        "min_sdk": "29",
        "target_sdk": "35",
        "permissions": [
            "android.permission.ACCESS_COARSE_LOCATION",
            "android.permission.ACCESS_FINE_LOCATION",
            "android.permission.ACCESS_NETWORK_STATE",
            "android.permission.ACCESS_WIFI_STATE",
            "android.permission.BLUETOOTH",
            "android.permission.BLUETOOTH_ADMIN",
            "android.permission.BLUETOOTH_CONNECT",
            "android.permission.BLUETOOTH_SCAN",
            "android.permission.CAMERA",
            "android.permission.CHANGE_NETWORK_STATE",
            "android.permission.CHANGE_WIFI_STATE",
            "android.permission.FOREGROUND_SERVICE",
            "android.permission.FOREGROUND_SERVICE_CONNECTED_DEVICE",
            "android.permission.INTERNET",
            "android.permission.NEARBY_WIFI_DEVICES",
            "android.permission.NFC",
            "android.permission.READ_EXTERNAL_STORAGE",
            "android.permission.RECEIVE_BOOT_COMPLETED",
            "android.permission.VIBRATE",
            "android.permission.WAKE_LOCK",
            "android.permission.WRITE_EXTERNAL_STORAGE",
            "android.permission_group.STORAGE ",
            "com.android.vending.BILLING",
            "com.google.android.c2dm.permission.RECEIVE",
            "com.sigsauer.bdx.DYNAMIC_RECEIVER_NOT_EXPORTED_PERMISSION"
        ],
        "activities": [
            "com.android.billingclient.api.ProxyBillingActivity",
            "com.android.billingclient.api.ProxyBillingActivityV2",
            "com.facebook.CustomTabActivity",
            "com.facebook.FacebookActivity",
            "com.firebase.ui.auth.KickoffActivity",
            "com.firebase.ui.auth.ui.credentials.CredentialSaveActivity",
            "com.firebase.ui.auth.ui.email.EmailActivity",
            "com.firebase.ui.auth.ui.email.EmailLinkCatcherActivity",
            "com.firebase.ui.auth.ui.email.EmailLinkErrorRecoveryActivity",
            "com.firebase.ui.auth.ui.email.RecoverPasswordActivity",
            "com.firebase.ui.auth.ui.email.WelcomeBackEmailLinkPrompt",
            "com.firebase.ui.auth.ui.email.WelcomeBackPasswordPrompt",
            "com.firebase.ui.auth.ui.idp.AuthMethodPickerActivity",
            "com.firebase.ui.auth.ui.idp.SingleSignInActivity",
            "com.firebase.ui.auth.ui.idp.WelcomeBackIdpPrompt",
            "com.firebase.ui.auth.ui.phone.PhoneActivity",
            "com.google.android.gms.auth.api.signin.internal.SignInHubActivity",
            "com.google.android.gms.common.api.GoogleApiActivity",
            "com.google.android.play.core.common.PlayCoreDialogWrapperActivity",
            "com.google.firebase.auth.internal.GenericIdpActivity",
            "com.google.firebase.auth.internal.RecaptchaActivity",
            "com.google.mlkit.vision.codescanner.internal.GmsBarcodeScanningDelegateActivity",
            "com.journeyapps.barcodescanner.CaptureActivity",
            "com.nvisti.common.Eula.EulaActivity",
            "com.nvisti.common.Eula.EulaLoading",
            "com.nvisti.common.Reticle.ReticleSelectBrand",
            "com.nvisti.common.Reticle.ReticleSelectReticle",
            "com.nvisti.common.Reticle.ReticleSelectScope",
            "com.nvisti.common.auth.SignOn",
            "com.nvisti.common.bulletlibrary.AmmoSelectAbxBullet",
            "com.nvisti.common.bulletlibrary.AmmoSelectBullet",
            "com.nvisti.common.bulletlibrary.AmmoSelectCaliber",
            "com.nvisti.common.bulletlibrary.AmmoSelectManufacturer",
            "com.nvisti.common.profile.ProfileDiffActivity",
            "com.nvisti.common.profile.ProfileEditorActivity",
            "com.nvisti.common.profile.ProfileListActivity",
            "com.nvisti.common.profile.ProfileSelectActivity",
            "com.nvisti.common.qr.QRGalleryHandlerActivity",
            "com.nvisti.common.qr.QrCodeActivity",
            "com.sigsauer.bdx.ARCHModeActivity",
            "com.sigsauer.bdx.ApplicationSettings.ApplicationSettingsActivity",
            "com.sigsauer.bdx.BaseMap.BaseMapActivity",
            "com.sigsauer.bdx.Boilerplate.SplashScreenActivity",
            "com.sigsauer.bdx.BulletGroups.BDXBulletGroups",
            "com.sigsauer.bdx.BulletSelection.AmmoSelectBullet",
            "com.sigsauer.bdx.BulletSelection.AmmoSelectCaliber",
            "com.sigsauer.bdx.BulletSelection.AmmoSelectManufacturer",
            "com.sigsauer.bdx.CalibrationActivity",
            "com.sigsauer.bdx.ClipOnAlignmentActivity",
            "com.sigsauer.bdx.DFU.DfuActivity",
            "com.sigsauer.bdx.DFU.EchoDfuActivity",
            "com.sigsauer.bdx.DFU.NotificationActivity",
            "com.sigsauer.bdx.DeviceSetup.DeviceSetupActivity",
            "com.sigsauer.bdx.DeviceSetup.DeviceSetupBondActivity",
            "com.sigsauer.bdx.DeviceSetup.DeviceSetupRangefinderActivity",
            "com.sigsauer.bdx.DeviceSetup.DeviceSetupSightActivity",
            "com.sigsauer.bdx.DeviceSetup.DeviceSetupWindMeterActivity",
            "com.sigsauer.bdx.Echo.Echo6OTAActivity",
            "com.sigsauer.bdx.Echo.Echo6PictureActivity",
            "com.sigsauer.bdx.Echo.Echo6StreamActivity",
            "com.sigsauer.bdx.Echo.Echo6VideoActivity",
            "com.sigsauer.bdx.Echo.EchoMVOTAActivity",
            "com.sigsauer.bdx.Echo.EchoMVPairToScopeActivity",
            "com.sigsauer.bdx.Echo.EchoMVPictureActivity",
            "com.sigsauer.bdx.Echo.EchoMVRestartWiFi",
            "com.sigsauer.bdx.Echo.EchoMVSendProfileActivity",
            "com.sigsauer.bdx.Echo.EchoMVStreamActivity",
            "com.sigsauer.bdx.Echo.EchoMVVideoActivity",
            "com.sigsauer.bdx.Echo.EchoReviewListActivity",
            "com.sigsauer.bdx.Echo.EchoSettingsActivity",
            "com.sigsauer.bdx.Echo.EchoStreamActivity",
            "com.sigsauer.bdx.Echo.WifiConnectivityActivity",
            "com.sigsauer.bdx.Eula.EulaActivity",
            "com.sigsauer.bdx.Eula.EulaLoading",
            "com.sigsauer.bdx.MainActivity",
            "com.sigsauer.bdx.OnX.OnXActivity",
            "com.sigsauer.bdx.PairingActivity",
            "com.sigsauer.bdx.Profiles.CrossbowProfileEditorActivity",
            "com.sigsauer.bdx.Profiles.GunProfileEditorActivity",
            "com.sigsauer.bdx.Profiles.GunProfileListActivity",
            "com.sigsauer.bdx.Profiles.QrCodeActivity",
            "com.sigsauer.bdx.RangefinderActivity",
            "com.sigsauer.bdx.RangefinderSettingsActivity",
            "com.sigsauer.bdx.ReticleAlignmentActivity",
            "com.sigsauer.bdx.ReticleDimensionsActivity",
            "com.sigsauer.bdx.Sight.SightActivity",
            "com.sigsauer.bdx.Sight.SightEchoMVActivity",
            "com.sigsauer.bdx.Sight.SightSettingsActivity",
            "com.sigsauer.bdx.Solutions.RangeCardActivity",
            "com.sigsauer.bdx.Solutions.RangeCardSettingsActivity",
            "com.sigsauer.bdx.Solutions.WindDirectionActivity"
        ],
        "services": [
            "androidx.room.MultiInstanceInvalidationService",
            "androidx.work.impl.background.systemalarm.SystemAlarmService",
            "androidx.work.impl.background.systemjob.SystemJobService",
            "androidx.work.impl.foreground.SystemForegroundService",
            "com.google.android.datatransport.runtime.backends.TransportBackendDiscovery",
            "com.google.android.datatransport.runtime.scheduling.jobscheduling.JobInfoSchedulerService",
            "com.google.android.gms.auth.api.signin.RevocationBoundService",
            "com.google.firebase.components.ComponentDiscoveryService",
            "com.google.firebase.messaging.FirebaseMessagingService",
            "com.google.mlkit.common.internal.MlKitComponentDiscoveryService",
            "com.nvisti.common.auth.ABFirebaseTokenService",
            "com.nvisti.common.bluetooth.BluetoothLeService",
            "com.nvisti.common.firmware.BluetoothLeFirmwareService",
            "com.nvisti.common.firmware.FirmwareUpdateService",
            "com.sigsauer.bdx.BLE.BluetoothLeService",
            "com.sigsauer.bdx.DFU.DfuService",
            "no.nordicsemi.android.support.v18.scanner.ScannerService"
        ],
        "receivers": [
            "androidx.profileinstaller.ProfileInstallReceiver",
            "androidx.work.impl.background.systemalarm.ConstraintProxy$BatteryChargingProxy",
            "androidx.work.impl.background.systemalarm.ConstraintProxy$BatteryNotLowProxy",
            "androidx.work.impl.background.systemalarm.ConstraintProxy$NetworkStateProxy",
            "androidx.work.impl.background.systemalarm.ConstraintProxy$StorageNotLowProxy",
            "androidx.work.impl.background.systemalarm.ConstraintProxyUpdateReceiver",
            "androidx.work.impl.background.systemalarm.RescheduleReceiver",
            "androidx.work.impl.diagnostics.DiagnosticsReceiver",
            "androidx.work.impl.utils.ForceStopRunnable$BroadcastReceiver",
            "com.google.android.datatransport.runtime.scheduling.jobscheduling.AlarmManagerSchedulerBroadcastReceiver",
            "com.google.firebase.iid.FirebaseInstanceIdReceiver",
            "no.nordicsemi.android.support.v18.scanner.PendingIntentReceiver"
        ],
        "permission_details": {
            "android.permission.ACCESS_COARSE_LOCATION": "dangerous",
            "android.permission.ACCESS_FINE_LOCATION": "dangerous",
            "android.permission.ACCESS_NETWORK_STATE": "normal",
            "android.permission.ACCESS_WIFI_STATE": "normal",
            "android.permission.BLUETOOTH": "normal",
            "android.permission.BLUETOOTH_ADMIN": "normal",
            "android.permission.BLUETOOTH_CONNECT": "dangerous",
            "android.permission.BLUETOOTH_SCAN": "dangerous",
            "android.permission.CAMERA": "dangerous",
            "android.permission.CHANGE_NETWORK_STATE": "normal",
            "android.permission.CHANGE_WIFI_STATE": "normal",
            "android.permission.FOREGROUND_SERVICE": "normal",
            "android.permission.FOREGROUND_SERVICE_CONNECTED_DEVICE": "normal",
            "android.permission.INTERNET": "normal",
            "android.permission.NEARBY_WIFI_DEVICES": "dangerous",
            "android.permission.NFC": "normal",
            "android.permission.READ_EXTERNAL_STORAGE": "dangerous",
            "android.permission.RECEIVE_BOOT_COMPLETED": "normal",
            "android.permission.VIBRATE": "normal",
            "android.permission.WAKE_LOCK": "normal",
            "android.permission.WRITE_EXTERNAL_STORAGE": "dangerous",
            "android.permission_group.STORAGE ": "unknown",
            "com.android.vending.BILLING": "unknown",
            "com.google.android.c2dm.permission.RECEIVE": "unknown",
            "com.sigsauer.bdx.DYNAMIC_RECEIVER_NOT_EXPORTED_PERMISSION": "unknown"
        },
        "risk_counts": {
            "dangerous": 8,
            "normal": 13,
            "unknown": 4
        }
    },
    "stats": {
        "dex_count": 4,
        "native_lib_count": 0
    },
    "jadx": {
        "status": "ok",
        "duration_sec": 59.64,
        "sources_present": true,
        "java_file_count": 14486
    },
    "ast_analysis": {
        "location": 24,
        "microphone": 0,
        "camera": 119,
        "media_projection": 0,
        "dynamic_load": 0,
        "jni": 6
    },
    "analysis_state": "complete",
    "behavioral_structural_data": {
        "api_inventory": {
            "camera": 1,
            "microphone": 0,
            "location": 5,
            "torch": 1,
            "telephony_ops": 0,
            "system_commands": 3,
            "webview_interop": 3,
            "content_access": 8,
            "audio_control": 2,
            "vibration": 1,
            "network_io": 33,
            "scheduling_apis": 94,
            "dynamic_code": 334
        },
        "execution_context": {
            "in_service": 0,
            "in_receiver": 0,
            "in_activity": 0,
            "in_provider": 0,
            "unknown": 485
        },
        "scheduling_mechanisms": {
            "alarm_manager": 7,
            "handler_loop": 84,
            "job_scheduler": 3
        },
        "trigger_types": {
            "auto_triggered": 3,
            "user_triggered": 3
        },
        "dynamic_features": {
            "jni_usage": 3,
            "dynamic_loading": 0,
            "reflection": 331
        }
    }
}