{
    "apk_name": "C51F19B33245E95D93296940B7AAB373DA2087E98BFB21A27BCC16CAB9637213",
    "sha256": "c51f19b33245e95d93296940b7aab373da2087e98bfb21a27bcc16cab9637213",
    "metadata": {
        "package_name": "com.baidu.autocar",
        "version_code": "96789546",
        "version_name": "2.2.1",
        "min_sdk": "23",
        "target_sdk": "28",
        "permissions": [
            "android.permission.ACCESS_COARSE_LOCATION",
            "android.permission.ACCESS_FINE_LOCATION",
            "android.permission.ACCESS_NETWORK_STATE",
            "android.permission.ACCESS_WIFI_STATE",
            "android.permission.BLUETOOTH",
            "android.permission.BROADCAST_STICKY",
            "android.permission.CAMERA",
            "android.permission.CHANGE_NETWORK_STATE",
            "android.permission.CHANGE_WIFI_STATE",
            "android.permission.DISABLE_KEYGUARD",
            "android.permission.DOWNLOAD_WITHOUT_NOTIFICATION",
            "android.permission.FOREGROUND_SERVICE",
            "android.permission.GET_TASKS",
            "android.permission.INTERNET",
            "android.permission.MOUNT_UNMOUNT_FILESYSTEMS",
            "android.permission.QUERY_ALL_PACKAGES",
            "android.permission.READ_APP_BADGE",
            "android.permission.READ_CONTACTS",
            "android.permission.READ_EXTERNAL_STORAGE",
            "android.permission.READ_PHONE_STATE",
            "android.permission.REORDER_TASKS",
            "android.permission.REQUEST_INSTALL_PACKAGES",
            "android.permission.SYSTEM_ALERT_WINDOW",
            "android.permission.USE_FINGERPRINT",
            "android.permission.VIBRATE",
            "android.permission.WAKE_LOCK",
            "android.permission.WRITE_CONTACTS",
            "android.permission.WRITE_EXTERNAL_STORAGE",
            "android.permission.WRITE_SETTINGS",
            "baidu.push.permission.WRITE_PUSHINFOPROVIDER.com.baidu.autocar",
            "com.asus.msa.SupplementaryDID.ACCESS",
            "com.baidu.autocar.permission.APS_INSTALL",
            "com.baidu.autocar.permission.MIPUSH_RECEIVE",
            "com.baidu.autocar.permission.sofire.RECEIVE",
            "com.coloros.mcs.permission.RECIEVE_MCS_MESSAGE",
            "com.heytap.mcs.permission.RECIEVE_MCS_MESSAGE",
            "com.huawei.android.launcher.permission.CHANGE_BADGE",
            "com.sec.android.provider.badge.permission.READ",
            "com.sec.android.provider.badge.permission.WRITE",
            "com.sonyericsson.home.action.UPDATE_BADGE",
            "com.sonyericsson.home.permission.BROADCAST_BADGE",
            "com.sonymobile.home.permission.PROVIDER_INSERT_BADGE",
            "com.vivo.notification.permission.BADGE_ICON",
            "freemme.permission.msa"
        ],
        "activities": [
            "com.alipay.sdk.app.APayEntranceActivity",
            "com.alipay.sdk.app.AlipayResultActivity",
            "com.alipay.sdk.app.H5AuthActivity",
            "com.alipay.sdk.app.H5OpenAuthActivity",
            "com.alipay.sdk.app.H5PayActivity",
            "com.alipay.sdk.app.PayResultActivity",
            "com.android.support.appcompat.storage.permission.GrantPermissionActivity",
            "com.autocar.modules.screenshot.ScreenShotActivity",
            "com.baidu.ad.magic.flute.plugin.DisableStateActivity",
            "com.baidu.ad.magic.flute.plugin.StubActivity0",
            "com.baidu.ad.magic.flute.plugin.StubActivity1",
            "com.baidu.ad.magic.flute.plugin.StubActivity10",
            "com.baidu.ad.magic.flute.plugin.StubActivity11",
            "com.baidu.ad.magic.flute.plugin.StubActivity12",
            "com.baidu.ad.magic.flute.plugin.StubActivity13",
            "com.baidu.ad.magic.flute.plugin.StubActivity14",
            "com.baidu.ad.magic.flute.plugin.StubActivity15",
            "com.baidu.ad.magic.flute.plugin.StubActivity2",
            "com.baidu.ad.magic.flute.plugin.StubActivity3",
            "com.baidu.ad.magic.flute.plugin.StubActivity4",
            "com.baidu.ad.magic.flute.plugin.StubActivity5",
            "com.baidu.ad.magic.flute.plugin.StubActivity6",
            "com.baidu.ad.magic.flute.plugin.StubActivity7",
            "com.baidu.ad.magic.flute.plugin.StubActivity8",
            "com.baidu.ad.magic.flute.plugin.StubActivity9",
            "com.baidu.android.ext.widget.dialog.BaseActivityDialog",
            "com.baidu.android.ext.widget.dialog.BdDialog",
            "com.baidu.android.pushservice.hwproxy.HwNotifyActivity",
            "com.baidu.android.pushservice.mzproxy.MzNotifyActivity",
            "com.baidu.android.pushservice.opproxy.OpNotifyActivity",
            "com.baidu.android.pushservice.viproxy.ViNotifyActivity",
            "com.baidu.autocar.ad.SplashADActivity",
            "com.baidu.autocar.common.view.ImageCropActivity",
            "com.baidu.autocar.feed.minivideo.YJMiniVideoActivity",
            "com.baidu.autocar.feed.picture.YJPictureActivity",
            "com.baidu.autocar.feed.shortvideo.YJVideoDetailActivity",
            "com.baidu.autocar.feed.shortvideo.component.seriestest.YJVideoSeriesTestActivity",
            "com.baidu.autocar.feedtemplate.follow.recommend.AuthorRecommendActivity",
            "com.baidu.autocar.feedtemplate.section.SectionCategoriesActivity",
            "com.baidu.autocar.feedtemplate.video.FeedVideoListActivity",
            "com.baidu.autocar.modules.account.YJAccountCenterProxyActivity",
            "com.baidu.autocar.modules.authentication.activity.CarOwnerActivity",
            "com.baidu.autocar.modules.authentication.activity.MyCarActivity",
            "com.baidu.autocar.modules.brand.BrandPageActivity",
            "com.baidu.autocar.modules.calculator.CarPriceCalculatorActivity",
            "com.baidu.autocar.modules.car.CarModelDetailActivity",
            "com.baidu.autocar.modules.car.CarModelSelectActivity",
            "com.baidu.autocar.modules.car.CarSeriesDetailActivity",
            "com.baidu.autocar.modules.car.CarSeriesListActivity",
            "com.baidu.autocar.modules.car.EleNewCarActivity",
            "com.baidu.autocar.modules.car.ImageDetailActivity",
            "com.baidu.autocar.modules.car.ImageListActivity",
            "com.baidu.autocar.modules.car.MyPurchaseListActivity",
            "com.baidu.autocar.modules.car.PurchaseDetailActivity",
            "com.baidu.autocar.modules.car.PurchaseDetailNewActivity",
            "com.baidu.autocar.modules.car.PurchaseListActivity",
            "com.baidu.autocar.modules.car.PurchasePostSuccessActivity",
            "com.baidu.autocar.modules.car.SceneRecommendActivity",
            "com.baidu.autocar.modules.car.VRActivity",
            "com.baidu.autocar.modules.car.VRDealerActivity",
            "com.baidu.autocar.modules.car.VrDetailActivity",
            "com.baidu.autocar.modules.car.series.CarBrandSeriesListActivity",
            "com.baidu.autocar.modules.community.CommunityActivity",
            "com.baidu.autocar.modules.community.CommunityButtonAnimActivity",
            "com.baidu.autocar.modules.community.SearchCommunityActivity",
            "com.baidu.autocar.modules.community.SearchCommunityStatusActivity",
            "com.baidu.autocar.modules.community.SelectCommunityActivity",
            "com.baidu.autocar.modules.compare.CompareActivity",
            "com.baidu.autocar.modules.compare.CompareBigActivity",
            "com.baidu.autocar.modules.dealer.DealerShopActivity",
            "com.baidu.autocar.modules.dialog.HomeDialogActivity",
            "com.baidu.autocar.modules.duiba.DuiBarActivity",
            "com.baidu.autocar.modules.dynamic.DynamicCommentDetailActivity",
            "com.baidu.autocar.modules.dynamic.DynamicDetailActivity",
            "com.baidu.autocar.modules.dynamic.DynamicPostActivity",
            "com.baidu.autocar.modules.favor.FavorActivity",
            "com.baidu.autocar.modules.feedtopic.TopicListActivity",
            "com.baidu.autocar.modules.feedtopic.topic.FeedTopicPageActivity",
            "com.baidu.autocar.modules.feedtopic.topic.TopicCommentActivity",
            "com.baidu.autocar.modules.feedtopic.topic.TopicImageDetailActivity",
            "com.baidu.autocar.modules.filter.CarFilterActivity",
            "com.baidu.autocar.modules.filter.CarFilterHistoryActivity",
            "com.baidu.autocar.modules.filter.brand.FilterBrandSelectActivity",
            "com.baidu.autocar.modules.live.NpsPluginLoadingDialogActivity",
            "com.baidu.autocar.modules.live.ui.LiveHotActivity",
            "com.baidu.autocar.modules.live.ui.LivePreviewActivity",
            "com.baidu.autocar.modules.main.AboutActivity",
            "com.baidu.autocar.modules.main.ArticleBrowseActivity",
            "com.baidu.autocar.modules.main.MainActivity",
            "com.baidu.autocar.modules.main.MessagePushActivity",
            "com.baidu.autocar.modules.main.MessagePushDialog",
            "com.baidu.autocar.modules.main.SchemeFilterActivity",
            "com.baidu.autocar.modules.main.SettingsActivity",
            "com.baidu.autocar.modules.main.UserPrivacyActivity",
            "com.baidu.autocar.modules.main.WelcomeActivity",
            "com.baidu.autocar.modules.management.WorkManagementActivity",
            "com.baidu.autocar.modules.medal.MedalDetailActivity",
            "com.baidu.autocar.modules.medal.MedalDialogActivity",
            "com.baidu.autocar.modules.medal.MedalListActivity",
            "com.baidu.autocar.modules.msg.EventNotificationActivity",
            "com.baidu.autocar.modules.msg.InteractiveActivity",
            "com.baidu.autocar.modules.msg.SysNotificationActivity",
            "com.baidu.autocar.modules.newcar.NewCarActivity",
            "com.baidu.autocar.modules.params.CarModelParamsActivity",
            "com.baidu.autocar.modules.paramsdiff.ModelDifferencesDetailsActivity",
            "com.baidu.autocar.modules.paramsdiff.ParamsDiffPicActivity",
            "com.baidu.autocar.modules.pk.ConfigFeedBackActivity",
            "com.baidu.autocar.modules.pk.pkdetail.CarModelPkDetailActivity",
            "com.baidu.autocar.modules.pk.pkdetail.CarModelTestCrashDetailActivity",
            "com.baidu.autocar.modules.pk.pkdetail.NewCarModelPkDetailActivity",
            "com.baidu.autocar.modules.pk.pklist.CarModelPkListActivity",
            "com.baidu.autocar.modules.pk.pklist.CarModelPkSeclectModelActivity",
            "com.baidu.autocar.modules.pk.pklist.NewSelectModelsActivity",
            "com.baidu.autocar.modules.player.CarInstructionDetailActivity",
            "com.baidu.autocar.modules.publicpraise.AllCommentActivity",
            "com.baidu.autocar.modules.publicpraise.MyPraiseActivity",
            "com.baidu.autocar.modules.publicpraise.PraiseDraftListActivity",
            "com.baidu.autocar.modules.publicpraise.PublicPraiseDraftActivity",
            "com.baidu.autocar.modules.publicpraise.PublicPraiseListActivity",
            "com.baidu.autocar.modules.publicpraise.detail.ReputationCommentDetailActivity",
            "com.baidu.autocar.modules.publicpraise.detail.ReputationDetailsActivity",
            "com.baidu.autocar.modules.publicpraise.koubei.KouBeiAdditionalPostActivity",
            "com.baidu.autocar.modules.publicpraise.koubei.KouBeiPostActivity",
            "com.baidu.autocar.modules.purchase.PurchasePublisherActivity",
            "com.baidu.autocar.modules.questionanswer.AnswerDetailActivity",
            "com.baidu.autocar.modules.questionanswer.PublisherActivity",
            "com.baidu.autocar.modules.questionanswer.QuestionAnswerListActivity",
            "com.baidu.autocar.modules.questionanswer.QuestionAnswerListTwoActivity",
            "com.baidu.autocar.modules.questionanswer.ReplyDetailActivity",
            "com.baidu.autocar.modules.rank.RankActivity",
            "com.baidu.autocar.modules.recognition.PhotoRecognitionActivity",
            "com.baidu.autocar.modules.recognition.RecognitionResultActivity",
            "com.baidu.autocar.modules.recognition.ScanResultActivity",
            "com.baidu.autocar.modules.redenvelopes.RedEnvelopesActivity",
            "com.baidu.autocar.modules.search.CarSearchActivity",
            "com.baidu.autocar.modules.special.SpecialSelectedActivity",
            "com.baidu.autocar.modules.special.WeakSpecialActivity",
            "com.baidu.autocar.modules.task.AssetCenterActivity",
            "com.baidu.autocar.modules.task.AwardHistoryActivity",
            "com.baidu.autocar.modules.task.CoinHistoryActivity",
            "com.baidu.autocar.modules.task.TaskActivity",
            "com.baidu.autocar.modules.task.WithdrawActivity",
            "com.baidu.autocar.modules.user.FansActivity",
            "com.baidu.autocar.modules.user.HistoryActivity",
            "com.baidu.autocar.modules.user.MyFollowActivity",
            "com.baidu.autocar.modules.user.NewsActivity",
            "com.baidu.autocar.modules.util.crop.ImageCropActivity",
            "com.baidu.autocar.modules.util.imagepicker.activity.ImagePickerActivity",
            "com.baidu.autocar.modules.util.imagepicker.activity.ImagePreActivity",
            "com.baidu.autocar.modules.video.InstrumentVideoActivity",
            "com.baidu.autocar.page.AnotherDimensionActivity",
            "com.baidu.autocar.webview.WebActivity",
            "com.baidu.helios.plugin.StubActivity0",
            "com.baidu.helios.plugin.StubActivity1",
            "com.baidu.helios.plugin.StubActivity10",
            "com.baidu.helios.plugin.StubActivity100",
            "com.baidu.helios.plugin.StubActivity101",
            "com.baidu.helios.plugin.StubActivity102",
            "com.baidu.helios.plugin.StubActivity103",
            "com.baidu.helios.plugin.StubActivity104",
            "com.baidu.helios.plugin.StubActivity105",
            "com.baidu.helios.plugin.StubActivity106",
            "com.baidu.helios.plugin.StubActivity107",
            "com.baidu.helios.plugin.StubActivity108",
            "com.baidu.helios.plugin.StubActivity109",
            "com.baidu.helios.plugin.StubActivity11",
            "com.baidu.helios.plugin.StubActivity110",
            "com.baidu.helios.plugin.StubActivity111",
            "com.baidu.helios.plugin.StubActivity112",
            "com.baidu.helios.plugin.StubActivity113",
            "com.baidu.helios.plugin.StubActivity114",
            "com.baidu.helios.plugin.StubActivity115",
            "com.baidu.helios.plugin.StubActivity116",
            "com.baidu.helios.plugin.StubActivity117",
            "com.baidu.helios.plugin.StubActivity118",
            "com.baidu.helios.plugin.StubActivity119",
            "com.baidu.helios.plugin.StubActivity12",
            "com.baidu.helios.plugin.StubActivity13",
            "com.baidu.helios.plugin.StubActivity14",
            "com.baidu.helios.plugin.StubActivity15",
            "com.baidu.helios.plugin.StubActivity16",
            "com.baidu.helios.plugin.StubActivity17",
            "com.baidu.helios.plugin.StubActivity18",
            "com.baidu.helios.plugin.StubActivity19",
            "com.baidu.helios.plugin.StubActivity2",
            "com.baidu.helios.plugin.StubActivity20",
            "com.baidu.helios.plugin.StubActivity21",
            "com.baidu.helios.plugin.StubActivity22",
            "com.baidu.helios.plugin.StubActivity23",
            "com.baidu.helios.plugin.StubActivity24",
            "com.baidu.helios.plugin.StubActivity25",
            "com.baidu.helios.plugin.StubActivity26",
            "com.baidu.helios.plugin.StubActivity27",
            "com.baidu.helios.plugin.StubActivity28",
            "com.baidu.helios.plugin.StubActivity29",
            "com.baidu.helios.plugin.StubActivity3",
            "com.baidu.helios.plugin.StubActivity30",
            "com.baidu.helios.plugin.StubActivity31",
            "com.baidu.helios.plugin.StubActivity32",
            "com.baidu.helios.plugin.StubActivity33",
            "com.baidu.helios.plugin.StubActivity34",
            "com.baidu.helios.plugin.StubActivity35",
            "com.baidu.helios.plugin.StubActivity36",
            "com.baidu.helios.plugin.StubActivity37",
            "com.baidu.helios.plugin.StubActivity38",
            "com.baidu.helios.plugin.StubActivity39",
            "com.baidu.helios.plugin.StubActivity4",
            "com.baidu.helios.plugin.StubActivity40",
            "com.baidu.helios.plugin.StubActivity41",
            "com.baidu.helios.plugin.StubActivity42",
            "com.baidu.helios.plugin.StubActivity43",
            "com.baidu.helios.plugin.StubActivity44",
            "com.baidu.helios.plugin.StubActivity45",
            "com.baidu.helios.plugin.StubActivity46",
            "com.baidu.helios.plugin.StubActivity47",
            "com.baidu.helios.plugin.StubActivity48",
            "com.baidu.helios.plugin.StubActivity49",
            "com.baidu.helios.plugin.StubActivity5",
            "com.baidu.helios.plugin.StubActivity50",
            "com.baidu.helios.plugin.StubActivity51",
            "com.baidu.helios.plugin.StubActivity52",
            "com.baidu.helios.plugin.StubActivity53",
            "com.baidu.helios.plugin.StubActivity54",
            "com.baidu.helios.plugin.StubActivity55",
            "com.baidu.helios.plugin.StubActivity56",
            "com.baidu.helios.plugin.StubActivity57",
            "com.baidu.helios.plugin.StubActivity58",
            "com.baidu.helios.plugin.StubActivity59",
            "com.baidu.helios.plugin.StubActivity6",
            "com.baidu.helios.plugin.StubActivity60",
            "com.baidu.helios.plugin.StubActivity61",
            "com.baidu.helios.plugin.StubActivity62",
            "com.baidu.helios.plugin.StubActivity63",
            "com.baidu.helios.plugin.StubActivity64",
            "com.baidu.helios.plugin.StubActivity65",
            "com.baidu.helios.plugin.StubActivity66",
            "com.baidu.helios.plugin.StubActivity67",
            "com.baidu.helios.plugin.StubActivity68",
            "com.baidu.helios.plugin.StubActivity69",
            "com.baidu.helios.plugin.StubActivity7",
            "com.baidu.helios.plugin.StubActivity70",
            "com.baidu.helios.plugin.StubActivity71",
            "com.baidu.helios.plugin.StubActivity72",
            "com.baidu.helios.plugin.StubActivity73",
            "com.baidu.helios.plugin.StubActivity74",
            "com.baidu.helios.plugin.StubActivity75",
            "com.baidu.helios.plugin.StubActivity76",
            "com.baidu.helios.plugin.StubActivity77",
            "com.baidu.helios.plugin.StubActivity78",
            "com.baidu.helios.plugin.StubActivity79",
            "com.baidu.helios.plugin.StubActivity8",
            "com.baidu.helios.plugin.StubActivity80",
            "com.baidu.helios.plugin.StubActivity81",
            "com.baidu.helios.plugin.StubActivity82",
            "com.baidu.helios.plugin.StubActivity83",
            "com.baidu.helios.plugin.StubActivity84",
            "com.baidu.helios.plugin.StubActivity85",
            "com.baidu.helios.plugin.StubActivity86",
            "com.baidu.helios.plugin.StubActivity87",
            "com.baidu.helios.plugin.StubActivity88",
            "com.baidu.helios.plugin.StubActivity89",
            "com.baidu.helios.plugin.StubActivity9",
            "com.baidu.helios.plugin.StubActivity90",
            "com.baidu.helios.plugin.StubActivity91",
            "com.baidu.helios.plugin.StubActivity92",
            "com.baidu.helios.plugin.StubActivity93",
            "com.baidu.helios.plugin.StubActivity94",
            "com.baidu.helios.plugin.StubActivity95",
            "com.baidu.helios.plugin.StubActivity96",
            "com.baidu.helios.plugin.StubActivity97",
            "com.baidu.helios.plugin.StubActivity98",
            "com.baidu.helios.plugin.StubActivity99",
            "com.baidu.helios.plugin.StubStateActivity",
            "com.baidu.helios.plugin.StubVerActivity0",
            "com.baidu.helios.plugin.StubVerActivity1",
            "com.baidu.helios.plugin.StubVerActivity2",
            "com.baidu.helios.plugin.StubVerActivity3",
            "com.baidu.helios.plugin.StubVerActivity4",
            "com.baidu.helios.plugin.StubVerActivity5",
            "com.baidu.helios.plugin.StubVerActivity6",
            "com.baidu.helios.plugin.StubVerActivity7",
            "com.baidu.live.activity.TransparentActivity",
            "com.baidu.live.gift.AlaGiftLuckyStarActivity",
            "com.baidu.live.gift.container.AlaGiftTabActivity",
            "com.baidu.live.master.AlaLiveEndActivity",
            "com.baidu.live.master.AlaMasterLiveRoomActivity",
            "com.baidu.live.master.activity.EditLiveVoteActivity",
            "com.baidu.live.master.activity.VoteListActivity",
            "com.baidu.live.master.ala.person.PersonCardActivity",
            "com.baidu.live.master.gift.AlaGiftLuckyStarActivity",
            "com.baidu.live.master.gift.container.AlaGiftTabActivity",
            "com.baidu.live.master.prepare.AlaLiveCategorySelectActivity",
            "com.baidu.live.master.prepare.AlaLiveGoodsActivity",
            "com.baidu.live.master.prepare.AlaLiveIntroActivity",
            "com.baidu.live.master.prepare.AlaLiveMoreInfoActivity",
            "com.baidu.live.master.prepare.AlaLiveSuitableActivity",
            "com.baidu.live.master.prepare.AlaLiveTagEditActivity",
            "com.baidu.live.master.prepare.AlaLiveVoteEditActivity",
            "com.baidu.live.master.prepare.AlaLiveVoteListActivity",
            "com.baidu.live.master.sdk.activity.CommonWebViewActivity",
            "com.baidu.live.master.sdk.activity.LivePlayerActivity",
            "com.baidu.live.master.tieba.personextra.EditHeadActivity",
            "com.baidu.live.master.tieba.write.album.AlbumActivity",
            "com.baidu.live.tbadk.coreextra.NoNetworkMoreActivity",
            "com.baidu.live.tieba.personextra.EditHeadActivity",
            "com.baidu.live.tieba.write.album.AlbumActivity",
            "com.baidu.megapp.proxy.activity.ActivityGroupProxy",
            "com.baidu.megapp.proxy.activity.ActivityGroupProxyExt",
            "com.baidu.megapp.proxy.activity.ActivityGroupProxyTranslucent",
            "com.baidu.megapp.proxy.activity.ActivityGroupProxyTranslucentExt",
            "com.baidu.megapp.proxy.activity.ActivityProxy",
            "com.baidu.megapp.proxy.activity.ActivityProxyExt",
            "com.baidu.megapp.proxy.activity.ActivityProxyTranslucent",
            "com.baidu.megapp.proxy.activity.ActivityProxyTranslucentExt",
            "com.baidu.megapp.proxy.activity.DialogActivityProxy",
            "com.baidu.megapp.proxy.activity.DialogActivityProxyExt",
            "com.baidu.megapp.proxy.activity.FragmentActivityProxy",
            "com.baidu.megapp.proxy.activity.FragmentActivityProxyExt",
            "com.baidu.megapp.proxy.activity.FragmentActivityProxyTranslucent",
            "com.baidu.megapp.proxy.activity.FragmentActivityProxyTranslucentExt",
            "com.baidu.megapp.proxy.activity.PreferenceActivityProxy",
            "com.baidu.megapp.proxy.activity.PreferenceActivityProxyExt",
            "com.baidu.megapp.proxy.activity.PreferenceActivityProxyTranslucent",
            "com.baidu.megapp.proxy.activity.PreferenceActivityProxyTranslucentExt",
            "com.baidu.megapp.proxy.activity.RootActivity",
            "com.baidu.megapp.proxy.activity.RootActivityExt",
            "com.baidu.megapp.proxy.activity.TabActivityProxy",
            "com.baidu.megapp.proxy.activity.TabActivityProxyExt",
            "com.baidu.megapp.proxy.activity.TabActivityProxyTranslucent",
            "com.baidu.megapp.proxy.activity.TabActivityProxyTranslucentExt",
            "com.baidu.mobads.sdk.api.BdShellActivity",
            "com.baidu.pass.biometrics.face.liveness.activity.LivenessLoadingActivity",
            "com.baidu.pass.biometrics.face.liveness.activity.LivenessRecogActivity",
            "com.baidu.pass.biometrics.face.liveness.activity.PassLivenessRecogActivity",
            "com.baidu.pass.permissions.PermissionsHelperActivity",
            "com.baidu.poly.widget.PayWebActivity",
            "com.baidu.poly.widget.PolyActivity",
            "com.baidu.sapi2.activity.AccountCenterActivity",
            "com.baidu.sapi2.activity.AccountCenterExternalActivity",
            "com.baidu.sapi2.activity.AccountRealNameActivity",
            "com.baidu.sapi2.activity.AccountToolsActivity",
            "com.baidu.sapi2.activity.AuthWidgetActivity",
            "com.baidu.sapi2.activity.BindWidgetActivity",
            "com.baidu.sapi2.activity.ChildVerifyActivity",
            "com.baidu.sapi2.activity.ForgetPwdActivity",
            "com.baidu.sapi2.activity.GetContactActivty",
            "com.baidu.sapi2.activity.GrantWebActivity",
            "com.baidu.sapi2.activity.HorizontalScreenLoginActivity",
            "com.baidu.sapi2.activity.IdCardOcrCameraActivity",
            "com.baidu.sapi2.activity.ImageClipActivity",
            "com.baidu.sapi2.activity.LoadExternalWebViewActivity",
            "com.baidu.sapi2.activity.LoginActivity",
            "com.baidu.sapi2.activity.NormalizeGuestAccountActivity",
            "com.baidu.sapi2.activity.OauthActivity",
            "com.baidu.sapi2.activity.QrLoginActivity",
            "com.baidu.sapi2.activity.RegisterActivity",
            "com.baidu.sapi2.activity.RemoteProcessWebviewActivity",
            "com.baidu.sapi2.activity.ShareActivity",
            "com.baidu.sapi2.activity.ShareResultProxyActivity",
            "com.baidu.sapi2.activity.SwitchAccountActivity",
            "com.baidu.sapi2.activity.social.FacebookSSOLoginActivity",
            "com.baidu.sapi2.activity.social.GlorySSOLoginActivity",
            "com.baidu.sapi2.activity.social.GoogleSSOLoginActivity",
            "com.baidu.sapi2.activity.social.HuaweiSSOLoginActivity",
            "com.baidu.sapi2.activity.social.MeizuSSOLoginActivity",
            "com.baidu.sapi2.activity.social.QQOauthLoginActivity",
            "com.baidu.sapi2.activity.social.QQSSOLoginActivity",
            "com.baidu.sapi2.activity.social.SinaSSOLoginActivity",
            "com.baidu.sapi2.activity.social.TwitterSSOLoginActivity",
            "com.baidu.sapi2.activity.social.WXLoginActivity",
            "com.baidu.sapi2.activity.social.XiaomiSSOLoginActivity",
            "com.baidu.sapi2.activity.social.YYSSOLoginActivity",
            "com.baidu.sapi2.ecommerce.activity.AddressEditActivity",
            "com.baidu.sapi2.ecommerce.activity.AddressListActivity",
            "com.baidu.sapi2.ecommerce.activity.GetContactActivty",
            "com.baidu.sapi2.ecommerce.activity.InvoiceBuildActivity",
            "com.baidu.sapi2.ecommerce.activity.InvoiceBuildExternalActivity",
            "com.baidu.sapi2.ecommerce.activity.MapLocationAddrActivity",
            "com.baidu.sapi2.permissions.PermissionsHelperActivity",
            "com.baidu.sapi2.share.ShareActivity",
            "com.baidu.searchbox.SchemeNotSupportDialogActivity",
            "com.baidu.searchbox.account.AccountShareLoginProxyActivity",
            "com.baidu.searchbox.account.dialog.HalfScreenDialogActivity",
            "com.baidu.searchbox.account.dialog.NickNameDialogActivity",
            "com.baidu.searchbox.account.userinfo.activity.AccountBirthdayEditActivity",
            "com.baidu.searchbox.account.userinfo.activity.AccountCenterProxyActivity",
            "com.baidu.searchbox.account.userinfo.activity.AccountNickNameActivity",
            "com.baidu.searchbox.account.userinfo.activity.AccountUserGenderActivity",
            "com.baidu.searchbox.account.userinfo.activity.AccountUserInfoEditActivity",
            "com.baidu.searchbox.account.userinfo.activity.AccountUserNameActivity",
            "com.baidu.searchbox.account.userinfo.activity.AccountUserSignatureActivity",
            "com.baidu.searchbox.account.userinfo.activity.PortraitSettingActivity",
            "com.baidu.searchbox.account.userinfo.activity.ProvinceCityActivity",
            "com.baidu.searchbox.account.userinfo.activity.UserInfoCompleteActivity",
            "com.baidu.searchbox.ad.dazzle.view.DazzleActivity",
            "com.baidu.searchbox.aps.base.ui.PluginActivityDialog",
            "com.baidu.searchbox.aps.center.PluginRestartInstallActivity",
            "com.baidu.searchbox.comment.CommentActivity",
            "com.baidu.searchbox.comment.CommentDetailActivity",
            "com.baidu.searchbox.comment.vote.CreateVoteActivity",
            "com.baidu.searchbox.discovery.picture.LightPictureBrowseActivity",
            "com.baidu.searchbox.feed.ad.AdInterruptDialogActivity",
            "com.baidu.searchbox.live.list.LiveListActivity",
            "com.baidu.searchbox.live.liveshow.LiveShowActivity",
            "com.baidu.searchbox.network.netcheck.view.NetCheckActivity",
            "com.baidu.searchbox.permission.PermissionActivity",
            "com.baidu.searchbox.process.ipc.agent.activity.MainProcessDelegateActivity",
            "com.baidu.searchbox.process.ipc.agent.activity.MegPluginDelegateActivity",
            "com.baidu.searchbox.process.ipc.agent.activity.PluginDelegateActivity",
            "com.baidu.searchbox.simcard.SimcardBindPageActivity",
            "com.baidu.searchbox.socialshare.baidu.bdshare.BDShareEntryActivity",
            "com.baidu.searchbox.ugc.activity.CommonPublishActivity",
            "com.baidu.searchbox.ugc.activity.ForwardPublishActivity",
            "com.baidu.searchbox.ugc.activity.LocalAlbumActivity",
            "com.baidu.searchbox.ugc.activity.LocalAlbumDelegateActivity",
            "com.baidu.searchbox.ugc.activity.LocalAlbumPluginProxyActivity",
            "com.baidu.searchbox.ugc.activity.LocalPhotoPreviewActivity",
            "com.baidu.searchbox.ugc.activity.PickImageActivity",
            "com.baidu.searchbox.ugc.activity.QuestionsPublishActivity",
            "com.baidu.searchbox.ugc.activity.ReplyPublishActivity",
            "com.baidu.searchbox.ugc.activity.TextImagePublishActivity",
            "com.baidu.searchbox.ugc.activity.UgcOutboxActivity",
            "com.baidu.searchbox.ugc.activity.VideoPublishActivity",
            "com.baidu.searchbox.ugc.dialog.UGCBoxActivityDialog",
            "com.baidu.searchbox.ugc.lightbrowser.LightBrowserActivity",
            "com.baidu.share.core.handler.transactivity.BaiduHiSwanTransActivity",
            "com.baidu.share.core.handler.transactivity.BaiduHiTransActivity",
            "com.baidu.share.core.handler.transactivity.QQShareTransActivity",
            "com.baidu.share.core.handler.transactivity.QZoneShareTransActivity",
            "com.baidu.share.core.handler.transactivity.SystemShareTransActivity",
            "com.baidu.share.core.handler.transactivity.WeiboShareTransActivity",
            "com.baidu.share.core.handler.transactivity.WeiboSwanShareTransActivity",
            "com.baidu.sofire.MyActivity",
            "com.baidu.swan.apps.SwanAppActivity",
            "com.baidu.swan.apps.SwanAppActivity1",
            "com.baidu.swan.apps.SwanAppActivity2",
            "com.baidu.swan.apps.SwanAppActivity3",
            "com.baidu.swan.apps.SwanAppActivity4",
            "com.baidu.swan.apps.SwanAppActivity5",
            "com.baidu.swan.apps.SwanAppClearCacheErrorActivity",
            "com.baidu.swan.apps.SwanAppErrorActivity",
            "com.baidu.swan.apps.SwanAppLauncherActivity",
            "com.baidu.swan.apps.SwanAppScopeDetailActivity",
            "com.baidu.swan.apps.SwanRelayActivity",
            "com.baidu.swan.apps.console.debugger.adbdebug.SwanAppAdbDebugActivity",
            "com.baidu.swan.apps.media.chooser.activity.SwanAppAlbumActivity",
            "com.baidu.swan.apps.media.chooser.activity.SwanAppAlbumPreviewActivity",
            "com.baidu.swan.apps.view.SwanAppErrorDialog",
            "com.baidu.swan.bdprivate.extensions.loginauthmobile.LoginAndGetMobileActivity",
            "com.baidu.swan.bdprivate.extensions.loginauthmobile.LoginServiceAgreementActivity",
            "com.baidu.swan.facade.picture.wallpaper.PictureWallpaperActivity",
            "com.baidu.swan.facade.requred.webview.LoadingActivity",
            "com.baidu.swan.trace.activity.TraceInfoActivity",
            "com.baidu.swap.YJSwanDispatcherActivity",
            "com.baidu.tieba.ala.AlaChooseGiftActivity",
            "com.baidu.tieba.ala.AlaDeleteWishActivity",
            "com.baidu.tieba.ala.AlaFeedBackEditActivity",
            "com.baidu.tieba.ala.AlaFeedBackReasonActivity",
            "com.baidu.tieba.ala.AlaLiveAddWishActivity",
            "com.baidu.tieba.ala.AlaLiveWishListActivity",
            "com.baidu.tieba.ala.AlaRankListActivity",
            "com.baidu.tieba.ala.AlaRankListPKStatusActivity",
            "com.baidu.tieba.ala.AlaRedPacketSnatchResultActivity",
            "com.baidu.tieba.ala.AlaRedPktSendActivity",
            "com.baidu.tieba.ala.AlaSnatchRedPacketActivity",
            "com.baidu.tieba.ala.AlaWishListActivity",
            "com.baidu.tieba.ala.category.AlaLiveCategoryActivity",
            "com.baidu.tieba.ala.category.AlaLiveTagActivity",
            "com.baidu.tieba.ala.charm.ALaCharmCardActivity",
            "com.baidu.tieba.ala.charm.CharmRankTotalActivity",
            "com.baidu.tieba.ala.guardclub.GuardClubInfoActivity",
            "com.baidu.tieba.ala.guardclub.GuardClubJoinListActivity",
            "com.baidu.tieba.ala.guardclub.GuardClubMemberListActivity",
            "com.baidu.tieba.ala.guardclub.GuardClubRankActivity",
            "com.baidu.tieba.ala.guardthrone.NewThroneAndNobleActivity",
            "com.baidu.tieba.ala.headline.dialog.AlaHeadlineActivity",
            "com.baidu.tieba.ala.live.AlaSdkWalletActivity",
            "com.baidu.tieba.ala.live.AlaSdkWalletOpaqueActivity",
            "com.baidu.tieba.ala.live.personcenter.admin.AlaAdminListActivity",
            "com.baidu.tieba.ala.live.personcenter.exp.AlaPersonCenterExpActivity",
            "com.baidu.tieba.ala.live.personcenter.fans.PersonListActivity",
            "com.baidu.tieba.ala.live.personcenter.forbidden.AlaForbiddenListActivity",
            "com.baidu.tieba.ala.live.personcenter.guardian.AlaGuardianListActivity",
            "com.baidu.tieba.ala.liveroom.AlaLiveEndActivity",
            "com.baidu.tieba.ala.liveroom.AlaLiveFloatWindowActivity",
            "com.baidu.tieba.ala.liveroom.challenge.AlaChallengeShowAllJinzhuActivity",
            "com.baidu.tieba.ala.liveroom.master.AlaMasterLiveRoomActivity",
            "com.baidu.tieba.ala.livewishlist.AlaMyAssistWishActivity",
            "com.baidu.tieba.ala.person.PersonCardActivity",
            "com.baidu.tieba.ala.poke.AlaPokeDialogActivity",
            "com.baidu.tieba.live.tbean.BuyTBeanActivity",
            "com.baidu.tieba.live.tbean.BuyTBeanFullscreenActivity",
            "com.baidu.tieba.sdk.activity.CommonWebViewActivity",
            "com.baidu.tieba.sdk.activity.CommonWebViewFullActivity",
            "com.baidu.tieba.sdk.activity.TransparentLoadingActivity",
            "com.baidu.ufosdk.hybrid.base.WebLoaderActivity",
            "com.baidu.ufosdk.screencapedt.ScreenCapEditActivity",
            "com.baidu.ufosdk.ui.FeedbackEditActivity",
            "com.baidu.ufosdk.ui.FeedbackImageViewFlipperActivity",
            "com.baidu.ufosdk.ui.FeedbackInputActivity",
            "com.baidu.ufosdk.ui.FeedbackListActivity",
            "com.baidu.ufosdk.ui.FeedbackReportActivity",
            "com.baidu.wallet.base.widget.LoadingActivity",
            "com.baidu.wallet.core.permission.PermissionActivity",
            "com.baidu.wallet.lightapp.ability.proxy.SelectAddressProxy",
            "com.baidu.wallet.lightapp.business.LightappBrowseActivity",
            "com.baidu.wallet.lightapp.multipage.LangbridgeActivity",
            "com.baidu.wallet.newbindcard.ui.NewBindCardEnterActivity",
            "com.baidu.wallet.newbindcard.ui.NewBindCardMainActivity",
            "com.baidu.wallet.newbindcard.ui.NewCheckPwdActivity",
            "com.baidu.wallet.newbindcard.ui.NewCheckSmsActivity",
            "com.baidu.wallet.newbindcard.ui.NewSetPwdActivity",
            "com.baidu.wallet.passport.PassSMSAuthProxyActivity",
            "com.baidu.wallet.paysdk.fingerprint.ui.DxmCheckFingerprintActivity",
            "com.baidu.wallet.paysdk.fingerprint.ui.FingerprintOpenGuideActivity",
            "com.baidu.wallet.paysdk.payresult.view.WalletPayResultCommonActivity",
            "com.baidu.wallet.paysdk.ui.AuthorizeSignActivity",
            "com.baidu.wallet.paysdk.ui.BindCardImplActivity",
            "com.baidu.wallet.paysdk.ui.BindCardProtocolActivity",
            "com.baidu.wallet.paysdk.ui.BusinessSignedGuideActivity",
            "com.baidu.wallet.paysdk.ui.CardInfoCheckActivity",
            "com.baidu.wallet.paysdk.ui.CouponListActivity",
            "com.baidu.wallet.paysdk.ui.H5PayWebViewActivity",
            "com.baidu.wallet.paysdk.ui.OrderConfirmActivity",
            "com.baidu.wallet.paysdk.ui.PayTypeActivity",
            "com.baidu.wallet.paysdk.ui.PostWebviewActivity",
            "com.baidu.wallet.paysdk.ui.PwdCheckActivity",
            "com.baidu.wallet.paysdk.ui.PwdPayActivity",
            "com.baidu.wallet.paysdk.ui.PwdSetAndConfirmActivity",
            "com.baidu.wallet.paysdk.ui.SelectBindCardActivity",
            "com.baidu.wallet.paysdk.ui.SignChannelListActivity",
            "com.baidu.wallet.paysdk.ui.VoiceVerifyActivity",
            "com.baidu.wallet.paysdk.ui.WalletSmsActivity",
            "com.baidu.wallet.paysdk.ui.WelcomeActivity",
            "com.baidu.wallet.paysdk.ui.WithholdPayActivity",
            "com.baidu.wallet.remotepay.RemotePayEnterActivity",
            "com.baidu.wallet.remotepay.RemotePaySplashActivity",
            "com.baidu.wallet.scheme.WalletSchemeActivity",
            "com.baidu.webkit.sdk.PermissionActivity",
            "com.dxmpay.wallet.base.widget.LoadingActivity",
            "com.dxmpay.wallet.passport.PassSMSAuthProxyActivity",
            "com.dxmpay.wallet.paysdk.ui.PassNormalizeActivity",
            "com.dxmpay.wallet.paysdk.ui.WebViewActivity",
            "com.google.ar.core.InstallActivity",
            "com.sdk.base.module.permission.PermissionActivity",
            "com.sina.weibo.sdk.share.WbShareResultActivity",
            "com.sina.weibo.sdk.share.WbShareToStoryActivity",
            "com.sina.weibo.sdk.share.WbShareTransActivity",
            "com.sina.weibo.sdk.web.WeiboSdkWebActivity",
            "com.tencent.connect.common.AssistActivity",
            "com.tencent.tauth.AuthActivity",
            "com.yy.open.activity.AssistActivity",
            "com.yy.open.activity.BridgeActivity",
            "pub.devrel.easypermissions.AppSettingsDialogHolderActivity"
        ],
        "services": [
            "com.baidu.android.pushservice.CommandService",
            "com.baidu.android.pushservice.PushService",
            "com.baidu.android.pushservice.job.PushJobService",
            "com.baidu.crashpad.DumperService",
            "com.baidu.location.f",
            "com.baidu.megapp.proxy.service.IntentServiceProxy1",
            "com.baidu.megapp.proxy.service.IntentServiceProxy10",
            "com.baidu.megapp.proxy.service.IntentServiceProxy2",
            "com.baidu.megapp.proxy.service.IntentServiceProxy3",
            "com.baidu.megapp.proxy.service.IntentServiceProxy4",
            "com.baidu.megapp.proxy.service.IntentServiceProxy5",
            "com.baidu.megapp.proxy.service.IntentServiceProxy6",
            "com.baidu.megapp.proxy.service.IntentServiceProxy7",
            "com.baidu.megapp.proxy.service.IntentServiceProxy8",
            "com.baidu.megapp.proxy.service.IntentServiceProxy9",
            "com.baidu.megapp.proxy.service.IntentServiceProxyExt1",
            "com.baidu.megapp.proxy.service.IntentServiceProxyExt10",
            "com.baidu.megapp.proxy.service.IntentServiceProxyExt2",
            "com.baidu.megapp.proxy.service.IntentServiceProxyExt3",
            "com.baidu.megapp.proxy.service.IntentServiceProxyExt4",
            "com.baidu.megapp.proxy.service.IntentServiceProxyExt5",
            "com.baidu.megapp.proxy.service.IntentServiceProxyExt6",
            "com.baidu.megapp.proxy.service.IntentServiceProxyExt7",
            "com.baidu.megapp.proxy.service.IntentServiceProxyExt8",
            "com.baidu.megapp.proxy.service.IntentServiceProxyExt9",
            "com.baidu.megapp.proxy.service.ServiceProxy1",
            "com.baidu.megapp.proxy.service.ServiceProxy10",
            "com.baidu.megapp.proxy.service.ServiceProxy2",
            "com.baidu.megapp.proxy.service.ServiceProxy3",
            "com.baidu.megapp.proxy.service.ServiceProxy4",
            "com.baidu.megapp.proxy.service.ServiceProxy5",
            "com.baidu.megapp.proxy.service.ServiceProxy6",
            "com.baidu.megapp.proxy.service.ServiceProxy7",
            "com.baidu.megapp.proxy.service.ServiceProxy8",
            "com.baidu.megapp.proxy.service.ServiceProxy9",
            "com.baidu.megapp.proxy.service.ServiceProxyExt1",
            "com.baidu.megapp.proxy.service.ServiceProxyExt10",
            "com.baidu.megapp.proxy.service.ServiceProxyExt2",
            "com.baidu.megapp.proxy.service.ServiceProxyExt3",
            "com.baidu.megapp.proxy.service.ServiceProxyExt4",
            "com.baidu.megapp.proxy.service.ServiceProxyExt5",
            "com.baidu.megapp.proxy.service.ServiceProxyExt6",
            "com.baidu.megapp.proxy.service.ServiceProxyExt7",
            "com.baidu.megapp.proxy.service.ServiceProxyExt8",
            "com.baidu.megapp.proxy.service.ServiceProxyExt9",
            "com.baidu.netdisk.transfer.controller.NetdiskService",
            "com.baidu.pushservice.PushService",
            "com.baidu.searchbox.aps.invoker.process.HostPluginService",
            "com.baidu.searchbox.aps.invoker.process.MegappPluginService",
            "com.baidu.searchbox.floating.service.FloatViewService",
            "com.baidu.searchbox.logsystem.basic.LokiService",
            "com.baidu.searchbox.player.remote.BDRemotePlayerService",
            "com.baidu.sofire.MyService",
            "com.baidu.swan.apps.media.audio.service.SwanAppAudioService",
            "com.baidu.swan.apps.process.messaging.client.SwanAppLocalService",
            "com.baidu.swan.apps.process.messaging.client.SwanAppLocalService1",
            "com.baidu.swan.apps.process.messaging.client.SwanAppLocalService2",
            "com.baidu.swan.apps.process.messaging.client.SwanAppLocalService3",
            "com.baidu.swan.apps.process.messaging.client.SwanAppLocalService4",
            "com.baidu.swan.apps.process.messaging.client.SwanAppLocalService5",
            "com.baidu.swan.apps.process.messaging.service.SwanAppMessengerService",
            "com.baidu.swan.game.ad.downloader.core.AdDownloadService",
            "com.baidu.webkit.sdk.DumperService",
            "com.baidu.webkit.sdk.WebViewRendererService0",
            "com.baidu.webkit.sdk.WebViewRendererService1",
            "com.baidu.webkit.sdk.WebViewRendererService2",
            "com.heytap.mcssdk.AppPushService",
            "com.heytap.mcssdk.PushService",
            "com.meizu.cloud.pushsdk.NotificationService",
            "com.vivo.push.sdk.service.CommandClientService",
            "com.xiaomi.mipush.sdk.MessageHandleService",
            "com.xiaomi.mipush.sdk.PushMessageHandler"
        ],
        "receivers": [
            "com.baidu.android.commmon.utils.GalaxyProvider",
            "com.baidu.android.pushservice.MzPushPatchMessageReceiver",
            "com.baidu.android.pushservice.PushPatchMessageReceiver",
            "com.baidu.android.pushservice.PushServiceReceiver",
            "com.baidu.android.pushservice.PushSystemNotifyReceiver",
            "com.baidu.android.pushservice.RegistrationReceiver",
            "com.baidu.android.pushservice.viproxy.ViPushMessageReceiver",
            "com.baidu.autocar.push.MyPushReceiver",
            "com.baidu.autocar.ufosdk.UfoCustomReceiver",
            "com.baidu.helios.DummyProvider",
            "com.baidu.megapp.proxy.BroadcastReceiverProxy",
            "com.baidu.megapp.proxy.BroadcastReceiverProxyExt",
            "com.baidu.netdisk.account.AccountChangeBroadcastReceiver",
            "com.baidu.searchbox.DownloadInstallReceiver",
            "com.baidu.searchbox.ad.download.manager.AdNotificationStatusReceiver",
            "com.baidu.searchbox.download.component.DownloadReceiver",
            "com.baidu.swan.uuid.sync.SyncProvider",
            "com.meizu.cloud.pushsdk.SystemReceiver"
        ]
    },
    "stats": {
        "dex_count": 7,
        "native_lib_count": 80
    },
    "jadx": {
        "status": "ok",
        "duration_sec": 102.18,
        "sources_present": true,
        "java_file_count": 25216
    },
    "ast_analysis": {
        "location": 9,
        "microphone": 8,
        "camera": 105,
        "media_projection": 4,
        "dynamic_load": 0,
        "jni": 72
    },
    "analysis_state": "complete"
}