{
    "apk_name": "EE1034FDBCDF6E71D9F0BC2EB6A3646B6CD68C7A08AD120C9D0F69CC5B229332",
    "sha256": "ee1034fdbcdf6e71d9f0bc2eb6a3646b6cd68c7a08ad120c9d0f69cc5b229332",
    "metadata": {
        "package_name": "com.qiyi.video.reader",
        "version_code": "5111",
        "version_name": "5.11.0",
        "min_sdk": "21",
        "target_sdk": "27",
        "permissions": [
            "android.permission.ACCESS_NETWORK_STATE",
            "android.permission.ACCESS_WIFI_STATE",
            "android.permission.BIND_JOB_SERVICE",
            "android.permission.BLUETOOTH",
            "android.permission.BLUETOOTH_CONNECT",
            "android.permission.CAMERA",
            "android.permission.CHANGE_NETWORK_STATE",
            "android.permission.CHANGE_WIFI_STATE",
            "android.permission.DISABLE_KEYGUARD",
            "android.permission.FOREGROUND_SERVICE",
            "android.permission.INTERNET",
            "android.permission.KILL_BACKGROUND_PROCESSES",
            "android.permission.MODIFY_AUDIO_SETTINGS",
            "android.permission.QUERY_ALL_PACKAGES",
            "android.permission.READ_EXTERNAL_STORAGE",
            "android.permission.READ_PHONE_STATE",
            "android.permission.RECEIVE_BOOT_COMPLETED",
            "android.permission.REORDER_TASKS",
            "android.permission.REQUEST_INSTALL_PACKAGES",
            "android.permission.SYSTEM_ALERT_WINDOW",
            "android.permission.VIBRATE",
            "android.permission.WAKE_LOCK",
            "android.permission.WRITE_EXTERNAL_STORAGE",
            "com.android.launcher.permission.INSTALL_SHORTCUT",
            "com.android.launcher.permission.READ_SETTINGS",
            "com.android.launcher.permission.UNINSTALL_SHORTCUT",
            "com.android.launcher.permission.WRITE_SETTINGS",
            "com.asus.msa.SupplementaryDID.ACCESS",
            "com.bbk.launcher2.permission.READ_SETTINGS",
            "com.bbk.launcher2.permission.WRITE_SETTINGS",
            "com.coloros.mcs.permission.RECIEVE_MCS_MESSAGE",
            "com.heytap.mcs.permission.RECIEVE_MCS_MESSAGE",
            "com.huawei.android.launcher.permission.CHANGE_BADGE",
            "com.huawei.android.launcher.permission.WRITE_SETTINGS",
            "com.huawei.appmarket.service.commondata.permission.GET_COMMON_DATA",
            "com.huawei.pushagent.permission.RICHMEDIA_PROVIDER",
            "com.meizu.c2dm.permission.RECEIVE",
            "com.meizu.flyme.push.permission.RECEIVE",
            "com.qiyi.video.reader.openadsdk.permission.TT_PANGOLIN",
            "com.qiyi.video.reader.permission.MIPUSH_RECEIVE",
            "com.qiyi.video.reader.permission.PROCESS_PUSH_MSG",
            "com.qiyi.video.reader.permission.PUSH_PROVIDER",
            "com.sec.android.provider.badge.permission.READ",
            "com.sec.android.provider.badge.permission.WRITE",
            "freemme.permission.msa"
        ],
        "activities": [
            "com.alipay.sdk.app.APayEntranceActivity",
            "com.alipay.sdk.app.AlipayResultActivity",
            "com.alipay.sdk.app.H5AuthActivity",
            "com.alipay.sdk.app.H5OpenAuthActivity",
            "com.alipay.sdk.app.H5PayActivity",
            "com.alipay.sdk.app.PayResultActivity",
            "com.alipay.sdk.auth.AuthActivity",
            "com.bwt.top.h5.AdSdkH5Activity",
            "com.bytedance.sdk.openadsdk.stub.activity.Stub_Activity",
            "com.bytedance.sdk.openadsdk.stub.activity.Stub_SingleTask_Activity",
            "com.bytedance.sdk.openadsdk.stub.activity.Stub_SingleTask_Activity_T",
            "com.bytedance.sdk.openadsdk.stub.activity.Stub_Standard_Activity",
            "com.bytedance.sdk.openadsdk.stub.activity.Stub_Standard_Activity_T",
            "com.bytedance.sdk.openadsdk.stub.activity.Stub_Standard_Landscape_Activity",
            "com.bytedance.sdk.openadsdk.stub.activity.Stub_Standard_Portrait_Activity",
            "com.bytedance.ttnet.debug.TTnetDebugActivity",
            "com.duxiaoman.dxmpay.miniapp.ui.MiniAppMainActivity",
            "com.duxiaoman.dxmpay.remotepay.MiniPayEntry",
            "com.facebook.react.devsupport.DevSettingsActivity",
            "com.huawei.hms.activity.BridgeActivity",
            "com.huawei.hms.activity.EnableServiceActivity",
            "com.huawei.updatesdk.service.otaupdate.AppUpdateActivity",
            "com.huawei.updatesdk.support.pm.PackageInstallerActivity",
            "com.iqiyi.commonbusiness.externalocr.activity.FMallUploadIDCardActivity",
            "com.iqiyi.commonbusiness.facecheck.FaceCheckPrepareActivity",
            "com.iqiyi.commonbusiness.idcard.activity.FCommonJsBridgeCameraActivity",
            "com.iqiyi.commonbusiness.idcard.idcardcamera.CameraActivity",
            "com.iqiyi.commonbusiness.idcard.imagecrop.ImageCropActivity",
            "com.iqiyi.commonbusiness.thirdpart.livingpayment.activity.LivingPayOpenResultActivity",
            "com.iqiyi.commonbusiness.thirdpart.vipscore.activity.VipScoreActivity",
            "com.iqiyi.commonbusiness.thirdpart.vipscore.activity.VipScoreResultActivity",
            "com.iqiyi.commoncashier.activity.QYCommonPayActivity",
            "com.iqiyi.finance.bankcardscan.ui.CaptureActivity",
            "com.iqiyi.finance.loan.finance.homepage.activity.LoanAuthPageActivity",
            "com.iqiyi.finance.loan.finance.homepage.activity.LoanAuthPageNewActivity",
            "com.iqiyi.finance.loan.finance.homepage.activity.LoanExceptionActivity",
            "com.iqiyi.finance.loan.finance.homepage.activity.LoanHomeActivity",
            "com.iqiyi.finance.loan.ownbrand.activity.ObAuthActivity",
            "com.iqiyi.finance.loan.ownbrand.activity.ObBindBankCardActivity",
            "com.iqiyi.finance.loan.ownbrand.activity.ObChannelPolicyErrorActivity",
            "com.iqiyi.finance.loan.ownbrand.activity.ObCheckActivity",
            "com.iqiyi.finance.loan.ownbrand.activity.ObCreditActivity",
            "com.iqiyi.finance.loan.ownbrand.activity.ObLoanMoneyActivity",
            "com.iqiyi.finance.loan.ownbrand.activity.ObLoanMoneyPwdSmsActivity",
            "com.iqiyi.finance.loan.ownbrand.activity.ObLoanMoneyResultActivity",
            "com.iqiyi.finance.loan.ownbrand.activity.ObOcrActivity",
            "com.iqiyi.finance.loan.ownbrand.activity.ObRepaymentStatusActivity",
            "com.iqiyi.finance.loan.ownbrand.activity.ObSupportBankListActivity",
            "com.iqiyi.finance.loan.ownbrand.activity.ObUserInfoWriteActivity",
            "com.iqiyi.finance.loan.ownbrand.activity.OwnBrandHomeAcitvity",
            "com.iqiyi.finance.loan.supermarket.activity.LoanAuthProtocolActivity",
            "com.iqiyi.finance.loan.supermarket.activity.LoanAuthenticateActivity",
            "com.iqiyi.finance.loan.supermarket.activity.LoanBankCardListActivity",
            "com.iqiyi.finance.loan.supermarket.activity.LoanBillActivity",
            "com.iqiyi.finance.loan.supermarket.activity.LoanBindCardActivity",
            "com.iqiyi.finance.loan.supermarket.activity.LoanCheckActivity",
            "com.iqiyi.finance.loan.supermarket.activity.LoanInfoSubmitActivity",
            "com.iqiyi.finance.loan.supermarket.activity.LoanMoneyActivity",
            "com.iqiyi.finance.loan.supermarket.activity.LoanMoneyWaitingResultActivity",
            "com.iqiyi.finance.loan.supermarket.activity.LoanMoreInfoSubmitActivity",
            "com.iqiyi.finance.loan.supermarket.activity.LoanOcrCheckActivity",
            "com.iqiyi.finance.loan.supermarket.activity.LoanPreCheckFailActivity",
            "com.iqiyi.finance.loan.supermarket.activity.LoanProtocolListActivity",
            "com.iqiyi.finance.loan.supermarket.activity.LoanRepaymentCheckActivity",
            "com.iqiyi.finance.loan.supermarket.activity.LoanRepaymentCountActivity",
            "com.iqiyi.finance.loan.supermarket.activity.LoanRepaymentRecordPlanActivity",
            "com.iqiyi.finance.loan.supermarket.activity.LoanSupermarketDetailActivity",
            "com.iqiyi.finance.rn.PayRnActivity",
            "com.iqiyi.finance.security.bankcard.activities.FBankCardPwdSmsActivity",
            "com.iqiyi.finance.security.bankcard.activities.WBankCardControllerActivity",
            "com.iqiyi.finance.security.bankcard.activities.WBankCardListActivity",
            "com.iqiyi.finance.security.bankcard.activities.WBankCardPayActivity",
            "com.iqiyi.finance.security.bankcard.activities.WPopBankCardListActivity",
            "com.iqiyi.finance.security.gesturelock.ui.activity.WSecurityGestureLockModifyActivity",
            "com.iqiyi.finance.security.gesturelock.ui.activity.WSecurityGestureLockSetActivity",
            "com.iqiyi.finance.security.gesturelock.ui.activity.WSecurityGestureLockVerifyActivity",
            "com.iqiyi.finance.security.pay.activities.WPayPwdControllerActivity",
            "com.iqiyi.finance.security.pay.activities.WSecuritySettingActivity",
            "com.iqiyi.finance.smallchange.oldsmallchange.activities.WBalanceActivity",
            "com.iqiyi.finance.smallchange.oldsmallchange.activities.WBalanceControllerActivity",
            "com.iqiyi.finance.smallchange.oldsmallchange.activities.WPopVerifyPwdActivity",
            "com.iqiyi.finance.smallchange.plus.activity.InterestHomeActivity",
            "com.iqiyi.finance.smallchange.plus.activity.PlusNewHomeActivity",
            "com.iqiyi.finance.smallchange.plus.activity.PlusOpenAccountResultActivity",
            "com.iqiyi.finance.smallchange.plus.activity.PlusPonitsRedeemActivity",
            "com.iqiyi.finance.smallchange.plus.activity.RechargeAndWithdrawActivity",
            "com.iqiyi.finance.smallchange.plusnew.activity.PlusAuthenticateActivity",
            "com.iqiyi.finance.smallchange.plusnew.activity.PlusBankCardScanActivity",
            "com.iqiyi.finance.smallchange.plusnew.activity.PlusHomeActivity",
            "com.iqiyi.finance.smallchange.plusnew.activity.PlusHomeOpenResultActivity",
            "com.iqiyi.finance.smallchange.plusnew.activity.PlusIntegralHomeActivity",
            "com.iqiyi.finance.smallchange.plusnew.activity.PlusRechargeWithdrawActivity",
            "com.iqiyi.finance.smallchange.plusnew.activity.PlusUploadIDCardActivity",
            "com.iqiyi.finance.wallethome.activity.WalletHomeActivity",
            "com.iqiyi.finance.wallethome.coupons.CouponsRnActivity",
            "com.iqiyi.minapp.common.SwanLoginTransferActivity",
            "com.iqiyi.minapp.common.SwanPayActivity",
            "com.iqiyi.minapp.common.share.ShareForBaiduActivity",
            "com.iqiyi.minapp.virtual.VirtualAppWebviewBaseContainer",
            "com.iqiyi.minapp.virtual.VirtualAppWebviewContainer",
            "com.iqiyi.minapps.container.VirtualAppWebViewContainer",
            "com.iqiyi.minapps.kits.activity.MiniAppAboutActivity",
            "com.iqiyi.mipush.PermissionActivity",
            "com.iqiyi.paopao.common.component.photoselector.ui.activity.CommImagePreviewActivity",
            "com.iqiyi.paopao.common.component.photoselector.ui.activity.ImageSelectActivity",
            "com.iqiyi.paopao.common.component.photoselector.ui.activity.TakePhotoActivity",
            "com.iqiyi.paopao.common.component.photoselector.ui.activity.TakePhotoEmptyActivity",
            "com.iqiyi.paopao.common.report.ReportActivity",
            "com.iqiyi.pay.webview.ExternalSdkWebView",
            "com.iqiyi.pay.webview.FinanceWebView",
            "com.iqiyi.payment.activity.DecpAccountPopActivity",
            "com.iqiyi.payment.activity.H5PayActivity",
            "com.iqiyi.pui.account.PsdkNewAccountActivity",
            "com.iqiyi.pui.login.third.QQAuthActivity",
            "com.iqiyi.pui.login.third.QQInfoActivity",
            "com.iqiyi.pui.login.third.WbAuthActivity",
            "com.iqiyi.pui.verify.PhoneUpSmsDirectActivity",
            "com.iqiyi.qyverificationcenter.WebViewActivity",
            "com.iqiyi.video.adview.activity.EasterEggGifActivity",
            "com.iqiyi.video.adview.activity.LandEasterEggGifActivity",
            "com.iqiyi.video.adview.activity.PluginEasterEggGifActivity",
            "com.iqiyi.video.qyplayersdk.debug.doctor.DebugDetailActivity",
            "com.iqiyi.video.qyplayersdk.debug.doctor.DebugInfoActivity",
            "com.iqiyi.videoview.debug.HDRDebugInfoActivity",
            "com.iqiyi.vipcashier.activity.PhonePayActivity",
            "com.iqiyi.vipcashier.activity.SinglePayActivity",
            "com.iqiyi.vipcashier.activity.VipCouponListActivity",
            "com.iqiyi.webcontainer.commonwebview.CommonWebView",
            "com.iqiyi.webcontainer.commonwebview.QYIndependentWebContainer",
            "com.iqiyi.webcontainer.interactive.QYWebContainer",
            "com.iqiyi.webview.baseline.activity.BaseLineWebActivity",
            "com.mcto.sspsdk.feedback.FeedBackActivity",
            "com.mcto.sspsdk.ssp.activity.QyDetailPageActivityNew",
            "com.mcto.sspsdk.ssp.activity.QyTrueViewActivity",
            "com.qiyi.card_tpl.DebugSettingActivity",
            "com.qiyi.chuck.internal.ui.MainActivity",
            "com.qiyi.financesdk.forpay.bankcard.activity.FBankCardPwdSmsActivity",
            "com.qiyi.financesdk.forpay.bankcard.activity.WBankCardControllerActivity",
            "com.qiyi.financesdk.forpay.bankcard.activity.WBankCardPayActivity",
            "com.qiyi.financesdk.forpay.bankcard.activity.WPopBankCardListActivity",
            "com.qiyi.financesdk.forpay.compliance.activity.UserInfoDialogActivity",
            "com.qiyi.financesdk.forpay.pwd.activity.WPayPwdControllerActivity",
            "com.qiyi.financesdk.forpay.smallchange.activity.SmallChangePlusPayActivity",
            "com.qiyi.financesdk.forpay.webview.PayWebViewActivity",
            "com.qiyi.qyreact.sample.QYReactSampleActivity",
            "com.qiyi.share.SharePanelActivity",
            "com.qiyi.share.debug.ShareSdkDebugActivity",
            "com.qiyi.share.model.SharePosterActivity",
            "com.qiyi.share.wrapper.ShareQQActivity",
            "com.qiyi.share.wrapper.ShareSinaActivity",
            "com.qiyi.video.pad.WXEntryActivity",
            "com.qiyi.video.pad.wxapi.WXPayEntryActivity",
            "com.qiyi.video.reactext.container.ReactBusinessActivity",
            "com.qiyi.video.reactext.container.ReactMainActivity",
            "com.qiyi.video.reactext.container.ReactModalActivity",
            "com.qiyi.video.reactext.container.ReactSwanActivity",
            "com.qiyi.video.reader.activity.AccountSafeActivity",
            "com.qiyi.video.reader.activity.AdSwitchManagerActivity",
            "com.qiyi.video.reader.activity.AgreeFlashActivity",
            "com.qiyi.video.reader.activity.AudioDownloadDeleteActivity",
            "com.qiyi.video.reader.activity.AudioFavoriteDeleteActivity",
            "com.qiyi.video.reader.activity.AudioRecommendFloatActivity",
            "com.qiyi.video.reader.activity.BasePayActivity",
            "com.qiyi.video.reader.activity.BookClassifyActivity",
            "com.qiyi.video.reader.activity.BookDetailActivity",
            "com.qiyi.video.reader.activity.BookIndexActivity",
            "com.qiyi.video.reader.activity.BookListActivity",
            "com.qiyi.video.reader.activity.BookRecommendFloatActivity",
            "com.qiyi.video.reader.activity.BookSpecialActivity",
            "com.qiyi.video.reader.activity.BookTTSIndexActivity",
            "com.qiyi.video.reader.activity.BrowseActivity",
            "com.qiyi.video.reader.activity.BrowseReadActivity",
            "com.qiyi.video.reader.activity.CardSecondActivity",
            "com.qiyi.video.reader.activity.ClassifyDetailActivity",
            "com.qiyi.video.reader.activity.ContentRecommendationManagerActivity",
            "com.qiyi.video.reader.activity.DfRankActivity",
            "com.qiyi.video.reader.activity.FlashActivity",
            "com.qiyi.video.reader.activity.FlashHotFrontActivity",
            "com.qiyi.video.reader.activity.FontActivity",
            "com.qiyi.video.reader.activity.GuardActivity",
            "com.qiyi.video.reader.activity.GuideActivity",
            "com.qiyi.video.reader.activity.HeifTestActivity",
            "com.qiyi.video.reader.activity.InterestChoiceActivity",
            "com.qiyi.video.reader.activity.IntroductionActivity",
            "com.qiyi.video.reader.activity.MainActivity",
            "com.qiyi.video.reader.activity.MoreSettingsActivity",
            "com.qiyi.video.reader.activity.PermissionListActivity",
            "com.qiyi.video.reader.activity.PrivacyCommonActivity",
            "com.qiyi.video.reader.activity.PrivacyOtherManagerActivity",
            "com.qiyi.video.reader.activity.RankActivity",
            "com.qiyi.video.reader.activity.RankSumActivity",
            "com.qiyi.video.reader.activity.ReadActivity",
            "com.qiyi.video.reader.activity.ReadAdRewardTipsActivity",
            "com.qiyi.video.reader.activity.ReadLevelActivity",
            "com.qiyi.video.reader.activity.ReadingRecordActivity",
            "com.qiyi.video.reader.activity.RewardActivity",
            "com.qiyi.video.reader.activity.RewardFansListActivity",
            "com.qiyi.video.reader.activity.RewardFloatActivity",
            "com.qiyi.video.reader.activity.ScreenTimeActivity",
            "com.qiyi.video.reader.activity.SelfActivity",
            "com.qiyi.video.reader.activity.SettingActivity",
            "com.qiyi.video.reader.activity.SexSelectActivity",
            "com.qiyi.video.reader.activity.ShelfRecommendBooksActivity",
            "com.qiyi.video.reader.activity.SimpleWebViewActivity",
            "com.qiyi.video.reader.activity.SplashADActivity",
            "com.qiyi.video.reader.activity.TTSLockActivity",
            "com.qiyi.video.reader.activity.UserGenesActivity",
            "com.qiyi.video.reader.activity.UserServiceAgreement",
            "com.qiyi.video.reader.base.ContainActivity",
            "com.qiyi.video.reader.base.ContainRouterActivity",
            "com.qiyi.video.reader.base.page.RedirectActivity",
            "com.qiyi.video.reader.base.page.SafePointActivity",
            "com.qiyi.video.reader.business.pullnew.MyWalletActivity",
            "com.qiyi.video.reader.business.select.SelectTabSetActivity",
            "com.qiyi.video.reader.card.v3.activity.CommonCardActivity",
            "com.qiyi.video.reader.mod.debug.ui.DebugActivity",
            "com.qiyi.video.reader.note.activity.MyNoteActivity",
            "com.qiyi.video.reader.note.activity.NoteBookIdeaActivity",
            "com.qiyi.video.reader.note.activity.NoteDetailActivity",
            "com.qiyi.video.reader.pingback.DemoPingback",
            "com.qiyi.video.reader.plugin.PluginActivity",
            "com.qiyi.video.reader.reader_mediaplayer.PlayerExampleActivity",
            "com.qiyi.video.reader.reader_message.activity.MessageCenterActivity",
            "com.qiyi.video.reader.reader_message.activity.MessageListActivity",
            "com.qiyi.video.reader.reader_message.activity.MessageNtyActivity",
            "com.qiyi.video.reader.reader_message.activity.MessageRewardDetailActivity",
            "com.qiyi.video.reader.reader_message.activity.ReaderAfficheActivity",
            "com.qiyi.video.reader.reader_search.activity.SearchActivity",
            "com.qiyi.video.reader.reader_welfare.activity.ExchangeActivity",
            "com.qiyi.video.reader.reader_welfare.activity.GiftTaskActivity",
            "com.qiyi.video.reader.reader_welfare.activity.LotteryActivity",
            "com.qiyi.video.reader.reader_welfare.activity.TimeRewardActivity",
            "com.qiyi.video.reader.wxapi.WXEntryActivity",
            "com.qiyi.video.reader.wxapi.WXPayEntryActivity",
            "com.qiyi.video.reader_audio.activity.AudioBatchDownloadActivity",
            "com.qiyi.video.reader_audio.activity.AudioDetailFloatActivity",
            "com.qiyi.video.reader_audio.activity.AudioDownloadManagerActivity",
            "com.qiyi.video.reader_audio.activity.AudioLockActivity",
            "com.qiyi.video.reader_audio.activity.ListenListActivity",
            "com.qiyi.video.reader_audio.activity.TestActivity",
            "com.qiyi.video.reader_community.chapter.ChapterCommentListActivity",
            "com.qiyi.video.reader_community.circle.activity.CircleActivity",
            "com.qiyi.video.reader_community.circle.activity.CircleListActivity",
            "com.qiyi.video.reader_community.feed.activity.FeedDetailActivity",
            "com.qiyi.video.reader_community.feed.activity.NoteDetailActivity",
            "com.qiyi.video.reader_community.shudan.activity.BookListAddBookActivity",
            "com.qiyi.video.reader_community.shudan.activity.CreateBookListActivity",
            "com.qiyi.video.reader_community.shudan.activity.RCommentDetailActivity",
            "com.qiyi.video.reader_community.shudan.activity.ShudanDetailActivity",
            "com.qiyi.video.reader_community.shudan.activity.ShudansActivity",
            "com.qiyi.video.reader_community.shudan.dialog.BookRecommendDialog",
            "com.qiyi.video.reader_login.passportsdkdemo.sdklogin.QQAuthActivityDeleted",
            "com.qiyi.video.reader_login.passportsdkdemo.sdklogin.QQInfoActivityDeleted",
            "com.qiyi.video.reader_login.passportsdkdemo.sdklogin.WbAuthActivityDeleted",
            "com.qiyi.video.reader_member.activity.MemberBuyActivity",
            "com.qiyi.video.reader_member.activity.MemberClassifyActivity",
            "com.qiyi.video.reader_member.activity.MemberManagerActivity",
            "com.qiyi.video.reader_member.activity.MemberPrivilegeActivity",
            "com.qiyi.video.reader_member.activity.PayResultFailActivity",
            "com.qiyi.video.reader_member.activity.PayResultSuccessActivity",
            "com.qiyi.video.reader_member.activity.ReadMemberBuyActivity",
            "com.qiyi.video.reader_member.activity.RightsInterestsActivity",
            "com.qiyi.video.reader_member.activity.VipAutoRenewActivity",
            "com.qiyi.video.reader_pay.record.activity.RecordPurchaseActivity",
            "com.qiyi.video.reader_pay.record.activity.RecordRechargeActivity",
            "com.qiyi.video.reader_pay.voucher.activity.ChapterUnlockTicketActivity",
            "com.qiyi.video.reader_pay.voucher.activity.VoucherActivity",
            "com.qiyi.video.reader_pay.wallet.MyNewWalletActivity",
            "com.qiyi.video.reader_publisher.preview.reader.PreviewPicActivity",
            "com.qiyi.video.reader_publisher.publish.activity.CommImagePreviewActivity",
            "com.qiyi.video.reader_publisher.publish.activity.ImageSelectActivity",
            "com.qiyi.video.reader_publisher.publish.activity.PicTextPublisherActivity",
            "com.qiyi.video.reader_publisher.publish.activity.TopicListActivity",
            "com.qiyi.video.reader_video.player.TestActivity",
            "com.qiyi.video.wxapi.WXPayEntryActivity",
            "com.qiyi.xplugin.debug.XPluginTransferActivity",
            "com.qq.e.ads.ADActivity",
            "com.qq.e.ads.DialogActivity",
            "com.qq.e.ads.LandscapeADActivity",
            "com.qq.e.ads.PortraitADActivity",
            "com.qq.e.ads.RewardvideoLandscapeADActivity",
            "com.qq.e.ads.RewardvideoPortraitADActivity",
            "com.reactext.container.ReactMainActivity",
            "com.sina.weibo.sdk.share.ShareTransActivity",
            "com.sina.weibo.sdk.web.WebActivity",
            "com.ss.android.downloadlib.activity.JumpKllkActivity",
            "com.ss.android.downloadlib.activity.TTDelegateActivity",
            "com.ss.android.downloadlib.addownload.compliance.AppDetailInfoActivity",
            "com.ss.android.downloadlib.addownload.compliance.AppPrivacyPolicyActivity",
            "com.ss.android.socialbase.appdownloader.view.DownloadTaskDeleteActivity",
            "com.ss.android.socialbase.appdownloader.view.JumpUnknownSourceActivity",
            "com.tencent.connect.common.AssistActivity",
            "com.tencent.tauth.AuthActivity",
            "com.tencent.tinker.loader.hotplug.ActivityStubs$SGTKStub_00",
            "com.tencent.tinker.loader.hotplug.ActivityStubs$SGTKStub_00_T",
            "com.tencent.tinker.loader.hotplug.ActivityStubs$SGTKStub_01",
            "com.tencent.tinker.loader.hotplug.ActivityStubs$SGTKStub_01_T",
            "com.tencent.tinker.loader.hotplug.ActivityStubs$SGTKStub_02",
            "com.tencent.tinker.loader.hotplug.ActivityStubs$SGTKStub_02_T",
            "com.tencent.tinker.loader.hotplug.ActivityStubs$SGTKStub_03",
            "com.tencent.tinker.loader.hotplug.ActivityStubs$SGTKStub_04",
            "com.tencent.tinker.loader.hotplug.ActivityStubs$SGTKStub_05",
            "com.tencent.tinker.loader.hotplug.ActivityStubs$SGTKStub_06",
            "com.tencent.tinker.loader.hotplug.ActivityStubs$SGTKStub_07",
            "com.tencent.tinker.loader.hotplug.ActivityStubs$SGTKStub_08",
            "com.tencent.tinker.loader.hotplug.ActivityStubs$SGTKStub_09",
            "com.tencent.tinker.loader.hotplug.ActivityStubs$SGTStub_00",
            "com.tencent.tinker.loader.hotplug.ActivityStubs$SGTStub_00_T",
            "com.tencent.tinker.loader.hotplug.ActivityStubs$SGTStub_01",
            "com.tencent.tinker.loader.hotplug.ActivityStubs$SGTStub_01_T",
            "com.tencent.tinker.loader.hotplug.ActivityStubs$SGTStub_02",
            "com.tencent.tinker.loader.hotplug.ActivityStubs$SGTStub_02_T",
            "com.tencent.tinker.loader.hotplug.ActivityStubs$SGTStub_03",
            "com.tencent.tinker.loader.hotplug.ActivityStubs$SGTStub_04",
            "com.tencent.tinker.loader.hotplug.ActivityStubs$SGTStub_05",
            "com.tencent.tinker.loader.hotplug.ActivityStubs$SGTStub_06",
            "com.tencent.tinker.loader.hotplug.ActivityStubs$SGTStub_07",
            "com.tencent.tinker.loader.hotplug.ActivityStubs$SGTStub_08",
            "com.tencent.tinker.loader.hotplug.ActivityStubs$SGTStub_09",
            "com.tencent.tinker.loader.hotplug.ActivityStubs$SIStub_00",
            "com.tencent.tinker.loader.hotplug.ActivityStubs$SIStub_00_T",
            "com.tencent.tinker.loader.hotplug.ActivityStubs$SIStub_01",
            "com.tencent.tinker.loader.hotplug.ActivityStubs$SIStub_01_T",
            "com.tencent.tinker.loader.hotplug.ActivityStubs$SIStub_02",
            "com.tencent.tinker.loader.hotplug.ActivityStubs$SIStub_02_T",
            "com.tencent.tinker.loader.hotplug.ActivityStubs$SIStub_03",
            "com.tencent.tinker.loader.hotplug.ActivityStubs$SIStub_04",
            "com.tencent.tinker.loader.hotplug.ActivityStubs$SIStub_05",
            "com.tencent.tinker.loader.hotplug.ActivityStubs$SIStub_06",
            "com.tencent.tinker.loader.hotplug.ActivityStubs$SIStub_07",
            "com.tencent.tinker.loader.hotplug.ActivityStubs$SIStub_08",
            "com.tencent.tinker.loader.hotplug.ActivityStubs$SIStub_09",
            "com.tencent.tinker.loader.hotplug.ActivityStubs$STDStub_00",
            "com.tencent.tinker.loader.hotplug.ActivityStubs$STDStub_00_T",
            "com.tencent.tinker.loader.hotplug.ActivityStubs$STDStub_01",
            "com.tencent.tinker.loader.hotplug.ActivityStubs$STDStub_01_T",
            "com.tencent.tinker.loader.hotplug.ActivityStubs$STDStub_02",
            "com.tencent.tinker.loader.hotplug.ActivityStubs$STDStub_02_T",
            "com.tencent.tinker.loader.hotplug.ActivityStubs$STDStub_03",
            "com.tencent.tinker.loader.hotplug.ActivityStubs$STDStub_04",
            "com.tencent.tinker.loader.hotplug.ActivityStubs$STDStub_05",
            "com.tencent.tinker.loader.hotplug.ActivityStubs$STDStub_06",
            "com.tencent.tinker.loader.hotplug.ActivityStubs$STDStub_07",
            "com.tencent.tinker.loader.hotplug.ActivityStubs$STDStub_08",
            "com.tencent.tinker.loader.hotplug.ActivityStubs$STDStub_09",
            "org.qiyi.android.commonphonepad.pushmessage.huawei.HWPushTransferActivity",
            "org.qiyi.android.commonphonepad.pushmessage.oppo.OppoPushTransferActivity",
            "org.qiyi.android.commonphonepad.pushmessage.vivo.VivoPushTransferActivity",
            "org.qiyi.android.video.ui.account.PassportTestActivity",
            "org.qiyi.android.video.ui.account.PhoneAccountActivity",
            "org.qiyi.android.video.ui.account.areacode.AreaCodeListActivity",
            "org.qiyi.android.video.ui.account.dialog.GuideReLoginActivity",
            "org.qiyi.android.video.ui.account.dialog.MsgDialogActivity",
            "org.qiyi.android.video.ui.account.dialog.VerificationPhoneActivity",
            "org.qiyi.android.video.ui.account.editinfo.MultiEditInfoActivity",
            "org.qiyi.android.video.ui.account.inspection.PWebViewActivity",
            "org.qiyi.android.video.ui.account.interflow.AuthorizationActivity",
            "org.qiyi.android.video.ui.account.interflow.InterflowActivity",
            "org.qiyi.android.video.ui.account.interflow.InterflowTransferActivity",
            "org.qiyi.android.video.ui.account.lite.LiteAccountActivity",
            "org.qiyi.android.video.ui.account.login.finger.PassportFingerLoginActivity",
            "org.qiyi.basecard.debug.CardDebugConfigActivity",
            "org.qiyi.card.v3.block.TplPageTestActivity",
            "org.qiyi.pluginlibrary.component.InstrActivityProxy0",
            "org.qiyi.pluginlibrary.component.InstrActivityProxy1",
            "org.qiyi.pluginlibrary.component.InstrActivityProxy2",
            "org.qiyi.pluginlibrary.component.InstrActivityProxyHandleConfigChange0",
            "org.qiyi.pluginlibrary.component.InstrActivityProxyHandleConfigChange1",
            "org.qiyi.pluginlibrary.component.InstrActivityProxyHandleConfigChange2",
            "org.qiyi.pluginlibrary.component.InstrActivityProxyLandscape0",
            "org.qiyi.pluginlibrary.component.InstrActivityProxyLandscape1",
            "org.qiyi.pluginlibrary.component.InstrActivityProxyLandscape2",
            "org.qiyi.pluginlibrary.component.InstrActivityProxyPip0",
            "org.qiyi.pluginlibrary.component.InstrActivityProxyPip1",
            "org.qiyi.pluginlibrary.component.InstrActivityProxyPip2",
            "org.qiyi.pluginlibrary.component.InstrActivityProxySingleTask0",
            "org.qiyi.pluginlibrary.component.InstrActivityProxySingleTask1",
            "org.qiyi.pluginlibrary.component.InstrActivityProxySingleTask2",
            "org.qiyi.pluginlibrary.component.InstrActivityProxyTranslucent0",
            "org.qiyi.pluginlibrary.component.InstrActivityProxyTranslucent1",
            "org.qiyi.pluginlibrary.component.InstrActivityProxyTranslucent2",
            "org.qiyi.pluginlibrary.component.TransRecoveryActivity0",
            "org.qiyi.pluginlibrary.component.TransRecoveryActivity1",
            "org.qiyi.pluginlibrary.component.TransRecoveryActivity2",
            "org.qiyi.video.nativelib.debug.LibraryDebugActivity",
            "org.qiyi.video.router.view.CenterRouterActivity",
            "org.qiyi.video.router.view.TransitionActivity"
        ],
        "services": [
            "androidx.room.MultiInstanceInvalidationService",
            "androidx.work.impl.background.systemalarm.SystemAlarmService",
            "androidx.work.impl.background.systemjob.SystemJobService",
            "androidx.work.impl.foreground.SystemForegroundService",
            "com.baidu.location.f",
            "com.heytap.mcssdk.AppPushService",
            "com.heytap.mcssdk.PushService",
            "com.huawei.agconnect.core.ServiceDiscovery",
            "com.huawei.hms.support.api.push.service.HmsMsgService",
            "com.iqiyi.daemonservice.DaemonService",
            "com.iqiyi.hcim.service.IMService",
            "com.iqiyi.hotfix.tinker.TinkerResultServiceEx",
            "com.iqiyi.hwpush.manager.HwPushReceiveService",
            "com.iqiyi.minapps.cache.cache.MiniPackageCacheService",
            "com.iqiyi.passportsdk.interflow.core.InterflowService",
            "com.iqiyi.passportsdk.internal.ipc.UserTrackerService",
            "com.iqiyi.swan.base.pingback.AiAppsBaselineProcessService",
            "com.iqiyi.video.download.filedownload.QiyiDownloadCoreService",
            "com.iqiyi.videoview.module.audiomode.AudioModeNotificationService",
            "com.mcto.sspsdk.remote.SimulatorDetectService",
            "com.qiyi.qyapm.agent.android.monitor.oomtracker.AnalysisService",
            "com.qiyi.video.reader.download.DownloadService",
            "com.qiyi.video.reader.reader_mediaplayer.service.ReadMediaPlayService",
            "com.qiyi.video.reader.reader_message.service.ClientService",
            "com.qiyi.video.reader.readercore.eyecare.EyeCareService",
            "com.qiyi.video.reader.service.StartQiyiReaderService",
            "com.qiyi.video.reader.tts.TTSService",
            "com.qiyi.video.reader_audio.service.AudioNFService",
            "com.qiyi.video.reader_audio.service.XmAudioNFService",
            "com.qiyi.xplugin.core.pps.PluginProcessMainPPS",
            "com.qiyi.xplugin.core.pps.PluginProcessPPS",
            "com.qq.e.comm.DownloadService",
            "com.ss.android.socialbase.appdownloader.DownloadHandlerService",
            "com.ss.android.socialbase.appdownloader.RetryJobSchedulerService",
            "com.ss.android.socialbase.downloader.downloader.DownloadService",
            "com.ss.android.socialbase.downloader.downloader.IndependentProcessDownloadService",
            "com.ss.android.socialbase.downloader.downloader.SqlDownloadCacheService",
            "com.ss.android.socialbase.downloader.impls.DownloadHandleService",
            "com.ss.android.socialbase.downloader.notification.DownloadNotificationService",
            "com.tencent.smtt.export.external.DexClassLoaderProviderService",
            "com.tencent.tinker.lib.service.DefaultTinkerResultService",
            "com.tencent.tinker.lib.service.TinkerPatchForeService",
            "com.tencent.tinker.lib.service.TinkerPatchService",
            "com.tencent.tinker.lib.service.TinkerPatchService$InnerService",
            "com.vivo.push.sdk.service.CommandClientService",
            "com.xiaomi.mipush.sdk.MessageHandleService",
            "com.xiaomi.mipush.sdk.PushMessageHandler",
            "com.xiaomi.push.service.XMJobService",
            "com.xiaomi.push.service.XMPushService",
            "org.qiyi.android.plugin.customcontainer.PluginProcessSwan0",
            "org.qiyi.android.plugin.customcontainer.PluginProcessSwan1",
            "org.qiyi.android.plugin.customcontainer.PluginProcessSwan2",
            "org.qiyi.android.plugin.customcontainer.PluginProcessSwan3",
            "org.qiyi.android.plugin.customcontainer.PluginProcessSwan4",
            "org.qiyi.android.plugin.customcontainer.PluginProcessSwan5",
            "org.qiyi.android.plugin.ipc.IPCService0",
            "org.qiyi.android.plugin.ipc.IPCService1",
            "org.qiyi.android.plugin.ipc.IPCService2",
            "org.qiyi.android.plugin.ipc.PluginIPCConnectionRestorationService",
            "org.qiyi.android.plugin.service.PluginAdbService",
            "org.qiyi.pluginlibrary.component.ServiceProxy0",
            "org.qiyi.pluginlibrary.component.ServiceProxy1",
            "org.qiyi.pluginlibrary.component.ServiceProxy2",
            "org.qiyi.pluginlibrary.component.ServiceProxy3",
            "org.qiyi.pluginlibrary.install.PluginInstallerService",
            "org.qiyi.pluginlibrary.pm.PluginPackageManagerService",
            "org.qiyi.video.nativelib.pm.LibraryManagerService",
            "org.qiyi.video.util.oaid.OaidService"
        ],
        "receivers": [
            "androidx.work.impl.background.systemalarm.ConstraintProxy$BatteryChargingProxy",
            "androidx.work.impl.background.systemalarm.ConstraintProxy$BatteryNotLowProxy",
            "androidx.work.impl.background.systemalarm.ConstraintProxy$NetworkStateProxy",
            "androidx.work.impl.background.systemalarm.ConstraintProxy$StorageNotLowProxy",
            "androidx.work.impl.background.systemalarm.ConstraintProxyUpdateReceiver",
            "androidx.work.impl.background.systemalarm.RescheduleReceiver",
            "androidx.work.impl.diagnostics.DiagnosticsReceiver",
            "androidx.work.impl.utils.ForceStopRunnable$BroadcastReceiver",
            "com.huawei.hms.support.api.push.PushMsgReceiver",
            "com.huawei.hms.support.api.push.PushReceiver",
            "com.iqiyi.daemonservice.DaemonReceiver",
            "com.iqiyi.hcim.service.BroadcastCenter",
            "com.iqiyi.impush.receiver.ImPushServiceReceiver",
            "com.iqiyi.impushservice.receiver.ImPushServiceReceiver",
            "com.iqiyi.mipush.receiver.MiPushMessageReceiver",
            "com.iqiyi.offlinepush.KOfflinePushReceiver",
            "com.iqiyi.pushsdk.huawei.HWPushMessageReceiver",
            "com.iqiyi.pushsdk.xiaomi.XiaoMiPushMessageReceiver",
            "com.iqiyi.pushservice.PushServiceReceiver",
            "com.iqiyi.vivopush.receiver.VivoPushMessageReceiver",
            "com.qiyi.video.reader.reader_message.receiver.PushMessageReceiver",
            "com.qiyi.video.reader.receiver.SystemStorageReceiver",
            "com.ss.android.downloadlib.core.download.DownloadReceiver",
            "com.xiaomi.push.service.receivers.NetworkStatusReceiver",
            "com.xiaomi.push.service.receivers.PingReceiver",
            "org.qiyi.android.plugin.service.PluginRetryReceiver"
        ]
    },
    "stats": {
        "dex_count": 7,
        "native_lib_count": 60
    },
    "jadx": {
        "status": "ok",
        "duration_sec": 100.78,
        "sources_present": true,
        "java_file_count": 27367
    },
    "ast_analysis": {
        "location": 7,
        "microphone": 2,
        "camera": 91,
        "media_projection": 0,
        "dynamic_load": 0,
        "jni": 105
    },
    "analysis_state": "complete"
}