{
    "apk_name": "EB75E0614DE69C9E829B391A8A338DE8D62E4CED6CFC9363E71F7438E4AA5A67",
    "sha256": "eb75e0614de69c9e829b391a8a338de8d62e4ced6cfc9363e71f7438e4aa5a67",
    "metadata": {
        "package_name": "com.paytronix.client.android.app.jplicks",
        "version_code": "2023041208",
        "version_name": "23.5.2023041208",
        "min_sdk": "26",
        "target_sdk": "31",
        "permissions": [
            "android.Manifest.permission.READ_PHONE_STATE",
            "android.permission.ACCESS_ASSISTED_GPS",
            "android.permission.ACCESS_BACKGROUND_LOCATION",
            "android.permission.ACCESS_COARSE_LOCATION",
            "android.permission.ACCESS_FINE_LOCATION",
            "android.permission.ACCESS_GPS",
            "android.permission.ACCESS_LOCATION",
            "android.permission.ACCESS_NETWORK_STATE",
            "android.permission.CAMERA",
            "android.permission.FOREGROUND_SERVICE",
            "android.permission.GET_ACCOUNTS",
            "android.permission.GET_TASKS",
            "android.permission.INTERNET",
            "android.permission.READ_CONTACTS",
            "android.permission.READ_PHONE_STATE",
            "android.permission.RECEIVE_BOOT_COMPLETED",
            "android.permission.USE_FINGERPRINT",
            "android.permission.VIBRATE",
            "android.permission.WAKE_LOCK",
            "android.permission.WRITE_SETTINGS",
            "com.google.android.c2dm.permission.RECEIVE",
            "com.google.android.finsky.permission.BIND_GET_INSTALL_REFERRER_SERVICE",
            "com.google.android.gms.permission.AD_ID",
            "com.paytronix.client.android.app.jplicks.permission.C2D_MESSAGE"
        ],
        "activities": [
            "com.facebook.CustomTabActivity",
            "com.facebook.FacebookActivity",
            "com.paytronix.client.android.app.activity.Splash_Screen",
            "com.perimeterx.msdk.internal.enforcers.BlockActivity",
            "com.perimeterx.msdk.internal.enforcers.CaptchaActivity",
            "io.card.payment.CardIOActivity",
            "io.card.payment.DataEntryActivity",
            "o.checkDate",
            "o.getAdditionalProperties",
            "o.getAddressLine2",
            "o.getAppliedRewards",
            "o.getAsap_lead_time",
            "o.getAutofireTime",
            "o.getBillingId",
            "o.getCharacter_limit",
            "o.getCheckDiscount",
            "o.getComboDetail",
            "o.getContactName",
            "o.getContactNumber",
            "o.getContentList",
            "o.getCreated_at",
            "o.getCreation_timestamp",
            "o.getCustomFields",
            "o.getCustomerId",
            "o.getDay",
            "o.getDeliveryAddress",
            "o.getDeliveryBuilding",
            "o.getDeliveryCity",
            "o.getDeliveryCompany",
            "o.getDeliveryFee",
            "o.getDeliveryId",
            "o.getDeliveryPhonenumber",
            "o.getDeliverySpecialinstructions",
            "o.getDeliveryStreetaddress",
            "o.getDeliveryZipcode",
            "o.getDiscountCode",
            "o.getDiscountItems",
            "o.getDiscountRate",
            "o.getDiscounts",
            "o.getFee",
            "o.getFees",
            "o.getFlat",
            "o.getForm_name",
            "o.getGCNumber",
            "o.getIsUpSellEnabled",
            "o.getMinQuantity",
            "o.getMode",
            "o.getOptionValue",
            "o.getOptions",
            "o.getOrderDate",
            "o.getOrderingFor",
            "o.getPoNumber",
            "o.getPosOrderId",
            "o.getProductList",
            "o.getQualificationCriteria",
            "o.getS",
            "o.getServiceChannelId",
            "o.getShowOnConfirmation",
            "o.getShowOnInvoice",
            "o.getSubItems",
            "o.getSubmitTimeStamp",
            "o.getSubmit_url",
            "o.getSubscriptions",
            "o.getSuggestedItems",
            "o.getTaxes",
            "o.getTimeWanted",
            "o.getTip",
            "o.getTipsApplied",
            "o.getTipsPaymentAppliedDetail",
            "o.getValidationRegex",
            "o.getWasUpSold",
            "o.isGuestOrder",
            "o.isOrderDeleted",
            "o.isOrderLocked",
            "o.isOrderPaid",
            "o.isRefunded",
            "o.isSubmitNow",
            "o.isTaxable",
            "o.isUpSellEnabled",
            "o.isWasUpSold",
            "o.newUsGmtFormatter",
            "o.setAddressState",
            "o.setArcColor",
            "o.setAvailability",
            "o.setCalorieDefault",
            "o.setCalorieMaximum",
            "o.setCalorieMinimum",
            "o.setCheckDiscount",
            "o.setContentList",
            "o.setDayParts",
            "o.setDiscountItems",
            "o.setFlat",
            "o.setFreeItems",
            "o.setFrontEndDescription",
            "o.setIncrement",
            "o.setItemLevel",
            "o.setItemizedDiscounts",
            "o.setLeadTime",
            "o.setMaximumPrice",
            "o.setMinimumPrice",
            "o.setOrderType",
            "o.setPercent",
            "o.setPizzaDoublingValue",
            "o.setProductList",
            "o.setRestaurant",
            "o.setStoreDiscount",
            "o.setStrokeColorResource",
            "o.setSuggestedItems",
            "o.setTaxable",
            "o.setTime",
            "o.setTip",
            "o.setTipAcceptsPayment",
            "o.setTipsPaymentAppliedDetail",
            "o.setU",
            "o.setValidationMessages",
            "o.setValidationRegex",
            "o.setVendorOnLine",
            "o.setWasUpSold"
        ],
        "services": [
            "androidx.work.impl.background.systemjob.SystemJobService",
            "com.google.android.datatransport.runtime.backends.TransportBackendDiscovery",
            "com.google.android.datatransport.runtime.scheduling.jobscheduling.JobInfoSchedulerService",
            "com.google.android.play.core.assetpacks.AssetPackExtractionService",
            "com.google.android.play.core.assetpacks.ExtractionForegroundService",
            "o.FullWallet",
            "o.WorkDatabase",
            "o.getAddressState",
            "o.getNonBlockingExecutor",
            "o.getOptionLevelDefaultPos",
            "o.getSpGroupTag",
            "o.getVersion",
            "o.onDetachedFromWindow",
            "o.setExpanded",
            "o.setTransactionsList"
        ],
        "receivers": [
            "androidx.work.impl.background.systemalarm.ConstraintProxyUpdateReceiver",
            "androidx.work.impl.diagnostics.DiagnosticsReceiver",
            "androidx.work.impl.utils.ForceStopRunnable$BroadcastReceiver",
            "com.google.android.gms.analytics.CampaignTrackingReceiver",
            "com.google.android.gms.measurement.AppMeasurementInstallReferrerReceiver",
            "com.google.firebase.iid.FirebaseInstanceIdReceiver",
            "com.paytronix.client.android.app.UtmReceiver",
            "o.ArrayCreatingInputMerger$IconCompatParcelizer",
            "o.ArrayCreatingInputMerger$RemoteActionCompatParcelizer",
            "o.ArrayCreatingInputMerger$read",
            "o.ArrayCreatingInputMerger$write",
            "o.MaskedWallet",
            "o.WorkerParameters",
            "o.formatEpochAsRfc1123$write",
            "o.parseCacheHeaders",
            "o.setOptionLevelDefaultPos",
            "o.zzep"
        ],
        "permission_details": {
            "android.Manifest.permission.READ_PHONE_STATE": "dangerous",
            "android.permission.ACCESS_ASSISTED_GPS": "unknown",
            "android.permission.ACCESS_BACKGROUND_LOCATION": "dangerous",
            "android.permission.ACCESS_COARSE_LOCATION": "dangerous",
            "android.permission.ACCESS_FINE_LOCATION": "dangerous",
            "android.permission.ACCESS_GPS": "unknown",
            "android.permission.ACCESS_LOCATION": "unknown",
            "android.permission.ACCESS_NETWORK_STATE": "normal",
            "android.permission.CAMERA": "dangerous",
            "android.permission.FOREGROUND_SERVICE": "normal",
            "android.permission.GET_ACCOUNTS": "dangerous",
            "android.permission.GET_TASKS": "unlaballed",
            "android.permission.INTERNET": "normal",
            "android.permission.READ_CONTACTS": "dangerous",
            "android.permission.READ_PHONE_STATE": "dangerous",
            "android.permission.RECEIVE_BOOT_COMPLETED": "normal",
            "android.permission.USE_FINGERPRINT": "normal",
            "android.permission.VIBRATE": "normal",
            "android.permission.WAKE_LOCK": "normal",
            "android.permission.WRITE_SETTINGS": "signature",
            "com.google.android.c2dm.permission.RECEIVE": "unknown",
            "com.google.android.finsky.permission.BIND_GET_INSTALL_REFERRER_SERVICE": "unknown",
            "com.google.android.gms.permission.AD_ID": "unknown",
            "com.paytronix.client.android.app.jplicks.permission.C2D_MESSAGE": "unknown"
        },
        "risk_counts": {
            "dangerous": 8,
            "unknown": 7,
            "normal": 7,
            "unlaballed": 1,
            "signature": 1
        }
    },
    "stats": {
        "dex_count": 2,
        "native_lib_count": 30
    },
    "jadx": {
        "status": "ok",
        "duration_sec": 77.1,
        "sources_present": true,
        "java_file_count": 6206
    },
    "ast_analysis": {
        "location": 11,
        "microphone": 0,
        "camera": 11,
        "media_projection": 0,
        "dynamic_load": 0,
        "jni": 9
    },
    "analysis_state": "complete"
}