{
    "apk_name": "B0D8120CD570BEC74417725BA1F8ABA5AC0F181EA289C6C43B5FDC173FD87F1C",
    "sha256": "b0d8120cd570bec74417725ba1f8aba5ac0f181ea289c6c43b5fdc173fd87f1c",
    "metadata": {
        "package_name": "ir.faceteb.prescription",
        "version_code": "48",
        "version_name": "7.9.0",
        "min_sdk": "15",
        "target_sdk": "33",
        "permissions": [
            "android.permission.ACCESS_COARSE_LOCATION",
            "android.permission.ACCESS_FINE_LOCATION",
            "android.permission.ACCESS_NETWORK_STATE",
            "android.permission.CALL_PHONE",
            "android.permission.FOREGROUND_SERVICE",
            "android.permission.INTERNET",
            "android.permission.POST_NOTIFICATIONS",
            "android.permission.READ_PHONE_STATE",
            "android.permission.VIBRATE",
            "android.permission.WAKE_LOCK",
            "android.permission.WRITE_EXTERNAL_STORAGE",
            "com.google.android.c2dm.permission.RECEIVE",
            "com.google.android.finsky.permission.BIND_GET_INSTALL_REFERRER_SERVICE",
            "ir.faceteb.prescription.DYNAMIC_RECEIVER_NOT_EXPORTED_PERMISSION",
            "ir.faceteb.prescription.permission.C2D_MESSAGE"
        ],
        "activities": [
            "com.google.android.gms.common.api.GoogleApiActivity",
            "ir.faceteb.prescription.aboutact",
            "ir.faceteb.prescription.activationact",
            "ir.faceteb.prescription.activpayact",
            "ir.faceteb.prescription.contactact",
            "ir.faceteb.prescription.drugsact",
            "ir.faceteb.prescription.drugsdetailact",
            "ir.faceteb.prescription.drugsinteractionact",
            "ir.faceteb.prescription.gostareshact",
            "ir.faceteb.prescription.gostareshnazaratact",
            "ir.faceteb.prescription.loginact",
            "ir.faceteb.prescription.main",
            "ir.faceteb.prescription.mainact",
            "ir.faceteb.prescription.payact",
            "ir.faceteb.prescription.prescriptionact",
            "ir.faceteb.prescription.prescriptioncommentact",
            "ir.faceteb.prescription.prescriptiondetailact",
            "ir.faceteb.prescription.prescriptionprivatecomact",
            "ir.faceteb.prescription.splintact",
            "ir.faceteb.prescription.updateactivity",
            "ir.faceteb.prescription.vaccinact",
            "ir.faceteb.prescription.vaccindetailact"
        ],
        "services": [
            "anywheresoftware.b4a.objects.FirebaseNotificationsService",
            "com.google.android.gms.measurement.AppMeasurementJobService",
            "com.google.android.gms.measurement.AppMeasurementService",
            "com.google.firebase.components.ComponentDiscoveryService",
            "com.google.firebase.iid.FirebaseInstanceIdService",
            "com.google.firebase.messaging.FirebaseMessagingService",
            "ir.faceteb.prescription.downloadservice",
            "ir.faceteb.prescription.starter"
        ],
        "receivers": [
            "com.google.android.gms.measurement.AppMeasurementReceiver",
            "com.google.firebase.iid.FirebaseInstanceIdInternalReceiver",
            "com.google.firebase.iid.FirebaseInstanceIdReceiver",
            "ir.faceteb.prescription.downloadservice$downloadservice_BR",
            "ir.faceteb.prescription.firebasemessaging",
            "ir.faceteb.prescription.httputils2service",
            "ir.faceteb.prescription.starter$starter_BR"
        ],
        "permission_details": {
            "android.permission.ACCESS_COARSE_LOCATION": "dangerous",
            "android.permission.ACCESS_FINE_LOCATION": "dangerous",
            "android.permission.ACCESS_NETWORK_STATE": "normal",
            "android.permission.CALL_PHONE": "dangerous",
            "android.permission.FOREGROUND_SERVICE": "normal",
            "android.permission.INTERNET": "normal",
            "android.permission.POST_NOTIFICATIONS": "dangerous",
            "android.permission.READ_PHONE_STATE": "dangerous",
            "android.permission.VIBRATE": "normal",
            "android.permission.WAKE_LOCK": "normal",
            "android.permission.WRITE_EXTERNAL_STORAGE": "dangerous",
            "com.google.android.c2dm.permission.RECEIVE": "unknown",
            "com.google.android.finsky.permission.BIND_GET_INSTALL_REFERRER_SERVICE": "unknown",
            "ir.faceteb.prescription.DYNAMIC_RECEIVER_NOT_EXPORTED_PERMISSION": "unknown",
            "ir.faceteb.prescription.permission.C2D_MESSAGE": "unknown"
        },
        "risk_counts": {
            "dangerous": 6,
            "normal": 5,
            "unknown": 4
        }
    },
    "stats": {
        "dex_count": 1,
        "native_lib_count": 0
    },
    "jadx": {
        "status": "ok",
        "duration_sec": 24.1,
        "sources_present": true,
        "java_file_count": 4021
    },
    "ast_analysis": {
        "location": 33,
        "microphone": 0,
        "camera": 21,
        "media_projection": 0,
        "dynamic_load": 0,
        "jni": 0
    },
    "analysis_state": "complete"
}