{
    "apk_name": "810A229B349EA3A670F83E27977940D35599015AF0779F2F3AC735CCA76E5548",
    "sha256": "810a229b349ea3a670f83e27977940d35599015af0779f2f3ac735cca76e5548",
    "metadata": {
        "package_name": "com.booking",
        "version_code": "3202",
        "version_name": "12.5",
        "min_sdk": "15",
        "target_sdk": "25",
        "permissions": [
            "android.permission.ACCESS_FINE_LOCATION",
            "android.permission.ACCESS_NETWORK_STATE",
            "android.permission.AUTHENTICATE_ACCOUNTS",
            "android.permission.CAMERA",
            "android.permission.GET_ACCOUNTS",
            "android.permission.INTERNET",
            "android.permission.MANAGE_ACCOUNTS",
            "android.permission.NFC",
            "android.permission.READ_CALENDAR",
            "android.permission.READ_SYNC_SETTINGS",
            "android.permission.RECEIVE_BOOT_COMPLETED",
            "android.permission.USE_CREDENTIALS",
            "android.permission.VIBRATE",
            "android.permission.WAKE_LOCK",
            "android.permission.WRITE_EXTERNAL_STORAGE",
            "android.permission.WRITE_SYNC_SETTINGS",
            "com.android.alarm.permission.SET_ALARM",
            "com.android.launcher.permission.INSTALL_SHORTCUT",
            "com.booking.permission.C2D_MESSAGE",
            "com.booking.permission.RECEIVER",
            "com.google.android.c2dm.permission.RECEIVE",
            "com.google.android.providers.gsf.permission.READ_GSERVICES",
            "com.sfr.android.console.permission.partner.READ_STATISTICS"
        ],
        "activities": [
            "com.booking.activity.BookingStage0Activity",
            "com.booking.activity.BookingStage1Activity",
            "com.booking.activity.BookingStage2Activity",
            "com.booking.activity.BookingStageProcessActivity",
            "com.booking.activity.BookingStagePropertyMapActivity",
            "com.booking.activity.ConsentDetailsActivity",
            "com.booking.activity.CreditCardListActivity",
            "com.booking.activity.CustomerServiceActivity",
            "com.booking.activity.CustomerServiceCallUsActivity",
            "com.booking.activity.CustomerServiceWorldwideActivity",
            "com.booking.activity.DisambiguationActivity",
            "com.booking.activity.DisambiguationMapActivityV2",
            "com.booking.activity.HotelActivity",
            "com.booking.activity.HotelDownloadImagesPreviewActivity",
            "com.booking.activity.HotelMapActivity",
            "com.booking.activity.HotelPicturesActivity",
            "com.booking.activity.HotelPicturesVerticalActivity",
            "com.booking.activity.InformationActivity",
            "com.booking.activity.LegalNoticesActivity",
            "com.booking.activity.MdotBookingActivity",
            "com.booking.activity.ObsoleteAppActivity",
            "com.booking.activity.OnboardingActivity",
            "com.booking.activity.OnboardingOldActivity",
            "com.booking.activity.PhotoGalleryActivity",
            "com.booking.activity.PrivacyActivity",
            "com.booking.activity.PrivacyAndCookiesActivity",
            "com.booking.activity.PushNotificationSplashActivity",
            "com.booking.activity.QuickCoverActivity",
            "com.booking.activity.RecentSearchesActivity",
            "com.booking.activity.RecentViewedActivityV2",
            "com.booking.activity.ReviewsActivity",
            "com.booking.activity.RoomActivity",
            "com.booking.activity.RoomListActivity",
            "com.booking.activity.SearchActivity",
            "com.booking.activity.SearchResultsActivity",
            "com.booking.activity.ServerFilterActivity",
            "com.booking.activity.ServerFilterDialogActivity",
            "com.booking.activity.SimpleWebViewActivity",
            "com.booking.activity.SingleFragmentActivity",
            "com.booking.activity.SplashActivity",
            "com.booking.activity.StartActivity",
            "com.booking.activity.SyncBookingsActivity",
            "com.booking.activity.TermsActivity",
            "com.booking.activity.WePriceMatchActivity",
            "com.booking.activity.WebActivity",
            "com.booking.activity.WishListItemEditNotificationActivity",
            "com.booking.activity.WishListItemsActivity",
            "com.booking.activity.WishListsActivity",
            "com.booking.activity.WishListsForHotelActivity",
            "com.booking.activity.account.CreateAccountActivity",
            "com.booking.apptivate.activity.DealsActivity",
            "com.booking.apptivate.activity.QuizCityActivity",
            "com.booking.assistant.AssistantActivity",
            "com.booking.assistant.AssistantReservationsActivity",
            "com.booking.assistant.AssistantWelcomeActivity",
            "com.booking.business.activity.BusinessUserOnboardingActivity",
            "com.booking.business.activity.SingleFragmentNoActionBarActivity",
            "com.booking.cityguide.activity.CityGuideActivity",
            "com.booking.cityguide.activity.CityListActivity",
            "com.booking.cityguide.activity.DetailActivity",
            "com.booking.cityguide.activity.MapCentricActivity",
            "com.booking.cityguide.activity.PhotoGalleryActivity",
            "com.booking.cityguide.activity.SavedPlacesActivity",
            "com.booking.cityguide.attractions.checkout.common.VoucherViewerActivity",
            "com.booking.cityguide.attractions.checkout.stage1.AttractionsCheckoutStage1Activity",
            "com.booking.cityguide.attractions.checkout.stage2.AttractionsCheckoutStage2Activity",
            "com.booking.cityguide.attractions.checkout.stage3.AttractionsCheckoutStage3Activity",
            "com.booking.cityguide.attractions.checkout.stage3.ContactCustomerSupportActivity",
            "com.booking.cityguide.attractions.checkout.ticketlisting.AttractionTicketListingActivity",
            "com.booking.cityguide.cityproducts.CityProductsActivity",
            "com.booking.cityguide.landing.LandingPageActivity",
            "com.booking.cityguide.productproducts.ProductProductsActivity",
            "com.booking.dashboard.UserDashboardActivity",
            "com.booking.deeplink.decoder.AccountDeepLinkActivityDecoder",
            "com.booking.deeplink.decoder.AppsDeepLinkActivityDecoder",
            "com.booking.deeplink.decoder.AssistantShortcutDeepLinkActivityDecoder",
            "com.booking.deeplink.decoder.DecoderDeeplinkActivity",
            "com.booking.deeplink.decoder.ReviewDeepLinkActivityDecoder",
            "com.booking.deeplink.scheme.BookingDeeplinkSchemeActivity",
            "com.booking.genius.activity.GeAspiringExplanationActivity",
            "com.booking.genius.onboarding.GeOnboardActivity",
            "com.booking.genius.profile.GeProfileExplanationActivity",
            "com.booking.login.LoginActivity",
            "com.booking.lowerfunnel.bookingprocess.deeplinking.BookingProcessDeeplinkActivity",
            "com.booking.mapboxjs.map.activity.HotelMapBoxActivity",
            "com.booking.messagecenter.p2g.ui.IntercomFallbackActivity",
            "com.booking.messagecenter.p2g.ui.MessageCenterActivity",
            "com.booking.messagecenter.p2g.ui.MessageCenterDialogActivity",
            "com.booking.messagecenter.p2g.ui.MessageCenterThreadsActivity",
            "com.booking.multidex.web.WebActivity",
            "com.booking.notification.ui.NotificationCenterDialogActivity",
            "com.booking.payment.activity.PaymentWebViewActivity",
            "com.booking.postbooking.PBSearchActivity",
            "com.booking.postbooking.attractions.ui.AttractionsPassDisplayActivity",
            "com.booking.postbooking.attractions.ui.AttractionsPassIntroActivity",
            "com.booking.postbooking.attractions.ui.AttractionsPassNewCreditCardActivity",
            "com.booking.postbooking.attractions.ui.AttractionsPassProfileCreditCardActivity",
            "com.booking.postbooking.attractions.ui.passmanagement.AttractionsManagePassActivity",
            "com.booking.postbooking.bookingdetails.HotelFacilitiesActivity",
            "com.booking.postbooking.bookingdetails.PaymentDetailsActivity",
            "com.booking.postbooking.bookingdetails.PoliciesDetailsActivity",
            "com.booking.postbooking.bookingdetails.pricinginfo.PriceInfoActivity",
            "com.booking.postbooking.bookingsList.ui.BookingsListActivity",
            "com.booking.postbooking.changecancel.CancelBookingActivity",
            "com.booking.postbooking.changecancel.CancelRoomActivity",
            "com.booking.postbooking.changecancel.ChangeDatesActivity",
            "com.booking.postbooking.changecancel.ChangeRoomActivity",
            "com.booking.postbooking.changecancel.GeniusFreebiesRequestActivity",
            "com.booking.postbooking.changecancel.cancelsuccess.CancelSuccessActivity",
            "com.booking.postbooking.changecancel.reducefeesflow.ReduceFeeActivity",
            "com.booking.postbooking.confirmation.ConfirmationActivity",
            "com.booking.postbooking.confirmation.activities.BookingStage3Activity",
            "com.booking.postbooking.confirmation.activities.RoomsDetailsActivity",
            "com.booking.postbooking.confirmation.invalidCC.InvalidCCInfoActivity",
            "com.booking.postbooking.destinationOS.DestinationOSGettingThereActivityWithLoading",
            "com.booking.postbooking.destinationOS.DestinationOsActivity",
            "com.booking.postbooking.destinationOS.gettingThere.ui.DestinationOSRouteDetailsActivity",
            "com.booking.postbooking.helpcenter.contact_form.ContactFormActivity",
            "com.booking.postbooking.helpcenter.ui.FaqActivity",
            "com.booking.postbooking.helpcenter.ui.HelpCenterActivity",
            "com.booking.postbooking.helpcenter.ui.HelpCenterChangeCheckInOutTimesActivity",
            "com.booking.postbooking.hotelTransport.ui.HotelTransportActivity",
            "com.booking.postbooking.modifybooking.ModifyBookingActivity",
            "com.booking.postbooking.mybookings.ImportBookingActivity",
            "com.booking.postbooking.mybookings.MyBookingsActivity",
            "com.booking.postbooking.resendconfirmation.ui.ResendConfirmationEmailActivity",
            "com.booking.postbooking.specialrequests.ui.SendSpecialRequestActivity",
            "com.booking.postbooking.specialrequests.ui.SpecialRequestActivity",
            "com.booking.postbooking.specialrequests.ui.SpecialRequestMealActivity",
            "com.booking.profile.EditProfileActivity",
            "com.booking.profile.deeplink.EmailConfirmDeeplinkActivity",
            "com.booking.profile.deeplink.ResetPasswordDeeplinkActivity",
            "com.booking.rewards.dashboard.RewardsDashboardActivity",
            "com.booking.searchresult.search.calendar.BCalendarActivity",
            "com.booking.settings.PreferenceActivity",
            "com.booking.sharing.ExtravagantShareActivity",
            "com.booking.sharing.MinimalistShareActivity",
            "com.booking.shortcut.AppShortcutActivity",
            "com.booking.ugc.diary.CreateDiarySurveyActivity",
            "com.booking.ugc.endorsements.hp.PoiMapActivity",
            "com.booking.ugc.instayratings.ui.InStayRatingsActivity",
            "com.booking.ugc.photoupload.PhotoUploadActivity",
            "com.booking.ugc.photoupload.SharePostcardActivity",
            "com.booking.ugc.photoupload.SharePostcardPreviewActivity",
            "com.booking.ugc.photoupload.YourPhotosActivity",
            "com.booking.ugc.photoupload.overview.PhotoUploadLandmarkSelectorActivity",
            "com.booking.ugc.photoupload.overview.PhotoUploadOverviewActivity",
            "com.booking.ugc.propertytravelerphotos.PropertyTravelerPhotosFullScreenActivity",
            "com.booking.ugc.propertytravelerphotos.PropertyTravelerPhotosGalleryActivity",
            "com.booking.ui.feedback.AppFeedbackActivity",
            "com.booking.ui.feedback.AppFeedbackOverlayActivity",
            "com.booking.webapp.WebviewActivity",
            "com.facebook.CustomTabActivity",
            "com.facebook.CustomTabMainActivity",
            "com.facebook.FacebookActivity",
            "com.google.android.gms.auth.api.signin.internal.SignInHubActivity",
            "com.google.android.gms.common.api.GoogleApiActivity",
            "io.card.payment.CardIOActivity",
            "io.card.payment.DataEntryActivity"
        ],
        "services": [
            "com.booking.assistant.network.sync.SyncService",
            "com.booking.business.labels.CompanyLabelsProvider",
            "com.booking.cityguide.download.DownloadService",
            "com.booking.cityguide.service.DestinationRatingService",
            "com.booking.cityguide.service.SavedPlacesService",
            "com.booking.cityguide.service.TrackService",
            "com.booking.cityguide.service.UpdateService",
            "com.booking.dcl.DCLService",
            "com.booking.dcl.syncadapter.DCLAccountService",
            "com.booking.dcl.syncadapter.DCLSyncService",
            "com.booking.monitoring.ApplicationSizeKPIService",
            "com.booking.notification.push.PushNotificationService",
            "com.booking.notification.push.PushRetryRegistrationService",
            "com.booking.postbooking.service.DatabaseMigrationService",
            "com.booking.service.AbandonedBookingNotificationService",
            "com.booking.service.AlarmPendingTaskService",
            "com.booking.service.BookingDownloadService",
            "com.booking.service.BootService",
            "com.booking.service.CloudSyncService",
            "com.booking.service.DealWidgetService",
            "com.booking.service.EraseMyBookingsService",
            "com.booking.service.FileUploadService",
            "com.booking.service.HotelDownloadService",
            "com.booking.service.HotelInfoService",
            "com.booking.service.HotelSearchService",
            "com.booking.service.HotelSearchServiceWithHighlights",
            "com.booking.service.InitService",
            "com.booking.service.LoggingService",
            "com.booking.service.RateAppUserTypeService",
            "com.booking.service.ReceiveTransitionsIntentService",
            "com.booking.service.RecentHotelNotificationService",
            "com.booking.service.RecentSearchNotificationService",
            "com.booking.service.UpdateAppService",
            "com.booking.ugc.instayratings.InStayRatingUploadService",
            "com.booking.ugc.instayratings.notification.InStayRatingsNotificationService",
            "com.booking.ugc.meetup.notification.MeetUpDemandNotificationService",
            "com.booking.ugc.photoupload.network.PhotoUploaderService",
            "com.booking.ugc.photoupload.overview.LandmarksService",
            "com.booking.ugc.service.CheckInRatingUploadService",
            "com.booking.ugc.service.DestinationTipsUploadService",
            "com.booking.ugc.service.PhotoUploadService",
            "com.booking.userorientation.manager.servers.UserOrientationServer",
            "com.google.android.gms.analytics.AnalyticsService",
            "com.google.android.gms.analytics.CampaignTrackingService",
            "com.google.android.gms.auth.api.signin.RevocationBoundService",
            "com.google.android.gms.measurement.AppMeasurementService",
            "com.google.firebase.iid.FirebaseInstanceIdService"
        ],
        "receivers": [
            "com.booking.BootReceiver",
            "com.booking.apptivate.util.NotificationDismissReceiver",
            "com.booking.dcl.DCLBroadcastReceiver",
            "com.booking.manager.AffiliateManager",
            "com.booking.manager.PushNotificationManager",
            "com.booking.service.alarm.AlarmPendingTaskBroadcastReceiver",
            "com.booking.ugc.photoupload.ShareResultReceiver",
            "com.booking.widget.DealWidgetProvider",
            "com.google.android.gms.analytics.AnalyticsReceiver",
            "com.google.android.gms.analytics.CampaignTrackingReceiver",
            "com.google.android.gms.measurement.AppMeasurementInstallReferrerReceiver",
            "com.google.android.gms.measurement.AppMeasurementReceiver",
            "com.google.firebase.iid.FirebaseInstanceIdInternalReceiver",
            "com.google.firebase.iid.FirebaseInstanceIdReceiver"
        ],
        "permission_details": {
            "android.permission.ACCESS_FINE_LOCATION": "dangerous",
            "android.permission.ACCESS_NETWORK_STATE": "normal",
            "android.permission.AUTHENTICATE_ACCOUNTS": "unknown",
            "android.permission.CAMERA": "dangerous",
            "android.permission.GET_ACCOUNTS": "dangerous",
            "android.permission.INTERNET": "normal",
            "android.permission.MANAGE_ACCOUNTS": "unknown",
            "android.permission.NFC": "normal",
            "android.permission.READ_CALENDAR": "dangerous",
            "android.permission.READ_SYNC_SETTINGS": "normal",
            "android.permission.RECEIVE_BOOT_COMPLETED": "normal",
            "android.permission.USE_CREDENTIALS": "unknown",
            "android.permission.VIBRATE": "normal",
            "android.permission.WAKE_LOCK": "normal",
            "android.permission.WRITE_EXTERNAL_STORAGE": "dangerous",
            "android.permission.WRITE_SYNC_SETTINGS": "normal",
            "com.android.alarm.permission.SET_ALARM": "normal",
            "com.android.launcher.permission.INSTALL_SHORTCUT": "normal",
            "com.booking.permission.C2D_MESSAGE": "unknown",
            "com.booking.permission.RECEIVER": "unknown",
            "com.google.android.c2dm.permission.RECEIVE": "unknown",
            "com.google.android.providers.gsf.permission.READ_GSERVICES": "unknown",
            "com.sfr.android.console.permission.partner.READ_STATISTICS": "unknown"
        },
        "risk_counts": {
            "dangerous": 5,
            "normal": 10,
            "unknown": 8
        }
    },
    "stats": {
        "dex_count": 6,
        "native_lib_count": 19
    },
    "jadx": {
        "status": "ok",
        "duration_sec": 33.07,
        "sources_present": true,
        "java_file_count": 6814
    },
    "ast_analysis": {
        "location": 12,
        "microphone": 0,
        "camera": 40,
        "media_projection": 0,
        "dynamic_load": 0,
        "jni": 8
    },
    "analysis_state": "complete",
    "behavioral_structural_data": {
        "api_inventory": {
            "camera": 2,
            "microphone": 0,
            "location": 2,
            "torch": 1,
            "telephony_ops": 0,
            "system_commands": 0,
            "webview_interop": 18,
            "content_access": 34,
            "audio_control": 0,
            "vibration": 1,
            "network_io": 16,
            "scheduling_apis": 87,
            "dynamic_code": 135
        },
        "execution_context": {
            "in_service": 0,
            "in_receiver": 0,
            "in_activity": 0,
            "in_provider": 0,
            "unknown": 296
        },
        "scheduling_mechanisms": {
            "alarm_manager": 12,
            "handler_loop": 75,
            "job_scheduler": 0
        },
        "trigger_types": {
            "auto_triggered": 10,
            "user_triggered": 6
        },
        "dynamic_features": {
            "jni_usage": 3,
            "dynamic_loading": 1,
            "reflection": 132
        }
    }
}