{
    "apk_name": "2E15AF6000682AC5597303E870BF45F7203FC204C9F5BF9C80380EF390036849",
    "sha256": "2e15af6000682ac5597303e870bf45f7203fc204c9f5bf9c80380ef390036849",
    "metadata": {
        "package_name": "com.wawj.app.t",
        "version_code": "2022111722",
        "version_name": "5.6.8",
        "min_sdk": "21",
        "target_sdk": "28",
        "permissions": [
            "MediaStore.Images.Media.EXTERNAL_CONTENT_URI",
            "MediaStore.Images.Media.INTERNAL_CONTENT_URI",
            "android.permission.ACCESS_BACKGROUND_LOCATION",
            "android.permission.ACCESS_COARSE_LOCATION",
            "android.permission.ACCESS_FINE_LOCATION",
            "android.permission.ACCESS_LOCATION_EXTRA_COMMANDS",
            "android.permission.ACCESS_NETWORK_STATE",
            "android.permission.ACCESS_WIFI_STATE",
            "android.permission.BLUETOOTH",
            "android.permission.BLUETOOTH_ADMIN",
            "android.permission.CALL_PHONE",
            "android.permission.CAMERA",
            "android.permission.CHANGE_NETWORK_STATE",
            "android.permission.CHANGE_WIFI_STATE",
            "android.permission.FOREGROUND_SERVICE",
            "android.permission.GET_TASKS",
            "android.permission.INTERNET",
            "android.permission.MANAGE_ACCOUNTS",
            "android.permission.MODIFY_AUDIO_SETTINGS",
            "android.permission.MOUNT_UNMOUNT_FILESYSTEMS",
            "android.permission.NFC",
            "android.permission.PHONE",
            "android.permission.QUERY_ALL_PACKAGES",
            "android.permission.READ_EXTERNAL_STORAGE",
            "android.permission.READ_PHONE_STATE",
            "android.permission.READ_PRIVILEGED_PHONE_STATE",
            "android.permission.RECEIVE_USER_PRESENT",
            "android.permission.RECORD_AUDIO",
            "android.permission.REORDER_TASKS",
            "android.permission.REQUEST_INSTALL_PACKAGES",
            "android.permission.RESTART_PACKAGES",
            "android.permission.SCHEDULE_EXACT_ALARM",
            "android.permission.SYSTEM_ALERT_WINDOW",
            "android.permission.USE_FULL_SCREEN_INTENT",
            "android.permission.VIBRATE",
            "android.permission.WAKE_LOCK",
            "android.permission.WRITE_EXTERNAL_STORAGE",
            "android.permission.WRITE_SETTINGS",
            "com.android.launcher.permission.READ_SETTINGS",
            "com.asus.msa.SupplementaryDID.ACCESS",
            "com.coloros.mcs.permission.RECIEVE_MCS_MESSAGE",
            "com.colors.mcs.permission.RECIEVE_MCS_MESAGE",
            "com.google.android.finsky.permission.BIND_GET_INSTALL_REFERRER_SERVICE",
            "com.heytap.mcs.permission.RECIEVE_MCS_MESSAGE",
            "com.hihonor.push.permission.READ_PUSH_NOTIFICATION_INFO",
            "com.huawei.android.launcher.permission.CHANGE_BADGE",
            "com.huawei.appmarket.service.commondata.permission.GET_COMMON_DATA",
            "com.meizu.c2dm.permission.RECEIVE",
            "com.meizu.flyme.permission.PUSH",
            "com.meizu.flyme.push.permission.RECEIVE",
            "com.vivo.notification.permission.BADGE_ICON",
            "com.wawj.app.t.andpermission.bridge",
            "com.wawj.app.t.permission.C2D_MESSAGE",
            "com.wawj.app.t.permission.JPUSH_MESSAGE",
            "com.wawj.app.t.permission.MIPUSH_RECEIVE",
            "com.wawj.app.t.permission.PROCESS_PUSH_MSG",
            "com.wawj.app.t.permission.PUSH_PROVIDER",
            "com.wawj.app.t.permission.RONG_ACCESS_RECEIVER",
            "com.wawj.app.t.permission.XGPUSH_RECEIVE",
            "com.wawj.app.t.push.permission.MESSAGE",
            "freemme.permission.msa",
            "org.simalliance.openmobileapi.SMARTCARD"
        ],
        "activities": [
            "cn.android.service.JTransitActivity",
            "cn.jpush.android.service.DActivity",
            "cn.jpush.android.service.JNotifyActivity",
            "cn.jpush.android.ui.PopWinActivity",
            "cn.jpush.android.ui.PushActivity",
            "com.bytedance.applog.migrate.MigrateDetectorActivity",
            "com.chuanglan.shanyan_sdk.view.CTCCPrivacyProtocolActivity",
            "com.chuanglan.shanyan_sdk.view.CmccLoginActivity",
            "com.chuanglan.shanyan_sdk.view.ShanYanOneKeyActivity",
            "com.growingio.android.sdk.gpush.huawei.HuaweiNotificationActivity",
            "com.growingio.android.sdk.gpush.oppo.OppoNotificationActivity",
            "com.growingio.android.sdk.gtouch.PreviewDetailsActivity",
            "com.huawei.android.hms.agent.common.HMSAgentActivity",
            "com.huawei.android.hms.agent.hwid.HMSSignInAgentActivity",
            "com.huawei.android.hms.agent.pay.HMSPayAgentActivity",
            "com.huawei.hms.activity.BridgeActivity",
            "com.huawei.hms.activity.EnableServiceActivity",
            "com.huawei.hms.hmsscankit.ScanKitActivity",
            "com.huawei.updatesdk.service.otaupdate.AppUpdateActivity",
            "com.huawei.updatesdk.support.pm.PackageInstallerActivity",
            "com.just.agentweb.ActionActivity",
            "com.readystatesoftware.chuck.internal.ui.MainActivity",
            "com.readystatesoftware.chuck.internal.ui.TransactionActivity",
            "com.sina.weibo.sdk.share.ShareChatActivity",
            "com.sina.weibo.sdk.share.ShareResultActivity",
            "com.sina.weibo.sdk.share.ShareStoryActivity",
            "com.sina.weibo.sdk.share.ShareTransActivity",
            "com.sina.weibo.sdk.web.WebActivity",
            "com.tencent.android.tpush.InnerTpnsActivity",
            "com.tencent.android.tpush.TpnsActivity",
            "com.tencent.android.tpush.inappmessage.InAppMessageActivity",
            "com.tencent.connect.common.AssistActivity",
            "com.tencent.liteav.video.TXScreenCapture$TXScreenCaptureAssistantActivity",
            "com.tencent.tauth.AuthActivity",
            "com.unionpay.UPPayWapActivity",
            "com.unionpay.uppay.PayActivity",
            "com.vivo.push.sdk.LinkProxyClientActivity",
            "com.wawj.app.t.LaunchActivity",
            "com.wawj.app.t.SplashActivity",
            "com.wawj.app.t.wxapi.WXEntryActivity",
            "com.wawj.app.t.wxapi.WXPayEntryActivity",
            "com.wawj.broker.activity.AgentBuyRecordActivity",
            "com.wawj.broker.activity.AgentEvaluateActivity",
            "com.wawj.broker.activity.AgentSearchActivity",
            "com.wawj.broker.activity.AgentSeedActivity",
            "com.wawj.broker.activity.ContactBrokerActivity",
            "com.wawj.broker.activity.OwnerEvaluateBrokerActivity",
            "com.wawj.broker.activity.SelectContactBrokerActivity",
            "com.wawj.broker.activity.detail.AgentDetail2Activity",
            "com.wawj.broker.activity.house.AgentHouseListActivity",
            "com.wawj.broker.activity.list.AgentListActivity",
            "com.wawj.broker.activity.report.ReportActivity",
            "com.wawj.broker.ui.BrokerWebViewActivity",
            "com.wawj.broker.ui.detail.BrokerDetailActivity",
            "com.wawj.broker.ui.detail.BrokerStoreActivity",
            "com.wawj.broker.ui.list.BrokerListActivity",
            "com.wawj.broker.ui.list.DealRecordActivity",
            "com.wawj.broker.ui.list.EvaluationListActivity",
            "com.wawj.broker.ui.list.QAListActivity",
            "com.wawj.broker.ui.list.TakeLookRecordActivity",
            "com.wawj.broker.ui.shop.FindShopListActivity",
            "com.wawj.broker.ui.shop.FindShopMapActivity",
            "com.wawj.broker.ui.shop.FindShopSearchActivity",
            "com.wawj.common.debug.DebugModeActivity",
            "com.wawj.community.heartprice.activity.CommAlbumActivity",
            "com.wawj.community.heartprice.activity.CommDetailActivity",
            "com.wawj.community.heartprice.activity.CommPhotoActivity",
            "com.wawj.community.heartprice.activity.HPActivity",
            "com.wawj.community.ui.detail.AgentDetailListActivity",
            "com.wawj.community.ui.detail.AllRemarkActivity",
            "com.wawj.community.ui.detail.AttentionActivity",
            "com.wawj.community.ui.detail.BrowsePicturesActivity",
            "com.wawj.community.ui.detail.CommAlbum2Activity",
            "com.wawj.community.ui.detail.CommCorrectionActivity",
            "com.wawj.community.ui.detail.CommDetail2Activity",
            "com.wawj.community.ui.detail.CommIntroduceActivity",
            "com.wawj.community.ui.detail.CommModelActivity",
            "com.wawj.community.ui.detail.CommPhoto2Activity",
            "com.wawj.community.ui.list.CommListActivity",
            "com.wawj.community.ui.map.MapPanorama",
            "com.wawj.community.ui.map.MapPeripheryActivity",
            "com.wawj.community.ui.search.CommSearchActivity",
            "com.wawj.core.pictureselector.PictureExternalPreviewActivity",
            "com.wawj.core.pictureselector.PicturePlayAudioActivity",
            "com.wawj.core.pictureselector.PicturePreviewActivity",
            "com.wawj.core.pictureselector.PicturePreviewOwnerActivity",
            "com.wawj.core.pictureselector.PictureSelectorActivity",
            "com.wawj.core.pictureselector.PictureSelectorOwnerActivity",
            "com.wawj.core.pictureselector.PictureVideoPlayActivity",
            "com.wawj.core.ucrop.PictureMultiCuttingActivity",
            "com.wawj.core.ucrop.UCropActivity",
            "com.wawj.login.push.TranslucentActivity",
            "com.wawj.login.ui.CheckVerifyActivity",
            "com.wawj.login.ui.RegisterActivity",
            "com.wawj.login.ui.UserAgreementActivity",
            "com.wawj.login.ui.forgetPwdActivity",
            "com.wawj.login.ui.login.LoginActivity",
            "com.wawj.login.ui.login.LoginHelperActivity",
            "com.wawj.login.ui.logout.LogoutActivity",
            "com.wawj.login.ui.logout.LogoutReasonActivity",
            "com.wawj.login.ui.logout.LogoutSuccessActivity",
            "com.wawj.login.ui.logout.LogoutVerificationActivity",
            "com.wawj.login.ui.logout.PrivatePolicyActivity",
            "com.wawj.main.ui.CityChoiceActivity",
            "com.wawj.main.ui.HomePageSearchActivity",
            "com.wawj.main.ui.MainActivity",
            "com.wawj.main.ui.MainSearchActivity",
            "com.wawj.main.ui.RealRecommendationHouseActivity",
            "com.wawj.main.ui.home.RecommendGuideActivity",
            "com.wawj.main.ui.my.AddRemarkActivity",
            "com.wawj.main.ui.my.BrowsingHistoryActivity",
            "com.wawj.main.ui.my.broker.MyBrokerListActivity",
            "com.wawj.main.ui.my.coupon.MyCouponActivity",
            "com.wawj.main.ui.my.coupon.MyTicketDetailActivity",
            "com.wawj.main.ui.my.csc.CustomerServiceCenterActivity",
            "com.wawj.main.ui.my.csc.FAQActivity",
            "com.wawj.main.ui.my.personalcenter.AddEmailActivity",
            "com.wawj.main.ui.my.personalcenter.ChangePhoneNumActivity",
            "com.wawj.main.ui.my.personalcenter.InitPwdActivity",
            "com.wawj.main.ui.my.personalcenter.InputInfoActivity",
            "com.wawj.main.ui.my.personalcenter.ModifyPwdActivity",
            "com.wawj.main.ui.my.personalcenter.PersonalCenterActivity",
            "com.wawj.main.ui.my.question.UserQuestionActivity",
            "com.wawj.main.ui.my.setting.AboutUsActivity",
            "com.wawj.main.ui.my.setting.AboutVersionActivity",
            "com.wawj.main.ui.my.setting.ContackUsActivity",
            "com.wawj.main.ui.my.setting.PushSettingActivity",
            "com.wawj.main.ui.my.setting.SettingActivity",
            "com.wawj.main.ui.my.setting.UserfeedbackActivity",
            "com.wawj.main.ui.notification.SystemNotificationActivity",
            "com.wawj.main.ui.scan.HwScanActivity",
            "com.wawj.main.ui.web.AgentWebActivity",
            "com.wawj.main.ui.web.FollowRentWebActivity",
            "com.wawj.main.ui.web.OpsigenesOnlineWebActivity",
            "com.wawj.main.ui.web.ReportBadInformationWebActivity",
            "com.wawj.main.ui.web.WebViewActivity2",
            "com.wawj.main.utils.updata.UpdateActivity",
            "com.wawj.map.ui.fhbymap.activity.CommunitySearchActivity",
            "com.wawj.map.ui.fhbymap.activity.CommutingActivity",
            "com.wawj.map.ui.fhbymap.activity.FindHouseMapActivity",
            "com.wawj.map.ui.fhbymap.activity.MapSearchActivity",
            "com.wawj.map.ui.fhbymap.activity.SubwayMapActivity",
            "com.wawj.map.ui.findstore.activity.FindShopActivity",
            "com.wawj.map.ui.findstore.activity.FindShopMapActivity",
            "com.wawj.map.ui.findstore.activity.StoreSearchActivity",
            "com.wawj.newhouse.ui.attention.NewHouseActivity",
            "com.wawj.newhouse.ui.dynamic.NewHouseDynamicActivity",
            "com.wawj.newhouse.ui.newhouse.AllAlbumActivity",
            "com.wawj.newhouse.ui.newhouse.BrokerListActivity",
            "com.wawj.newhouse.ui.newhouse.BuildingDetailActivity",
            "com.wawj.newhouse.ui.newhouse.BuildingDynamicActivity",
            "com.wawj.newhouse.ui.newhouse.MainListPageActivity",
            "com.wawj.newhouse.ui.newhouse.NewAllAlbumActivity",
            "com.wawj.newhouse.ui.newhouse.NewHouseDetailUnitActivity",
            "com.wawj.newhouse.ui.newhouse.NewHouseMainActivity",
            "com.wawj.newhouse.ui.newhouse.NewHouseMessageActivity",
            "com.wawj.newhouse.ui.newhouse.NewHouseTypeActivity",
            "com.wawj.newhouse.ui.newhouse.PhotoAlbumActivity",
            "com.wawj.newhouse.ui.newhouse.SearchBuildingActivity",
            "com.wawj.newhouse.ui.newhousecorrect.BjAllAlbumActivity",
            "com.wawj.newhouse.ui.newhousecorrect.BjNewHousePhotoActivity",
            "com.wawj.newhouse.ui.newhousecorrect.BjNewHouseSearchActivity",
            "com.wawj.newhouse.ui.newhousecorrect.BuildDetailInfoActivity",
            "com.wawj.newhouse.ui.newhousecorrect.BuildingPkAddListActivity",
            "com.wawj.newhouse.ui.newhousecorrect.BuildingPkDetailActivity",
            "com.wawj.newhouse.ui.newhousecorrect.BuildingPkListActivity",
            "com.wawj.newhouse.ui.newhousecorrect.FindRoomConditionActivity",
            "com.wawj.newhouse.ui.newhousecorrect.FindRoomResultActivity",
            "com.wawj.newhouse.ui.newhousecorrect.HouseTypeInfoActivity",
            "com.wawj.newhouse.ui.newhousecorrect.HouseTypeListActivity",
            "com.wawj.newhouse.ui.newhousecorrect.MapLocationAndSurroundingActivity",
            "com.wawj.newhouse.ui.newhousecorrect.NewHouseCounselorActivity",
            "com.wawj.newhouse.ui.newhousecorrect.NewHouseEvaluationListActivity",
            "com.wawj.newhouse.ui.newhousecorrect.NewHouseListActivity",
            "com.wawj.newhouse.ui.newhousecorrect.NewHouseMessageListActivity",
            "com.wawj.newhouse.ui.newhousecorrect.NewHouseWebViewActivity",
            "com.wawj.newhouse.ui.newhousecorrect.QuickFilterActivity",
            "com.wawj.newmap.ui.activity.AttentionMapActivity",
            "com.wawj.newmap.ui.activity.CommutingMapActivity",
            "com.wawj.newmap.ui.activity.MapFindHouseActivity",
            "com.wawj.newmap.ui.activity.MapSearchHouseActivity",
            "com.wawj.office.ui.attention.OfficeAttentionActivity",
            "com.wawj.office.ui.building.OfficeBuildingDetailActivity",
            "com.wawj.office.ui.building.OfficeBuildingListActivity",
            "com.wawj.office.ui.buy.BuyBuildingDetailActivity",
            "com.wawj.office.ui.buy.BuyBuildingListActivity",
            "com.wawj.office.ui.feedback.OfficeFeedBackActivity",
            "com.wawj.office.ui.home.OfficeHomeActivity",
            "com.wawj.office.ui.home.OfficeOnlineEntrustActivity",
            "com.wawj.office.ui.me.AddRemarkActivity",
            "com.wawj.office.ui.me.AttentionActivity",
            "com.wawj.office.ui.message.OfficeDynamicActivity",
            "com.wawj.office.ui.rent.RentOfficeDetailActivity",
            "com.wawj.office.ui.rent.RentOfficeListActivity",
            "com.wawj.office.ui.search.OfficeSearchActivity",
            "com.wawj.office.ui.sharework.OfficeImageSingleActivity",
            "com.wawj.office.ui.sharework.OfficeImageTypeActivity",
            "com.wawj.office.ui.sharework.OfficeShareHouseListActivity",
            "com.wawj.office.ui.sharework.OfficeShareListActivity",
            "com.wawj.office.ui.sharework.OfficeWorkDetailActivity",
            "com.wawj.others.ui.WebViewActivity",
            "com.wawj.others.ui.market.CellTransactionRankingActivity",
            "com.wawj.others.ui.market.MaeketSearchHistoryActivity",
            "com.wawj.others.ui.market.MarketAreaActivity",
            "com.wawj.others.ui.market.MarketBusinessDistrictActivity",
            "com.wawj.others.ui.market.MarketQuotationsActivity",
            "com.wawj.others.ui.message.HuoDongMessageListActivity",
            "com.wawj.others.ui.message.NewsMessageListActivity",
            "com.wawj.others.ui.message.QuestionMessageListActivity",
            "com.wawj.others.ui.question.AskQuestionActivity",
            "com.wawj.others.ui.question.MessageQuestionActivity",
            "com.wawj.others.ui.question.QuestionInfoActivity",
            "com.wawj.others.ui.question.QuestionListActivity",
            "com.wawj.others.ui.question.QuestionTagListActivity",
            "com.wawj.others.ui.question.ReleaseSuccessActivity",
            "com.wawj.others.ui.question.TaQuestionListActivity",
            "com.wawj.others.ui.recommendnew.ContentSearchActivity",
            "com.wawj.others.ui.recommendnew.CyclopediaActivity",
            "com.wawj.others.ui.recommendnew.GuideActivity",
            "com.wawj.others.ui.recommendnew.VideoDisplayActivity",
            "com.wawj.oversea.activity.OverseaAttentionAC",
            "com.wawj.oversea.activity.OverseaWebAC",
            "com.wawj.owner.deal.agreement.SalesContractManagerActivity",
            "com.wawj.owner.deal.busiiness.BusinessContractActivity",
            "com.wawj.owner.deal.busiiness.SignConfirmAgentWebActivity",
            "com.wawj.owner.deal.deposit.DepositAgentWebActivity",
            "com.wawj.owner.deal.deposit.DepositManageActivity",
            "com.wawj.owner.deal.deposit.LoadPDFActivity",
            "com.wawj.owner.deal.entrust.ContractDetailActivity",
            "com.wawj.owner.deal.entrust.ContractManageActivity",
            "com.wawj.owner.deal.entrust.Signaturepad",
            "com.wawj.owner.deal.invoice.ApplyInvoiceActivity",
            "com.wawj.owner.deal.invoice.ElectronicInvoiceActivity",
            "com.wawj.owner.deal.invoice.InvoiceDetailActivity",
            "com.wawj.owner.deal.invoice.InvoiceHistoryActivity",
            "com.wawj.owner.deal.lease.LeaseContractActivity",
            "com.wawj.owner.deal.message.ContractMessageListActivity",
            "com.wawj.owner.deal.message.DealMessageListActivity",
            "com.wawj.owner.deal.message.DepositMessageListActivity",
            "com.wawj.owner.deal.message.InvoiceMessageListActivity",
            "com.wawj.owner.deal.message.PropertyInspectionMessageListActivity",
            "com.wawj.owner.deal.message.SalesContractMessageListActivity",
            "com.wawj.owner.deal.message.UploadMessageListActivity",
            "com.wawj.owner.deal.pay.BJPayActivity",
            "com.wawj.owner.deal.pay.PayFundActivity",
            "com.wawj.owner.deal.property.PropertInspectionBigPicActivity",
            "com.wawj.owner.deal.property.PropertInspectionPicListActivity",
            "com.wawj.owner.deal.property.PropertyInspectionActivity",
            "com.wawj.owner.deal.search.ContractInputActivity",
            "com.wawj.owner.deal.search.ContractMainActivity",
            "com.wawj.owner.deal.search.ContractOtherDetailActivity",
            "com.wawj.owner.deal.search.ContractOtherListActivity",
            "com.wawj.owner.deal.search.ContractOtherMainActivity",
            "com.wawj.owner.deal.search.ContractOtherSearchActivity",
            "com.wawj.owner.deal.search.ContractResultActivity",
            "com.wawj.owner.deal.search.ContractResultHzActivity",
            "com.wawj.owner.deal.search.ContractResultHzDetailActivity",
            "com.wawj.owner.deal.search.ReceiptInquiryActivity",
            "com.wawj.owner.deal.search.ReceiptResultActivity",
            "com.wawj.owner.deal.upload.BrowsePicturesActivity",
            "com.wawj.owner.deal.upload.UploadActivity",
            "com.wawj.owner.deal.upload.UploadAttachmentActivity",
            "com.wawj.owner.owner.ui.entrust.ApplyIdentityInfomationActivity",
            "com.wawj.owner.owner.ui.entrust.OwnerHouseUploadIdentity",
            "com.wawj.owner.owner.ui.entrust.OwnerHouseUploadInfo",
            "com.wawj.owner.owner.ui.evaluate.EvaResultActivity",
            "com.wawj.owner.owner.ui.evaluate.EvaluateActvity",
            "com.wawj.owner.owner.ui.evaluate.SearchOwnerCommActivity",
            "com.wawj.owner.owner.ui.homepage.OwnerHomePage",
            "com.wawj.owner.owner.ui.housedetail.AdjustNewPriceActivity",
            "com.wawj.owner.owner.ui.housedetail.CommunityCommentActivity",
            "com.wawj.owner.owner.ui.housedetail.CommunityCommentListActivity",
            "com.wawj.owner.owner.ui.housedetail.EntrustBookForPdfActivity",
            "com.wawj.owner.owner.ui.housedetail.EntrustDraftActivity",
            "com.wawj.owner.owner.ui.housedetail.EntrustOwnerEditActivity",
            "com.wawj.owner.owner.ui.housedetail.OwnerEntrustHouseDetail",
            "com.wawj.owner.owner.ui.housedetail.OwnerEvaluateActivity",
            "com.wawj.owner.owner.ui.housedetail.OwnerHouseEditRent",
            "com.wawj.owner.owner.ui.housedetail.OwnerHouseEditSale",
            "com.wawj.owner.owner.ui.housedetail.OwnerReportList",
            "com.wawj.owner.owner.ui.housedetail.agreement.AgreementContentActivity",
            "com.wawj.owner.owner.ui.housedetail.agreement.AgreementListActivity",
            "com.wawj.owner.owner.ui.housedetail.recommend.OwnerRecommendActivity",
            "com.wawj.owner.owner.ui.housedetail.recommend.OwnerRecommendDraftActivity",
            "com.wawj.owner.owner.ui.housedetail.recommend.OwnerRecommendInfoActivity",
            "com.wawj.owner.owner.ui.housedetail.recommend.OwnerRecommendListActivity",
            "com.wawj.owner.owner.ui.housedetail.recommend.OwnerRecommendPicInfoActivity",
            "com.wawj.owner.owner.ui.interview.FeedbackEvaluateActivity",
            "com.wawj.owner.owner.ui.interview.HouseTripActivity",
            "com.wawj.owner.owner.ui.interview.HouseTripEvaluateActivity",
            "com.wawj.owner.owner.ui.interview.InterviewRecordActivity",
            "com.wawj.owner.owner.ui.interview.InterviewRecordDetailActivity",
            "com.wawj.owner.owner.ui.interview.OwnerTakeSelfPhotoActivity",
            "com.wawj.owner.owner.ui.message.ContractTradeMessageListActivity",
            "com.wawj.owner.owner.ui.message.EntrustMessageListActivity",
            "com.wawj.owner.owner.ui.message.WeekMessageListActivity",
            "com.wawj.owner.owner.ui.property.MyPropertyActivity",
            "com.wawj.owner.owner.ui.selling.ExpectedPriceActivity",
            "com.wawj.owner.owner.ui.selling.MapSugSearchDemo",
            "com.wawj.owner.owner.ui.selling.NewOwnerUploadDetailActivity",
            "com.wawj.owner.owner.ui.selling.OwnerAgentListActivity",
            "com.wawj.owner.owner.ui.selling.OwnerHouseExpectPriceRent",
            "com.wawj.owner.owner.ui.selling.OwnerHouseExpectPriceSell",
            "com.wawj.owner.owner.ui.selling.OwnerHouseMapSearch",
            "com.wawj.owner.owner.ui.selling.OwnerHouseSearch",
            "com.wawj.owner.owner.ui.selling.OwnerHouseSelectAuto",
            "com.wawj.owner.owner.ui.selling.OwnerHouseSelectBuilding",
            "com.wawj.owner.owner.ui.selling.OwnerHouseSelectDoor",
            "com.wawj.owner.owner.ui.selling.OwnerHouseSelectFloor",
            "com.wawj.owner.owner.ui.selling.OwnerHouseSelectUnit",
            "com.wawj.owner.owner.ui.selling.OwnerIdentityConfirmActivity",
            "com.wawj.owner.owner.ui.selling.OwnerMyHousePowerActivity",
            "com.wawj.owner.owner.ui.selling.OwnerMyMeansActivity",
            "com.wawj.owner.owner.ui.selling.OwnerPowerApplyActivity",
            "com.wawj.owner.owner.ui.selling.OwnerSellingActivity",
            "com.wawj.owner.owner.ui.selling.OwnerUploadDetailActivity",
            "com.wawj.owner.owner.ui.selling.SearchCommActivity",
            "com.wawj.owner.owner.ui.valuation.ValuationDetailActivity",
            "com.wawj.owner.owner.ui.valuation.ValuationHistoryActivity",
            "com.wawj.owner.owner.ui.valuation.ValuationHouseActivity",
            "com.wawj.owner.owner.ui.valuation.ValuationHouseNameActivity",
            "com.wawj.owner.owner.ui.valuation.ValuationHouseToolActivity",
            "com.wawj.owner.owner.ui.valuation.ValuationHouseToolEditActivity",
            "com.wawj.owner.owner.ui.valuation.ValuationHouseToolListActivity",
            "com.wawj.owner.owner.ui.valuation.ValuationNiceHouseListActivity",
            "com.wawj.owner.owner.ui.valuation.ValuationSelectAgentActivity",
            "com.wawj.owner.owner.ui.valuation.ValuationSelectCityActivity",
            "com.wawj.owner.transaction.ui.ProfileUploadActiviy",
            "com.wawj.owner.transaction.ui.ViewProfileActivity",
            "com.wawj.owner.upload.OwnerUploadIDCardActivity",
            "com.wawj.owner.upload.OwnerUploadIDCardActivityNew",
            "com.wawj.owner.upload.OwnerUploadSupplementIDCardActivityNew",
            "com.wawj.rent.old.activity.AddRemarkActivity",
            "com.wawj.rent.old.activity.AttentionActivity",
            "com.wawj.rent.old.activity.CommPreferenceActivity",
            "com.wawj.rent.old.activity.CommunityRentedActivity",
            "com.wawj.rent.old.activity.HeartPriceActivity",
            "com.wawj.rent.old.activity.HouseConditionActivity",
            "com.wawj.rent.old.activity.HouseFeatureListActivity",
            "com.wawj.rent.old.activity.RentReservationDetailActivity",
            "com.wawj.rent.old.activity.RentedDetailActivity",
            "com.wawj.rent.old.activity.RentedHouseListActivity",
            "com.wawj.rent.old.activity.SimilarityTeancySaleActivity",
            "com.wawj.rent.old.activity.SmartCardHistoryListActivity",
            "com.wawj.rent.old.activity.TakeLookRecordActivity",
            "com.wawj.rent.old.activity.TakeLookRecordActivityNew",
            "com.wawj.rent.old.activity.chat.ChatSmartChooseHouseActivity",
            "com.wawj.rent.old.activity.chat.SelectHouseActivity",
            "com.wawj.rent.old.activity.message.MessageListActivity",
            "com.wawj.rent.ui.MapSearchActivity",
            "com.wawj.rent.ui.RentCardActivity",
            "com.wawj.rent.ui.RentMainActivity",
            "com.wawj.rent.ui.card.RentCardDetailActivity",
            "com.wawj.rent.ui.card.RentCardListActivity",
            "com.wawj.rent.ui.detail.ComingSoonVillageActivity",
            "com.wawj.rent.ui.detail.HouseDetailRecommendMoreActivity",
            "com.wawj.rent.ui.detail.OwnerSelfAssessmentActivity",
            "com.wawj.rent.ui.detail.RentHouseDetailActivity",
            "com.wawj.rent.ui.list.RentCommunitySimilarActivity",
            "com.wawj.rent.ui.list.RentHouseListActivity",
            "com.wawj.rent.ui.list.RentNearbyListActivity",
            "com.wawj.rent.ui.other.AlbumEmptyActivity",
            "com.wawj.rent.ui.other.CommuteFindHouseActivity",
            "com.wawj.rent.ui.other.EnterPriseHistoryActivity",
            "com.wawj.rent.ui.other.EnterpriseCooperationActivity",
            "com.wawj.rent.ui.other.EnterpriseEnterActivity",
            "com.wawj.rent.ui.other.MultiQrCodeActivity",
            "com.wawj.rent.ui.other.QRCodeActivity",
            "com.wawj.rent.ui.other.RentAlbumActivity",
            "com.wawj.rent.ui.other.RentWebViewActivity",
            "com.wawj.second.commuting.CommuteFindHouse2Activity",
            "com.wawj.second.commuting.MapSearch2Activity",
            "com.wawj.second.old.ui.AddRemarkActivity",
            "com.wawj.second.old.ui.AttentionActivity",
            "com.wawj.second.old.ui.BrokerHouseCommentActivity",
            "com.wawj.second.old.ui.BrokerHouseCommentNewActivity",
            "com.wawj.second.old.ui.FocusWebViewActivity",
            "com.wawj.second.old.ui.HouseDetail2Activity",
            "com.wawj.second.old.ui.HouseDetail2OtherActivity",
            "com.wawj.second.old.ui.HouseTimeShaftActivity",
            "com.wawj.second.old.ui.NewHouseTimeShaftActivity",
            "com.wawj.second.old.ui.NoEntrustHouseActivity",
            "com.wawj.second.old.ui.OwnerSelfEvaluationActivity",
            "com.wawj.second.old.ui.PersonalitRecommendActivity",
            "com.wawj.second.old.ui.SameCommunitySoldActivity",
            "com.wawj.second.old.ui.houselist.SecondHouseListActivity",
            "com.wawj.second.old.ui.housepk.HousePKDetailActivity",
            "com.wawj.second.old.ui.housepk.HousePKListActivity",
            "com.wawj.second.old.ui.housepk.HousePKSelectActivity",
            "com.wawj.second.old.ui.indexselecthouse.IndexListActivity",
            "com.wawj.second.old.ui.indexselecthouse.IndexSelectHouseActivity",
            "com.wawj.second.old.ui.indexselecthouse.IndexSelectResultActivity",
            "com.wawj.second.old.ui.message.ComMessageListActivity",
            "com.wawj.second.old.ui.message.HouseMessageListActivity",
            "com.wawj.second.old.ui.message.RecommendMessageListActivity",
            "com.wawj.second.old.ui.message.SecondMessageListActivity",
            "com.wawj.second.old.ui.message.ShowingMessageListActivity",
            "com.wawj.second.old.ui.search.HouseSearchActivity",
            "com.wawj.second.old.ui.search.HouseSearchOldActivity",
            "com.wawj.second.showing.activity.BjShowingHouseNoteActivity",
            "com.wawj.second.showing.activity.BjShowingHouseTripActivity",
            "com.wawj.second.showing.activity.BjShowingHouseValuationActivity",
            "com.wawj.second.showing.activity.ChooseRoomBagActivity",
            "com.wawj.second.showing.activity.HouseHistoryActivity",
            "com.wawj.second.showing.activity.ReceiveOrderActivity",
            "com.wawj.second.showing.activity.ShowingHouseBookingActivity",
            "com.wawj.second.showing.activity.ShowingHouseBookingDetailActivity",
            "com.wawj.second.showing.activity.ShowingHouseBookingSuccessActivity",
            "com.wawj.second.showing.activity.ShowingHouseHistoryActivity",
            "com.wawj.second.showing.activity.ShowingHouseNoteActivity",
            "com.wawj.second.showing.activity.ShowingHouseTripActivity",
            "com.wawj.second.showing.activity.ShowingHouseValuationActivity",
            "com.wawj.second.showing.activity.ShowingHouseValuationActivity2",
            "com.wawj.second.showing.activity.SimilarityHousingSaleActivity",
            "com.wawj.second.showing.activity.SimilarityHousingSoldActivity",
            "com.wawj.second.showing.activity.SoldHousingDetailActivity",
            "com.wawj.second.showing.activity.SoldSecondHouseListActivity",
            "com.wawj.second.smartcard.activity.SCBuildActivity",
            "com.wawj.second.smartcard.activity.SCListActivity",
            "com.wawj.second.ui.DetailGuideActivity",
            "com.wawj.second.ui.FeeActivity",
            "com.wawj.second.ui.HouseFeatureActivity",
            "com.wawj.second.ui.HouseInfoActivity",
            "com.wawj.second.ui.MultiQrCodeActivity",
            "com.wawj.second.ui.OwnerHouseImgActivity",
            "com.wawj.second.ui.QRCodeActivity",
            "com.wawj.second.ui.ReportActivity",
            "com.wawj.second.ui.SecondHouseDetailActivity",
            "com.wawj.second.ui.SecondHousePhotoActivity",
            "com.wawj.second.ui.SecondHousePhotoAllActivity",
            "com.wawj.second.ui.SecondWebViewActivity",
            "com.wiwj.wiwjimsdk_user.chat.ui.User_ChatActivity",
            "com.wiwj.wiwjimsdk_user.chat.ui.User_MessageActivity",
            "com.wiwj.wiwjimsdk_user.chat.ui.seehouse.SeeHouseActitity",
            "com.wiwj.wiwjimsdk_user.vr.seehouse.SeeHouse3DNewActivity",
            "com.wiwj.wiwjimsdk_user.vr.vrshowroom.VRShowRoomActivity",
            "com.wiwj.wiwjimsdk_user.vr.vrshowroom.YouZanWebActivity",
            "com.wiwj.wiwjimsdk_user.vr.vrshowroom.message.VRShowMessageListActivity",
            "com.wiwj.wiwjimsdkry.ui.conversation.RY_ConversationActivity",
            "com.wiwj.wiwjimsdkry.ui.img.RY_PicturePagerActivity",
            "com.wiwj.wiwjimsdkry.ui.recorder.RecorderVideoActivity",
            "com.yanzhenjie.permission.bridge.BridgeActivity",
            "io.rong.imkit.activity.CombinePicturePagerActivity",
            "io.rong.imkit.activity.CombineWebViewActivity",
            "io.rong.imkit.activity.FilePreviewActivity",
            "io.rong.imkit.activity.ForwardSelectConversationActivity",
            "io.rong.imkit.activity.GIFPreviewActivity",
            "io.rong.imkit.activity.PicturePagerActivity",
            "io.rong.imkit.activity.RongWebviewActivity",
            "io.rong.imkit.activity.WebFilePreviewActivity",
            "io.rong.imkit.conversation.RongConversationActivity",
            "io.rong.imkit.conversationlist.RongConversationListActivity",
            "io.rong.imkit.feature.location.AMapLocationActivity",
            "io.rong.imkit.feature.location.AMapLocationActivity2D",
            "io.rong.imkit.feature.location.AMapPreviewActivity",
            "io.rong.imkit.feature.location.AMapPreviewActivity2D",
            "io.rong.imkit.feature.location.AMapRealTimeActivity",
            "io.rong.imkit.feature.location.AMapRealTimeActivity2D",
            "io.rong.imkit.feature.location.SearchLocationActivity",
            "io.rong.imkit.feature.mention.MentionMemberSelectActivity",
            "io.rong.imkit.picture.PicturePreviewActivity",
            "io.rong.imkit.picture.PictureSelectorActivity",
            "io.rong.imkit.picture.PictureSelectorCameraEmptyActivity",
            "io.rong.imkit.picture.PictureVideoPlayActivity",
            "io.rong.imkit.subconversationlist.RongSubConversationListActivity",
            "io.rong.sight.player.SightListActivity",
            "io.rong.sight.player.SightPlayerActivity",
            "io.rong.sight.record.SightRecordActivity"
        ],
        "services": [
            "androidx.room.MultiInstanceInvalidationService",
            "cn.jpush.android.service.PluginHuaweiPlatformsService",
            "cn.jpush.android.service.PluginOppoPushService",
            "cn.jpush.android.service.PushService",
            "com.baidu.location.f",
            "com.growingio.android.sdk.gpush.huawei.HuaweiPushAdapterReceiver",
            "com.growingio.android.sdk.gpush.vivo.GeTuiRemoteService",
            "com.heytap.msp.push.service.CompatibleDataMessageCallbackService",
            "com.heytap.msp.push.service.DataMessageCallbackService",
            "com.huawei.agconnect.core.ServiceDiscovery",
            "com.huawei.hms.support.api.push.service.HmsMsgService",
            "com.meizu.cloud.pushsdk.NotificationService",
            "com.readystatesoftware.chuck.internal.support.ClearTransactionsService",
            "com.tencent.android.tpush.honor.HonorMessageService",
            "com.tencent.android.tpush.rpc.XGRemoteService",
            "com.tencent.android.tpush.service.XGVipPushService",
            "com.tencent.smtt.export.external.DexClassLoaderProviderService",
            "com.tencent.tpns.mqttchannel.services.MqttService",
            "com.vivo.push.sdk.service.CommandClientService",
            "com.volcengine.onekit.component.ComponentDiscoveryService",
            "com.wawj.login.service.PushService",
            "com.wawj.main.utils.updata.DownloadService",
            "com.wiwj.wiwjimsdk_user.mqtt.MQTTService",
            "com.xiaomi.mipush.sdk.MessageHandleService",
            "com.xiaomi.mipush.sdk.PushMessageHandler",
            "com.xiaomi.push.service.XMJobService",
            "com.xiaomi.push.service.XMPushService",
            "com.yanzhenjie.permission.bridge.BridgeService",
            "io.rong.imlib.ipc.RongService",
            "io.rong.push.rongpush.PushService",
            "org.eclipse.paho.android.service.MqttService"
        ],
        "receivers": [
            "cn.jpush.android.asus.AsusPushMessageReceiver",
            "cn.jpush.android.service.AlarmReceiver",
            "cn.jpush.android.service.PluginMeizuPlatformsReceiver",
            "cn.jpush.android.service.PluginVivoMessageReceiver",
            "cn.jpush.android.service.PluginXiaomiPlatformsReceiver",
            "cn.jpush.android.service.PushReceiver",
            "cn.jpush.android.service.SchedulerReceiver",
            "com.bytedance.applog.collector.Collector",
            "com.growingio.android.sdk.gpush.vivo.CompatibleReceiver",
            "com.growingio.android.sdk.gpush.vivo.VivoPushAdapterReceiver",
            "com.growingio.android.sdk.gpush.xiaomi.XiaomiPushAdapterReceiver",
            "com.hihonor.push.sdk.PushReceiver",
            "com.huawei.hms.analytics.receiver.HiAnalyticsSvcEvtReceiver",
            "com.huawei.hms.support.api.push.PushMsgReceiver",
            "com.huawei.hms.support.api.push.PushReceiver",
            "com.meizu.cloud.pushsdk.MzPushSystemReceiver",
            "com.tencent.android.tpush.XGPushReceiver",
            "com.wawj.login.push.MessageReceiver",
            "com.wawj.login.receiver.NewPushMessageReceiver",
            "com.wawj.login.receiver.OldJPushMessageReceiver",
            "com.xiaomi.push.service.receivers.NetworkStatusReceiver",
            "com.xiaomi.push.service.receivers.PingReceiver",
            "io.rong.imlib.ConnectChangeReceiver",
            "io.rong.imlib.HeartbeatReceiver",
            "io.rong.push.rongpush.PushReceiver"
        ],
        "permission_details": {
            "MediaStore.Images.Media.EXTERNAL_CONTENT_URI": "unknown",
            "MediaStore.Images.Media.INTERNAL_CONTENT_URI": "unknown",
            "android.permission.ACCESS_BACKGROUND_LOCATION": "dangerous",
            "android.permission.ACCESS_COARSE_LOCATION": "dangerous",
            "android.permission.ACCESS_FINE_LOCATION": "dangerous",
            "android.permission.ACCESS_LOCATION_EXTRA_COMMANDS": "normal",
            "android.permission.ACCESS_NETWORK_STATE": "normal",
            "android.permission.ACCESS_WIFI_STATE": "normal",
            "android.permission.BLUETOOTH": "normal",
            "android.permission.BLUETOOTH_ADMIN": "normal",
            "android.permission.CALL_PHONE": "dangerous",
            "android.permission.CAMERA": "dangerous",
            "android.permission.CHANGE_NETWORK_STATE": "normal",
            "android.permission.CHANGE_WIFI_STATE": "normal",
            "android.permission.FOREGROUND_SERVICE": "normal",
            "android.permission.GET_TASKS": "unlaballed",
            "android.permission.INTERNET": "normal",
            "android.permission.MANAGE_ACCOUNTS": "unknown",
            "android.permission.MODIFY_AUDIO_SETTINGS": "normal",
            "android.permission.MOUNT_UNMOUNT_FILESYSTEMS": "unlaballed",
            "android.permission.NFC": "normal",
            "android.permission.PHONE": "unknown",
            "android.permission.QUERY_ALL_PACKAGES": "normal",
            "android.permission.READ_EXTERNAL_STORAGE": "dangerous",
            "android.permission.READ_PHONE_STATE": "dangerous",
            "android.permission.READ_PRIVILEGED_PHONE_STATE": "unknown",
            "android.permission.RECEIVE_USER_PRESENT": "unknown",
            "android.permission.RECORD_AUDIO": "dangerous",
            "android.permission.REORDER_TASKS": "normal",
            "android.permission.REQUEST_INSTALL_PACKAGES": "signature",
            "android.permission.RESTART_PACKAGES": "unlaballed",
            "android.permission.SCHEDULE_EXACT_ALARM": "signature",
            "android.permission.SYSTEM_ALERT_WINDOW": "signature",
            "android.permission.USE_FULL_SCREEN_INTENT": "normal",
            "android.permission.VIBRATE": "normal",
            "android.permission.WAKE_LOCK": "normal",
            "android.permission.WRITE_EXTERNAL_STORAGE": "dangerous",
            "android.permission.WRITE_SETTINGS": "signature",
            "com.android.launcher.permission.READ_SETTINGS": "unknown",
            "com.asus.msa.SupplementaryDID.ACCESS": "unknown",
            "com.coloros.mcs.permission.RECIEVE_MCS_MESSAGE": "unknown",
            "com.colors.mcs.permission.RECIEVE_MCS_MESAGE": "unknown",
            "com.google.android.finsky.permission.BIND_GET_INSTALL_REFERRER_SERVICE": "unknown",
            "com.heytap.mcs.permission.RECIEVE_MCS_MESSAGE": "unknown",
            "com.hihonor.push.permission.READ_PUSH_NOTIFICATION_INFO": "unknown",
            "com.huawei.android.launcher.permission.CHANGE_BADGE": "unknown",
            "com.huawei.appmarket.service.commondata.permission.GET_COMMON_DATA": "unknown",
            "com.meizu.c2dm.permission.RECEIVE": "unknown",
            "com.meizu.flyme.permission.PUSH": "unknown",
            "com.meizu.flyme.push.permission.RECEIVE": "unknown",
            "com.vivo.notification.permission.BADGE_ICON": "unknown",
            "com.wawj.app.t.andpermission.bridge": "unknown",
            "com.wawj.app.t.permission.C2D_MESSAGE": "unknown",
            "com.wawj.app.t.permission.JPUSH_MESSAGE": "unknown",
            "com.wawj.app.t.permission.MIPUSH_RECEIVE": "unknown",
            "com.wawj.app.t.permission.PROCESS_PUSH_MSG": "unknown",
            "com.wawj.app.t.permission.PUSH_PROVIDER": "unknown",
            "com.wawj.app.t.permission.RONG_ACCESS_RECEIVER": "unknown",
            "com.wawj.app.t.permission.XGPUSH_RECEIVE": "unknown",
            "com.wawj.app.t.push.permission.MESSAGE": "unknown",
            "freemme.permission.msa": "unknown",
            "org.simalliance.openmobileapi.SMARTCARD": "unknown"
        },
        "risk_counts": {
            "unknown": 30,
            "dangerous": 9,
            "normal": 16,
            "unlaballed": 3,
            "signature": 4
        }
    },
    "stats": {
        "dex_count": 1,
        "native_lib_count": 37
    },
    "jadx": {
        "status": "ok",
        "duration_sec": 4.04,
        "sources_present": true,
        "java_file_count": 5
    },
    "ast_analysis": {
        "location": 0,
        "microphone": 0,
        "camera": 2,
        "media_projection": 0,
        "dynamic_load": 0,
        "jni": 1
    },
    "analysis_state": "complete"
}