{
    "apk_name": "A4E82433474B1CD8F055466E00418D8CF03002AAA399A028212E5980E9868190",
    "sha256": "a4e82433474b1cd8f055466e00418d8cf03002aaa399a028212e5980e9868190",
    "metadata": {
        "package_name": "com.luojilab.player",
        "version_code": "20220331",
        "version_name": "9.13.0",
        "min_sdk": "21",
        "target_sdk": "29",
        "permissions": [
            "android.permission.ACCESS_COARSE_LOCATION",
            "android.permission.ACCESS_FINE_LOCATION",
            "android.permission.ACCESS_NETWORK_STATE",
            "android.permission.ACCESS_WIFI_STATE",
            "android.permission.BLUETOOTH",
            "android.permission.BLUETOOTH_ADMIN",
            "android.permission.BROADCAST_STICKY",
            "android.permission.CAMERA",
            "android.permission.CHANGE_CONFIGURATION",
            "android.permission.CHANGE_NETWORK_STATE",
            "android.permission.CHANGE_WIFI_MULTICAST_STATE",
            "android.permission.CHANGE_WIFI_STATE",
            "android.permission.DEVICE_POWER",
            "android.permission.DOWNLOAD_WITHOUT_NOTIFICATION",
            "android.permission.FOREGROUND_SERVICE",
            "android.permission.GET_TASKS",
            "android.permission.INTERNET",
            "android.permission.KILL_BACKGROUND_PROCESSES",
            "android.permission.MODIFY_AUDIO_SETTINGS",
            "android.permission.MOUNT_UNMOUNT_FILESYSTEMS",
            "android.permission.READ_EXTERNAL_STORAGE",
            "android.permission.READ_LOGS",
            "android.permission.READ_PHONE_STATE",
            "android.permission.READ_SETTINGS",
            "android.permission.RECEIVE_USER_PRESENT",
            "android.permission.RECORD_AUDIO",
            "android.permission.REORDER_TASKS",
            "android.permission.REQUEST_INSTALL_PACKAGES",
            "android.permission.RESTART_PACKAGES",
            "android.permission.SYSTEM_ALERT_WINDOW",
            "android.permission.SYSTEM_OVERLAY_WINDOW",
            "android.permission.VIBRATE",
            "android.permission.WAKE_LOCK",
            "android.permission.WRITE_EXTERNAL_STORAGE",
            "android.permission.WRITE_SETTINGS",
            "com.android.vending.BILLING",
            "com.asus.msa.SupplementaryDID.ACCESS",
            "com.coloros.mcs.permission.RECIEVE_MCS_MESSAGE",
            "com.heytap.mcs.permission.RECIEVE_MCS_MESSAGE",
            "com.huawei.appmarket.service.commondata.permission.GET_COMMON_DATA",
            "com.luojilab.player.permission.C2D_MESSAGE",
            "com.luojilab.player.permission.MIPUSH_RECEIVE",
            "com.luojilab.player.permission.PROCESS_PUSH_MSG",
            "com.luojilab.player.permission.PUSH_PROVIDER",
            "com.luojilab.player.push.permission.MESSAGE",
            "com.meizu.c2dm.permission.RECEIVE",
            "com.meizu.flyme.push.permission.RECEIVE",
            "com.youdao.note.openapi.permission.LISTEN_OPENAPP",
            "freemme.permission.msa",
            "getui.permission.GetuiService.com.luojilab.player"
        ],
        "activities": [
            "cmbapi.CMBApiEntryActivity",
            "com.ali.auth.third.ui.LoginActivity",
            "com.ali.auth.third.ui.LoginWebViewActivity",
            "com.ali.auth.third.ui.QrLoginActivity",
            "com.ali.auth.third.ui.QrLoginConfirmActivity",
            "com.ali.auth.third.ui.webview.BaseWebViewActivity",
            "com.alibaba.alibclinkpartner.smartlink.ALPEntranceActivity",
            "com.alibaba.baichuan.android.trade.ui.AlibcBackActivity",
            "com.alibaba.baichuan.android.trade.ui.AlibcWebViewActivity",
            "com.alibaba.baichuan.trade.biz.auth.AlibcAuthActivity",
            "com.alibaba.wireless.security.open.middletier.fc.ui.ContainerActivity",
            "com.alipay.sdk.app.AlipayResultActivity",
            "com.alipay.sdk.app.H5AuthActivity",
            "com.alipay.sdk.app.H5PayActivity",
            "com.alipay.sdk.app.PayResultActivity",
            "com.aliyun.identity.face.ui.FaceActivity",
            "com.aliyun.identity.face.ui.IdentityFaceActivity",
            "com.aliyun.identity.face.ui.IdentityFaceLandActivity",
            "com.aliyun.identity.face.ui.IdentityFacePortActivity",
            "com.aliyun.identity.face.ui.ToygerActivity",
            "com.aliyun.identity.face.ui.ToygerLandActivity",
            "com.aliyun.identity.face.ui.ToygerPortActivity",
            "com.aliyun.identity.ocr.CardScanActivity",
            "com.aliyun.identity.ocr.IDCardResultActivity",
            "com.aliyun.identity.platform.FinalVerifyActivity",
            "com.aliyun.identity.platform.IdentityLoadingActivity",
            "com.aliyun.identity.platform.SystemLoadingActivity",
            "com.bytedance.applog.migrate.MigrateDetectorActivity",
            "com.cmic.sso.sdk.activity.LoginAuthActivity",
            "com.evernote.client.android.EvernoteOAuthActivity",
            "com.evernote.client.android.login.EvernoteLoginActivity",
            "com.facebook.react.devsupport.DevSettingsActivity",
            "com.google.android.play.core.common.PlayCoreDialogWrapperActivity",
            "com.google.android.play.core.missingsplits.PlayCoreMissingSplitsActivity",
            "com.huawei.hms.account.internal.ui.activity.AccountSignInHubActivity",
            "com.huawei.hms.activity.BridgeActivity",
            "com.huawei.hms.activity.EnableServiceActivity",
            "com.huawei.hms.hwid.internal.ui.activity.HwIdSignInHubActivity",
            "com.huawei.updatesdk.service.otaupdate.AppUpdateActivity",
            "com.huawei.updatesdk.support.pm.PackageInstallerActivity",
            "com.igexin.sdk.GActivity",
            "com.igexin.sdk.PushActivity",
            "com.luojilab.account.ui.activity.AccountActivity",
            "com.luojilab.account.ui.activity.LoginInitActivity",
            "com.luojilab.account.ui.activity.LogoutActivity",
            "com.luojilab.account.ui.activity.MobileInputActivity",
            "com.luojilab.account.ui.activity.MobileModifyActivity",
            "com.luojilab.account.ui.activity.OneKeyLoginActivity",
            "com.luojilab.account.ui.activity.PasswordBindActivity",
            "com.luojilab.account.ui.activity.PasswordLoginActivity",
            "com.luojilab.account.ui.activity.SmsCodeInputActivity",
            "com.luojilab.business.HomeTabActivity",
            "com.luojilab.business.update.UpdateAppActivity",
            "com.luojilab.business.welcome.ShowOpenAdActivity",
            "com.luojilab.business.welcome.SplashActivity",
            "com.luojilab.business.welcome.WelcomeActivity",
            "com.luojilab.comebook.vip.EbookVipEquityActivity",
            "com.luojilab.component.RunaloneActivity",
            "com.luojilab.component.answer.ui.AnswerDetailActivity",
            "com.luojilab.component.answer.ui.AnswerMainActivity",
            "com.luojilab.component.answer.ui.AnswerQuestionActivity",
            "com.luojilab.component.answer.ui.AnswerShareActivity",
            "com.luojilab.component.appreciate.comment.AppreciateCommentActivity",
            "com.luojilab.component.appreciate.ui.AppreciateActivity",
            "com.luojilab.component.appreciate.ui.AppreciatePollingActivity",
            "com.luojilab.component.appreciate.ui.AppreciateSuccessActivity",
            "com.luojilab.component.audiodl.audio.AudioListDownloadActivity",
            "com.luojilab.component.audiodl.audio.DLDetailActivity",
            "com.luojilab.component.audiodl.audio.DLHomeActivity",
            "com.luojilab.component.common.ddpiao.PiaoActivity",
            "com.luojilab.component.common.devicemiss.DeviceMissActivity",
            "com.luojilab.component.common.devicemiss.FoceLoginActivity",
            "com.luojilab.component.common.hiddenfeatures.BannerLottieTestActivity",
            "com.luojilab.component.common.hiddenfeatures.H5TestActivity",
            "com.luojilab.component.common.hiddenfeatures.HiddenFeaturesActivity",
            "com.luojilab.component.common.hiddenfeatures.InpushTestActivity",
            "com.luojilab.component.common.hiddenfeatures.PackageManageInfoActivity",
            "com.luojilab.component.common.hiddenfeatures.RouterTesterActivity",
            "com.luojilab.component.common.largeimage.PhotoPagerActivity",
            "com.luojilab.component.common.network.NetWorkActivity",
            "com.luojilab.component.common.network.RouterErrorActivity",
            "com.luojilab.component.common.operate.OperateActivity",
            "com.luojilab.component.common.payaudio.activity.DetailPayAudioActivity",
            "com.luojilab.component.common.payaudio.activity.DetailPaySuccessAudioListActivity",
            "com.luojilab.component.common.popupwebview.PopupWebviewActivity",
            "com.luojilab.component.common.poster.CommonNotePosterActivity",
            "com.luojilab.component.common.poster.MakeBookReviewPosterActivity",
            "com.luojilab.component.common.poster.MakeBooklistPosterActivity",
            "com.luojilab.component.common.poster.MakeLecturePosterActivity",
            "com.luojilab.component.common.poster.MakeNoteBookviewPosterActivity",
            "com.luojilab.component.common.poster.MakeNotePosterActivity",
            "com.luojilab.component.common.poster.MakePosterActivity",
            "com.luojilab.component.common.video.VideoDetailPageActivity",
            "com.luojilab.component.coupon.activity.CouponListActivity",
            "com.luojilab.component.coupon.activity.CouponUseListActivity",
            "com.luojilab.component.coupon.activity.SelectCouponActivity",
            "com.luojilab.component.coupon.activity.UnableCouponActivity",
            "com.luojilab.component.course.article.ArticleTrialTipActivity",
            "com.luojilab.component.course.article.ArticleTryReadTipActivity",
            "com.luojilab.component.course.certificate.CertificateActivity",
            "com.luojilab.component.course.detail.CourseDetailActivity",
            "com.luojilab.component.course.detail.CourseSimpleIntroActivity",
            "com.luojilab.component.course.detail.comment.CourseCommentListActivity",
            "com.luojilab.component.course.download.CourseAudioDownloadActivity",
            "com.luojilab.component.course.home.CourseHomeActivity",
            "com.luojilab.component.course.list.CourseListActivity",
            "com.luojilab.component.course.mark.CourseMarkActivity",
            "com.luojilab.component.course.mark.CourseMarkDetailActivity",
            "com.luojilab.component.course.share.CourseShareActivity",
            "com.luojilab.component.course.trial.CourseTrialActivity",
            "com.luojilab.component.course.university.AdmissionLetterActivity",
            "com.luojilab.component.course.university.ClassmateListActivity",
            "com.luojilab.component.course.video.CourseVideoDetailActivity",
            "com.luojilab.component.group.repost.ReportActivity",
            "com.luojilab.component.identityface.CheckFaceIdPermissionsActivity",
            "com.luojilab.component.identityface.FaceIdActivity",
            "com.luojilab.component.learnlist.ui.activity.AddListActivity",
            "com.luojilab.component.learnlist.ui.activity.CreateListActivity",
            "com.luojilab.component.learnlist.ui.activity.EditListActivity",
            "com.luojilab.component.learnlist.ui.activity.EditListPageActivity",
            "com.luojilab.component.learnlist.ui.activity.ListDetailActivity",
            "com.luojilab.component.learnlist.ui.activity.ListSquareActivity",
            "com.luojilab.component.live.ui.DeviceListActivity",
            "com.luojilab.component.live.ui.H5LivePageActivity",
            "com.luojilab.component.live.ui.HalfWindowWebActivity",
            "com.luojilab.component.live.ui.LiveDetailActivity",
            "com.luojilab.component.msgcenter.ui.center.MessageCenterActivity",
            "com.luojilab.component.msgcenter.ui.list.MessageListActivity",
            "com.luojilab.component.player.ui.LuoJiLabPlayerActivity",
            "com.luojilab.component.player.ui.LuoJiLabPlayerListActivity",
            "com.luojilab.component.player.ui.RedpackageTipsActivity",
            "com.luojilab.component.purchased.PurchaseActivity",
            "com.luojilab.component.purchased.pager.ebook.edit.EbookEditShelfActivity",
            "com.luojilab.component.purchased.pager.saybook.edit.SayBookEditShelfActivity",
            "com.luojilab.component.saybook.activity.SayBookAgencyDetailActivity",
            "com.luojilab.component.saybook.activity.SayBookBookListDetailActivity",
            "com.luojilab.component.saybook.activity.SayBookBrandReadersList",
            "com.luojilab.component.saybook.activity.SayBookPresentVipCardActivity",
            "com.luojilab.component.saybook.activity.SaybookDetailActivity",
            "com.luojilab.component.saybook.activity.SaybookNewbookListActivity",
            "com.luojilab.component.saybook.activity.SaybookSortAndCategoryActivity",
            "com.luojilab.component.saybook.activity.SaybookZhenGuanPosterActivity",
            "com.luojilab.component.saybook.activity.ZhenGuanWebViewActivity",
            "com.luojilab.component.saybook.mvvm.main.SaybookMainActivity",
            "com.luojilab.component.settlement.activity.CMBActivity",
            "com.luojilab.component.settlement.activity.JieCaoListActivity",
            "com.luojilab.component.settlement.activity.LiveGoodsActivity",
            "com.luojilab.component.settlement.activity.PaySuccessActivity",
            "com.luojilab.component.settlement.activity.PresentationSettlementActivity",
            "com.luojilab.component.settlement.activity.PresentationSuccessActivity",
            "com.luojilab.component.settlement.activity.ProductListActivity",
            "com.luojilab.component.settlement.activity.RechargeActivity",
            "com.luojilab.component.settlement.activity.SettlementActivity",
            "com.luojilab.component.studyplan.ui.activity.MainEntryActivity",
            "com.luojilab.component.studyplan.ui.activity.MakeStudyPlanActivity",
            "com.luojilab.component.studyplan.ui.activity.MineChallengeListActivity",
            "com.luojilab.component.studyplan.ui.activity.PlanListCourseBeginActivity",
            "com.luojilab.component.studyplan.ui.activity.PopularityChallengeListActivity",
            "com.luojilab.component.studyplan.ui.activity.SettingStudyPlanActivity",
            "com.luojilab.component.studyplan.ui.activity.StudyPlanGuideActivity",
            "com.luojilab.component.web.CommonWebActivity",
            "com.luojilab.component.web.VerifyWebActivity",
            "com.luojilab.component.web.WXSubscribeActivity",
            "com.luojilab.component.web.article.note.ArticleWriteIdeaActivity",
            "com.luojilab.component.web.ddfe.activities.CheckPermissionsActivity",
            "com.luojilab.component.web.ddfe.activities.PrivacyProtocolWebViewActivity",
            "com.luojilab.component.web.ddfe.activities.WebViewActivity",
            "com.luojilab.component.web.ddfe.packageweb.CommonPackageWebActivity",
            "com.luojilab.component.web.ddfe.proxy.ArticleProxyActivity",
            "com.luojilab.component.web.ddfe.reactnative.NotifyEmptyActivity",
            "com.luojilab.component.web.ddfe.reactnative.book.RNPackageCommonActivity",
            "com.luojilab.component.web.ddfe.webpackagecontainer.WebPackageContainerActivity",
            "com.luojilab.component.web.ddfe.webpackagecontainer.WebPackageTransparentContainerActivity",
            "com.luojilab.component.web.reply.CommentReplyActivity",
            "com.luojilab.component.web.utils.YouZanStoreActivity",
            "com.luojilab.ddbaseframework.baseactivity.DDFlutterBoostAcitivity",
            "com.luojilab.ddbaseframework.imagepicker.ui.ImageBaseActivity",
            "com.luojilab.ddbaseframework.imagepicker.ui.ImageCropActivity",
            "com.luojilab.ddbaseframework.imagepicker.ui.ImageGridActivity",
            "com.luojilab.ddbaseframework.imagepicker.ui.ImagePreviewActivity",
            "com.luojilab.ddbaseframework.share.MakePosterPreviewActivity",
            "com.luojilab.discover.DiscoverEntryActivity",
            "com.luojilab.discover.EditCategoryActivity",
            "com.luojilab.discover.ichoice.InterestChoiceActivity",
            "com.luojilab.discover.identity.IdentityChoiceActivity",
            "com.luojilab.discover.module.live.series.SeriesActivity",
            "com.luojilab.discover.subjectlist.SubjectListActivity",
            "com.luojilab.discover.target.TargetChoiceActivity",
            "com.luojilab.knowledgebook.activity.AllTopicActivity",
            "com.luojilab.knowledgebook.activity.FriendsListActivity",
            "com.luojilab.knowledgebook.activity.HistoryRecordsActivity",
            "com.luojilab.knowledgebook.activity.ManageBlacklistActivity",
            "com.luojilab.knowledgebook.activity.RWCLookupActivity",
            "com.luojilab.knowledgebook.activity.RecommendActivity",
            "com.luojilab.knowledgebook.activity.RichTextNoteActivity",
            "com.luojilab.knowledgebook.activity.SearchNoteActivity",
            "com.luojilab.knowledgebook.activity.SearchTopicActivity",
            "com.luojilab.knowledgebook.activity.SelectRoleActivity",
            "com.luojilab.knowledgebook.activity.SelectTopicActivity",
            "com.luojilab.knowledgebook.activity.ShadowNoteDetailActivity",
            "com.luojilab.knowledgebook.activity.ShadowNoteDetailActivity",
            "com.luojilab.knowledgebook.activity.TowerAccountListFansActivity",
            "com.luojilab.knowledgebook.activity.TowerAccountListRepostLikeActivity",
            "com.luojilab.knowledgebook.activity.TowerAccoutListFriendsActivity",
            "com.luojilab.knowledgebook.activity.TowerAddNote2CustomManifestActivity",
            "com.luojilab.knowledgebook.activity.TowerCommentWithRepostActivity",
            "com.luojilab.knowledgebook.activity.TowerCreateEditManifestActivity",
            "com.luojilab.knowledgebook.activity.TowerCustomManifestDetailActivity",
            "com.luojilab.knowledgebook.activity.TowerDetailActivity",
            "com.luojilab.knowledgebook.activity.TowerDetailActivity2",
            "com.luojilab.knowledgebook.activity.TowerHeaderImageViewActivity",
            "com.luojilab.knowledgebook.activity.TowerLearnDataActivity",
            "com.luojilab.knowledgebook.activity.TowerMyNoteActivity",
            "com.luojilab.knowledgebook.activity.TowerNoteBookActivity",
            "com.luojilab.knowledgebook.activity.TowerNoteCommnetsActivity",
            "com.luojilab.knowledgebook.activity.TowerNoteListByTagActivity",
            "com.luojilab.knowledgebook.activity.TowerNoteListByTagActivity2",
            "com.luojilab.knowledgebook.activity.TowerNoteListDetailActivity",
            "com.luojilab.knowledgebook.activity.TowerNoteListDetailActivity2",
            "com.luojilab.knowledgebook.activity.TowerNoteListHomePageActivity",
            "com.luojilab.knowledgebook.activity.TowerNoteListHomePageActivity22",
            "com.luojilab.knowledgebook.activity.TowerSystemManifestDetailActivity",
            "com.luojilab.knowledgebook.activity.TowerTagsActivity",
            "com.luojilab.knowledgebook.activity.TowerTagsListActivity",
            "com.luojilab.knowledgebook.activity.TowerTopicDetailActivity",
            "com.luojilab.knowledgebook.activity.TowerUserRecommendActivity",
            "com.luojilab.knowledgebook.activity.TowerWriteEditNoteActivity",
            "com.luojilab.knowledgebook.note.EditNoteActivity",
            "com.luojilab.knowledgebook.note.NoteExcerptActivity",
            "com.luojilab.knowledgebook.note.WebCreateNoteActivity",
            "com.luojilab.knowledgebook.review.BookReviewActivity",
            "com.luojilab.knowledgebook.review.GoodsReviewActivity",
            "com.luojilab.knowledgebook.review.ReviewShareActivity",
            "com.luojilab.matisse.internal.ui.AlbumPreviewActivity",
            "com.luojilab.matisse.internal.ui.MatisseActivity",
            "com.luojilab.matisse.internal.ui.PreviewEditActivity",
            "com.luojilab.me.ui.activity.AboutActivity",
            "com.luojilab.me.ui.activity.CaptureActivity",
            "com.luojilab.me.ui.activity.ClearCacheActivity",
            "com.luojilab.me.ui.activity.CollectionActivity",
            "com.luojilab.me.ui.activity.DDUrlTestActivity",
            "com.luojilab.me.ui.activity.DedaoCheckerActivity",
            "com.luojilab.me.ui.activity.DevCenterActivity",
            "com.luojilab.me.ui.activity.DevEditorActivity",
            "com.luojilab.me.ui.activity.EditProfileActivity",
            "com.luojilab.me.ui.activity.EducationEditActivity",
            "com.luojilab.me.ui.activity.HelpActivity",
            "com.luojilab.me.ui.activity.HonorShareActivity",
            "com.luojilab.me.ui.activity.IndustrySelectActivity",
            "com.luojilab.me.ui.activity.MeEntryActivity",
            "com.luojilab.me.ui.activity.MyCollectionDetailActivity",
            "com.luojilab.me.ui.activity.MyScholarShipActivity",
            "com.luojilab.me.ui.activity.NetConnectivityDetectActivity",
            "com.luojilab.me.ui.activity.NightActivity",
            "com.luojilab.me.ui.activity.PrivacySettingActivity",
            "com.luojilab.me.ui.activity.ProfessionEditActivity",
            "com.luojilab.me.ui.activity.ProfessionSelectActivity",
            "com.luojilab.me.ui.activity.PushSettingActivity",
            "com.luojilab.me.ui.activity.QRResultActivity",
            "com.luojilab.me.ui.activity.QuestionEditProfileActivity",
            "com.luojilab.me.ui.activity.SSEarnListActivity",
            "com.luojilab.me.ui.activity.SettingActivity",
            "com.luojilab.me.ui.activity.ShareInviteActivity",
            "com.luojilab.me.ui.activity.UserDatumGuideSimpleActivity",
            "com.luojilab.me.ui.activity.UserEditActivity",
            "com.luojilab.me.ui.activity.UserLabelEditActivity",
            "com.luojilab.me.ui.activity.UserProfileSearchActivity",
            "com.luojilab.netsupport.push.platform.huawei.HuaWeiDeepLinkActivity",
            "com.luojilab.note.activity.CommentDetailActivity",
            "com.luojilab.note.activity.NoteAtSearchActivity",
            "com.luojilab.note.activity.NoteAtSomeoneActivity",
            "com.luojilab.note.activity.NoteLocationDetailsActivity",
            "com.luojilab.note.activity.NoteSearchLocationActivity",
            "com.luojilab.note.activity.NoteShadowCommentActivity",
            "com.luojilab.note.activity.NoteShortVideoActivity",
            "com.luojilab.note.activity.NoteSurroundingLocationActivity",
            "com.luojilab.note.activity.test.JavaTestActivity",
            "com.luojilab.note.activity.test.MainActivity",
            "com.luojilab.note.activity.test.SecondActivity",
            "com.luojilab.note.draft.NoteDraftActivity",
            "com.luojilab.note.hot.activity.AudioBookHotNoteListActivity",
            "com.luojilab.orders.OrderDetailActivity",
            "com.luojilab.orders.OrdersListActivity",
            "com.luojilab.player.ddshare.DDShareActivity",
            "com.luojilab.player.wxapi.WXEntryActivity",
            "com.luojilab.player.wxapi.WXPayEntryActivity",
            "com.luojilab.reader.BookSearchActivity",
            "com.luojilab.reader.BuyHandleActivity",
            "com.luojilab.reader.BuyTypeChoiceActivity",
            "com.luojilab.reader.MainActivity",
            "com.luojilab.reader.bookcontent.note.newnote.view.ChoiceNoteBookActivity",
            "com.luojilab.reader.bookcontent.note.newnote.view.CreateNoteBookActivity",
            "com.luojilab.reader.bookcontent.note.newnote.view.NoteEditActivity",
            "com.luojilab.reader.bookcontent.note.newnote.view.NoteExcerptActivity",
            "com.luojilab.reader.bookcontent.note.newnote.view.NoteTagsActivity",
            "com.luojilab.reader.bookcontent.note.newnote.view.SearchTopicActivity",
            "com.luojilab.reader.bookcontent.note.newnote.view.SelectTopicActivity",
            "com.luojilab.reader.external.activity.ImageViewActivity",
            "com.luojilab.reader.external.downloadlist.DownloadListActivity",
            "com.luojilab.reader.hotnote.ui.ArticleNoteListActivity",
            "com.luojilab.reader.hotnote.ui.MeNoteActivity",
            "com.luojilab.reader.hotnote.ui.NoteListActivity",
            "com.luojilab.reader.readdata.NotReadChapterListActivity",
            "com.luojilab.reader.readdata.ReadDataActivity",
            "com.luojilab.reader.readdata.ReadDataShareActivity",
            "com.luojilab.reader.searchin.activity.TryReadFinishToastActivity",
            "com.luojilab.reader.tts.ui.TTSPlayerActivity",
            "com.luojilab.search.AnswersSearchActivity",
            "com.luojilab.search.ColumnSearchActivity",
            "com.luojilab.search.SaybookSearchActivity",
            "com.luojilab.search.SearchBrainActivity",
            "com.luojilab.search.SearchCompEntryActivity",
            "com.luojilab.search.home.SearchActivity",
            "com.luojilab.search.learninglist.RecentLearningActivity",
            "com.luojilab.search.learninglist.SearchLearningListActivity",
            "com.luojilab.search.more.SearchMoreResultActivity",
            "com.luojilab.search.more.ebook.SearchEBookChapterActivity",
            "com.luojilab.search.speechrecognize.SearchSpeechRecognizeActivity",
            "com.luojilab.share.ShareActivity",
            "com.luojilab.share.ShareDialogActivity",
            "com.luojilab.share.login.OauthLogin",
            "com.mobile.auth.gatewayauth.LoginAuthActivity",
            "com.mobile.auth.gatewayauth.activity.AuthWebVeiwActivity",
            "com.sina.weibo.sdk.share.WbShareResultActivity",
            "com.sina.weibo.sdk.share.WbShareToStoryActivity",
            "com.sina.weibo.sdk.share.WbShareTransActivity",
            "com.sina.weibo.sdk.web.WeiboSdkWebActivity",
            "com.soundcloud.android.crop.CropImageActivity",
            "com.tencent.connect.common.AssistActivity",
            "com.tencent.tauth.AuthActivity",
            "com.vivo.push.sdk.LinkProxyClientActivity",
            "io.flutter.plugins.urllauncher.WebViewActivity"
        ],
        "services": [
            "androidx.room.MultiInstanceInvalidationService",
            "com.amap.api.location.APSService",
            "com.getui.gtc.GtcService",
            "com.google.android.play.core.assetpacks.AssetPackExtractionService",
            "com.google.android.play.core.assetpacks.ExtractionForegroundService",
            "com.hpplay.sdk.source.mirror.ScreenCastService",
            "com.huawei.agconnect.core.ServiceDiscovery",
            "com.huawei.hms.support.api.push.service.HmsMsgService",
            "com.igexin.sdk.OppoAppPushService",
            "com.igexin.sdk.OppoPushService",
            "com.igexin.sdk.PushService",
            "com.luojilab.compservice.video.service.DDVideoService",
            "com.luojilab.netsupport.push.platform.getui.GetuiIntentService",
            "com.luojilab.netsupport.push.platform.getui.GetuiNotificationService",
            "com.luojilab.netsupport.push.platform.getui.GetuiPushService",
            "com.luojilab.netsupport.push.platform.huawei.HwPushService",
            "com.luojilab.reader.tts.service.TTSPlayService",
            "com.luojilab.service.DDPlayerService",
            "com.luojilab.service.UpdateService",
            "com.meizu.cloud.pushsdk.NotificationService",
            "com.tencent.smtt.export.external.DexClassLoaderProviderService",
            "com.vivo.push.sdk.service.CommandClientService",
            "com.volcengine.onekit.component.ComponentDiscoveryService",
            "com.xiaomi.mipush.sdk.MessageHandleService",
            "com.xiaomi.mipush.sdk.PushMessageHandler",
            "com.xiaomi.push.service.XMJobService",
            "com.xiaomi.push.service.XMPushService"
        ],
        "receivers": [
            "com.bytedance.applog.collector.Collector",
            "com.huawei.hms.support.api.push.PushMsgReceiver",
            "com.huawei.hms.support.api.push.PushReceiver",
            "com.igexin.sdk.PushReceiver",
            "com.igexin.sdk.VivoPushMessageReceiver",
            "com.luojilab.appwidget.RecentlyAppWidget",
            "com.luojilab.appwidget.SearchAppWidget",
            "com.luojilab.ddpiao.tool.TaskTimerAlarmReceiver",
            "com.luojilab.netsupport.push.platform.flyme.FlymePushMsgReceiver",
            "com.luojilab.netsupport.push.platform.xiaomi.MiPushMsgReceiver",
            "com.luojilab.receiver.HarmonyOSMediaButtonReceiver",
            "com.luojilab.receiver.MediaButtonReceiver",
            "com.luojilab.receiver.NetWorkReceiver",
            "com.luojilab.receiver.WeiXinAppReceiver",
            "com.meizu.cloud.pushsdk.SystemReceiver",
            "com.tencent.msdk.dns.HttpDnsCache$ConnectivityChangeReceiver",
            "com.xiaomi.push.service.receivers.NetworkStatusReceiver",
            "com.xiaomi.push.service.receivers.PingReceiver"
        ]
    },
    "stats": {
        "dex_count": 8,
        "native_lib_count": 163
    },
    "jadx": {
        "status": "ok",
        "duration_sec": 103.42,
        "sources_present": true,
        "java_file_count": 24774
    },
    "ast_analysis": {
        "location": 6,
        "microphone": 9,
        "camera": 103,
        "media_projection": 3,
        "dynamic_load": 0,
        "jni": 160
    },
    "analysis_state": "complete"
}