{
    "apk_name": "C6CC2CDBE2B8A63EB14F6B3537BD4FEAEF67FC681163EE3A88AACCE0067BD8B3",
    "sha256": "c6cc2cdbe2b8a63eb14f6b3537bd4feaef67fc681163ee3a88aacce0067bd8b3",
    "metadata": {
        "package_name": "com.assura.droid",
        "version_code": "207",
        "version_name": "2025.1.0",
        "min_sdk": "28",
        "target_sdk": "34",
        "permissions": [
            "android.permission.ACCESS_COARSE_LOCATION",
            "android.permission.ACCESS_FINE_LOCATION",
            "android.permission.ACCESS_NETWORK_STATE",
            "android.permission.ACCESS_WIFI_STATE",
            "android.permission.CAMERA",
            "android.permission.INTERNET",
            "android.permission.READ_EXTERNAL_STORAGE",
            "android.permission.WRITE_EXTERNAL_STORAGE",
            "com.assura.droid.DYNAMIC_RECEIVER_NOT_EXPORTED_PERMISSION"
        ],
        "activities": [
            "com.google.android.gms.common.api.GoogleApiActivity",
            "crc647cec61aa8848f288.AttachmentView",
            "crc647cec61aa8848f288.AttachmentsView",
            "crc647cec61aa8848f288.ChildGridItemsView",
            "crc647cec61aa8848f288.DynamicListView",
            "crc647cec61aa8848f288.ImagesView",
            "crc647cec61aa8848f288.LoginView",
            "crc647cec61aa8848f288.MenuView",
            "crc647cec61aa8848f288.SearchView",
            "crc647cec61aa8848f288.SelectorItemsView",
            "crc648316b0a9aa8cfd61.BrowserTabActivity",
            "crc64946c424dfb3ee277.ActionListItemView",
            "crc64946c424dfb3ee277.ActionWorkflowView",
            "crc64946c424dfb3ee277.AddNoteActionView",
            "crc64946c424dfb3ee277.AssignActionView",
            "crc64946c424dfb3ee277.CancelActionView",
            "crc64946c424dfb3ee277.ContactCreateView",
            "crc64946c424dfb3ee277.ContactEditView",
            "crc64946c424dfb3ee277.ContactViewView",
            "crc64946c424dfb3ee277.CustomCreateView",
            "crc64946c424dfb3ee277.CustomEditView",
            "crc64946c424dfb3ee277.CustomViewView",
            "crc64946c424dfb3ee277.PauseActionView",
            "crc64946c424dfb3ee277.ProgressActionView",
            "crc64946c424dfb3ee277.QueryActionView",
            "crc64946c424dfb3ee277.RememberView",
            "crc64946c424dfb3ee277.UnPauseActionView",
            "crc64a1f91012c8c9ae58.AboutView",
            "crc64a1f91012c8c9ae58.CheckedOutView",
            "crc64a1f91012c8c9ae58.ConnectionView",
            "crc64a1f91012c8c9ae58.CreateSystemConfigView",
            "crc64a1f91012c8c9ae58.CreateSystemView",
            "crc64a1f91012c8c9ae58.DraftsView",
            "crc64a1f91012c8c9ae58.EditSystemView",
            "crc64a1f91012c8c9ae58.FavouritesView",
            "crc64a1f91012c8c9ae58.ForgotPasswordView",
            "crc64a1f91012c8c9ae58.MapView",
            "crc64a1f91012c8c9ae58.PasswordExpiredView",
            "crc64a1f91012c8c9ae58.PositioningView",
            "crc64a1f91012c8c9ae58.SelectLocationView",
            "crc64a1f91012c8c9ae58.SettingsView",
            "crc64a1f91012c8c9ae58.SystemsView",
            "crc64a1f91012c8c9ae58.UnlockView",
            "crc64e4cd1187339d2357.ScannerActivity",
            "crc64ecedf17561e363be.Main",
            "crc64ed1888fb4925e3b7.AuthenticationAgentActivity",
            "microsoft.identity.client.AuthenticationActivity"
        ],
        "services": [],
        "receivers": [
            "androidx.profileinstaller.ProfileInstallReceiver",
            "crc64cea48322b3427ae9.ConnectivityChangeBroadcastReceiver"
        ]
    },
    "stats": {
        "dex_count": 2,
        "native_lib_count": 218
    },
    "jadx": {
        "status": "ok",
        "duration_sec": 29.65,
        "sources_present": true,
        "java_file_count": 5225
    },
    "ast_analysis": {
        "location": 9,
        "microphone": 0,
        "camera": 7,
        "media_projection": 0,
        "dynamic_load": 0,
        "jni": 6
    },
    "analysis_state": "complete"
}