{
    "apk_name": "0ED1BC2880B2C483C58908E8CDAEB58E5318B8B24CAF6AF7625B57AD404F936A",
    "sha256": "0ed1bc2880b2c483c58908e8cdaeb58e5318b8b24caf6af7625b57ad404f936a",
    "metadata": {
        "package_name": "com.yipiao",
        "version_code": "707995",
        "version_name": "9.9.5",
        "min_sdk": "21",
        "target_sdk": "29",
        "permissions": [
            "android.permission.ACCESS_COARSE_LOCATION",
            "android.permission.ACCESS_FINE_LOCATION",
            "android.permission.ACCESS_NETWORK_STATE",
            "android.permission.ACCESS_WIFI_STATE",
            "android.permission.BLUETOOTH",
            "android.permission.CAMERA",
            "android.permission.CHANGE_NETWORK_STATE",
            "android.permission.CHANGE_WIFI_STATE",
            "android.permission.FOREGROUND_SERVICE",
            "android.permission.GET_ACCOUNTS",
            "android.permission.GET_PACKAGE_SIZE",
            "android.permission.GET_TASKS",
            "android.permission.INTERNET",
            "android.permission.READ_CALENDAR",
            "android.permission.READ_CONTACTS",
            "android.permission.READ_EXTERNAL_STORAGE",
            "android.permission.READ_PHONE_STATE",
            "android.permission.READ_SETTINGS",
            "android.permission.RECORD_AUDIO",
            "android.permission.REQUEST_INSTALL_PACKAGES",
            "android.permission.SYSTEM_ALERT_WINDOW",
            "android.permission.USE_BIOMETRIC",
            "android.permission.USE_FINGERPRINT",
            "android.permission.VIBRATE",
            "android.permission.WAKE_LOCK",
            "android.permission.WRITE_CALENDAR",
            "android.permission.WRITE_CONTACTS",
            "android.permission.WRITE_EXTERNAL_STORAGE",
            "android.permission.WRITE_SETTINGS",
            "com.android.alarm.permission.SET_ALARM",
            "com.asus.msa.SupplementaryDID.ACCESS",
            "com.coloros.mcs.permission.RECIEVE_MCS_MESSAGE",
            "com.heytap.mcs.permission.RECIEVE_MCS_MESSAGE",
            "com.huawei.appmarket.service.commondata.permission.GET_COMMON_DATA",
            "com.huawei.meetime.CAAS_SHARE_SERVICE",
            "com.vivo.notification.permission.BADGE_ICON",
            "com.yipiao.permission.MIPUSH_RECEIVE",
            "com.yipiao.permission.PROCESS_PUSH_MSG",
            "com.yipiao.permission.PUSH_PROVIDER",
            "freemme.permission.msa"
        ],
        "activities": [
            "cmbapi.CMBApiEntryActivity",
            "com.alibaba.sdk.android.feedback.impl.ErrorPageActivity",
            "com.alibaba.sdk.android.feedback.windvane.CustomHybirdActivity",
            "com.alipay.sdk.app.APayEntranceActivity",
            "com.alipay.sdk.app.AlipayResultActivity",
            "com.alipay.sdk.app.H5AuthActivity",
            "com.alipay.sdk.app.H5OpenAuthActivity",
            "com.alipay.sdk.app.H5PayActivity",
            "com.alipay.sdk.app.PayResultActivity",
            "com.alipay.sdk.auth.AuthActivity",
            "com.app.ztship.activity.BaseShipBrowserActivity",
            "com.app.ztship.activity.MainActivity",
            "com.app.ztship.activity.ShipAirLineChooseActivity",
            "com.app.ztship.activity.ShipCityChooseActivity",
            "com.app.ztship.activity.ShipCountryChooseActivity",
            "com.app.ztship.activity.ShipCountryCodeChooseActivity",
            "com.app.ztship.activity.ShipCouponSelectActivity",
            "com.app.ztship.activity.ShipDatePickActivity",
            "com.app.ztship.activity.ShipDetailActivity",
            "com.app.ztship.activity.ShipInputActivity",
            "com.app.ztship.activity.ShipInputInsuranceActivity",
            "com.app.ztship.activity.ShipListQueryResultActivity",
            "com.app.ztship.activity.ShipMapActivity",
            "com.app.ztship.activity.ShipOrderDetailActivity",
            "com.app.ztship.activity.ShipOrderListActivity",
            "com.app.ztship.activity.ShipPassengerCommonAddOrEditActivity",
            "com.app.ztship.activity.ShipPassengerCommonSelectActivity",
            "com.app.ztship.activity.ShipPassengerForeignAddOrEditActivity",
            "com.app.ztship.activity.ShipReturnDatePickActivity",
            "com.app.ztship.activity.ShipWebActivity",
            "com.bytedance.sdk.open.douyin.ui.DouYinWebAuthorizeActivity",
            "com.duxiaoman.dxmpay.miniapp.ui.MiniAppMainActivity",
            "com.duxiaoman.dxmpay.remotepay.MiniPayEntry",
            "com.huawei.hms.activity.BridgeActivity",
            "com.huawei.hms.activity.EnableServiceActivity",
            "com.huawei.hms.support.api.push.TransActivity",
            "com.huawei.updatesdk.service.otaupdate.AppUpdateActivity",
            "com.huawei.updatesdk.support.pm.PackageInstallerActivity",
            "com.iqiyi.android.qigsaw.core.DefaultObtainUserConfirmationDialog",
            "com.jd.ad.sdk.activity.JadWebviewActivity",
            "com.kwai.auth.login.kwailogin.applogin.RouteHandlerActivity",
            "com.kwai.auth.login.kwailogin.h5login.KwaiH5LoginActivity",
            "com.kwai.opensdk.sdk.LoadingActivity",
            "com.kwai.opensdk.sdk.openapi.KwaiHandlerActivity",
            "com.kwai.opensdk.sdk.openapi.KwaiRouterActivity",
            "com.mqunar.atom.meglive.facekit.activity.LivenessActivity",
            "com.mqunar.atom.meglive.facekit.activity.web.WebActivity",
            "com.mqunar.atom.meglive.qmpcamera.activity.IDCameraActivity",
            "com.sina.weibo.sdk.share.ShareTransActivity",
            "com.sina.weibo.sdk.web.WebActivity",
            "com.squareup.leakcanary.internal.DisplayLeakActivity",
            "com.squareup.leakcanary.internal.RequestStoragePermissionActivity",
            "com.tencent.connect.common.AssistActivity",
            "com.tencent.tauth.AuthActivity",
            "com.tieyou.bus.AppCommendListActivity",
            "com.tieyou.bus.BaseBusBrowserActivity",
            "com.tieyou.bus.BusAndShipCouponDescActivity",
            "com.tieyou.bus.BusAndShipCouponListActivity",
            "com.tieyou.bus.BusCityChooseActivity",
            "com.tieyou.bus.BusFlightQueryActivity",
            "com.tieyou.bus.BusGiftMileageActivity",
            "com.tieyou.bus.BusHome2CodeActivity",
            "com.tieyou.bus.BusMainActivity",
            "com.tieyou.bus.BusMileageActivity",
            "com.tieyou.bus.BusMonitorTrainActivity",
            "com.tieyou.bus.BusOrderListActivity",
            "com.tieyou.bus.BusSchemeActivity",
            "com.tieyou.bus.BusSelectActivity",
            "com.tieyou.bus.BusSelectActivityVersionB",
            "com.tieyou.bus.BusSelectUnionListActivity",
            "com.tieyou.bus.BusTrainQueryActivity",
            "com.tieyou.bus.BusTryOtherTransportationActivity",
            "com.tieyou.bus.CarsMainActivity",
            "com.tieyou.bus.ComponentPreviewActivity",
            "com.tieyou.bus.DebugBusUIAutoActivity",
            "com.tieyou.bus.InvitationCodeActivity",
            "com.tieyou.bus.KeYun12308AboutActivity",
            "com.tieyou.bus.KeYun12308MainActivity",
            "com.tieyou.bus.MainActivity",
            "com.tieyou.bus.MapActivity",
            "com.tieyou.bus.SAFWebBrowserActivity",
            "com.tieyou.bus.busDialog.CarDatePickerActivity",
            "com.tieyou.bus.busDialog.CarDateTimePickerActivity",
            "com.tieyou.bus.widget.BusDatePickActivity",
            "com.tieyou.bus.zx.ZXBusSelectActivity",
            "com.tieyou.car.activity.CarMainActivity",
            "com.tieyou.car.views.dialog.CarDatePickActivity",
            "com.tieyou.car.views.dialog.CarDateTimePickActivity",
            "com.umeng.message.UmengNotificationClickActivity",
            "com.umeng.message.notify.UPushMessageNotifyActivity",
            "com.umeng.socialize.editorpage.ShareActivity",
            "com.umeng.union.component.UMDownloadActivity",
            "com.umeng.union.component.UMDownloadHoldActivity",
            "com.umeng.union.component.UMUnionActivity",
            "com.umeng.union.component.UMWebViewActivity",
            "com.unionpay.UPPayWapActivity",
            "com.xiaomi.mipush.sdk.NotificationClickedActivity",
            "com.yipiao.douyinapi.DouYinEntryActivity",
            "com.yipiao.wxapi.WXEntryActivity",
            "com.yipiao.wxapi.WXPayEntryActivity",
            "com.zt.base.activity.BankChooseActivity",
            "com.zt.base.activity.CouponListActivity",
            "com.zt.base.activity.CtripBindMobileActivity",
            "com.zt.base.activity.CtripBindMobileCodeActivity",
            "com.zt.base.activity.CtripLoginCodeActivity",
            "com.zt.base.activity.DatePickActivity",
            "com.zt.base.activity.IntentFilterRouterActivity",
            "com.zt.base.activity.PaySuccessActivity",
            "com.zt.base.activity.PublicNoticeDetailActivity",
            "com.zt.base.activity.T6WebActivity",
            "com.zt.base.activity.WechatNotificationActivity",
            "com.zt.base.activity.ZTPayActivity",
            "com.zt.base.activity.ZTPayActivityV2",
            "com.zt.base.activity.ZTShadowWebActivity",
            "com.zt.base.activity.ZTWebActivity",
            "com.zt.base.ctcalendar.CalendarSelectActivity",
            "com.zt.base.fix.ui.AppFixActivity",
            "com.zt.base.imagepicker.ui.CameraActivity",
            "com.zt.base.imagepicker.ui.ImagePickerActivity",
            "com.zt.base.login.ui.ThirdPartyBindPhoneActivity",
            "com.zt.base.photobrowser.GalleryActivity",
            "com.zt.base.photobrowser.GalleryDetailActivity",
            "com.zt.base.photobrowser.StorageGalleryActivity",
            "com.zt.base.photobrowser.StorageGalleryDetailActivity",
            "com.zt.base.push.PushAgentNotifyClickActivity",
            "com.zt.base.qrcode.CaptureActivity",
            "com.zt.base.share.TencentShareActivity",
            "com.zt.base.share.WBSinaShareActivity",
            "com.zt.common.home.ui.SmartMapTestActivity",
            "com.zt.common.search.ZTSearchActivity",
            "com.zt.common.shandw.ShandwWebActivity",
            "com.zt.debug.DebugActivity",
            "com.zt.debug.DebugAppInfoActivity",
            "com.zt.debug.DebugBusSettingActivity",
            "com.zt.debug.DebugCRNActivity",
            "com.zt.debug.DebugCRNSettingActivity",
            "com.zt.debug.DebugCRNVersionActivity",
            "com.zt.debug.DebugEnvActivity",
            "com.zt.debug.DebugFlightSettingActivity",
            "com.zt.debug.DebugHotelSettingActivity",
            "com.zt.debug.DebugSettingActivity",
            "com.zt.debug.DebugTrainSettingActivity",
            "com.zt.debug.SmartMapTestActivity",
            "com.zt.debug.ZTDebugActivity",
            "com.zt.debug.ZTDebugConfigDetailActivity",
            "com.zt.debug.ZTDebugConfigListActivity",
            "com.zt.debug.ZTDebugDeviceInfoActivity",
            "com.zt.debug.ZTDebugFlutterActivity",
            "com.zt.debug.ZTDebugH5Activity",
            "com.zt.debug.ZTDebugMockActivity",
            "com.zt.debug.ZTDebugNetworkActivity",
            "com.zt.debug.ZTDebugOpenUrlActivity",
            "com.zt.debug.ZTDebugOtherActivity",
            "com.zt.debug.ZTDebugPayActivity",
            "com.zt.debug.ZTDebugQigsawActivity",
            "com.zt.debug.ZTDebugRNActivity",
            "com.zt.debug.ZTDebugScriptActivity",
            "com.zt.debug.ZTDebugShareActivity",
            "com.zt.debug.ZTDebugTestTextViewActivity",
            "com.zt.debug.ZTPromotionTestActivity",
            "com.zt.flight.global.activity.FlightDatePriceTrendActivity",
            "com.zt.flight.global.activity.GlobalFlightListActivityV2",
            "com.zt.flight.global.activity.GlobalFlightRoundListActivity",
            "com.zt.flight.main.activity.FlightCitySelectActivity",
            "com.zt.flight.main.activity.FlightMonitorListActivity",
            "com.zt.flight.main.activity.FlightMultiDataPickActivity",
            "com.zt.flight.main.activity.FlightNativeActivity",
            "com.zt.hotel.activity.HotelKeyWordActivity",
            "com.zt.hotel.activity.HotelKeyWordMoreActivity",
            "com.zt.hotel.activity.HotelMapActivity",
            "com.zt.hotel.activity.HotelQueryActivity",
            "com.zt.hotel.activity.HotelQueryResultMapActivity",
            "com.zt.hotel.activity.HotelStationSelectActivity",
            "com.zt.main.entrance.MainActivity",
            "com.zt.main.entrance.ZTLaunchActivity",
            "com.zt.pay.debug.PayDebugActivity",
            "com.zt.pay.paytype.cmb.CMBPayInteractionActivity",
            "com.zt.pay.paytype.union.UnionPayInteractionActivity",
            "com.zt.pay.ui.PayCenterDialogActivity",
            "com.zt.pay.ui.ZTPayCenterActivity",
            "com.zt.pay.zl.ZLBankPayListActivity",
            "com.zt.pay.zl.ZLPayCenterDialogActivity",
            "com.zt.train.TrainLaunchActivity",
            "com.zt.train.activity.ContactEditActivity",
            "com.zt.train.activity.DGWebActivity",
            "com.zt.train.activity.DebugTrainUIActivity",
            "com.zt.train.activity.JsonViewActivity",
            "com.zt.train.activity.LoginActivity",
            "com.zt.train.activity.NotifyDetailActivity",
            "com.zt.train.activity.NotifyListActivity",
            "com.zt.train.activity.OrderDetailActivity",
            "com.zt.train.activity.OrderDetailV1Activity",
            "com.zt.train.activity.OrderInputActivity",
            "com.zt.train.activity.PassengerListActivity",
            "com.zt.train.activity.PayWebActivity",
            "com.zt.train.activity.RegisterActivity",
            "com.zt.train.activity.RelateThirdAccountActivity",
            "com.zt.train.activity.SelectablePassengerListActivity",
            "com.zt.train.activity.StationSelectActivity",
            "com.zt.train.activity.SystemSettingActivity",
            "com.zt.train.activity.TrafficStationSelectActivity",
            "com.zt.train.activity.TrainModuleHomeActivity",
            "com.zt.train.activity.TrainQueryByNumberActivity",
            "com.zt.train.activity.TrainStationIndoorMap",
            "com.zt.train.activity.TrianStationActivity",
            "com.zt.train.activity.ZTAmazingActivity",
            "com.zt.train.order.ui.TrainTicketOrderDetailActivity",
            "ctrip.android.chat.helper.map.LocChooseActivity",
            "ctrip.android.chat.helper.map.LocShowActivity",
            "ctrip.android.devtools.webdav.activity.WebDAVServerActivity",
            "ctrip.android.flutter.containers.TransparentTripFlutterActivity",
            "ctrip.android.flutter.containers.TripFlutterActivity",
            "ctrip.android.flutter.router.TripFlutterLoadingActivity",
            "ctrip.android.imkit.ChatActivity",
            "ctrip.android.imkit.ChatH5Activity",
            "ctrip.android.imkit.FilePreviewActivity",
            "ctrip.android.imkit.LoadingDialogActivity",
            "ctrip.android.imkit.ThreadJumpActivity",
            "ctrip.android.imkit.ai.AgentProfileActivity",
            "ctrip.android.imkit.ai.FavoriteAgentListActivity",
            "ctrip.android.imkit.media.ChatVideoPlayerActivity",
            "ctrip.android.kit.utils.IMDialogActivity",
            "ctrip.android.map.BaseMapActivity",
            "ctrip.android.pay.fastpay.sdk.FastPayActivity",
            "ctrip.android.pay.foundation.activity.CtripPayActivity2",
            "ctrip.android.pay.light.PayAgreementSignedActivity",
            "ctrip.android.pay.scan.view.ScanPayActivity",
            "ctrip.android.pay.scan.web.ScanPayH5Container",
            "ctrip.android.pay.view.activity.CtripPayActivity",
            "ctrip.android.pay.view.otherpay.OtherPayActivity",
            "ctrip.android.pay.view.sdk.ordinarypay.CtripAliPayCallBackActivity",
            "ctrip.android.pay.view.sdk.ordinarypay.CtripOrdinaryPayActivity",
            "ctrip.android.pay.view.sdk.ordinarypay.PayEntryActivity",
            "ctrip.android.pay.view.sdk.thirdpay.CtripThirdPayActivity",
            "ctrip.android.pay.view.sdk.thirdpay.ThirdPayActivity",
            "ctrip.android.pay.view.test.SettingCtripPayTestActivity",
            "ctrip.android.reactnative.CRNBaseActivity",
            "ctrip.android.reactnative.CRNPreRenderActivity",
            "ctrip.android.reactnative.CRNTransparentActivity",
            "ctrip.android.view.bind.BindExecuteActivity",
            "ctrip.android.view.bind.UserThirdUnbindActivity",
            "ctrip.android.view.cmbapi.CmbPayActivity",
            "ctrip.android.view.h5.view.H5Container",
            "ctrip.android.view.scan.activity.CardScanLocalSelActivity",
            "ctrip.android.view.scan.activity.ScanNoFrameActivity",
            "ctrip.android.view.thirdlogin.QQSSOEntryActivity",
            "ctrip.android.view.wxapi.WXPayEntryActivity",
            "ctrip.android.vr.ui.CtripVRActivity",
            "ctrip.base.ui.gallery.GalleryActivity",
            "ctrip.base.ui.gallery.GalleryDetailActivity",
            "ctrip.base.ui.gallery.PhotoViewDetailActivity",
            "ctrip.base.ui.gallery.StorageGalleryActivity",
            "ctrip.base.ui.gallery.StorageGalleryDetailActivity",
            "ctrip.base.ui.gallery.gallerylist.GalleryV2Activity",
            "ctrip.base.ui.videoeditor.CTVideoEditorActivity",
            "ctrip.base.ui.videoeditor.CTVideoRecordActivity",
            "ctrip.base.ui.videoeditorv2.CTMultipleVideoEditorActivity",
            "ctrip.base.ui.videoplayer.page.CTVideoPlayerActivity",
            "ctrip.business.activity.CtripUnitedMapActivity",
            "ctrip.business.pic.album.camera.SystemCameraHoldActivity",
            "ctrip.business.pic.album.ui.CameraFilterActivity",
            "ctrip.business.pic.album.ui.PicSelectActivity",
            "ctrip.business.pic.album.ui.TakePhotoPreviewActivity",
            "ctrip.business.pic.cropper.CropImageViewActivity",
            "ctrip.business.pic.edit.CTImageEditActivity",
            "ctrip.business.pic.edit.imagesedit.CTMultipleImagesEditActivity",
            "ctrip.business.schema.IntentUriHandlerActivity",
            "ctrip.business.share.qqapi.TencentEntryActivity",
            "ctrip.business.share.system.EmailEntryActivity",
            "ctrip.business.share.system.SMSEntryActivity",
            "ctrip.business.share.wbsina.WBSinaEntryActivity"
        ],
        "services": [
            "cn.hikyson.godeye.core.internal.modules.leakdetector.debug.DebugHeapAnalyzerService",
            "com.alibaba.mtl.appmonitor.AppMonitorService",
            "com.baidu.location.f",
            "com.heytap.msp.push.service.CompatibleDataMessageCallbackService",
            "com.heytap.msp.push.service.DataMessageCallbackService",
            "com.huawei.agconnect.core.ServiceDiscovery",
            "com.huawei.hms.support.api.push.service.HmsMsgService",
            "com.iqiyi.android.qigsaw.core.splitinstall.SplitCleanService",
            "com.iqiyi.android.qigsaw.core.splitinstall.remote.SplitInstallService",
            "com.iqiyi.android.qigsaw.core.splitrequest.splitinfo.SplitUpdateService",
            "com.squareup.leakcanary.DisplayLeakService",
            "com.squareup.leakcanary.internal.HeapAnalyzerService",
            "com.taobao.accs.ChannelService",
            "com.taobao.accs.ChannelService$KernelService",
            "com.taobao.accs.data.MsgDistributeService",
            "com.taobao.accs.internal.AccsJobService",
            "com.umeng.message.UmengDownloadResourceService",
            "com.umeng.message.UmengIntentService",
            "com.umeng.message.UmengMessageCallbackHandlerService",
            "com.umeng.message.UmengMessageIntentReceiverService",
            "com.umeng.message.XiaomiIntentService",
            "com.vivo.push.sdk.service.CommandClientService",
            "com.xiaomi.mipush.sdk.MessageHandleService",
            "com.xiaomi.mipush.sdk.PushMessageHandler",
            "com.xiaomi.push.service.XMJobService",
            "com.xiaomi.push.service.XMPushService",
            "com.zt.base.reboot.RebootService",
            "ctrip.android.hermes.HermesService",
            "ctrip.android.imlib.sdk.IMService",
            "ctrip.android.serverpush.PushServerService",
            "org.android.agoo.accs.AgooService",
            "org.android.agoo.huawei.HuaweiPushMessageService"
        ],
        "receivers": [
            "cn.hikyson.godeye.core.internal.modules.leakdetector.debug.LeakOutputReceiver",
            "com.huawei.hms.support.api.push.PushMsgReceiver",
            "com.huawei.hms.support.api.push.PushReceiver",
            "com.taobao.accs.EventReceiver",
            "com.taobao.accs.ServiceReceiver",
            "com.taobao.agoo.AgooCommondReceiver",
            "com.umeng.message.UmengNotificationReceiver",
            "com.umeng.union.common.downloader.UMDownloadReceiver",
            "com.umeng.union.component.UMUnionReceiver",
            "com.xiaomi.push.service.receivers.NetworkStatusReceiver",
            "com.xiaomi.push.service.receivers.PingReceiver",
            "com.zt.train.reciver.TrainRobNotificationReceiver",
            "org.android.agoo.vivo.PushMessageReceiverImpl",
            "org.android.agoo.xiaomi.MiPushBroadcastReceiver"
        ]
    },
    "stats": {
        "dex_count": 6,
        "native_lib_count": 62
    },
    "jadx": {
        "status": "ok",
        "duration_sec": 111.43,
        "sources_present": true,
        "java_file_count": 25540
    },
    "ast_analysis": {
        "location": 9,
        "microphone": 3,
        "camera": 209,
        "media_projection": 0,
        "dynamic_load": 0,
        "jni": 100
    },
    "analysis_state": "complete"
}