{
    "java_files": [],
    "ast_hits_by_file": {
        "location": [],
        "microphone": [],
        "camera": [],
        "media_projection": [],
        "dynamic_load": [],
        "jni": []
    },
    "native_libs": [
        "lib/arm64-v8a/libandroid_aware_dlopen.so",
        "lib/arm64-v8a/libarcore_sdk_jni.so",
        "lib/arm64-v8a/libbreakpad.so",
        "lib/arm64-v8a/libbreakpad_cpp_helper.so",
        "lib/arm64-v8a/libc++_shared.so",
        "lib/arm64-v8a/libdistract.so",
        "lib/arm64-v8a/libelf.so",
        "lib/arm64-v8a/libfb.so",
        "lib/arm64-v8a/libfb_xzdecoder.so",
        "lib/arm64-v8a/libfbjni.so",
        "lib/arm64-v8a/libfbjni_kt.so",
        "lib/arm64-v8a/libfbunwindstack.so",
        "lib/arm64-v8a/libforce_dlopen.so",
        "lib/arm64-v8a/libglog.so",
        "lib/arm64-v8a/liblinkerutils.so",
        "lib/arm64-v8a/liblmkd_detector_binary.so",
        "lib/arm64-v8a/libmemalign16.so",
        "lib/arm64-v8a/libsigmux.so",
        "lib/arm64-v8a/libsuperpack-jni.so",
        "lib/arm64-v8a/libunwindstack_binary.so",
        "lib/arm64-v8a/libwatcher_binary.so",
        "lib/arm64-v8a/libzstddecoder.so"
    ],
    "dex_files_count": 8,
    "exported_components": {
        "activities": [
            "androidx.compose.ui.tooling.PreviewActivity",
            "androidx.test.core.app.InstrumentationActivityInvoker$BootstrapActivity",
            "androidx.test.core.app.InstrumentationActivityInvoker$EmptyActivity",
            "androidx.test.core.app.InstrumentationActivityInvoker$EmptyFloatingActivity",
            "com.android.billingclient.api.ProxyBillingActivity",
            "com.facebook.CustomTabActivity",
            "com.facebook.CustomTabMainActivity",
            "com.facebook.FacebookActivity",
            "com.facebook.browser.lite.BrowserLiteInMainProcessBottomSheetActivity",
            "com.facebook.cloudstreaming.backends.ig.Horizon2DActivity",
            "com.facebook.fxcropapp.ig.IgCropActivity",
            "com.facebook.privacy.consent.bloks.instagram.InstagramConsentFlowHostActivity",
            "com.facebook.privacy.consent.bloks.instagram.InstagramConsentOpenIABUrlActivity",
            "com.facebook.secure.deeplink.GlobalUriHandlerActivity",
            "com.facebook.smartcapture.view.IdCaptureActivity",
            "com.facebook.smartcapture.view.PermissionsActivity",
            "com.facebook.smartcapture.view.PhotoReviewActivity",
            "com.facebook.smartcapture.view.SelfieCaptureActivity",
            "com.facebook.smartcapture.view.SelfieCapturePermissionsActivity",
            "com.facebook.smartcapture.view.SelfieDataInformationActivity",
            "com.facebook.smartcapture.view.SelfieOnboardingActivity",
            "com.facebook.smartcapture.view.SelfieReviewActivity",
            "com.facebook.smartcapture.view.SelfieTimeoutActivity",
            "com.facebookpay.webview.WebViewActivity",
            "com.google.android.gms.auth.api.signin.internal.SignInHubActivity",
            "com.google.android.gms.common.api.GoogleApiActivity",
            "com.instagram.bugreporter.BugReporterActivity",
            "com.instagram.business.activity.BusinessAttributeSyncActivity",
            "com.instagram.business.activity.BusinessConversionActivity",
            "com.instagram.business.activity.FbConnectPageActivity",
            "com.instagram.business.instantexperiences.ui.InstantExperiencesBrowserActivity",
            "com.instagram.business.payments.PaymentsWebViewActivity",
            "com.instagram.business.promote.activity.PromoteActivity",
            "com.instagram.caa.registration.transition.CaaRegTransitionScreenActivity",
            "com.instagram.canvas.CanvasActivity",
            "com.instagram.challenge.activity.ChallengeActivity",
            "com.instagram.common.resources.downloadable.impl.WaitingForStringsActivity",
            "com.instagram.creation.activity.MediaCaptureActivity",
            "com.instagram.creation.photo.crop.AvatarCropActivity",
            "com.instagram.debug.devoptions.fbpay.IgECPOnsitePlaygroundActivity",
            "com.instagram.debug.devoptions.fbpay.IgECPPlaygroundActivity",
            "com.instagram.direct.appwidget.DirectRecipientSearchActivity",
            "com.instagram.direct.appwidget.DirectWidgetConfig",
            "com.instagram.direct.notifications.impl.activity.DirectPushNotificationActivity",
            "com.instagram.direct.share.handler.DirectExternalMediaShareActivity",
            "com.instagram.direct.share.handler.DirectMultipleExternalMediaShareActivity",
            "com.instagram.direct.share.handler.DirectShareHandlerActivity",
            "com.instagram.direct.stella.permission.StellaPermissionActivity",
            "com.instagram.fbpay.shoppay.IGShopPayCustomTabsActivity",
            "com.instagram.fbpay.w3c.views.DemaskCardActivity",
            "com.instagram.fbpay.w3c.views.PaymentActivity",
            "com.instagram.fbpay.w3c.views.PaymentMethodsActivity",
            "com.instagram.fxcal.browser.FxChromeCustomTabsActivity",
            "com.instagram.hangouts.activity.HangoutsModalActivity",
            "com.instagram.igtv.uploadflow.IGTVUploadActivity",
            "com.instagram.inappbrowser.actions.BrowserActionActivity",
            "com.instagram.leadads.activity.LeadAdsActivity",
            "com.instagram.mainactivity.LauncherActivity",
            "com.instagram.mainactivity.MainActivity",
            "com.instagram.modal.IGTVPictureInPictureModalActivity",
            "com.instagram.modal.ModalActivity",
            "com.instagram.modal.TransparentBackgroundModalActivity",
            "com.instagram.modal.TransparentModalActivity",
            "com.instagram.modal.TransparentOutOfAppPictureInPictureModalActivity",
            "com.instagram.nux.activity.BloksSignedOutFragmentActivity",
            "com.instagram.nux.activity.SignedOutFragmentActivity",
            "com.instagram.nux.cal.activity.CalActivity",
            "com.instagram.nux.impl.dynamicflow.onboarding.OnboardingActivity",
            "com.instagram.osversionblock.OsVersionBlockingActivity",
            "com.instagram.payout.activity.PayoutOnboardingFlowActivity",
            "com.instagram.platform.AppAuthorizeActivity",
            "com.instagram.quickpromotion.debug.devtool.QuickPromotionIGInternalSettingsActivity",
            "com.instagram.react.activity.IgReactActivity",
            "com.instagram.rtc.activity.ClipsTogetherActivity",
            "com.instagram.rtc.activity.RtcCallActivity",
            "com.instagram.rtc.activity.RtcCallIntentHandlerActivity",
            "com.instagram.settings.activity.NotificationSettingsHandlerActivity",
            "com.instagram.share.ameba.AmebaAuthActivity",
            "com.instagram.share.handleractivity.ClipsShareHandlerActivity",
            "com.instagram.share.handleractivity.CustomStoryShareHandlerActivity",
            "com.instagram.share.handleractivity.MultiStoryShareHandlerActivity",
            "com.instagram.share.handleractivity.ReelShareHandlerActivity",
            "com.instagram.share.handleractivity.ShareHandlerActivity",
            "com.instagram.share.handleractivity.StoryShareHandlerActivity",
            "com.instagram.share.odnoklassniki.OdnoklassnikiAuthActivity",
            "com.instagram.share.tumblr.TumblrAuthActivity",
            "com.instagram.share.twitter.TwitterOAuthActivity",
            "com.instagram.simplewebview.SimpleWebViewActivity",
            "com.instagram.tagging.activity.TaggingActivity",
            "com.instagram.url.UrlHandlerActivity",
            "com.instagram.url.UrlHandlerLauncherActivity",
            "com.instagram.urlhandler.IgMeMessageUrlHandlerActivity",
            "com.instagram.urlhandler.IgMeRecurringNotificationUrlHandlerActivity",
            "com.instagram.urlhandler.ReelExternalUrlHandlerActivity",
            "com.instagram.urlhandlers.accountquality.AccountQualityIgActorLauncherActivity",
            "com.instagram.urlhandlers.activepromotions.ActivePromotionsUrlHandlerActivity",
            "com.instagram.urlhandlers.adactivity.AdActivityUrlHandlerActivity",
            "com.instagram.urlhandlers.adspayments.AdsPaymentsUrlHandlerActivity",
            "com.instagram.urlhandlers.adspaynow.AdsPayNowUrlHandlerActivity",
            "com.instagram.urlhandlers.adsproductpage.AdsProductPageFragmentUrlHandlerActivity",
            "com.instagram.urlhandlers.adtopics.AdTopicsUrlHandlerActivity",
            "com.instagram.urlhandlers.aradscamera.ArAdsCameraUrlHandlerActivity",
            "com.instagram.urlhandlers.aradstestlink.ArAdsTestLinkUrlHandlerActivity",
            "com.instagram.urlhandlers.artistselfservelinking.ArtistSelfServeLinkingHandlerActivity",
            "com.instagram.urlhandlers.attribution.AttributionUrlHandlerActivity",
            "com.instagram.urlhandlers.avatarstickerupsellbloksaction.AvatarStickerUpsellBloksActionUrlHandlerActivity",
            "com.instagram.urlhandlers.blokscommerceappeal.BloksCommerceAppealUrlHandlerActivity",
            "com.instagram.urlhandlers.bloksformflow.BloksFormFlowUrlHandlerActivity",
            "com.instagram.urlhandlers.blokshuborderdetails.BloksHubOrderDetailsUrlHandlerActivity",
            "com.instagram.urlhandlers.bloksleavereview.BloksLeaveReviewUrlHandlerActivity",
            "com.instagram.urlhandlers.bloksnativehybridshell.BloksNativeHybridShellUrlHandlerActivity",
            "com.instagram.urlhandlers.bloksorderreceipt.BloksOrderReceiptUrlHandlerActivity",
            "com.instagram.urlhandlers.bloksordershub.BloksOrdersHubUrlHandlerActivity",
            "com.instagram.urlhandlers.brandedcontent.BrandedContentUrlHandlerActivity",
            "com.instagram.urlhandlers.brandedcontentad.BrandedContentAdUrlHandlerActivity",
            "com.instagram.urlhandlers.businessconversionexternal.BusinessConversionExternalUrlHandlerActivity",
            "com.instagram.urlhandlers.businessprofilecalling.BusinessProfileCallingUrlHandlerActivity",
            "com.instagram.urlhandlers.businesssignupexternal.BusinessSignUpExternalUrlHandlerActivity",
            "com.instagram.urlhandlers.carecsat.CareCsatUrlHandlerActivity",
            "com.instagram.urlhandlers.clips.ClipsUrlHandlerActivity",
            "com.instagram.urlhandlers.clipsaudio.ClipsAudioUrlHandlerActivity",
            "com.instagram.urlhandlers.clipscamera.ClipsCameraUrlHandlerActivity",
            "com.instagram.urlhandlers.clipseffect.ClipsEffectUrlHandlerActivity",
            "com.instagram.urlhandlers.clipstemplatebrowser.ClipsTemplateBrowserUrlHandlerActivity",
            "com.instagram.urlhandlers.commerceappeals.CommerceAppealsEditMediaInfoUrlHandlerActivity",
            "com.instagram.urlhandlers.completeyourprofile.CompleteYourProfileUrlHandlerActivity",
            "com.instagram.urlhandlers.consentaction.ConsentActionUrlHandlerActivity",
            "com.instagram.urlhandlers.consentflow.ConsentFlowUrlHandlerActivity",
            "com.instagram.urlhandlers.contactimportsettingsexternal.ContactImportSettingsExternalUrlHandlerActivity",
            "com.instagram.urlhandlers.cowatch.CoWatchHandlerActivity",
            "com.instagram.urlhandlers.createpostexternal.CreatePostExternalUrlHandlerActivity",
            "com.instagram.urlhandlers.creatormonetizationcontactsupport.CreatorMonetizationContactSupportUrlHandlerActivity",
            "com.instagram.urlhandlers.creatormonetizationopenaccess.CreatorMonetizationOpenAccessUrlHandlerActivity",
            "com.instagram.urlhandlers.creatoronboarding.CreatorOnboardingUrlHandlerActivity",
            "com.instagram.urlhandlers.creatorresumeonboarding.CreatorResumeOnboardingUrlHandlerActivity",
            "com.instagram.urlhandlers.creatorsettings.CreatorSettingsUrlHandlerActivity",
            "com.instagram.urlhandlers.creatortools.CreatorToolsUrlHandlerActivity",
            "com.instagram.urlhandlers.crossapptagging.XATUrlHandlerActivity",
            "com.instagram.urlhandlers.direct.DirectUrlHandlerActivity",
            "com.instagram.urlhandlers.directexternal.DirectExternalUrlHandlerActivity",
            "com.instagram.urlhandlers.directgroupinvite.DirectGroupInviteHandlerActivity",
            "com.instagram.urlhandlers.directmessageoptions.DirectMessageOptionsUrlHandlerActivity",
            "com.instagram.urlhandlers.directpollmessage.DirectPollMessageUrlHandlerActivity",
            "com.instagram.urlhandlers.directpromptscamera.DirectPromptsCameraUrlHandlerActivity",
            "com.instagram.urlhandlers.directquickreplysettings.DirectQuickReplySettingsUriHandlerActivity",
            "com.instagram.urlhandlers.directsuggestedreplysettings.DirectSuggestedReplySettingsUriHandlerActivity",
            "com.instagram.urlhandlers.directthreadinternal.DirectThreadInternalUrlHandlerActivity",
            "com.instagram.urlhandlers.directwelcomemessagesetting.DirectWelcomeMessageSettingUriHandlerActivity",
            "com.instagram.urlhandlers.discovery.DiscoveryUrlHandlerActivity",
            "com.instagram.urlhandlers.dogfoodingassistant.DogfoodingAssistantBottomSheetActivity",
            "com.instagram.urlhandlers.editprofilebioexternal.EditProfileBioExternalUrlHandlerActivity",
            "com.instagram.urlhandlers.editprofileexternal.EditProfileExternalUrlHandlerActivity",
            "com.instagram.urlhandlers.emailconfirm.EmailConfirmExternalUrlHandlerActivity",
            "com.instagram.urlhandlers.embedsoptout.EmbedsOptOutUrlHandlerActivity",
            "com.instagram.urlhandlers.evergreensafetycheck.EvergreenSafetyCheckV2UrlHandlerActivity",
            "com.instagram.urlhandlers.exploreexternal.ExploreExternalUrlHandlerActivity",
            "com.instagram.urlhandlers.familycenter.FamilyCenterUrlHandlerActivity",
            "com.instagram.urlhandlers.fanclub.FanClubUrlHandlerActivity",
            "com.instagram.urlhandlers.fbeappstore.FbeAppStoreUrlHandlerActivity",
            "com.instagram.urlhandlers.fbpayreferralxma.FbpayReferralXMAUrlHandlerActivity",
            "com.instagram.urlhandlers.fbshopping.FBShoppingExternalUrlHandlerActivity",
            "com.instagram.urlhandlers.fbsurvey.InstagramFbSurveyConfirmUserActivity",
            "com.instagram.urlhandlers.followandinvitefriends.FollowAndInviteFriendsUrlHandlerActivity",
            "com.instagram.urlhandlers.followexternal.FollowExternalUrlHandlerActivity",
            "com.instagram.urlhandlers.fundraiserexternal.FundraiserExternalUrlHandlerActivity",
            "com.instagram.urlhandlers.fxcaligaccountscenter.FxCalIGAccountsCenterRedirectActivity",
            "com.instagram.urlhandlers.fxcalimnamechangingreminder.FxCalIMNameChangingReminderUrlActivity",
            "com.instagram.urlhandlers.genericsurvey.GenericSurveyUrlHandlerActivity",
            "com.instagram.urlhandlers.googlecalendarsync.GoogleCalendarSyncUrlHandlerActivity",
            "com.instagram.urlhandlers.guardianpairing.GuardianPairingUrlHandlerActivity",
            "com.instagram.urlhandlers.guides.GuidesExternalUrlHandlerActivity",
            "com.instagram.urlhandlers.hackedaccountsupport.HackedAccountSupportUrlHandlerActivity",
            "com.instagram.urlhandlers.igecp.IgECPUrlHandlerActivity",
            "com.instagram.urlhandlers.igecpe2e.IgECPE2EUrlHandlerActivity",
            "com.instagram.urlhandlers.igfxsettingstyi.IGFXSettingsTYIRedirectActivity",
            "com.instagram.urlhandlers.igme.IgMeExternalUrlHandlerActivity",
            "com.instagram.urlhandlers.igtv.IGTVExternalUrlHandlerActivity",
            "com.instagram.urlhandlers.igtvprofile.IGTVProfileDeeplinkHandlerActivity",
            "com.instagram.urlhandlers.igtvupload.IGTVUploadUrlHandlerActivity",
            "com.instagram.urlhandlers.infocenter.InfoCenterExternalUrlHandlerActivity",
            "com.instagram.urlhandlers.infocenterfactexternal.InfoCenterFactExternalUrlHandlerActivity",
            "com.instagram.urlhandlers.inject.InjectUrlHandlerActivity",
            "com.instagram.urlhandlers.insightsexternal.InsightsExternalUrlHandlerActivity",
            "com.instagram.urlhandlers.interappidentityswitch.InterAppIdentitySwitchUrlHandlerActivity",
            "com.instagram.urlhandlers.learnfromothers.LearnFromOthersUrlHandlerActivity",
            "com.instagram.urlhandlers.live.LiveExternalUrlHandlerActivity",
            "com.instagram.urlhandlers.managesavedlogin.ManageSavedLoginUrlHandlerActivity",
            "com.instagram.urlhandlers.mdpgroupprofile.MdpInstagramGroupProfileCreationHandlerActivity",
            "com.instagram.urlhandlers.mdpicebreakers.MdpInstagramIcebreakersHandlerActivity",
            "com.instagram.urlhandlers.mdpinstagramcamerafeed.MdpInstagramCameraFeedHandlerActivity",
            "com.instagram.urlhandlers.mdpmap.MdpInstagramMapHandlerActivity",
            "com.instagram.urlhandlers.mdpmap.MdpInstagramUniversalDeeplinkRedirectionActivity",
            "com.instagram.urlhandlers.media.MediaExternalUrlHandlerActivity",
            "com.instagram.urlhandlers.mediakit.MediaKitExternalUrlHandlerActivity",
            "com.instagram.urlhandlers.messaginghub.MessagingHubUrlHandlerActivity",
            "com.instagram.urlhandlers.nftdeeplink.NftDeeplinkHandlerActivity",
            "com.instagram.urlhandlers.openinexternalbrowser.OpenInExternalBrowserUrlHandlerActivity",
            "com.instagram.urlhandlers.ordermanagement.OrderManagementUrlHandlerActivity",
            "com.instagram.urlhandlers.p2mincentive.P2mIncentiveUrlHandlerActivity",
            "com.instagram.urlhandlers.p2mpayoutsettings.P2mPayoutSettingsUrlHandlerActivity",
            "com.instagram.urlhandlers.passwordreset.PasswordResetExternalUrlHandlerActivity",
            "com.instagram.urlhandlers.paymentbusiness.PaymentBusinessUrlHandlerActivity",
            "com.instagram.urlhandlers.payments.PaymentsUrlHandlerActivity",
            "com.instagram.urlhandlers.payouthub.PayoutHubUrlHandlerActivity",
            "com.instagram.urlhandlers.payoutsupport.PayoutSupportUrlHandlerActivity",
            "com.instagram.urlhandlers.personalinformation.PersonalInformationUrlHandlerActivity",
            "com.instagram.urlhandlers.playstore.PlayStoreUrlHandlerActivity",
            "com.instagram.urlhandlers.postfollowty.PostFollowTyExternalUrlHandlerActivity",
            "com.instagram.urlhandlers.professionaldashboardexternal.ProfessionalDashboardExternalUrlHandlerActivity",
            "com.instagram.urlhandlers.professionalonboardingchecklistexternal.ProfessionalOnboardingChecklistExternalUrlHandlerActivity",
            "com.instagram.urlhandlers.professionalsignupexternal.ProfessionalSignUpExternalUrlHandlerActivity",
            "com.instagram.urlhandlers.professionalsignupnuxexternal.ProfessionalSignupNuxExternalUrlHandlerActivity",
            "com.instagram.urlhandlers.proinspiration.ProInspirationUrlHandlerActivity",
            "com.instagram.urlhandlers.promoteexternal.PromoteExternalUrlHandlerActivity",
            "com.instagram.urlhandlers.promotepaymentstatus.PromotePaymentStatusUrlHandlerActivity",
            "com.instagram.urlhandlers.promotionpayments.PromotionPaymentsUrlHandlerActivity",
            "com.instagram.urlhandlers.quietmode.QuietModeUrlHandlerActivity",
            "com.instagram.urlhandlers.rbs.RBSPivotPageUrlHandlerActivity",
            "com.instagram.urlhandlers.recentsearches.RecentSearchesUrlHandlerActivity",
            "com.instagram.urlhandlers.resolveadaccount.ResolveAdAccountNotificationUrlHandlerActivity",
            "com.instagram.urlhandlers.rtceffect.RtcEffectUrlHandlerActivity",
            "com.instagram.urlhandlers.securitycheckup.SecurityCheckupUrlHandlerActivity",
            "com.instagram.urlhandlers.selleractionsbloksapp.SellerActionsBloksAppUrlHandlerActivity",
            "com.instagram.urlhandlers.serviceshopxma.ServiceShopXMAUrlHandlerActivity",
            "com.instagram.urlhandlers.settings.SettingsUrlHandlerActivity",
            "com.instagram.urlhandlers.setuserstatus.SetUserStatusUrlHandlerActivity",
            "com.instagram.urlhandlers.sharecollections.ShareCollectionsUrlHandlerActivity",
            "com.instagram.urlhandlers.sharereels.ShareReelsUrlHandlerActivity",
            "com.instagram.urlhandlers.shoppingsellerscreendelegator.ShoppingSellerScreenDelegatorUrlHandlerActivity",
            "com.instagram.urlhandlers.shopsqareplyprivately.ShopsQAReplyPrivatelyUrlHandlerActivity",
            "com.instagram.urlhandlers.smbeditpartner.SmbEditPartnerUrlHandlerActivity",
            "com.instagram.urlhandlers.smbselectpartner.SmbSelectPartnerUrlHandlerActivity",
            "com.instagram.urlhandlers.smbsupportlinksetup.SmbSupportLinkSetupUrlHandlerActivity",
            "com.instagram.urlhandlers.smsrecovery.SMSRecoveryUrlHandlerActivity",
            "com.instagram.urlhandlers.stories.StoriesUrlHandlerActivity",
            "com.instagram.urlhandlers.subscriptiongifting.SubscriptionGiftingHandlerActivity",
            "com.instagram.urlhandlers.supportpersonalizedads.SupportPersonalizedAdsUrlHandlerActivity",
            "com.instagram.urlhandlers.supportpersonalizedadsstorysticker.SupportPersonalizedAdsStoryStickerUrlHandlerActivity",
            "com.instagram.urlhandlers.technicalincident.TechnicalIncidentPageUrlHandlerActivity",
            "com.instagram.urlhandlers.themesettings.ThemeSettingsUrlHandlerActivity",
            "com.instagram.urlhandlers.timespent.TimeSpentNotificationUrlHandlerActivity",
            "com.instagram.urlhandlers.twofacsettingsexternal.TwoFacSettingsExternalUrlHandlerActivity",
            "com.instagram.urlhandlers.updatepayment.UpdatePaymentUrlHandlerActivity",
            "com.instagram.urlhandlers.usageinsights.UsageInsightsUrlHandlerActivity",
            "com.instagram.urlhandlers.verifiedusercalling.VerifiedUserCallingUrlHandlerActivity",
            "com.instagram.urlhandlers.viewallleadopportunities.ViewAllLeadOpportunitiesUrlHandlerActivity",
            "com.instagram.urlhandlers.viewallleads.ViewAllLeadsUrlHandlerActivity",
            "com.instagram.urlhandlers.viewleadgenguidancehub.ViewLeadGenGuidanceHubUrlHandlerActivity",
            "com.instagram.urlhandlers.viewleadopportunitydetails.ViewLeadOpportunityDetailsUrlHandlerActivity",
            "com.instagram.urlhandlers.viewleadsformedia.ViewLeadsForMediaUrlHandlerActivity",
            "com.instagram.urlhandlers.viewprofile.ViewProfileUrlHandlerActivity",
            "com.instagram.urlhandlers.xacinterstitial.XacInterstitialDeeplinkUrlHandlerActivity",
            "com.instagram.util.report.ReportWebViewActivity",
            "com.instagram.wellbeing.limitedprofile.activity.LimitedInteractionsReminderActivity",
            "com.instagram.wellbeing.timespent.activity.TimeSpentDashboardActivity"
        ],
        "services": [
            "androidx.room.MultiInstanceInvalidationService",
            "androidx.work.impl.background.systemalarm.SystemAlarmService",
            "androidx.work.impl.background.systemjob.SystemJobService",
            "androidx.work.impl.foreground.SystemForegroundService",
            "androidx.work.multiprocess.RemoteWorkManagerService",
            "com.facebook.analytics.appstatelogger.AppStateIntentService",
            "com.facebook.analytics2.logger.AlarmBasedUploadService",
            "com.facebook.analytics2.logger.GooglePlayUploadService",
            "com.facebook.analytics2.logger.LollipopUploadService",
            "com.facebook.analytics2.logger.service.LollipopUploadSafeService",
            "com.facebook.appcomponentmanager.AppComponentManagerService",
            "com.facebook.browser.lite.BrowserLiteInMainProcessIntentService",
            "com.facebook.browser.lite.BrowserLiteIntentService",
            "com.facebook.cameracore.mediapipeline.asyncscripting.AsyncScriptingService",
            "com.facebook.common.dextricks.DexOptimization$Service",
            "com.facebook.common.dextricks.DexOptimizationJobService",
            "com.facebook.common.errorreporting.memory.service.jobschedulercompat.igsvc.DumperUploadGcmTaskService",
            "com.facebook.common.errorreporting.memory.service.jobschedulercompat.igsvc.DumperUploadService",
            "com.facebook.common.zopt.ZOptBackgroundService",
            "com.facebook.fbreact.autoupdater.ighttp.IgHttpUpdateGcmTaskService",
            "com.facebook.fbreact.autoupdater.ighttp.IgHttpUpdateService",
            "com.facebook.fbreact.autoupdater.ighttp.IgHttpUpdateServiceCompat",
            "com.facebook.oxygen.preloads.sdk.firstparty.managedappcache.IsManagedAppCacheJobService",
            "com.facebook.oxygen.preloads.sdk.firstparty.managedappcache.IsManagedAppCacheService",
            "com.facebook.papaya.fb.instagram.PapayaExecutionJobService",
            "com.facebook.rti.push.service.FbnsService",
            "com.facebook.video.heroplayer.service.HeroKeepAliveService",
            "com.facebook.video.heroplayer.service.MainProcHeroService",
            "com.facebook.voltron.scheduler.AppModuleAlarmBasedDownloader",
            "com.facebook.voltron.scheduler.AppModuleDownloadJobService",
            "com.google.android.gms.auth.api.signin.RevocationBoundService",
            "com.google.firebase.components.ComponentDiscoveryService",
            "com.google.firebase.messaging.FirebaseMessagingService",
            "com.instagram.backgroundsync.BackgroundSyncJobService",
            "com.instagram.bugreporter.BugReporterService",
            "com.instagram.contacts.ccu.intf.CCUJobService",
            "com.instagram.contacts.ccu.intf.CCUWorkerService",
            "com.instagram.creation.location.NearbyVenuesService",
            "com.instagram.direct.appwidget.DirectWidgetService",
            "com.instagram.direct.notifications.armadillo.backgroundsync.service.IgBackgroundSyncWorkerService",
            "com.instagram.direct.notifications.armadillo.service.IgSecureMessageOverWANotificationService",
            "com.instagram.direct.notifications.impl.DirectNotificationActionService",
            "com.instagram.direct.share.choosertarget.DirectChooserTargetService",
            "com.instagram.direct.stella.StellaDirectMessagingService",
            "com.instagram.fbpay.w3c.ipc.FBPaymentServiceImpl",
            "com.instagram.fbpay.w3c.ipc.IsReadyToPayServiceImpl",
            "com.instagram.gallery.scanner.MediaScannerJobService",
            "com.instagram.gallery.scanner.MediaScannerWorkerService",
            "com.instagram.inappbrowser.service.BrowserLiteCallbackService",
            "com.instagram.lazyload.download.ModuleDownloadJobService",
            "com.instagram.lazyload.download.ModuleDownloadWorkerService",
            "com.instagram.lazyload.instagram.MainProcessCallbackService",
            "com.instagram.notifications.actions.ActionHandlerIntentService",
            "com.instagram.notifications.local.LocalNotificationFetchInventoryJobService",
            "com.instagram.notifications.push.ADMMessageJobHandler",
            "com.instagram.notifications.push.ADMMessageLegacyHandler",
            "com.instagram.notifications.push.BloksNotificationService",
            "com.instagram.notifications.push.GCMJobService",
            "com.instagram.notifications.push.IgPushRegistrationService",
            "com.instagram.notifications.push.fbns.FbnsPushNotificationHandler",
            "com.instagram.notifications.push.fcm.FcmListenerService",
            "com.instagram.notifications.push.fcm.GetFCMTokenAndRegisterWithServerGCMService",
            "com.instagram.notifications.push.fcm.GetFCMTokenAndRegisterWithServerLollipopService",
            "com.instagram.notifications.push.fcm.IgFirebaseMessagingService",
            "com.instagram.pendingmedia.service.impl.PendingMediaNotificationService",
            "com.instagram.pendingmedia.service.impl.UploadRetryJobService",
            "com.instagram.pendingmedia.service.impl.UploadRetryService",
            "com.instagram.periodicreporter.SimInfoPeriodicRunnerJobService",
            "com.instagram.prefetch.PrefetchDebugView",
            "com.instagram.publisher.CopypastaUploadRetryService",
            "com.instagram.publisher.HeartbeatJobService",
            "com.instagram.publisher.TransactionRevivalJobService",
            "com.instagram.rtc.connectionservice.RtcConnectionService",
            "com.instagram.rtc.service.OngoingCallService",
            "com.instagram.rtc.service.OngoingCallServiceWithMic",
            "com.instagram.rtc.service.RtcCallService",
            "com.instagram.rtc.signaling.notifications.service.RtcCallActionIntentHandlerService",
            "com.instagram.util.offline.BackgroundPrefetchGcmTaskService",
            "com.instagram.util.offline.BackgroundPrefetchJobService",
            "com.instagram.util.offline.BackgroundPrefetchJobServiceCompat",
            "com.instagram.util.offline.BackgroundPrefetchWorkerService",
            "com.instagram.util.offline.MainFeedBackgroundPrefetchJobService",
            "com.instagram.util.offline.MainFeedBackgroundPrefetchWorkerService",
            "com.instagram.util.offline.StoryBackgroundPrefetchJobService",
            "com.instagram.util.offline.StoryBackgroundPrefetchWorkerService",
            "com.instagram.util.startup.tracking.TaskLifeDetectingService"
        ],
        "receivers": [
            "androidx.profileinstaller.ProfileInstallReceiver",
            "androidx.work.impl.background.systemalarm.ConstraintProxy$BatteryChargingProxy",
            "androidx.work.impl.background.systemalarm.ConstraintProxy$BatteryNotLowProxy",
            "androidx.work.impl.background.systemalarm.ConstraintProxy$NetworkStateProxy",
            "androidx.work.impl.background.systemalarm.ConstraintProxy$StorageNotLowProxy",
            "androidx.work.impl.background.systemalarm.ConstraintProxyUpdateReceiver",
            "androidx.work.impl.background.systemalarm.RescheduleReceiver",
            "androidx.work.impl.diagnostics.DiagnosticsReceiver",
            "androidx.work.impl.utils.ForceStopRunnable$BroadcastReceiver",
            "com.facebook.analytics.appstatelogger.AppStateBroadcastReceiver",
            "com.facebook.analytics2.logger.HighPriUploadRetryReceiver",
            "com.facebook.appcomponentmanager.testreceivers.AppComponentManagerTestingReceiver",
            "com.facebook.appcomponentmanager.testreceivers.FirstEnableStageTestReceiver",
            "com.facebook.appcomponentmanager.testreceivers.SecondEnableStageTestReceiver",
            "com.facebook.errorreporting.lacrima.detector.broadcast.LockScreenBroadcastReceiver",
            "com.facebook.errorreporting.lacrima.detector.broadcast.SecureShutdownBootBroadcastReceiver",
            "com.facebook.nobreak.CrashLoop$LastState",
            "com.facebook.oxygen.preloads.sdk.firstparty.managedappcache.IsManagedAppFlag",
            "com.facebook.oxygen.preloads.sdk.firstparty.managedappcache.IsManagedAppReceiver",
            "com.facebook.oxygen.preloads.sdk.firstparty.settings.TosAcceptedFlag",
            "com.google.firebase.iid.FirebaseInstanceIdReceiver",
            "com.instagram.analytics.uploadscheduler.AnalyticsUploadAlarmReceiver",
            "com.instagram.api.realtimepeak.LauncherSyncBootReceiver",
            "com.instagram.api.useragent.LocationChangeReceiver",
            "com.instagram.appcomponentmanager.IgAppComponentReceiver",
            "com.instagram.bugreporter.BugReportUploadFailedNotificationDismissedReceiver",
            "com.instagram.common.analytics.phoneid.InstagramPhoneIdRequestReceiver",
            "com.instagram.direct.appwidget.DirectWidgetProvider",
            "com.instagram.direct.notifications.armadillo.impl.ArmadilloBackgroundSyncNotificationRenderingReceiver",
            "com.instagram.direct.notifications.impl.DirectNotificationActionReceiver",
            "com.instagram.jobscheduler.SchedulerNetworkChangeReceiver",
            "com.instagram.launcherbadges.LauncherBadgesReceiver",
            "com.instagram.notifications.actions.NotificationActionReceiver",
            "com.instagram.notifications.local.LocalNotificationAlarmReceiver",
            "com.instagram.notifications.local.LocalNotificationBootReceiver",
            "com.instagram.notifications.push.ADMMessageHandler$Receiver",
            "com.instagram.notifications.push.ClearNotificationReceiver",
            "com.instagram.notifications.push.fbns.FbnsPushNotificationHandler$IgFbnsCallbackReceiver",
            "com.instagram.pendingmedia.service.impl.ConnectivityChangeReceiver",
            "com.instagram.pendingmedia.service.impl.UploadRetryService$RetryAlarmBroadcastReceiver",
            "com.instagram.publisher.CopypastaConnectivityChangeReceiver",
            "com.instagram.publisher.CopypastaUploadRetryService$RetryAlarmBroadcastReceiver",
            "com.instagram.push.FbnsInitBroadcastReceiver",
            "com.instagram.push.InstagramAppUpgradeEventReceiver",
            "com.instagram.registrationpush.RegistrationPushActionReceiver",
            "com.instagram.registrationpush.RegistrationPushAlarmReceiver",
            "com.instagram.util.share.ShareUtil$ChosenComponentReceiver"
        ]
    }
}