{
    "apk_name": "254657B895A197A6FA615775AF8F66C22FE43516E19398A3BA2001392226D1AA",
    "sha256": "254657b895a197a6fa615775af8f66c22fe43516e19398a3ba2001392226d1aa",
    "metadata": {
        "package_name": "com.suzy.droid",
        "version_code": "19705",
        "version_name": "1.97",
        "min_sdk": "21",
        "target_sdk": "34",
        "permissions": [
            "android.permission.ACCESS_NETWORK_STATE",
            "android.permission.CAMERA",
            "android.permission.INTERNET",
            "android.permission.POST_NOTIFICATIONS",
            "android.permission.READ_EXTERNAL_STORAGE",
            "android.permission.READ_MEDIA_IMAGES",
            "android.permission.RECORD_AUDIO",
            "android.permission.WAKE_LOCK",
            "android.permission.WRITE_EXTERNAL_STORAGE",
            "com.google.android.c2dm.permission.RECEIVE",
            "com.google.android.finsky.permission.BIND_GET_INSTALL_REFERRER_SERVICE",
            "com.google.android.gms.permission.AD_ID",
            "com.suzy.droid.DYNAMIC_RECEIVER_NOT_EXPORTED_PERMISSION"
        ],
        "activities": [
            "com.appboy.ui.AppboyWebViewActivity",
            "com.appboy.ui.activities.AppboyFeedActivity",
            "com.braze.push.NotificationTrampolineActivity",
            "com.braze.ui.BrazeWebViewActivity",
            "com.braze.ui.activities.BrazeFeedActivity",
            "com.braze.ui.activities.ContentCardsActivity",
            "com.google.android.gms.common.api.GoogleApiActivity",
            "crc64ba438d8f48cf7e75.IntermediateActivity",
            "crc64fb407d7fb80034b3.MainActivity"
        ],
        "services": [
            "com.braze.push.BrazeFirebaseMessagingService",
            "com.google.android.datatransport.runtime.backends.TransportBackendDiscovery",
            "com.google.android.datatransport.runtime.scheduling.jobscheduling.JobInfoSchedulerService",
            "com.google.android.gms.measurement.AppMeasurementJobService",
            "com.google.android.gms.measurement.AppMeasurementService",
            "com.google.firebase.components.ComponentDiscoveryService",
            "com.google.firebase.messaging.FirebaseMessagingService"
        ],
        "receivers": [
            "androidx.profileinstaller.ProfileInstallReceiver",
            "com.appsflyer.SingleInstallBroadcastReceiver",
            "com.braze.BrazeFlushPushDeliveryReceiver",
            "com.braze.push.BrazePushReceiver",
            "com.google.android.datatransport.runtime.scheduling.jobscheduling.AlarmManagerSchedulerBroadcastReceiver",
            "com.google.android.gms.measurement.AppMeasurementReceiver",
            "com.google.firebase.iid.FirebaseInstanceIdReceiver",
            "crc640a8d9a12ddbf2cf2.EnergySaverBroadcastReceiver",
            "crc64e53d2f592022988e.ConnectivityBroadcastReceiver"
        ],
        "permission_details": {
            "android.permission.ACCESS_NETWORK_STATE": "normal",
            "android.permission.CAMERA": "dangerous",
            "android.permission.INTERNET": "normal",
            "android.permission.POST_NOTIFICATIONS": "dangerous",
            "android.permission.READ_EXTERNAL_STORAGE": "dangerous",
            "android.permission.READ_MEDIA_IMAGES": "dangerous",
            "android.permission.RECORD_AUDIO": "dangerous",
            "android.permission.WAKE_LOCK": "normal",
            "android.permission.WRITE_EXTERNAL_STORAGE": "dangerous",
            "com.google.android.c2dm.permission.RECEIVE": "unknown",
            "com.google.android.finsky.permission.BIND_GET_INSTALL_REFERRER_SERVICE": "unknown",
            "com.google.android.gms.permission.AD_ID": "unknown",
            "com.suzy.droid.DYNAMIC_RECEIVER_NOT_EXPORTED_PERMISSION": "unknown"
        },
        "risk_counts": {
            "normal": 3,
            "dangerous": 6,
            "unknown": 4
        }
    },
    "stats": {
        "dex_count": 3,
        "native_lib_count": 48
    },
    "jadx": {
        "status": "ok",
        "duration_sec": 48.75,
        "sources_present": true,
        "java_file_count": 11954
    },
    "ast_analysis": {
        "location": 9,
        "microphone": 0,
        "camera": 76,
        "media_projection": 0,
        "dynamic_load": 0,
        "jni": 10
    },
    "analysis_state": "complete"
}