{
    "apk_name": "F6308CC658021A920E188655D8816A4F606B23D333147FE18A464808D8A2A67D",
    "sha256": "f6308cc658021a920e188655d8816a4f606b23d333147fe18a464808d8a2a67d",
    "metadata": {
        "package_name": "com.avalia.AprovaBrasil",
        "version_code": "135",
        "version_name": "2.15.1",
        "min_sdk": "21",
        "target_sdk": "30",
        "permissions": [
            "android.permission.ACCESS_NETWORK_STATE",
            "android.permission.ACCESS_WIFI_STATE",
            "android.permission.CAMERA",
            "android.permission.FLASHLIGHT",
            "android.permission.FOREGROUND_SERVICE",
            "android.permission.GET_ACCOUNTS",
            "android.permission.INTERNET",
            "android.permission.READ_CALENDAR",
            "android.permission.READ_EXTERNAL_STORAGE",
            "android.permission.WAKE_LOCK",
            "android.permission.WRITE_CALENDAR",
            "android.permission.WRITE_EXTERNAL_STORAGE",
            "com.google.android.c2dm.permission.RECEIVE",
            "com.google.android.finsky.permission.BIND_GET_INSTALL_REFERRER_SERVICE"
        ],
        "activities": [
            "com.google.android.gms.common.api.GoogleApiActivity",
            "crc641f7cc8f40b94dde2.MainActivity",
            "crc641f7cc8f40b94dde2.SplashActivity",
            "crc646957603ea1820544.MediaPickerActivity",
            "crc6480997b3ef81bf9b2.ZxingActivity"
        ],
        "services": [
            "com.datami.smi.SmiIntentService",
            "com.google.android.datatransport.runtime.backends.TransportBackendDiscovery",
            "com.google.android.datatransport.runtime.scheduling.jobscheduling.JobInfoSchedulerService",
            "com.google.android.gms.measurement.AppMeasurementJobService",
            "com.google.android.gms.measurement.AppMeasurementService",
            "com.google.firebase.components.ComponentDiscoveryService",
            "com.google.firebase.messaging.FirebaseMessagingService",
            "com.microsoft.windowsazure.messaging.notificationhubs.FirebaseReceiver",
            "crc641f7cc8f40b94dde2.MyFirebaseMessagingService"
        ],
        "receivers": [
            "com.google.android.datatransport.runtime.scheduling.jobscheduling.AlarmManagerSchedulerBroadcastReceiver",
            "com.google.android.gms.measurement.AppMeasurementInstallReferrerReceiver",
            "com.google.android.gms.measurement.AppMeasurementReceiver",
            "com.google.firebase.iid.FirebaseInstanceIdInternalReceiver",
            "com.google.firebase.iid.FirebaseInstanceIdReceiver",
            "crc643f46942d9dd1fff9.PowerSaveModeBroadcastReceiver",
            "crc64cea48322b3427ae9.ConnectivityChangeBroadcastReceiver"
        ]
    },
    "stats": {
        "dex_count": 1,
        "native_lib_count": 28
    },
    "jadx": {
        "status": "ok",
        "duration_sec": 19.22,
        "sources_present": true,
        "java_file_count": 3625
    },
    "ast_analysis": {
        "location": 0,
        "microphone": 0,
        "camera": 2,
        "media_projection": 0,
        "dynamic_load": 0,
        "jni": 5
    },
    "analysis_state": "complete"
}