{
    "apk_name": "56E42DD186CEDE92F04A0080044B45AA7B66E3CBAE2954429931DAD1D5BC976B",
    "sha256": "56e42dd186cede92f04a0080044b45aa7b66e3cbae2954429931dad1d5bc976b",
    "metadata": {
        "package_name": "com.ufide.FideApp",
        "version_code": "54",
        "version_name": "2.29.11",
        "min_sdk": "23",
        "target_sdk": "33",
        "permissions": [
            "android.permission.ACCESS_COARSE_LOCATION",
            "android.permission.ACCESS_FINE_LOCATION",
            "android.permission.ACCESS_NETWORK_STATE",
            "android.permission.CAMERA",
            "android.permission.DEFAULT",
            "android.permission.GET_ACCOUNTS",
            "android.permission.INJECT_EVENTS",
            "android.permission.INTERNET",
            "android.permission.LOCATION_HARDWARE",
            "android.permission.READ_EXTERNAL_STORAGE",
            "android.permission.WAKE_LOCK",
            "android.permission.WRITE_EXTERNAL_STORAGE",
            "com.anddoes.launcher.permission.UPDATE_COUNT",
            "com.google.android.c2dm.permission.RECEIVE",
            "com.google.android.finsky.permission.BIND_GET_INSTALL_REFERRER_SERVICE",
            "com.htc.launcher.permission.READ_SETTINGS",
            "com.htc.launcher.permission.UPDATE_SHORTCUT",
            "com.huawei.android.launcher.permission.CHANGE_BADGE",
            "com.huawei.android.launcher.permission.READ_SETTINGS",
            "com.huawei.android.launcher.permission.WRITE_SETTINGS",
            "com.majeur.launcher.permission.UPDATE_BADGE",
            "com.sec.android.provider.badge.permission.READ",
            "com.sec.android.provider.badge.permission.WRITE",
            "com.sonyericsson.home.permission.BROADCAST_BADGE",
            "com.sonymobile.home.permission.PROVIDER_INSERT_BADGE"
        ],
        "activities": [
            "com.google.android.gms.common.api.GoogleApiActivity",
            "crc647712b9337516a8e7.CampusVirtualActivity",
            "crc647712b9337516a8e7.EmailActivity",
            "crc647712b9337516a8e7.EmploymentExchangeActivity",
            "crc647712b9337516a8e7.LibraryActivity",
            "crc647712b9337516a8e7.OfficeActivity",
            "crc647712b9337516a8e7.OneDriveActivity",
            "crc647712b9337516a8e7.SistemaAcademicoActivity",
            "crc647712b9337516a8e7.SistemaAcademicoTecnicosActivity",
            "crc647712b9337516a8e7.TeacherEvaluationActivity",
            "crc647712b9337516a8e7.TeamsActivity",
            "crc6480997b3ef81bf9b2.ZxingActivity",
            "crc648316b0a9aa8cfd61.BrowserTabActivity",
            "crc64a0e0a82d0db9a07d.IntermediateActivity",
            "crc64bc217d93c793b960.MainActivity",
            "crc64bc217d93c793b960.NotificationActivity",
            "crc64bc217d93c793b960.SplashActivity",
            "crc64ed1888fb4925e3b7.AuthenticationAgentActivity",
            "microsoft.identity.client.AuthenticationActivity"
        ],
        "services": [
            "com.google.android.datatransport.runtime.backends.TransportBackendDiscovery",
            "com.google.android.datatransport.runtime.scheduling.jobscheduling.JobInfoSchedulerService",
            "com.google.android.gms.measurement.AppMeasurementJobService",
            "com.google.android.gms.measurement.AppMeasurementService",
            "com.google.firebase.components.ComponentDiscoveryService",
            "com.google.firebase.messaging.FirebaseMessagingService",
            "com.microsoft.windowsazure.messaging.notificationhubs.FirebaseReceiver",
            "crc64bc217d93c793b960.FirebaseService"
        ],
        "receivers": [
            "com.google.android.datatransport.runtime.scheduling.jobscheduling.AlarmManagerSchedulerBroadcastReceiver",
            "com.google.android.gms.measurement.AppMeasurementReceiver",
            "com.google.firebase.iid.FirebaseInstanceIdInternalReceiver",
            "com.google.firebase.iid.FirebaseInstanceIdReceiver",
            "crc643f46942d9dd1fff9.PowerSaveModeBroadcastReceiver",
            "crc6456a9356549cdfbbb.AlarmBroadcastReceiver"
        ]
    },
    "stats": {
        "dex_count": 1,
        "native_lib_count": 28
    },
    "jadx": {
        "status": "ok",
        "duration_sec": 17.24,
        "sources_present": true,
        "java_file_count": 3852
    },
    "ast_analysis": {
        "location": 0,
        "microphone": 0,
        "camera": 2,
        "media_projection": 0,
        "dynamic_load": 0,
        "jni": 6
    },
    "analysis_state": "complete"
}