{
    "apk_name": "EDBA2CBFE5725321118F65B34136027D832D9E1217ED9041B62A1ED56AA50476",
    "sha256": "edba2cbfe5725321118f65b34136027d832d9e1217ed9041b62a1ed56aa50476",
    "metadata": {
        "package_name": "com.microsoft.teams",
        "version_code": "2024132265",
        "version_name": "1416/1.0.0.2024132206",
        "min_sdk": "30",
        "target_sdk": "33",
        "permissions": [
            "Manifest.permission.CAPTURE_AUDIO_OUTPUT",
            "android.permission.ACCESS_COARSE_LOCATION",
            "android.permission.ACCESS_FINE_LOCATION",
            "android.permission.ACCESS_NETWORK_STATE",
            "android.permission.ACCESS_WIFI_STATE",
            "android.permission.AUTHENTICATE_ACCOUNTS",
            "android.permission.BLUETOOTH",
            "android.permission.BLUETOOTH_ADMIN",
            "android.permission.BLUETOOTH_ADVERTISE",
            "android.permission.BLUETOOTH_CONNECT",
            "android.permission.BLUETOOTH_PRIVILEGED",
            "android.permission.BLUETOOTH_SCAN",
            "android.permission.CALL_PHONE",
            "android.permission.CAMERA",
            "android.permission.CHANGE_NETWORK_STATE",
            "android.permission.DETECT_SCREEN_CAPTURE",
            "android.permission.FOREGROUND_SERVICE",
            "android.permission.GET_ACCOUNTS",
            "android.permission.INTERNET",
            "android.permission.MANAGE_ACCOUNTS",
            "android.permission.MANAGE_OWN_CALLS",
            "android.permission.MODIFY_AUDIO_SETTINGS",
            "android.permission.NFC",
            "android.permission.POST_NOTIFICATIONS",
            "android.permission.READ_APP_BADGE",
            "android.permission.READ_CONTACTS",
            "android.permission.READ_EXTERNAL_STORAGE",
            "android.permission.READ_MEDIA_AUDIO",
            "android.permission.READ_MEDIA_IMAGES",
            "android.permission.READ_MEDIA_VIDEO",
            "android.permission.READ_PHONE_STATE",
            "android.permission.RECEIVE_BOOT_COMPLETED",
            "android.permission.RECORD_AUDIO",
            "android.permission.REQUEST_IGNORE_BATTERY_OPTIMIZATIONS",
            "android.permission.SCHEDULE_EXACT_ALARM",
            "android.permission.SYSTEM_ALERT_WINDOW",
            "android.permission.USE_CREDENTIALS",
            "android.permission.USE_FULL_SCREEN_INTENT",
            "android.permission.VIBRATE",
            "android.permission.WAKE_LOCK",
            "android.permission.WRITE_CONTACTS",
            "android.permission.WRITE_EXTERNAL_STORAGE",
            "android.permission.WRITE_INTERNAL_STORAGE",
            "com.anddoes.launcher.permission.UPDATE_COUNT",
            "com.google.android.c2dm.permission.RECEIVE",
            "com.google.android.finsky.permission.BIND_GET_INSTALL_REFERRER_SERVICE",
            "com.htc.launcher.permission.READ_SETTINGS",
            "com.htc.launcher.permission.UPDATE_SHORTCUT",
            "com.huawei.android.launcher.permission.CHANGE_BADGE",
            "com.huawei.android.launcher.permission.READ_SETTINGS",
            "com.huawei.android.launcher.permission.WRITE_SETTINGS",
            "com.majeur.launcher.permission.UPDATE_BADGE",
            "com.microsoft.intune.aospagent.teamsipc.intune.permission.CALL_INTUNE_IPC",
            "com.microsoft.teams.DYNAMIC_RECEIVER_NOT_EXPORTED_PERMISSION",
            "com.oppo.launcher.permission.READ_SETTINGS",
            "com.oppo.launcher.permission.WRITE_SETTINGS",
            "com.sec.android.provider.badge.permission.READ",
            "com.sec.android.provider.badge.permission.WRITE",
            "com.sonyericsson.home.permission.BROADCAST_BADGE",
            "com.sonymobile.home.permission.PROVIDER_INSERT_BADGE",
            "me.everything.badger.permission.BADGE_COUNT_READ",
            "me.everything.badger.permission.BADGE_COUNT_WRITE"
        ],
        "activities": [
            "androidx.car.app.CarAppPermissionActivity",
            "androidx.credentials.playservices.HiddenActivity",
            "androidx.test.core.app.InstrumentationActivityInvoker$BootstrapActivity",
            "androidx.test.core.app.InstrumentationActivityInvoker$EmptyActivity",
            "androidx.test.core.app.InstrumentationActivityInvoker$EmptyFloatingActivity",
            "com.flipgrid.camera.onecamera.playback.SaveVideoToDownloadsActivity",
            "com.flipgrid.camera.screenrecorder.ScreenRecorderForegroundActivity",
            "com.google.android.gms.auth.api.signin.internal.SignInHubActivity",
            "com.google.android.gms.common.api.GoogleApiActivity",
            "com.google.android.libraries.places.widget.AutocompleteActivity",
            "com.google.android.play.core.common.PlayCoreDialogWrapperActivity",
            "com.google.ar.core.InstallActivity",
            "com.microsoft.aad.adal.AuthenticationActivity",
            "com.microsoft.authentication.internal.OneAuthNavigationActivity",
            "com.microsoft.contentpicker.ui.ContentPickerActivity",
            "com.microsoft.identity.client.BrowserTabActivity",
            "com.microsoft.identity.client.CurrentTaskBrowserTabActivity",
            "com.microsoft.identity.client.helper.BrokerHelperActivity",
            "com.microsoft.identity.common.internal.broker.BrokerActivity",
            "com.microsoft.identity.common.internal.broker.InstallCertActivityLauncher",
            "com.microsoft.identity.common.internal.providers.oauth2.AuthorizationActivity",
            "com.microsoft.identity.common.internal.providers.oauth2.CurrentTaskAuthorizationActivity",
            "com.microsoft.intune.mam.client.app.offline.OfflineInstallCompanyPortalDialogActivity",
            "com.microsoft.intune.mam.client.app.offline.OfflineNotifyWipeActivity",
            "com.microsoft.intune.mam.client.app.offline.OfflineRestartRequiredActivity",
            "com.microsoft.intune.mam.client.app.offline.OfflineStartupBlockedActivity",
            "com.microsoft.intune.mam.client.app.resolver.MAMResolverActivity",
            "com.microsoft.intune.mam.client.app.startup.MAMComplianceBlockActivity",
            "com.microsoft.intune.mam.client.app.startup.MAMStartupActivity",
            "com.microsoft.metaos.hubsdk.ui.HostWindowActivity",
            "com.microsoft.office.feedback.floodgate.MainActivity",
            "com.microsoft.office.feedback.inapp.MainActivity",
            "com.microsoft.office.lens.lenscommon.ui.LensActivity",
            "com.microsoft.office.lens.lensgallery.immersivegallery.ImmersiveGalleryActivity",
            "com.microsoft.oneplayer.player.ui.view.activity.OnePlayerActivity",
            "com.microsoft.oneplayer.ui.defaults.activity.OPActivity",
            "com.microsoft.powerlift.android.PowerLiftSupportInsightsActivity",
            "com.microsoft.powerlift.android.RemedyActivity",
            "com.microsoft.sharehvc.views.ShareActivity",
            "com.microsoft.skype.teams.calendar.ui.SensitivityLabelActivity",
            "com.microsoft.skype.teams.calendar.views.activities.AddParticipantsActivity",
            "com.microsoft.skype.teams.calendar.views.activities.CalendarListEventsActivity",
            "com.microsoft.skype.teams.calendar.views.activities.CreateMeetingsActivity",
            "com.microsoft.skype.teams.calendar.views.activities.DescriptionEditActivity",
            "com.microsoft.skype.teams.calendar.views.activities.MeetingDetailsActivity",
            "com.microsoft.skype.teams.calendar.views.activities.MeetingFilesActivity",
            "com.microsoft.skype.teams.calendar.views.activities.MeetingParticipantsActivity",
            "com.microsoft.skype.teams.calendar.views.activities.ParticipantsListActivity",
            "com.microsoft.skype.teams.calling.expo.files.ExpoFilesActivity",
            "com.microsoft.skype.teams.calling.lightweightstage.view.activity.AudioOnlyActivity",
            "com.microsoft.skype.teams.calling.lightweightstage.view.activity.AudioOnlyCallingActivity",
            "com.microsoft.skype.teams.calling.lightweightstage.view.activity.AudioOnlyOutgoingCallActivity",
            "com.microsoft.skype.teams.calling.meetnow.views.activities.MeetNowDetailsActivity",
            "com.microsoft.skype.teams.calling.ringtones.SelectCallRingtoneActivity",
            "com.microsoft.skype.teams.delegates.views.activities.ManageDelegatePermissionsActivity",
            "com.microsoft.skype.teams.delegates.views.activities.ManageDelegatesActivity",
            "com.microsoft.skype.teams.edu.teamsandchannels.views.EduChannelsActivity",
            "com.microsoft.skype.teams.files.listing.views.ChatFilesActivity",
            "com.microsoft.skype.teams.files.listing.views.DocumentsActivity",
            "com.microsoft.skype.teams.files.listing.views.OfflineFilesActivity",
            "com.microsoft.skype.teams.files.listing.views.PersonalFilesActivity",
            "com.microsoft.skype.teams.files.open.views.FilePreviewActivity",
            "com.microsoft.skype.teams.media.views.activities.ImageViewerActivity",
            "com.microsoft.skype.teams.meetingjoinbycode.views.activities.MeetingJoinByCodeActivity",
            "com.microsoft.skype.teams.meetingjoinbycode.views.activities.UnauthenticatedMeetingJoinByCodeActivity",
            "com.microsoft.skype.teams.people.contactcard.views.AddMSAPhoneEmailActivity",
            "com.microsoft.skype.teams.people.contactcard.views.ContactCardActivity",
            "com.microsoft.skype.teams.roomcontroller.views.RoomControllerActivity",
            "com.microsoft.skype.teams.views.activities.AboutActivity",
            "com.microsoft.skype.teams.views.activities.ActionMessagingExtensionActivity",
            "com.microsoft.skype.teams.views.activities.ActiveOnDesktopActivity",
            "com.microsoft.skype.teams.views.activities.AdHocMeetingActivity",
            "com.microsoft.skype.teams.views.activities.AddRoomActivity",
            "com.microsoft.skype.teams.views.activities.AddTeamMemberTagActivity",
            "com.microsoft.skype.teams.views.activities.AliasDiscoverabilityActivity",
            "com.microsoft.skype.teams.views.activities.AliasVisibilityActivity",
            "com.microsoft.skype.teams.views.activities.AnnotationActivity",
            "com.microsoft.skype.teams.views.activities.AuthenticatedProcessDeeplinkActivity",
            "com.microsoft.skype.teams.views.activities.BIEventDetailsActivity",
            "com.microsoft.skype.teams.views.activities.BaseScreenshotTestActivity",
            "com.microsoft.skype.teams.views.activities.BlockedContactsSettingsActivity",
            "com.microsoft.skype.teams.views.activities.BlockedNumbersSettingsActivity",
            "com.microsoft.skype.teams.views.activities.BlockingActivity",
            "com.microsoft.skype.teams.views.activities.BroadcastMeetingActivity",
            "com.microsoft.skype.teams.views.activities.BroadcastMeetingInfoActivity",
            "com.microsoft.skype.teams.views.activities.BroadcastQnaActivity",
            "com.microsoft.skype.teams.views.activities.CallEarlyCancelFbActivity",
            "com.microsoft.skype.teams.views.activities.CallFeedbackActivity",
            "com.microsoft.skype.teams.views.activities.CallLogDetailsActivity",
            "com.microsoft.skype.teams.views.activities.CallRatingActivity",
            "com.microsoft.skype.teams.views.activities.CallRatingThankingActivity",
            "com.microsoft.skype.teams.views.activities.CallRecordingListActivity",
            "com.microsoft.skype.teams.views.activities.CallRosterActivity",
            "com.microsoft.skype.teams.views.activities.CallingForwardOptionsActivity",
            "com.microsoft.skype.teams.views.activities.CallingNotificationLandingActivity",
            "com.microsoft.skype.teams.views.activities.CallingOptionsActivity",
            "com.microsoft.skype.teams.views.activities.CaptionsAndTranscriptsActivity",
            "com.microsoft.skype.teams.views.activities.CardFeedbackActivity",
            "com.microsoft.skype.teams.views.activities.CardPreviewActivity",
            "com.microsoft.skype.teams.views.activities.CardVisualizerActivity",
            "com.microsoft.skype.teams.views.activities.ChannelPickerActivity",
            "com.microsoft.skype.teams.views.activities.ChannelPickerActivityV2",
            "com.microsoft.skype.teams.views.activities.ChannelPrivacyActivity",
            "com.microsoft.skype.teams.views.activities.ChannelSearchMemberActivity",
            "com.microsoft.skype.teams.views.activities.CommunityAddMemberActivity",
            "com.microsoft.skype.teams.views.activities.CommunityQRCodeActivity",
            "com.microsoft.skype.teams.views.activities.ConnectedExperiencesSettingsActivity",
            "com.microsoft.skype.teams.views.activities.ContactGroupsActivity",
            "com.microsoft.skype.teams.views.activities.ContactImportActivity",
            "com.microsoft.skype.teams.views.activities.ContactStatusMessageSeeMoreActivity",
            "com.microsoft.skype.teams.views.activities.ContactSyncLearnMoreActivity",
            "com.microsoft.skype.teams.views.activities.ContextualFeedbackActivity",
            "com.microsoft.skype.teams.views.activities.CreateEditCommunityActivity",
            "com.microsoft.skype.teams.views.activities.CustomTabsShellActivity",
            "com.microsoft.skype.teams.views.activities.DDVSettingsActivity",
            "com.microsoft.skype.teams.views.activities.DataManagementActivity",
            "com.microsoft.skype.teams.views.activities.DebugActivity",
            "com.microsoft.skype.teams.views.activities.DebugSubstrateSearchActivity",
            "com.microsoft.skype.teams.views.activities.DelegateCallContextMenuActivity",
            "com.microsoft.skype.teams.views.activities.DialCallActivity",
            "com.microsoft.skype.teams.views.activities.DiscoverFeedActivity",
            "com.microsoft.skype.teams.views.activities.DlpMessageOverrideActivity",
            "com.microsoft.skype.teams.views.activities.EDUTemplatesActivity",
            "com.microsoft.skype.teams.views.activities.EditDisplayNameActivity",
            "com.microsoft.skype.teams.views.activities.EditMSANameActivity",
            "com.microsoft.skype.teams.views.activities.EditPinnedChannelsActivity",
            "com.microsoft.skype.teams.views.activities.EmergencyLocationSettingsActivity",
            "com.microsoft.skype.teams.views.activities.EndCallActivity",
            "com.microsoft.skype.teams.views.activities.EnrollmentProcessingActivity",
            "com.microsoft.skype.teams.views.activities.ExtensibilityAuthInProgressActivity",
            "com.microsoft.skype.teams.views.activities.ExtensiblePeoplePicker",
            "com.microsoft.skype.teams.views.activities.FeaturedCommunityListActivity",
            "com.microsoft.skype.teams.views.activities.FeedbackActivity",
            "com.microsoft.skype.teams.views.activities.FragmentHostActivity",
            "com.microsoft.skype.teams.views.activities.Fre4vActivity",
            "com.microsoft.skype.teams.views.activities.FreActivity",
            "com.microsoft.skype.teams.views.activities.FreAuthActivity",
            "com.microsoft.skype.teams.views.activities.FreMeetingJoinActivity",
            "com.microsoft.skype.teams.views.activities.GeneralSettingsActivity",
            "com.microsoft.skype.teams.views.activities.GroupProfileCardActivity",
            "com.microsoft.skype.teams.views.activities.ImageSlidePagerActivity",
            "com.microsoft.skype.teams.views.activities.ImmersiveReaderActivity",
            "com.microsoft.skype.teams.views.activities.InCallActivity",
            "com.microsoft.skype.teams.views.activities.InCallFilesActivity",
            "com.microsoft.skype.teams.views.activities.InCallShareContentActivity",
            "com.microsoft.skype.teams.views.activities.InsiderOptionsActivity",
            "com.microsoft.skype.teams.views.activities.InstrumentationActivity",
            "com.microsoft.skype.teams.views.activities.InviteToTenantActivity",
            "com.microsoft.skype.teams.views.activities.ManageChannelsActivity",
            "com.microsoft.skype.teams.views.activities.MediaOptionsActivity",
            "com.microsoft.skype.teams.views.activities.MeetingDescriptionActivity",
            "com.microsoft.skype.teams.views.activities.MeetingJoinWelcomeAccountPickerActivity",
            "com.microsoft.skype.teams.views.activities.MeetingJoinWelcomeActivity",
            "com.microsoft.skype.teams.views.activities.MeetingJoinWelcomeActivityUnified",
            "com.microsoft.skype.teams.views.activities.MeetingOptionsActivity",
            "com.microsoft.skype.teams.views.activities.MeetingRecordingVideoActivity",
            "com.microsoft.skype.teams.views.activities.MeetingsNotificationsActivity",
            "com.microsoft.skype.teams.views.activities.NoiseSuppressionOptionsActivity",
            "com.microsoft.skype.teams.views.activities.NotificationsV2Activity",
            "com.microsoft.skype.teams.views.activities.NotificationsV3Activity",
            "com.microsoft.skype.teams.views.activities.OptionsActivity",
            "com.microsoft.skype.teams.views.activities.PendingCommunityMembersActivity",
            "com.microsoft.skype.teams.views.activities.PlatformAppPermissionsActivity",
            "com.microsoft.skype.teams.views.activities.PlatformAppsPermissionsSettingsActivity",
            "com.microsoft.skype.teams.views.activities.PreCallActivity",
            "com.microsoft.skype.teams.views.activities.PreJoinActivity",
            "com.microsoft.skype.teams.views.activities.PrimaryDetailContainerActivity",
            "com.microsoft.skype.teams.views.activities.PrivacyActivity",
            "com.microsoft.skype.teams.views.activities.PrivacyNoticeActivity",
            "com.microsoft.skype.teams.views.activities.PrivacyOptionsActivity",
            "com.microsoft.skype.teams.views.activities.ProcessDeeplinkActivity",
            "com.microsoft.skype.teams.views.activities.QueryMessagingExtensionsActivity",
            "com.microsoft.skype.teams.views.activities.QuietTimeActivity",
            "com.microsoft.skype.teams.views.activities.RNAppInfoActivity",
            "com.microsoft.skype.teams.views.activities.ReportAbuseActivity",
            "com.microsoft.skype.teams.views.activities.SdkShareTargetActivity",
            "com.microsoft.skype.teams.views.activities.SearchAddParticipantChannelMeetingActivity",
            "com.microsoft.skype.teams.views.activities.SearchAddParticipantMeetingActivity",
            "com.microsoft.skype.teams.views.activities.SearchSuggestedTeamsActivity",
            "com.microsoft.skype.teams.views.activities.SearchTeamDashboardActivity",
            "com.microsoft.skype.teams.views.activities.SearchUserConsultTransferActivity",
            "com.microsoft.skype.teams.views.activities.SearchUsersActivity",
            "com.microsoft.skype.teams.views.activities.SearchUsersToStartNewCall2Activity",
            "com.microsoft.skype.teams.views.activities.SearchUsersToStartNewCallActivity",
            "com.microsoft.skype.teams.views.activities.SetStatusMessageActivity",
            "com.microsoft.skype.teams.views.activities.SettingsActivity",
            "com.microsoft.skype.teams.views.activities.SettingsGiveFeedbackActivity",
            "com.microsoft.skype.teams.views.activities.SettingsReduceDataUsageActivity",
            "com.microsoft.skype.teams.views.activities.ShareToSkypeTeamsActivity",
            "com.microsoft.skype.teams.views.activities.ShowAllTeamsOrTeamChannelsActivity",
            "com.microsoft.skype.teams.views.activities.SmsChatsAutoClaimActivity",
            "com.microsoft.skype.teams.views.activities.SplashActivity",
            "com.microsoft.skype.teams.views.activities.SsoAccountsListActivity",
            "com.microsoft.skype.teams.views.activities.SubscribedChannelsActivity",
            "com.microsoft.skype.teams.views.activities.TabReorderingActivity",
            "com.microsoft.skype.teams.views.activities.TaskModuleCardActivity",
            "com.microsoft.skype.teams.views.activities.TeamsJsHostActivity",
            "com.microsoft.skype.teams.views.activities.TenantPickerListActivity",
            "com.microsoft.skype.teams.views.activities.TflNewGroupActivity",
            "com.microsoft.skype.teams.views.activities.TranslationActivity",
            "com.microsoft.skype.teams.views.activities.TranslationAddLanguageActivity",
            "com.microsoft.skype.teams.views.activities.TranslationFeedbackLanguageActivity",
            "com.microsoft.skype.teams.views.activities.TranslationSelectLanguageActivity",
            "com.microsoft.skype.teams.views.activities.TranslatorContextualFeedbackActivity",
            "com.microsoft.skype.teams.views.activities.TranslatorFeedbackActivityLad",
            "com.microsoft.skype.teams.views.activities.TranslatorFeedbackActivityTranslation",
            "com.microsoft.skype.teams.views.activities.TypeAheadSearchActivity",
            "com.microsoft.skype.teams.views.activities.USBAudioStreamingActivity",
            "com.microsoft.skype.teams.views.activities.UnifiedChatViewSeeAllActivity",
            "com.microsoft.skype.teams.views.activities.UserActivityActivity",
            "com.microsoft.skype.teams.views.activities.UsersListActivity",
            "com.microsoft.skype.teams.views.activities.VoicemailActivity",
            "com.microsoft.skype.teams.views.activities.WebViewerActivity",
            "com.microsoft.skype.teams.views.activities.WelcomeActivity",
            "com.microsoft.skype.teams.views.activities.WhenInMeetingsActivity",
            "com.microsoft.skype.teams.views.activities.WhiteboardActivity",
            "com.microsoft.teams.attendancereport.views.AttendanceReportActivity",
            "com.microsoft.teams.busyonbusy.ui.BusyOnBusyOptionsActivity",
            "com.microsoft.teams.calling.lightweight.views.activity.LightWeightAudioCallingActivity",
            "com.microsoft.teams.calling.lightweight.views.activity.LightWeightAudioMeetingActivity",
            "com.microsoft.teams.calling.views.activities.ManageAudioVideoActivity",
            "com.microsoft.teams.chats.views.activities.AdaptiveCardWebViewActivity",
            "com.microsoft.teams.chats.views.activities.AddMemberActivity",
            "com.microsoft.teams.chats.views.activities.ChatGroupAddMemberActivity",
            "com.microsoft.teams.chats.views.activities.ChatGroupUsersListActivity",
            "com.microsoft.teams.chats.views.activities.ChatTabListActivity",
            "com.microsoft.teams.chats.views.activities.ChatsActivity",
            "com.microsoft.teams.chats.views.activities.CommunityBlockedUsersListActivity",
            "com.microsoft.teams.chats.views.activities.CopilotSettingsActivity",
            "com.microsoft.teams.chats.views.activities.EditPinnedChatsActivity",
            "com.microsoft.teams.chats.views.activities.EduAddMemberActivity",
            "com.microsoft.teams.chats.views.activities.GroupJoinLinkActivity",
            "com.microsoft.teams.chats.views.activities.InviteToTeamInProgressActivity",
            "com.microsoft.teams.community.activities.CommunityBotWelcomeMessageEditorActivity",
            "com.microsoft.teams.community.activities.CommunityBotWelcomeMessagePreviewActivity",
            "com.microsoft.teams.community.activities.CommunityInviteRedemptionActivity",
            "com.microsoft.teams.community.activities.CommunityPickerActivity",
            "com.microsoft.teams.community.activities.FeaturedCommunityApplicationActivity",
            "com.microsoft.teams.community.activities.FeaturedCommunityListActivity",
            "com.microsoft.teams.connectedaccount.views.ManageConnectedAccountActivity",
            "com.microsoft.teams.connectedaccount.views.ManageConnectedAccountComposeActivity",
            "com.microsoft.teams.conversations.views.activities.BrowseTeamsActivity",
            "com.microsoft.teams.conversations.views.activities.ClassificationActivity",
            "com.microsoft.teams.conversations.views.activities.ConversationMeetingThreadActivity",
            "com.microsoft.teams.conversations.views.activities.ConversationThreadActivity",
            "com.microsoft.teams.conversations.views.activities.ConversationsActivity",
            "com.microsoft.teams.conversations.views.activities.CreateEditTeamActivity",
            "com.microsoft.teams.conversations.views.activities.TeamMemberTagCardActivity",
            "com.microsoft.teams.conversations.views.activities.TeamMemberTagsListV2Activity",
            "com.microsoft.teams.engage.nav.resolvers.download.EngageDownloadDfmActivity",
            "com.microsoft.teams.feedback.ods.ui.ODSActivity",
            "com.microsoft.teams.fluid.view.FluidComponentComposeActivity",
            "com.microsoft.teams.fluid.view.FluidComponentEditActivity",
            "com.microsoft.teams.fluid.view.FluidMeetingNotesActivity",
            "com.microsoft.teams.fluid.view.FluidTableComposeActivity",
            "com.microsoft.teams.guardians.views.GuardiansActivity",
            "com.microsoft.teams.guardians.views.GuardiansContactCardActivity",
            "com.microsoft.teams.incontextstore.views.InContextStoreActivity",
            "com.microsoft.teams.license.UpsellBenefitsActivity",
            "com.microsoft.teams.location.ui.LocationPickerActivity",
            "com.microsoft.teams.location.ui.ShareLocationActivity",
            "com.microsoft.teams.media.views.activities.MediaItemViewerActivity",
            "com.microsoft.teams.mediagallery.views.activities.GalleryActivity",
            "com.microsoft.teams.mememaker.MemeMakerActivity",
            "com.microsoft.teams.messaging.views.activities.EditMessageActivity",
            "com.microsoft.teams.messaging.views.activities.TableViewerActivity",
            "com.microsoft.teams.mobile.calendar.views.activities.CalendarSettingsActivity",
            "com.microsoft.teams.mobile.community.CommunityAddMemberActivity",
            "com.microsoft.teams.mobile.community.CreateEditCommunityActivity",
            "com.microsoft.teams.mobile.grouptemplates.TflNewGroupActivity",
            "com.microsoft.teams.mobile.views.activities.ChatRequestsActivity",
            "com.microsoft.teams.mobile.views.activities.CodeSnippetViewerActivity",
            "com.microsoft.teams.mobile.views.activities.CommunityStyleEventParticipantsListActivity",
            "com.microsoft.teams.mobile.views.activities.CommunityStyleEventQRCodeActivity",
            "com.microsoft.teams.mobile.views.activities.CopilotExtensionsListActivity",
            "com.microsoft.teams.mobile.views.activities.DashboardActivity",
            "com.microsoft.teams.mobile.views.activities.EmailInvitesSettingActivity",
            "com.microsoft.teams.mobile.views.activities.FullScreenComposeMessageActivity",
            "com.microsoft.teams.mobile.views.activities.ImageCropActivity",
            "com.microsoft.teams.mobile.views.activities.MainActivity",
            "com.microsoft.teams.mobile.views.activities.OtherNotificationsActivity",
            "com.microsoft.teams.mobile.views.activities.PrepareSdkRunnerActivity",
            "com.microsoft.teams.mobile.views.activities.RNFeatureDemoActivity",
            "com.microsoft.teams.ocm.FMCIncomingCallSettingActivity",
            "com.microsoft.teams.people.settings.activities.PeopleOptionsActivity",
            "com.microsoft.teams.people.settings.activities.SyncDeviceContactActivity",
            "com.microsoft.teams.qrcode.actions.signin.ApproveDcfSignInActivity",
            "com.microsoft.teams.qrcode.actions.signin.DcfSignInWebViewerActivity",
            "com.microsoft.teams.recap.view.MeetingRecapActivity",
            "com.microsoft.teams.scheduledoof.OutOfOfficeActivity",
            "com.microsoft.teams.search.core.views.activities.ContextualSearchActivity",
            "com.microsoft.teams.search.core.views.activities.SearchActivity",
            "com.microsoft.teams.search.core.views.activities.SearchDomainL2Activity",
            "com.microsoft.teams.search.core.views.activities.UnpinnedChatsSearchActivity",
            "com.microsoft.teams.sharedlinks.views.activities.LinksActivity",
            "com.microsoft.teams.transcript.views.activities.RecordingsAndTranscriptsActivity",
            "com.microsoft.woven.activities.ChannelListActivity",
            "com.microsoft.woven.activities.CreateChannelsInfoActivity",
            "com.microsoft.yammer.broadcast.ui.BroadcastEventActivity",
            "com.microsoft.yammer.compose.ui.ComposeActivity",
            "com.microsoft.yammer.compose.ui.drafts.DraftsActivity",
            "com.microsoft.yammer.compose.ui.gif.GifSearchActivity",
            "com.microsoft.yammer.compose.ui.imagedetail.gallery.ImageGalleryActivity",
            "com.microsoft.yammer.compose.ui.mediapost.MediaPostPreviewActivity",
            "com.microsoft.yammer.compose.ui.participantold.ComposerPickerActivity",
            "com.microsoft.yammer.compose.ui.praise.PraiseUsersActivity",
            "com.microsoft.yammer.compose.ui.topic.createtopic.CreateTopicActivity",
            "com.microsoft.yammer.deeplinking.ui.BroadcastDeepLinkRouterActivity",
            "com.microsoft.yammer.deeplinking.ui.DeepLinkRouterActivity",
            "com.microsoft.yammer.deeplinking.ui.ImmersiveImageViewerDeepLinkActivity",
            "com.microsoft.yammer.feed.ui.FeedActivity",
            "com.microsoft.yammer.networkquestion.search.SearchNetworkQuestionActivity",
            "com.microsoft.yammer.ui.addremoveusersgroups.groupmembers.GroupMembersAddActivity",
            "com.microsoft.yammer.ui.campaign.CampaignActivity",
            "com.microsoft.yammer.ui.campaign.details.CampaignDetailsActivity",
            "com.microsoft.yammer.ui.conversation.ConversationActivity",
            "com.microsoft.yammer.ui.detailitems.DetailItemsListActivity",
            "com.microsoft.yammer.ui.empty.EmptyViewActivity",
            "com.microsoft.yammer.ui.groupcreateedit.GroupCreateActivity",
            "com.microsoft.yammer.ui.groupcreateedit.GroupEditActivity",
            "com.microsoft.yammer.ui.groupdetail.GroupDetailActivity",
            "com.microsoft.yammer.ui.grouplist.usergrouplist.UserGroupListActivity",
            "com.microsoft.yammer.ui.groupmemberslist.GroupMembersListActivity",
            "com.microsoft.yammer.ui.inbox.InboxFeedActivity",
            "com.microsoft.yammer.ui.mediapost.MediaPostViewerActivity",
            "com.microsoft.yammer.ui.notification.NotificationFeedActivity",
            "com.microsoft.yammer.ui.participants.ParticipantsListActivity",
            "com.microsoft.yammer.ui.profile.UserProfileActivity",
            "com.microsoft.yammer.ui.report.ReportConversationActivity",
            "com.microsoft.yammer.ui.teamsmeeting.ama.event.AmaEventActivity",
            "com.microsoft.yammer.ui.teamsmeeting.ama.event.details.AmaEventDetailsActivity",
            "com.microsoft.yammer.ui.teamsmeeting.ama.eventslist.AmaEventsListActivity",
            "com.microsoft.yammer.ui.topic.TopicPickerActivity",
            "com.microsoft.yammer.ui.video.VideoPlayerActivity",
            "com.microsoft.yammer.ui.video.download.DownloadVideoActivity",
            "com.microsoft.yammer.ui.webview.AttachmentsWebViewActivity",
            "com.microsoft.yammer.ui.webview.YammerWebViewActivity",
            "com.proyecto26.inappbrowser.ChromeTabsManagerActivity",
            "com.yubico.yubikit.android.ui.OtpActivity",
            "com.yubico.yubikit.android.ui.YubiKeyPromptActivity",
            "ols.microsoft.com.shiftr.activity.SingleFragmentActivity"
        ],
        "services": [
            "androidx.camera.core.impl.MetadataHolderService",
            "androidx.credentials.playservices.CredentialProviderMetadataHolder",
            "androidx.room.MultiInstanceInvalidationService",
            "androidx.sharetarget.ChooserTargetServiceCompat",
            "androidx.work.impl.background.systemalarm.SystemAlarmService",
            "androidx.work.impl.background.systemjob.SystemJobService",
            "androidx.work.impl.foreground.SystemForegroundService",
            "com.evernote.android.job.JobRescheduleService",
            "com.evernote.android.job.gcm.PlatformGcmService",
            "com.evernote.android.job.v14.PlatformAlarmService",
            "com.evernote.android.job.v14.PlatformAlarmServiceExact",
            "com.evernote.android.job.v21.PlatformJobService",
            "com.flipgrid.camera.screenrecorder.ScreenRecorderService",
            "com.google.android.datatransport.runtime.backends.TransportBackendDiscovery",
            "com.google.android.datatransport.runtime.scheduling.jobscheduling.JobInfoSchedulerService",
            "com.google.android.gms.auth.api.signin.RevocationBoundService",
            "com.google.firebase.components.ComponentDiscoveryService",
            "com.google.firebase.messaging.FirebaseMessagingService",
            "com.microsoft.intune.mam.client.notification.MAMNotificationReceiverService",
            "com.microsoft.intune.mam.client.service.MAMBackgroundJobService",
            "com.microsoft.intune.mam.client.service.MAMBackgroundService",
            "com.microsoft.oneplayer.core.service.PlayerProviderService",
            "com.microsoft.skype.teams.calling.call.CommandInvokerService",
            "com.microsoft.skype.teams.calling.nativephonebookintegration.AccountService",
            "com.microsoft.skype.teams.calling.notification.AutoDismissingForegroundService",
            "com.microsoft.skype.teams.calling.notification.CallForegroundService",
            "com.microsoft.skype.teams.calling.notification.PreCallForegroundService",
            "com.microsoft.skype.teams.calling.notification.ScreenCaptureForegroundService",
            "com.microsoft.skype.teams.calling.telecom.TelecomConnectionService",
            "com.microsoft.skype.teams.dock.DockForegroundService",
            "com.microsoft.skype.teams.files.download.DownloadForegroundService",
            "com.microsoft.skype.teams.files.upload.services.FileUploadForegroundService",
            "com.microsoft.skype.teams.services.autoprune.AutoPruneServiceJobP",
            "com.microsoft.skype.teams.services.postmessage.PostMessageServiceQueueJobP",
            "com.microsoft.skype.teams.talknow.service.TalkNowForegroundService",
            "com.microsoft.skype.teams.talknow.service.TalkNowLightForegroundService",
            "com.microsoft.teams.authorization.jobs.SkypeTokenRefreshJobM",
            "com.microsoft.teams.auto.TeamsCarAppService",
            "com.microsoft.teams.feedback.ods.ODSForegroundService",
            "com.microsoft.teams.messaging.services.sharing.ShareMessageService",
            "com.microsoft.teams.pushnotifications.FcmPushMessageReceiver",
            "com.microsoft.tokenshare.TokenSharingService",
            "com.microsoft.yammer.compose.domain.PostInBackgroundForegroundService"
        ],
        "receivers": [
            "androidx.car.app.notification.CarAppNotificationBroadcastReceiver",
            "androidx.profileinstaller.ProfileInstallReceiver",
            "androidx.work.impl.background.systemalarm.ConstraintProxy$BatteryChargingProxy",
            "androidx.work.impl.background.systemalarm.ConstraintProxy$BatteryNotLowProxy",
            "androidx.work.impl.background.systemalarm.ConstraintProxy$NetworkStateProxy",
            "androidx.work.impl.background.systemalarm.ConstraintProxy$StorageNotLowProxy",
            "androidx.work.impl.background.systemalarm.ConstraintProxyUpdateReceiver",
            "androidx.work.impl.background.systemalarm.RescheduleReceiver",
            "androidx.work.impl.diagnostics.DiagnosticsReceiver",
            "androidx.work.impl.utils.ForceStopRunnable$BroadcastReceiver",
            "com.evernote.android.job.JobBootReceiver",
            "com.evernote.android.job.v14.PlatformAlarmReceiver",
            "com.google.android.datatransport.runtime.scheduling.jobscheduling.AlarmManagerSchedulerBroadcastReceiver",
            "com.google.firebase.iid.FirebaseInstanceIdReceiver",
            "com.instacart.library.truetime.BootCompletedBroadcastReceiver",
            "com.microsoft.app.events.PackageReplacedBroadcastReceiver",
            "com.microsoft.intune.mam.client.service.MAMBackgroundReceiver",
            "com.microsoft.powerlift.android.internal.sync.SyncJobBroadcastReceiver",
            "com.microsoft.skype.teams.app.BluetoothBroadcastReceiver",
            "com.microsoft.skype.teams.calendar.receivers.CalendarNotificationBroadcastReceiver",
            "com.microsoft.skype.teams.calling.call.CallingBroadcastReceiver",
            "com.microsoft.skype.teams.services.fcm.NotificationBroadcastReceiver",
            "com.microsoft.skype.teams.talknow.receiver.TalkNowDedicatedKyoceraPttButtonReceiver",
            "com.microsoft.skype.teams.utilities.AppUpdateBroadcastReceiver",
            "com.microsoft.skype.teams.utilities.ApplicationPickerBroadcastReceiver",
            "com.microsoft.skype.teams.utilities.InstallationBroadcastReceiver",
            "com.microsoft.teams.auto.CarAppBroadcastReceiver",
            "ols.microsoft.com.shiftr.service.ClockInClockOutAlarmReceiver",
            "ols.microsoft.com.shiftr.service.NextShiftAlarmReceiver"
        ]
    },
    "stats": {
        "dex_count": 8,
        "native_lib_count": 0
    },
    "jadx": {
        "status": "ok",
        "duration_sec": 207.1,
        "sources_present": true,
        "java_file_count": 44347
    },
    "ast_analysis": {
        "location": 5,
        "microphone": 8,
        "camera": 134,
        "media_projection": 1,
        "dynamic_load": 0,
        "jni": 49
    },
    "analysis_state": "complete"
}