{
    "apk_name": "AF11CE0F186DA2BB5EEA37C0877FA71B16919356B6D35051209AEE5627444981",
    "sha256": "af11ce0f186da2bb5eea37c0877fa71b16919356b6d35051209aee5627444981",
    "metadata": {
        "package_name": "com.csii.jsbank.zxyh",
        "version_code": "193",
        "version_name": "6.2.7",
        "min_sdk": "21",
        "target_sdk": "29",
        "permissions": [
            "android.hardware.camera.autofocus",
            "android.permission.ACCESS_ASSISTED_GPS",
            "android.permission.ACCESS_COARSE_LOCATION",
            "android.permission.ACCESS_FINE_LOCATION",
            "android.permission.ACCESS_GPS",
            "android.permission.ACCESS_LOCATION",
            "android.permission.ACCESS_NETWORK_STATE",
            "android.permission.ACCESS_WIFI_STATE",
            "android.permission.BLUETOOTH",
            "android.permission.BLUETOOTH_ADMIN",
            "android.permission.CALL_PHONE",
            "android.permission.CAMERA",
            "android.permission.CHANGE_NETWORK_STATE",
            "android.permission.CHANGE_WIFI_MULTICAST_STATE",
            "android.permission.CHANGE_WIFI_STATE",
            "android.permission.FLASHLIGHT",
            "android.permission.FOREGROUND_SERVICE",
            "android.permission.GET_TASKS",
            "android.permission.INTERNET",
            "android.permission.MODIFY_AUDIO_SETTINGS",
            "android.permission.NFC",
            "android.permission.READ_APP_BADGE",
            "android.permission.READ_CONTACTS",
            "android.permission.READ_EXTERNAL_STORAGE",
            "android.permission.READ_PHONE_STATE",
            "android.permission.RECEIVE_BOOT_COMPLETED",
            "android.permission.RECEIVE_USER_PRESENT",
            "android.permission.RECORD_AUDIO",
            "android.permission.REQUEST_INSTALL_PACKAGES",
            "android.permission.USE_BIOMETRIC",
            "android.permission.USE_FINGERPRINT",
            "android.permission.VIBRATE",
            "android.permission.WAKE_LOCK",
            "android.permission.WRITE_EXTERNAL_STORAGE",
            "com.anddoes.launcher.permission.UPDATE_COUNT",
            "com.coloros.mcs.permission.RECIEVE_MCS_MESSAGE",
            "com.csii.jsbank.zxyh.permission.C2D_MESSAGE",
            "com.csii.jsbank.zxyh.permission.MIPUSH_RECEIVE",
            "com.csii.jsbank.zxyh.permission.PROCESS_PUSH_MSG",
            "com.csii.jsbank.zxyh.permission.PUSH_PROVIDER",
            "com.csii.jsbank.zxyh.push.permission.MESSAGE",
            "com.heytap.mcs.permission.RECIEVE_MCS_MESSAGE",
            "com.htc.launcher.permission.READ_SETTINGS",
            "com.htc.launcher.permission.UPDATE_SHORTCUT",
            "com.huawei.android.launcher.permission.CHANGE_BADGE",
            "com.huawei.android.launcher.permission.READ_SETTINGS",
            "com.huawei.android.launcher.permission.WRITE_SETTINGS",
            "com.huawei.appmarket.service.commondata.permission.GET_COMMON_DATA",
            "com.huawei.nfc.permission.ACCESS_OPEN_API",
            "com.majeur.launcher.permission.UPDATE_BADGE",
            "com.meizu.c2dm.permission.RECEIVE",
            "com.meizu.flyme.push.permission.RECEIVE",
            "com.oppo.launcher.permission.READ_SETTINGS",
            "com.oppo.launcher.permission.WRITE_SETTINGS",
            "com.sec.android.provider.badge.permission.READ",
            "com.sec.android.provider.badge.permission.WRITE",
            "com.sonyericsson.home.permission.BROADCAST_BADGE",
            "com.sonymobile.home.permission.PROVIDER_INSERT_BADGE",
            "getui.permission.GetuiService.com.csii.jsbank.zxyh",
            "me.everything.badger.permission.BADGE_COUNT_READ",
            "me.everything.badger.permission.BADGE_COUNT_WRITE",
            "org.simalliance.openmobileapi.SMARTCARD"
        ],
        "activities": [
            "com.cmic.sso.sdk.activity.LoginAuthActivity",
            "com.csii.jsbank.zxyh.ui.ErrorActivity",
            "com.csii.jsbank.zxyh.ui.TestActivity",
            "com.csii.jsbank.zxyh.ui.acsave.AcSafeLoginActivity",
            "com.csii.jsbank.zxyh.ui.acsave.AcSafeLoginMenuActivity",
            "com.csii.jsbank.zxyh.ui.acsave.AcSafeLoginResActivity",
            "com.csii.jsbank.zxyh.ui.acsave.AcSafeMenuActivity",
            "com.csii.jsbank.zxyh.ui.acsave.AcSafeModifyLimitActivity",
            "com.csii.jsbank.zxyh.ui.acsave.AcSafeModifyLimitEditActivity",
            "com.csii.jsbank.zxyh.ui.acsave.AcSafeStateActivity",
            "com.csii.jsbank.zxyh.ui.acsave.AcSafeTransCheckTypeActivity",
            "com.csii.jsbank.zxyh.ui.acsave.AcSafeTransPreActivity",
            "com.csii.jsbank.zxyh.ui.acsave.AcSafeTransResActivity",
            "com.csii.jsbank.zxyh.ui.acsave.AuthMobileKeyActivity",
            "com.csii.jsbank.zxyh.ui.acsave.DownloadMobileKeyActivity",
            "com.csii.jsbank.zxyh.ui.acsave.GestureSettingActivity",
            "com.csii.jsbank.zxyh.ui.cfca.CFCAFaceResultActivity",
            "com.csii.jsbank.zxyh.ui.facedistinguish.FaceDistinguishResultActivity",
            "com.csii.jsbank.zxyh.ui.facedistinguish.FaceDistinguishResultActivity2",
            "com.csii.jsbank.zxyh.ui.facedistinguish.FaceXieyiActivity",
            "com.csii.jsbank.zxyh.ui.helper.CommonWebHelper",
            "com.csii.jsbank.zxyh.ui.helper.WebSign",
            "com.csii.jsbank.zxyh.ui.imageauth.IdentityCardAuthActivity",
            "com.csii.jsbank.zxyh.ui.imageauth.IdentityCardAuthResultActivity",
            "com.csii.jsbank.zxyh.ui.imageauth.IdentityCardUnAuthAcitivty",
            "com.csii.jsbank.zxyh.ui.login.FingerLoginActivity",
            "com.csii.jsbank.zxyh.ui.login.GestureLoginActivity",
            "com.csii.jsbank.zxyh.ui.mycard.AddCardUnionPay",
            "com.csii.jsbank.zxyh.ui.pclogin.CaptureActivity",
            "com.csii.jsbank.zxyh.ui.pclogin.PCLoginConfirmActivity",
            "com.csii.jsbank.zxyh.ui.pclogin.PCLoginFailedResultActivity",
            "com.csii.jsbank.zxyh.ui.pclogin.PayScanActivity",
            "com.csii.jsbank.zxyh.ui.play.PlayActivity",
            "com.csii.jsbank.zxyh.ui.start.AppConfigActivity",
            "com.csii.jsbank.zxyh.ui.start.AppHostAddActivity",
            "com.csii.jsbank.zxyh.ui.start.AppHostListActivity",
            "com.csii.jsbank.zxyh.ui.transcheck.TransCheckActivity",
            "com.csii.jsbank.zxyh.ui.transcheck.TransCheckFailActivity",
            "com.csii.jsbank.zxyh.ui.transhistory.TransHistoryDetailActivity",
            "com.csii.jsbank.zxyh.ui.transhistory.TransHistoryListActivity",
            "com.csii.jsbank.zxyh.ui.ydsd.acts.CaptureYdsdAct",
            "com.csii.jsbank.zxyh.ui.ydsd.acts.GestureLoginYdsdAct",
            "com.csii.jsbank.zxyh.ui.ydsd.acts.GestureSettingYdsdAct",
            "com.csii.jsbank.zxyh.ui.ydsd.acts.ModifyLoginPswActivity",
            "com.csii.jsbank.zxyh.ui.ydsd.acts.NormalLoginYdsdAct",
            "com.csii.jsbank.zxyh.ui.ydsd.acts.ResetLoginPswConfimActivity",
            "com.csii.jsbank.zxyh.vxweb.NXChromeActivity",
            "com.csii.jsbank.zxyh.web.ZCWebViewActivity",
            "com.csii.jsbank.zxyh.wxapi.WXEntryActivity",
            "com.github.barteksc.pdfviewer.activity.PdfViewActivity",
            "com.huawei.hms.activity.BridgeActivity",
            "com.huawei.hms.activity.EnableServiceActivity",
            "com.huawei.updatesdk.service.otaupdate.AppUpdateActivity",
            "com.huawei.updatesdk.support.pm.PackageInstallerActivity",
            "com.igexin.sdk.GActivity",
            "com.igexin.sdk.GetuiActivity",
            "com.igexin.sdk.PushActivity",
            "com.nononsenseapps.filepicker.FilePickerActivity",
            "com.sensetime.liveness.silent.CoverByParentCameraActivity",
            "com.sina.weibo.sdk.share.ShareTransActivity",
            "com.sina.weibo.sdk.web.WebActivity",
            "com.tencent.youtu.sdkkit.ytocrverify.OcrDetectActivity",
            "com.unionpay.UPPayWapActivity",
            "com.unionpay.uppay.PayActivity",
            "com.yitong.android.activity.OpenMobilePhotoActivity",
            "com.yitong.android.activity.contacts.ContactsActivity",
            "com.yitong.android.permission.PermissionActivity",
            "com.yitong.base.appkeyboardlib.android.activity.KeyboardDemoActivity",
            "com.yitong.mbank.app.android.activity.MainActivity",
            "com.yitong.mbank.app.android.activity.OldMainActivity",
            "com.yitong.mbank.app.android.activity.PrivacyPolicyActivity",
            "com.yitong.mbank.app.android.activity.SetIpActivity",
            "com.yitong.mbank.app.android.activity.SplashActivity",
            "com.yitong.mbank.app.android.activity.WelcomeGuideActivity",
            "com.yitong.mbank.app.android.activity.demo.SkinDemoActivity",
            "com.yitong.mbank.app.android.activity.demo.TestFunActivity",
            "com.yitong.mbank.app.android.activity.liveness.MotionLivenessZXActivity",
            "com.yitong.mbank.app.android.h5container.WebViewActivity",
            "com.yitong.mbank.app.android.permiss.ZXPermissionActivity",
            "com.yitong.mbank.app.ent.view.EntHomeWebViewActivity",
            "com.yitong.mbank.app.utils.NewOpenMobilePhotoActivity",
            "com.yitong.mbank.app.utils.WebShowFileChooserActivity",
            "com.zte.ngcc.IVRCallingActivity",
            "essclib.esscpermission.bridge.BridgeActivity",
            "hc.mhis.paic.com.essclibrary.activity.ESSCFaceDetectActivity",
            "hc.mhis.paic.com.essclibrary.activity.ESSCMainActivity",
            "hc.mhis.paic.com.essclibrary.activity.ESSCScanCodeActivity",
            "pub.devrel.easypermissions.AppSettingsDialogHolderActivity"
        ],
        "services": [
            "com.baidu.location.f",
            "com.csii.jsbank.zxyh.push.CorePushIntentService",
            "com.csii.jsbank.zxyh.push.CorePushService",
            "com.genvict.obusdk.manage.BlueToothService",
            "com.huawei.agconnect.core.ServiceDiscovery",
            "com.huawei.hms.support.api.push.service.HmsMsgService",
            "com.igexin.sdk.HmsPushMessageService",
            "com.igexin.sdk.OppoAppPushService",
            "com.igexin.sdk.OppoPushService",
            "com.igexin.sdk.PushService",
            "com.meizu.cloud.pushsdk.NotificationService",
            "com.vivo.push.sdk.service.CommandClientService",
            "com.xiaomi.mipush.sdk.MessageHandleService",
            "com.xiaomi.mipush.sdk.PushMessageHandler",
            "com.yf.mkeysca.MkeysService",
            "com.zte.ngcc.service.AgentPhoneService"
        ],
        "receivers": [
            "com.csii.jsbank.zxyh.msgreceiver.MessageDecodeReceiver",
            "com.huawei.hms.support.api.push.PushMsgReceiver",
            "com.huawei.hms.support.api.push.PushReceiver",
            "com.igexin.sdk.FlymePushReceiver",
            "com.igexin.sdk.MiuiPushReceiver",
            "com.igexin.sdk.PushReceiver",
            "com.igexin.sdk.VivoPushMessageReceiver",
            "com.meizu.cloud.pushsdk.MzPushSystemReceiver"
        ]
    },
    "stats": {
        "dex_count": 1,
        "native_lib_count": 114
    },
    "jadx": {
        "status": "ok",
        "duration_sec": 4.49,
        "sources_present": true,
        "java_file_count": 63
    },
    "ast_analysis": {
        "location": 0,
        "microphone": 0,
        "camera": 0,
        "media_projection": 0,
        "dynamic_load": 0,
        "jni": 1
    },
    "analysis_state": "complete"
}