{
    "apk_name": "F61A35F7BE4623AD8D70853D2BF7E9DE9316BDECD6D9D1FD7EBFF5E3C797B85A",
    "sha256": "f61a35f7be4623ad8d70853d2bf7e9de9316bdecd6d9d1fd7ebff5e3c797b85a",
    "metadata": {
        "package_name": "com.atakmap.android.firesurvey.plugin",
        "version_code": "1740773002",
        "version_name": "2.1 (55406d6f) - [5.4.0]",
        "min_sdk": "21",
        "target_sdk": "34",
        "permissions": [],
        "activities": [
            "com.atakmap.app.component"
        ],
        "services": [],
        "receivers": [],
        "permission_details": {},
        "risk_counts": {}
    },
    "stats": {
        "dex_count": 1,
        "native_lib_count": 0
    },
    "jadx": {
        "status": "ok",
        "duration_sec": 4.45,
        "sources_present": true,
        "java_file_count": 275
    },
    "ast_analysis": {
        "location": 0,
        "microphone": 0,
        "camera": 1,
        "media_projection": 0,
        "dynamic_load": 0,
        "jni": 0
    },
    "analysis_state": "complete",
    "behavioral_structural_data": {
        "api_inventory": {
            "camera": 0,
            "microphone": 0,
            "location": 0,
            "torch": 0,
            "telephony_ops": 0,
            "system_commands": 0,
            "webview_interop": 0,
            "content_access": 0,
            "audio_control": 0,
            "vibration": 0,
            "network_io": 0,
            "scheduling_apis": 0,
            "dynamic_code": 5
        },
        "execution_context": {
            "in_service": 0,
            "in_receiver": 0,
            "in_activity": 0,
            "in_provider": 0,
            "unknown": 5
        },
        "scheduling_mechanisms": {
            "alarm_manager": 0,
            "handler_loop": 0,
            "job_scheduler": 0
        },
        "trigger_types": {
            "auto_triggered": 0,
            "user_triggered": 0
        },
        "dynamic_features": {
            "jni_usage": 0,
            "dynamic_loading": 0,
            "reflection": 5
        }
    }
}