{
    "apk_name": "E5811EE4127077D11E7A3520635A01604F0DCA0DF523AC84DAD292CB78C8F723",
    "sha256": "e5811ee4127077d11e7a3520635a01604f0dca0df523ac84dad292cb78c8f723",
    "metadata": {
        "package_name": "com.prolifefs.prolife",
        "version_code": "44",
        "version_name": "1.44",
        "min_sdk": "19",
        "target_sdk": "30",
        "permissions": [
            "android.permission.ACCESS_COARSE_LOCATION",
            "android.permission.ACCESS_FINE_LOCATION",
            "android.permission.ACCESS_NETWORK_STATE",
            "android.permission.ACCESS_WIFI_STATE",
            "android.permission.CAMERA",
            "android.permission.FOREGROUND_SERVICE",
            "android.permission.GET_ACCOUNTS",
            "android.permission.INTERNET",
            "android.permission.NFC",
            "android.permission.RECEIVE_BOOT_COMPLETED",
            "android.permission.WAKE_LOCK",
            "android.permission.WRITE_EXTERNAL_STORAGE",
            "com.google.android.c2dm.permission.RECEIVE",
            "com.google.android.providers.gsf.permission.READ_GSERVICES",
            "com.prolifefs.prolife.permission.C2D_MESSAGE",
            "com.prolifefs.prolife.permission.MAPS_RECEIVE"
        ],
        "activities": [
            "com.google.android.gms.common.api.GoogleApiActivity",
            "crc643e34a6089e892c64.MediaPickerActivity",
            "crc647552fb47c8c8f052.AppLinksActivity",
            "crc647552fb47c8c8f052.BarcodeCaptureActivity",
            "crc647552fb47c8c8f052.DetailActivity",
            "crc647552fb47c8c8f052.FilterActivity",
            "crc647552fb47c8c8f052.FormActivity",
            "crc647552fb47c8c8f052.FormEntryPrintActivity",
            "crc647552fb47c8c8f052.HistoryActivity",
            "crc647552fb47c8c8f052.HistoryEntryActivity",
            "crc647552fb47c8c8f052.IconBoardActivity",
            "crc647552fb47c8c8f052.ImageDisplayActivity",
            "crc647552fb47c8c8f052.ListingActivity",
            "crc647552fb47c8c8f052.LoginActivity",
            "crc647552fb47c8c8f052.MapCaptureActivity",
            "crc647552fb47c8c8f052.MapDisplayActivity",
            "crc647552fb47c8c8f052.MappingActivity",
            "crc647552fb47c8c8f052.SavedFormsActivity",
            "crc647552fb47c8c8f052.SettingsActivity",
            "crc647552fb47c8c8f052.SketchCaptureActivity",
            "crc647552fb47c8c8f052.StartupActivity",
            "crc647552fb47c8c8f052.TaskDetailsActivity",
            "crc647552fb47c8c8f052.TaskFilesActivity",
            "crc647552fb47c8c8f052.TasksActivity",
            "crc647552fb47c8c8f052.WebDisplayActivity"
        ],
        "services": [
            "com.google.firebase.iid.FirebaseInstanceIdService",
            "com.google.firebase.messaging.FirebaseMessagingService",
            "crc64075d488ccff2ccf4.AndroidDownloadJobService",
            "crc64075d488ccff2ccf4.AndroidDownloadService",
            "crc64075d488ccff2ccf4.AndroidUploadJobService",
            "crc64075d488ccff2ccf4.AndroidUploadService",
            "crc64075d488ccff2ccf4.FirebaseIIDService",
            "crc64075d488ccff2ccf4.FirebaseMService"
        ],
        "receivers": [
            "com.google.firebase.iid.FirebaseInstanceIdInternalReceiver",
            "com.google.firebase.iid.FirebaseInstanceIdReceiver",
            "com.google.firebase.iid.FirebaseInstanceIdReceiver"
        ],
        "permission_details": {
            "android.permission.ACCESS_COARSE_LOCATION": "dangerous",
            "android.permission.ACCESS_FINE_LOCATION": "dangerous",
            "android.permission.ACCESS_NETWORK_STATE": "normal",
            "android.permission.ACCESS_WIFI_STATE": "normal",
            "android.permission.CAMERA": "dangerous",
            "android.permission.FOREGROUND_SERVICE": "normal",
            "android.permission.GET_ACCOUNTS": "dangerous",
            "android.permission.INTERNET": "normal",
            "android.permission.NFC": "normal",
            "android.permission.RECEIVE_BOOT_COMPLETED": "normal",
            "android.permission.WAKE_LOCK": "normal",
            "android.permission.WRITE_EXTERNAL_STORAGE": "dangerous",
            "com.google.android.c2dm.permission.RECEIVE": "unknown",
            "com.google.android.providers.gsf.permission.READ_GSERVICES": "unknown",
            "com.prolifefs.prolife.permission.C2D_MESSAGE": "unknown",
            "com.prolifefs.prolife.permission.MAPS_RECEIVE": "unknown"
        },
        "risk_counts": {
            "dangerous": 5,
            "normal": 7,
            "unknown": 4
        }
    },
    "stats": {
        "dex_count": 1,
        "native_lib_count": 28
    },
    "jadx": {
        "status": "ok",
        "duration_sec": 10.3,
        "sources_present": true,
        "java_file_count": 2032
    },
    "ast_analysis": {
        "location": 4,
        "microphone": 0,
        "camera": 4,
        "media_projection": 0,
        "dynamic_load": 0,
        "jni": 5
    },
    "analysis_state": "complete"
}