{
    "apk_name": "8013FD91A1317BB951404F49BC89012AB75A003D704560ED28AF8B004A2D74A6",
    "sha256": "8013fd91a1317bb951404f49bc89012ab75a003d704560ed28af8b004a2d74a6",
    "metadata": {
        "package_name": "com.qiyi.video.lite",
        "version_code": "187",
        "version_name": "2.7.6",
        "min_sdk": "21",
        "target_sdk": "31",
        "permissions": [
            "android.permission.ACCESS_NETWORK_STATE",
            "android.permission.ACCESS_WIFI_STATE",
            "android.permission.CAMERA",
            "android.permission.CHANGE_NETWORK_STATE",
            "android.permission.CHANGE_WIFI_MULTICAST_STATE",
            "android.permission.CHANGE_WIFI_STATE",
            "android.permission.GET_PACKAGE_SIZE",
            "android.permission.GET_TASKS",
            "android.permission.INTERNET",
            "android.permission.KILL_BACKGROUND_PROCESSES",
            "android.permission.PACKAGE_USAGE_STATS",
            "android.permission.QUERY_ALL_PACKAGES",
            "android.permission.READ_CALENDAR",
            "android.permission.READ_EXTERNAL_STORAGE",
            "android.permission.READ_PHONE_STATE",
            "android.permission.RECORD_AUDIO",
            "android.permission.REORDER_TASKS",
            "android.permission.REQUEST_INSTALL_PACKAGES",
            "android.permission.VIBRATE",
            "android.permission.WAKE_LOCK",
            "android.permission.WRITE_CALENDAR",
            "android.permission.WRITE_EXTERNAL_STORAGE",
            "android.permission.WRITE_SETTINGS",
            "com.android.browser.permission.READ_HISTORY_BOOKMARKS",
            "com.asus.msa.SupplementaryDID.ACCESS",
            "com.coloros.mcs.permission.RECIEVE_MCS_MESSAGE",
            "com.heytap.mcs.permission.RECIEVE_MCS_MESSAGE",
            "com.huawei.android.launcher.permission.CHANGE_BADGE ",
            "com.huawei.appmarket.service.commondata.permission.GET_COMMON_DATA",
            "com.huawei.pushagent.permission.RICHMEDIA_PROVIDER",
            "com.meizu.c2dm.permission.RECEIVE",
            "com.meizu.flyme.push.permission.RECEIVE",
            "com.qiyi.video.lite.openadsdk.permission.TT_PANGOLIN",
            "com.qiyi.video.lite.permission.MIPUSH_RECEIVE",
            "com.qiyi.video.lite.permission.PROCESS_PUSH_MSG",
            "com.qiyi.video.lite.permission.PUSH_PROVIDER",
            "freemme.permission.msa"
        ],
        "activities": [
            "com.alipay.sdk.app.APayEntranceActivity",
            "com.alipay.sdk.app.AlipayResultActivity",
            "com.alipay.sdk.app.H5AuthActivity",
            "com.alipay.sdk.app.H5OpenAuthActivity",
            "com.alipay.sdk.app.H5PayActivity",
            "com.alipay.sdk.app.PayResultActivity",
            "com.bytedance.sdk.openadsdk.stub.activity.Stub_Activity",
            "com.bytedance.sdk.openadsdk.stub.activity.Stub_SingleTask_Activity",
            "com.bytedance.sdk.openadsdk.stub.activity.Stub_SingleTask_Activity_T",
            "com.bytedance.sdk.openadsdk.stub.activity.Stub_Standard_Activity",
            "com.bytedance.sdk.openadsdk.stub.activity.Stub_Standard_Activity_T",
            "com.bytedance.sdk.openadsdk.stub.activity.Stub_Standard_Landscape_Activity",
            "com.bytedance.sdk.openadsdk.stub.activity.Stub_Standard_Portrait_Activity",
            "com.duxiaoman.dxmpay.miniapp.ui.MiniAppMainActivity",
            "com.duxiaoman.dxmpay.remotepay.MiniPayEntry",
            "com.huawei.hms.activity.BridgeActivity",
            "com.huawei.hms.activity.EnableServiceActivity",
            "com.huawei.hms.support.api.push.TransActivity",
            "com.huawei.updatesdk.service.otaupdate.AppUpdateActivity",
            "com.huawei.updatesdk.support.pm.PackageInstallerActivity",
            "com.iqiyi.android.ar.activity.CameraAdvertiseActivity",
            "com.iqiyi.android.ar.activity.PermissionActivity",
            "com.iqiyi.android.ar.activity.ScanResultActivity",
            "com.iqiyi.android.ar.activity.StarListActivity",
            "com.iqiyi.finance.bankcardscan.ui.CaptureActivity",
            "com.iqiyi.finance.wallethome.activity.WalletHomeActivity",
            "com.iqiyi.finance.wallethome.coupons.CouponsRnActivity",
            "com.iqiyi.finance.wallethome.loan.webview.FLoanWebViewActivity",
            "com.iqiyi.lens.a0",
            "com.iqiyi.lens.a2",
            "com.iqiyi.lens.a3",
            "com.iqiyi.lens.a4",
            "com.iqiyi.lens.a5",
            "com.iqiyi.lens.a6",
            "com.iqiyi.lens.a7",
            "com.iqiyi.lens.a8",
            "com.iqiyi.minapps.container.VirtualAppWebViewContainer",
            "com.iqiyi.minapps.kits.activity.MiniAppAboutActivity",
            "com.iqiyi.mipush.PermissionActivity",
            "com.iqiyi.payment.activity.DecpAccountPopActivity",
            "com.iqiyi.payment.activity.H5PayActivity",
            "com.iqiyi.pui.account.PsdkNewAccountActivity",
            "com.iqiyi.pui.login.third.QQAuthActivity",
            "com.iqiyi.pui.login.third.QQInfoActivity",
            "com.iqiyi.pui.login.third.WbAuthActivity",
            "com.iqiyi.pui.verify.PhoneUpSmsDirectActivity",
            "com.iqiyi.video.adview.activity.EasterEggGifActivity",
            "com.iqiyi.video.adview.activity.PluginEasterEggGifActivity",
            "com.iqiyi.video.qyplayersdk.debug.doctor.DebugDetailActivity",
            "com.iqiyi.video.qyplayersdk.debug.doctor.DebugInfoActivity",
            "com.iqiyi.vipcashier.activity.PhonePayActivity",
            "com.iqiyi.vipcashier.activity.SinglePayActivity",
            "com.iqiyi.vipcashier.activity.VipCouponListActivity",
            "com.iqiyi.webcontainer.commonwebview.CommonOnLineServiceActivity",
            "com.iqiyi.webcontainer.commonwebview.CommonWebView",
            "com.iqiyi.webcontainer.commonwebview.QYIndependentWebContainer",
            "com.iqiyi.webcontainer.interactive.QYWebContainer",
            "com.iqiyi.webview.baseline.activity.BaseLineWebActivity",
            "com.kwad.sdk.api.proxy.app.AdWebViewActivity",
            "com.kwad.sdk.api.proxy.app.BaseFragmentActivity$ChannelDetailActivity",
            "com.kwad.sdk.api.proxy.app.BaseFragmentActivity$DeveloperConfigActivity",
            "com.kwad.sdk.api.proxy.app.BaseFragmentActivity$EpisodeDetailActivity",
            "com.kwad.sdk.api.proxy.app.BaseFragmentActivity$FragmentActivity1",
            "com.kwad.sdk.api.proxy.app.BaseFragmentActivity$FragmentActivity10",
            "com.kwad.sdk.api.proxy.app.BaseFragmentActivity$FragmentActivity2",
            "com.kwad.sdk.api.proxy.app.BaseFragmentActivity$FragmentActivity3",
            "com.kwad.sdk.api.proxy.app.BaseFragmentActivity$FragmentActivity4",
            "com.kwad.sdk.api.proxy.app.BaseFragmentActivity$FragmentActivity5",
            "com.kwad.sdk.api.proxy.app.BaseFragmentActivity$FragmentActivity6",
            "com.kwad.sdk.api.proxy.app.BaseFragmentActivity$FragmentActivity7",
            "com.kwad.sdk.api.proxy.app.BaseFragmentActivity$FragmentActivity8",
            "com.kwad.sdk.api.proxy.app.BaseFragmentActivity$FragmentActivity9",
            "com.kwad.sdk.api.proxy.app.BaseFragmentActivity$FragmentActivitySingleInstance1",
            "com.kwad.sdk.api.proxy.app.BaseFragmentActivity$FragmentActivitySingleInstance2",
            "com.kwad.sdk.api.proxy.app.BaseFragmentActivity$FragmentActivitySingleTop1",
            "com.kwad.sdk.api.proxy.app.BaseFragmentActivity$FragmentActivitySingleTop2",
            "com.kwad.sdk.api.proxy.app.BaseFragmentActivity$GoodsPlayBackActivity",
            "com.kwad.sdk.api.proxy.app.BaseFragmentActivity$KsTrendsActivity",
            "com.kwad.sdk.api.proxy.app.BaseFragmentActivity$LandscapeFragmentActivity",
            "com.kwad.sdk.api.proxy.app.BaseFragmentActivity$LandscapeFragmentActivitySingleInstance1",
            "com.kwad.sdk.api.proxy.app.BaseFragmentActivity$LandscapeFragmentActivitySingleInstance2",
            "com.kwad.sdk.api.proxy.app.BaseFragmentActivity$LandscapeFragmentActivitySingleTask1",
            "com.kwad.sdk.api.proxy.app.BaseFragmentActivity$LandscapeFragmentActivitySingleTask2",
            "com.kwad.sdk.api.proxy.app.BaseFragmentActivity$LandscapeFragmentActivitySingleTop1",
            "com.kwad.sdk.api.proxy.app.BaseFragmentActivity$LandscapeFragmentActivitySingleTop2",
            "com.kwad.sdk.api.proxy.app.BaseFragmentActivity$ProfileHomeActivity",
            "com.kwad.sdk.api.proxy.app.BaseFragmentActivity$ProfileVideoDetailActivity",
            "com.kwad.sdk.api.proxy.app.BaseFragmentActivity$RequestInstallPermissionActivity",
            "com.kwad.sdk.api.proxy.app.BaseFragmentActivity$TubeDetailActivity",
            "com.kwad.sdk.api.proxy.app.BaseFragmentActivity$TubeProfileActivity",
            "com.kwad.sdk.api.proxy.app.FeedDownloadActivity",
            "com.kwad.sdk.api.proxy.app.KSRewardLandScapeVideoActivity",
            "com.kwad.sdk.api.proxy.app.KsFullScreenLandScapeVideoActivity",
            "com.kwad.sdk.api.proxy.app.KsFullScreenVideoActivity",
            "com.kwad.sdk.api.proxy.app.KsRewardVideoActivity",
            "com.mcto.sspsdk.feedback.FeedBackActivity",
            "com.mcto.sspsdk.ssp.activity.QyDetailPageActivityNew",
            "com.mcto.sspsdk.ssp.activity.QyTrueViewActivity",
            "com.qiyi.financesdk.forpay.bankcard.activity.FBankCardPwdSmsActivity",
            "com.qiyi.financesdk.forpay.bankcard.activity.WBankCardControllerActivity",
            "com.qiyi.financesdk.forpay.bankcard.activity.WBankCardPayActivity",
            "com.qiyi.financesdk.forpay.bankcard.activity.WPopBankCardListActivity",
            "com.qiyi.financesdk.forpay.compliance.activity.UserInfoDialogActivity",
            "com.qiyi.financesdk.forpay.pwd.activity.WPayPwdControllerActivity",
            "com.qiyi.financesdk.forpay.smallchange.activity.SmallChangePlusPayActivity",
            "com.qiyi.financesdk.forpay.webview.PayWebViewActivity",
            "com.qiyi.libcatch.ui.ExceptionActivity",
            "com.qiyi.share.SharePanelActivity",
            "com.qiyi.share.debug.ShareSdkDebugActivity",
            "com.qiyi.share.model.SharePosterActivity",
            "com.qiyi.share.wrapper.ShareQQActivity",
            "com.qiyi.share.wrapper.ShareSinaActivity",
            "com.qiyi.video.lite.benefit.activity.BenefitActivity",
            "com.qiyi.video.lite.benefit.activity.BenefitSpActivity",
            "com.qiyi.video.lite.benefit.activity.ScoreDetailActivity",
            "com.qiyi.video.lite.benefitsdk.activity.BenefitPopupActivity",
            "com.qiyi.video.lite.benefitsdk.virginuser.VirginUserBenefitDialog",
            "com.qiyi.video.lite.debugconfig.DebugConfigActivity",
            "com.qiyi.video.lite.flutter.LiteFlutterActivity",
            "com.qiyi.video.lite.flutter.activity.GoldGuideActivity",
            "com.qiyi.video.lite.flutter.activity.PrivacyActivity",
            "com.qiyi.video.lite.flutter.activity.PrivacyCenterActivity",
            "com.qiyi.video.lite.flutter.activity.PrivacyPersonInfoActivity",
            "com.qiyi.video.lite.flutter.activity.PrivacyPersonInfoDeleteActivity",
            "com.qiyi.video.lite.flutter.activity.QYFlutterLogActivity",
            "com.qiyi.video.lite.flutter.activity.UserInfoActivity",
            "com.qiyi.video.lite.flutter.activity.WatchDailyTaskActivity",
            "com.qiyi.video.lite.homepage.HomeActivity",
            "com.qiyi.video.lite.hotfix.ui.QYPatchLogActivity",
            "com.qiyi.video.lite.message.message.pages.MessageCenterActivity",
            "com.qiyi.video.lite.message.transfer.QYPushTransferActivity",
            "com.qiyi.video.lite.qypages.adv.collection.AdCollectionsActivity",
            "com.qiyi.video.lite.qypages.adv.task.AdvTaskListActivity",
            "com.qiyi.video.lite.qypages.channel.ChannelActivity",
            "com.qiyi.video.lite.qypages.collections.MyCollectionListActivity",
            "com.qiyi.video.lite.qypages.findvideo.FindVideoActivity",
            "com.qiyi.video.lite.qypages.halfplaypage.PlayerPortraitActivity",
            "com.qiyi.video.lite.qypages.hugescreenportrait.HugeScreenPortraitActivity",
            "com.qiyi.video.lite.qypages.intent.IntentIdentifyActivity",
            "com.qiyi.video.lite.qypages.kong.KongSecondActivity",
            "com.qiyi.video.lite.qypages.menu.MenuChannelActivity",
            "com.qiyi.video.lite.qypages.myfans.MyFansListActivity",
            "com.qiyi.video.lite.qypages.networktips.NetErrorTipsActivity",
            "com.qiyi.video.lite.qypages.newest.NewestListActivity",
            "com.qiyi.video.lite.qypages.qrscan.QrScanActivity",
            "com.qiyi.video.lite.qypages.rank.RankActivity",
            "com.qiyi.video.lite.qypages.relaunch.RelaunchActivity",
            "com.qiyi.video.lite.qypages.reserve.MyReservesActivity",
            "com.qiyi.video.lite.qypages.storage.StorageSpaceActivity",
            "com.qiyi.video.lite.qypages.storeroom.StorerRoomActivity",
            "com.qiyi.video.lite.qypages.videobrief.VideoBriefActivity",
            "com.qiyi.video.lite.qypages.videohistory.MyPlayerRecordActivity",
            "com.qiyi.video.lite.qypages.videotag.VideoTagActivity",
            "com.qiyi.video.lite.qypages.word.WordListActivity",
            "com.qiyi.video.lite.qypages.youth.YouthModelKeepActivity",
            "com.qiyi.video.lite.qypages.youth.YouthModelMainActivity",
            "com.qiyi.video.lite.qypages.youth.YouthModelSetActivity",
            "com.qiyi.video.lite.risk.verifycontrol.activity.SlideVerifyActivity",
            "com.qiyi.video.lite.search.SearchActivity",
            "com.qiyi.video.lite.settings.ChooseCacheDirActivity",
            "com.qiyi.video.lite.settings.QYSettingsActivity",
            "com.qiyi.video.lite.settings.permission.AdvSettingsActivity",
            "com.qiyi.video.lite.settings.permission.ContentRecommendedSettingActivity",
            "com.qiyi.video.lite.settings.permission.OtherDataSettingActivity",
            "com.qiyi.video.lite.settings.permission.PhonePermissionSettingActivity",
            "com.qiyi.video.lite.share.ShareImageActivity",
            "com.qiyi.video.lite.ui.activity.MainActivity",
            "com.qiyi.video.lite.ui.activity.TransferFromOutActivity",
            "com.qiyi.video.lite.videodownloader.video.ui.phone.download.PhoneDownloadCenterActivity",
            "com.qiyi.video.lite.videodownloader.video.ui.phone.download.PhoneDownloadEpisodeActivity",
            "com.qiyi.video.lite.videodownloader.video.ui.phone.download.SelectDownloadVideoActivity",
            "com.qiyi.video.lite.videodownloader.video.ui.phone.download.adapp.PhoneDownloadAdAppActivity",
            "com.qiyi.video.lite.videodownloader.video.ui.phone.download.commonview.DownloadDialogActivity",
            "com.qiyi.video.lite.videoplayer.activity.LandRecommendRelatedVideosActivity",
            "com.qiyi.video.lite.videoplayer.activity.PlayerV2Activity",
            "com.qiyi.video.lite.videoplayer.activity.PortraitRecommendRelatedVideosActivity",
            "com.qiyi.video.lite.webview.WebViewActivity",
            "com.qiyi.video.lite.webview.shopping.ShoppingWebViewActivity",
            "com.qiyi.video.lite.wxapi.WXEntryActivity",
            "com.qiyi.video.lite.wxapi.WXPayEntryActivity",
            "com.qiyi.video.pad.WXEntryActivity",
            "com.qiyi.video.pad.wxapi.WXPayEntryActivity",
            "com.qiyi.video.qysplashscreen.ad.portraitvideo.SpPortraitVideoActivity",
            "com.qiyi.video.qysplashscreen.hotlaunch.HotSplashScreenActivity",
            "com.qiyi.video.wxapi.WXPayEntryActivity",
            "com.qiyi.xplugin.adapter.container.DefaultContainerActivity",
            "com.qiyi.xplugin.adapter.container.DefaultContainerAppCompatActivity",
            "com.qiyi.xplugin.adapter.container.DefaultContainerFragmentActivity",
            "com.qiyi.xplugin.adapter.container.LandscapeContainerActivity",
            "com.qiyi.xplugin.adapter.container.LandscapeContainerAppCompatActivity",
            "com.qiyi.xplugin.adapter.container.LandscapeContainerFragmentActivity",
            "com.qiyi.xplugin.adapter.container.PipContainerActivity",
            "com.qiyi.xplugin.adapter.container.PipContainerAppCompatActivity",
            "com.qiyi.xplugin.adapter.container.PipContainerFragmentActivity",
            "com.qiyi.xplugin.adapter.container.SingleTaskContainerActivity",
            "com.qiyi.xplugin.adapter.container.SingleTaskContainerAppCompatActivity",
            "com.qiyi.xplugin.adapter.container.SingleTaskContainerFragmentActivity",
            "com.qiyi.xplugin.adapter.container.singletask.SingleTaskContainerActivity1",
            "com.qiyi.xplugin.adapter.container.singletask.SingleTaskContainerActivity2",
            "com.qiyi.xplugin.adapter.container.singletask.SingleTaskContainerActivity3",
            "com.qiyi.xplugin.adapter.container.singletask.SingleTaskContainerActivity4",
            "com.qiyi.xplugin.adapter.container.singletask.SingleTaskContainerActivity5",
            "com.qiyi.xplugin.adapter.container.singletask.SingleTaskContainerActivity6",
            "com.qiyi.xplugin.adapter.container.singletask.SingleTaskContainerActivity7",
            "com.qiyi.xplugin.adapter.container.singletask.SingleTaskContainerActivity8",
            "com.qq.e.ads.ADActivity",
            "com.qq.e.ads.DialogActivity",
            "com.qq.e.ads.LandscapeADActivity",
            "com.qq.e.ads.PortraitADActivity",
            "com.qq.e.ads.RewardvideoLandscapeADActivity",
            "com.qq.e.ads.RewardvideoPortraitADActivity",
            "com.ss.android.downloadlib.activity.JumpKllkActivity",
            "com.ss.android.downloadlib.activity.TTDelegateActivity",
            "com.ss.android.downloadlib.addownload.compliance.AppDetailInfoActivity",
            "com.ss.android.downloadlib.addownload.compliance.AppPrivacyPolicyActivity",
            "com.ss.android.socialbase.appdownloader.view.DownloadTaskDeleteActivity",
            "com.ss.android.socialbase.appdownloader.view.JumpUnknownSourceActivity",
            "com.tencent.connect.common.AssistActivity",
            "com.tencent.tauth.AuthActivity",
            "com.tencent.tinker.loader.hotplug.ActivityStubs$SGTKStub_00",
            "com.tencent.tinker.loader.hotplug.ActivityStubs$SGTKStub_00_T",
            "com.tencent.tinker.loader.hotplug.ActivityStubs$SGTKStub_01",
            "com.tencent.tinker.loader.hotplug.ActivityStubs$SGTKStub_01_T",
            "com.tencent.tinker.loader.hotplug.ActivityStubs$SGTKStub_02",
            "com.tencent.tinker.loader.hotplug.ActivityStubs$SGTKStub_02_T",
            "com.tencent.tinker.loader.hotplug.ActivityStubs$SGTKStub_03",
            "com.tencent.tinker.loader.hotplug.ActivityStubs$SGTKStub_04",
            "com.tencent.tinker.loader.hotplug.ActivityStubs$SGTKStub_05",
            "com.tencent.tinker.loader.hotplug.ActivityStubs$SGTKStub_06",
            "com.tencent.tinker.loader.hotplug.ActivityStubs$SGTKStub_07",
            "com.tencent.tinker.loader.hotplug.ActivityStubs$SGTKStub_08",
            "com.tencent.tinker.loader.hotplug.ActivityStubs$SGTKStub_09",
            "com.tencent.tinker.loader.hotplug.ActivityStubs$SGTStub_00",
            "com.tencent.tinker.loader.hotplug.ActivityStubs$SGTStub_00_T",
            "com.tencent.tinker.loader.hotplug.ActivityStubs$SGTStub_01",
            "com.tencent.tinker.loader.hotplug.ActivityStubs$SGTStub_01_T",
            "com.tencent.tinker.loader.hotplug.ActivityStubs$SGTStub_02",
            "com.tencent.tinker.loader.hotplug.ActivityStubs$SGTStub_02_T",
            "com.tencent.tinker.loader.hotplug.ActivityStubs$SGTStub_03",
            "com.tencent.tinker.loader.hotplug.ActivityStubs$SGTStub_04",
            "com.tencent.tinker.loader.hotplug.ActivityStubs$SGTStub_05",
            "com.tencent.tinker.loader.hotplug.ActivityStubs$SGTStub_06",
            "com.tencent.tinker.loader.hotplug.ActivityStubs$SGTStub_07",
            "com.tencent.tinker.loader.hotplug.ActivityStubs$SGTStub_08",
            "com.tencent.tinker.loader.hotplug.ActivityStubs$SGTStub_09",
            "com.tencent.tinker.loader.hotplug.ActivityStubs$SIStub_00",
            "com.tencent.tinker.loader.hotplug.ActivityStubs$SIStub_00_T",
            "com.tencent.tinker.loader.hotplug.ActivityStubs$SIStub_01",
            "com.tencent.tinker.loader.hotplug.ActivityStubs$SIStub_01_T",
            "com.tencent.tinker.loader.hotplug.ActivityStubs$SIStub_02",
            "com.tencent.tinker.loader.hotplug.ActivityStubs$SIStub_02_T",
            "com.tencent.tinker.loader.hotplug.ActivityStubs$SIStub_03",
            "com.tencent.tinker.loader.hotplug.ActivityStubs$SIStub_04",
            "com.tencent.tinker.loader.hotplug.ActivityStubs$SIStub_05",
            "com.tencent.tinker.loader.hotplug.ActivityStubs$SIStub_06",
            "com.tencent.tinker.loader.hotplug.ActivityStubs$SIStub_07",
            "com.tencent.tinker.loader.hotplug.ActivityStubs$SIStub_08",
            "com.tencent.tinker.loader.hotplug.ActivityStubs$SIStub_09",
            "com.tencent.tinker.loader.hotplug.ActivityStubs$STDStub_00",
            "com.tencent.tinker.loader.hotplug.ActivityStubs$STDStub_00_T",
            "com.tencent.tinker.loader.hotplug.ActivityStubs$STDStub_01",
            "com.tencent.tinker.loader.hotplug.ActivityStubs$STDStub_01_T",
            "com.tencent.tinker.loader.hotplug.ActivityStubs$STDStub_02",
            "com.tencent.tinker.loader.hotplug.ActivityStubs$STDStub_02_T",
            "com.tencent.tinker.loader.hotplug.ActivityStubs$STDStub_03",
            "com.tencent.tinker.loader.hotplug.ActivityStubs$STDStub_04",
            "com.tencent.tinker.loader.hotplug.ActivityStubs$STDStub_05",
            "com.tencent.tinker.loader.hotplug.ActivityStubs$STDStub_06",
            "com.tencent.tinker.loader.hotplug.ActivityStubs$STDStub_07",
            "com.tencent.tinker.loader.hotplug.ActivityStubs$STDStub_08",
            "com.tencent.tinker.loader.hotplug.ActivityStubs$STDStub_09",
            "org.qiyi.android.commonphonepad.pushmessage.huawei.HWPushTransferActivity",
            "org.qiyi.android.commonphonepad.pushmessage.oppo.OppoPushTransferActivity",
            "org.qiyi.android.commonphonepad.pushmessage.vivo.VivoPushTransferActivity",
            "org.qiyi.android.network.performance.record.GatewayDebugSettingActivity",
            "org.qiyi.android.plugin.ui.views.activity.PluginActivity",
            "org.qiyi.android.video.ui.account.PassportTestActivity",
            "org.qiyi.android.video.ui.account.PhoneAccountActivity",
            "org.qiyi.android.video.ui.account.areacode.AreaCodeListActivity",
            "org.qiyi.android.video.ui.account.dialog.GuideReLoginActivity",
            "org.qiyi.android.video.ui.account.dialog.MsgDialogActivity",
            "org.qiyi.android.video.ui.account.dialog.VerificationPhoneActivity",
            "org.qiyi.android.video.ui.account.editinfo.MultiEditInfoActivity",
            "org.qiyi.android.video.ui.account.inspection.PWebViewActivity",
            "org.qiyi.android.video.ui.account.interflow.AuthorizationActivity",
            "org.qiyi.android.video.ui.account.interflow.InterflowActivity",
            "org.qiyi.android.video.ui.account.interflow.InterflowTransferActivity",
            "org.qiyi.android.video.ui.account.lite.LiteAccountActivity",
            "org.qiyi.android.video.ui.account.login.finger.PassportFingerLoginActivity",
            "org.qiyi.cast.ui.view.DlanModuleDebugActivity",
            "org.qiyi.pluginlibrary.component.InstrActivityProxy0",
            "org.qiyi.pluginlibrary.component.InstrActivityProxy1",
            "org.qiyi.pluginlibrary.component.InstrActivityProxy2",
            "org.qiyi.pluginlibrary.component.InstrActivityProxyHandleConfigChange0",
            "org.qiyi.pluginlibrary.component.InstrActivityProxyHandleConfigChange1",
            "org.qiyi.pluginlibrary.component.InstrActivityProxyHandleConfigChange2",
            "org.qiyi.pluginlibrary.component.InstrActivityProxyLandscape0",
            "org.qiyi.pluginlibrary.component.InstrActivityProxyLandscape1",
            "org.qiyi.pluginlibrary.component.InstrActivityProxyLandscape2",
            "org.qiyi.pluginlibrary.component.InstrActivityProxyPip0",
            "org.qiyi.pluginlibrary.component.InstrActivityProxyPip1",
            "org.qiyi.pluginlibrary.component.InstrActivityProxyPip2",
            "org.qiyi.pluginlibrary.component.InstrActivityProxySingleTask0",
            "org.qiyi.pluginlibrary.component.InstrActivityProxySingleTask1",
            "org.qiyi.pluginlibrary.component.InstrActivityProxySingleTask2",
            "org.qiyi.pluginlibrary.component.InstrActivityProxyTranslucent0",
            "org.qiyi.pluginlibrary.component.InstrActivityProxyTranslucent1",
            "org.qiyi.pluginlibrary.component.InstrActivityProxyTranslucent2",
            "org.qiyi.pluginlibrary.component.TransRecoveryActivity0",
            "org.qiyi.pluginlibrary.component.TransRecoveryActivity1",
            "org.qiyi.pluginlibrary.component.TransRecoveryActivity2",
            "org.qiyi.video.nativelib.debug.LibraryDebugActivity",
            "org.qiyi.video.router.view.CenterRouterActivity",
            "org.qiyi.video.router.view.TransitionActivity"
        ],
        "services": [
            "com.baidu.location.f",
            "com.heytap.mcssdk.AppPushService",
            "com.heytap.mcssdk.PushService",
            "com.huawei.agconnect.core.ServiceDiscovery",
            "com.huawei.hms.support.api.push.service.HmsMsgService",
            "com.iqiyi.daemonservice.DaemonService",
            "com.iqiyi.hcim.service.IMService",
            "com.iqiyi.hotfix.tinker.TinkerResultServiceEx",
            "com.iqiyi.hwpush.manager.HwPushReceiveService",
            "com.iqiyi.minapps.cache.cache.MiniPackageCacheService",
            "com.iqiyi.passportsdk.interflow.core.InterflowService",
            "com.iqiyi.passportsdk.internal.ipc.UserTrackerService",
            "com.iqiyi.video.download.DownloadJobService",
            "com.iqiyi.video.download.QiyiDownloadCenterService",
            "com.iqiyi.video.download.filedownload.QiyiDownloadCoreService",
            "com.iqiyi.video.download.notification.NotificationService",
            "com.kwad.sdk.api.proxy.app.DownloadService",
            "com.kwad.sdk.api.proxy.app.FileDownloadService$SeparateProcessService",
            "com.kwad.sdk.api.proxy.app.FileDownloadService$SharedMainProcessService",
            "com.kwad.sdk.api.proxy.app.ServiceProxyRemote",
            "com.mcto.sspsdk.remote.SimulatorDetectService",
            "com.qiyi.qyapm.agent.android.monitor.oomtracker.AnalysisService",
            "com.qiyi.video.lite.upgrade.service.FileDownloadNotificationService",
            "com.qiyi.xplugin.core.pps.PluginProcessMainPPS",
            "com.qiyi.xplugin.core.pps.PluginProcessPPS",
            "com.qq.e.comm.DownloadService",
            "com.ss.android.socialbase.appdownloader.DownloadHandlerService",
            "com.ss.android.socialbase.appdownloader.RetryJobSchedulerService",
            "com.ss.android.socialbase.downloader.downloader.DownloadService",
            "com.ss.android.socialbase.downloader.downloader.IndependentProcessDownloadService",
            "com.ss.android.socialbase.downloader.downloader.SqlDownloadCacheService",
            "com.ss.android.socialbase.downloader.impls.DownloadHandleService",
            "com.ss.android.socialbase.downloader.notification.DownloadNotificationService",
            "com.tencent.tinker.lib.service.DefaultTinkerResultService",
            "com.tencent.tinker.lib.service.TinkerPatchForeService",
            "com.tencent.tinker.lib.service.TinkerPatchService",
            "com.tencent.tinker.lib.service.TinkerPatchService$InnerService",
            "com.vivo.push.sdk.service.CommandClientService",
            "com.xiaomi.mipush.sdk.MessageHandleService",
            "com.xiaomi.mipush.sdk.PushMessageHandler",
            "com.xiaomi.push.service.XMJobService",
            "com.xiaomi.push.service.XMPushService",
            "org.qiyi.android.plugin.ipc.IPCService0",
            "org.qiyi.android.plugin.ipc.IPCService1",
            "org.qiyi.android.plugin.ipc.IPCService2",
            "org.qiyi.android.plugin.ipc.PluginIPCConnectionRestorationService",
            "org.qiyi.pluginlibrary.component.ServiceProxy0",
            "org.qiyi.pluginlibrary.component.ServiceProxy1",
            "org.qiyi.pluginlibrary.component.ServiceProxy2",
            "org.qiyi.pluginlibrary.component.ServiceProxy3",
            "org.qiyi.pluginlibrary.install.PluginInstallerService",
            "org.qiyi.pluginlibrary.pm.PluginPackageManagerService",
            "org.qiyi.video.module.icommunication.ipc.HostService",
            "org.qiyi.video.nativelib.pm.LibraryManagerService",
            "org.qiyi.video.util.oaid.OaidService",
            "tv.pps.bi.task.ListenService",
            "xleak.lib.analysis.AnalysisService"
        ],
        "receivers": [
            "com.huawei.hms.support.api.push.PushMsgReceiver",
            "com.huawei.hms.support.api.push.PushReceiver",
            "com.iqiyi.daemonservice.DaemonReceiver",
            "com.iqiyi.hcim.service.BroadcastCenter",
            "com.iqiyi.impush.receiver.ImPushServiceReceiver",
            "com.iqiyi.impushservice.receiver.ImPushServiceReceiver",
            "com.iqiyi.mipush.receiver.MiPushMessageReceiver",
            "com.iqiyi.offlinepush.KOfflinePushReceiver",
            "com.iqiyi.pushsdk.huawei.HWPushMessageReceiver",
            "com.iqiyi.pushsdk.xiaomi.XiaoMiPushMessageReceiver",
            "com.iqiyi.pushservice.PushServiceReceiver",
            "com.iqiyi.vivopush.receiver.VivoPushMessageReceiver",
            "com.kuaishou.weapon.p0.receiver.WeaponRECE",
            "com.qiyi.video.lite.benefitsdk.view.QyLiteAppWidget",
            "com.qiyi.video.lite.message.push.PushMessageReceiver",
            "com.ss.android.downloadlib.core.download.DownloadReceiver",
            "com.xiaomi.push.service.receivers.NetworkStatusReceiver",
            "com.xiaomi.push.service.receivers.PingReceiver"
        ],
        "permission_details": {
            "android.permission.ACCESS_NETWORK_STATE": "normal",
            "android.permission.ACCESS_WIFI_STATE": "normal",
            "android.permission.CAMERA": "dangerous",
            "android.permission.CHANGE_NETWORK_STATE": "normal",
            "android.permission.CHANGE_WIFI_MULTICAST_STATE": "normal",
            "android.permission.CHANGE_WIFI_STATE": "normal",
            "android.permission.GET_PACKAGE_SIZE": "normal",
            "android.permission.GET_TASKS": "unlaballed",
            "android.permission.INTERNET": "normal",
            "android.permission.KILL_BACKGROUND_PROCESSES": "normal",
            "android.permission.PACKAGE_USAGE_STATS": "signature",
            "android.permission.QUERY_ALL_PACKAGES": "normal",
            "android.permission.READ_CALENDAR": "dangerous",
            "android.permission.READ_EXTERNAL_STORAGE": "dangerous",
            "android.permission.READ_PHONE_STATE": "dangerous",
            "android.permission.RECORD_AUDIO": "dangerous",
            "android.permission.REORDER_TASKS": "normal",
            "android.permission.REQUEST_INSTALL_PACKAGES": "signature",
            "android.permission.VIBRATE": "normal",
            "android.permission.WAKE_LOCK": "normal",
            "android.permission.WRITE_CALENDAR": "dangerous",
            "android.permission.WRITE_EXTERNAL_STORAGE": "dangerous",
            "android.permission.WRITE_SETTINGS": "signature",
            "com.android.browser.permission.READ_HISTORY_BOOKMARKS": "unknown",
            "com.asus.msa.SupplementaryDID.ACCESS": "unknown",
            "com.coloros.mcs.permission.RECIEVE_MCS_MESSAGE": "unknown",
            "com.heytap.mcs.permission.RECIEVE_MCS_MESSAGE": "unknown",
            "com.huawei.android.launcher.permission.CHANGE_BADGE ": "unknown",
            "com.huawei.appmarket.service.commondata.permission.GET_COMMON_DATA": "unknown",
            "com.huawei.pushagent.permission.RICHMEDIA_PROVIDER": "unknown",
            "com.meizu.c2dm.permission.RECEIVE": "unknown",
            "com.meizu.flyme.push.permission.RECEIVE": "unknown",
            "com.qiyi.video.lite.openadsdk.permission.TT_PANGOLIN": "unknown",
            "com.qiyi.video.lite.permission.MIPUSH_RECEIVE": "unknown",
            "com.qiyi.video.lite.permission.PROCESS_PUSH_MSG": "unknown",
            "com.qiyi.video.lite.permission.PUSH_PROVIDER": "unknown",
            "freemme.permission.msa": "unknown"
        },
        "risk_counts": {
            "normal": 12,
            "dangerous": 7,
            "unlaballed": 1,
            "signature": 3,
            "unknown": 14
        }
    },
    "stats": {
        "dex_count": 5,
        "native_lib_count": 36
    },
    "jadx": {
        "status": "ok",
        "duration_sec": 82.39,
        "sources_present": true,
        "java_file_count": 19241
    },
    "ast_analysis": {
        "location": 13,
        "microphone": 0,
        "camera": 70,
        "media_projection": 0,
        "dynamic_load": 0,
        "jni": 24
    },
    "analysis_state": "complete"
}