{
    "apk_name": "C31D49DFA9A1AC353C560266C948F16CE43B08D07C1C9B04B89FC8271AB88A5E",
    "sha256": "c31d49dfa9a1ac353c560266c948f16ce43b08d07c1c9b04b89fc8271ab88a5e",
    "metadata": {
        "package_name": "com.wavelengthlabs.airwave",
        "version_code": "910",
        "version_name": "2.81",
        "min_sdk": "26",
        "target_sdk": "35",
        "permissions": [
            "android.net.wifi.STATE_CHANGE",
            "android.permission.ACCESS_ADSERVICES_AD_ID",
            "android.permission.ACCESS_ADSERVICES_ATTRIBUTION",
            "android.permission.ACCESS_COARSE_LOCATION",
            "android.permission.ACCESS_FINE_LOCATION",
            "android.permission.ACCESS_NETWORK_STATE",
            "android.permission.ACCESS_NOTIFICATION_POLICY",
            "android.permission.ACCESS_WIFI_STATE",
            "android.permission.BIND_ACCESSIBILITY_SERVICE",
            "android.permission.BLUETOOTH",
            "android.permission.BLUETOOTH_ADMIN",
            "android.permission.BLUETOOTH_ADVERTISE",
            "android.permission.BLUETOOTH_CONNECT",
            "android.permission.BLUETOOTH_SCAN",
            "android.permission.BROADCAST_CLOSE_SYSTEM_DIALOGS",
            "android.permission.BROADCAST_STICKY",
            "android.permission.CAMERA",
            "android.permission.CHANGE_NETWORK_STATE",
            "android.permission.CHANGE_WIFI_STATE",
            "android.permission.DOWNLOAD_WITHOUT_NOTIFICATION",
            "android.permission.FOREGROUND_SERVICE",
            "android.permission.FOREGROUND_SERVICE_CONNECTED_DEVICE",
            "android.permission.FOREGROUND_SERVICE_MEDIA_PLAYBACK",
            "android.permission.INTERNET",
            "android.permission.MODIFY_AUDIO_SETTINGS",
            "android.permission.NFC",
            "android.permission.POST_NOTIFICATIONS",
            "android.permission.READ_CONTACTS",
            "android.permission.READ_EXTERNAL_STORAGE",
            "android.permission.READ_MEDIA_IMAGES",
            "android.permission.READ_MEDIA_VIDEO",
            "android.permission.READ_PHONE_STATE",
            "android.permission.RECEIVE_BOOT_COMPLETED",
            "android.permission.RECORD_AUDIO",
            "android.permission.RECORD_VIDEO",
            "android.permission.SCHEDULE_EXACT_ALARM",
            "android.permission.SYSTEM_ALERT_WINDOW",
            "android.permission.SYSTEM_OVERLAY_WINDOW",
            "android.permission.VIBRATE",
            "android.permission.WAKE_LOCK",
            "android.permission.WRITE_CONTACTS",
            "android.permission.WRITE_EXTERNAL_STORAGE",
            "android.permission.WRITE_SETTINGS",
            "com.android.vending.CHECK_LICENSE",
            "com.google.android.c2dm.permission.RECEIVE",
            "com.google.android.finsky.permission.BIND_GET_INSTALL_REFERRER_SERVICE",
            "com.google.android.gms.permission.AD_ID",
            "com.wavelengthlabs.airwave.DYNAMIC_RECEIVER_NOT_EXPORTED_PERMISSION"
        ],
        "activities": [
            "androidx.credentials.playservices.HiddenActivity",
            "app.notifee.core.NotificationReceiverActivity",
            "com.facebook.react.devsupport.DevSettingsActivity",
            "com.google.android.gms.auth.api.signin.internal.SignInHubActivity",
            "com.google.android.gms.common.api.GoogleApiActivity",
            "com.microsoft.identity.client.BrowserTabActivity",
            "com.microsoft.identity.client.CurrentTaskBrowserTabActivity",
            "com.microsoft.identity.client.helper.BrokerHelperActivity",
            "com.microsoft.identity.common.internal.broker.BrokerActivity",
            "com.microsoft.identity.common.internal.broker.InstallCertActivityLauncher",
            "com.microsoft.identity.common.internal.providers.oauth2.AuthorizationActivity",
            "com.microsoft.identity.common.internal.providers.oauth2.CurrentTaskAuthorizationActivity",
            "com.pairip.licensecheck.LicenseActivity",
            "com.proyecto26.inappbrowser.ChromeTabsManagerActivity",
            "com.wavelengthlabs.airwave.MainActivity",
            "com.yalantis.ucrop.UCropActivity",
            "com.yubico.yubikit.android.ui.OtpActivity",
            "com.yubico.yubikit.android.ui.YubiKeyPromptActivity",
            "net.openid.appauth.AuthorizationManagementActivity",
            "net.openid.appauth.RedirectUriReceiverActivity"
        ],
        "services": [
            "androidx.camera.core.impl.MetadataHolderService",
            "androidx.credentials.playservices.CredentialProviderMetadataHolder",
            "androidx.room.MultiInstanceInvalidationService",
            "androidx.work.impl.background.systemalarm.SystemAlarmService",
            "androidx.work.impl.background.systemjob.SystemJobService",
            "androidx.work.impl.foreground.SystemForegroundService",
            "app.notifee.core.ForegroundService",
            "app.notifee.core.ReceiverService",
            "com.doublesymmetry.trackplayer.service.MusicService",
            "com.google.android.datatransport.runtime.backends.TransportBackendDiscovery",
            "com.google.android.datatransport.runtime.scheduling.jobscheduling.JobInfoSchedulerService",
            "com.google.android.gms.auth.api.signin.RevocationBoundService",
            "com.google.android.gms.measurement.AppMeasurementJobService",
            "com.google.android.gms.measurement.AppMeasurementService",
            "com.google.firebase.components.ComponentDiscoveryService",
            "com.google.firebase.messaging.FirebaseMessagingService",
            "com.google.mlkit.common.internal.MlKitComponentDiscoveryService",
            "com.lhs.bt.core.BleService",
            "com.tanguyantoine.react.MusicControlNotification$NotificationService",
            "io.invertase.firebase.messaging.ReactNativeFirebaseMessagingHeadlessService",
            "io.invertase.firebase.messaging.ReactNativeFirebaseMessagingService"
        ],
        "receivers": [
            "androidx.profileinstaller.ProfileInstallReceiver",
            "androidx.work.impl.background.systemalarm.ConstraintProxy$BatteryChargingProxy",
            "androidx.work.impl.background.systemalarm.ConstraintProxy$BatteryNotLowProxy",
            "androidx.work.impl.background.systemalarm.ConstraintProxy$NetworkStateProxy",
            "androidx.work.impl.background.systemalarm.ConstraintProxy$StorageNotLowProxy",
            "androidx.work.impl.background.systemalarm.ConstraintProxyUpdateReceiver",
            "androidx.work.impl.background.systemalarm.RescheduleReceiver",
            "androidx.work.impl.diagnostics.DiagnosticsReceiver",
            "androidx.work.impl.utils.ForceStopRunnable$BroadcastReceiver",
            "app.notifee.core.AlarmPermissionBroadcastReceiver",
            "app.notifee.core.BlockStateBroadcastReceiver",
            "app.notifee.core.NotificationAlarmReceiver",
            "app.notifee.core.RebootBroadcastReceiver",
            "com.google.android.datatransport.runtime.scheduling.jobscheduling.AlarmManagerSchedulerBroadcastReceiver",
            "com.google.android.gms.measurement.AppMeasurementReceiver",
            "com.google.firebase.iid.FirebaseInstanceIdReceiver",
            "com.wavelengthlabs.airwave.DownloadReceiver",
            "io.invertase.firebase.messaging.ReactNativeFirebaseMessagingReceiver"
        ]
    },
    "stats": {
        "dex_count": 7,
        "native_lib_count": 0
    },
    "jadx": {
        "status": "ok",
        "duration_sec": 76.95,
        "sources_present": true,
        "java_file_count": 22165
    },
    "ast_analysis": {
        "location": 10,
        "microphone": 6,
        "camera": 188,
        "media_projection": 0,
        "dynamic_load": 0,
        "jni": 72
    },
    "analysis_state": "complete"
}