{
    "apk_name": "17CA94DCA08E85D74FA1A4D0607ABCE5AA44C343E8086A1E09018CF29E658726",
    "sha256": "17ca94dca08e85d74fa1a4d0607abce5aa44c343e8086a1e09018cf29e658726",
    "metadata": {
        "package_name": "com.militarygradeapps.acftfitness",
        "version_code": "18",
        "version_name": "1.0.8",
        "min_sdk": "28",
        "target_sdk": "35",
        "permissions": [
            "android.permission.ACCESS_ADSERVICES_AD_ID",
            "android.permission.ACCESS_ADSERVICES_ATTRIBUTION",
            "android.permission.ACCESS_NETWORK_STATE",
            "android.permission.ACTIVITY_RECOGNITION",
            "android.permission.BODY_SENSORS",
            "android.permission.FOREGROUND_SERVICE",
            "android.permission.INTERNET",
            "android.permission.POST_NOTIFICATIONS",
            "android.permission.VIBRATE",
            "android.permission.WAKE_LOCK",
            "android.permission.health.READ_ACTIVE_CALORIES_BURNED",
            "android.permission.health.READ_BASAL_CALORIES_BURNED",
            "android.permission.health.READ_BASAL_METABOLIC_RATE",
            "android.permission.health.READ_BLOOD_OXYGEN",
            "android.permission.health.READ_CALORIES",
            "android.permission.health.READ_EXERCISE",
            "android.permission.health.READ_HEALTH_DATA",
            "android.permission.health.READ_HEALTH_DATA_IN_BACKGROUND",
            "android.permission.health.READ_HEART_RATE",
            "android.permission.health.READ_SLEEP",
            "android.permission.health.READ_STEPS",
            "android.permission.health.READ_STEP_COUNT",
            "android.permission.health.READ_TOTAL_CALORIES_BURNED",
            "android.permission.health.READ_WEIGHT",
            "android.permission.health.READ_WORKOUT",
            "android.permission.health.WRITE_BASAL_CALORIES_BURNED",
            "android.permission.health.WRITE_BLOOD_OXYGEN",
            "android.permission.health.WRITE_CALORIES",
            "android.permission.health.WRITE_EXERCISE",
            "android.permission.health.WRITE_HEALTH_DATA",
            "android.permission.health.WRITE_HEART_RATE",
            "android.permission.health.WRITE_SLEEP",
            "android.permission.health.WRITE_STEP_COUNT",
            "android.permission.health.WRITE_TOTAL_CALORIES_BURNED",
            "android.permission.health.WRITE_WEIGHT",
            "android.permission.health.WRITE_WORKOUT",
            "com.android.vending.BILLING",
            "com.android.vending.CHECK_LICENSE",
            "com.google.android.c2dm.permission.RECEIVE",
            "com.google.android.finsky.permission.BIND_GET_INSTALL_REFERRER_SERVICE",
            "com.google.android.gms.permission.ACTIVITY_RECOGNITION",
            "com.google.android.gms.permission.AD_ID",
            "com.google.android.providers.gsf.permission.READ_GSERVICES",
            "com.militarygradeapps.acftfitness.DYNAMIC_RECEIVER_NOT_EXPORTED_PERMISSION"
        ],
        "activities": [
            "androidx.credentials.playservices.HiddenActivity",
            "com.android.billingclient.api.ProxyBillingActivity",
            "com.android.billingclient.api.ProxyBillingActivityV2",
            "com.google.android.gms.auth.api.signin.internal.SignInHubActivity",
            "com.google.android.gms.common.api.GoogleApiActivity",
            "com.google.android.play.core.common.PlayCoreDialogWrapperActivity",
            "com.google.firebase.auth.internal.GenericIdpActivity",
            "com.google.firebase.auth.internal.RecaptchaActivity",
            "com.militarygradeapps.acftfitness.MainActivity",
            "com.pairip.licensecheck.LicenseActivity",
            "com.pichillilorenzo.flutter_inappwebview_android.chrome_custom_tabs.ChromeCustomTabsActivity",
            "com.pichillilorenzo.flutter_inappwebview_android.chrome_custom_tabs.ChromeCustomTabsActivitySingleInstance",
            "com.pichillilorenzo.flutter_inappwebview_android.chrome_custom_tabs.TrustedWebActivity",
            "com.pichillilorenzo.flutter_inappwebview_android.chrome_custom_tabs.TrustedWebActivitySingleInstance",
            "com.pichillilorenzo.flutter_inappwebview_android.in_app_browser.InAppBrowserActivity",
            "com.revenuecat.purchases.amazon.purchasing.ProxyAmazonBillingActivity",
            "com.revenuecat.purchases.ui.revenuecatui.activity.PaywallActivity",
            "com.revenuecat.purchases.ui.revenuecatui.customercenter.CustomerCenterActivity",
            "io.flutter.plugins.urllauncher.WebViewActivity"
        ],
        "services": [
            "androidx.credentials.playservices.CredentialProviderMetadataHolder",
            "androidx.health.platform.client.impl.sdkservice.HealthDataSdkService",
            "com.google.android.datatransport.runtime.backends.TransportBackendDiscovery",
            "com.google.android.datatransport.runtime.scheduling.jobscheduling.JobInfoSchedulerService",
            "com.google.android.gms.auth.api.signin.RevocationBoundService",
            "com.google.android.gms.measurement.AppMeasurementJobService",
            "com.google.android.gms.measurement.AppMeasurementService",
            "com.google.android.gms.metadata.ModuleDependencies",
            "com.google.firebase.components.ComponentDiscoveryService",
            "com.google.firebase.messaging.FirebaseMessagingService",
            "io.flutter.plugins.firebase.messaging.FlutterFirebaseMessagingBackgroundService",
            "io.flutter.plugins.firebase.messaging.FlutterFirebaseMessagingService"
        ],
        "receivers": [
            "androidx.profileinstaller.ProfileInstallReceiver",
            "com.amazon.device.iap.ResponseReceiver",
            "com.google.android.datatransport.runtime.scheduling.jobscheduling.AlarmManagerSchedulerBroadcastReceiver",
            "com.google.android.gms.measurement.AppMeasurementReceiver",
            "com.google.firebase.iid.FirebaseInstanceIdReceiver",
            "com.pichillilorenzo.flutter_inappwebview_android.chrome_custom_tabs.ActionBroadcastReceiver",
            "dev.fluttercommunity.plus.share.SharePlusPendingIntent",
            "io.flutter.plugins.firebase.messaging.FlutterFirebaseMessagingReceiver"
        ]
    },
    "stats": {
        "dex_count": 7,
        "native_lib_count": 0
    },
    "jadx": {
        "status": "ok",
        "duration_sec": 177.17,
        "sources_present": true,
        "java_file_count": 21063
    },
    "ast_analysis": {
        "location": 10,
        "microphone": 0,
        "camera": 78,
        "media_projection": 2,
        "dynamic_load": 0,
        "jni": 15
    },
    "analysis_state": "complete"
}