{
    "apk_name": "0DCFE1ED0311B2E9FE91183C0BBD7D741EDB6AA28B425B1DAE1DB264551213C5",
    "sha256": "0dcfe1ed0311b2e9fe91183c0bbd7d741edb6aa28b425b1dae1db264551213c5",
    "metadata": {
        "package_name": "com.youdao.translator",
        "version_code": "20220629",
        "version_name": "4.1.4",
        "min_sdk": "23",
        "target_sdk": "31",
        "permissions": [
            "android.permission.ACCESS_NETWORK_STATE",
            "android.permission.ACCESS_WIFI_STATE",
            "android.permission.AUTHENTICATE_ACCOUNTS",
            "android.permission.BLUETOOTH",
            "android.permission.BROADCAST_STICKY",
            "android.permission.CAMERA",
            "android.permission.CHANGE_CONFIGURATION",
            "android.permission.CHANGE_NETWORK_STATE",
            "android.permission.CHANGE_WIFI_STATE",
            "android.permission.EXPAND_STATUS_BAR",
            "android.permission.FLASHLIGHT",
            "android.permission.FOREGROUND_SERVICE",
            "android.permission.GET_TASKS",
            "android.permission.INTERNET",
            "android.permission.KILL_BACKGROUND_PROCESSES",
            "android.permission.MODIFY_AUDIO_SETTINGS",
            "android.permission.MOUNT_UNMOUNT_FILESYSTEMS",
            "android.permission.READ_EXTERNAL_STORAGE",
            "android.permission.READ_PHONE_STATE",
            "android.permission.READ_SMS",
            "android.permission.READ_SYNC_SETTINGS",
            "android.permission.READ_SYNC_STATS",
            "android.permission.RECEIVE_BOOT_COMPLETED",
            "android.permission.RECORD_AUDIO",
            "android.permission.REQUEST_INSTALL_PACKAGES",
            "android.permission.RESTART_PACKAGES",
            "android.permission.SYSTEM_ALERT_WINDOW",
            "android.permission.SYSTEM_OVERLAY_WINDOW",
            "android.permission.VIBRATE",
            "android.permission.WAKE_LOCK",
            "android.permission.WRITE_EXTERNAL_STORAGE",
            "android.permission.WRITE_SYNC_SETTINGS",
            "com.asus.msa.SupplementaryDID.ACCESS",
            "com.asus.permission.READ_SDID_PROVIDER",
            "com.coloros.mcs.permission.RECIEVE_MCS_MESSAGE",
            "com.google.android.apps.photos.permission.GOOGLE_PHOTOS",
            "com.google.android.c2dm.permission.RECEIVE",
            "com.google.android.gallery3d.permission.GALLERY_PROVIDER",
            "com.google.android.gms.permission.AD_ID",
            "com.heytap.mcs.permission.RECIEVE_MCS_MESSAGE",
            "com.huawei.android.launcher.permission.CHANGE_BADGE ",
            "com.huawei.appmarket.service.commondata.permission.GET_COMMON_DATA",
            "com.youdao.translator.DYNAMIC_RECEIVER_NOT_EXPORTED_PERMISSION",
            "com.youdao.translator.permission.MIPUSH_RECEIVE",
            "com.youdao.translator.permission.PROCESS_PUSH_MSG",
            "com.youdao.translator.permission.PUSH_PROVIDER",
            "com.youdao.translator.permission.RECEIVE_MSG",
            "freemme.permission.msa"
        ],
        "activities": [
            "androidx.compose.ui.tooling.PreviewActivity",
            "com.alipay.sdk.app.AlipayResultActivity",
            "com.alipay.sdk.app.H5AuthActivity",
            "com.alipay.sdk.app.H5PayActivity",
            "com.alipay.sdk.app.PayResultActivity",
            "com.google.android.gms.common.api.GoogleApiActivity",
            "com.huawei.hms.account.internal.ui.activity.AccountSignInHubActivity",
            "com.huawei.hms.activity.BridgeActivity",
            "com.huawei.hms.activity.EnableServiceActivity",
            "com.huawei.hms.hwid.internal.ui.activity.HwIdSignInHubActivity",
            "com.huawei.hms.support.api.push.TransActivity",
            "com.huawei.updatesdk.service.otaupdate.AppUpdateActivity",
            "com.huawei.updatesdk.support.pm.PackageInstallerActivity",
            "com.netease.loginapi.ursuiwidget.activity.WebviewActivity",
            "com.sina.weibo.sdk.share.ShareTransActivity",
            "com.sina.weibo.sdk.web.WebActivity",
            "com.tencent.connect.common.AssistActivity",
            "com.tencent.tauth.AuthActivity",
            "com.vivo.push.sdk.LinkProxyClientActivity",
            "com.xiaomi.mipush.sdk.NotificationClickedActivity",
            "com.youdao.dailysentence.activity.DailySentenceActivity",
            "com.youdao.dailysentence.activity.DailyShareActivity",
            "com.youdao.dict.dialogue.activity.DialogueActivity",
            "com.youdao.dict_flutter_android_bridge.WordBookClockInActivity",
            "com.youdao.dict_flutter_android_bridge.WordBookFlutterActivity",
            "com.youdao.dict_flutter_android_bridge.WordBookTransparentFlutterActivity",
            "com.youdao.dict_flutter_android_bridge.WordBookWebViewActivity",
            "com.youdao.dict_flutter_android_bridge.WordBookWebViewFullScreenActivity",
            "com.youdao.screenwordcapturing.service.ScreenCapturePermissionActivity",
            "com.youdao.sdk.common.YouDaoBrowser",
            "com.youdao.sdk.listvideo.YouDaoListVideoActivity",
            "com.youdao.sdk.nativeads.YouDaoInterstitialActivity",
            "com.youdao.sdk.video.YouDaoVideoActivity",
            "com.youdao.sharesdk.platform.qq.QQCallbackActivity",
            "com.youdao.sharesdk.platform.weibo.SinaCallbackActivity",
            "com.youdao.snapshotshare.SnapshotShareActivity",
            "com.youdao.support.permission.PermissionActivity",
            "com.youdao.translator.activity.CameraActivity",
            "com.youdao.translator.activity.CommonGuideActivity",
            "com.youdao.translator.activity.FeedbackWebViewActivity",
            "com.youdao.translator.activity.FollowReadActivity",
            "com.youdao.translator.activity.GuideActivity",
            "com.youdao.translator.activity.LanguageListActivity",
            "com.youdao.translator.activity.LaunchActivity",
            "com.youdao.translator.activity.NewMainActivity",
            "com.youdao.translator.activity.NotebookActivity",
            "com.youdao.translator.activity.OfflineDictDownloadActivity",
            "com.youdao.translator.activity.PicViewActivity",
            "com.youdao.translator.activity.PrivacyWebViewActivity",
            "com.youdao.translator.activity.SingleLanguageListActivity",
            "com.youdao.translator.activity.UserInfoActivity",
            "com.youdao.translator.activity.WebviewActivity",
            "com.youdao.translator.activity.ZhiXuanWebviewActivity",
            "com.youdao.translator.activity.login.LoginActivity",
            "com.youdao.translator.activity.login.LoginNetEaseActivity",
            "com.youdao.translator.activity.ocr.OCRResultActivity",
            "com.youdao.translator.activity.ocr.OcrTransActivity",
            "com.youdao.translator.activity.ocr.TextEditActivity",
            "com.youdao.translator.activity.proxy.SchemeProxyActivity",
            "com.youdao.translator.activity.setting.AboutActivity",
            "com.youdao.translator.activity.setting.ChooseDefaultBookActivity",
            "com.youdao.translator.activity.setting.CollectSettingActivity",
            "com.youdao.translator.activity.setting.NPSActivity",
            "com.youdao.translator.activity.setting.SettingActivity",
            "com.youdao.translator.activity.test.DevTestActivity",
            "com.youdao.translator.activity.test.TestConfigActivity",
            "com.youdao.translator.activity.trans.ClipboardTransActivity",
            "com.youdao.translator.activity.trans.EmotionTransActivity",
            "com.youdao.translator.activity.trans.FullScreenActivity",
            "com.youdao.translator.activity.trans.QuickTranslateActivity",
            "com.youdao.translator.activity.trans.SmsTransActivity",
            "com.youdao.translator.activity.trans.TransResultActivity",
            "com.youdao.translator.activity.youzan.YouzanBrowserActivity",
            "com.youdao.translator.dialog.AnimalGuideDialog",
            "com.youdao.translator.dialog.FloatWindowPermissionTipsDialog",
            "com.youdao.translator.dialog.OfflineVoiceDialog",
            "com.youdao.translator.usertag.DictUserInfoActivity",
            "com.youdao.translator.wordbook.WordBookDelegateActivity",
            "com.youdao.translator.wxapi.WXEntryActivity",
            "com.youdao.webtrans.WebTransActivity",
            "com.youdao.webtrans.WebTransClipTipActivity",
            "com.youdao.ydaccount.activity.ThirdPartyWebLoginActivity",
            "com.youdao.ydaccount.activity.YDWXEntryActivity",
            "com.youdao.ydaccount.share.ShareLoginActivity",
            "com.youdao.ydaccountshare.wxapi.BaseWXEntryActivity",
            "com.youdao.ydaccountshare.yxapi.BaseYXEntryActivity",
            "com.youdao.ydcropper.CropImageActivity",
            "com.youdao.yddocumenttranslate.activity.DocHistoryActivity",
            "com.youdao.yddocumenttranslate.activity.DocResultActivity",
            "com.youdao.yddocumenttranslate.activity.DocTransActivity",
            "com.youdao.yddocumenttranslate.activity.DocWebActivity",
            "com.youdao.ydpush.huawei.HuaweiPushReceiveActivity",
            "com.youdao.ydpush.oppo.OppoLoadActivity",
            "com.youdao.ydsimultaneous.SimultaneousActivity",
            "com.youdao.ydsimultaneous.SimultaneousLiveCreateActivity"
        ],
        "services": [
            "androidx.room.MultiInstanceInvalidationService",
            "com.baidu.speech.VoiceRecognitionService",
            "com.google.firebase.components.ComponentDiscoveryService",
            "com.heytap.msp.push.service.CompatibleDataMessageCallbackService",
            "com.heytap.msp.push.service.DataMessageCallbackService",
            "com.huawei.agconnect.core.ServiceDiscovery",
            "com.huawei.hms.support.api.push.service.HmsMsgService",
            "com.liulishuo.filedownloader.services.FileDownloadService$SeparateProcessService",
            "com.liulishuo.filedownloader.services.FileDownloadService$SharedMainProcessService",
            "com.netease.nimlib.job.NIMJobService",
            "com.netease.nimlib.service.NimService",
            "com.netease.nimlib.service.NimService$Aux",
            "com.netease.nimlib.service.ResponseService",
            "com.vivo.push.sdk.service.CommandClientService",
            "com.xiaomi.mipush.sdk.MessageHandleService",
            "com.xiaomi.mipush.sdk.PushMessageHandler",
            "com.xiaomi.push.service.XMJobService",
            "com.xiaomi.push.service.XMPushService",
            "com.youdao.downloadprovider.service.DownloadService",
            "com.youdao.sdk.common.YouDaoAppService",
            "com.youdao.translator.service.ClipboardWatcher",
            "com.youdao.translator.service.FloatWindowService",
            "com.youdao.translator.service.QuickTranslateService",
            "com.youdao.yddocumenttranslate.service.DocTransService",
            "com.youdao.ydpush.huawei.HuaweiMessageService"
        ],
        "receivers": [
            "androidx.profileinstaller.ProfileInstallReceiver",
            "com.google.firebase.iid.FirebaseInstanceIdReceiver",
            "com.huawei.hms.support.api.push.PushMsgReceiver",
            "com.huawei.hms.support.api.push.PushReceiver",
            "com.netease.nimlib.service.NimReceiver",
            "com.netease.nimlib.service.ResponseReceiver",
            "com.xiaomi.push.service.receivers.NetworkStatusReceiver",
            "com.xiaomi.push.service.receivers.PingReceiver",
            "com.youdao.dnscache.net.networktype.NetworkStateReceiver",
            "com.youdao.downloadprovider.receiver.DownloadReceiver",
            "com.youdao.translator.push.PushReceiver",
            "com.youdao.translator.receiver.AppInstalledReceiver",
            "com.youdao.translator.receiver.NotificationControlReceiver",
            "com.youdao.ydbundlemanager.AppsReadyReceiver",
            "com.youdao.ydpush.miui.XiaomiPushReceiver",
            "com.youdao.ydpush.vivo.VivoPushReceiver",
            "com.youdao.ydwordbook.WordbookReceiver"
        ]
    },
    "stats": {
        "dex_count": 1,
        "native_lib_count": 38
    },
    "jadx": {
        "status": "ok",
        "duration_sec": 3.99,
        "sources_present": true,
        "java_file_count": 32
    },
    "ast_analysis": {
        "location": 0,
        "microphone": 0,
        "camera": 3,
        "media_projection": 0,
        "dynamic_load": 0,
        "jni": 3
    },
    "analysis_state": "complete"
}