{
    "apk_name": "AF2D89CC337C292654AC4545FA402979608A74441934CB0B492DAA0D990461B2",
    "sha256": "af2d89cc337c292654ac4545fa402979608a74441934cb0b492daa0d990461b2",
    "metadata": {
        "package_name": "com.companyname.ucl_mob",
        "version_code": "113",
        "version_name": "2.40",
        "min_sdk": "21",
        "target_sdk": "30",
        "permissions": [
            "android.permission.ACCESS_NETWORK_STATE",
            "android.permission.ACCESS_WIFI_STATE",
            "android.permission.GET_ACCOUNTS",
            "android.permission.INTERNET",
            "android.permission.MANAGE_DOCUMENTS",
            "android.permission.READ_EXTERNAL_STORAGE",
            "android.permission.WAKE_LOCK",
            "android.permission.WRITE_EXTERNAL_STORAGE",
            "android.permission.WRITE_INTERNAL_STORAGE",
            "com.google.android.c2dm.permission.RECEIVE",
            "com.google.android.finsky.permission.BIND_GET_INSTALL_REFERRER_SERVICE"
        ],
        "activities": [
            "com.facebook.CustomTabActivity",
            "com.facebook.CustomTabMainActivity",
            "com.facebook.FacebookActivity",
            "com.google.android.gms.common.api.GoogleApiActivity",
            "crc64424a8adc5a1fbe28.FilePickerActivity",
            "crc64e50d51749a002888.MainActivity",
            "crc64e50d51749a002888.SplashActivity"
        ],
        "services": [
            "com.google.android.gms.measurement.AppMeasurementJobService",
            "com.google.android.gms.measurement.AppMeasurementService",
            "com.google.firebase.components.ComponentDiscoveryService",
            "com.google.firebase.iid.FirebaseInstanceIdService",
            "com.google.firebase.messaging.FirebaseMessagingService",
            "crc64dc1c4caacf66587b.AndroidFirebaseService",
            "crc64dc1c4caacf66587b.ForegroundNotificationService"
        ],
        "receivers": [
            "com.facebook.CampaignTrackingReceiver",
            "com.facebook.CurrentAccessTokenExpirationBroadcastReceiver",
            "com.google.android.gms.measurement.AppMeasurementInstallReferrerReceiver",
            "com.google.android.gms.measurement.AppMeasurementReceiver",
            "com.google.firebase.iid.FirebaseInstanceIdInternalReceiver",
            "com.google.firebase.iid.FirebaseInstanceIdReceiver",
            "com.google.firebase.iid.FirebaseInstanceIdReceiver",
            "crc643f46942d9dd1fff9.PowerSaveModeBroadcastReceiver",
            "crc64cea48322b3427ae9.ConnectivityChangeBroadcastReceiver",
            "ucl_mob.Droid.Services.ReferrerReceiver"
        ],
        "permission_details": {
            "android.permission.ACCESS_NETWORK_STATE": "normal",
            "android.permission.ACCESS_WIFI_STATE": "normal",
            "android.permission.GET_ACCOUNTS": "dangerous",
            "android.permission.INTERNET": "normal",
            "android.permission.MANAGE_DOCUMENTS": "unlaballed",
            "android.permission.READ_EXTERNAL_STORAGE": "dangerous",
            "android.permission.WAKE_LOCK": "normal",
            "android.permission.WRITE_EXTERNAL_STORAGE": "dangerous",
            "android.permission.WRITE_INTERNAL_STORAGE": "unknown",
            "com.google.android.c2dm.permission.RECEIVE": "unknown",
            "com.google.android.finsky.permission.BIND_GET_INSTALL_REFERRER_SERVICE": "unknown"
        },
        "risk_counts": {
            "normal": 4,
            "dangerous": 3,
            "unlaballed": 1,
            "unknown": 3
        }
    },
    "stats": {
        "dex_count": 1,
        "native_lib_count": 14
    },
    "jadx": {
        "status": "ok",
        "duration_sec": 16.58,
        "sources_present": true,
        "java_file_count": 3161
    },
    "ast_analysis": {
        "location": 2,
        "microphone": 0,
        "camera": 10,
        "media_projection": 0,
        "dynamic_load": 0,
        "jni": 6
    },
    "analysis_state": "complete"
}