{
    "apk_name": "788F59A3FA6A41DF28ED4DEA8348AD8CAB14BBF6DEC7906F0D33C1B99D2D9F28",
    "sha256": "788f59a3fa6a41df28ed4dea8348ad8cab14bbf6dec7906f0d33c1b99d2d9f28",
    "metadata": {
        "package_name": "com.xogrp.thebump",
        "version_code": "6501",
        "version_name": "6.5.1",
        "min_sdk": "28",
        "target_sdk": "35",
        "permissions": [
            "andorid.permission.CHANGE_CONFIGURATION",
            "android.permission.ACCESS_ADSERVICES_AD_ID",
            "android.permission.ACCESS_ADSERVICES_ATTRIBUTION",
            "android.permission.ACCESS_ADSERVICES_TOPICS",
            "android.permission.ACCESS_NETWORK_STATE",
            "android.permission.ACCESS_WIFI_STATE",
            "android.permission.AD_SERVICES_CONFIG",
            "android.permission.CAMERA",
            "android.permission.FOREGROUND_SERVICE",
            "android.permission.GET_ACCOUNTS",
            "android.permission.INTERNET",
            "android.permission.POST_NOTIFICATIONS",
            "android.permission.READ_MEDIA_IMAGES",
            "android.permission.READ_PHONE_STATE",
            "android.permission.RECEIVE_BOOT_COMPLETED",
            "android.permission.REORDER_TASKS",
            "android.permission.WAKE_LOCK",
            "android.permission.WRITE_EXTERNAL_STORAGE",
            "android.permission.WRITE_INTERNAL_STORAGE",
            "com.google.android.c2dm.permission.RECEIVE",
            "com.google.android.c2dm.permission.REGISTER",
            "com.google.android.finsky.permission.BIND_GET_INSTALL_REFERRER_SERVICE",
            "com.google.android.gms.permission.AD_ID",
            "com.google.android.providers.gsf.permission.READ_GSERVICES",
            "com.xogrp.thebump.DYNAMIC_RECEIVER_NOT_EXPORTED_PERMISSION"
        ],
        "activities": [
            "androidx.core.google.shortcuts.TrampolineActivity",
            "androidx.credentials.playservices.HiddenActivity",
            "androidx.test.core.app.InstrumentationActivityInvoker$BootstrapActivity",
            "androidx.test.core.app.InstrumentationActivityInvoker$EmptyActivity",
            "androidx.test.core.app.InstrumentationActivityInvoker$EmptyFloatingActivity",
            "com.amazon.aps.ads.activity.ApsInterstitialActivity",
            "com.amazon.device.ads.DTBAdActivity",
            "com.amazon.device.ads.DTBInterstitialActivity",
            "com.google.android.gms.ads.AdActivity",
            "com.google.android.gms.ads.NotificationHandlerActivity",
            "com.google.android.gms.ads.OutOfContextTestingActivity",
            "com.google.android.gms.auth.api.signin.internal.SignInHubActivity",
            "com.google.android.gms.common.api.GoogleApiActivity",
            "com.google.android.play.core.common.PlayCoreDialogWrapperActivity",
            "com.google.android.tv.ads.controls.FallbackImageActivity",
            "com.google.firebase.auth.internal.GenericIdpActivity",
            "com.google.firebase.auth.internal.RecaptchaActivity",
            "com.survicate.surveys.SurveyActivity",
            "com.xogrp.thebump.features.authentication.presentation.view.AuthenticationActivity",
            "com.xogrp.thebump.features.journal.presentation.view.JournalActivity",
            "com.xogrp.thebump.features.onboarding.presentation.view.OnboardingActivity",
            "com.xogrp.thebump.mobile.module.game.view.BabyNamesGameWebActivity",
            "com.xogrp.thebump.mobile.module.homefeed.ui.BetaViewFeedbackActivity",
            "com.xogrp.thebump.mobile.module.myphoto.view.activity.TheBumpClipActivity",
            "com.xogrp.thebump.mobile.module.myphoto.view.activity.TheBumpTakePhotoActivity",
            "com.xogrp.thebump.mobile.module.navigation.view.activity.NavigationActivity",
            "com.xogrp.thebump.mobile.module.plannerplus.view.PlannerPlusTopAlert",
            "com.xogrp.thebump.mobile.module.webview.view.activity.TBWebPageActivity",
            "com.xogrp.thebump.ui.ActivityForTest",
            "com.xogrp.thebump.ui.MainActivity",
            "com.xogrp.thebump.ui.ShortCutActivity",
            "com.xogrp.thebump.ui.biodigital3D.BioDigitalActivity",
            "com.xogrp.thebump.ui.contractioncounter.ContractionCounterActivity",
            "com.xogrp.thebump.ui.deeplink.DeepLinkActivity",
            "com.xogrp.thebump.ui.foodsafety.FoodSafetyActivity",
            "com.xogrp.thebump.ui.membership.RegistrationActivity",
            "com.xogrp.thebump.ui.myaccount.MyAccountActivity",
            "com.xogrp.thebump.ui.webview.WebPageActivity"
        ],
        "services": [
            "androidx.camera.core.impl.MetadataHolderService",
            "androidx.credentials.playservices.CredentialProviderMetadataHolder",
            "androidx.room.MultiInstanceInvalidationService",
            "androidx.work.impl.background.systemalarm.SystemAlarmService",
            "androidx.work.impl.background.systemjob.SystemJobService",
            "androidx.work.impl.foreground.SystemForegroundService",
            "com.google.android.datatransport.runtime.backends.TransportBackendDiscovery",
            "com.google.android.datatransport.runtime.scheduling.jobscheduling.JobInfoSchedulerService",
            "com.google.android.gms.ads.AdService",
            "com.google.android.gms.auth.api.signin.RevocationBoundService",
            "com.google.android.gms.measurement.AppMeasurementJobService",
            "com.google.android.gms.measurement.AppMeasurementService",
            "com.google.firebase.components.ComponentDiscoveryService",
            "com.google.firebase.messaging.FirebaseMessagingService",
            "com.google.firebase.sessions.SessionLifecycleService",
            "com.xogrp.thebump.fcm.TheBumpFcmListenerService"
        ],
        "receivers": [
            "androidx.profileinstaller.ProfileInstallReceiver",
            "androidx.work.impl.background.systemalarm.ConstraintProxy$BatteryChargingProxy",
            "androidx.work.impl.background.systemalarm.ConstraintProxy$BatteryNotLowProxy",
            "androidx.work.impl.background.systemalarm.ConstraintProxy$NetworkStateProxy",
            "androidx.work.impl.background.systemalarm.ConstraintProxy$StorageNotLowProxy",
            "androidx.work.impl.background.systemalarm.ConstraintProxyUpdateReceiver",
            "androidx.work.impl.background.systemalarm.RescheduleReceiver",
            "androidx.work.impl.diagnostics.DiagnosticsReceiver",
            "androidx.work.impl.utils.ForceStopRunnable$BroadcastReceiver",
            "com.appsflyer.SingleInstallBroadcastReceiver",
            "com.google.android.datatransport.runtime.scheduling.jobscheduling.AlarmManagerSchedulerBroadcastReceiver",
            "com.google.android.gms.measurement.AppMeasurementReceiver",
            "com.google.firebase.iid.FirebaseInstanceIdReceiver",
            "com.xogrp.thebump.notification.NotificationStartAppReceiver"
        ]
    },
    "stats": {
        "dex_count": 10,
        "native_lib_count": 29
    },
    "jadx": {
        "status": "ok",
        "duration_sec": 107.85,
        "sources_present": true,
        "java_file_count": 35865
    },
    "ast_analysis": {
        "location": 2,
        "microphone": 0,
        "camera": 63,
        "media_projection": 0,
        "dynamic_load": 0,
        "jni": 8
    },
    "analysis_state": "complete"
}