{
    "java_files": [
        "a/auu/a.java",
        "com/xiaopeng/mycarinfo/R.java",
        "com/netease/nis/wrapper/l.java",
        "com/netease/nis/wrapper/g.java",
        "com/netease/nis/wrapper/d.java",
        "com/netease/nis/wrapper/Utils.java",
        "com/netease/nis/wrapper/k.java",
        "com/netease/nis/wrapper/b.java",
        "com/netease/nis/wrapper/NEDialog.java",
        "com/netease/nis/wrapper/MyApplication.java",
        "com/netease/nis/wrapper/a.java",
        "com/netease/nis/wrapper/e.java",
        "com/netease/nis/wrapper/f.java",
        "com/netease/nis/wrapper/c.java",
        "com/netease/nis/wrapper/MyJni.java",
        "com/netease/nis/wrapper/m.java",
        "com/netease/nis/wrapper/j.java",
        "com/netease/nis/wrapper/Entry.java",
        "com/netease/nis/wrapper/h.java",
        "com/netease/nis/wrapper/i.java",
        "com/netease/nis/wrapper/plugin/g.java",
        "com/netease/nis/wrapper/plugin/d.java",
        "com/netease/nis/wrapper/plugin/InstrumentationProxy.java",
        "com/netease/nis/wrapper/plugin/b.java",
        "com/netease/nis/wrapper/plugin/a.java",
        "com/netease/nis/wrapper/plugin/e.java",
        "com/netease/nis/wrapper/plugin/f.java",
        "com/netease/nis/wrapper/plugin/c.java",
        "com/netease/nis/wrapper/plugin/h.java",
        "com/netease/nis/wrapper/plugin/i.java",
        "androidx/core/app/CoreComponentFactory.java"
    ],
    "ast_hits_by_file": {
        "location": [],
        "microphone": [],
        "camera": [
            "com/netease/nis/wrapper/MyJni.java",
            "com/netease/nis/wrapper/MyJni.java",
            "com/netease/nis/wrapper/plugin/e.java"
        ],
        "media_projection": [],
        "dynamic_load": [],
        "jni": [
            "com/netease/nis/wrapper/l.java",
            "com/netease/nis/wrapper/l.java",
            "com/netease/nis/wrapper/plugin/a.java"
        ]
    },
    "native_libs": [
        "lib/armeabi-v7a/libAMapSDK_MAP_v8_1_0.so",
        "lib/armeabi-v7a/libAliFaceAREngine.so",
        "lib/armeabi-v7a/libCtaApiLib.so",
        "lib/armeabi-v7a/libMegActionFmpJni.so",
        "lib/armeabi-v7a/libMegviiInnerUtils-0.0.2.so",
        "lib/armeabi-v7a/libQuCore.so",
        "lib/armeabi-v7a/libRSSupport.so",
        "lib/armeabi-v7a/libalivc_conan.so",
        "lib/armeabi-v7a/libalivcffmpeg.so",
        "lib/armeabi-v7a/libartpSource.so",
        "lib/armeabi-v7a/libartp_play.so",
        "lib/armeabi-v7a/libbucket2-new.so",
        "lib/armeabi-v7a/libc++_shared.so",
        "lib/armeabi-v7a/libcicada_plugin_artcSource.so",
        "lib/armeabi-v7a/libcrashsdk.so",
        "lib/armeabi-v7a/libentryexpro.so",
        "lib/armeabi-v7a/libfb.so",
        "lib/armeabi-v7a/libfbjni.so",
        "lib/armeabi-v7a/libfdk-aac.so",
        "lib/armeabi-v7a/libfolly_futures.so",
        "lib/armeabi-v7a/libfolly_json.so",
        "lib/armeabi-v7a/libframesequence.so",
        "lib/armeabi-v7a/libglog.so",
        "lib/armeabi-v7a/libglog_init.so",
        "lib/armeabi-v7a/libglue.so",
        "lib/armeabi-v7a/libgxx_personality.so",
        "lib/armeabi-v7a/libhermes-executor-debug.so",
        "lib/armeabi-v7a/libhermes-executor-release.so",
        "lib/armeabi-v7a/libhermes-inspector.so",
        "lib/armeabi-v7a/libiconv.so",
        "lib/armeabi-v7a/libimagepipeline.so",
        "lib/armeabi-v7a/libjniPdfium.so",
        "lib/armeabi-v7a/libjsc.so",
        "lib/armeabi-v7a/libjscexecutor.so",
        "lib/armeabi-v7a/libjsijniprofiler.so",
        "lib/armeabi-v7a/libjsinspector.so",
        "lib/armeabi-v7a/liblive-openh264.so",
        "lib/armeabi-v7a/liblocSDK7.so",
        "lib/armeabi-v7a/liblocSDK7a.so",
        "lib/armeabi-v7a/liblocSDK7b.so",
        "lib/armeabi-v7a/libmarsxlog.so",
        "lib/armeabi-v7a/libmcdn0.so",
        "lib/armeabi-v7a/libmcdn1.so",
        "lib/armeabi-v7a/libmmkv.so",
        "lib/armeabi-v7a/libmodft2.so",
        "lib/armeabi-v7a/libmodpdfium.so",
        "lib/armeabi-v7a/libmodpng.so",
        "lib/armeabi-v7a/libnative-filters.so",
        "lib/armeabi-v7a/libnative-imagetranscoder.so",
        "lib/armeabi-v7a/libne_audio.so",
        "lib/armeabi-v7a/libnetmobsec-4.2.2.1.so",
        "lib/armeabi-v7a/libobjectbox-jni.so",
        "lib/armeabi-v7a/libreactnativeblob.so",
        "lib/armeabi-v7a/libreactnativejni.so",
        "lib/armeabi-v7a/librsjni.so",
        "lib/armeabi-v7a/librsjni_androidx.so",
        "lib/armeabi-v7a/libsaasCorePlayer.so",
        "lib/armeabi-v7a/libsaasDownloader.so",
        "lib/armeabi-v7a/libsecsdk.so",
        "lib/armeabi-v7a/libspeex.so",
        "lib/armeabi-v7a/libstatic-webp.so",
        "lib/armeabi-v7a/libtnet-3.1.14.so",
        "lib/armeabi-v7a/libtraceroute.so",
        "lib/armeabi-v7a/libucrop.so",
        "lib/armeabi-v7a/libumeng-spy.so",
        "lib/armeabi-v7a/libuptsmaddon.so",
        "lib/armeabi-v7a/libuptsmaddonmi.so",
        "lib/armeabi-v7a/libweibosdkcore.so",
        "lib/armeabi-v7a/libwind.so",
        "lib/armeabi-v7a/libyoga.so",
        "lib/armeabi-v7a/libzbarjni.so",
        "lib/armeabi-v7a/libbulk.so",
        "lib/armeabi-v7a/libnesec.so"
    ],
    "dex_files_count": 1,
    "exported_components": {
        "activities": [
            "com.detect.ui.AliveActivity",
            "com.esandinfo.etas.activity.FaceAuthActivity",
            "com.esandinfo.etas.activity.FingerPrintAuthActivity",
            "com.facebook.react.devsupport.DevSettingsActivity",
            "com.hrfax.opencvface.opencv.HrfaxFdActivity",
            "com.hrfax.remotesign.SplashActivity",
            "com.hrfax.remotesign.account.AccountInfoActivity",
            "com.hrfax.remotesign.account.customer.MyCustomerActivity",
            "com.hrfax.remotesign.account.customer.ReportDetailActivity",
            "com.hrfax.remotesign.account.member.EditMemberActivity",
            "com.hrfax.remotesign.account.member.MemberManageActivity",
            "com.hrfax.remotesign.account.password.ChangePasswordActivity",
            "com.hrfax.remotesign.login.password.ForgetPasswordActivity",
            "com.hrfax.remotesign.login.view.LoginActivity",
            "com.hrfax.remotesign.sign.SignSuccessActivity",
            "com.hrfax.remotesign.sign.autosign.AutoSignActivity",
            "com.hrfax.remotesign.sign.autosign.screenshot.ScreenShotActivity",
            "com.hrfax.remotesign.sign.bank.SearchBankActivity",
            "com.hrfax.remotesign.sign.cars.SelectCarActivity",
            "com.hrfax.remotesign.sign.launch.multiple.ICBC.ICBCCheckPicActivity",
            "com.hrfax.remotesign.sign.launch.multiple.ICBC.ICBCPreviewPicActivity",
            "com.hrfax.remotesign.sign.launch.multiple.ICBC.ICBCTakePicAvtivity",
            "com.hrfax.remotesign.sign.launch.view.LaunchSignActivity",
            "com.hrfax.remotesign.sign.photo.BigPhotoActivity",
            "com.hrfax.remotesign.sign.photo.PreviewPicActivity",
            "com.hrfax.remotesign.sign.photo.TakePhotoAvtivity",
            "com.hrfax.remotesign.sign.videosign.VideoSignActivity",
            "com.hrfax.signvisa.activity.AuthenticationSignActivity",
            "com.hrfax.signvisa.activity.BankPDFActivity",
            "com.hrfax.signvisa.activity.BodyActivity",
            "com.hrfax.signvisa.activity.DispatchActivity",
            "com.hrfax.signvisa.activity.EnterActivity",
            "com.hrfax.signvisa.activity.LargerImageActivity",
            "com.hrfax.signvisa.activity.LookPdfActivity",
            "com.hrfax.signvisa.activity.MakeSignActivity",
            "com.hrfax.signvisa.activity.SignRecordActivity",
            "com.huawei.hms.activity.BridgeActivity",
            "com.huawei.hms.activity.EnableServiceActivity",
            "com.huawei.updatesdk.service.otaupdate.AppUpdateActivity",
            "com.huawei.updatesdk.support.pm.PackageInstallerActivity",
            "com.megvii.meglive_sdk.detect.action.ActionLivenessActivity",
            "com.megvii.meglive_sdk.detect.agreement.UserAgreementActivity",
            "com.megvii.meglive_sdk.detect.color.FmpColorfulActivity",
            "com.megvii.meglive_sdk.detect.fmp.FmpLivenessActivity",
            "com.megvii.meglive_sdk.detect.guide.GrantActivity",
            "com.netease.nim.uikit.business.ait.selector.AitContactSelectorActivity",
            "com.netease.nim.uikit.business.session.activity.MsgSelectActivity",
            "com.netease.nim.uikit.business.session.activity.P2PMessageActivity",
            "com.netease.nim.uikit.business.session.activity.TeamMessageActivity",
            "com.netease.nim.uikit.business.session.activity.WatchMessagePictureActivity",
            "com.netease.nim.uikit.business.session.activity.WatchMultiRetweetPictureActivity",
            "com.netease.nim.uikit.business.session.activity.WatchPicAndVideoMenuActivity",
            "com.netease.nim.uikit.business.session.activity.WatchVideoActivity",
            "com.netease.nim.uikit.business.team.activity.AdvancedTeamAnnounceActivity",
            "com.netease.nim.uikit.business.team.activity.AdvancedTeamCreateAnnounceActivity",
            "com.netease.nim.uikit.business.team.activity.AdvancedTeamNicknameActivity",
            "com.netease.nim.uikit.business.team.activity.TeamPropertySettingActivity",
            "com.netease.nim.uikit.business.team.activity.XPNormalTeamInfoActivity",
            "com.netease.nis.quicklogin.ui.CmccLoginActivity",
            "com.netease.nis.quicklogin.ui.ProtocolDetailActivity",
            "com.netease.nis.quicklogin.ui.YDQuickLoginActivity",
            "com.sina.weibo.sdk.share.ShareChatActivity",
            "com.sina.weibo.sdk.share.ShareResultActivity",
            "com.sina.weibo.sdk.share.ShareStoryActivity",
            "com.sina.weibo.sdk.share.ShareTransActivity",
            "com.sina.weibo.sdk.web.WebActivity",
            "com.tencent.smtt.sdk.VideoActivity",
            "com.tencent.tinker.loader.hotplug.ActivityStubs$SGTKStub_00",
            "com.tencent.tinker.loader.hotplug.ActivityStubs$SGTKStub_00_T",
            "com.tencent.tinker.loader.hotplug.ActivityStubs$SGTKStub_01",
            "com.tencent.tinker.loader.hotplug.ActivityStubs$SGTKStub_01_T",
            "com.tencent.tinker.loader.hotplug.ActivityStubs$SGTKStub_02",
            "com.tencent.tinker.loader.hotplug.ActivityStubs$SGTKStub_02_T",
            "com.tencent.tinker.loader.hotplug.ActivityStubs$SGTKStub_03",
            "com.tencent.tinker.loader.hotplug.ActivityStubs$SGTKStub_04",
            "com.tencent.tinker.loader.hotplug.ActivityStubs$SGTKStub_05",
            "com.tencent.tinker.loader.hotplug.ActivityStubs$SGTKStub_06",
            "com.tencent.tinker.loader.hotplug.ActivityStubs$SGTKStub_07",
            "com.tencent.tinker.loader.hotplug.ActivityStubs$SGTKStub_08",
            "com.tencent.tinker.loader.hotplug.ActivityStubs$SGTKStub_09",
            "com.tencent.tinker.loader.hotplug.ActivityStubs$SGTStub_00",
            "com.tencent.tinker.loader.hotplug.ActivityStubs$SGTStub_00_T",
            "com.tencent.tinker.loader.hotplug.ActivityStubs$SGTStub_01",
            "com.tencent.tinker.loader.hotplug.ActivityStubs$SGTStub_01_T",
            "com.tencent.tinker.loader.hotplug.ActivityStubs$SGTStub_02",
            "com.tencent.tinker.loader.hotplug.ActivityStubs$SGTStub_02_T",
            "com.tencent.tinker.loader.hotplug.ActivityStubs$SGTStub_03",
            "com.tencent.tinker.loader.hotplug.ActivityStubs$SGTStub_04",
            "com.tencent.tinker.loader.hotplug.ActivityStubs$SGTStub_05",
            "com.tencent.tinker.loader.hotplug.ActivityStubs$SGTStub_06",
            "com.tencent.tinker.loader.hotplug.ActivityStubs$SGTStub_07",
            "com.tencent.tinker.loader.hotplug.ActivityStubs$SGTStub_08",
            "com.tencent.tinker.loader.hotplug.ActivityStubs$SGTStub_09",
            "com.tencent.tinker.loader.hotplug.ActivityStubs$SIStub_00",
            "com.tencent.tinker.loader.hotplug.ActivityStubs$SIStub_00_T",
            "com.tencent.tinker.loader.hotplug.ActivityStubs$SIStub_01",
            "com.tencent.tinker.loader.hotplug.ActivityStubs$SIStub_01_T",
            "com.tencent.tinker.loader.hotplug.ActivityStubs$SIStub_02",
            "com.tencent.tinker.loader.hotplug.ActivityStubs$SIStub_02_T",
            "com.tencent.tinker.loader.hotplug.ActivityStubs$SIStub_03",
            "com.tencent.tinker.loader.hotplug.ActivityStubs$SIStub_04",
            "com.tencent.tinker.loader.hotplug.ActivityStubs$SIStub_05",
            "com.tencent.tinker.loader.hotplug.ActivityStubs$SIStub_06",
            "com.tencent.tinker.loader.hotplug.ActivityStubs$SIStub_07",
            "com.tencent.tinker.loader.hotplug.ActivityStubs$SIStub_08",
            "com.tencent.tinker.loader.hotplug.ActivityStubs$SIStub_09",
            "com.tencent.tinker.loader.hotplug.ActivityStubs$STDStub_00",
            "com.tencent.tinker.loader.hotplug.ActivityStubs$STDStub_00_T",
            "com.tencent.tinker.loader.hotplug.ActivityStubs$STDStub_01",
            "com.tencent.tinker.loader.hotplug.ActivityStubs$STDStub_01_T",
            "com.tencent.tinker.loader.hotplug.ActivityStubs$STDStub_02",
            "com.tencent.tinker.loader.hotplug.ActivityStubs$STDStub_02_T",
            "com.tencent.tinker.loader.hotplug.ActivityStubs$STDStub_03",
            "com.tencent.tinker.loader.hotplug.ActivityStubs$STDStub_04",
            "com.tencent.tinker.loader.hotplug.ActivityStubs$STDStub_05",
            "com.tencent.tinker.loader.hotplug.ActivityStubs$STDStub_06",
            "com.tencent.tinker.loader.hotplug.ActivityStubs$STDStub_07",
            "com.tencent.tinker.loader.hotplug.ActivityStubs$STDStub_08",
            "com.tencent.tinker.loader.hotplug.ActivityStubs$STDStub_09",
            "com.vivo.push.sdk.LinkProxyClientActivity",
            "com.xiaopeng.aliyunmedia.smallvideo.matisse.ui.MatisseActivity",
            "com.xiaopeng.cbus.core.process.remote.RemoteProcessActivity",
            "com.xiaopeng.common.car.accredit.view.CarAccreditDetailActivity",
            "com.xiaopeng.common.car.air.CarAirControlActivity",
            "com.xiaopeng.common.car.ble.blecheck.BleCheckActivity",
            "com.xiaopeng.common.car.blekeycheck.BluetoothCheckActivity",
            "com.xiaopeng.common.car.camera.CarCameraActivity",
            "com.xiaopeng.common.car.camera.enhanced.AutoParkActivity",
            "com.xiaopeng.common.car.camera.enhanced.AutoParkIndexActivity",
            "com.xiaopeng.common.car.camera.enhanced.CarSafetyEducationActivity",
            "com.xiaopeng.common.car.carsetting.CarSettingActivity",
            "com.xiaopeng.common.car.carshow.notcarowner.player.NotOwnerPlayerActivity",
            "com.xiaopeng.common.car.carstatus.view.CarStatusActivity",
            "com.xiaopeng.common.car.digitalkey.manager.CheckKeepLivePermissionsActivity",
            "com.xiaopeng.common.car.digitalkey.manager.DigitalKeyManagerActivity",
            "com.xiaopeng.common.car.digitalkey.manager.DigitalKeySettingActivity",
            "com.xiaopeng.common.car.digitalkey.manager.DigitalKeyTaskActivity",
            "com.xiaopeng.common.car.digitalkey.manager.SdkRedirectedAuthorisationActivity",
            "com.xiaopeng.common.car.digitalkey.manager.keySettingActivity",
            "com.xiaopeng.common.car.digitalkey.sharedetail.ReceivedKeyDetailActivity",
            "com.xiaopeng.common.car.digitalkey.sharedetail.ShareKeyDetailActivity",
            "com.xiaopeng.common.car.findcar.view.FindCarActivity",
            "com.xiaopeng.common.car.light.CarLightActivity",
            "com.xiaopeng.common.car.park.BleParkActivity",
            "com.xiaopeng.common.car.syncmusic.view.SyncMusicActivity",
            "com.xiaopeng.common.car.tempkey.TempKeyActivity",
            "com.xiaopeng.common.car.transfer.WifiTransferActivity",
            "com.xiaopeng.common.pile.view.activity.BlePileActivity",
            "com.xiaopeng.common.pile.view.activity.BleUnlockDialogActivity",
            "com.xiaopeng.mycarinfo.business.chargehome.ChargeHomeActivity",
            "com.xiaopeng.mycarinfo.business.chargemap.presenter.ChargeMapActivity",
            "com.xiaopeng.mycarinfo.business.chargemap.view.ChargeManagerActivity",
            "com.xiaopeng.mycarinfo.business.chargemap.view.ChargingFeeActivity",
            "com.xiaopeng.mycarinfo.business.chargemap.view.ChargingHelpActivity",
            "com.xiaopeng.mycarinfo.business.chargemap.view.ChargingManagerActivity",
            "com.xiaopeng.mycarinfo.business.chargemap.view.ChargingStationDetailActivity",
            "com.xiaopeng.mycarinfo.business.chargeplan.ChargePlanActivity",
            "com.xiaopeng.mycarinfo.business.common.account.AccountCouponsActivity",
            "com.xiaopeng.mycarinfo.business.common.intention.UserIntentionActivity",
            "com.xiaopeng.mycarinfo.business.common.login.LoginActivity",
            "com.xiaopeng.mycarinfo.business.common.login.pwd.LoginByPwdActivity",
            "com.xiaopeng.mycarinfo.business.common.login.sms.LoginBySmsActivity",
            "com.xiaopeng.mycarinfo.business.common.login.sms.LoginVerifyActivity",
            "com.xiaopeng.mycarinfo.business.common.login.thirdaccount.ThirdAccountBindActivity",
            "com.xiaopeng.mycarinfo.business.common.login.thirdaccount.ThirdAccountBindVerifyActivity",
            "com.xiaopeng.mycarinfo.business.common.modifypwd.ModifyPwdActivity",
            "com.xiaopeng.mycarinfo.business.common.modifypwd.verifyaccount.AccountVerifyActivity",
            "com.xiaopeng.mycarinfo.business.common.rebindaccount.ReBindAccountActivity",
            "com.xiaopeng.mycarinfo.business.common.rebindaccount.validateaccount.ValidateAccountActivity",
            "com.xiaopeng.mycarinfo.business.common.shortcut.view.ShortcutActivity",
            "com.xiaopeng.mycarinfo.business.home.HomeActivity",
            "com.xiaopeng.mycarinfo.business.lookcar.full.FullScreenPlayerActivity",
            "com.xiaopeng.mycarinfo.business.lookcar.home.LookCarHomeActivity",
            "com.xiaopeng.mycarinfo.business.lookcar.tiktok.TikTokActivity",
            "com.xiaopeng.mycarinfo.business.lookcar.viewer.PhotoViewerActivity",
            "com.xiaopeng.mycarinfo.business.ngp.VirtualNGPActivity",
            "com.xiaopeng.mycarinfo.business.permission.dateset.RemoteDateSettingActivity",
            "com.xiaopeng.mycarinfo.business.permission.loginlist.CarLoginListActivity",
            "com.xiaopeng.mycarinfo.business.permission.manager.RemotePermissionActivity",
            "com.xiaopeng.mycarinfo.business.prospective.ProspectiveActivity",
            "com.xiaopeng.mycarinfo.business.sentry.SentrySwitchActivity",
            "com.xiaopeng.mycarinfo.business.setting.AccountSettingActivity",
            "com.xiaopeng.mycarinfo.business.setting.DataReportListActivity",
            "com.xiaopeng.mycarinfo.business.setting.DataReportSettingActivity",
            "com.xiaopeng.mycarinfo.business.setting.MsgItemActivity",
            "com.xiaopeng.mycarinfo.business.setting.PushOptActivity",
            "com.xiaopeng.mycarinfo.business.setting.RecommendSettingActivity",
            "com.xiaopeng.mycarinfo.business.setting.SettingActivity",
            "com.xiaopeng.mycarinfo.business.setting.trunkpower.TrunkPowerSettingActivity",
            "com.xiaopeng.mycarinfo.business.tools.ToolsActivity",
            "com.xiaopeng.mycarinfo.business.virtual.VirtualCarActivity",
            "com.xiaopeng.mycarinfo.business.virtual.VirtualCarAirControlActivity",
            "com.xiaopeng.mycarinfo.business.virtual.main.VirtualCarMainActivity",
            "com.xiaopeng.mycarinfo.business.virtual.pages.blepark.VirtualBleParkActivity",
            "com.xiaopeng.mycarinfo.business.virtual.pages.camera.VirtualCarCameraActivity",
            "com.xiaopeng.mycarinfo.business.virtual.pages.findcar.VirtualFindCarActivity",
            "com.xiaopeng.mycarinfo.business.virtual.pages.sentry.VirtualSentrySwitchActivity",
            "com.xiaopeng.mycarinfo.business.virtual.pages.shareadress.VirtualSharingAddressActivity",
            "com.xiaopeng.mycarinfo.business.vpa.VirtualVPAActivity",
            "com.xiaopeng.mycarinfo.common.pay.PaymentActivity",
            "com.xiaopeng.mycarinfo.common.react.ReusableReactActivity",
            "com.xiaopeng.mycarinfo.core.account.carinfo.CarInfoActivity",
            "com.xiaopeng.mycarinfo.core.account.carinfo.adapter.OtaActivity",
            "com.xiaopeng.mycarinfo.core.account.editprofile.AccountEditProfileActivity",
            "com.xiaopeng.mycarinfo.core.account.editprofile.identity.EditIdentityActivity",
            "com.xiaopeng.mycarinfo.core.account.editprofile.interest.EditInterestActivity",
            "com.xiaopeng.mycarinfo.core.account.editprofile.setnickname.SetUserNameActivity",
            "com.xiaopeng.mycarinfo.core.account.editprofile.speciality.EditSpecialityActivity",
            "com.xiaopeng.mycarinfo.core.account.editprofile.trade.EditTradeActivity",
            "com.xiaopeng.mycarinfo.core.ad.AdActivity",
            "com.xiaopeng.mycarinfo.core.codescan.ScanBarCodeActivity",
            "com.xiaopeng.mycarinfo.core.community.CommunityPlayerActivity",
            "com.xiaopeng.mycarinfo.core.contactus.AboutActivity",
            "com.xiaopeng.mycarinfo.core.contactus.MaintainToolsActivity",
            "com.xiaopeng.mycarinfo.core.h5.view.AndroidWebViewActivity",
            "com.xiaopeng.mycarinfo.core.h5.view.MediaPickDelegateActivity",
            "com.xiaopeng.mycarinfo.core.h5.view.WebViewActivity",
            "com.xiaopeng.mycarinfo.core.h5.view.WebViewLocalActivity",
            "com.xiaopeng.mycarinfo.core.h5.view.WebViewMainProcessDelegateActivity",
            "com.xiaopeng.mycarinfo.core.map.view.LocationSelectionActivity",
            "com.xiaopeng.mycarinfo.core.msgcenter.view.AssistantPushActivity",
            "com.xiaopeng.mycarinfo.core.msgcenter.view.activity.MsgCenterActivity",
            "com.xiaopeng.mycarinfo.core.msgcenter.view.activity.MsgDetailListActivity",
            "com.xiaopeng.mycarinfo.core.msgcenter.view.activity.MsgGuardActivity",
            "com.xiaopeng.mycarinfo.core.msgcenter.view.activity.MsgTemplateActivity",
            "com.xiaopeng.mycarinfo.core.open.GateActivity",
            "com.xiaopeng.mycarinfo.core.photo.view.CropImageActivity",
            "com.xiaopeng.mycarinfo.core.photo.view.TakePhotoActivity",
            "com.xiaopeng.mycarinfo.core.rn.ChargeOrdersActivity",
            "com.xiaopeng.mycarinfo.core.rn.InsureOnlineReportActivity",
            "com.xiaopeng.mycarinfo.core.rn.InsureOrderListActivity",
            "com.xiaopeng.mycarinfo.core.rn.OrdersActivity",
            "com.xiaopeng.mycarinfo.core.rn.WalletActivity",
            "com.xiaopeng.mycarinfo.core.rn.community.BbsCarevalActivity",
            "com.xiaopeng.mycarinfo.core.rn.community.BbsReading",
            "com.xiaopeng.mycarinfo.core.rn.community.BbsSafeDrivingActivity",
            "com.xiaopeng.mycarinfo.core.rn.community.BbsSpecialActivity",
            "com.xiaopeng.mycarinfo.core.rn.community.CommunityActivity",
            "com.xiaopeng.mycarinfo.core.rn.community.CommunityArticleActivity",
            "com.xiaopeng.mycarinfo.core.rn.community.CommunityCreateThreadActivity",
            "com.xiaopeng.mycarinfo.core.rn.community.CommunityPreviewActivity",
            "com.xiaopeng.mycarinfo.core.rn.community.CommunityThreadActivity",
            "com.xiaopeng.mycarinfo.core.rn.community.CommunityTopicActivity",
            "com.xiaopeng.mycarinfo.core.rn.community.CommunityUserCenterActivity",
            "com.xiaopeng.mycarinfo.core.rn.community.CommunityWelFareActivity",
            "com.xiaopeng.mycarinfo.core.rn.community.QAActivity",
            "com.xiaopeng.mycarinfo.core.rn.data.DataServiceActivity",
            "com.xiaopeng.mycarinfo.core.rn.mall.MallOrderActivity",
            "com.xiaopeng.mycarinfo.core.rn.support.CustomServiceActivity",
            "com.xiaopeng.mycarinfo.core.rn.support.FillPlateActivity",
            "com.xiaopeng.mycarinfo.core.rn.support.InsureReportActivity",
            "com.xiaopeng.mycarinfo.core.rn.support.MaintenanceSupportActivity",
            "com.xiaopeng.mycarinfo.core.rn.support.MaintenanceSupportDetailActivity",
            "com.xiaopeng.mycarinfo.core.rn.support.PunishmentDetailActivity",
            "com.xiaopeng.mycarinfo.core.rn.support.PunishmentListActivity",
            "com.xiaopeng.mycarinfo.core.rn.support.RescueSupportActivity",
            "com.xiaopeng.mycarinfo.core.rn.support.UserRightsActivity",
            "com.xiaopeng.mycarinfo.core.selectmedia.SelectMediaActivity",
            "com.xiaopeng.mycarinfo.core.sharing.view.SharingAddressActivity",
            "com.xiaopeng.mycarinfo.core.smallvideo.view.SmallVideoActivity",
            "com.xiaopeng.mycarinfo.core.splashscreen.SplashEmptyActivity",
            "com.xiaopeng.mycarinfo.core.splashscreen.SplashLoginActivity",
            "com.xiaopeng.mycarinfo.route.RouterInvalidActivity",
            "com.xiaopeng.mycarinfo.wxapi.WXEntryActivity",
            "com.xiaopeng.mycarinfo.wxapi.WXPayEntryActivity",
            "com.xiaopeng.nim.location.NavigationAmapActivity",
            "com.yalantis.ucrop.UCropActivity"
        ],
        "services": [
            "androidx.room.MultiInstanceInvalidationService",
            "com.alibaba.sdk.android.push.channel.KeepChannelService",
            "com.alibaba.sdk.android.push.huawei.HuaweiPushMessageService",
            "com.aliyun.ams.emas.push.AgooInnerService",
            "com.aliyun.ams.emas.push.MsgService",
            "com.amap.api.location.APSService",
            "com.baidu.location.f",
            "com.heytap.msp.push.service.CompatibleDataMessageCallbackService",
            "com.heytap.msp.push.service.DataMessageCallbackService",
            "com.huawei.agconnect.core.ServiceDiscovery",
            "com.huawei.hms.support.api.push.service.HmsMsgService",
            "com.meizu.cloud.pushsdk.NotificationService",
            "com.meizu.mznfcpay.service.CardKeyService",
            "com.netease.nimlib.job.NIMJobService",
            "com.netease.nimlib.mixpush.hw.HWPushService",
            "com.netease.nimlib.mixpush.oppo.OppoAppPushService",
            "com.netease.nimlib.mixpush.oppo.OppoPushService",
            "com.netease.nimlib.service.NimService",
            "com.netease.nimlib.service.NimService$Aux",
            "com.netease.nimlib.service.ResponseService",
            "com.taobao.accs.ChannelService",
            "com.taobao.accs.ChannelService$KernelService",
            "com.taobao.accs.data.MsgDistributeService",
            "com.taobao.accs.internal.AccsJobService",
            "com.tencent.tinker.lib.service.DefaultTinkerResultService",
            "com.tencent.tinker.lib.service.TinkerPatchForeService",
            "com.tencent.tinker.lib.service.TinkerPatchService",
            "com.tencent.tinker.lib.service.TinkerPatchService$InnerService",
            "com.vivo.car.networking.sdk.nearby.NearbyService",
            "com.vivo.push.sdk.service.CommandClientService",
            "com.xiaomi.mipush.sdk.MessageHandleService",
            "com.xiaomi.mipush.sdk.PushMessageHandler",
            "com.xiaomi.push.service.XMJobService",
            "com.xiaomi.push.service.XMPushService",
            "com.xiaopeng.common.car.ble.ipc.BleService",
            "com.xiaopeng.common.system.services.ProcessForegroundMonitor",
            "com.xiaopeng.common.system.services.UpdateService",
            "com.xiaopeng.common.thirdpush.XPHuaweiPushMessageService",
            "com.xiaopeng.ipc.IPCService",
            "com.xiaopeng.lib.framework.ipcmodule.AgentService",
            "com.xiaopeng.mycarinfo.application.tinker.PatchResultService",
            "com.xiaopeng.mycarinfo.common.ota.OTAService",
            "com.xiaopeng.mycarinfo.core.h5.service.RemoteNativeApiService",
            "com.xiaopeng.mycarinfo.xmsdk.service.XmPullLiveService",
            "org.android.agoo.accs.AgooService",
            "org.eclipse.paho.android.service.MqttService"
        ],
        "receivers": [
            "com.alibaba.sdk.android.push.MeizuPushReceiver",
            "com.alibaba.sdk.android.push.MiPushBroadcastReceiver",
            "com.alibaba.sdk.android.push.impl.PushMessageReceiverImpl",
            "com.coloros.ocs.carlink.inner.OplusCarReceiver",
            "com.huawei.hms.support.api.push.PushMsgReceiver",
            "com.huawei.hms.support.api.push.PushReceiver",
            "com.netease.nimlib.mixpush.mi.MiPushReceiver",
            "com.netease.nimlib.mixpush.mz.MZPushReceiver",
            "com.netease.nimlib.mixpush.vivo.VivoPushReceiver",
            "com.netease.nimlib.service.NimReceiver",
            "com.netease.nimlib.service.ResponseReceiver",
            "com.taobao.accs.EventReceiver",
            "com.taobao.accs.ServiceReceiver",
            "com.xiaomi.push.service.receivers.NetworkStatusReceiver",
            "com.xiaomi.push.service.receivers.PingReceiver",
            "com.xiaopeng.appresourceprovider.component.BroadcastReceiver",
            "com.xiaopeng.common.push.MsgCenterReceiver",
            "com.xiaopeng.common.system.receiver.FastTaskReceiver",
            "com.xiaopeng.common.thirdpush.XPMeizuPushReceiver",
            "com.xiaopeng.common.thirdpush.XPMiPushBroadcastReceiver",
            "com.xiaopeng.common.thirdpush.XPPushMessageReceiverImpl",
            "com.xiaopeng.ipc.AppBroadcastReceiver"
        ]
    }
}