{
    "apk_name": "76FC05D287F455ADF48085F935F963F775522B99578BDF82E3F7FEB5F4A1976D",
    "sha256": "76fc05d287f455adf48085f935f963f775522b99578bdf82e3f7feb5f4a1976d",
    "metadata": {
        "package_name": "com.xiaopeng.mycarinfo",
        "version_code": "8869",
        "version_name": "4.1.1",
        "min_sdk": "21",
        "target_sdk": "28",
        "permissions": [
            "android.permission.ACCESS_COARSE_LOCATION",
            "android.permission.ACCESS_FINE_LOCATION",
            "android.permission.ACCESS_LOCATION",
            "android.permission.ACCESS_NETWORK_STATE",
            "android.permission.ACCESS_WIFI_STATE",
            "android.permission.BLUETOOTH",
            "android.permission.BLUETOOTH_ADMIN",
            "android.permission.CAMERA",
            "android.permission.CHANGE_NETWORK_STATE",
            "android.permission.CHANGE_WIFI_STATE",
            "android.permission.FLASHLIGHT",
            "android.permission.FOREGROUND_SERVICE",
            "android.permission.GET_TASKS",
            "android.permission.INTERACT_ACROSS_USERS",
            "android.permission.INTERNET",
            "android.permission.MANAGE_FINGERPRINT",
            "android.permission.MODIFY_AUDIO_SETTINGS",
            "android.permission.MOUNT_UNMOUNT_FILESYSTEMS",
            "android.permission.NFC",
            "android.permission.QUERY_ALL_PACKAGES",
            "android.permission.READ_APP_BADGE",
            "android.permission.READ_CONTACTS",
            "android.permission.READ_EXTERNAL_STORAGE",
            "android.permission.READ_INTERNAL_STORAGE",
            "android.permission.READ_PHONE_STATE",
            "android.permission.RECEIVE_BOOT_COMPLETED",
            "android.permission.RECEIVE_USER_PRESENT",
            "android.permission.RECORD_AUDIO",
            "android.permission.RECORD_VIDEO",
            "android.permission.REORDER_TASKS",
            "android.permission.REQUEST_IGNORE_BATTERY_OPTIMIZATIONS",
            "android.permission.REQUEST_INSTALL_PACKAGES",
            "android.permission.SYSTEM_ALERT_WINDOW",
            "android.permission.USE_FACERECOGNITION",
            "android.permission.USE_FINGERPRINT",
            "android.permission.VIBRATE",
            "android.permission.WAKE_LOCK",
            "android.permission.WRITE_EXTERNAL_STORAGE",
            "android.permission.WRITE_INTERNAL_STORAGE",
            "android.permission.WRITE_SETTINGS",
            "cn.org.ifaa.permission.USE_IFAA_MANAGER",
            "com.anddoes.launcher.permission.UPDATE_COUNT",
            "com.asus.msa.SupplementaryDID.ACCESS",
            "com.coloros.mcs.permission.RECIEVE_MCS_MESSAGE",
            "com.google.android.c2dm.permission.RECEIVE",
            "com.heytap.mcs.permission.RECIEVE_MCS_MESSAGE",
            "com.htc.launcher.permission.READ_SETTINGS",
            "com.htc.launcher.permission.UPDATE_SHORTCUT",
            "com.huawei.android.launcher.permission.CHANGE_BADGE",
            "com.huawei.android.launcher.permission.READ_SETTINGS",
            "com.huawei.android.launcher.permission.WRITE_SETTINGS",
            "com.huawei.appmarket.service.commondata.permission.GET_COMMON_DATA",
            "com.majeur.launcher.permission.UPDATE_BADGE",
            "com.meizu.c2dm.permission.RECEIVE",
            "com.meizu.flyme.push.permission.RECEIVE",
            "com.oppo.launcher.permission.READ_SETTINGS",
            "com.oppo.launcher.permission.WRITE_SETTINGS",
            "com.sec.android.provider.badge.permission.READ",
            "com.sec.android.provider.badge.permission.WRITE",
            "com.sonyericsson.home.permission.BROADCAST_BADGE",
            "com.sonymobile.home.permission.PROVIDER_INSERT_BADGE",
            "com.vivo.car.networking.CP_PERMISSION",
            "com.xiaopeng.mycarinfo.permission.C2D_MESSAGE",
            "com.xiaopeng.mycarinfo.permission.MIPUSH_RECEIVE",
            "com.xiaopeng.mycarinfo.permission.PROCESS_PUSH_MSG",
            "com.xiaopeng.mycarinfo.permission.PUSH_PROVIDER",
            "com.xiaopeng.mycarinfo.permission.RECEIVE_MSG",
            "com.xiaopeng.mycarinfo.push.permission.MESSAGE",
            "com.xiaopeng.permission.ACCESS_EXTERNAL_APP_RESOURCE",
            "com.xiaopeng.permission.BROADCAST",
            "com.xiaopeng.permission.IPC",
            "com.xiaopeng.permission.SERVICE",
            "com.xiaopeng.permission.SYSTEM_DELEGATE",
            "freemme.permission.msa",
            "me.everything.badger.permission.BADGE_COUNT_READ",
            "me.everything.badger.permission.BADGE_COUNT_WRITE",
            "oppo.permission.USE_FACE",
            "org.simalliance.openmobileapi.SMARTCARD"
        ],
        "activities": [
            "com.detect.ui.AliveActivity",
            "com.esandinfo.etas.activity.FaceAuthActivity",
            "com.esandinfo.etas.activity.FingerPrintAuthActivity",
            "com.facebook.react.devsupport.DevSettingsActivity",
            "com.hrfax.opencvface.opencv.HrfaxFdActivity",
            "com.hrfax.remotesign.SplashActivity",
            "com.hrfax.remotesign.account.AccountInfoActivity",
            "com.hrfax.remotesign.account.customer.MyCustomerActivity",
            "com.hrfax.remotesign.account.customer.ReportDetailActivity",
            "com.hrfax.remotesign.account.member.EditMemberActivity",
            "com.hrfax.remotesign.account.member.MemberManageActivity",
            "com.hrfax.remotesign.account.password.ChangePasswordActivity",
            "com.hrfax.remotesign.login.password.ForgetPasswordActivity",
            "com.hrfax.remotesign.login.view.LoginActivity",
            "com.hrfax.remotesign.sign.SignSuccessActivity",
            "com.hrfax.remotesign.sign.autosign.AutoSignActivity",
            "com.hrfax.remotesign.sign.autosign.screenshot.ScreenShotActivity",
            "com.hrfax.remotesign.sign.bank.SearchBankActivity",
            "com.hrfax.remotesign.sign.cars.SelectCarActivity",
            "com.hrfax.remotesign.sign.launch.multiple.ICBC.ICBCCheckPicActivity",
            "com.hrfax.remotesign.sign.launch.multiple.ICBC.ICBCPreviewPicActivity",
            "com.hrfax.remotesign.sign.launch.multiple.ICBC.ICBCTakePicAvtivity",
            "com.hrfax.remotesign.sign.launch.view.LaunchSignActivity",
            "com.hrfax.remotesign.sign.photo.BigPhotoActivity",
            "com.hrfax.remotesign.sign.photo.PreviewPicActivity",
            "com.hrfax.remotesign.sign.photo.TakePhotoAvtivity",
            "com.hrfax.remotesign.sign.videosign.VideoSignActivity",
            "com.hrfax.signvisa.activity.AuthenticationSignActivity",
            "com.hrfax.signvisa.activity.BankPDFActivity",
            "com.hrfax.signvisa.activity.BodyActivity",
            "com.hrfax.signvisa.activity.DispatchActivity",
            "com.hrfax.signvisa.activity.EnterActivity",
            "com.hrfax.signvisa.activity.LargerImageActivity",
            "com.hrfax.signvisa.activity.LookPdfActivity",
            "com.hrfax.signvisa.activity.MakeSignActivity",
            "com.hrfax.signvisa.activity.SignRecordActivity",
            "com.huawei.hms.activity.BridgeActivity",
            "com.huawei.hms.activity.EnableServiceActivity",
            "com.huawei.updatesdk.service.otaupdate.AppUpdateActivity",
            "com.huawei.updatesdk.support.pm.PackageInstallerActivity",
            "com.megvii.meglive_sdk.detect.action.ActionLivenessActivity",
            "com.megvii.meglive_sdk.detect.agreement.UserAgreementActivity",
            "com.megvii.meglive_sdk.detect.color.FmpColorfulActivity",
            "com.megvii.meglive_sdk.detect.fmp.FmpLivenessActivity",
            "com.megvii.meglive_sdk.detect.guide.GrantActivity",
            "com.netease.nim.uikit.business.ait.selector.AitContactSelectorActivity",
            "com.netease.nim.uikit.business.session.activity.MsgSelectActivity",
            "com.netease.nim.uikit.business.session.activity.P2PMessageActivity",
            "com.netease.nim.uikit.business.session.activity.TeamMessageActivity",
            "com.netease.nim.uikit.business.session.activity.WatchMessagePictureActivity",
            "com.netease.nim.uikit.business.session.activity.WatchMultiRetweetPictureActivity",
            "com.netease.nim.uikit.business.session.activity.WatchPicAndVideoMenuActivity",
            "com.netease.nim.uikit.business.session.activity.WatchVideoActivity",
            "com.netease.nim.uikit.business.team.activity.AdvancedTeamAnnounceActivity",
            "com.netease.nim.uikit.business.team.activity.AdvancedTeamCreateAnnounceActivity",
            "com.netease.nim.uikit.business.team.activity.AdvancedTeamNicknameActivity",
            "com.netease.nim.uikit.business.team.activity.TeamPropertySettingActivity",
            "com.netease.nim.uikit.business.team.activity.XPNormalTeamInfoActivity",
            "com.netease.nis.quicklogin.ui.CmccLoginActivity",
            "com.netease.nis.quicklogin.ui.ProtocolDetailActivity",
            "com.netease.nis.quicklogin.ui.YDQuickLoginActivity",
            "com.sina.weibo.sdk.share.ShareChatActivity",
            "com.sina.weibo.sdk.share.ShareResultActivity",
            "com.sina.weibo.sdk.share.ShareStoryActivity",
            "com.sina.weibo.sdk.share.ShareTransActivity",
            "com.sina.weibo.sdk.web.WebActivity",
            "com.tencent.smtt.sdk.VideoActivity",
            "com.tencent.tinker.loader.hotplug.ActivityStubs$SGTKStub_00",
            "com.tencent.tinker.loader.hotplug.ActivityStubs$SGTKStub_00_T",
            "com.tencent.tinker.loader.hotplug.ActivityStubs$SGTKStub_01",
            "com.tencent.tinker.loader.hotplug.ActivityStubs$SGTKStub_01_T",
            "com.tencent.tinker.loader.hotplug.ActivityStubs$SGTKStub_02",
            "com.tencent.tinker.loader.hotplug.ActivityStubs$SGTKStub_02_T",
            "com.tencent.tinker.loader.hotplug.ActivityStubs$SGTKStub_03",
            "com.tencent.tinker.loader.hotplug.ActivityStubs$SGTKStub_04",
            "com.tencent.tinker.loader.hotplug.ActivityStubs$SGTKStub_05",
            "com.tencent.tinker.loader.hotplug.ActivityStubs$SGTKStub_06",
            "com.tencent.tinker.loader.hotplug.ActivityStubs$SGTKStub_07",
            "com.tencent.tinker.loader.hotplug.ActivityStubs$SGTKStub_08",
            "com.tencent.tinker.loader.hotplug.ActivityStubs$SGTKStub_09",
            "com.tencent.tinker.loader.hotplug.ActivityStubs$SGTStub_00",
            "com.tencent.tinker.loader.hotplug.ActivityStubs$SGTStub_00_T",
            "com.tencent.tinker.loader.hotplug.ActivityStubs$SGTStub_01",
            "com.tencent.tinker.loader.hotplug.ActivityStubs$SGTStub_01_T",
            "com.tencent.tinker.loader.hotplug.ActivityStubs$SGTStub_02",
            "com.tencent.tinker.loader.hotplug.ActivityStubs$SGTStub_02_T",
            "com.tencent.tinker.loader.hotplug.ActivityStubs$SGTStub_03",
            "com.tencent.tinker.loader.hotplug.ActivityStubs$SGTStub_04",
            "com.tencent.tinker.loader.hotplug.ActivityStubs$SGTStub_05",
            "com.tencent.tinker.loader.hotplug.ActivityStubs$SGTStub_06",
            "com.tencent.tinker.loader.hotplug.ActivityStubs$SGTStub_07",
            "com.tencent.tinker.loader.hotplug.ActivityStubs$SGTStub_08",
            "com.tencent.tinker.loader.hotplug.ActivityStubs$SGTStub_09",
            "com.tencent.tinker.loader.hotplug.ActivityStubs$SIStub_00",
            "com.tencent.tinker.loader.hotplug.ActivityStubs$SIStub_00_T",
            "com.tencent.tinker.loader.hotplug.ActivityStubs$SIStub_01",
            "com.tencent.tinker.loader.hotplug.ActivityStubs$SIStub_01_T",
            "com.tencent.tinker.loader.hotplug.ActivityStubs$SIStub_02",
            "com.tencent.tinker.loader.hotplug.ActivityStubs$SIStub_02_T",
            "com.tencent.tinker.loader.hotplug.ActivityStubs$SIStub_03",
            "com.tencent.tinker.loader.hotplug.ActivityStubs$SIStub_04",
            "com.tencent.tinker.loader.hotplug.ActivityStubs$SIStub_05",
            "com.tencent.tinker.loader.hotplug.ActivityStubs$SIStub_06",
            "com.tencent.tinker.loader.hotplug.ActivityStubs$SIStub_07",
            "com.tencent.tinker.loader.hotplug.ActivityStubs$SIStub_08",
            "com.tencent.tinker.loader.hotplug.ActivityStubs$SIStub_09",
            "com.tencent.tinker.loader.hotplug.ActivityStubs$STDStub_00",
            "com.tencent.tinker.loader.hotplug.ActivityStubs$STDStub_00_T",
            "com.tencent.tinker.loader.hotplug.ActivityStubs$STDStub_01",
            "com.tencent.tinker.loader.hotplug.ActivityStubs$STDStub_01_T",
            "com.tencent.tinker.loader.hotplug.ActivityStubs$STDStub_02",
            "com.tencent.tinker.loader.hotplug.ActivityStubs$STDStub_02_T",
            "com.tencent.tinker.loader.hotplug.ActivityStubs$STDStub_03",
            "com.tencent.tinker.loader.hotplug.ActivityStubs$STDStub_04",
            "com.tencent.tinker.loader.hotplug.ActivityStubs$STDStub_05",
            "com.tencent.tinker.loader.hotplug.ActivityStubs$STDStub_06",
            "com.tencent.tinker.loader.hotplug.ActivityStubs$STDStub_07",
            "com.tencent.tinker.loader.hotplug.ActivityStubs$STDStub_08",
            "com.tencent.tinker.loader.hotplug.ActivityStubs$STDStub_09",
            "com.vivo.push.sdk.LinkProxyClientActivity",
            "com.xiaopeng.aliyunmedia.smallvideo.matisse.ui.MatisseActivity",
            "com.xiaopeng.cbus.core.process.remote.RemoteProcessActivity",
            "com.xiaopeng.common.car.accredit.view.CarAccreditDetailActivity",
            "com.xiaopeng.common.car.air.CarAirControlActivity",
            "com.xiaopeng.common.car.ble.blecheck.BleCheckActivity",
            "com.xiaopeng.common.car.blekeycheck.BluetoothCheckActivity",
            "com.xiaopeng.common.car.camera.CarCameraActivity",
            "com.xiaopeng.common.car.camera.enhanced.AutoParkActivity",
            "com.xiaopeng.common.car.camera.enhanced.AutoParkIndexActivity",
            "com.xiaopeng.common.car.camera.enhanced.CarSafetyEducationActivity",
            "com.xiaopeng.common.car.carsetting.CarSettingActivity",
            "com.xiaopeng.common.car.carshow.notcarowner.player.NotOwnerPlayerActivity",
            "com.xiaopeng.common.car.carstatus.view.CarStatusActivity",
            "com.xiaopeng.common.car.digitalkey.manager.CheckKeepLivePermissionsActivity",
            "com.xiaopeng.common.car.digitalkey.manager.DigitalKeyManagerActivity",
            "com.xiaopeng.common.car.digitalkey.manager.DigitalKeySettingActivity",
            "com.xiaopeng.common.car.digitalkey.manager.DigitalKeyTaskActivity",
            "com.xiaopeng.common.car.digitalkey.manager.SdkRedirectedAuthorisationActivity",
            "com.xiaopeng.common.car.digitalkey.manager.keySettingActivity",
            "com.xiaopeng.common.car.digitalkey.sharedetail.ReceivedKeyDetailActivity",
            "com.xiaopeng.common.car.digitalkey.sharedetail.ShareKeyDetailActivity",
            "com.xiaopeng.common.car.findcar.view.FindCarActivity",
            "com.xiaopeng.common.car.light.CarLightActivity",
            "com.xiaopeng.common.car.park.BleParkActivity",
            "com.xiaopeng.common.car.syncmusic.view.SyncMusicActivity",
            "com.xiaopeng.common.car.tempkey.TempKeyActivity",
            "com.xiaopeng.common.car.transfer.WifiTransferActivity",
            "com.xiaopeng.common.pile.view.activity.BlePileActivity",
            "com.xiaopeng.common.pile.view.activity.BleUnlockDialogActivity",
            "com.xiaopeng.mycarinfo.business.chargehome.ChargeHomeActivity",
            "com.xiaopeng.mycarinfo.business.chargemap.presenter.ChargeMapActivity",
            "com.xiaopeng.mycarinfo.business.chargemap.view.ChargeManagerActivity",
            "com.xiaopeng.mycarinfo.business.chargemap.view.ChargingFeeActivity",
            "com.xiaopeng.mycarinfo.business.chargemap.view.ChargingHelpActivity",
            "com.xiaopeng.mycarinfo.business.chargemap.view.ChargingManagerActivity",
            "com.xiaopeng.mycarinfo.business.chargemap.view.ChargingStationDetailActivity",
            "com.xiaopeng.mycarinfo.business.chargeplan.ChargePlanActivity",
            "com.xiaopeng.mycarinfo.business.common.account.AccountCouponsActivity",
            "com.xiaopeng.mycarinfo.business.common.intention.UserIntentionActivity",
            "com.xiaopeng.mycarinfo.business.common.login.LoginActivity",
            "com.xiaopeng.mycarinfo.business.common.login.pwd.LoginByPwdActivity",
            "com.xiaopeng.mycarinfo.business.common.login.sms.LoginBySmsActivity",
            "com.xiaopeng.mycarinfo.business.common.login.sms.LoginVerifyActivity",
            "com.xiaopeng.mycarinfo.business.common.login.thirdaccount.ThirdAccountBindActivity",
            "com.xiaopeng.mycarinfo.business.common.login.thirdaccount.ThirdAccountBindVerifyActivity",
            "com.xiaopeng.mycarinfo.business.common.modifypwd.ModifyPwdActivity",
            "com.xiaopeng.mycarinfo.business.common.modifypwd.verifyaccount.AccountVerifyActivity",
            "com.xiaopeng.mycarinfo.business.common.rebindaccount.ReBindAccountActivity",
            "com.xiaopeng.mycarinfo.business.common.rebindaccount.validateaccount.ValidateAccountActivity",
            "com.xiaopeng.mycarinfo.business.common.shortcut.view.ShortcutActivity",
            "com.xiaopeng.mycarinfo.business.home.HomeActivity",
            "com.xiaopeng.mycarinfo.business.lookcar.full.FullScreenPlayerActivity",
            "com.xiaopeng.mycarinfo.business.lookcar.home.LookCarHomeActivity",
            "com.xiaopeng.mycarinfo.business.lookcar.tiktok.TikTokActivity",
            "com.xiaopeng.mycarinfo.business.lookcar.viewer.PhotoViewerActivity",
            "com.xiaopeng.mycarinfo.business.ngp.VirtualNGPActivity",
            "com.xiaopeng.mycarinfo.business.permission.dateset.RemoteDateSettingActivity",
            "com.xiaopeng.mycarinfo.business.permission.loginlist.CarLoginListActivity",
            "com.xiaopeng.mycarinfo.business.permission.manager.RemotePermissionActivity",
            "com.xiaopeng.mycarinfo.business.prospective.ProspectiveActivity",
            "com.xiaopeng.mycarinfo.business.sentry.SentrySwitchActivity",
            "com.xiaopeng.mycarinfo.business.setting.AccountSettingActivity",
            "com.xiaopeng.mycarinfo.business.setting.DataReportListActivity",
            "com.xiaopeng.mycarinfo.business.setting.DataReportSettingActivity",
            "com.xiaopeng.mycarinfo.business.setting.MsgItemActivity",
            "com.xiaopeng.mycarinfo.business.setting.PushOptActivity",
            "com.xiaopeng.mycarinfo.business.setting.RecommendSettingActivity",
            "com.xiaopeng.mycarinfo.business.setting.SettingActivity",
            "com.xiaopeng.mycarinfo.business.setting.trunkpower.TrunkPowerSettingActivity",
            "com.xiaopeng.mycarinfo.business.tools.ToolsActivity",
            "com.xiaopeng.mycarinfo.business.virtual.VirtualCarActivity",
            "com.xiaopeng.mycarinfo.business.virtual.VirtualCarAirControlActivity",
            "com.xiaopeng.mycarinfo.business.virtual.main.VirtualCarMainActivity",
            "com.xiaopeng.mycarinfo.business.virtual.pages.blepark.VirtualBleParkActivity",
            "com.xiaopeng.mycarinfo.business.virtual.pages.camera.VirtualCarCameraActivity",
            "com.xiaopeng.mycarinfo.business.virtual.pages.findcar.VirtualFindCarActivity",
            "com.xiaopeng.mycarinfo.business.virtual.pages.sentry.VirtualSentrySwitchActivity",
            "com.xiaopeng.mycarinfo.business.virtual.pages.shareadress.VirtualSharingAddressActivity",
            "com.xiaopeng.mycarinfo.business.vpa.VirtualVPAActivity",
            "com.xiaopeng.mycarinfo.common.pay.PaymentActivity",
            "com.xiaopeng.mycarinfo.common.react.ReusableReactActivity",
            "com.xiaopeng.mycarinfo.core.account.carinfo.CarInfoActivity",
            "com.xiaopeng.mycarinfo.core.account.carinfo.adapter.OtaActivity",
            "com.xiaopeng.mycarinfo.core.account.editprofile.AccountEditProfileActivity",
            "com.xiaopeng.mycarinfo.core.account.editprofile.identity.EditIdentityActivity",
            "com.xiaopeng.mycarinfo.core.account.editprofile.interest.EditInterestActivity",
            "com.xiaopeng.mycarinfo.core.account.editprofile.setnickname.SetUserNameActivity",
            "com.xiaopeng.mycarinfo.core.account.editprofile.speciality.EditSpecialityActivity",
            "com.xiaopeng.mycarinfo.core.account.editprofile.trade.EditTradeActivity",
            "com.xiaopeng.mycarinfo.core.ad.AdActivity",
            "com.xiaopeng.mycarinfo.core.codescan.ScanBarCodeActivity",
            "com.xiaopeng.mycarinfo.core.community.CommunityPlayerActivity",
            "com.xiaopeng.mycarinfo.core.contactus.AboutActivity",
            "com.xiaopeng.mycarinfo.core.contactus.MaintainToolsActivity",
            "com.xiaopeng.mycarinfo.core.h5.view.AndroidWebViewActivity",
            "com.xiaopeng.mycarinfo.core.h5.view.MediaPickDelegateActivity",
            "com.xiaopeng.mycarinfo.core.h5.view.WebViewActivity",
            "com.xiaopeng.mycarinfo.core.h5.view.WebViewLocalActivity",
            "com.xiaopeng.mycarinfo.core.h5.view.WebViewMainProcessDelegateActivity",
            "com.xiaopeng.mycarinfo.core.map.view.LocationSelectionActivity",
            "com.xiaopeng.mycarinfo.core.msgcenter.view.AssistantPushActivity",
            "com.xiaopeng.mycarinfo.core.msgcenter.view.activity.MsgCenterActivity",
            "com.xiaopeng.mycarinfo.core.msgcenter.view.activity.MsgDetailListActivity",
            "com.xiaopeng.mycarinfo.core.msgcenter.view.activity.MsgGuardActivity",
            "com.xiaopeng.mycarinfo.core.msgcenter.view.activity.MsgTemplateActivity",
            "com.xiaopeng.mycarinfo.core.open.GateActivity",
            "com.xiaopeng.mycarinfo.core.photo.view.CropImageActivity",
            "com.xiaopeng.mycarinfo.core.photo.view.TakePhotoActivity",
            "com.xiaopeng.mycarinfo.core.rn.ChargeOrdersActivity",
            "com.xiaopeng.mycarinfo.core.rn.InsureOnlineReportActivity",
            "com.xiaopeng.mycarinfo.core.rn.InsureOrderListActivity",
            "com.xiaopeng.mycarinfo.core.rn.OrdersActivity",
            "com.xiaopeng.mycarinfo.core.rn.WalletActivity",
            "com.xiaopeng.mycarinfo.core.rn.community.BbsCarevalActivity",
            "com.xiaopeng.mycarinfo.core.rn.community.BbsReading",
            "com.xiaopeng.mycarinfo.core.rn.community.BbsSafeDrivingActivity",
            "com.xiaopeng.mycarinfo.core.rn.community.BbsSpecialActivity",
            "com.xiaopeng.mycarinfo.core.rn.community.CommunityActivity",
            "com.xiaopeng.mycarinfo.core.rn.community.CommunityArticleActivity",
            "com.xiaopeng.mycarinfo.core.rn.community.CommunityCreateThreadActivity",
            "com.xiaopeng.mycarinfo.core.rn.community.CommunityPreviewActivity",
            "com.xiaopeng.mycarinfo.core.rn.community.CommunityThreadActivity",
            "com.xiaopeng.mycarinfo.core.rn.community.CommunityTopicActivity",
            "com.xiaopeng.mycarinfo.core.rn.community.CommunityUserCenterActivity",
            "com.xiaopeng.mycarinfo.core.rn.community.CommunityWelFareActivity",
            "com.xiaopeng.mycarinfo.core.rn.community.QAActivity",
            "com.xiaopeng.mycarinfo.core.rn.data.DataServiceActivity",
            "com.xiaopeng.mycarinfo.core.rn.mall.MallOrderActivity",
            "com.xiaopeng.mycarinfo.core.rn.support.CustomServiceActivity",
            "com.xiaopeng.mycarinfo.core.rn.support.FillPlateActivity",
            "com.xiaopeng.mycarinfo.core.rn.support.InsureReportActivity",
            "com.xiaopeng.mycarinfo.core.rn.support.MaintenanceSupportActivity",
            "com.xiaopeng.mycarinfo.core.rn.support.MaintenanceSupportDetailActivity",
            "com.xiaopeng.mycarinfo.core.rn.support.PunishmentDetailActivity",
            "com.xiaopeng.mycarinfo.core.rn.support.PunishmentListActivity",
            "com.xiaopeng.mycarinfo.core.rn.support.RescueSupportActivity",
            "com.xiaopeng.mycarinfo.core.rn.support.UserRightsActivity",
            "com.xiaopeng.mycarinfo.core.selectmedia.SelectMediaActivity",
            "com.xiaopeng.mycarinfo.core.sharing.view.SharingAddressActivity",
            "com.xiaopeng.mycarinfo.core.smallvideo.view.SmallVideoActivity",
            "com.xiaopeng.mycarinfo.core.splashscreen.SplashEmptyActivity",
            "com.xiaopeng.mycarinfo.core.splashscreen.SplashLoginActivity",
            "com.xiaopeng.mycarinfo.route.RouterInvalidActivity",
            "com.xiaopeng.mycarinfo.wxapi.WXEntryActivity",
            "com.xiaopeng.mycarinfo.wxapi.WXPayEntryActivity",
            "com.xiaopeng.nim.location.NavigationAmapActivity",
            "com.yalantis.ucrop.UCropActivity"
        ],
        "services": [
            "androidx.room.MultiInstanceInvalidationService",
            "com.alibaba.sdk.android.push.channel.KeepChannelService",
            "com.alibaba.sdk.android.push.huawei.HuaweiPushMessageService",
            "com.aliyun.ams.emas.push.AgooInnerService",
            "com.aliyun.ams.emas.push.MsgService",
            "com.amap.api.location.APSService",
            "com.baidu.location.f",
            "com.heytap.msp.push.service.CompatibleDataMessageCallbackService",
            "com.heytap.msp.push.service.DataMessageCallbackService",
            "com.huawei.agconnect.core.ServiceDiscovery",
            "com.huawei.hms.support.api.push.service.HmsMsgService",
            "com.meizu.cloud.pushsdk.NotificationService",
            "com.meizu.mznfcpay.service.CardKeyService",
            "com.netease.nimlib.job.NIMJobService",
            "com.netease.nimlib.mixpush.hw.HWPushService",
            "com.netease.nimlib.mixpush.oppo.OppoAppPushService",
            "com.netease.nimlib.mixpush.oppo.OppoPushService",
            "com.netease.nimlib.service.NimService",
            "com.netease.nimlib.service.NimService$Aux",
            "com.netease.nimlib.service.ResponseService",
            "com.taobao.accs.ChannelService",
            "com.taobao.accs.ChannelService$KernelService",
            "com.taobao.accs.data.MsgDistributeService",
            "com.taobao.accs.internal.AccsJobService",
            "com.tencent.tinker.lib.service.DefaultTinkerResultService",
            "com.tencent.tinker.lib.service.TinkerPatchForeService",
            "com.tencent.tinker.lib.service.TinkerPatchService",
            "com.tencent.tinker.lib.service.TinkerPatchService$InnerService",
            "com.vivo.car.networking.sdk.nearby.NearbyService",
            "com.vivo.push.sdk.service.CommandClientService",
            "com.xiaomi.mipush.sdk.MessageHandleService",
            "com.xiaomi.mipush.sdk.PushMessageHandler",
            "com.xiaomi.push.service.XMJobService",
            "com.xiaomi.push.service.XMPushService",
            "com.xiaopeng.common.car.ble.ipc.BleService",
            "com.xiaopeng.common.system.services.ProcessForegroundMonitor",
            "com.xiaopeng.common.system.services.UpdateService",
            "com.xiaopeng.common.thirdpush.XPHuaweiPushMessageService",
            "com.xiaopeng.ipc.IPCService",
            "com.xiaopeng.lib.framework.ipcmodule.AgentService",
            "com.xiaopeng.mycarinfo.application.tinker.PatchResultService",
            "com.xiaopeng.mycarinfo.common.ota.OTAService",
            "com.xiaopeng.mycarinfo.core.h5.service.RemoteNativeApiService",
            "com.xiaopeng.mycarinfo.xmsdk.service.XmPullLiveService",
            "org.android.agoo.accs.AgooService",
            "org.eclipse.paho.android.service.MqttService"
        ],
        "receivers": [
            "com.alibaba.sdk.android.push.MeizuPushReceiver",
            "com.alibaba.sdk.android.push.MiPushBroadcastReceiver",
            "com.alibaba.sdk.android.push.impl.PushMessageReceiverImpl",
            "com.coloros.ocs.carlink.inner.OplusCarReceiver",
            "com.huawei.hms.support.api.push.PushMsgReceiver",
            "com.huawei.hms.support.api.push.PushReceiver",
            "com.netease.nimlib.mixpush.mi.MiPushReceiver",
            "com.netease.nimlib.mixpush.mz.MZPushReceiver",
            "com.netease.nimlib.mixpush.vivo.VivoPushReceiver",
            "com.netease.nimlib.service.NimReceiver",
            "com.netease.nimlib.service.ResponseReceiver",
            "com.taobao.accs.EventReceiver",
            "com.taobao.accs.ServiceReceiver",
            "com.xiaomi.push.service.receivers.NetworkStatusReceiver",
            "com.xiaomi.push.service.receivers.PingReceiver",
            "com.xiaopeng.appresourceprovider.component.BroadcastReceiver",
            "com.xiaopeng.common.push.MsgCenterReceiver",
            "com.xiaopeng.common.system.receiver.FastTaskReceiver",
            "com.xiaopeng.common.thirdpush.XPMeizuPushReceiver",
            "com.xiaopeng.common.thirdpush.XPMiPushBroadcastReceiver",
            "com.xiaopeng.common.thirdpush.XPPushMessageReceiverImpl",
            "com.xiaopeng.ipc.AppBroadcastReceiver"
        ]
    },
    "stats": {
        "dex_count": 1,
        "native_lib_count": 73
    },
    "jadx": {
        "status": "ok",
        "duration_sec": 3.99,
        "sources_present": true,
        "java_file_count": 31
    },
    "ast_analysis": {
        "location": 0,
        "microphone": 0,
        "camera": 3,
        "media_projection": 0,
        "dynamic_load": 0,
        "jni": 3
    },
    "analysis_state": "complete"
}