{
    "apk_name": "A275FE2FA50B2982DD83BDA82CA30764289C04393712C2B724A684B526C0DD2D",
    "sha256": "a275fe2fa50b2982dd83bda82ca30764289c04393712c2b724a684b526c0dd2d",
    "metadata": {
        "package_name": "com.ubercab",
        "version_code": "39650",
        "version_name": "4.265.10005",
        "min_sdk": "19",
        "target_sdk": "28",
        "permissions": [
            "android.permission.ACCESS_COARSE_LOCATION",
            "android.permission.ACCESS_FINE_LOCATION",
            "android.permission.ACCESS_NETWORK_STATE",
            "android.permission.ACCESS_WIFI_STATE",
            "android.permission.BLUETOOTH",
            "android.permission.CALL_PHONE",
            "android.permission.CAMERA",
            "android.permission.FOREGROUND_SERVICE",
            "android.permission.GET_ACCOUNTS",
            "android.permission.INTERNET",
            "android.permission.MANAGE_ACCOUNTS",
            "android.permission.MODIFY_AUDIO_SETTINGS",
            "android.permission.READ_CONTACTS",
            "android.permission.READ_EXTERNAL_STORAGE",
            "android.permission.READ_PHONE_STATE",
            "android.permission.READ_PROFILE",
            "android.permission.READ_SMS",
            "android.permission.RECEIVE_BOOT_COMPLETED",
            "android.permission.RECEIVE_SMS",
            "android.permission.SEND_SMS",
            "android.permission.SYSTEM_ALERT_WINDOW",
            "android.permission.USE_CREDENTIALS",
            "android.permission.VIBRATE",
            "android.permission.WAKE_LOCK",
            "android.permission.WRITE_EXTERNAL_STORAGE",
            "com.google.android.c2dm.permission.RECEIVE",
            "com.google.android.finsky.permission.BIND_GET_INSTALL_REFERRER_SERVICE",
            "com.google.android.providers.gsf.permission.READ_GSERVICES",
            "com.ubercab.permission.C2D_MESSAGE"
        ],
        "activities": [
            "com.adyen.threeds2.internal.ui.activity.ChallengeActivity",
            "com.axis.axismerchantsdk.activity.PayActivity",
            "com.braintreepayments.api.AndroidPayActivity",
            "com.braintreepayments.api.BraintreeBrowserSwitchActivity",
            "com.braintreepayments.api.GooglePaymentActivity",
            "com.braintreepayments.api.threedsecure.ThreeDSecureWebViewActivity",
            "com.google.android.gms.auth.api.signin.internal.SignInHubActivity",
            "com.google.android.gms.common.api.GoogleApiActivity",
            "com.jakewharton.processphoenix.ProcessPhoenix",
            "com.masabi.justride.sdk.ui.features.ticket.TicketActivity",
            "com.masabi.justride.sdk.ui.features.ticket.multi_rider.MultiRiderActivity",
            "com.masabi.justride.sdk.ui.features.ticket_info.TicketInfoActivity",
            "com.masabi.justride.sdk.ui.features.universalticket.UniversalTicketActivity",
            "com.masabi.justride.sdk.ui.features.wallet.WalletActivity",
            "com.paypal.android.sdk.payments.FuturePaymentConsentActivity",
            "com.paypal.android.sdk.payments.FuturePaymentInfoActivity",
            "com.paypal.android.sdk.payments.LoginActivity",
            "com.paypal.android.sdk.payments.PayPalFuturePaymentActivity",
            "com.paypal.android.sdk.payments.PayPalProfileSharingActivity",
            "com.paypal.android.sdk.payments.PaymentActivity",
            "com.paypal.android.sdk.payments.PaymentConfirmActivity",
            "com.paypal.android.sdk.payments.PaymentMethodActivity",
            "com.paypal.android.sdk.payments.ProfileSharingConsentActivity",
            "com.ubercab.analytics.app.AnalyticsEventListActivity",
            "com.ubercab.android.partner.funnel.nfb.NFBActivity",
            "com.ubercab.android.partner.funnel.onboarding.HelixFinishedActivity",
            "com.ubercab.android.partner.funnel.onboarding.OnboardingActivity",
            "com.ubercab.android.partner.funnel.onboarding.OnboardingPhotoActivity",
            "com.ubercab.android.partner.funnel.onboarding.SimpleTextActivity",
            "com.ubercab.android.partner.funnel.onboarding.chat.ZendeskChatActivity",
            "com.ubercab.android.partner.funnel.onboarding.incentives.IncentivesDetailActivity",
            "com.ubercab.android.partner.funnel.onboarding.locations.HelixLocationActivity",
            "com.ubercab.android.partner.funnel.onboarding.locations.HelixLocationSelectionActivity",
            "com.ubercab.android.partner.funnel.onboarding.locations.HelixOwnInspectionActivity",
            "com.ubercab.android.partner.funnel.onboarding.metadata.DocumentMetadataActivity",
            "com.ubercab.android.partner.funnel.onboarding.steps.BasicFunnelStepActivity",
            "com.ubercab.android.partner.funnel.onboarding.steps.bgc.BgcStepLegalActivity",
            "com.ubercab.android.partner.funnel.onboarding.steps.bgc.BgcStepSsnActivity",
            "com.ubercab.android.partner.funnel.onboarding.steps.document.metadata.MetadataActivity",
            "com.ubercab.android.partner.funnel.onboarding.steps.documentslist.DocumentsListStepDetailActivity",
            "com.ubercab.android.partner.funnel.onboarding.steps.legalagreement.LegalAgreementStepActivity",
            "com.ubercab.android.partner.funnel.onboarding.steps.legalagreement.LegalAgreementStepDetailActivity",
            "com.ubercab.android.partner.funnel.onboarding.steps.upgrade.UpgradeStepCityPickerActivity",
            "com.ubercab.android.partner.funnel.onboarding.supportmenu.SupportMenuActivity",
            "com.ubercab.android.partner.funnel.onboarding.vehicleinspection.OfficeHoursSelectionActivity",
            "com.ubercab.android.partner.funnel.onboarding.vehicleinspection.VehicleInspectionSelectionActivity",
            "com.ubercab.bug_reporter.ui.activity.BugReporterActivity",
            "com.ubercab.experiment.ui.ExperimentsActivity",
            "com.ubercab.external_web_view.core.WebViewActivity",
            "com.ubercab.feedback.optional.phabs.activity.FeedbackActivity",
            "com.ubercab.feedback.optional.phabs.activity.ScreenshotNotificationActivity",
            "com.ubercab.healthline.alternate.launch.core.AlternateLaunchWebActivity",
            "com.ubercab.healthline.core.actions.ShowWebViewAction$WebViewActivity",
            "com.ubercab.helix.help.feature.home.HelixHelpHomeActivity",
            "com.ubercab.help.feature.conversation_details.HelpConversationDetailsActivity",
            "com.ubercab.help.feature.issue_list.HelpIssueListActivity",
            "com.ubercab.help.feature.workflow.HelpWorkflowActivity",
            "com.ubercab.presidio.app.core.root.RootActivity",
            "com.ubercab.presidio.pass.refund.PassRefundActivity",
            "com.ubercab.presidio.past_trip_details.PastTripDetailsActivity",
            "com.ubercab.presidio.past_trips.HelixHelpTripPickerActivity",
            "com.ubercab.presidio.past_trips.PastTripsActivity",
            "com.ubercab.presidio.styleguide.MainActivity",
            "com.ubercab.presidio.styleguide.sections.ActivityTransitionActivity",
            "com.ubercab.presidio.styleguide.sections.AnimationActivity",
            "com.ubercab.presidio.styleguide.sections.AttrResolverActivity",
            "com.ubercab.presidio.styleguide.sections.ButtonsActivity",
            "com.ubercab.presidio.styleguide.sections.CardsActivity",
            "com.ubercab.presidio.styleguide.sections.ChipsActivity",
            "com.ubercab.presidio.styleguide.sections.ColorsActivity",
            "com.ubercab.presidio.styleguide.sections.ConfirmationModalsActivity",
            "com.ubercab.presidio.styleguide.sections.EditTextActivity",
            "com.ubercab.presidio.styleguide.sections.ElevationActivity",
            "com.ubercab.presidio.styleguide.sections.FontMetricsActivity",
            "com.ubercab.presidio.styleguide.sections.FormsActivity",
            "com.ubercab.presidio.styleguide.sections.GravityImageActivity",
            "com.ubercab.presidio.styleguide.sections.IconsActivity",
            "com.ubercab.presidio.styleguide.sections.ListItemActivity",
            "com.ubercab.presidio.styleguide.sections.LoadingActivity",
            "com.ubercab.presidio.styleguide.sections.OTPActivity",
            "com.ubercab.presidio.styleguide.sections.ScreenStackActivity",
            "com.ubercab.presidio.styleguide.sections.SearchActivity",
            "com.ubercab.presidio.styleguide.sections.SnackbarsActivity",
            "com.ubercab.presidio.styleguide.sections.TabsActivity",
            "com.ubercab.presidio.styleguide.sections.TextStylesActivity",
            "com.ubercab.presidio.styleguide.sections.ThirdPartyActivity",
            "com.ubercab.presidio.styleguide.sections.TooltipActivity",
            "com.ubercab.presidio.styleguide.sections.TypographyActivity",
            "com.ubercab.presidio.styleguide.sections.VerticalPickerActivity",
            "com.ubercab.presidio.third_party_help.yandex.YandexHelpActivity",
            "com.ubercab.presidio.upgrade.employee.optional.EmployeeUpgradeActivity",
            "com.ubercab.presidio.upgrade.force.optional.ForceUpgradeActivity",
            "com.ubercab.rds.feature.badroutes.BadRoutesActivity",
            "com.ubercab.rds.feature.cancellations.CancellationsActivity",
            "com.ubercab.rds.feature.help.HelpSupportActivity",
            "com.ubercab.rds.feature.messages.MessagesActivity",
            "com.ubercab.rds.feature.support.SupportPhotoActivity",
            "com.ubercab.voip.VoipCallActivity",
            "io.card.payment.CardIOActivity",
            "io.card.payment.DataEntryActivity",
            "org.npci.upi.security.pinactivitycomponent.GetCredential"
        ],
        "services": [
            "androidx.work.impl.background.systemalarm.SystemAlarmService",
            "androidx.work.impl.background.systemjob.SystemJobService",
            "com.braintreepayments.api.internal.AnalyticsIntentService",
            "com.datami.smi.SmiIntentService",
            "com.firebase.jobdispatcher.GooglePlayReceiver",
            "com.google.android.gms.auth.api.signin.RevocationBoundService",
            "com.google.firebase.components.ComponentDiscoveryService",
            "com.google.firebase.iid.FirebaseInstanceIdService",
            "com.google.firebase.messaging.FirebaseMessagingService",
            "com.paypal.android.sdk.payments.PayPalService",
            "com.ubercab.android.partner.funnel.onboarding.documents.DocumentUploadService2",
            "com.ubercab.android.partner.funnel.onboarding.documents.DocumentsUploadService",
            "com.ubercab.background_work.core.ForegroundService",
            "com.ubercab.bug_reporter.smart_prodding.PendingBugReportNotificationService",
            "com.ubercab.healthline.crash.reporting.core.uploader.CrashUploadJobService",
            "com.ubercab.healthline.crash.reporting.core.uploader.CrashUploadServiceV2",
            "com.ubercab.healthline.direct_command.push.core.service.DirectCommandNotificationJobService",
            "com.ubercab.healthline.direct_command.push.core.service.DirectCommandNotificationService",
            "com.ubercab.login.AuthenticationService",
            "com.ubercab.persistent.place_cache.top_dest_scheduler.PlaceCacheUpdateService",
            "com.ubercab.presidio.arrival_notification.geofence.GeofenceTransitionsIntentService",
            "com.ubercab.presidio.non_sticky_service.core.NonStickyService",
            "com.ubercab.presidio.pushnotifier.core.PushHandlerService",
            "com.ubercab.presidio.pushnotifier.core.PushHandlerServiceV2",
            "com.ubercab.presidio.sticky_service.core.StickyService",
            "com.ubercab.presidio.storage.metrics.StorageMetricService",
            "com.ubercab.presidio.uninstall.HeartBeatService",
            "com.ubercab.push.UberFirebaseMessagingService",
            "com.ubercab.signup_funnel_conversion.SignupFunnelConversionService",
            "com.ubercab.voip.service.VoipKeepAliveService",
            "org.npci.upi.security.pinactivitycomponent.CLRemoteServiceImpl"
        ],
        "receivers": [
            "androidx.work.impl.background.systemalarm.ConstraintProxy$BatteryChargingProxy",
            "androidx.work.impl.background.systemalarm.ConstraintProxy$BatteryNotLowProxy",
            "androidx.work.impl.background.systemalarm.ConstraintProxy$NetworkStateProxy",
            "androidx.work.impl.background.systemalarm.ConstraintProxy$StorageNotLowProxy",
            "androidx.work.impl.background.systemalarm.ConstraintProxyUpdateReceiver",
            "androidx.work.impl.background.systemalarm.RescheduleReceiver",
            "androidx.work.impl.utils.ForceStopRunnable$BroadcastReceiver",
            "com.adyen.threeds2.internal.AppUpgradeBroadcastReceiver",
            "com.google.firebase.iid.FirebaseInstanceIdReceiver",
            "com.ubercab.healthline.direct_command.push.core.receiver.DirectCommandWakefulReceiver",
            "com.ubercab.install_referrer.core.InstallReferrerReceiver",
            "com.ubercab.notification.optional.PushNotificationActionReceiver",
            "com.ubercab.presidio.app.optional.notification.pool_commute.reminder.ReminderNotificationAlarmHandler",
            "com.ubercab.presidio.pushnotifier.core.PushReceiver"
        ],
        "permission_details": {
            "android.permission.ACCESS_COARSE_LOCATION": "dangerous",
            "android.permission.ACCESS_FINE_LOCATION": "dangerous",
            "android.permission.ACCESS_NETWORK_STATE": "normal",
            "android.permission.ACCESS_WIFI_STATE": "normal",
            "android.permission.BLUETOOTH": "normal",
            "android.permission.CALL_PHONE": "dangerous",
            "android.permission.CAMERA": "dangerous",
            "android.permission.FOREGROUND_SERVICE": "normal",
            "android.permission.GET_ACCOUNTS": "dangerous",
            "android.permission.INTERNET": "normal",
            "android.permission.MANAGE_ACCOUNTS": "unknown",
            "android.permission.MODIFY_AUDIO_SETTINGS": "normal",
            "android.permission.READ_CONTACTS": "dangerous",
            "android.permission.READ_EXTERNAL_STORAGE": "dangerous",
            "android.permission.READ_PHONE_STATE": "dangerous",
            "android.permission.READ_PROFILE": "unknown",
            "android.permission.READ_SMS": "dangerous",
            "android.permission.RECEIVE_BOOT_COMPLETED": "normal",
            "android.permission.RECEIVE_SMS": "dangerous",
            "android.permission.SEND_SMS": "dangerous",
            "android.permission.SYSTEM_ALERT_WINDOW": "signature",
            "android.permission.USE_CREDENTIALS": "unknown",
            "android.permission.VIBRATE": "normal",
            "android.permission.WAKE_LOCK": "normal",
            "android.permission.WRITE_EXTERNAL_STORAGE": "dangerous",
            "com.google.android.c2dm.permission.RECEIVE": "unknown",
            "com.google.android.finsky.permission.BIND_GET_INSTALL_REFERRER_SERVICE": "unknown",
            "com.google.android.providers.gsf.permission.READ_GSERVICES": "unknown",
            "com.ubercab.permission.C2D_MESSAGE": "unknown"
        },
        "risk_counts": {
            "dangerous": 12,
            "normal": 9,
            "unknown": 7,
            "signature": 1
        }
    },
    "stats": {
        "dex_count": 10,
        "native_lib_count": 25
    },
    "jadx": {
        "status": "ok",
        "duration_sec": 128.07,
        "sources_present": true,
        "java_file_count": 71546
    },
    "ast_analysis": {
        "location": 2,
        "microphone": 0,
        "camera": 45,
        "media_projection": 0,
        "dynamic_load": 0,
        "jni": 23
    },
    "analysis_state": "complete",
    "behavioral_structural_data": {
        "api_inventory": {
            "camera": 8,
            "microphone": 0,
            "location": 2,
            "torch": 7,
            "telephony_ops": 3,
            "system_commands": 4,
            "webview_interop": 33,
            "content_access": 15,
            "audio_control": 0,
            "vibration": 1,
            "network_io": 6,
            "scheduling_apis": 41,
            "dynamic_code": 311
        },
        "execution_context": {
            "in_service": 0,
            "in_receiver": 0,
            "in_activity": 0,
            "in_provider": 0,
            "unknown": 431
        },
        "scheduling_mechanisms": {
            "alarm_manager": 7,
            "handler_loop": 33,
            "job_scheduler": 1
        },
        "trigger_types": {
            "auto_triggered": 5,
            "user_triggered": 2
        },
        "dynamic_features": {
            "jni_usage": 18,
            "dynamic_loading": 1,
            "reflection": 293
        }
    }
}