{
    "apk_name": "9177F5666E6AA3FE7971FC6B769E2EA94D4A6BD80802167C7322A88BA78D5C73",
    "sha256": "9177f5666e6aa3fe7971fc6b769e2ea94d4a6bd80802167c7322a88ba78d5c73",
    "metadata": {
        "package_name": "com.huajiao",
        "version_code": "8251026",
        "version_name": "8.2.5.1026",
        "min_sdk": "19",
        "target_sdk": "26",
        "permissions": [
            "android.permission.ACCESS_COARSE_LOCATION",
            "android.permission.ACCESS_FINE_LOCATION",
            "android.permission.ACCESS_NETWORK_STATE",
            "android.permission.ACCESS_NOTIFICATION_POLICY",
            "android.permission.ACCESS_WIFI_STATE",
            "android.permission.AUTHENTICATE_ACCOUNTS",
            "android.permission.BIND_JOB_SERVICE",
            "android.permission.BLUETOOTH",
            "android.permission.BLUETOOTH_ADMIN",
            "android.permission.CAMERA",
            "android.permission.CHANGE_CONFIGURATION",
            "android.permission.CHANGE_NETWORK_STATE",
            "android.permission.CHANGE_WIFI_STATE",
            "android.permission.FLASHLIGHT",
            "android.permission.FOREGROUND_SERVICE",
            "android.permission.GET_TASKS",
            "android.permission.INTERNET",
            "android.permission.MANAGE_ACCOUNTS",
            "android.permission.MODIFY_AUDIO_SETTINGS",
            "android.permission.MOUNT_UNMOUNT_FILESYSTEMS",
            "android.permission.READ_EXTERNAL_STORAGE",
            "android.permission.READ_LOGS",
            "android.permission.READ_PHONE_STATE",
            "android.permission.READ_SYNC_SETTINGS",
            "android.permission.RECEIVE_BOOT_COMPLETED",
            "android.permission.RECEIVE_USER_PRESENT",
            "android.permission.RECORD_AUDIO",
            "android.permission.RECORD_VIDEO",
            "android.permission.REORDER_TASKS",
            "android.permission.REQUEST_INSTALL_PACKAGES",
            "android.permission.SYSTEM_ALERT_WINDOW",
            "android.permission.SYSTEM_OVERLAY_WINDOW",
            "android.permission.USE_CREDENTIALS",
            "android.permission.VIBRATE",
            "android.permission.WAKE_LOCK",
            "android.permission.WRITE_EXTERNAL_STORAGE",
            "android.permission.WRITE_SETTINGS",
            "android.permission.WRITE_SYNC_SETTINGS",
            "com.android.launcher.permission.READ_SETTINGS",
            "com.asus.msa.SupplementaryDID.ACCESS",
            "com.coloros.mcs.permission.RECIEVE_MCS_MESSAGE",
            "com.heytap.mcs.permission.RECIEVE_MCS_MESSAGE",
            "com.huajiao.permission.MIPUSH_RECEIVE",
            "com.huajiao.permission.PROCESS_PUSH_MSG",
            "com.huajiao.permission.PUSH_PROVIDER",
            "com.huawei.appmarket.service.commondata.permission.GET_COMMON_DATA",
            "freemme.permission.msa"
        ],
        "activities": [
            "com.alipay.face.ui.FaceLoadingActivity",
            "com.alipay.face.ui.OcrGuideBackActivity",
            "com.alipay.face.ui.OcrGuideBaseActivity",
            "com.alipay.face.ui.OcrGuideFaceActivity",
            "com.alipay.face.ui.OcrGuideFrontActivity",
            "com.alipay.face.ui.OcrTakePhotoActivity",
            "com.alipay.face.ui.ToygerActivity",
            "com.alipay.face.ui.ToygerLandActivity",
            "com.alipay.face.ui.ToygerPortActivity",
            "com.alipay.sdk.app.APayEntranceActivity",
            "com.alipay.sdk.app.AlipayResultActivity",
            "com.alipay.sdk.app.H5AuthActivity",
            "com.alipay.sdk.app.H5OpenAuthActivity",
            "com.alipay.sdk.app.H5PayActivity",
            "com.alipay.sdk.app.PayResultActivity",
            "com.huajiao.activity.TestLocalVideoActivity",
            "com.huajiao.blacklist.ActivityBlackList",
            "com.huajiao.bossclub.modifybossclub.ModifyClubActivity",
            "com.huajiao.checkin.CheckinResultActivity",
            "com.huajiao.childmode.AntiAddicationActivity",
            "com.huajiao.childmode.ChildModeOpenActivity",
            "com.huajiao.childmode.PasswordActivity",
            "com.huajiao.cipher.CreateCipherActivity",
            "com.huajiao.comments.CommentActivity",
            "com.huajiao.contacts.ui.ContactsActivity",
            "com.huajiao.contacts.ui.SerachContactsActivity",
            "com.huajiao.cover.CoverActivity",
            "com.huajiao.cover.LoadDexActivity",
            "com.huajiao.detail.WatchChildModeActivity",
            "com.huajiao.detail.WatchesListActivity",
            "com.huajiao.detail.backpack.BackpackResultOkActivity",
            "com.huajiao.detail.backpack.BackpackResultVerifyActivity",
            "com.huajiao.detail.backpack.WebViewDialogActivity",
            "com.huajiao.detail.refactor.livefeature.proom.activity.ModifyProomNameActivity",
            "com.huajiao.detail.refactor.livefeature.proom.activity.PartyRoomOrderReceiveActivity",
            "com.huajiao.dialog.VerifyChannelActivity",
            "com.huajiao.dispatch.ActivityH5Dispatch",
            "com.huajiao.dispatch.ActivityH5Inner",
            "com.huajiao.dispatch.ActivityH5InnerForPrivacy",
            "com.huajiao.dispatch.ActivityJumpCenter",
            "com.huajiao.dispatch.PushActivityJumpCenter",
            "com.huajiao.dynamic.DynamicCommentDetailActivity",
            "com.huajiao.dynamic.DynamicDetailActivity",
            "com.huajiao.dynamicpublish.DynamicPublishActivity",
            "com.huajiao.dynamicpublish.DynamicShareActivity",
            "com.huajiao.dynamicpublish.atperson.ChooseAtPersonActivity",
            "com.huajiao.dynamicpublish.location.LocationSelectActivity",
            "com.huajiao.effvideo.LocalVideoLowActivity",
            "com.huajiao.effvideo.LocalVideoPreviewActivity",
            "com.huajiao.effvideo.videocover.ChooseVideoCoverActivity",
            "com.huajiao.embroidered.EmbroideredBallActivity",
            "com.huajiao.fansgroup.ModifyClubNameActivity",
            "com.huajiao.fansgroup.ModifyClubNoticeActivity",
            "com.huajiao.fansgroup.mygroup.PersonalFansGroupActivity",
            "com.huajiao.feedback.FeedbackActivity",
            "com.huajiao.feeds.image.photobrowse.PhotoBrowseActivity",
            "com.huajiao.feeds.watched.WatchedFeedActivity",
            "com.huajiao.finish.LiveFinishActivity",
            "com.huajiao.finish.NewLiveFinishActivity",
            "com.huajiao.finish.WatchFinishActivity",
            "com.huajiao.focuslottery.LotteryPastWinnerActivity",
            "com.huajiao.gesturemagic.GestureActivity",
            "com.huajiao.guard.MyVirtualPKActivity",
            "com.huajiao.home.channels.city.allcity.AllCityActivity",
            "com.huajiao.imagepicker.gallery.GalleryActivity",
            "com.huajiao.imagepicker.gallery.GalleryDetailActivity",
            "com.huajiao.imchat.pickimage.ImgPrevActivity",
            "com.huajiao.imchat.pickimage.PickImageActivity",
            "com.huajiao.imchat.pickimage.TakePicActivity",
            "com.huajiao.imchat.ui.OfficalMsgActivity",
            "com.huajiao.kmusic.fragment.MvPlayerActivity",
            "com.huajiao.kmusic.fragment.MyMusicMVActivity",
            "com.huajiao.knight.activity.KnightGroupSettingsActivity",
            "com.huajiao.knight.activity.KnightGroupSettingsAutoApplyActivity",
            "com.huajiao.knight.activity.KnightGroupSetttingsConditionActivity",
            "com.huajiao.knight.activity.KnightGroupSetttingsSetAnnouceActivity",
            "com.huajiao.knight.activity.KnightGroupSetttingsSetNameActivity",
            "com.huajiao.knightgroup.activities.KnightAnchorActivity",
            "com.huajiao.knightgroup.activities.KnightContributionActivity",
            "com.huajiao.knightgroup.activities.KnightGroupApplyActivity",
            "com.huajiao.knightgroup.activities.KnightGroupBelongsActivity",
            "com.huajiao.knightgroup.activities.KnightGroupBelongsDialogActivity",
            "com.huajiao.knightgroup.activities.KnightGroupCardRecordsActivity",
            "com.huajiao.knightgroup.activities.KnightGroupHotNewsActivity",
            "com.huajiao.knightgroup.activities.KnightGroupListActivity",
            "com.huajiao.knightgroup.activities.KnightGroupListDialogActivity",
            "com.huajiao.knightgroup.activities.KnightGroupMemberRemoveActivity",
            "com.huajiao.knightgroup.activities.KnightGroupMyPrivilegeActivity",
            "com.huajiao.knightgroup.activities.KnightGroupOtherActivity",
            "com.huajiao.knightgroup.activities.KnightGroupOtherDialogActivity",
            "com.huajiao.knightgroup.activities.KnightGroupRecruitActivity",
            "com.huajiao.knightgroup.activities.KnightGroupSetDeputyColonelActivity",
            "com.huajiao.knightgroup.activities.KnightGroupTransferActivity",
            "com.huajiao.knightgroup.dialog.KnightGroupFallingNoticeDialog",
            "com.huajiao.laboratory.LaboratoryActivity",
            "com.huajiao.lashou.view.ActivitySubscriptH5Inner",
            "com.huajiao.live.ChooseChannelActivity",
            "com.huajiao.live.LiveTaskActivity",
            "com.huajiao.live.PrepareLiveActivity",
            "com.huajiao.live.hard.HardLiveActivity",
            "com.huajiao.live.hard.HardLiveLandActivity",
            "com.huajiao.live.hard.HardLiveReverseLandActivity",
            "com.huajiao.live.hard.LiveForbiddenActivity",
            "com.huajiao.live.hard.LiveForbiddenDialogActivity",
            "com.huajiao.main.MainActivity",
            "com.huajiao.main.activedialog.ActiveDialogActivity",
            "com.huajiao.main.activedialog.H5PreloadDialogActivity",
            "com.huajiao.main.anchorlevel.LiveAnchorLevelUpDialogActivity",
            "com.huajiao.main.exploretag.ChannelPageActivity",
            "com.huajiao.main.exploretag.hot.AllCategoryActivity",
            "com.huajiao.main.exploretag.manager.ExploreTagManagerActivity",
            "com.huajiao.main.exploretag.video.feed.VideoFeedActivity",
            "com.huajiao.main.feed.photobrowse.PhotoBrowseActivity",
            "com.huajiao.main.focus.allfocus.AllFocusAndRecommendActivity",
            "com.huajiao.main.hotfeedslist.HotFeedsActivity",
            "com.huajiao.main.message.MessageNewFansActivity",
            "com.huajiao.main.message.MessageNotificationActivity",
            "com.huajiao.main.message.MessageOfficialActivity",
            "com.huajiao.main.message.UnFollowedMessageActivity",
            "com.huajiao.main.message.chatlist.ChatSessionListActivity",
            "com.huajiao.main.message.dynamic.DynamicActivity",
            "com.huajiao.main.message.secretary.SecretaryActivity",
            "com.huajiao.main.nearby.NearbyLiveFeedsActivity",
            "com.huajiao.main.oneshare.OneShareDialogActivity",
            "com.huajiao.main.pengpeng.IDVideoPlayActivity",
            "com.huajiao.main.pengpeng.PengPengVideoPreviewActivity",
            "com.huajiao.main.prepare.ActivityCamera",
            "com.huajiao.me.AboutUsActivity",
            "com.huajiao.me.ActivityLibrary",
            "com.huajiao.me.ActivityLogMode",
            "com.huajiao.me.ActivityPhotoSourceChoose",
            "com.huajiao.me.BannedActivity",
            "com.huajiao.me.ChildModeSettingActivity",
            "com.huajiao.me.DistancePrivacyActivity",
            "com.huajiao.me.FansActivity",
            "com.huajiao.me.FocusActivity",
            "com.huajiao.me.GuardRankActivity",
            "com.huajiao.me.MessageSettingActivity",
            "com.huajiao.me.ModifyUserActivity",
            "com.huajiao.me.ModifyUserGenderActivity",
            "com.huajiao.me.ModifyUserNickNameActivity",
            "com.huajiao.me.ModifyUserSignActivity",
            "com.huajiao.me.ModifyVerifiedActivity",
            "com.huajiao.me.ModifyVerifiedToggleActivity",
            "com.huajiao.me.MyAchievementActivity",
            "com.huajiao.me.NetworkDetectActivity",
            "com.huajiao.me.NotificationSettingActivity",
            "com.huajiao.me.SettingActivity",
            "com.huajiao.me.StartLiveNotificationActivity",
            "com.huajiao.me.StudentSettingActivity",
            "com.huajiao.me.ToggleInstationSettingActivity",
            "com.huajiao.me.UserPlayVoiceSignActvity",
            "com.huajiao.me.UserRecordVoiceSignActivity",
            "com.huajiao.me.UserRecordVoiceSignHelpActivity",
            "com.huajiao.me.WraningActivity",
            "com.huajiao.me.accountswitch.AccountManagerActivity",
            "com.huajiao.me.accountswitch.AccountSwitchActivity",
            "com.huajiao.me.anchor.AnchorActivity",
            "com.huajiao.me.fieldcontrol.FieldControlActivity",
            "com.huajiao.me.fieldcontrol.SearchFieldControlActivity",
            "com.huajiao.me.nobilitysetting.NobilityGiftRankHiddenListActivity",
            "com.huajiao.me.nobilitysetting.NobilityHideFollowingsListActivity",
            "com.huajiao.me.nobilitysetting.NobilityHideSettingActivity",
            "com.huajiao.me.realname.RealNameSettingActivity",
            "com.huajiao.me.realname.RealNameUnAdultActivity",
            "com.huajiao.me.realname.UnApplyRealNameActivity",
            "com.huajiao.me.realname.ZhimaVerificationInputActivity",
            "com.huajiao.moment.MomentActivity",
            "com.huajiao.mytask.MyAssignmentActivity",
            "com.huajiao.mytask.MyTaskDialogActivity",
            "com.huajiao.mytaskcenter.MyTaskActivity",
            "com.huajiao.newimchat.main.ImChatActivity",
            "com.huajiao.newimchat.share.ShareContactActivity",
            "com.huajiao.newimchat.share.ShareLoadingActivity",
            "com.huajiao.noble.activity.NobleUpActivity",
            "com.huajiao.payment.CouponListActivity",
            "com.huajiao.payment.FastPaymentActivity",
            "com.huajiao.payment.PaymentActivity",
            "com.huajiao.payment.PaymentDialogActivity",
            "com.huajiao.phonenumber.PhoneNumberListActivity",
            "com.huajiao.picturecreate.ActivityPictureDetail",
            "com.huajiao.picturecreate.ImChatPhotoView",
            "com.huajiao.picturecreate.NinePhotosPublishActivity",
            "com.huajiao.picturecreate.PhotoBucketSelectionActivity",
            "com.huajiao.picturecreate.PhotoPickActivity",
            "com.huajiao.picturecreate.PhotoPreViewActivity",
            "com.huajiao.pk.square.PKSquareActivity",
            "com.huajiao.plugin.PluginDispatchActivity",
            "com.huajiao.praisedialog.StorePraiseActivity",
            "com.huajiao.privacy.PrivacyUpdateActivity",
            "com.huajiao.profile.me.AccountBalanceActivity",
            "com.huajiao.profile.me.MeDynamicActivity",
            "com.huajiao.profile.me.NextJoyGameActivity",
            "com.huajiao.profile.me.ReplayCollectionActivity",
            "com.huajiao.profile.me.UserProfileActivity",
            "com.huajiao.profile.me.account.NewAccountActivity",
            "com.huajiao.profile.ta.FlutterPersonalActivity",
            "com.huajiao.profile.ta.FollowsActivity",
            "com.huajiao.profile.ta.PersonalActivity",
            "com.huajiao.profile.ta.PersonalBigAvatarActivity",
            "com.huajiao.profile.ta.PersonalFromVideoDetailActivity",
            "com.huajiao.profile.watchhistory.MyWatchHistoryActivity",
            "com.huajiao.recommend.ActivityTodayHotAnchors",
            "com.huajiao.repealcancelaccount.RepealLogoffActivity",
            "com.huajiao.replay.ReplayActivity",
            "com.huajiao.sayhello.receive.SayHelloListActivity",
            "com.huajiao.school.ui.SchoolsActivity",
            "com.huajiao.screenrecorder.SelectVideoTagActivity",
            "com.huajiao.screenrecorder.VideoUploadActivity",
            "com.huajiao.screenrecorder.VideoUploadShareActivity",
            "com.huajiao.search.SearchActivity",
            "com.huajiao.share.CapturePreviewActivity",
            "com.huajiao.share.ShareFunctionActivity",
            "com.huajiao.share.ShareToHJActivity",
            "com.huajiao.share.VideoPreviewActivity",
            "com.huajiao.sharelink.ShareLinkCheckDialog",
            "com.huajiao.sharelink.ShareLinkTipsDialog",
            "com.huajiao.songhigh.SongHighActivity",
            "com.huajiao.tagging.SelectPrepareLiveTagActivity",
            "com.huajiao.tagging.SetMakingsTagsActivity",
            "com.huajiao.tagging.SetMyTagsActivity",
            "com.huajiao.tagging.SetOccupationTagActivity",
            "com.huajiao.topic.twocoloum.TwoColumnFeedActivity",
            "com.huajiao.topic.ui.TopicListCategoryActivity",
            "com.huajiao.upgrade.UpgradeActivity",
            "com.huajiao.user.ChangePhoneGuideActivity",
            "com.huajiao.user.FocusPopupActivity",
            "com.huajiao.user.ForgetPwdActivity",
            "com.huajiao.user.InproveUserInfoActivity",
            "com.huajiao.user.LevelPopupActivity",
            "com.huajiao.user.LoginActivity",
            "com.huajiao.user.LoginAndRegisterActivity",
            "com.huajiao.user.MobileCertActivity",
            "com.huajiao.user.ModifyPwdActivity",
            "com.huajiao.user.NewSmsLoginActivity",
            "com.huajiao.user.ReceiveSmsCodeActivity",
            "com.huajiao.user.RegisterActivity",
            "com.huajiao.user.SetNickNameActivity",
            "com.huajiao.user.SetPwdActivity",
            "com.huajiao.user.SmsLoginActivity",
            "com.huajiao.user.ValidateCodeActivity",
            "com.huajiao.user.bind.AccoutSafeActivity",
            "com.huajiao.user.bind.ChangeBindPhoneActivity",
            "com.huajiao.user.safety.AccountProtection",
            "com.huajiao.user.safety.AccountProtectionEdit",
            "com.huajiao.user.safety.DoUnsuspendActivity",
            "com.huajiao.user.safety.HuajiaoSafetyCenter",
            "com.huajiao.user.safety.SuspendActivity",
            "com.huajiao.user.safety.SuspendTipActivity",
            "com.huajiao.user.safety.SuspendWarningActivity",
            "com.huajiao.user.safety.UnsuspendTipActivity",
            "com.huajiao.video.VideoDetailActivity",
            "com.huajiao.videorecorder.CoverPicker",
            "com.huajiao.videorecorder.VideoPublish",
            "com.huajiao.vipclub.VipClubUpgradeActivity",
            "com.huajiao.virtualimage.VirtualEditActivity",
            "com.huajiao.virtualimage.virtualmine.MineVirtualActivity",
            "com.huajiao.vote.VotePublishActivity",
            "com.huajiao.web.dynamic.WebDynamicActivity",
            "com.huajiao.welcome.video.WelcomeVideoActivity",
            "com.huajiao.wxapi.WXEntryActivity",
            "com.huajiao.wxapi.WXPayEntryActivity",
            "com.huajiao.xiehou.XiehouActivity",
            "com.huajiao.xiehou.XiehouLikeActivity",
            "com.huawei.hms.activity.BridgeActivity",
            "com.huawei.hms.activity.EnableServiceActivity",
            "com.huawei.updatesdk.service.otaupdate.AppUpdateActivity",
            "com.huawei.updatesdk.support.pm.PackageInstallerActivity",
            "com.qihoo.login.QihooLoginActivity",
            "com.qihoo.qchatkit.activity.DeleteReasonActivity",
            "com.qihoo.qchatkit.activity.GroupActiveMarkActivity",
            "com.qihoo.qchatkit.activity.GroupAddPersonActivity",
            "com.qihoo.qchatkit.activity.GroupAdminsActivity",
            "com.qihoo.qchatkit.activity.GroupAtPersonActivity",
            "com.qihoo.qchatkit.activity.GroupChooseMemberActivity",
            "com.qihoo.qchatkit.activity.GroupClearPersonActivity",
            "com.qihoo.qchatkit.activity.GroupJoinActivity",
            "com.qihoo.qchatkit.activity.GroupJoinInviterActivity",
            "com.qihoo.qchatkit.activity.GroupListActivity",
            "com.qihoo.qchatkit.activity.GroupLordTransferActivity",
            "com.qihoo.qchatkit.activity.GroupManageActivity",
            "com.qihoo.qchatkit.activity.GroupManagementActivity",
            "com.qihoo.qchatkit.activity.GroupMediaViewerActivity",
            "com.qihoo.qchatkit.activity.GroupMorePersonActivity",
            "com.qihoo.qchatkit.activity.GroupNameActivity",
            "com.qihoo.qchatkit.activity.GroupPlacardActivity",
            "com.qihoo.qchatkit.activity.JoinGroupControlActivity",
            "com.qihoo.qchatkit.activity.LivingListActivity",
            "com.qihoo.qchatkit.activity.PepperGroupChatActivity",
            "com.qihoo.qchatkit.redpacket.SendRedBagActivity",
            "com.sina.weibo.sdk.share.ShareTransActivity",
            "com.sina.weibo.sdk.web.WebActivity",
            "com.taobao.idlefish.flutterboost.BoostFlutterActivity",
            "com.tencent.connect.common.AssistActivity",
            "com.tencent.tauth.AuthActivity",
            "com.toffee.activity.ToffeeCameraActivity",
            "com.toffee.activity.ToffeeCameraMusicCateActivity",
            "com.toffee.activity.ToffeeCameraMusicSearchActivity",
            "com.toffee.activity.ToffeeDraftActivity",
            "com.toffee.activity.ToffeeFaceuDelActivity",
            "com.toffee.activity.ToffeeLocalPictruePreviewActivity",
            "com.toffee.activity.ToffeeLocalVideoEditingActivity",
            "com.toffee.activity.ToffeeLocalVideoPreviewActivity",
            "com.toffee.activity.ToffeeMusicCateSearchActivity",
            "com.toffee.activity.ToffeeSelectMusicMainActivity",
            "com.unionpay.UPPayWapActivity",
            "com.vivo.push.sdk.LinkProxyClientActivity",
            "com.yalantis.ucrop.UCropActivity",
            "xchen.com.permission.activity.PermissionActivity"
        ],
        "services": [
            "com.engine.logfile.WarningService",
            "com.heytap.msp.push.service.CompatibleDataMessageCallbackService",
            "com.heytap.msp.push.service.DataMessageCallbackService",
            "com.huajiao.LivePlayerService",
            "com.huajiao.account.AuthenticationService",
            "com.huajiao.account.SyncService",
            "com.huajiao.base.InitService",
            "com.huajiao.base.MediaAutoTestService",
            "com.huajiao.comm.service.BgService",
            "com.huajiao.homessdk.Holmes",
            "com.huajiao.push.huawei.HJHmsMessageService",
            "com.huajiao.push.service.BusinessHJReceiver",
            "com.huajiao.service.PublishService",
            "com.huawei.agconnect.core.ServiceDiscovery",
            "com.huawei.hms.support.api.push.service.HmsMsgService",
            "com.qihoo.pushsdk.cx.PushLocalService",
            "com.qihoo.pushsdk.cx.PushService",
            "com.qihoo.pushsdk.cx.PushService$InnerService",
            "com.qihoo.pushsdk.keepalive.PushJobService",
            "com.qihoo.pushsdk.keepalive.account.AuthenticationService",
            "com.qihoo.pushsdk.keepalive.account.SyncService",
            "com.qihoo.qchatkit.push_360.QPushHandlerService",
            "com.qihoo.sdk.report.network.NetworkService",
            "com.vivo.push.sdk.service.CommandClientService",
            "com.xiaomi.mipush.sdk.MessageHandleService",
            "com.xiaomi.mipush.sdk.PushMessageHandler",
            "com.xiaomi.push.service.XMJobService",
            "com.xiaomi.push.service.XMPushService"
        ],
        "receivers": [
            "com.huajiao.LivePlayerService$ToTopActivityBroadcastReceiver",
            "com.huajiao.base.StateReceiver",
            "com.huajiao.push.service.PushMessageReceiverImpl",
            "com.huajiao.push.xiaomi.XiaomiPushReceiver",
            "com.huawei.hms.support.api.push.PushMsgReceiver",
            "com.huawei.hms.support.api.push.PushReceiver",
            "com.xiaomi.push.service.receivers.NetworkStatusReceiver",
            "com.xiaomi.push.service.receivers.PingReceiver"
        ]
    },
    "stats": {
        "dex_count": 6,
        "native_lib_count": 71
    },
    "jadx": {
        "status": "ok",
        "duration_sec": 80.22,
        "sources_present": true,
        "java_file_count": 18176
    },
    "ast_analysis": {
        "location": 4,
        "microphone": 16,
        "camera": 149,
        "media_projection": 4,
        "dynamic_load": 0,
        "jni": 151
    },
    "analysis_state": "complete"
}