{
    "apk_name": "87ABEDE57C6DC29F513BC0E7355A632B173D4B6B52E42F6DEB68419392CCFE41",
    "sha256": "87abede57c6dc29f513bc0e7355a632b173d4b6b52e42f6deb68419392ccfe41",
    "metadata": {
        "package_name": "eu.fairmanager.mobile2",
        "version_code": "423000",
        "version_name": "7.4.12",
        "min_sdk": "26",
        "target_sdk": "34",
        "permissions": [
            "android.permission.ACCESS_NETWORK_STATE",
            "android.permission.CAMERA",
            "android.permission.INTERNET",
            "android.permission.POST_NOTIFICATIONS",
            "android.permission.READ_EXTERNAL_STORAGE",
            "android.permission.VIBRATE",
            "android.permission.WAKE_LOCK",
            "android.permission.WRITE_EXTERNAL_STORAGE",
            "com.google.android.c2dm.permission.RECEIVE",
            "eu.fairmanager.mobile2.DYNAMIC_RECEIVER_NOT_EXPORTED_PERMISSION"
        ],
        "activities": [
            "com.google.android.gms.common.api.GoogleApiActivity",
            "crc6419a0d6c1f662193a.MainActivity",
            "crc64a0e0a82d0db9a07d.IntermediateActivity"
        ],
        "services": [
            "com.google.android.datatransport.runtime.backends.TransportBackendDiscovery",
            "com.google.android.datatransport.runtime.scheduling.jobscheduling.JobInfoSchedulerService",
            "com.google.firebase.components.ComponentDiscoveryService",
            "com.google.firebase.messaging.FirebaseMessagingService",
            "crc640921eac73192168e.PNMessagingService"
        ],
        "receivers": [
            "androidx.profileinstaller.ProfileInstallReceiver",
            "com.google.android.datatransport.runtime.scheduling.jobscheduling.AlarmManagerSchedulerBroadcastReceiver",
            "com.google.firebase.iid.FirebaseInstanceIdReceiver",
            "crc640921eac73192168e.PushNotificationActionReceiver",
            "crc640921eac73192168e.PushNotificationDeletedReceiver",
            "crc640921eac73192168e.PushNotificationReplyReceiver",
            "crc643f46942d9dd1fff9.PowerSaveModeBroadcastReceiver",
            "crc64a0e0a82d0db9a07d.BatteryBroadcastReceiver",
            "crc64a0e0a82d0db9a07d.ConnectivityBroadcastReceiver",
            "crc64a0e0a82d0db9a07d.EnergySaverBroadcastReceiver"
        ],
        "permission_details": {
            "android.permission.ACCESS_NETWORK_STATE": "normal",
            "android.permission.CAMERA": "dangerous",
            "android.permission.INTERNET": "normal",
            "android.permission.POST_NOTIFICATIONS": "dangerous",
            "android.permission.READ_EXTERNAL_STORAGE": "dangerous",
            "android.permission.VIBRATE": "normal",
            "android.permission.WAKE_LOCK": "normal",
            "android.permission.WRITE_EXTERNAL_STORAGE": "dangerous",
            "com.google.android.c2dm.permission.RECEIVE": "unknown",
            "eu.fairmanager.mobile2.DYNAMIC_RECEIVER_NOT_EXPORTED_PERMISSION": "unknown"
        },
        "risk_counts": {
            "normal": 4,
            "dangerous": 4,
            "unknown": 2
        }
    },
    "stats": {
        "dex_count": 1,
        "native_lib_count": 28
    },
    "jadx": {
        "status": "ok",
        "duration_sec": 17.8,
        "sources_present": true,
        "java_file_count": 3970
    },
    "ast_analysis": {
        "location": 0,
        "microphone": 0,
        "camera": 3,
        "media_projection": 0,
        "dynamic_load": 0,
        "jni": 6
    },
    "analysis_state": "complete"
}