{
    "apk_name": "6B2F7FAA5E01720BBB641918FEDE45EA53AC1DABE2E5F0228FBF005C5503EB98",
    "sha256": "6b2f7faa5e01720bbb641918fede45ea53ac1dabe2e5f0228fbf005c5503eb98",
    "metadata": {
        "package_name": "com.concapps.basisschoolinapp",
        "version_code": "220927",
        "version_name": "3.57.3",
        "min_sdk": "19",
        "target_sdk": "30",
        "permissions": [
            "android.permission.ACCESS_COARSE_LOCATION",
            "android.permission.ACCESS_FINE_LOCATION",
            "android.permission.ACCESS_NETWORK_STATE",
            "android.permission.BLUETOOTH",
            "android.permission.CALL_PHONE",
            "android.permission.CAMERA",
            "android.permission.GET_ACCOUNTS",
            "android.permission.INTERNET",
            "android.permission.READ_CALENDAR",
            "android.permission.READ_PHONE_STATE",
            "android.permission.RECEIVE_BOOT_COMPLETED",
            "android.permission.RECORD_AUDIO",
            "android.permission.USE_FINGERPRINT",
            "android.permission.WAKE_LOCK",
            "android.permission.WRITE_CALENDAR",
            "android.permission.WRITE_EXTERNAL_STORAGE",
            "com.android.launcher.permission.INSTALL_SHORTCUT",
            "com.android.launcher.permission.UNINSTALL_SHORTCUT",
            "com.concapps.basisschoolinapp.permission.C2D_MESSAGE",
            "com.concapps.basisschoolinapp.permission.MAPS_RECEIVE",
            "com.google.android.c2dm.permission.RECEIVE",
            "com.google.android.providers.gsf.permission.READ_GSERVICES"
        ],
        "activities": [
            "com.google.android.gms.common.api.GoogleApiActivity",
            "crc6413d4c64281df237a.MainActivity",
            "crc6429d86df1c0d40854.SelectPictureActivity",
            "crc6429d86df1c0d40854.TakePictureActivity",
            "crc646024c5c344344629.ContainerActivity",
            "crc646024c5c344344629.MediaPickerActivity",
            "crc646024c5c344344629.TakePictureActivity",
            "crc6480997b3ef81bf9b2.ZxingActivity",
            "crc6489a9a45e4c8cafda.PCLActivity",
            "crc64a68f049e5274c760.IFilePickerImpl_FilePickerActivity",
            "crc64ed1888fb4925e3b7.AuthenticationAgentActivity",
            "crc64f98dd38067c0c88b.FormAuthenticatorActivity",
            "crc64f98dd38067c0c88b.WebAuthenticatorActivity",
            "crc64f98dd38067c0c88b.WebAuthenticatorNativeBrowserActivity",
            "crc64f98dd38067c0c88b.WebViewActivity",
            "microsoft.identity.client.AuthenticationActivity"
        ],
        "services": [
            "com.concapps.basisschoolinapp.RegistrationIntentService",
            "com.concapps.basisschoolinapp.RegistrationIntentService",
            "crc64396a3fe5f8138e3f.KeepAliveService",
            "crc648a72d5af0457756b.ConcappsGcmListenerService",
            "crc648a72d5af0457756b.MyInstanceIDListenerService",
            "crc64b3deb2c8d1362a60.GCMIntentService"
        ],
        "receivers": [
            "com.google.android.gms.gcm.GcmReceiver",
            "crc643f46942d9dd1fff9.PowerSaveModeBroadcastReceiver",
            "crc64b3deb2c8d1362a60.ConcappsBroadcastReceiver",
            "crc64f98dd38067c0c88b.CustomTabsActionsBroadcastReceiver"
        ],
        "permission_details": {
            "android.permission.ACCESS_COARSE_LOCATION": "dangerous",
            "android.permission.ACCESS_FINE_LOCATION": "dangerous",
            "android.permission.ACCESS_NETWORK_STATE": "normal",
            "android.permission.BLUETOOTH": "normal",
            "android.permission.CALL_PHONE": "dangerous",
            "android.permission.CAMERA": "dangerous",
            "android.permission.GET_ACCOUNTS": "dangerous",
            "android.permission.INTERNET": "normal",
            "android.permission.READ_CALENDAR": "dangerous",
            "android.permission.READ_PHONE_STATE": "dangerous",
            "android.permission.RECEIVE_BOOT_COMPLETED": "normal",
            "android.permission.RECORD_AUDIO": "dangerous",
            "android.permission.USE_FINGERPRINT": "normal",
            "android.permission.WAKE_LOCK": "normal",
            "android.permission.WRITE_CALENDAR": "dangerous",
            "android.permission.WRITE_EXTERNAL_STORAGE": "dangerous",
            "com.android.launcher.permission.INSTALL_SHORTCUT": "normal",
            "com.android.launcher.permission.UNINSTALL_SHORTCUT": "unlaballed",
            "com.concapps.basisschoolinapp.permission.C2D_MESSAGE": "unknown",
            "com.concapps.basisschoolinapp.permission.MAPS_RECEIVE": "unknown",
            "com.google.android.c2dm.permission.RECEIVE": "unknown",
            "com.google.android.providers.gsf.permission.READ_GSERVICES": "unknown"
        },
        "risk_counts": {
            "dangerous": 10,
            "normal": 7,
            "unlaballed": 1,
            "unknown": 4
        }
    },
    "stats": {
        "dex_count": 1,
        "native_lib_count": 14
    },
    "jadx": {
        "status": "ok",
        "duration_sec": 16.49,
        "sources_present": true,
        "java_file_count": 3319
    },
    "ast_analysis": {
        "location": 0,
        "microphone": 0,
        "camera": 27,
        "media_projection": 0,
        "dynamic_load": 0,
        "jni": 7
    },
    "analysis_state": "complete"
}