{
    "apk_name": "6B9E091B8491A10DC3C99507291C08555E08939BA07B1B07D8896F8E9A73D1B8",
    "sha256": "6b9e091b8491a10dc3c99507291c08555e08939ba07b1b07d8896f8e9a73d1b8",
    "metadata": {
        "package_name": "com.diyidan",
        "version_code": "516",
        "version_name": "3.2.26",
        "min_sdk": "21",
        "target_sdk": "28",
        "permissions": [
            "android.Manifest.permission.DEVICE_POWER",
            "android.permission.ACCESS_BACKGROUND_LOCATION",
            "android.permission.ACCESS_COARSE_LOCATION",
            "android.permission.ACCESS_FINE_LOCATION",
            "android.permission.ACCESS_LOCATION_EXTRA_COMMANDS",
            "android.permission.ACCESS_NETWORK_STATE",
            "android.permission.ACCESS_WIFI_STATE",
            "android.permission.CAMERA",
            "android.permission.CHANGE_CONFIGURATION",
            "android.permission.CHANGE_NETWORK_STATE",
            "android.permission.CHANGE_WIFI_STATE",
            "android.permission.DISABLE_KEYGUARD",
            "android.permission.DOWNLOAD_WITHOUT_NOTIFICATION",
            "android.permission.FLASHLIGHT",
            "android.permission.FOREGROUND_SERVICE",
            "android.permission.GET_TASKS",
            "android.permission.INTERNET",
            "android.permission.MEDIA_MOUNTED",
            "android.permission.MEDIA_SCANNER_SCAN_FILE",
            "android.permission.MODIFY_AUDIO_SETTINGS",
            "android.permission.MOUNT_UNMOUNT_FILESYSTEMS",
            "android.permission.QUERY_ALL_PACKAGES",
            "android.permission.READ_EXTERNAL_STORAGE",
            "android.permission.READ_OWNER_DATA",
            "android.permission.READ_PHONE_STATE",
            "android.permission.RECEIVE_USER_PRESENT",
            "android.permission.RECORD_AUDIO",
            "android.permission.REORDER_TASKS",
            "android.permission.REQUEST_IGNORE_BATTERY_OPTIMIZATIONS",
            "android.permission.REQUEST_INSTALL_PACKAGES",
            "android.permission.SYSTEM_ALERT_WINDOW",
            "android.permission.VIBRATE",
            "android.permission.WAKE_LOCK",
            "android.permission.WRITE_EXTERNAL_STORAGE",
            "android.permission.WRITE_SETTINGS",
            "com.asus.msa.SupplementaryDID.ACCESS",
            "com.coloros.mcs.permission.RECIEVE_MCS_MESSAGE",
            "com.diyidan.permission.JPUSH_MESSAGE",
            "com.diyidan.permission.MIPUSH_RECEIVE",
            "com.diyidan.permission.PROCESS_PUSH_MSG",
            "com.huawei.android.launcher.permission.CHANGE_BADGE",
            "com.sec.android.provider.badge.permission.READ",
            "com.sec.android.provider.badge.permission.WRITE",
            "com.sonyericsson.home.permission.BROADCAST_BADGE",
            "com.sonymobile.home.permission.PROVIDER_INSERT_BADGE",
            "freemme.permission.msa"
        ],
        "activities": [
            "cn.jiguang.analytics.android.view.BuryWebActivity",
            "cn.jiguang.verifysdk.CtLoginActivity",
            "com.alipay.sdk.app.AlipayResultActivity",
            "com.alipay.sdk.app.H5AuthActivity",
            "com.alipay.sdk.app.H5PayActivity",
            "com.alipay.sdk.app.PayResultActivity",
            "com.alipay.sdk.auth.AuthActivity",
            "com.baidu.autoupdatesdk.ConfirmDialoigActivity",
            "com.baidu.mobads.AppActivity",
            "com.baidu.mobads.production.rewardvideo.MobRewardVideoActivity",
            "com.bayescom.sdk.BayesActivity",
            "com.bytedance.sdk.openadsdk.activity.TTDelegateActivity",
            "com.bytedance.sdk.openadsdk.activity.TTFullScreenExpressVideoActivity",
            "com.bytedance.sdk.openadsdk.activity.TTFullScreenVideoActivity",
            "com.bytedance.sdk.openadsdk.activity.TTLandingPageActivity",
            "com.bytedance.sdk.openadsdk.activity.TTPlayableLandingPageActivity",
            "com.bytedance.sdk.openadsdk.activity.TTRewardExpressVideoActivity",
            "com.bytedance.sdk.openadsdk.activity.TTRewardVideoActivity",
            "com.bytedance.sdk.openadsdk.activity.TTVideoLandingPageActivity",
            "com.cmcm.cmgame.activity.CommonWebviewActivity",
            "com.cmcm.cmgame.activity.CubeActivity",
            "com.cmcm.cmgame.activity.FeedBackWebActivity",
            "com.cmcm.cmgame.activity.H5GameActivity",
            "com.cmcm.cmgame.activity.H5GameLandscapeActivity",
            "com.cmcm.cmgame.activity.H5PayDetailActivity",
            "com.cmcm.cmgame.activity.H5PayGameActivity",
            "com.cmcm.cmgame.activity.H5PayGameLandscapeActivity",
            "com.cmcm.cmgame.activity.LuckyDrawActivity",
            "com.cmcm.cmgame.activity.MysteriousActivity",
            "com.cmcm.cmgame.activity.PermissionRequestActivity",
            "com.cmcm.cmgame.activity.PhoneLoginActivity",
            "com.cmcm.cmgame.activity.RecentPlayActivity",
            "com.cmcm.cmgame.activity.TransparentWebViewActivity",
            "com.cmcm.cmgame.gameshortcut.activity.GameShortcutDelegateActivity",
            "com.cmcm.cmgame.membership.MembershipCenterActivity",
            "com.cmcm.cmgame.search.CmSearchActivity",
            "com.cmic.sso.sdk.activity.LoginAuthActivity",
            "com.diyidan.activity.AccountInfoActivity",
            "com.diyidan.activity.AllHotRecommendNovelActivity",
            "com.diyidan.activity.AnswerSecurityQuestionActivity",
            "com.diyidan.activity.ApplayPostJudgerActivity",
            "com.diyidan.activity.ApplySubMasterActivity",
            "com.diyidan.activity.AutoReplyActivity",
            "com.diyidan.activity.BaseActivity",
            "com.diyidan.activity.BindAccountActivity",
            "com.diyidan.activity.BindPhoneNumActivity",
            "com.diyidan.activity.BindSecurityPhoneActivity",
            "com.diyidan.activity.BqListActivity",
            "com.diyidan.activity.ChooseBgMusicActivity",
            "com.diyidan.activity.ChooseMusicActivity",
            "com.diyidan.activity.ChoosePhotoActivity",
            "com.diyidan.activity.ChoosePhotosActivity",
            "com.diyidan.activity.ConcernPageSettingActivity",
            "com.diyidan.activity.CustomBrowserActivity",
            "com.diyidan.activity.DeepLinkActivity",
            "com.diyidan.activity.DoutuActivity",
            "com.diyidan.activity.DrawMoneyActivity",
            "com.diyidan.activity.EditMusicTagActivity",
            "com.diyidan.activity.EditVoiceCommentActivity",
            "com.diyidan.activity.EditVoicePostActivity",
            "com.diyidan.activity.FamousHallActivity",
            "com.diyidan.activity.FileExplorerActivity",
            "com.diyidan.activity.FileMusicExploerActivity",
            "com.diyidan.activity.FilePhotoExplorerActivity",
            "com.diyidan.activity.GameCenterActivity",
            "com.diyidan.activity.GameFriendsActivity",
            "com.diyidan.activity.GameInfoActivity",
            "com.diyidan.activity.GameSdkLoginActivity",
            "com.diyidan.activity.GuideActivity",
            "com.diyidan.activity.HotCartoonActivity",
            "com.diyidan.activity.HotDrawingActivity",
            "com.diyidan.activity.HotNovelActivityV2",
            "com.diyidan.activity.HotVideoActivity",
            "com.diyidan.activity.InvitationEncourageActivity",
            "com.diyidan.activity.LaunchMusicPostActivity",
            "com.diyidan.activity.LaunchPostActivity",
            "com.diyidan.activity.LaunchVideoPostActivity",
            "com.diyidan.activity.LaunchVotePostActivity",
            "com.diyidan.activity.MoreBqbActivity",
            "com.diyidan.activity.MyToolsActivity",
            "com.diyidan.activity.NearByUserActivity",
            "com.diyidan.activity.NewSubareaApplyActivity",
            "com.diyidan.activity.OauthPaymentActivity",
            "com.diyidan.activity.OauthWalletPaymentActivity",
            "com.diyidan.activity.OnConcernedAutoReplyActivity",
            "com.diyidan.activity.OrderPayNotifyActivity",
            "com.diyidan.activity.PhotoPreviewActivity",
            "com.diyidan.activity.PostCollectionActivity",
            "com.diyidan.activity.PostRankActivity",
            "com.diyidan.activity.RecordVoiceActivity",
            "com.diyidan.activity.ResetPayPasswordActivity",
            "com.diyidan.activity.RewardListActivity",
            "com.diyidan.activity.SearchActivity",
            "com.diyidan.activity.SearchOnlineMusicActivity",
            "com.diyidan.activity.SearchWallpaperByTagActivity",
            "com.diyidan.activity.SelectSavePathActivity",
            "com.diyidan.activity.SelectVideoBgActivity",
            "com.diyidan.activity.SettingAccountActivity",
            "com.diyidan.activity.SettingActivity",
            "com.diyidan.activity.SettingFeedback",
            "com.diyidan.activity.SettingLocationActivity",
            "com.diyidan.activity.SettingSchoolActivity",
            "com.diyidan.activity.SettingSecurityQuestionActivity",
            "com.diyidan.activity.SettingWalletPasswordActivity",
            "com.diyidan.activity.SettingWalletSecurityActivity",
            "com.diyidan.activity.SettingWallpaperActivity",
            "com.diyidan.activity.ShoppingCartActivity",
            "com.diyidan.activity.ShortCutTransferActivity",
            "com.diyidan.activity.ShowAlumnusActivity",
            "com.diyidan.activity.TestDeepLinkActivity",
            "com.diyidan.activity.UniverialSettingActivity",
            "com.diyidan.activity.VerifyAccountActivity",
            "com.diyidan.activity.VoiceDraftActivity",
            "com.diyidan.activity.WalletActivity",
            "com.diyidan.activity.WalletRechargeMoneyActivity",
            "com.diyidan.activity.WallpaperActivity",
            "com.diyidan.activity.WebInteratctionActivity",
            "com.diyidan.activity.YunqueGameActivity",
            "com.diyidan.activity.post.origin.ApplyOriginActivity",
            "com.diyidan.activity.userhomepage.UserMsgBoardSettingActivity",
            "com.diyidan.bq.MyCollectSettingActivity",
            "com.diyidan.download.image.ImageViewActivity",
            "com.diyidan.linkedme.MiddleActivity",
            "com.diyidan.linkedme.UriSchemeProcessActivity",
            "com.diyidan.photo.ClipImageActivity",
            "com.diyidan.ui.area.AreaDetailActivity",
            "com.diyidan.ui.area.desc.AreaDescriptionActivity",
            "com.diyidan.ui.audit.area.AreaAuditActivity",
            "com.diyidan.ui.block.BlockUsersActivity",
            "com.diyidan.ui.candyshop.purchase.MyCandyPurchaseMainActivity",
            "com.diyidan.ui.candyshop.purchase.PurchasedContainerActivity",
            "com.diyidan.ui.candyshop.purchase.history.MyCandyPurchaseHistoryActivity",
            "com.diyidan.ui.candyshop.view.CandyShopActivity",
            "com.diyidan.ui.candyshop.view.SignRecordActivity",
            "com.diyidan.ui.checkin.UserCheckInActivity",
            "com.diyidan.ui.cmgame.CmGameActivity",
            "com.diyidan.ui.cooperation.CooperationActivity",
            "com.diyidan.ui.download.MyDownloadActivity",
            "com.diyidan.ui.drama.actor.ActorDetailActivity",
            "com.diyidan.ui.drama.binge.BingeDramaActivity",
            "com.diyidan.ui.drama.calendar.DramaCalendarActivity",
            "com.diyidan.ui.drama.category.CategoryDramaActivity",
            "com.diyidan.ui.drama.detail.DramaDetailActivity",
            "com.diyidan.ui.drama.download.DramaDownloadChooseActivity",
            "com.diyidan.ui.drama.download.DramaDownloadingActivity",
            "com.diyidan.ui.drama.download.DramaDownloadsActivity",
            "com.diyidan.ui.drama.download.DramaDownloadsCompleteActivity",
            "com.diyidan.ui.drama.download.DramaItemListActivity",
            "com.diyidan.ui.feedback.FeedbackActivity",
            "com.diyidan.ui.feedback.FeedbackResultActivity",
            "com.diyidan.ui.feedback.HelpCenterDetailsActivity",
            "com.diyidan.ui.friend.AddFriendsActivity",
            "com.diyidan.ui.image.post.CommentDetailImagePreviewActivity",
            "com.diyidan.ui.image.post.PostImagePreviewActivity",
            "com.diyidan.ui.image.post.VerticalPostImagePreviewActivity",
            "com.diyidan.ui.image.single.SingleImagePreviewActivity",
            "com.diyidan.ui.launcher.LauncherActivity",
            "com.diyidan.ui.launcher.SplashActivity",
            "com.diyidan.ui.launchvideo.LaunchVideoActivity",
            "com.diyidan.ui.login.information.SupplyUserInfoActivity",
            "com.diyidan.ui.main.MainActivity",
            "com.diyidan.ui.main.ad.MainAdActivity",
            "com.diyidan.ui.main.area.areahome.createarea.CreateAreaActivity",
            "com.diyidan.ui.main.area.areahome.hotarea.HotAreaActivity",
            "com.diyidan.ui.main.area.areahome.searcharea.SearchAreaActivity",
            "com.diyidan.ui.main.contacts.AtContactsActivity",
            "com.diyidan.ui.main.contacts.ContactsActivity",
            "com.diyidan.ui.main.contacts.ShareToContactsActivity",
            "com.diyidan.ui.main.drama.refactor.DramaConditionSearchActivity",
            "com.diyidan.ui.main.me.task.GoldDetailActivity",
            "com.diyidan.ui.main.me.task.RewardVideoActivity",
            "com.diyidan.ui.main.me.task.TaskCenterActivity",
            "com.diyidan.ui.main.me.userhome.UserHomeInfoActivity",
            "com.diyidan.ui.main.me.userhome.homesection.detail.CreateCollectFolderActivity",
            "com.diyidan.ui.main.me.userhome.homesection.detail.SelectCollectFolderActivity",
            "com.diyidan.ui.main.me.userhome.homesection.detail.UserCollectFolderActivity",
            "com.diyidan.ui.main.me.userhome.homesection.detail.UserCollectPostActivity",
            "com.diyidan.ui.main.me.userhome.homesection.detail.UserPostActivity",
            "com.diyidan.ui.main.me.userhome.homesection.mytopic.MyTopicActivity",
            "com.diyidan.ui.main.me.userhome.msgboadsection.MsgBoardDetailActivity",
            "com.diyidan.ui.main.me.userhome.refacor.ImageWallPreviewActivity",
            "com.diyidan.ui.main.me.userhome.refacor.UserHomeActivity",
            "com.diyidan.ui.main.me.userhome.refacor.fragment.usercollection.SearchCollectionActivity",
            "com.diyidan.ui.main.me.userhome.refacor.fragment.userdata.UserPersonalDataActivity",
            "com.diyidan.ui.main.me.userhome.refacor.fragment.userheader.MoreMightInterestActivity",
            "com.diyidan.ui.main.me.userhome.refacor.fragment.userheader.UserBackupActivity",
            "com.diyidan.ui.main.me.userhome.setting.PermissionSettingActivity",
            "com.diyidan.ui.main.message.chatmsg.ChatMsgActivity",
            "com.diyidan.ui.main.message.chatmsg.ChatMsgImagePreviewActivity",
            "com.diyidan.ui.main.message.header.MsgPostActivity",
            "com.diyidan.ui.main.message.header.MsgSystemActivity",
            "com.diyidan.ui.main.pravicy.PrivacyPolicyActivity",
            "com.diyidan.ui.medal.MedalDetailActivity",
            "com.diyidan.ui.medal.MyMedalActivity",
            "com.diyidan.ui.medal.acquire.MedalDialogActivity",
            "com.diyidan.ui.post.detail.PagerPostDetailActivity",
            "com.diyidan.ui.post.detail.PostDetailActivity",
            "com.diyidan.ui.post.detail.comment.detail.CommentDetailActivity",
            "com.diyidan.ui.post.launch.ChooseSubAreaActivity",
            "com.diyidan.ui.post.launch.LaunchShortVideoPostActivity",
            "com.diyidan.ui.post.launch.addtag.AddPostTagsActivity",
            "com.diyidan.ui.postdetailvideo.view.VideoListActivity",
            "com.diyidan.ui.postshortvideo.VideoPreviewActivity",
            "com.diyidan.ui.search.main.SearchActivity",
            "com.diyidan.ui.search.main.SearchResultActivity",
            "com.diyidan.ui.search.ranking.SeriesRankingActivity",
            "com.diyidan.ui.selectmusic.SelectMusicActivity",
            "com.diyidan.ui.selectmusic.search.SearchMusicActivity",
            "com.diyidan.ui.shopping.ShoppingCenterActivity",
            "com.diyidan.ui.shopping.order.ConfirmOrderActivity",
            "com.diyidan.ui.shopping.search.SearchProductContainerActivity",
            "com.diyidan.ui.shopping.search.searchresult.SearchProductResultContainerActivity",
            "com.diyidan.ui.shopping.shopcart.ShoppingCartActivity",
            "com.diyidan.ui.shortvideo.DownloadShortVideoListActivity",
            "com.diyidan.ui.topic.TopicActivity",
            "com.diyidan.ui.user.BrowserHistoryActivity",
            "com.diyidan.ui.user.UserRelationActivity",
            "com.diyidan.ui.user.download.VideoDownloadActivity",
            "com.diyidan.ui.video.VideoActivity",
            "com.diyidan.ui.videoimport.importer.PostImportVideoActivity",
            "com.diyidan.ui.videoimport.videogalley.VideoGalleryActivity",
            "com.diyidan.ui.vip.GiftVipActivity",
            "com.diyidan.ui.vip.TradeRecordsActivity",
            "com.diyidan.ui.vip.VipDetailsActivity",
            "com.diyidan.ui.vip.VipPaySuccessActivity",
            "com.diyidan.ui.wallpaper.search.WallPaperSearchResultActivity",
            "com.diyidan.ui.wallpaper.search.WallpaperSearchActivity",
            "com.diyidan.wxapi.WXEntryActivity",
            "com.diyidan.wxapi.WXPayEntryActivity",
            "com.diyidan2.ui.dcoin.DCoinHisActivity",
            "com.diyidan2.ui.dcoin.MyDCoinActivity",
            "com.diyidan2.ui.gift.GiftHisActivity",
            "com.diyidan2.ui.live.AnchorCenterActivity",
            "com.diyidan2.ui.live.BagActivity",
            "com.diyidan2.ui.live.CreateVoiceLiveActivity",
            "com.diyidan2.ui.live.EditLiveBgActivity",
            "com.diyidan2.ui.live.IdentityVerifyActivity",
            "com.diyidan2.ui.live.LiveSettingEditActivity",
            "com.diyidan2.ui.live.VoiceLiveActivity",
            "com.diyidan2.ui.login.LoginActivity",
            "com.diyidan2.ui.logoff.LogoffActivity",
            "com.diyidan2.ui.teen.TeenModeActivity",
            "com.diyidan2.ui.xiatao.XiaTaoActivity",
            "com.facebook.react.devsupport.DevSettingsActivity",
            "com.falcon.adpoymer.activity.LyVideoActivity",
            "com.huawei.android.hms.agent.common.HMSAgentActivity",
            "com.huawei.android.hms.agent.hwid.HMSSignInAgentActivity",
            "com.huawei.android.hms.agent.pay.HMSPMSPayAgentActivity",
            "com.huawei.android.hms.agent.pay.HMSPayAgentActivity",
            "com.huawei.appmarket.component.buoycircle.impl.delegete.BuoyBridgeActivity",
            "com.huawei.hms.activity.BridgeActivity",
            "com.huawei.updatesdk.service.otaupdate.AppUpdateActivity",
            "com.huawei.updatesdk.support.pm.PackageInstallerActivity",
            "com.inmobi.rendering.InMobiAdActivity",
            "com.pingplusplus.android.PaymentActivity",
            "com.qq.e.ads.ADActivity",
            "com.qq.e.ads.DialogActivity",
            "com.qq.e.ads.LandscapeADActivity",
            "com.qq.e.ads.PortraitADActivity",
            "com.qq.e.ads.RewardvideoLandscapeADActivity",
            "com.qq.e.ads.RewardvideoPortraitADActivity",
            "com.share.sdktools.SDKAssistant$SDKActivity",
            "com.sina.weibo.sdk.share.WbShareToStoryActivity",
            "com.sina.weibo.sdk.share.WbShareTransActivity",
            "com.sina.weibo.sdk.web.WeiboSdkWebActivity",
            "com.ss.android.downloadlib.activity.TTDelegateActivity",
            "com.ss.android.socialbase.appdownloader.view.DownloadTaskDeleteActivity",
            "com.ss.android.socialbase.appdownloader.view.JumpUnknownSourceActivity",
            "com.tanjinc.omgvideoplayer.VideoWindowActivity",
            "com.tencent.connect.common.AssistActivity",
            "com.tencent.tauth.AuthActivity",
            "com.vivo.push.sdk.LinkProxyClientActivity"
        ],
        "services": [
            "androidx.room.MultiInstanceInvalidationService",
            "cn.jpush.android.service.JCommonService",
            "com.baidu.location.f",
            "com.bayescom.sdk.BayesDownloadService",
            "com.bytedance.sdk.openadsdk.multipro.aidl.BinderPoolService",
            "com.bytedance.tea.crash.upload.CrashUploadService",
            "com.diyidan.asyntask.DydGameService",
            "com.diyidan.asyntask.DydLocalService",
            "com.diyidan.asyntask.DydNetworkJobService",
            "com.diyidan.asyntask.DydNetworkService",
            "com.diyidan.download.image.LoadImageService",
            "com.diyidan.media.audio.MusicService",
            "com.diyidan.music.MusicService",
            "com.diyidan.push.OppoPushMessageService",
            "com.diyidan.service.VideoWallpaperService",
            "com.diyidan.util.FileViewService",
            "com.diyidan.util.exomediaplayer.service.ExoMediaService",
            "com.huawei.hms.support.api.push.service.HmsMsgService",
            "com.huawei.updatesdk.service.deamon.download.DownloadService",
            "com.inmobi.ads.ApkDownloader$ApkDownloadService",
            "com.qq.e.comm.DownloadService",
            "com.ss.android.socialbase.appdownloader.DownloadHandlerService",
            "com.ss.android.socialbase.downloader.downloader.DownloadService",
            "com.ss.android.socialbase.downloader.downloader.IndependentProcessDownloadService",
            "com.ss.android.socialbase.downloader.downloader.SqlDownloadCacheService",
            "com.ss.android.socialbase.downloader.impls.DownloadHandleService",
            "com.ss.android.socialbase.downloader.impls.RetryJobSchedulerService",
            "com.ss.android.socialbase.downloader.notification.DownloadNotificationService",
            "com.tanjinc.omgvideoplayer.FloatWindowService",
            "com.vivo.push.sdk.service.CommandClientService",
            "com.xiaomi.mipush.sdk.MessageHandleService",
            "com.xiaomi.mipush.sdk.PushMessageHandler",
            "com.xiaomi.push.service.XMJobService",
            "com.xiaomi.push.service.XMPushService"
        ],
        "receivers": [
            "com.alipay.mobile.command.trigger.NotifyTrigger",
            "com.bytedance.embedapplog.collector.Collector",
            "com.cmcm.shortcut.core.AutoCreateBroadcastReceiver",
            "com.cmcm.shortcut.core.NormalCreateBroadcastReceiver",
            "com.devbrackets.android.playlistcore.receiver.MediaControlsReceiver",
            "com.diyidan.network.NetworkSwitcherReceiver",
            "com.diyidan.push.HuaweiPushReceiver",
            "com.diyidan.push.VivoPushReceiver",
            "com.diyidan.receivers.LogoutReceiver",
            "com.diyidan.receivers.NetworkReceiver",
            "com.ss.android.downloadlib.core.download.DownloadReceiver",
            "com.xiaomi.push.MyXiaomiMessageReceiver",
            "com.xiaomi.push.service.receivers.NetworkStatusReceiver",
            "com.xiaomi.push.service.receivers.PingReceiver"
        ],
        "permission_details": {
            "android.Manifest.permission.DEVICE_POWER": "unknown",
            "android.permission.ACCESS_BACKGROUND_LOCATION": "dangerous",
            "android.permission.ACCESS_COARSE_LOCATION": "dangerous",
            "android.permission.ACCESS_FINE_LOCATION": "dangerous",
            "android.permission.ACCESS_LOCATION_EXTRA_COMMANDS": "normal",
            "android.permission.ACCESS_NETWORK_STATE": "normal",
            "android.permission.ACCESS_WIFI_STATE": "normal",
            "android.permission.CAMERA": "dangerous",
            "android.permission.CHANGE_CONFIGURATION": "signature",
            "android.permission.CHANGE_NETWORK_STATE": "normal",
            "android.permission.CHANGE_WIFI_STATE": "normal",
            "android.permission.DISABLE_KEYGUARD": "normal",
            "android.permission.DOWNLOAD_WITHOUT_NOTIFICATION": "unknown",
            "android.permission.FLASHLIGHT": "unknown",
            "android.permission.FOREGROUND_SERVICE": "normal",
            "android.permission.GET_TASKS": "unlaballed",
            "android.permission.INTERNET": "normal",
            "android.permission.MEDIA_MOUNTED": "unknown",
            "android.permission.MEDIA_SCANNER_SCAN_FILE": "unknown",
            "android.permission.MODIFY_AUDIO_SETTINGS": "normal",
            "android.permission.MOUNT_UNMOUNT_FILESYSTEMS": "unlaballed",
            "android.permission.QUERY_ALL_PACKAGES": "normal",
            "android.permission.READ_EXTERNAL_STORAGE": "dangerous",
            "android.permission.READ_OWNER_DATA": "unknown",
            "android.permission.READ_PHONE_STATE": "dangerous",
            "android.permission.RECEIVE_USER_PRESENT": "unknown",
            "android.permission.RECORD_AUDIO": "dangerous",
            "android.permission.REORDER_TASKS": "normal",
            "android.permission.REQUEST_IGNORE_BATTERY_OPTIMIZATIONS": "normal",
            "android.permission.REQUEST_INSTALL_PACKAGES": "signature",
            "android.permission.SYSTEM_ALERT_WINDOW": "signature",
            "android.permission.VIBRATE": "normal",
            "android.permission.WAKE_LOCK": "normal",
            "android.permission.WRITE_EXTERNAL_STORAGE": "dangerous",
            "android.permission.WRITE_SETTINGS": "signature",
            "com.asus.msa.SupplementaryDID.ACCESS": "unknown",
            "com.coloros.mcs.permission.RECIEVE_MCS_MESSAGE": "unknown",
            "com.diyidan.permission.JPUSH_MESSAGE": "unknown",
            "com.diyidan.permission.MIPUSH_RECEIVE": "unknown",
            "com.diyidan.permission.PROCESS_PUSH_MSG": "unknown",
            "com.huawei.android.launcher.permission.CHANGE_BADGE": "unknown",
            "com.sec.android.provider.badge.permission.READ": "unknown",
            "com.sec.android.provider.badge.permission.WRITE": "unknown",
            "com.sonyericsson.home.permission.BROADCAST_BADGE": "unknown",
            "com.sonymobile.home.permission.PROVIDER_INSERT_BADGE": "unknown",
            "freemme.permission.msa": "unknown"
        },
        "risk_counts": {
            "unknown": 18,
            "dangerous": 8,
            "normal": 14,
            "signature": 4,
            "unlaballed": 2
        }
    },
    "stats": {
        "dex_count": 5,
        "native_lib_count": 313
    },
    "jadx": {
        "status": "ok",
        "duration_sec": 86.37,
        "sources_present": true,
        "java_file_count": 19592
    },
    "ast_analysis": {
        "location": 9,
        "microphone": 4,
        "camera": 76,
        "media_projection": 0,
        "dynamic_load": 0,
        "jni": 42
    },
    "analysis_state": "complete"
}