{
    "apk_name": "5B4815F4A4EF01416FE62FBD656D64F8FB4F152954C267541D62B0DF3A57BB22",
    "sha256": "5b4815f4a4ef01416fe62fbd656d64f8fb4f152954c267541d62b0df3a57bb22",
    "metadata": {
        "package_name": "co.runner.app",
        "version_code": "52620",
        "version_name": "5.26.2",
        "min_sdk": "21",
        "target_sdk": "31",
        "permissions": [
            "android.permission.ACCESS_BACKGROUND_LOCATION",
            "android.permission.ACCESS_COARSE_LOCATION",
            "android.permission.ACCESS_FINE_LOCATION",
            "android.permission.ACCESS_GPS",
            "android.permission.ACCESS_NETWORK_STATE",
            "android.permission.ACTIVITY_RECOGNITION",
            "android.permission.AUTHENTICATE_ACCOUNTS",
            "android.permission.BATTERY_STATS",
            "android.permission.BLUETOOTH",
            "android.permission.BLUETOOTH_ADMIN",
            "android.permission.BLUETOOTH_ADVERTISE",
            "android.permission.BLUETOOTH_CONNECT",
            "android.permission.BLUETOOTH_SCAN",
            "android.permission.BROADCAST_STICKY",
            "android.permission.CAMERA",
            "android.permission.CHANGE_NETWORK_STATE",
            "android.permission.CHANGE_WIFI_STATE",
            "android.permission.FLASHLIGHT",
            "android.permission.FOREGROUND_SERVICE",
            "android.permission.HIGH_SAMPLING_RATE_SENSORS",
            "android.permission.INTERACT_ACROSS_USERS",
            "android.permission.INTERACT_ACROSS_USERS_FULL",
            "android.permission.INTERNET",
            "android.permission.MODIFY_AUDIO_SETTINGS",
            "android.permission.MOUNT_UNMOUNT_FILESYSTEMS",
            "android.permission.NFC",
            "android.permission.QUERY_ALL_PACKAGES",
            "android.permission.READ_EXTERNAL_STORAGE",
            "android.permission.READ_MEDIA_AUDIO",
            "android.permission.READ_MEDIA_IMAGES",
            "android.permission.READ_MEDIA_VIDEO",
            "android.permission.READ_SOCIAL_STREAM",
            "android.permission.READ_SYNC_SETTINGS",
            "android.permission.RECEIVED_BOOT_COMPLETED",
            "android.permission.RECEIVE_USER_PRESENT",
            "android.permission.RECORD_AUDIO",
            "android.permission.REQUEST_IGNORE_BATTERY_OPTIMIZATIONS",
            "android.permission.REQUEST_INSTALL_PACKAGES",
            "android.permission.SCHEDULE_EXACT_ALARM",
            "android.permission.SYSTEM_ALERT_WINDOW",
            "android.permission.UPDATE_APP_OPS_STATS",
            "android.permission.USE_CREDENTIALS",
            "android.permission.USE_FULL_SCREEN_INTENT",
            "android.permission.VIBRATE",
            "android.permission.WAKE_LOCK",
            "android.permission.WRITE_EXTERNAL_STORAGE",
            "android.permission.WRITE_SETTINGS",
            "android.permission.WRITE_SOCIAL_STREAM",
            "android.permission.WRITE_SYNC_SETTINGS",
            "co.runner.app.permission.MIPUSH_RECEIVE",
            "co.runner.app.permission.PROCESS_PUSH_MSG",
            "co.runner.app.permission.PUSH_PROVIDER",
            "co.runner.app.permission.RONG_ACCESS_RECEIVER",
            "co.runner.app.push.permission.MESSAGE",
            "com.android.launcher.permission.READ_SETTINGS",
            "com.coloros.mcs.permission.RECIEVE_MCS_MESSAGE",
            "com.google.android.providers.gsf.permission.READ_GSERVICES",
            "com.heytap.mcs.permission.RECIEVE_MCS_MESSAGE",
            "com.huawei.appmarket.service.commondata.permission.GET_COMMON_DATA",
            "com.meizu.c2dm.permission.RECEIVE",
            "com.meizu.flyme.push.permission.RECEIVE",
            "com.vivo.notification.permission.BADGE_ICON",
            "getui.permission.GetuiService.co.runner.app",
            "org.simalliance.openmobileap i.SMARTCARD"
        ],
        "activities": [
            "co.runner.advert.ui.AdvertVideoActivity",
            "co.runner.advert.ui.BirthdayShareActivity",
            "co.runner.app.account.ui.EditMustInfoActivity",
            "co.runner.app.account.ui.ForgetPwdActivity",
            "co.runner.app.account.ui.ForgetPwdEmailConfirmActivity",
            "co.runner.app.account.ui.HealthReportActivity",
            "co.runner.app.account.ui.OtherBindActivity",
            "co.runner.app.account.ui.RegisterLoginActivity",
            "co.runner.app.account.ui.SelectFollowActivity",
            "co.runner.app.account.ui.SelectHeightActivity",
            "co.runner.app.account.ui.SelectLikeActivity",
            "co.runner.app.account.ui.SelectWeightActivity",
            "co.runner.app.account.ui.TickPackageActivity",
            "co.runner.app.activity.DebugActivity",
            "co.runner.app.activity.ImportRouteActivity",
            "co.runner.app.activity.NotFoundActivity",
            "co.runner.app.activity.base.SimpleFragmentActivity",
            "co.runner.app.activity.base.WebViewShareImageActivity",
            "co.runner.app.activity.crew.CrewApplicationListActivity",
            "co.runner.app.activity.crew.CrewClubActivity",
            "co.runner.app.activity.crew.CrewEventDetailActivity",
            "co.runner.app.activity.crew.CrewEventUserListActivity",
            "co.runner.app.activity.crew.CrewMemberListActivity",
            "co.runner.app.activity.crew.CrewOrClubEditActivity",
            "co.runner.app.activity.crew.EditCrewRemarkActivity",
            "co.runner.app.activity.dev.DevRepairSuperActivity",
            "co.runner.app.activity.dev.DevRepairToolsActivity",
            "co.runner.app.activity.dev.DevUserRecordActivity",
            "co.runner.app.activity.dev.DeveloperActivity",
            "co.runner.app.activity.feed.ShareFromOutActivity",
            "co.runner.app.activity.more.AboutUsActivity",
            "co.runner.app.activity.more.ChatSettingActivity",
            "co.runner.app.activity.more.ChooseColorActivity",
            "co.runner.app.activity.more.LabActivity",
            "co.runner.app.activity.more.LanguageChoiceActivity",
            "co.runner.app.activity.more.MapSettingsActivity",
            "co.runner.app.activity.more.MessageSettingActivity",
            "co.runner.app.activity.more.VoiceSettingActivity",
            "co.runner.app.activity.more.VoiceSettingFrequencyActivity",
            "co.runner.app.activity.push.MsgListActivity",
            "co.runner.app.activity.record.RecordDataActivity",
            "co.runner.app.activity.record.RecordPaceDetailActivity",
            "co.runner.app.activity.record.SensorCheckActivity",
            "co.runner.app.activity.record.TrackMapDrawActivity",
            "co.runner.app.activity.record.replay.RecordReplayActivity",
            "co.runner.app.activity.route.GPXParserActivity",
            "co.runner.app.activity.route.KMLParserActivity",
            "co.runner.app.activity.route.MineRouteActivity",
            "co.runner.app.activity.route.MineRouteDetailActivity",
            "co.runner.app.activity.route.RouteVoiceSettingActivity",
            "co.runner.app.activity.tools.CameraActivityV2",
            "co.runner.app.activity.tools.ExceptionActivity",
            "co.runner.app.activity.tools.ImagesActivity",
            "co.runner.app.activity.tools.ShareImageDialogActivity",
            "co.runner.app.activity.tools.ShortChainTransferActivity",
            "co.runner.app.activity.tools.SwitchToTestServerActivity",
            "co.runner.app.activity.tools.SystemRouterActivity",
            "co.runner.app.activity.tools.WebViewActivity",
            "co.runner.app.activity.tools.media.ImageActivity",
            "co.runner.app.activity.tools.media.ImagePagerActivity",
            "co.runner.app.activity.tools.media.ImagesActivityV2",
            "co.runner.app.activity.tools.media.PhotoAlbumActivity",
            "co.runner.app.brand.ui.BrandDetailActivityV5",
            "co.runner.app.brand.ui.BrandListActivity",
            "co.runner.app.brand.ui.BrandPrefectureActivity",
            "co.runner.app.brand.ui.BrandWorksListActivity",
            "co.runner.app.home_v4.activity.HomeActivityV5",
            "co.runner.app.record.ui.InviteAutoRun2Activity",
            "co.runner.app.rong.activity.ConversationActivity",
            "co.runner.app.rong.activity.ConversationListActivity",
            "co.runner.app.running.activity.DistanceCalibrationActivity",
            "co.runner.app.running.activity.InputTargetActivity",
            "co.runner.app.running.activity.NavigateShareActivity",
            "co.runner.app.running.activity.RunningDataActivity",
            "co.runner.app.running.activity.RunningMapActivity",
            "co.runner.app.running.activity.RunningNavigateActivity",
            "co.runner.app.running.activity.SelectTargetActivity",
            "co.runner.app.running.activity.SetCustomDataActivity",
            "co.runner.app.running.activity.StartRunningActivity",
            "co.runner.app.ui.challenge.ChallengeRunActivity",
            "co.runner.app.ui.crew.crew.CrewActivity",
            "co.runner.app.ui.crew.crew.CrewV1Activity",
            "co.runner.app.ui.crew.event.CrewLayerSelectActivity",
            "co.runner.app.ui.crew.multiTier.TierChangeActivity",
            "co.runner.app.ui.crew.rank.CrewV1RankActivity",
            "co.runner.app.ui.marathon.activity.AssociatSmallRoutineActivity",
            "co.runner.app.ui.marathon.activity.MarathonCommentActivity",
            "co.runner.app.ui.marathon.activity.MarathonCommentListActivity",
            "co.runner.app.ui.marathon.activity.MarathonRaceDetailActivity",
            "co.runner.app.ui.marathon.activity.MarathonRaceListActivity",
            "co.runner.app.ui.marathon.activity.MarathonRaceSearchActivity",
            "co.runner.app.ui.marathon.activity.MatchGradesActivity",
            "co.runner.app.ui.marathon.activity.MatchSignActivity",
            "co.runner.app.ui.marathon.activity.MyFollowRaceListActivity",
            "co.runner.app.ui.marathon.activity.MyRaceActivity",
            "co.runner.app.ui.marathon.activity.MyRunRaceListActivity",
            "co.runner.app.ui.marathon.activity.MyRunRaceShareActivity",
            "co.runner.app.ui.marathon.activity.RaceSignActivity",
            "co.runner.app.ui.marathon.activity.ReviewCardActivity",
            "co.runner.app.ui.more.joyrunPersonalization.JoyRunPersonalizationActivity",
            "co.runner.app.ui.more.joyrunSecret.JoyRunSecretActivity",
            "co.runner.app.ui.more.setting.CommonFunctionActivity",
            "co.runner.app.ui.more.setting.CommonPermissionActivity",
            "co.runner.app.ui.more.setting.FunctionPermissionActivity",
            "co.runner.app.ui.more.setting.PermissionSettingActivity",
            "co.runner.app.ui.more.setting.SettingActivity",
            "co.runner.app.ui.permission.RunPermissionActivity",
            "co.runner.app.ui.picture.PictureEditActivity",
            "co.runner.app.ui.picture.PicturePreviewActivityV2",
            "co.runner.app.ui.picture.SearchFeedTagActivity",
            "co.runner.app.ui.record.RecordHistoryActivity",
            "co.runner.app.ui.record.RecordShareActivity",
            "co.runner.app.ui.record.RecordStatisticsActivity",
            "co.runner.app.ui.record.RunSettingsActivity",
            "co.runner.app.ui.record.RunStrideRateActivity",
            "co.runner.app.ui.record.StartRunActivity",
            "co.runner.app.ui.tool.ARActivity",
            "co.runner.app.ui.tool.InputMethodManagerActivity",
            "co.runner.app.ui.tool.InstallAppActivity",
            "co.runner.app.ui.tool.LaunchMiniProgramActivity",
            "co.runner.app.ui.tool.QRCodeActivity",
            "co.runner.app.ui.tool.QRCodeInterceptActivity",
            "co.runner.app.ui.tool.SessionExpiredActivity",
            "co.runner.app.view.event.ui.AllMatchActivity",
            "co.runner.app.view.event.ui.CrewLeagueActivity",
            "co.runner.app.view.event.ui.MatchCareerShareActivity",
            "co.runner.app.view.event.ui.MatchLiveListActivity",
            "co.runner.app.view.event.ui.MatchPayActivity",
            "co.runner.app.view.event.ui.MatchSearchActivity",
            "co.runner.app.view.event.ui.MatchTimeLineActivity",
            "co.runner.app.view.event.ui.NearbyCrewEventActivity",
            "co.runner.app.view.event.ui.RaceActivity",
            "co.runner.app.view.event.ui.RaceSignUpActivity",
            "co.runner.app.view.event.ui.RunningEventActivityV2",
            "co.runner.app.view.my_event.ui.MyEventActivity",
            "co.runner.app.view.rank.ui.CrewClubRankActivity",
            "co.runner.app.watch.ui.DeviceAuthHuamiActivity",
            "co.runner.app.watch.ui.DeviceAuthJTourActivity",
            "co.runner.app.watch.ui.DeviceAuthSuuntoPreviewActivity",
            "co.runner.app.watch.ui.DeviceAuthWebActivity",
            "co.runner.app.watch.ui.DeviceBindActivity",
            "co.runner.app.watch.ui.DeviceDataSyncActivity",
            "co.runner.app.watch.ui.DeviceGarminActivity",
            "co.runner.app.watch.ui.DeviceKingSmithActivity",
            "co.runner.app.watch.ui.DeviceScanAmisActivity",
            "co.runner.app.watch.ui.DeviceScanEzonActivity",
            "co.runner.app.watch.ui.DeviceScanHeartRateActivity",
            "co.runner.app.watch.ui.DeviceScanKingSmithActivity",
            "co.runner.app.watch.ui.WatchEzonWebAuthActivity",
            "co.runner.app.watch.ui.WatchListActivity",
            "co.runner.app.watch.ui.WatchWeloopAuthActivity",
            "co.runner.app.wxapi.WXEntryActivity",
            "co.runner.app.wxapi.WXPayEntryActivity",
            "co.runner.appeal.view.AppealDetailActivity",
            "co.runner.appeal.view.AppealeFinishActivity",
            "co.runner.appeal.view.AppealedActivity",
            "co.runner.appeal.view.AppealedListActivity",
            "co.runner.appeal.view.IssueListActivity",
            "co.runner.avatar.ui.activity.AvatarEditActivityV2",
            "co.runner.avatar.ui.activity.AvatarShareActivity",
            "co.runner.avatar.ui.activity.PreInitAvatarActivity",
            "co.runner.badge.activity.BadgeActivityV2",
            "co.runner.badge.activity.BadgeSecondTypeShareActivity",
            "co.runner.badge.activity.BadgeShareActivity",
            "co.runner.badge.activity.BadgeTimeLineActivity",
            "co.runner.badge.activity.KeepRecordActivity",
            "co.runner.badge.activity.SecondTypeShareActivity",
            "co.runner.badge.activity.UpgradeActivity",
            "co.runner.bet.activity.BetClassDetailL1Activity",
            "co.runner.bet.activity.BetClassDetailL2Activity",
            "co.runner.bet.activity.BetClassDetailV2Activity",
            "co.runner.bet.activity.BetClassJoinPayActivity",
            "co.runner.bet.activity.BetClassListL1Activity",
            "co.runner.bet.activity.BetClassListL2Activity",
            "co.runner.bet.activity.BetClassPartinActivity",
            "co.runner.bet.activity.BetClockInRemindActivity",
            "co.runner.bet.activity.BetCreateClassL1Activity",
            "co.runner.bet.activity.BetCreateClassL2Activity",
            "co.runner.bet.activity.BetDebugActivity",
            "co.runner.bet.activity.BetMainActivity",
            "co.runner.bet.activity.BetPayActivity",
            "co.runner.bet.activity.BetPaySuccessActivity",
            "co.runner.bet.activity.BetRunIndexActivity",
            "co.runner.bet.activity.MyBetHistoryClassActivity",
            "co.runner.bet.activity.sponsor.BetRunSponsorActivity",
            "co.runner.bet.activity.sponsor.BetSponsorClassActivity",
            "co.runner.bet.activity.sponsor.BetSponsorListActivity",
            "co.runner.bet.activity.sponsor.BetSponsorPayActivity",
            "co.runner.bet.activity.sponsor.OfficialSponsorActivity",
            "co.runner.bet.activity.sponsor.PersonalSponsorActivity",
            "co.runner.challenge.activity.ChallengeAwardActivity",
            "co.runner.challenge.activity.ChallengeDetailActivity",
            "co.runner.crew.activity.CrewAppEventApplyActivity",
            "co.runner.crew.activity.CrewAppEventDetailActivity",
            "co.runner.crew.activity.CrewCitiesActivity",
            "co.runner.crew.activity.CrewCreateActivity",
            "co.runner.crew.activity.CrewCreateInReviewActivity",
            "co.runner.crew.activity.CrewEventEditActivity",
            "co.runner.crew.activity.CrewEventListActivity",
            "co.runner.crew.activity.CrewMemberSearchActivity",
            "co.runner.crew.activity.DiscoverCrewActivity",
            "co.runner.crew.activity.DiscoverCrewMainActivity",
            "co.runner.crew.activity.EventAllMembersActivity",
            "co.runner.crew.activity.EventCreateEditActivity",
            "co.runner.crew.activity.FindMultipleCrewsActivity",
            "co.runner.crew.activity.SingleManagerActivity",
            "co.runner.crew.activity.announce.CrewAnnounceDetailActivity",
            "co.runner.crew.activity.announce.CrewAnnounceListActivity",
            "co.runner.crew.activity.announce.CrewAnnouncePostActivity",
            "co.runner.crew.activity.announce.CrewAnnounceShareActivity",
            "co.runner.crew.activity.multi.TierManageActivity",
            "co.runner.crew.ui.applying.CrewApplyingActivity",
            "co.runner.crew.ui.crew.contribution.MyContributionDetailActivity",
            "co.runner.crew.ui.detaiInfo.CrewDetailActivity",
            "co.runner.crew.ui.detaiInfo.CrewInfoSettingActivity",
            "co.runner.crew.ui.detaiInfo.CrewNameSettingActivity",
            "co.runner.crew.ui.detaiInfo.CrewTerifySettingActivity",
            "co.runner.crew.ui.guide.GuideActivity",
            "co.runner.crew.ui.invite.CrewInviteActivity",
            "co.runner.crew.ui.invite.CrewInviteShareActivity",
            "co.runner.crew.ui.joinSetting.CrewJoinApplyActivity",
            "co.runner.crew.ui.joinSetting.CrewPasswordSettingActivity",
            "co.runner.crew.ui.joinSetting.JoinPointListAcitivity",
            "co.runner.crew.ui.main.CrewMainActivity",
            "co.runner.crew.ui.main.DissolveCrewActivity",
            "co.runner.crew.ui.main.MyCrewActivity",
            "co.runner.crew.ui.main.TransferCrewActivity",
            "co.runner.crew.ui.rank.MyCrewRankActvity",
            "co.runner.crew.ui.recordInfo.CrewJoinApplyListActivity",
            "co.runner.crew.ui.recordInfo.CrewQuitListActivity",
            "co.runner.crew.ui.statistics.AvgDistanceActivity",
            "co.runner.crew.ui.statistics.AvgPaceActivity",
            "co.runner.crew.ui.statistics.checkin.CheckinActivity",
            "co.runner.crew.ui.statistics.checkin.NoCheckinActivity",
            "co.runner.equipment.activity.EQSelectCardStep1Activity",
            "co.runner.equipment.activity.EQSelectCardStep2Activity",
            "co.runner.equipment.activity.EQSelectCardStep3Activity",
            "co.runner.equipment.mvvm.view.activity.CollectionActivity",
            "co.runner.equipment.mvvm.view.activity.CommodityDetailActivity",
            "co.runner.equipment.mvvm.view.activity.ContrastGoodsActivity",
            "co.runner.equipment.mvvm.view.activity.MyShoeCardActivity",
            "co.runner.equipment.mvvm.view.activity.NavSiteCommodityActivity",
            "co.runner.equipment.mvvm.view.activity.ProductsSearchActivity",
            "co.runner.equipment.mvvm.view.activity.ShoeCardShareActivity",
            "co.runner.equipment.mvvm.view.activity.ShoeContrastActivity",
            "co.runner.equipment.mvvm.view.activity.ShoeContrastDetailActivity",
            "co.runner.feed.activity.CommentDetailActivity",
            "co.runner.feed.activity.FeedAllLikesActivity",
            "co.runner.feed.activity.FeedDetailActivity",
            "co.runner.feed.activity.brand.BrandDetailActivity",
            "co.runner.feed.activity.brand.DiscoverBrandsActivity",
            "co.runner.feed.activity.media.PhotoEditActivity",
            "co.runner.feed.activity.photo.PhotoWallActivity",
            "co.runner.feed.activity.post.ChooseFeedLocationActivityV2",
            "co.runner.feed.activity.post.ChooseFeedRecordActivity",
            "co.runner.feed.activity.post.ChooseFeedTopicActivityV2",
            "co.runner.feed.activity.post.FeedSearchTopicActivity",
            "co.runner.feed.activity.post.PostFeedActivityV2",
            "co.runner.feed.activity.post.PostPrivateSettingActivity",
            "co.runner.feed.activity.post.RecordShareActivityV3",
            "co.runner.feed.activity.post.ShareFeedImageActivity",
            "co.runner.feed.activity.post.ShareRichMediaActivity",
            "co.runner.feed.activity.trim.PreViewActivity",
            "co.runner.jabra.BleDeviceControlActivity",
            "co.runner.jabra.BleDeviceScanActivity",
            "co.runner.map.activity.WarePhoneTipsActivity",
            "co.runner.map.activity.tools.AddressSearchActivity",
            "co.runner.map.activity.tools.MapPOIActivity",
            "co.runner.map.activity.tools.MapPOIV2Activity",
            "co.runner.marathon.activity.OlMarathonListActivityV2",
            "co.runner.member.mvvm.view.activity.AutomaticRenewalActivity",
            "co.runner.member.mvvm.view.activity.MemberCenterActivity",
            "co.runner.member.mvvm.view.activity.PayOrSendSuccessActivity",
            "co.runner.member.mvvm.view.activity.SearchUserActivity",
            "co.runner.member.mvvm.view.activity.SelectPayActivity",
            "co.runner.member.mvvm.view.activity.SendVipActivity",
            "co.runner.middleware.activity.EventSearchActivity",
            "co.runner.middleware.activity.FeedMessageActivity",
            "co.runner.middleware.activity.JoyrunCalendarActivity",
            "co.runner.middleware.activity.MsgCollectActivity",
            "co.runner.middleware.activity.RecommendEventsActivity",
            "co.runner.middleware.activity.RecommendRunnerOrCrewActivity",
            "co.runner.middleware.activity.SystemMessageActivity",
            "co.runner.middleware.activity.account.OneKeyInfoActivity",
            "co.runner.middleware.activity.account.ProfileEditActivity",
            "co.runner.middleware.activity.draft.DraftsActivity",
            "co.runner.middleware.activity.equipment.EquipmentDeviceActivity",
            "co.runner.middleware.activity.function.FunctionIntroActivityV2",
            "co.runner.middleware.activity.function.UpdateFunctionIntroActivity",
            "co.runner.middleware.activity.more.CountDownSettingActivity",
            "co.runner.middleware.activity.more.EmailListActivity",
            "co.runner.middleware.activity.run.ConflictRecordListActivity",
            "co.runner.middleware.activity.run.EditDailyCardViewActivity",
            "co.runner.middleware.activity.run.EditRecordCardActivity",
            "co.runner.middleware.activity.run.RecordHistoryTrailActivity",
            "co.runner.middleware.activity.run.RunFinishActivity",
            "co.runner.middleware.activity.run.SharePicturesActivity",
            "co.runner.middleware.activity.run.WatermarkImageShareActivity",
            "co.runner.middleware.activity.user.UserActivityV2",
            "co.runner.mission.activity.MissionCenterActivity",
            "co.runner.mission.activity.MissionDialogActivity",
            "co.runner.mission.activity.MissionPointActivity",
            "co.runner.mission.activity.MissionPointRoleActivity",
            "co.runner.mission.activity.PetFindActivity",
            "co.runner.mission.activity.RftCenterActivity",
            "co.runner.mission.activity.RftDressActivity",
            "co.runner.other.search.ui.SearchActivity",
            "co.runner.pay.activity.UnionPayActivity",
            "co.runner.ppscale.activity.PPScaleAddMemberActivity",
            "co.runner.ppscale.activity.PPScaleDataDetailActivity",
            "co.runner.ppscale.activity.PPScaleMainActivity",
            "co.runner.ppscale.activity.PPScaleMeasureActivity",
            "co.runner.ppscale.activity.PPScaleSetGoalActivity",
            "co.runner.ppscale.activity.PPScaleWeightRecordActivity",
            "co.runner.push.VendorPushActivity",
            "co.runner.qiyukf.activity.QiyukfOrderActivity",
            "co.runner.qiyukf.activity.QiyusfEntranceActivity",
            "co.runner.rundomain.ui.checkin.RunDomainCheckinActivity",
            "co.runner.rundomain.ui.edit.RunDomainEditActivity",
            "co.runner.rundomain.ui.edit.RunDomainPathEditActivity",
            "co.runner.rundomain.ui.information.RunDomainInformationActivity",
            "co.runner.rundomain.ui.instruct.RunDomainInstructActivity",
            "co.runner.rundomain.ui.list.RunDomainCitiesActivity",
            "co.runner.rundomain.ui.list.RunDomainListActivity",
            "co.runner.rundomain.ui.list.RunRouteActivity",
            "co.runner.rundomain.ui.map.AmapRunDomainActivity",
            "co.runner.rundomain.ui.road.MineRoadSectionActivity",
            "co.runner.rundomain.ui.road.RoadExtrasActivity",
            "co.runner.rundomain.ui.road.RoadSectionCityActivity",
            "co.runner.rundomain.ui.road.RoadSectionDetailActivity",
            "co.runner.rundomain.ui.road.RoadSectionHistoryActivity",
            "co.runner.rundomain.ui.road.RoadSectionShareActivity",
            "co.runner.shoe.activity.AddShoeExperienceActivity",
            "co.runner.shoe.activity.AiScanShoeResultActivity",
            "co.runner.shoe.activity.EquipmentShoeActivity",
            "co.runner.shoe.activity.ScanShoeActivity",
            "co.runner.shoe.activity.ShoeActivity",
            "co.runner.shoe.activity.ShoeArticleListActivityV2",
            "co.runner.shoe.activity.ShoeBrandActivity",
            "co.runner.shoe.activity.ShoeBrandListActivity",
            "co.runner.shoe.activity.ShoeCommentActivityV2",
            "co.runner.shoe.activity.ShoeCommentDetailActivity",
            "co.runner.shoe.activity.ShoeCommentListActivityV2",
            "co.runner.shoe.activity.ShoeCommentShareActivity",
            "co.runner.shoe.activity.ShoeDetailActivityV2",
            "co.runner.shoe.activity.ShoeEditKmActivity",
            "co.runner.shoe.activity.ShoeEditRemarkActivity",
            "co.runner.shoe.activity.ShoeListActivity",
            "co.runner.shoe.activity.ShoeRunHistoryActivity",
            "co.runner.shoe.activity.ShoeSearchActivity",
            "co.runner.shoe.activity.ShoeShareActivity",
            "co.runner.shoe.activity.ShoeWearPhotoListActivity",
            "co.runner.shoe.activity.UserShoeDetailActivity",
            "co.runner.shoe.activity.UserShoeListChoiceListActivity",
            "co.runner.shoe.activity.UserShoeSelectSizeActivity",
            "co.runner.shoe.activity.WatchBindShoeActivity",
            "co.runner.shoe.trial.activity.DeliveryActivity",
            "co.runner.shoe.trial.activity.ExchangeSuccessActivity",
            "co.runner.shoe.trial.activity.NXOLoadingActivity",
            "co.runner.shoe.trial.activity.ProofAuditResultActiviity",
            "co.runner.shoe.trial.activity.SendbackProductActivity",
            "co.runner.shoe.trial.activity.TaskBreakPromiseActivity",
            "co.runner.shoe.trial.activity.TaskDetailActivity",
            "co.runner.shoe.trial.activity.TaskFeedbackActivity",
            "co.runner.shoe.trial.activity.TaskUploadProofActivity",
            "co.runner.shoe.trial.activity.TrialBuyShoeActivity",
            "co.runner.shoe.trial.activity.TrialShoeActivity",
            "co.runner.shoe.trial.activity.TrialShoePayActivity",
            "co.runner.talk.activity.TalkCollectListActivity",
            "co.runner.talk.activity.TalkCommentEditActivity",
            "co.runner.talk.activity.TalkCommentListActivity",
            "co.runner.talk.activity.TalkDetailActivity",
            "co.runner.talk.activity.TalkMainActivity",
            "co.runner.talk.activity.TalkWellActivity",
            "co.runner.topic.activity.TopicContributionActivity",
            "co.runner.topic.activity.TopicDetailActivityV3",
            "co.runner.topic.activity.TopicFollowActivity",
            "co.runner.topic.activity.TopicHistoryRankActivity",
            "co.runner.topic.activity.TopicPlazaActivity",
            "co.runner.topic.activity.TopicRankListActivity",
            "co.runner.topic.activity.TopicRankShareActivity",
            "co.runner.topic.activity.TopicSearchActivity",
            "co.runner.topic.activity.TopicStandPointActivity",
            "co.runner.track.mvvm.view.activity.TrackDetailActivity",
            "co.runner.track.mvvm.view.activity.TrackHistoryActivity",
            "co.runner.track.mvvm.view.activity.TrackLevelActivity",
            "co.runner.track.mvvm.view.activity.TrackSelectLevelActivity",
            "co.runner.track.mvvm.view.activity.TrackShareActivity",
            "co.runner.track.mvvm.view.activity.TrackStartingActivity",
            "co.runner.track.mvvm.view.activity.TrackUserInfoActivity",
            "co.runner.training.activity.TerminalPlanActivity",
            "co.runner.training.activity.TrainCategoriesActivity",
            "co.runner.training.activity.TrainCategoryPlansActivity",
            "co.runner.training.activity.TrainFinishActivity",
            "co.runner.training.activity.TrainHistoryActivity",
            "co.runner.training.activity.TrainHistoryDetailActivity",
            "co.runner.training.activity.TrainPlanDetailActivity",
            "co.runner.training.activity.TrainPlanDetailListActivity",
            "co.runner.training.activity.TrainPlanDetailPreviewActivity",
            "co.runner.training.activity.TrainSelectWeekDaysActivity",
            "co.runner.training.activity.TrainStartPlanActivity",
            "co.runner.training.activity.TrainSuccessShareActivity",
            "co.runner.training.activity.TraingBodyDataActivity",
            "co.runner.user.activity.BlacklistActivity",
            "co.runner.user.activity.CancelAccountActivity",
            "co.runner.user.activity.CanotCancelActivity",
            "co.runner.user.activity.CountryPhoneCodeActivity",
            "co.runner.user.activity.FindMultipleUsersActivity",
            "co.runner.user.activity.ImageShareActivity",
            "co.runner.user.activity.LevelUpgradeActivity",
            "co.runner.user.activity.MyFriendsActivity",
            "co.runner.user.activity.MyLevelActivity",
            "co.runner.user.activity.RemarkActivity",
            "co.runner.user.activity.ScreenFriendsActivity",
            "co.runner.user.activity.SearchFollowedFriendActivity",
            "co.runner.user.activity.UserCollectionActivity",
            "co.runner.user.activity.UserInfoSettingActivity",
            "co.runner.user.activity.UserListActivity",
            "co.runner.user.activity.VerifactionCodeActivity",
            "co.runner.user.activity.WeiboRunnerActivity",
            "co.runner.user.activity.bind.BindActivity",
            "co.runner.user.activity.bind.BindPhoneActivty",
            "co.runner.user.activity.bind.ChangeBindPhoneActivity",
            "co.runner.user.activity.edit.EditPersonalIntroActivity",
            "co.runner.user.activity.edit.ProfileEditPwdActivity",
            "co.runner.user.activity.edit.ProfileEditPwdWithPhoneActivity",
            "co.runner.user.activity.rank.RankActivity",
            "co.runner.user.ui.friend.DiscoverRunnerActivity",
            "co.runner.wallet.activity.WalletActivity",
            "co.runner.wallet.activity.WalletPhoneBindActivity",
            "co.runner.wallet.activity.WalletRechageActivity",
            "co.runner.wallet.activity.WalletTransactionDetailActivity",
            "co.runner.wallet.activity.WalletTransactionsActivity",
            "co.runner.wallet.activity.ec.JoyRunPayActivity",
            "co.runner.wallet.activity.withdraw.WithdrawAccountBindActivity",
            "co.runner.wallet.activity.withdraw.WithdrawAccountsActivity",
            "co.runner.wallet.activity.withdraw.WithdrawActivity",
            "co.runner.warmup.activity.WarmUpListActivity",
            "co.runner.warmup.activity.WarmUpStepDetailActivity",
            "co.runner.warmup.activity.WarmUpWorkingActivity",
            "co.runner.weeklyReport.activity.WeeklyReportActivity",
            "co.runner.weeklyReport.activity.WeeklyReportListActivity",
            "co.runner.weeklyReport.activity.WeeklyReportShareActivity",
            "com.alipay.sdk.app.H5AuthActivity",
            "com.alipay.sdk.app.H5PayActivity",
            "com.alipay.sdk.app.PayResultActivity",
            "com.ezon.sportwatch.ble.AsistActivity",
            "com.facebook.react.devsupport.DevSettingsActivity",
            "com.google.android.gms.common.api.GoogleApiActivity",
            "com.huawei.hms.activity.BridgeActivity",
            "com.huawei.hms.activity.EnableServiceActivity",
            "com.huawei.hms.hmsscankit.ScanKitActivity",
            "com.huawei.hms.support.api.push.TransActivity",
            "com.huawei.updatesdk.service.otaupdate.AppUpdateActivity",
            "com.huawei.updatesdk.support.pm.PackageInstallerActivity",
            "com.jingdong.auth.login.JDAuthActivity",
            "com.kepler.jd.sdk.KeplerBackActivity",
            "com.matisse.MatisseActivity",
            "com.matisse.internal.ui.AlbumPreviewActivity",
            "com.matisse.internal.ui.BasePreviewActivity",
            "com.pingplusplus.android.PaymentActivity",
            "com.qiyukf.uikit.common.media.picker.activity.PickerAlbumActivity",
            "com.qiyukf.uikit.common.media.picker.activity.PickerAlbumPreviewActivity",
            "com.qiyukf.uikit.common.media.picker.activity.PreviewImageFromCameraActivity",
            "com.qiyukf.uikit.session.activity.CaptureVideoActivity",
            "com.qiyukf.uikit.session.activity.PickImageActivity",
            "com.qiyukf.uikit.session.activity.WatchMessagePictureActivity",
            "com.qiyukf.uikit.session.activity.WatchVideoActivity",
            "com.qiyukf.unicorn.fileselect.ui.activity.FilePickerActivity",
            "com.qiyukf.unicorn.mediaselect.internal.ui.activity.AlbumPreviewActivity",
            "com.qiyukf.unicorn.mediaselect.internal.ui.activity.MatisseActivity",
            "com.qiyukf.unicorn.mediaselect.internal.ui.activity.SelectedPreviewActivity",
            "com.qiyukf.unicorn.ui.activity.CardPopupActivity",
            "com.qiyukf.unicorn.ui.activity.FileDownloadActivity",
            "com.qiyukf.unicorn.ui.activity.LeaveMessageActivity",
            "com.qiyukf.unicorn.ui.activity.LeaveMsgCustomFieldMenuActivity",
            "com.qiyukf.unicorn.ui.activity.ServiceMessageActivity",
            "com.qiyukf.unicorn.ui.activity.UrlImagePreviewActivity",
            "com.qiyukf.unicorn.ui.activity.UserWorkSheetListActivity",
            "com.qiyukf.unicorn.ui.activity.WatchPictureActivity",
            "com.qiyukf.unicorn.ui.activity.WorkSheetDetailActivity",
            "com.sina.weibo.sdk.share.ShareTransActivity",
            "com.sina.weibo.sdk.web.WebActivity",
            "com.tencent.bugly.beta.ui.BetaActivity",
            "com.tencent.connect.common.AssistActivity",
            "com.tencent.smtt.sdk.VideoActivity",
            "com.tencent.tauth.AuthActivity",
            "com.umeng.message.UmengNotificationClickActivity",
            "com.umeng.message.notify.UPushMessageNotifyActivity",
            "com.unionpay.UPPayWapActivity",
            "com.unionpay.uppay.PayActivity",
            "com.unity3d.player.PeriodNodeActivity",
            "com.unity3d.player.PicturePlayActivity",
            "com.unity3d.player.PreInitRecordActivity",
            "com.unity3d.player.UnityPlayerActivity",
            "com.unity3d.player.VideoPlayActivity",
            "com.xiaomi.mipush.sdk.NotificationClickedActivity",
            "com.yalantis.ucrop.UCropActivity",
            "io.rong.imkit.activity.CombinePicturePagerActivity",
            "io.rong.imkit.activity.CombineWebViewActivity",
            "io.rong.imkit.activity.FilePreviewActivity",
            "io.rong.imkit.activity.ForwardSelectConversationActivity",
            "io.rong.imkit.activity.GIFPreviewActivity",
            "io.rong.imkit.activity.PicturePagerActivity",
            "io.rong.imkit.activity.RongWebviewActivity",
            "io.rong.imkit.activity.WebFilePreviewActivity",
            "io.rong.imkit.conversation.RongConversationActivity",
            "io.rong.imkit.conversationlist.RongConversationListActivity",
            "io.rong.imkit.feature.location.AMapLocationActivity",
            "io.rong.imkit.feature.location.AMapLocationActivity2D",
            "io.rong.imkit.feature.location.AMapPreviewActivity",
            "io.rong.imkit.feature.location.AMapPreviewActivity2D",
            "io.rong.imkit.feature.location.AMapRealTimeActivity",
            "io.rong.imkit.feature.location.AMapRealTimeActivity2D",
            "io.rong.imkit.feature.location.SearchLocationActivity",
            "io.rong.imkit.feature.mention.MentionMemberSelectActivity",
            "io.rong.imkit.picture.PicturePreviewActivity",
            "io.rong.imkit.picture.PictureSelectorActivity",
            "io.rong.imkit.picture.PictureSelectorCameraEmptyActivity",
            "io.rong.imkit.picture.PictureVideoPlayActivity",
            "io.rong.imkit.subconversationlist.RongSubConversationListActivity",
            "io.rong.push.notification.RongBridgeActivity",
            "net.moyokoo.diooto.DiootoImageActivity"
        ],
        "services": [
            "androidx.room.MultiInstanceInvalidationService",
            "co.runner.app.home_v4.DataUpdateServiceV4",
            "co.runner.app.running.service.DaemonService",
            "co.runner.app.running.service.NewRunningService",
            "co.runner.app.running.service.RunningDaemonJobSchedulerService",
            "co.runner.app.service.BleScanService",
            "co.runner.app.utils.RecordReplayService",
            "co.runner.avatar.service.AvatarService",
            "co.runner.crew.service.CrewService",
            "co.runner.download.service.DownloadService",
            "co.runner.feed.service.PostFeedService",
            "co.runner.feed.service.SingleFeedService",
            "co.runner.jabra.BluetoothLeService",
            "co.runner.other.service.SocketService",
            "co.runner.other.service.UdpService",
            "co.runner.training.service.TrainPopupService",
            "co.runner.training.service.TrainingService",
            "co.runner.user.service.UserService",
            "com.amap.api.location.APSService",
            "com.heytap.msp.push.service.CompatibleDataMessageCallbackService",
            "com.heytap.msp.push.service.DataMessageCallbackService",
            "com.huawei.agconnect.core.ServiceDiscovery",
            "com.huawei.hms.support.api.push.service.HmsMsgService",
            "com.mapbox.android.telemetry.crash.CrashReporterJobIntentService",
            "com.qiyukf.module.log.UploadPulseService",
            "com.qiyukf.nimlib.job.NIMJobService",
            "com.qiyukf.nimlib.service.NimService",
            "com.qiyukf.nimlib.service.NimService$Aux",
            "com.qiyukf.nimlib.service.ResponseService",
            "com.taobao.accs.ChannelService",
            "com.taobao.accs.ChannelService$KernelService",
            "com.taobao.accs.data.MsgDistributeService",
            "com.taobao.accs.internal.AccsJobService",
            "com.umeng.message.UmengDownloadResourceService",
            "com.umeng.message.UmengIntentService",
            "com.umeng.message.UmengMessageCallbackHandlerService",
            "com.umeng.message.UmengMessageIntentReceiverService",
            "com.umeng.message.XiaomiIntentService",
            "com.unity3d.player.UnityRecordService",
            "com.vivo.push.sdk.service.CommandClientService",
            "com.xiaomi.mipush.sdk.MessageHandleService",
            "com.xiaomi.mipush.sdk.PushMessageHandler",
            "com.xiaomi.push.service.XMJobService",
            "com.xiaomi.push.service.XMPushService",
            "io.rong.imlib.ipc.RongService",
            "io.rong.push.rongpush.PushService",
            "org.android.agoo.accs.AgooService",
            "org.android.agoo.huawei.HuaweiPushMessageService"
        ],
        "receivers": [
            "co.runner.app.service.LanguageChangeReceiver",
            "co.runner.app.service.MessageReceiver",
            "co.runner.app.service.RongCloudMsgReceiver",
            "com.huawei.hms.support.api.push.PushMsgReceiver",
            "com.huawei.hms.support.api.push.PushReceiver",
            "com.qiyukf.nimlib.service.NimReceiver",
            "com.qiyukf.nimlib.service.ResponseReceiver",
            "com.taobao.accs.EventReceiver",
            "com.taobao.accs.ServiceReceiver",
            "com.taobao.agoo.AgooCommondReceiver",
            "com.umeng.message.UmengNotificationReceiver",
            "com.xiaomi.push.service.receivers.NetworkStatusReceiver",
            "com.xiaomi.push.service.receivers.PingReceiver",
            "io.rong.imlib.ConnectChangeReceiver",
            "io.rong.imlib.HeartbeatReceiver",
            "io.rong.push.rongpush.PushReceiver",
            "net.sourceforge.simcpux.AppRegister",
            "org.android.agoo.vivo.PushMessageReceiverImpl",
            "org.android.agoo.xiaomi.MiPushBroadcastReceiver"
        ],
        "permission_details": {
            "android.permission.ACCESS_BACKGROUND_LOCATION": "dangerous",
            "android.permission.ACCESS_COARSE_LOCATION": "dangerous",
            "android.permission.ACCESS_FINE_LOCATION": "dangerous",
            "android.permission.ACCESS_GPS": "unknown",
            "android.permission.ACCESS_NETWORK_STATE": "normal",
            "android.permission.ACTIVITY_RECOGNITION": "dangerous",
            "android.permission.AUTHENTICATE_ACCOUNTS": "unknown",
            "android.permission.BATTERY_STATS": "signature",
            "android.permission.BLUETOOTH": "normal",
            "android.permission.BLUETOOTH_ADMIN": "normal",
            "android.permission.BLUETOOTH_ADVERTISE": "dangerous",
            "android.permission.BLUETOOTH_CONNECT": "dangerous",
            "android.permission.BLUETOOTH_SCAN": "dangerous",
            "android.permission.BROADCAST_STICKY": "normal",
            "android.permission.CAMERA": "dangerous",
            "android.permission.CHANGE_NETWORK_STATE": "normal",
            "android.permission.CHANGE_WIFI_STATE": "normal",
            "android.permission.FLASHLIGHT": "unknown",
            "android.permission.FOREGROUND_SERVICE": "normal",
            "android.permission.HIGH_SAMPLING_RATE_SENSORS": "normal",
            "android.permission.INTERACT_ACROSS_USERS": "unknown",
            "android.permission.INTERACT_ACROSS_USERS_FULL": "unknown",
            "android.permission.INTERNET": "normal",
            "android.permission.MODIFY_AUDIO_SETTINGS": "normal",
            "android.permission.MOUNT_UNMOUNT_FILESYSTEMS": "unlaballed",
            "android.permission.NFC": "normal",
            "android.permission.QUERY_ALL_PACKAGES": "normal",
            "android.permission.READ_EXTERNAL_STORAGE": "dangerous",
            "android.permission.READ_MEDIA_AUDIO": "dangerous",
            "android.permission.READ_MEDIA_IMAGES": "dangerous",
            "android.permission.READ_MEDIA_VIDEO": "dangerous",
            "android.permission.READ_SOCIAL_STREAM": "unknown",
            "android.permission.READ_SYNC_SETTINGS": "normal",
            "android.permission.RECEIVED_BOOT_COMPLETED": "unknown",
            "android.permission.RECEIVE_USER_PRESENT": "unknown",
            "android.permission.RECORD_AUDIO": "dangerous",
            "android.permission.REQUEST_IGNORE_BATTERY_OPTIMIZATIONS": "normal",
            "android.permission.REQUEST_INSTALL_PACKAGES": "signature",
            "android.permission.SCHEDULE_EXACT_ALARM": "signature",
            "android.permission.SYSTEM_ALERT_WINDOW": "signature",
            "android.permission.UPDATE_APP_OPS_STATS": "unknown",
            "android.permission.USE_CREDENTIALS": "unknown",
            "android.permission.USE_FULL_SCREEN_INTENT": "normal",
            "android.permission.VIBRATE": "normal",
            "android.permission.WAKE_LOCK": "normal",
            "android.permission.WRITE_EXTERNAL_STORAGE": "dangerous",
            "android.permission.WRITE_SETTINGS": "signature",
            "android.permission.WRITE_SOCIAL_STREAM": "unknown",
            "android.permission.WRITE_SYNC_SETTINGS": "normal",
            "co.runner.app.permission.MIPUSH_RECEIVE": "unknown",
            "co.runner.app.permission.PROCESS_PUSH_MSG": "unknown",
            "co.runner.app.permission.PUSH_PROVIDER": "unknown",
            "co.runner.app.permission.RONG_ACCESS_RECEIVER": "unknown",
            "co.runner.app.push.permission.MESSAGE": "unknown",
            "com.android.launcher.permission.READ_SETTINGS": "unknown",
            "com.coloros.mcs.permission.RECIEVE_MCS_MESSAGE": "unknown",
            "com.google.android.providers.gsf.permission.READ_GSERVICES": "unknown",
            "com.heytap.mcs.permission.RECIEVE_MCS_MESSAGE": "unknown",
            "com.huawei.appmarket.service.commondata.permission.GET_COMMON_DATA": "unknown",
            "com.meizu.c2dm.permission.RECEIVE": "unknown",
            "com.meizu.flyme.push.permission.RECEIVE": "unknown",
            "com.vivo.notification.permission.BADGE_ICON": "unknown",
            "getui.permission.GetuiService.co.runner.app": "unknown",
            "org.simalliance.openmobileap i.SMARTCARD": "unknown"
        },
        "risk_counts": {
            "dangerous": 14,
            "unknown": 26,
            "normal": 18,
            "signature": 5,
            "unlaballed": 1
        }
    },
    "stats": {
        "dex_count": 15,
        "native_lib_count": 32
    },
    "jadx": {
        "status": "ok",
        "duration_sec": 104.3,
        "sources_present": true,
        "java_file_count": 24793
    },
    "ast_analysis": {
        "location": 26,
        "microphone": 6,
        "camera": 138,
        "media_projection": 4,
        "dynamic_load": 0,
        "jni": 77
    },
    "analysis_state": "complete"
}