{
    "apk_name": "E1152F20EAF478F3C95CC670AFD8B218BB7D65255FF83105F55148E8E9733854",
    "sha256": "e1152f20eaf478f3c95cc670afd8b218bb7d65255ff83105f55148e8e9733854",
    "metadata": {
        "package_name": "com.themoin.remit",
        "version_code": "558",
        "version_name": "3.12.8",
        "min_sdk": "21",
        "target_sdk": "33",
        "permissions": [
            "android.permission.ACCESS_NETWORK_STATE",
            "android.permission.ACCESS_WIFI_STATE",
            "android.permission.CAMERA",
            "android.permission.DOWNLOAD_WITHOUT_NOTIFICATION",
            "android.permission.FOREGROUND_SERVICE",
            "android.permission.INTERNET",
            "android.permission.POST_NOTIFICATIONS",
            "android.permission.READ_APP_BADGE",
            "android.permission.READ_EXTERNAL_STORAGE",
            "android.permission.READ_MEDIA_IMAGES",
            "android.permission.READ_PHONE_STATE",
            "android.permission.RECEIVE_BOOT_COMPLETED",
            "android.permission.REQUEST_DELETE_PACKAGES",
            "android.permission.SYSTEM_ALERT_WINDOW",
            "android.permission.VIBRATE",
            "android.permission.WAKE_LOCK",
            "android.permission.WRITE_EXTERNAL_STORAGE",
            "com.anddoes.launcher.permission.UPDATE_COUNT",
            "com.android.vending.CHECK_LICENSE",
            "com.google.android.c2dm.permission.RECEIVE",
            "com.google.android.finsky.permission.BIND_GET_INSTALL_REFERRER_SERVICE",
            "com.google.android.gms.permission.AD_ID",
            "com.htc.launcher.permission.READ_SETTINGS",
            "com.htc.launcher.permission.UPDATE_SHORTCUT",
            "com.huawei.android.launcher.permission.CHANGE_BADGE",
            "com.huawei.android.launcher.permission.READ_SETTINGS",
            "com.huawei.android.launcher.permission.WRITE_SETTINGS",
            "com.majeur.launcher.permission.UPDATE_BADGE",
            "com.oppo.launcher.permission.READ_SETTINGS",
            "com.oppo.launcher.permission.WRITE_SETTINGS",
            "com.sec.android.provider.badge.permission.READ",
            "com.sec.android.provider.badge.permission.WRITE",
            "com.sonyericsson.home.permission.BROADCAST_BADGE",
            "com.sonymobile.home.permission.PROVIDER_INSERT_BADGE",
            "com.themoin.remit.permission.C2D_MESSAGE",
            "me.everything.badger.permission.BADGE_COUNT_READ",
            "me.everything.badger.permission.BADGE_COUNT_WRITE"
        ],
        "activities": [
            "com.facebook.CustomTabActivity",
            "com.facebook.CustomTabMainActivity",
            "com.facebook.FacebookActivity",
            "com.facebook.react.devsupport.DevSettingsActivity",
            "com.google.android.gms.ads.AdActivity",
            "com.google.android.gms.auth.api.signin.internal.SignInHubActivity",
            "com.google.android.gms.common.api.GoogleApiActivity",
            "com.navercorp.nid.oauth.NidOAuthBridgeActivity",
            "com.navercorp.nid.oauth.activity.NidOAuthCustomTabActivity",
            "com.nhn.android.naverlogin.ui.OAuthCustomTabActivity",
            "com.nhn.android.naverlogin.ui.OAuthLoginInAppBrowserActivity",
            "com.onesignal.NotificationOpenedActivityHMS",
            "com.onesignal.NotificationOpenedReceiver",
            "com.onesignal.NotificationOpenedReceiverAndroid22AndOlder",
            "com.onesignal.PermissionsActivity",
            "com.themoin.remit.MainActivity",
            "com.themoin.remit.SplashActivity",
            "com.zoyi.channel.plugin.android.activity.chat.ChatActivity",
            "com.zoyi.channel.plugin.android.activity.chats.ChatsActivity",
            "com.zoyi.channel.plugin.android.activity.download.DownloadActivity",
            "com.zoyi.channel.plugin.android.activity.language_selector.LanguageSelectorActivity",
            "com.zoyi.channel.plugin.android.activity.lounge.LoungeActivity",
            "com.zoyi.channel.plugin.android.activity.photo_picker.PhotoPickerActivity",
            "com.zoyi.channel.plugin.android.activity.video.VideoViewerActivity",
            "com.zoyi.channel.plugin.android.activity.webview.CHWebViewActivity",
            "com.zoyi.channel.plugin.android.push.TransparentNotificationTrampolineActivity31",
            "io.channel.plugin.android.activity.PhotoAlbumActivity",
            "io.channel.plugin.android.feature.follow_up_contact_settings.FollowUpContactSettingsActivity",
            "io.channel.plugin.android.feature.settings.SettingsActivity"
        ],
        "services": [
            "androidx.room.MultiInstanceInvalidationService",
            "androidx.work.impl.background.systemalarm.SystemAlarmService",
            "androidx.work.impl.background.systemjob.SystemJobService",
            "androidx.work.impl.foreground.SystemForegroundService",
            "com.firebase.jobdispatcher.GooglePlayReceiver",
            "com.google.android.datatransport.runtime.backends.TransportBackendDiscovery",
            "com.google.android.datatransport.runtime.scheduling.jobscheduling.JobInfoSchedulerService",
            "com.google.android.gms.auth.api.signin.RevocationBoundService",
            "com.google.android.gms.measurement.AppMeasurementJobService",
            "com.google.android.gms.measurement.AppMeasurementService",
            "com.google.firebase.components.ComponentDiscoveryService",
            "com.google.firebase.messaging.FirebaseMessagingService",
            "com.onesignal.FCMIntentJobService",
            "com.onesignal.FCMIntentService",
            "com.onesignal.HmsMessageServiceOneSignal",
            "com.onesignal.SyncJobService",
            "com.onesignal.SyncService",
            "com.themoin.remit.service.MyJobService",
            "io.invertase.firebase.messaging.ReactNativeFirebaseMessagingHeadlessService",
            "io.invertase.firebase.messaging.ReactNativeFirebaseMessagingService"
        ],
        "receivers": [
            "androidx.work.impl.background.systemalarm.ConstraintProxy$BatteryChargingProxy",
            "androidx.work.impl.background.systemalarm.ConstraintProxy$BatteryNotLowProxy",
            "androidx.work.impl.background.systemalarm.ConstraintProxy$NetworkStateProxy",
            "androidx.work.impl.background.systemalarm.ConstraintProxy$StorageNotLowProxy",
            "androidx.work.impl.background.systemalarm.ConstraintProxyUpdateReceiver",
            "androidx.work.impl.background.systemalarm.RescheduleReceiver",
            "androidx.work.impl.diagnostics.DiagnosticsReceiver",
            "androidx.work.impl.utils.ForceStopRunnable$BroadcastReceiver",
            "com.facebook.AuthenticationTokenManager$CurrentAuthenticationTokenChangedBroadcastReceiver",
            "com.facebook.CurrentAccessTokenExpirationBroadcastReceiver",
            "com.google.android.datatransport.runtime.scheduling.jobscheduling.AlarmManagerSchedulerBroadcastReceiver",
            "com.google.android.gms.measurement.AppMeasurementReceiver",
            "com.google.firebase.iid.FirebaseInstanceIdReceiver",
            "com.learnium.RNDeviceInfo.RNDeviceReceiver",
            "com.onesignal.BootUpReceiver",
            "com.onesignal.FCMBroadcastReceiver",
            "com.onesignal.NotificationDismissReceiver",
            "com.onesignal.UpgradeReceiver",
            "com.zoyi.channel.plugin.android.push.ChannelBroadcastReceiver",
            "io.invertase.firebase.messaging.ReactNativeFirebaseMessagingReceiver"
        ],
        "permission_details": {
            "android.permission.ACCESS_NETWORK_STATE": "normal",
            "android.permission.ACCESS_WIFI_STATE": "normal",
            "android.permission.CAMERA": "dangerous",
            "android.permission.DOWNLOAD_WITHOUT_NOTIFICATION": "unknown",
            "android.permission.FOREGROUND_SERVICE": "normal",
            "android.permission.INTERNET": "normal",
            "android.permission.POST_NOTIFICATIONS": "dangerous",
            "android.permission.READ_APP_BADGE": "unknown",
            "android.permission.READ_EXTERNAL_STORAGE": "dangerous",
            "android.permission.READ_MEDIA_IMAGES": "dangerous",
            "android.permission.READ_PHONE_STATE": "dangerous",
            "android.permission.RECEIVE_BOOT_COMPLETED": "normal",
            "android.permission.REQUEST_DELETE_PACKAGES": "normal",
            "android.permission.SYSTEM_ALERT_WINDOW": "signature",
            "android.permission.VIBRATE": "normal",
            "android.permission.WAKE_LOCK": "normal",
            "android.permission.WRITE_EXTERNAL_STORAGE": "dangerous",
            "com.anddoes.launcher.permission.UPDATE_COUNT": "unknown",
            "com.android.vending.CHECK_LICENSE": "unknown",
            "com.google.android.c2dm.permission.RECEIVE": "unknown",
            "com.google.android.finsky.permission.BIND_GET_INSTALL_REFERRER_SERVICE": "unknown",
            "com.google.android.gms.permission.AD_ID": "unknown",
            "com.htc.launcher.permission.READ_SETTINGS": "unknown",
            "com.htc.launcher.permission.UPDATE_SHORTCUT": "unknown",
            "com.huawei.android.launcher.permission.CHANGE_BADGE": "unknown",
            "com.huawei.android.launcher.permission.READ_SETTINGS": "unknown",
            "com.huawei.android.launcher.permission.WRITE_SETTINGS": "signature",
            "com.majeur.launcher.permission.UPDATE_BADGE": "unknown",
            "com.oppo.launcher.permission.READ_SETTINGS": "unknown",
            "com.oppo.launcher.permission.WRITE_SETTINGS": "signature",
            "com.sec.android.provider.badge.permission.READ": "unknown",
            "com.sec.android.provider.badge.permission.WRITE": "unknown",
            "com.sonyericsson.home.permission.BROADCAST_BADGE": "unknown",
            "com.sonymobile.home.permission.PROVIDER_INSERT_BADGE": "unknown",
            "com.themoin.remit.permission.C2D_MESSAGE": "unknown",
            "me.everything.badger.permission.BADGE_COUNT_READ": "unknown",
            "me.everything.badger.permission.BADGE_COUNT_WRITE": "unknown"
        },
        "risk_counts": {
            "normal": 8,
            "dangerous": 6,
            "unknown": 20,
            "signature": 3
        }
    },
    "stats": {
        "dex_count": 6,
        "native_lib_count": 124
    },
    "jadx": {
        "status": "ok",
        "duration_sec": 73.67,
        "sources_present": true,
        "java_file_count": 17744
    },
    "ast_analysis": {
        "location": 0,
        "microphone": 0,
        "camera": 41,
        "media_projection": 0,
        "dynamic_load": 0,
        "jni": 29
    },
    "analysis_state": "complete"
}