{
    "java_files": [
        "com/secneo/apkwrapper/b.java",
        "com/secneo/apkwrapper/H.java",
        "com/secneo/apkwrapper/AW.java",
        "com/secneo/apkwrapper/AP.java",
        "com/secneo/apkwrapper/a.java",
        "com/secneo/apkwrapper/CP.java",
        "com/cmb/ubank/UBUI/R.java"
    ],
    "ast_hits_by_file": {
        "location": [],
        "microphone": [],
        "camera": [],
        "media_projection": [],
        "dynamic_load": [],
        "jni": [
            "com/secneo/apkwrapper/AW.java"
        ]
    },
    "native_libs": [
        "lib/armeabi-v7a/libBugly.so",
        "lib/armeabi-v7a/libMNN.so",
        "lib/armeabi-v7a/libZBarDecoder.so",
        "lib/armeabi-v7a/libagora-core.so",
        "lib/armeabi-v7a/libagora-fdkaac.so",
        "lib/armeabi-v7a/libagora-ffmpeg.so",
        "lib/armeabi-v7a/libagora-mpg123.so",
        "lib/armeabi-v7a/libagora-rtc-sdk.so",
        "lib/armeabi-v7a/libagora-rtm-sdk-jni.so",
        "lib/armeabi-v7a/libagora-soundtouch.so",
        "lib/armeabi-v7a/libapm-plugin-agora-raw-data.so",
        "lib/armeabi-v7a/libassistant.so",
        "lib/armeabi-v7a/libbctoolbox-tester.so",
        "lib/armeabi-v7a/libbctoolbox.so",
        "lib/armeabi-v7a/libblinkEye-lib.so",
        "lib/armeabi-v7a/libcamdrv10.so",
        "lib/armeabi-v7a/libcnsse.so",
        "lib/armeabi-v7a/libcommon-sound.so",
        "lib/armeabi-v7a/libemulator_check.so",
        "lib/armeabi-v7a/libfacial_action.so",
        "lib/armeabi-v7a/libffmpeg-linphone.so",
        "lib/armeabi-v7a/libgnustl_shared.so",
        "lib/armeabi-v7a/libiconv.so",
        "lib/armeabi-v7a/libijkffmpeg.so",
        "lib/armeabi-v7a/libijkplayer.so",
        "lib/armeabi-v7a/libijksdl.so",
        "lib/armeabi-v7a/liblinphone.so",
        "lib/armeabi-v7a/liblinphonetester.so",
        "lib/armeabi-v7a/liblocSDK7b.so",
        "lib/armeabi-v7a/libmediastreamer_base.so",
        "lib/armeabi-v7a/libmediastreamer_voip.so",
        "lib/armeabi-v7a/libmsamr.so",
        "lib/armeabi-v7a/libmscodec2.so",
        "lib/armeabi-v7a/libmsopenh264.so",
        "lib/armeabi-v7a/libmssilk.so",
        "lib/armeabi-v7a/libmswebrtc.so",
        "lib/armeabi-v7a/libmsx264.so",
        "lib/armeabi-v7a/libmt_scylla.so",
        "lib/armeabi-v7a/libmtc.so",
        "lib/armeabi-v7a/libopenh264.so",
        "lib/armeabi-v7a/libortp.so",
        "lib/armeabi-v7a/libpl_droidsonroids_gif.so",
        "lib/armeabi-v7a/libsqlcipher.so",
        "lib/armeabi-v7a/libwbsk_crypto_tool.so",
        "lib/armeabi-v7a/libzmf.so",
        "lib/armeabi/libBugly.so",
        "lib/armeabi/libZBarDecoder.so",
        "lib/armeabi/libagora-core.so",
        "lib/armeabi/libagora-fdkaac.so",
        "lib/armeabi/libagora-ffmpeg.so",
        "lib/armeabi/libagora-mpg123.so",
        "lib/armeabi/libagora-rtc-sdk.so",
        "lib/armeabi/libagora-soundtouch.so",
        "lib/armeabi/libapm-plugin-agora-raw-data.so",
        "lib/armeabi/libcnsse.so",
        "lib/armeabi/libcommon-sound.so",
        "lib/armeabi/libemulator_check.so",
        "lib/armeabi/libfacial_action.so",
        "lib/armeabi/libiconv.so",
        "lib/armeabi/libijkffmpeg.so",
        "lib/armeabi/libijkplayer.so",
        "lib/armeabi/libijksdl.so",
        "lib/armeabi/liblocSDK7.so",
        "lib/armeabi/liblocSDK7b.so",
        "lib/armeabi/libmt_scylla.so",
        "lib/armeabi/libpl_droidsonroids_gif.so",
        "lib/armeabi/libsqlcipher.so",
        "res/raw/libmsx264.so",
        "lib/armeabi-v7a/libDexHelper-x86.so",
        "lib/armeabi-v7a/libDexHelper.so",
        "lib/armeabi-v7a/libdexjni.so",
        "lib/armeabi/libDexHelper.so",
        "lib/armeabi/libdexjni.so"
    ],
    "dex_files_count": 1,
    "exported_components": {
        "activities": [
            "cn.com.union.fido.ui.finger.FingerActivity",
            "cn.com.union.fido.ui.finger.SigFingerActivity",
            "cn.com.union.fido.ui.pin.InputPWDActivity",
            "cn.com.union.fido.ui.selection.AuthenticatorSelectionActivity",
            "cn.com.union.fido.ui.selection.UserSelectionActivity",
            "com.cmb.ubank.UBUI.AboutActivity",
            "com.cmb.ubank.UBUI.AccountSecurityActivity",
            "com.cmb.ubank.UBUI.CaptureActivity",
            "com.cmb.ubank.UBUI.CompanyDataActivity",
            "com.cmb.ubank.UBUI.CrmListActivity",
            "com.cmb.ubank.UBUI.DownloadSettingActivity",
            "com.cmb.ubank.UBUI.FBCustomCameraActivity",
            "com.cmb.ubank.UBUI.FBEntryActivity",
            "com.cmb.ubank.UBUI.FBFileListActivity",
            "com.cmb.ubank.UBUI.FBHomeAllMenuActivity",
            "com.cmb.ubank.UBUI.FBIdentifyActivity",
            "com.cmb.ubank.UBUI.FBInitActivity",
            "com.cmb.ubank.UBUI.FBLocateCityActivity",
            "com.cmb.ubank.UBUI.FBMenuItemActivity",
            "com.cmb.ubank.UBUI.FBMenuYwtItemActivity",
            "com.cmb.ubank.UBUI.FBMineSettingActivity",
            "com.cmb.ubank.UBUI.FBQuickLoginIdentifyActivity",
            "com.cmb.ubank.UBUI.FBSelectExcelActivity",
            "com.cmb.ubank.UBUI.FBShowMsgActivity",
            "com.cmb.ubank.UBUI.FBWebBrowserActivity",
            "com.cmb.ubank.UBUI.FingerprintSettingActivity",
            "com.cmb.ubank.UBUI.GTBScanLoginActivity",
            "com.cmb.ubank.UBUI.GuideActivity",
            "com.cmb.ubank.UBUI.LaunchActivity",
            "com.cmb.ubank.UBUI.LoginGuideAboutActivity",
            "com.cmb.ubank.UBUI.LoginSettingActivity",
            "com.cmb.ubank.UBUI.MineManageDataActivity",
            "com.cmb.ubank.UBUI.MineManagerUserActivity",
            "com.cmb.ubank.UBUI.MineSettingActivity",
            "com.cmb.ubank.UBUI.NetMonitorActivity",
            "com.cmb.ubank.UBUI.PrivacyActivity",
            "com.cmb.ubank.UBUI.ProtocalWebActivity",
            "com.cmb.ubank.UBUI.ShortcutActivity",
            "com.cmb.ubank.UBUI.ShowErrorActivity",
            "com.cmb.ubank.UBUI.TestDataActivity",
            "com.cmb.ubank.UBUI.TestSelectEnviActivity",
            "com.cmb.ubank.UBUI.TestSelectServerActivity",
            "com.cmb.ubank.UBUI.TestSettingStartActivity",
            "com.cmb.ubank.UBUI.TestUrlActivity",
            "com.cmb.ubank.UBUI.UBankScanLoginActivity",
            "com.cmb.ubank.UBUI.UBankScanSelCompanyActivity",
            "com.cmb.ubank.UBUI.ViewPictureActivity",
            "com.cmb.ubank.UBUI.face.SampleLaunchActivity",
            "com.cmb.ubank.UBUI.face.SampleLivenessActivity",
            "com.cmb.ubank.UBUI.face.VideoChatActivity",
            "com.cmb.ubank.UBUI.gesture.GestureGuideActivity",
            "com.cmb.ubank.UBUI.gesture.GestureLoginSettingActivity",
            "com.cmb.ubank.UBUI.gesture.SettingGestureActivity",
            "com.cmb.ubank.UBUI.login.FBLoginActivity",
            "com.cmb.ubank.UBUI.video.FBVideoMeetingActivity",
            "com.cmb.ubank.UBUI.video.VideoActivity",
            "com.cmb.ubank.UBUI.wxapi.WXEntryActivity",
            "com.cmb.ubank.ZhaoHu.UI.Activity.CustomerChartActivity",
            "com.cmb.ubank.ZhaoHu.UI.Activity.ImageDetailsActivity",
            "com.cmb.ubank.ZhaoHu.UI.Activity.MyCustomerActivity",
            "com.cmb.ubank.ZhaoHu.UI.Activity.PublicSearchActivity",
            "com.cmb.ubank.ZhaoHu.UI.Activity.ZhaohuAccountActivity",
            "com.cmb.ubank.ZhaoHu.UI.Activity.ZhaohuAdiverPushMsgActivity",
            "com.cmb.ubank.ZhaoHu.UI.Activity.ZhaohuAdiverRecordActivity",
            "com.cmb.ubank.ZhaoHu.UI.Activity.ZhaohuAdiverSessionActivity",
            "com.cmb.ubank.ZhaoHu.UI.Activity.ZhaohuMsgListActivity",
            "com.cmb.ubank.feedback.ImageEditActivity",
            "com.cmb.zh.sdk.rtc.agora.screenshare.impl.ScreenCapture$ScreenCaptureAssistantActivity",
            "com.cmbchina.ailab.face.ui.FaceRecognitionActivity",
            "com.huawei.hms.activity.BridgeActivity",
            "com.huawei.hms.activity.EnableServiceActivity",
            "com.huawei.updatesdk.service.otaupdate.AppUpdateActivity",
            "com.huawei.updatesdk.support.pm.PackageInstallerActivity",
            "com.oliveapp.face.idcardcaptorsdk.IDCardCaptorTestAsync.TestActivity",
            "com.oliveapp.face.livenessdetectionviewsdk.TestActivity",
            "com.oliveapp.face.livenessdetectorsdk.SessionManagerAsync.TestActivity",
            "com.tencent.connect.common.AssistActivity",
            "com.tencent.tauth.AuthActivity"
        ],
        "services": [
            "com.amap.api.location.APSService",
            "com.baidu.location.f",
            "com.cmb.ubank.FBService.FloatVideoWindowService",
            "com.cmb.zh.sdk.im.framework.KeepJob",
            "com.cmb.zh.sdk.im.framework.ZHIMService",
            "com.cmb.zh.sdk.im.logic.white.push.HWPushReceiver",
            "com.cmb.zh.sdk.rtc.agora.screenshare.impl.ScreenShareService",
            "com.huawei.agconnect.core.ServiceDiscovery",
            "com.huawei.hms.support.api.push.service.HmsMsgService",
            "com.meizu.cloud.pushsdk.NotificationService",
            "com.snail.antifake.jni.EmulatorCheckService",
            "com.xiaomi.mipush.sdk.MessageHandleService",
            "com.xiaomi.mipush.sdk.PushMessageHandler",
            "com.xiaomi.push.service.XMJobService",
            "com.xiaomi.push.service.XMPushService"
        ],
        "receivers": [
            "com.cmb.ubank.ZhaoHu.Broadcast.ZhaoHuSDKUtilReceiver",
            "com.cmb.zh.sdk.im.logic.white.push.MZPushReceiver",
            "com.cmb.zh.sdk.im.logic.white.push.XMPushReceiver",
            "com.huawei.hms.support.api.push.PushMsgReceiver",
            "com.huawei.hms.support.api.push.PushReceiver",
            "com.xiaomi.push.service.receivers.NetworkStatusReceiver",
            "com.xiaomi.push.service.receivers.PingReceiver"
        ]
    }
}