{
    "apk_name": "08C05C2707AC7633E7B38122F0AF951DB6938D404BA446A0104FE3DC6CCF0693",
    "sha256": "08c05c2707ac7633e7b38122f0af951db6938d404ba446a0104fe3dc6ccf0693",
    "metadata": {
        "package_name": "com.patricksmith.USAF_PT_Calculator",
        "version_code": "3",
        "version_name": "1.0.0",
        "min_sdk": "16",
        "target_sdk": "33",
        "permissions": [],
        "activities": [
            "com.example.usaf_pt_calculator.MainActivity",
            "com.google.android.play.core.common.PlayCoreDialogWrapperActivity",
            "io.flutter.plugins.urllauncher.WebViewActivity"
        ],
        "services": [],
        "receivers": [],
        "permission_details": {},
        "risk_counts": {}
    },
    "stats": {
        "dex_count": 1,
        "native_lib_count": 0
    },
    "jadx": {
        "status": "ok",
        "duration_sec": 9.86,
        "sources_present": true,
        "java_file_count": 667
    },
    "ast_analysis": {
        "location": 0,
        "microphone": 0,
        "camera": 1,
        "media_projection": 0,
        "dynamic_load": 0,
        "jni": 2
    },
    "analysis_state": "complete"
}