{
    "apk_name": "FB8EEA9E1FDFA37281293251BD9FDACB0A22A104D780B7CAF28EF078C66A2815",
    "sha256": "fb8eea9e1fdfa37281293251bd9fdacb0a22a104d780b7caf28ef078c66a2815",
    "metadata": {
        "package_name": "com.kt.main",
        "version_code": "95",
        "version_name": "4.3.2",
        "min_sdk": "23",
        "target_sdk": "31",
        "permissions": [
            "android.permission.ACCESS_COARSE_LOCATION",
            "android.permission.ACCESS_FINE_LOCATION",
            "android.permission.ACCESS_NETWORK_STATE",
            "android.permission.ACCESS_WIFI_STATE",
            "android.permission.CALL_PHONE",
            "android.permission.CAMERA",
            "android.permission.INTERNET",
            "android.permission.READ_EXTERNAL_STORAGE",
            "android.permission.WAKE_LOCK",
            "android.permission.WRITE_EXTERNAL_STORAGE",
            "com.google.android.c2dm.permission.RECEIVE"
        ],
        "activities": [
            "com.adobe.marketing.mobile.AssuranceErrorDisplayActivity",
            "com.adobe.marketing.mobile.AssuranceFullScreenTakeoverActivity",
            "com.google.android.gms.common.api.GoogleApiActivity",
            "com.gun0912.tedpermission.TedPermissionActivity",
            "com.kt.main.activity.MainActivity",
            "com.kt.main.activity.SchemeGateActivity",
            "com.kt.main.ocr.OCRActivity",
            "com.laboratory.ldcc.wave.wave.WaveDialogActivity"
        ],
        "services": [
            "androidx.room.MultiInstanceInvalidationService",
            "com.google.android.datatransport.runtime.backends.TransportBackendDiscovery",
            "com.google.android.datatransport.runtime.scheduling.jobscheduling.JobInfoSchedulerService",
            "com.google.firebase.components.ComponentDiscoveryService",
            "com.google.firebase.messaging.FirebaseMessagingService",
            "com.laboratory.ldcc.wave.downstream.WaveService"
        ],
        "receivers": [
            "com.google.android.datatransport.runtime.scheduling.jobscheduling.AlarmManagerSchedulerBroadcastReceiver",
            "com.google.firebase.iid.FirebaseInstanceIdReceiver",
            "com.kt.main.util.push.RentalWaveMsgReceiver",
            "com.kt.main.util.push.RentalWaveOpenReceiver",
            "com.laboratory.ldcc.wave.downstream.WaveDefaultMessageReceiver"
        ],
        "permission_details": {
            "android.permission.ACCESS_COARSE_LOCATION": "dangerous",
            "android.permission.ACCESS_FINE_LOCATION": "dangerous",
            "android.permission.ACCESS_NETWORK_STATE": "normal",
            "android.permission.ACCESS_WIFI_STATE": "normal",
            "android.permission.CALL_PHONE": "dangerous",
            "android.permission.CAMERA": "dangerous",
            "android.permission.INTERNET": "normal",
            "android.permission.READ_EXTERNAL_STORAGE": "dangerous",
            "android.permission.WAKE_LOCK": "normal",
            "android.permission.WRITE_EXTERNAL_STORAGE": "dangerous",
            "com.google.android.c2dm.permission.RECEIVE": "unknown"
        },
        "risk_counts": {
            "dangerous": 6,
            "normal": 4,
            "unknown": 1
        }
    },
    "stats": {
        "dex_count": 2,
        "native_lib_count": 14
    },
    "jadx": {
        "status": "ok",
        "duration_sec": 36.65,
        "sources_present": true,
        "java_file_count": 6955
    },
    "ast_analysis": {
        "location": 0,
        "microphone": 0,
        "camera": 38,
        "media_projection": 0,
        "dynamic_load": 0,
        "jni": 14
    },
    "analysis_state": "complete"
}