{
    "apk_name": "4126AA717419361184BF3DFAEB2AB53E4C88C06C566ACD5A369E06C73BB679C8",
    "sha256": "4126aa717419361184bf3dfaeb2ab53e4c88c06c566acd5a369e06c73bb679c8",
    "metadata": {
        "package_name": "com.icbc",
        "version_code": "701260",
        "version_name": "7.0.1.2.6",
        "min_sdk": "21",
        "target_sdk": "26",
        "permissions": [
            "android.hardware.camera.autofocus",
            "android.permission.ACCESS_ASSISTED_GPS",
            "android.permission.ACCESS_COARSE_LOCATION",
            "android.permission.ACCESS_FINE_LOCATION",
            "android.permission.ACCESS_GPS",
            "android.permission.ACCESS_LOCATION",
            "android.permission.ACCESS_NETWORK_STATE",
            "android.permission.ACCESS_WIFI_STATE",
            "android.permission.BLUETOOTH",
            "android.permission.BLUETOOTH_ADMIN",
            "android.permission.CAMERA",
            "android.permission.CHANGE_CONFIGURATION",
            "android.permission.CHANGE_NETWORK_STATE",
            "android.permission.CHANGE_WIFI_STATE",
            "android.permission.DISABLE_KEYGUARD",
            "android.permission.FLASHLIGHT",
            "android.permission.FOREGROUND_SERVICE",
            "android.permission.INSTALL_SHORTCUT",
            "android.permission.INTERNET",
            "android.permission.KILL_BACKGROUND_PROCESSES",
            "android.permission.MODIFY_AUDIO_SETTINGS",
            "android.permission.MOUNT_UNMOUNT_FILESYSTEMS",
            "android.permission.NFC",
            "android.permission.PROCESS_OUTGOING_CALLS",
            "android.permission.READ_CONTACTS",
            "android.permission.READ_EXTERNAL_STORAGE",
            "android.permission.READ_PHONE_STATE",
            "android.permission.RECEIVE_USER_PRESENT",
            "android.permission.RECORD_AUDIO",
            "android.permission.REORDER_TASKS",
            "android.permission.REQUEST_INSTALL_PACKAGES",
            "android.permission.SMARTCARD",
            "android.permission.SYSTEM_ALERT_WINDOW",
            "android.permission.SYSTEM_OVERLAY_WINDOW",
            "android.permission.USE_FINGERPRINT",
            "android.permission.VIBRATE",
            "android.permission.WAKE_LOCK",
            "android.permission.WRITE_EXTERNAL_STORAGE",
            "android.permission.WRITE_SETTINGS",
            "com.android.launcher.permission.INSTALL_SHORTCUT",
            "com.android.launcher.permission.READ_SETTINGS",
            "com.android.launcher.permission.UNINSTALL_SHORTCUT",
            "com.android.launcher.permission.WRITE_SETTINGS",
            "com.coloros.mcs.permission.RECIEVE_MCS_MESSAGE",
            "com.huawei.android.launcher.permission.CHANGE_BADGE",
            "com.huawei.appmarket.service.commondata.permission.GET_COMMON_DATA",
            "com.icbc.permission.FIN_APPLET_RECEIVER",
            "com.icbc.permission.MIPUSH_RECEIVE",
            "com.icbc.permission.PROCESS_PUSH_MSG",
            "com.icbc.permission.PUSH_PROVIDER",
            "org.fidoalliance.uaf.permissions.FIDO_CLIENT",
            "org.simalliance.openmobileapi.SMARTCARD",
            "vfc.hce.broadcast.permission"
        ],
        "activities": [
            "cn.anicert.lib_identify.ui.ShowActivity",
            "cn.cloudwalk.libproject.LiveActivity",
            "cn.cloudwalk.libproject.LiveStartActivity",
            "cn.cloudwalk.libproject.LivenessFailActivity",
            "cn.cloudwalk.libproject.LivenessSucessActivity",
            "cn.gov.pbc.apptsm.client.mobile.andorid.extbiz.bank.Activity001",
            "cn.sharesdk.framework.ShareSDKUIShell",
            "com.alipay.sdk.app.AlipayResultActivity",
            "com.alipay.sdk.app.H5AuthActivity",
            "com.alipay.sdk.app.H5PayActivity",
            "com.alipay.sdk.app.PayResultActivity",
            "com.bytedance.mira.MiraErrorBackupActivity",
            "com.bytedance.mira.MiraPluginListActivity",
            "com.bytedance.mira.stub.PluginLoaderActivity",
            "com.bytedance.mira.stub.RedirectActivity",
            "com.bytedance.mira.stub.p0.StubSingleInstanceActivity1",
            "com.bytedance.mira.stub.p0.StubSingleInstanceActivity2",
            "com.bytedance.mira.stub.p0.StubSingleInstanceActivity3",
            "com.bytedance.mira.stub.p0.StubSingleInstanceActivity4",
            "com.bytedance.mira.stub.p0.StubSingleInstanceActivity5",
            "com.bytedance.mira.stub.p0.StubSingleTaskActivity1",
            "com.bytedance.mira.stub.p0.StubSingleTaskActivity2",
            "com.bytedance.mira.stub.p0.StubSingleTaskActivity3",
            "com.bytedance.mira.stub.p0.StubSingleTaskActivity4",
            "com.bytedance.mira.stub.p0.StubSingleTaskActivity5",
            "com.bytedance.mira.stub.p0.StubSingleTopActivity1",
            "com.bytedance.mira.stub.p0.StubSingleTopActivity2",
            "com.bytedance.mira.stub.p0.StubSingleTopActivity3",
            "com.bytedance.mira.stub.p0.StubSingleTopActivity4",
            "com.bytedance.mira.stub.p0.StubSingleTopActivity5",
            "com.bytedance.mira.stub.p0.StubStandardActivity1",
            "com.bytedance.mira.stub.p0.StubStandardActivity10",
            "com.bytedance.mira.stub.p0.StubStandardActivity2",
            "com.bytedance.mira.stub.p0.StubStandardActivity3",
            "com.bytedance.mira.stub.p0.StubStandardActivity4",
            "com.bytedance.mira.stub.p0.StubStandardActivity5",
            "com.bytedance.mira.stub.p0.StubStandardActivity6",
            "com.bytedance.mira.stub.p0.StubStandardActivity7",
            "com.bytedance.mira.stub.p0.StubStandardActivity8",
            "com.bytedance.mira.stub.p0.StubStandardActivity9",
            "com.bytedance.mira.stub.p0.StubTranslucentActivity",
            "com.bytedance.mira.stub.p1.StubSingleInstanceActivity1",
            "com.bytedance.mira.stub.p1.StubSingleInstanceActivity2",
            "com.bytedance.mira.stub.p1.StubSingleInstanceActivity3",
            "com.bytedance.mira.stub.p1.StubSingleTaskActivity1",
            "com.bytedance.mira.stub.p1.StubSingleTaskActivity2",
            "com.bytedance.mira.stub.p1.StubSingleTaskActivity3",
            "com.bytedance.mira.stub.p1.StubSingleTopActivity1",
            "com.bytedance.mira.stub.p1.StubSingleTopActivity2",
            "com.bytedance.mira.stub.p1.StubSingleTopActivity3",
            "com.bytedance.mira.stub.p1.StubStandardActivity1",
            "com.bytedance.mira.stub.p1.StubStandardActivity2",
            "com.bytedance.mira.stub.p1.StubStandardActivity3",
            "com.bytedance.mira.stub.p1.StubStandardActivity4",
            "com.bytedance.mira.stub.p1.StubStandardActivity5",
            "com.bytedance.mira.stub.p1.StubTranslucentActivity",
            "com.detect.ui.AliveActivity",
            "com.ebdp.about.ui.AboutActivity",
            "com.ebdp.about.ui.ContactActivity",
            "com.ebdp.about.ui.NewContactActivity",
            "com.ebdp.about.ui.WebViewActivity",
            "com.ebdp.calendar.ui.EbdpCalendarActivity",
            "com.ebdp.foreigncurrency.ui.ForeignCurrencyDistinguishActivity",
            "com.ebdp.foreigncurrency.ui.LogoDistinguishActivity",
            "com.ebdp.qrcode.ui.ForeignCurrencyDistinguishActivity",
            "com.ebdp.qrcode.ui.result.AddressBookResultActivity",
            "com.ebdp.qrcode.ui.result.WifiResultActivity",
            "com.ebdp.scancardnum.ScanCardNumActivity",
            "com.ebdp.share.ui.ShareActivity",
            "com.ebdp.share.ui.ShareQrcActivity",
            "com.facebook.react.devsupport.DevSettingsActivity",
            "com.finogeeks.lib.applet.main.FinAppHomeActivity$AppHome0",
            "com.finogeeks.lib.applet.main.FinAppHomeActivity$AppHome1",
            "com.finogeeks.lib.applet.main.FinAppHomeActivity$AppHome2",
            "com.finogeeks.lib.applet.main.FinAppHomeActivity$AppHome3",
            "com.finogeeks.lib.applet.main.FinAppHomeActivity$AppHome4",
            "com.finogeeks.lib.applet.main.FinAppSplashActivity$AppSplash0",
            "com.finogeeks.lib.applet.main.FinAppSplashActivity$AppSplash1",
            "com.finogeeks.lib.applet.main.FinAppSplashActivity$AppSplash2",
            "com.finogeeks.lib.applet.main.FinAppSplashActivity$AppSplash3",
            "com.finogeeks.lib.applet.main.FinAppSplashActivity$AppSplash4",
            "com.finogeeks.lib.applet.modules.about.AboutAppletActivity",
            "com.finogeeks.lib.applet.modules.documentviewer.DocumentViewerActivity",
            "com.finogeeks.lib.applet.modules.mediaviewer.MediaViewerActivity",
            "com.finogeeks.lib.applet.modules.urlrouter.UrlRouterActivity",
            "com.finogeeks.lib.applet.modules.webview.WebViewActivity",
            "com.finogeeks.lib.applet.scancode.ui.activity.ScanCaptureActivity",
            "com.gmrz.appsdk.commlib.IntentHelperActivity",
            "com.huawei.hms.activity.BridgeActivity",
            "com.huawei.hms.activity.EnableServiceActivity",
            "com.huawei.updatesdk.service.otaupdate.AppUpdateActivity",
            "com.huawei.updatesdk.support.pm.PackageInstallerActivity",
            "com.icbc.about.ICBCAboutActivity",
            "com.icbc.activity.bankmessage.BankMessageListActivity",
            "com.icbc.activity.cloudpay.ICBCCloudPayJumpActivity",
            "com.icbc.activity.common.ErrorActivity",
            "com.icbc.activity.common.ErrorActivityForSDK",
            "com.icbc.activity.common.NotificationReceiveActivity",
            "com.icbc.activity.common.NullActivity",
            "com.icbc.activity.common.TranErrorActivity",
            "com.icbc.activity.contact.DirectBankContactActivity",
            "com.icbc.activity.contact.ICBCFeedBackActivity",
            "com.icbc.activity.countyui.EditFloorActivityForCounty",
            "com.icbc.activity.eastmoney.OpenAccountLoginActivity",
            "com.icbc.activity.fifthEditionUI.EditFloorActivityForFifthEdition",
            "com.icbc.activity.fingerprint.CheckWapbFingerprintActicity",
            "com.icbc.activity.fingerprint.ConfigureFingerprintActivity",
            "com.icbc.activity.fingerprint.OpenWapbFingerprintAcivity",
            "com.icbc.activity.gesture.DrawGestureActivity",
            "com.icbc.activity.gesture.SetGestureActivity",
            "com.icbc.activity.gesture.UseGestureActivity",
            "com.icbc.activity.init.APMSettingActivity",
            "com.icbc.activity.init.AddExtraTestIpActivity",
            "com.icbc.activity.init.ChooseServerActivity",
            "com.icbc.activity.init.CodelessURLActivity",
            "com.icbc.activity.init.DebugBsAfterLoginActivity",
            "com.icbc.activity.init.DebugBsBeforeLoginActivity",
            "com.icbc.activity.init.EBTUrlInputActivity",
            "com.icbc.activity.init.GuideActivity",
            "com.icbc.activity.init.LoadingActivity",
            "com.icbc.activity.init.LoadingAdvActivity",
            "com.icbc.activity.init.NewLoadingActivity",
            "com.icbc.activity.init.NewLoadingActivityForHarmony",
            "com.icbc.activity.init.SplashActivity",
            "com.icbc.activity.init.TestIpActivity",
            "com.icbc.activity.init.TestIpDetailActivity",
            "com.icbc.activity.invest.AcctGoodActivity",
            "com.icbc.activity.invest.ForeignexchangeActivity",
            "com.icbc.activity.invest.InvestErrorActivity",
            "com.icbc.activity.invest.MypreciousMetalHoldActivity",
            "com.icbc.activity.invest.PreciousmetalActivity",
            "com.icbc.activity.item.invest.investmentassets.MyInvestmentAssetsActivity",
            "com.icbc.activity.location.LocationActivity",
            "com.icbc.activity.lock.DrawGesturePasswordActivity",
            "com.icbc.activity.lock.SetGesturePasswordActivity",
            "com.icbc.activity.login.BankMsgDetailActivity",
            "com.icbc.activity.login.BankMsgListActivity",
            "com.icbc.activity.login.BankNoticeListActivity",
            "com.icbc.activity.login.ConfigureTokenActivity",
            "com.icbc.activity.login.CropImgActivity",
            "com.icbc.activity.login.DirectBankFarewellActivity",
            "com.icbc.activity.login.DirectBankLoginErrorActivity",
            "com.icbc.activity.login.EditUserInfoActivity",
            "com.icbc.activity.login.EpayLoginActivity",
            "com.icbc.activity.login.FarewellActivity",
            "com.icbc.activity.login.FarewellForOverturnActivity",
            "com.icbc.activity.login.LoginInterfaceActivity",
            "com.icbc.activity.login.OauthLoginActivity",
            "com.icbc.activity.login.SignatureActivity",
            "com.icbc.activity.login.UnionLoginActivity",
            "com.icbc.activity.main.AssetCalendarActivity",
            "com.icbc.activity.main.AssetManagerActivity",
            "com.icbc.activity.main.CalendarActivity",
            "com.icbc.activity.main.ChangeUIVersionActivity",
            "com.icbc.activity.main.CreditCardPageActivity",
            "com.icbc.activity.main.DirectBankAboutActivity",
            "com.icbc.activity.main.FontSizeSettingsActivity",
            "com.icbc.activity.main.HuilifePersonalRecommendActivity",
            "com.icbc.activity.main.InvestPageActivity",
            "com.icbc.activity.main.LoginManageActivity",
            "com.icbc.activity.main.LoginManageAuthorizationActivity",
            "com.icbc.activity.main.MainActivity",
            "com.icbc.activity.main.MineSettingActivity",
            "com.icbc.activity.main.MyMoneyActivity",
            "com.icbc.activity.main.NewsActivity",
            "com.icbc.activity.main.PersonalInfoActivity",
            "com.icbc.activity.main.ServiceAndSettingActivity",
            "com.icbc.activity.main.ServiceAuthorizeActivity",
            "com.icbc.activity.main.SubMenuActivity",
            "com.icbc.activity.main.SubMenuTipsActivity",
            "com.icbc.activity.main.TransparentActivity",
            "com.icbc.activity.message.MessageCenterActivity",
            "com.icbc.activity.message.MessageCenterSettingsActivity",
            "com.icbc.activity.message.MessageCenterToolPage",
            "com.icbc.activity.message.MessageCenterToolPageForH5",
            "com.icbc.activity.message.MessageFreshEventActivity",
            "com.icbc.activity.message.MessageSecretActivity",
            "com.icbc.activity.message.SmartHelperActivity",
            "com.icbc.activity.more.AllMenuHuiLifeActivity",
            "com.icbc.activity.more.AllSearchResultActivity",
            "com.icbc.activity.more.CompositeSearchMenuActivity",
            "com.icbc.activity.more.NewMoreMenuActivity",
            "com.icbc.activity.more.NewMoreMenuActivityForOldAge",
            "com.icbc.activity.more.NewMoreSearchMenuActivity",
            "com.icbc.activity.more.SearchResultActivity",
            "com.icbc.activity.more.VoiceRemitMenuActivity",
            "com.icbc.activity.myasset.MyAssetActivity",
            "com.icbc.activity.mypayeelist.MyAccountBankListActivity",
            "com.icbc.activity.mypayeelist.MyPayeeListPageActivity",
            "com.icbc.activity.mypayeelist.MyPayeeListPageActivity2",
            "com.icbc.activity.mypayeelist.NewMyPayeeListPageActivity",
            "com.icbc.activity.newsearch.SearchAllResultNewActivity",
            "com.icbc.activity.newsearch.SearchResultNewActivity",
            "com.icbc.activity.nfc.NFCDiscoveredActivity",
            "com.icbc.activity.nfc.NFCTradeDetailActivity",
            "com.icbc.activity.oldAgeUI.EditFloorActivity",
            "com.icbc.activity.personalui.EditFloorActivityForPersonal",
            "com.icbc.activity.qrcode.MyRecQRCode",
            "com.icbc.activity.qrcode.QRCodeDetailActivity",
            "com.icbc.activity.qrcode.QRCodeDetailMoreActivity",
            "com.icbc.activity.qrcode.QRCodeInfoActivity",
            "com.icbc.activity.qrcode.QRCodeResultForTXTActivity",
            "com.icbc.activity.qrcode.QRCodeScanActivity",
            "com.icbc.activity.qrcode.QRCodeScanForWebViewActivity",
            "com.icbc.activity.query.AllDetailActvity",
            "com.icbc.activity.query.DetailClassifyActivity",
            "com.icbc.activity.query.DetailRemarkActivity",
            "com.icbc.activity.query.DetailRemarkActivityForQuery",
            "com.icbc.activity.query.DetailRemarkEditActivity",
            "com.icbc.activity.query.DetailScreenActivity",
            "com.icbc.activity.query.DetailScreenResultActivity",
            "com.icbc.activity.query.DetailScreenSearchActivity",
            "com.icbc.activity.query.DetailScreenSearchResultActivity",
            "com.icbc.activity.query.FollowHeartQueryActivity",
            "com.icbc.activity.query.ImagePickerActivity",
            "com.icbc.activity.query.SingleCardDetailActivity",
            "com.icbc.activity.remit.BayFinanceBalanceTransferRecordActivity",
            "com.icbc.activity.remit.BayFinanceQueryDetailActivity",
            "com.icbc.activity.remit.ICBCDomesticRemittanceActivity",
            "com.icbc.activity.remit.QueryDetailActivity",
            "com.icbc.activity.remit.QueryDetailMoreActivity",
            "com.icbc.activity.remit.QueryRemitCancelResultActivityZJ",
            "com.icbc.activity.remit.QueryRemitCardListActivityZJ",
            "com.icbc.activity.remit.QueryRemitDetailActivityZJ",
            "com.icbc.activity.remit.QueryRemitListActivityZJ",
            "com.icbc.activity.remit.QueryRemitMoreActivityZJ",
            "com.icbc.activity.remit.SelectOverSeaActivity",
            "com.icbc.activity.remit.SelectReceiptBankActivityZJ",
            "com.icbc.activity.remit.TradeSnapshotActivity",
            "com.icbc.activity.safe.SecurityCheck",
            "com.icbc.activity.share.BindMicroBlogActivity",
            "com.icbc.activity.share.ScreenShotShareActivity",
            "com.icbc.activity.share.ShareActivity",
            "com.icbc.activity.share.ShareDirectlyActivity",
            "com.icbc.activity.share.ShareQrcActivity",
            "com.icbc.activity.share.ShareQrcActivityForOldage",
            "com.icbc.activity.share.ShareToOtherPlatformActivity",
            "com.icbc.activity.share.graffitipicture.GraffitiPictureActivity",
            "com.icbc.activity.test.TestActivity",
            "com.icbc.activity.test.TransMidActivity",
            "com.icbc.activity.upload.MultiImageChooserActivity",
            "com.icbc.activity.usbkey.UKeyAsistantActivity",
            "com.icbc.activity.usbkey.UKeyAsistantTipsActivity",
            "com.icbc.activity.usbkey.UKeyAssistantToEMallActivity",
            "com.icbc.activity.video.PlayerVideoActivity",
            "com.icbc.activity.videoauthen.OpenAcctVideoAuthenActivity",
            "com.icbc.activity.videoauthen.OpenAcctVideoAuthenResultActivity",
            "com.icbc.activity.web.ICBCPayActivityForSDK",
            "com.icbc.activity.web.ICBCQRCodeScanWebView",
            "com.icbc.activity.web.ICBCStaticPageWebview",
            "com.icbc.activity.web.ICBCWVPDWebview",
            "com.icbc.activity.web.ICBCWebView",
            "com.icbc.activity.web.ICBCWebViewForB2C",
            "com.icbc.activity.web.ICBCWebViewForCVerify",
            "com.icbc.activity.web.ICBCWebViewForDirectBank",
            "com.icbc.activity.web.ICBCWebViewForEMall",
            "com.icbc.activity.web.ICBCWebViewForEMallForMobileLife",
            "com.icbc.activity.web.ICBCWebViewForEmallB2CNew",
            "com.icbc.activity.web.ICBCWebViewForFavoriateAnimation",
            "com.icbc.activity.web.ICBCWebViewForHesitationCare",
            "com.icbc.activity.web.ICBCWebViewForICBCAppStore",
            "com.icbc.activity.web.ICBCWebViewForMobileLife",
            "com.icbc.activity.web.ICBCWebViewForPermission",
            "com.icbc.activity.web.ICBCWebViewToExternal",
            "com.icbc.activity.web.preload.ICBCPreloadWebViewActivity",
            "com.icbc.arscan.ARScanActivity",
            "com.icbc.arscan.ARScanActivityForConformity",
            "com.icbc.bas.face.acitivity.BASFaceActivity",
            "com.icbc.bas.voiceai.voiceui.VoiceBaseActivity",
            "com.icbc.bh_face_alive.activity.AliveActivity",
            "com.icbc.bh_face_alive.activity.ICBCFaceDetectActivity",
            "com.icbc.bscomponent.atom.ICBCWebViewForAtom",
            "com.icbc.bscomponent.atom.ICBCWebViewForAtomToExternal",
            "com.icbc.bscomponent.facerecognition.ICBCFaceDetectActivity",
            "com.icbc.bscomponent.rn.framework.ReactNativeSplitBundleRouterBuilderActivity",
            "com.icbc.bscomponent.unionlogin.ICBCWebViewForEmallB2C",
            "com.icbc.bscomponent.upload.MultiImageChooserActivity",
            "com.icbc.collegestudents.xbsdk.xuebank.ICBCWebViewForStudentBank",
            "com.icbc.collegestudents.xbsdk.xuebank.NewWebViewActivity",
            "com.icbc.collegestudents.xbsdk.xuebank.RetainActivity",
            "com.icbc.collegestudents.xbsdk.xuebank.ZxingQrcodeActivity",
            "com.icbc.component.MainActivity",
            "com.icbc.component.SmsLoginNewLoginRealActivity",
            "com.icbc.component.UnionMiddlePageRealActivity",
            "com.icbc.component.face.ePassliveFaceActivity",
            "com.icbc.component.face.ePassliveFaceForProtectActivity",
            "com.icbc.component.fingerprint.CheckFingerprintActivity",
            "com.icbc.component.fingerprint.EpassCheckFingerprintActivity",
            "com.icbc.component.fingerprint.EpassOpenFingerprintActivity",
            "com.icbc.component.fingerprint.OpenFingerprintActivity",
            "com.icbc.component.gesture.EpassDrawGesturePassActivity",
            "com.icbc.component.gesture.EpassGesturePassActivity",
            "com.icbc.component.gesture.NoPerceptionGestureActivity",
            "com.icbc.component.ocr.UI.SignatureActivity",
            "com.icbc.component.templatelogin.AuthorizedLoginActivity",
            "com.icbc.component.templatelogin.LoginNameOrCardActivity",
            "com.icbc.component.templatelogin.TemplateLoginActivity",
            "com.icbc.component.unionlogin.CommonNetErrorActivity",
            "com.icbc.component.unionlogin.ICBCWebViewForEmallB2C",
            "com.icbc.component.unionlogin.InnerRelateSuccessActivity",
            "com.icbc.component.unionlogin.MainLoginNewRealActivity",
            "com.icbc.component.unionlogin.OauthFlagLogin",
            "com.icbc.component.unionlogin.OauthFlagVerify",
            "com.icbc.component.unionlogin.QuestionActivity",
            "com.icbc.component.unionlogin.RelateFailedActivity",
            "com.icbc.component.unionlogin.RelateSuccessActivity",
            "com.icbc.component.unionlogin.SMSAuthenNewActivity",
            "com.icbc.component.unionlogin.SmsLoginNewActivity",
            "com.icbc.component.unionlogin.SmsLoginPermissionActivity",
            "com.icbc.component.unionlogin.TradeFailedActivity",
            "com.icbc.component.unionlogin.UnionMiddleLoginPageActivity",
            "com.icbc.component.unionlogin.UniteLogin",
            "com.icbc.component.unionlogin.UniteSMSLogin",
            "com.icbc.component.unionlogin.WebViewLoginActivity",
            "com.icbc.component.unionlogin.ZoneActivity",
            "com.icbc.component.voiceprint.VoicePrintCommonMangerActivity",
            "com.icbc.component.voiceprint.VoicePrintFirstMangerActivity",
            "com.icbc.component.voiceprint.VoicePrintSettingActivity",
            "com.icbc.component.voiceprint.VoiceRegSuccessActivity",
            "com.icbc.component.voiceprint.VoiceVerifySuccessActivity",
            "com.icbc.component.widget.VerifyVoiceActivity",
            "com.icbc.elifelite.activity.AlbumActivity",
            "com.icbc.elifelite.activity.ChooseDistrictActivity",
            "com.icbc.elifelite.activity.ConfirmActivity",
            "com.icbc.elifelite.activity.ETCActivity",
            "com.icbc.elifelite.activity.MainActivity",
            "com.icbc.elifelite.activity.ServiceAuthorizeActivity",
            "com.icbc.elifelite.activity.WebviewActivity",
            "com.icbc.elifelite.wxapi.WXEntryActivity",
            "com.icbc.embedelife.EmbedELifeLoginActivity",
            "com.icbc.hce.ActivityVpW",
            "com.icbc.hce.ActivityVpWNoLogin",
            "com.icbc.hce.HomeActivity",
            "com.icbc.hce.MainActivity",
            "com.icbc.hce.SplashActivity",
            "com.icbc.hce.activity.common.ExitActivity",
            "com.icbc.hce.activity.common.HceErrorActivity",
            "com.icbc.hce.activity.main.SubMenuActivity",
            "com.icbc.hce.activity.main.SubMenuActivityNew",
            "com.icbc.hce.activity.main.SubMenuTipsActivity",
            "com.icbc.hce.activity.web.H5webtestActivity",
            "com.icbc.hce.activity.web.ICBCWebView",
            "com.icbc.hce.base.BaseActivity",
            "com.icbc.hce.card.CardPayErrorActivity",
            "com.icbc.hce.card.CardPaySuccessDetail",
            "com.icbc.hce.card.ChrysanthemumActivity",
            "com.icbc.hce.card.ToolTipsActivity",
            "com.icbc.hce.login.LoginActivity",
            "com.icbc.hce.securitysettings.MyYunpaySecuritySettingActivity",
            "com.icbc.hce.setting.SettingActivity",
            "com.icbc.hce.yunpay.CardInfoShowActivity",
            "com.icbc.hce.yunpay.MyYunPayVerifyDeleteCard",
            "com.icbc.hce.yunpay.MyYunpayActivity",
            "com.icbc.hce.yunpay.MyYunpayCardShow",
            "com.icbc.hce.yunpay.MyYunpayDeleteCardActivity",
            "com.icbc.hce.yunpay.MyYunpayLimitCommitActivity",
            "com.icbc.hce.yunpay.MyYunpayLimitPasswordActivity",
            "com.icbc.hce.yunpay.MyYunpayPasswordCheckActivity",
            "com.icbc.hce.yunpay.MyYunpayPasswordModifyActivity",
            "com.icbc.hce.yunpay.MyYunpaySettingActivity",
            "com.icbc.hce.yunpay.MyYunpayUpdateAmountLimitActivity",
            "com.icbc.hce.yunpay.NoteVerifyActivity",
            "com.icbc.hce.yunpay.NoteVerifySuccessActivity",
            "com.icbc.hce.yunpay.SettingSingleTradeLimitActivity",
            "com.icbc.hce.yunpay.YunpayActivity",
            "com.icbc.hce.yunpay.download.DownloadYunpayActivity",
            "com.icbc.hce.yunpay.download.DownloadYunpayActivity_new",
            "com.icbc.hce.yunpay.download.DownloadYunpayCardAffirmActivity",
            "com.icbc.hce.yunpay.download.DownloadYunpayCardSuccessActivity",
            "com.icbc.hce.yunpay.download.DownloadYunpayCardchoiceActivity",
            "com.icbc.hce.yunpay.download.DownloadYunpayCardchoiceActivityTest",
            "com.icbc.hce.yunpay.download.ProductIntroductionActivity",
            "com.icbc.hce.yunpay.download.YunpayCardActiveSuccessDetailActivity",
            "com.icbc.hce.yunpay.download.YunpayRegAgreementDetailActivity",
            "com.icbc.icbcbasfaceenc.activity.BASFaceNewActivity",
            "com.icbc.ifmp.view.ICBCWebViewForDraw",
            "com.icbc.ifop.ocr.ui.CameraActivity",
            "com.icbc.ifop.ocr.ui.ImportRecognizeActivity",
            "com.icbc.ifop.ocr.ui.NewCameraActivity",
            "com.icbc.logutils.LogListActivity",
            "com.icbc.myaccount.DetailRemarkActivityNew",
            "com.icbc.myaccount.MyAccountActivity",
            "com.icbc.myaccount.QueryDetailActivityforMyAccount",
            "com.icbc.myaccount.QueryDetailMoreActivityForMyAccount",
            "com.icbc.myaccountforlan.DetailRemarkActivityForLan",
            "com.icbc.myaccountforlan.MyAccountForLanActivity",
            "com.icbc.myaccountforlan.QueryDetailActivityForLan",
            "com.icbc.myaccountforlan.QueryDetailMoreActivityForLan",
            "com.icbc.myaccountsixth.MyAccountSixthActivity",
            "com.icbc.mydetail.MyDetailCategoryActivity",
            "com.icbc.mydetail.MyDetailClassifyActivity",
            "com.icbc.mydetail.MyDetailMainActivity",
            "com.icbc.mydetail.MyDetailRemarkActivity",
            "com.icbc.mydetail.MyDetailRemarkEditActivity",
            "com.icbc.mydetail.MyDetailScreenActivity",
            "com.icbc.mydetail.MyDetailScreenResultActivity",
            "com.icbc.mydetail.MyDetailScreenSearchActivity",
            "com.icbc.mydetail.MyDetailScreenSearchResultActivity",
            "com.icbc.mydetail.MyDetailSearchResultActivity",
            "com.icbc.mydetail.MyFollowHeartQueryActivity",
            "com.icbc.mydetail.MyImagePickerActivity",
            "com.icbc.mydetail.MySingleCardDetailActivity",
            "com.icbc.mywealth.MineWealthActivity",
            "com.icbc.oisc.UI.balanceChangedPage.BalanceChangedActivity",
            "com.icbc.oisc.UI.chatPage.SingleChatActivity",
            "com.icbc.oisc.UI.chatPage.SingleChatSettingActivity",
            "com.icbc.oisc.UI.chatPage.imagebrowser.OISCImageBrowserActivity",
            "com.icbc.oisc.UI.chatPage.imagebrowser.OISCImagePreviewActivity",
            "com.icbc.oisc.UI.chatPage.imagebrowser.OISCImageViewActivity",
            "com.icbc.oisc.UI.detailPage.DetailActivity",
            "com.icbc.oisc.UI.mainPage.OISCMainActivity",
            "com.icbc.oisc.UI.oldDetailPage.OldDetailActivity",
            "com.icbc.oisc.UI.oldMainPage.OldOISCMainActivity",
            "com.icbc.oisc.UI.schedulePage.ScheduleActivity",
            "com.icbc.oisc.UI.settingPage.AccountSettingActivity",
            "com.icbc.oisc.UI.settingPage.CardListWebViewActivity",
            "com.icbc.oisc.UI.settingPage.MessageSettingActivity",
            "com.icbc.oisc.UI.settingPage.MessageSettingPushMessageSwitchActivity",
            "com.icbc.oisc.UI.settingPage.MessageSettingReceivedMessageSwitchActivity",
            "com.icbc.oisc.UI.settingPage.NumberChangeSuccessActivity",
            "com.icbc.oisc.UI.settingPage.OneKeySwitchWebViewActivity",
            "com.icbc.oisc.UI.specialOfferPage.SpecialOfferActivity",
            "com.icbc.oisc.UI.subscribe.SubscribeManagerActivity",
            "com.icbc.oisc.UI.subscribe.SubscribeMoreActivity",
            "com.icbc.oisc.UI.webviewPage.CustomWebViewActivity",
            "com.icbc.onekeygray.OnekeyGrayActivity",
            "com.icbc.popwindow.DrawGiftWindowActivity",
            "com.icbc.rn.RNActivity",
            "com.icbc.rn.framework.ReactNativeMiNiRouterBuilderActivity",
            "com.icbc.rn.framework.ReactNativeNoSplitRouterBuilderActivity",
            "com.icbc.rn.framework.ReactNativeSplitBundleRouterBuilderActivity",
            "com.icbc.rn.framework.bundlenosplit.ReactNativeNoSplitAcitivityWithBuilder",
            "com.icbc.rn.framework.bundlenosplit.ReactNativeNoSplitActivity",
            "com.icbc.rn.ifoptideandroid.nosplit.ReactNativeNoSplitDebugActivity",
            "com.icbc.roomservice.dev.ui.RoomReadyConnectActivity",
            "com.icbc.roomservice.dev.ui.VideoServiceActivity",
            "com.icbc.smartvoice.InnovateHistoryConversationActivity",
            "com.icbc.smartvoice.QuetionCheckActivity",
            "com.icbc.smartvoice.SmartVoiceSearchActivity",
            "com.icbc.smartvoice.SmartVoiceSettingActivity",
            "com.icbc.smartvoice.VoiceMultipleConversationActivity",
            "com.icbc.smartvoice.VoiceRemitSearchActivity",
            "com.icbc.view.ICBCDialogWholeActivity",
            "com.icbc.wapc.ocr.IdCardRecognizeActivity",
            "com.icbc.wapc.ocr.UploadAcctImageActivity",
            "com.icbc.wxapi.WXEntryActivity",
            "com.icbcfeedbackcomponent.AdviceFeedOnActivity",
            "com.icbcpay.ICBCpayEntranceActivity",
            "com.icbcpay.TestMainActivity",
            "com.icbcpay.epay.EPayByStages",
            "com.icbcpay.epay.EPayByStagesResult",
            "com.icbcpay.epay.EPayInputActivity",
            "com.icbcpay.epay.EPayRegActivity",
            "com.icbcpay.epay.EPayResultActivity",
            "com.icbcpay.epay.MainActivity",
            "com.icbcpay.mobilebankpay.MobileBankActivity",
            "com.icbcpay.mobilebankpay.MobileBankPayByStages",
            "com.icbcpay.mobilebankpay.MobileBankPayCiphererActivity",
            "com.icbcpay.mobilebankpay.MobileBankPayCommandCardActivity",
            "com.icbcpay.qrcodepay.BarCodeActivity",
            "com.icbcpay.qrcodepay.CardInfoActivity",
            "com.icbcpay.qrcodepay.CardListAvailableManagerActivity",
            "com.icbcpay.qrcodepay.CardListManagerActivity",
            "com.icbcpay.qrcodepay.CheckBankCodeActivity",
            "com.icbcpay.qrcodepay.CheckCardInfoActivity",
            "com.icbcpay.qrcodepay.CheckCardNumActivity",
            "com.icbcpay.qrcodepay.CheckEpayMobileActivity",
            "com.icbcpay.qrcodepay.CheckLoginActivity",
            "com.icbcpay.qrcodepay.CheckMinorsMobileActivity",
            "com.icbcpay.qrcodepay.CheckRegisterInfoActivity",
            "com.icbcpay.qrcodepay.CheckUserInfoForUnrealActivity",
            "com.icbcpay.qrcodepay.ForeignPaySuccessActivity",
            "com.icbcpay.qrcodepay.ICBCWebViewActivity",
            "com.icbcpay.qrcodepay.IsNoQRUerActivity",
            "com.icbcpay.qrcodepay.IsStopQRCodeActivity",
            "com.icbcpay.qrcodepay.PayReturnActivity",
            "com.icbcpay.qrcodepay.PaySuccessActivity",
            "com.icbcpay.qrcodepay.PromptActivity",
            "com.icbcpay.qrcodepay.QRCodeActivity",
            "com.icbcpay.qrcodepay.QRCodeCommonPayActivity",
            "com.icbcpay.qrcodepay.QrCodeSDKFaceDetectActivity",
            "com.icbcpay.qrcodepay.QrCodeWebView",
            "com.icbcpay.qrcodepay.ReleasePassActivity",
            "com.icbcpay.qrcodepay.SubmitOrderFragmentActivity",
            "com.icbcpay.qrcodepay.UnionPayInterworkingErrorActivity",
            "com.icbcpay.qrcodepay.UnionPayInterworkingWebView",
            "com.icbcpay.qrcodepay.UnionPayWebViewActivity",
            "com.icbcpay.qrcodepay.imkeyboard.IMEpayKeyboardConfirmActivity",
            "com.icbcpay.qrcodepay.imkeyboard.IMEpaySetKeyboardActivity",
            "com.icbcpay.qrcodepay.imkeyboard.IMEpaySetKeyboardMBActivity",
            "com.icbcpay.qrcodepay.nine.CheckEpayNineActivity",
            "com.icbcpay.qrcodepay.utils.qrcode.QrCodeSDKNewFaceDetectActivity",
            "com.icbcpay.unionpay.QRUnionPayInputActivity",
            "com.icbcpay.unionpay.UnionPayInputActivity",
            "com.icbcpay.unionpay.UnionPayResultActivity",
            "com.icbcphotocomponent.photo.activity.AlbumActivity",
            "com.icbcphotocomponent.photo.activity.GalleryActivity",
            "com.icbcphotocomponent.photo.activity.ImageFile",
            "com.icbcphotocomponent.photo.activity.ShowAllPhoto",
            "com.ifop.ifmini.router.MiniReactNativeNoSplitActivity",
            "com.ifop.ifmini.ui.activity.AppletActivity",
            "com.ifop.ifmini.ui.activity.BaseActivity",
            "com.ifop.ifmini.ui.activity.MiniRouterActivity",
            "com.ifop.ifmini.ui.activity.MyAppletActivity",
            "com.luck.picture.lib.PictureExternalPreviewActivity",
            "com.luck.picture.lib.PicturePlayAudioActivity",
            "com.luck.picture.lib.PicturePreviewActivity",
            "com.luck.picture.lib.PictureSelectorActivity",
            "com.luck.picture.lib.PictureVideoPlayActivity",
            "com.multiimage.ImageGridActivity",
            "com.sina.weibo.sdk.component.WeiboSdkBrowser",
            "com.vfuchong.hce.sdk.activity.WebActivity",
            "essclib.esscpermission.bridge.BridgeActivity",
            "hc.mhis.paic.com.essclibrary.activity.ESSCFaceDetectActivity",
            "hc.mhis.paic.com.essclibrary.activity.ESSCMainActivity",
            "hc.mhis.paic.com.essclibrary.activity.ESSCScanCodeActivity",
            "icbc.com.cloudimservice.chat.ui.PBBaseCloudServiceChatActivity",
            "icbc.com.cloudimservice.chat.ui.PBManagerChatListActivity",
            "icbc.com.cloudimservice.chat.ui.PBProductsListActivity",
            "icbc.com.cloudimservice.chat.ui.PBWebViewActivity",
            "icbc.com.cloudimservice.chat.utils.imagebrowser.PBIMCloudImageBrowserActivity",
            "icbc.com.cloudimservice.chat.utils.imagebrowser.PBIMCloudImagePreviewActivity",
            "icbc.com.icbccustomerservice.activity.CCISCustconsultActivity",
            "icbc.com.icbccustomerservice.activity.CCISH5BaseActivity",
            "icbc.com.icbccustomerservice.activity.CCISH5EntranceActivity",
            "icbc.com.icbccustomerservice.activity.CCISMessageContentActivty",
            "icbc.com.icbccustomerservice.activity.CCISWebViewActivity",
            "icbc.com.icbccustomerservice.activity.SelectTestAddressActivity",
            "icbc.com.icbccustomerservice.chat.ui.CsmPublicChatActivity",
            "icbc.com.icbccustomerservice.chat.ui.CsmWebViewActivity",
            "icbc.com.icbccustomerservice.chat.utils.imagebrowser.ImageBrowserActivity",
            "icbc.com.icbccustomerservice.chat.utils.imagebrowser.ImagePreviewActivity",
            "icbc.com.icbcservice.activity.MultiVideoServiceActivity",
            "icbc.com.icbcservice.activity.QueueServiceActivity",
            "icbc.com.icbcservice.activity.SelectAddressActivity",
            "icbc.com.icbcservice.activity.VideoServiceActivity",
            "icbc.com.icbcservice.activity.VideoStartActivity",
            "icbc.com.icbcservice.activity.VoiceServiceActivity",
            "icbc.com.icbcservice.activity.VoiceStartActivity",
            "org.artoolkit.ar.samples.nftSimple.nftSimpleActivity",
            "pub.devrel.easypermissions.AppSettingsDialogHolderActivity"
        ],
        "services": [
            "com.baidu.location.f",
            "com.bytedance.mira.am.KeepAlive",
            "com.bytedance.mira.am.KeepAlive$InnerService",
            "com.bytedance.mira.stub.RedirectService",
            "com.bytedance.mira.stub.p0.StubService1",
            "com.bytedance.mira.stub.p0.StubService2",
            "com.bytedance.mira.stub.p0.StubService3",
            "com.bytedance.mira.stub.p0.StubService4",
            "com.bytedance.mira.stub.p1.StubService1",
            "com.bytedance.mira.stub.p1.StubService2",
            "com.finogeeks.lib.applet.ipc.FinAppAIDLService",
            "com.finogeeks.lib.applet.modules.service.ForegroundService",
            "com.finogeeks.lib.applet.remote.ExtensionApiService",
            "com.finogeeks.lib.applet.remote.ExtensionWebApiService",
            "com.genvict.obusdk.manage.BlueToothService",
            "com.heytap.msp.push.service.CompatibleDataMessageCallbackService",
            "com.heytap.msp.push.service.DataMessageCallbackService",
            "com.huawei.agconnect.core.ServiceDiscovery",
            "com.huawei.hms.support.api.push.service.HmsMsgService",
            "com.icbc.hce.card.HCEService_new",
            "com.icbc.hce.card.LogService",
            "com.icbc.hce.service.HCEQueryPublicKeyService",
            "com.icbc.hce.service.ICBCMonitorService",
            "com.icbc.hce.service.ICBCODALoadService",
            "com.icbc.hce.service.SessionKeepService",
            "com.icbc.im.service.ICBCHmsMessageService",
            "com.icbc.oisc.imlite.core.service.AlarmJobService",
            "com.icbc.oisc.imlite.core.service.CoreService",
            "com.icbc.oisc.imlite.core.service.NotifyJobIntentService",
            "com.icbc.oisc.imlite.service.AIDLService",
            "com.icbc.oisc.receiver.NotifyReceiver$NotifyService",
            "com.icbc.roomservice.service.FloatVideoWindowService",
            "com.icbc.service.DownLoadAccountDetailBackService",
            "com.icbc.service.ICBCDirectBankMonitorService",
            "com.icbc.service.ICBCMonitorService",
            "com.safedemo.catchInfo",
            "com.ss.android.socialbase.downloader.downloader.DownloadService",
            "com.ss.android.socialbase.downloader.downloader.IndependentProcessDownloadService",
            "com.ss.android.socialbase.downloader.downloader.SqlDownloadCacheService",
            "com.ss.android.socialbase.downloader.impls.DownloadHandleService",
            "com.ss.android.socialbase.downloader.notification.DownloadNotificationService",
            "com.unionpay.mobile.android.hce.service.HceBankService",
            "com.vfuchong.hce.service.HceService",
            "com.vivo.push.sdk.service.CommandClientService",
            "com.xiaomi.mipush.sdk.MessageHandleService",
            "com.xiaomi.mipush.sdk.PushMessageHandler",
            "com.xiaomi.push.service.XMJobService",
            "com.xiaomi.push.service.XMPushService",
            "icbc.com.icbcservice.service.CCISVoiceService",
            "kernal.idcard.android.AuthService",
            "kernal.idcard.android.RecogService",
            "kernal.idcard.android.TimeService",
            "org.artoolkit.ar.samples.nftSimple.MusicServer",
            "wintone.idcard.android.AuthService",
            "wintone.idcard.android.RecogService",
            "wintone.idcard.android.TimeService"
        ],
        "receivers": [
            "com.feinno.teatalk.receiver.FinAlarmReceiver",
            "com.feinno.teatalk.receiver.NetWorkChangeReceiver",
            "com.huawei.hms.support.api.push.PushMsgReceiver",
            "com.huawei.hms.support.api.push.PushReceiver",
            "com.icbc.elifelite.receiver.UpdateReceiver",
            "com.icbc.hce.receiver.SessionKeepReceiver",
            "com.icbc.im.receiver.MiPushReceiver",
            "com.icbc.im.receiver.VIVOPushMessageReceiver",
            "com.icbc.oisc.receiver.SampleBootReceiver",
            "com.icbc.receiver.DialogWholeBroadcastReceiver",
            "com.icbc.receiver.MybroadcastReceiver",
            "com.ifop.ifmini.receiver.MyReceiver",
            "com.safedemo.phoneStateReceiver",
            "com.vfuchong.hce.sdk.activity.WebActivity",
            "com.xiaomi.push.service.receivers.NetworkStatusReceiver",
            "com.xiaomi.push.service.receivers.PingReceiver",
            "kernal.idcard.android.DataChangeReceiver",
            "wintone.idcard.android.DataChangeReceiver"
        ]
    },
    "stats": {
        "dex_count": 2,
        "native_lib_count": 79
    },
    "jadx": {
        "status": "ok",
        "duration_sec": 23.98,
        "sources_present": true,
        "java_file_count": 4001
    },
    "ast_analysis": {
        "location": 6,
        "microphone": 0,
        "camera": 24,
        "media_projection": 0,
        "dynamic_load": 0,
        "jni": 35
    },
    "analysis_state": "complete"
}