{
    "java_files": [
        "com/secneo/apkwrapper/H.java",
        "com/secneo/apkwrapper/AW.java",
        "com/secneo/apkwrapper/AP.java",
        "com/secneo/apkwrapper/CP.java",
        "cn/com/langeasy/LangEasyLexis/R.java"
    ],
    "ast_hits_by_file": {
        "location": [],
        "microphone": [],
        "camera": [],
        "media_projection": [],
        "dynamic_load": [],
        "jni": [
            "com/secneo/apkwrapper/AW.java"
        ]
    },
    "native_libs": [
        "lib/arm64-v8a/libalicomphonenumberauthsdk_core.so",
        "lib/arm64-v8a/libblur.so",
        "lib/arm64-v8a/libcommon.so",
        "lib/arm64-v8a/libcrashsdk.so",
        "lib/arm64-v8a/libgenius_blur.so",
        "lib/arm64-v8a/libmp3lamest.so",
        "lib/arm64-v8a/libpns-2.12.10-NologOnlineStandardRelease_alijtca_plus.so",
        "lib/arm64-v8a/libskegn.so",
        "lib/arm64-v8a/libsqlcipher.so",
        "lib/arm64-v8a/libsqlfunction.so",
        "lib/arm64-v8a/libtnet-3.1.14.so",
        "lib/arm64-v8a/libtracepath.so",
        "lib/arm64-v8a/libumeng-spy.so",
        "lib/arm64-v8a/libweibosdkcore.so",
        "lib/arm64-v8a/libdexjni.so",
        "lib/arm64-v8a/libDexHelper.so",
        "lib/arm64-v8a/libDexHelper-x86.so",
        "lib/armeabi-v7a/libalicomphonenumberauthsdk_core.so",
        "lib/armeabi-v7a/libcommon.so",
        "lib/armeabi-v7a/libcrashsdk.so",
        "lib/armeabi-v7a/libgenius_blur.so",
        "lib/armeabi-v7a/libmp3lamest.so",
        "lib/armeabi-v7a/libpns-2.12.10-NologOnlineStandardRelease_alijtca_plus.so",
        "lib/armeabi-v7a/libskegn.so",
        "lib/armeabi-v7a/libsqlcipher.so",
        "lib/armeabi-v7a/libsqlfunction.so",
        "lib/armeabi-v7a/libtnet-3.1.14.so",
        "lib/armeabi-v7a/libtracepath.so",
        "lib/armeabi-v7a/libumeng-spy.so",
        "lib/armeabi-v7a/libweibosdkcore.so",
        "lib/armeabi-v7a/libdexjni.so",
        "lib/armeabi-v7a/libDexHelper.so",
        "lib/armeabi-v7a/libDexHelper-x86.so"
    ],
    "dex_files_count": 1,
    "exported_components": {
        "activities": [
            "cn.com.langeasy.LangEasyLexis.activity.AdWebActivity",
            "cn.com.langeasy.LangEasyLexis.activity.AllLearnedWordsActivity",
            "cn.com.langeasy.LangEasyLexis.activity.BaseActivity",
            "cn.com.langeasy.LangEasyLexis.activity.BookWordsActivity",
            "cn.com.langeasy.LangEasyLexis.activity.ChangePhoneNumConfirmActivity",
            "cn.com.langeasy.LangEasyLexis.activity.DashBoardActivity",
            "cn.com.langeasy.LangEasyLexis.activity.DefBookWordsActivity",
            "cn.com.langeasy.LangEasyLexis.activity.FakeTransparentWebViewActivity",
            "cn.com.langeasy.LangEasyLexis.activity.FontSelectActivity",
            "cn.com.langeasy.LangEasyLexis.activity.JiuCuoActivity",
            "cn.com.langeasy.LangEasyLexis.activity.LearnActivity",
            "cn.com.langeasy.LangEasyLexis.activity.LearnSettingsActivity",
            "cn.com.langeasy.LangEasyLexis.activity.LearningBookWordsActivity",
            "cn.com.langeasy.LangEasyLexis.activity.LibSelectActivity",
            "cn.com.langeasy.LangEasyLexis.activity.ListWordFilterActivity",
            "cn.com.langeasy.LangEasyLexis.activity.ListWordListenActivity",
            "cn.com.langeasy.LangEasyLexis.activity.ListWordPreviewActivity",
            "cn.com.langeasy.LangEasyLexis.activity.ListWordSpellActivity",
            "cn.com.langeasy.LangEasyLexis.activity.LiveWallPaperListActivity",
            "cn.com.langeasy.LangEasyLexis.activity.LiveWallPaperPreviewActivity",
            "cn.com.langeasy.LangEasyLexis.activity.LoginActivity",
            "cn.com.langeasy.LangEasyLexis.activity.LoginActivityWithOutPreview",
            "cn.com.langeasy.LangEasyLexis.activity.MainActivity",
            "cn.com.langeasy.LangEasyLexis.activity.MessageActivity",
            "cn.com.langeasy.LangEasyLexis.activity.ModalWebActivity",
            "cn.com.langeasy.LangEasyLexis.activity.MoreSettingsActivity",
            "cn.com.langeasy.LangEasyLexis.activity.MyContentActivity",
            "cn.com.langeasy.LangEasyLexis.activity.MyEquipActivity",
            "cn.com.langeasy.LangEasyLexis.activity.MyFavSentenceActivity",
            "cn.com.langeasy.LangEasyLexis.activity.MyFavWordSetActivity",
            "cn.com.langeasy.LangEasyLexis.activity.MyNoteListActivity",
            "cn.com.langeasy.LangEasyLexis.activity.MySpaceActivity",
            "cn.com.langeasy.LangEasyLexis.activity.MyWordBookActivity",
            "cn.com.langeasy.LangEasyLexis.activity.NetDiagnosisActivity",
            "cn.com.langeasy.LangEasyLexis.activity.NewLearnActivity",
            "cn.com.langeasy.LangEasyLexis.activity.NewReviewActivity",
            "cn.com.langeasy.LangEasyLexis.activity.NewWordsActivity",
            "cn.com.langeasy.LangEasyLexis.activity.NoteEditActivity",
            "cn.com.langeasy.LangEasyLexis.activity.PhoneVerifyActivity",
            "cn.com.langeasy.LangEasyLexis.activity.PlayOrderActivity",
            "cn.com.langeasy.LangEasyLexis.activity.ProcessWordActivity",
            "cn.com.langeasy.LangEasyLexis.activity.ReadingHelpActivity",
            "cn.com.langeasy.LangEasyLexis.activity.ReadingPracticeActivity",
            "cn.com.langeasy.LangEasyLexis.activity.RecentLearnedWordsActivity",
            "cn.com.langeasy.LangEasyLexis.activity.ReviewActivity",
            "cn.com.langeasy.LangEasyLexis.activity.SentenceDetailActivity",
            "cn.com.langeasy.LangEasyLexis.activity.ShareActivity",
            "cn.com.langeasy.LangEasyLexis.activity.SmsActivity",
            "cn.com.langeasy.LangEasyLexis.activity.SplashActivity",
            "cn.com.langeasy.LangEasyLexis.activity.UIThemeSelectActivity",
            "cn.com.langeasy.LangEasyLexis.activity.UserInfoManageActivity",
            "cn.com.langeasy.LangEasyLexis.activity.UserItemModifyActivity",
            "cn.com.langeasy.LangEasyLexis.study_room.EpisodeErrorReportActivity",
            "cn.com.langeasy.LangEasyLexis.study_room.EpisodeVideoActivity",
            "cn.com.langeasy.LangEasyLexis.study_room.IframeActivity",
            "cn.com.langeasy.LangEasyLexis.study_room.ImageGalleryActivity",
            "cn.com.langeasy.LangEasyLexis.study_room.StudyRoomActivity",
            "cn.com.langeasy.LangEasyLexis.study_room.VideoActivity",
            "cn.com.langeasy.LangEasyLexis.ummsg.PushMsgDealActivity",
            "cn.com.langeasy.LangEasyLexis.wxapi.WXEntryActivity",
            "cn.com.langeasy.LangEasyLexis.wxapi.WXPayEntryActivity",
            "com.alipay.sdk.app.APayEntranceActivity",
            "com.alipay.sdk.app.AlipayResultActivity",
            "com.alipay.sdk.app.H5AuthActivity",
            "com.alipay.sdk.app.H5OpenAuthActivity",
            "com.alipay.sdk.app.H5PayActivity",
            "com.alipay.sdk.app.PayResultActivity",
            "com.mobile.auth.gatewayauth.LoginAuthActivity",
            "com.mobile.auth.gatewayauth.PrivacyDialogActivity",
            "com.mobile.auth.gatewayauth.activity.AuthWebVeiwActivity",
            "com.sina.weibo.sdk.share.ShareTransActivity",
            "com.sina.weibo.sdk.web.WebActivity",
            "com.tencent.connect.common.AssistActivity",
            "com.tencent.tauth.AuthActivity",
            "com.umeng.message.component.UmengNotificationClickActivity",
            "com.umeng.message.notify.UPushMessageNotifyActivity"
        ],
        "services": [
            "cn.com.langeasy.LangEasyLexis.service.NotiService",
            "cn.com.langeasy.LangEasyLexis.service.NoticePlayerService",
            "cn.com.langeasy.LangEasyLexis.service.SynDataService",
            "com.taobao.accs.ChannelService",
            "com.taobao.accs.ChannelService$KernelService",
            "com.taobao.accs.data.MsgDistributeService",
            "com.taobao.accs.internal.AccsJobService",
            "com.umeng.message.UmengIntentService",
            "com.umeng.message.UmengMessageIntentReceiverService",
            "com.umeng.message.XiaomiIntentService",
            "com.umeng.message.component.UmengIntentService",
            "com.umeng.message.component.UmengMessageHandlerService",
            "com.umeng.message.component.UmengMessageReceiverService",
            "org.android.agoo.accs.AgooService"
        ],
        "receivers": [
            "com.taobao.accs.EventReceiver",
            "com.taobao.accs.ServiceReceiver",
            "com.taobao.agoo.AgooCommondReceiver",
            "com.umeng.message.component.UmengNotificationReceiver"
        ]
    }
}