{
    "apk_name": "7C4F527DCF2D0520D545824300EF6B1ADCF2B488F62BCB7BAB85BA6D47310912",
    "sha256": "7c4f527dcf2d0520d545824300ef6b1adcf2b488f62bcb7bab85ba6d47310912",
    "metadata": {
        "package_name": "cn.com.langeasy.LangEasyLexis",
        "version_code": "320",
        "version_name": "5.6.3",
        "min_sdk": "21",
        "target_sdk": "31",
        "permissions": [
            "android.permission.ACCESS_NETWORK_STATE",
            "android.permission.ACCESS_WIFI_STATE",
            "android.permission.BLUETOOTH",
            "android.permission.BROADCAST_CLOSE_SYSTEM_DIALOGS",
            "android.permission.CHANGE_NETWORK_STATE",
            "android.permission.FOREGROUND_SERVICE",
            "android.permission.INTERNET",
            "android.permission.POST_NOTIFICATIONS",
            "android.permission.READ_CALENDAR",
            "android.permission.READ_EXTERNAL_STORAGE",
            "android.permission.READ_PHONE_STATE",
            "android.permission.RECORD_AUDIO",
            "android.permission.WAKE_LOCK",
            "android.permission.WRITE_CALENDAR",
            "android.permission.WRITE_EXTERNAL_STORAGE",
            "cn.com.langeasy.EasyListen.READ_USERINFO",
            "com.google.android.gms.permission.AD_ID",
            "com.huawei.android.launcher.permission.CHANGE_BADGE",
            "com.vivo.notification.permission.BADGE_ICON"
        ],
        "activities": [
            "cn.com.langeasy.LangEasyLexis.activity.AdWebActivity",
            "cn.com.langeasy.LangEasyLexis.activity.AllLearnedWordsActivity",
            "cn.com.langeasy.LangEasyLexis.activity.BaseActivity",
            "cn.com.langeasy.LangEasyLexis.activity.BookWordsActivity",
            "cn.com.langeasy.LangEasyLexis.activity.ChangePhoneNumConfirmActivity",
            "cn.com.langeasy.LangEasyLexis.activity.DashBoardActivity",
            "cn.com.langeasy.LangEasyLexis.activity.DefBookWordsActivity",
            "cn.com.langeasy.LangEasyLexis.activity.FakeTransparentWebViewActivity",
            "cn.com.langeasy.LangEasyLexis.activity.FontSelectActivity",
            "cn.com.langeasy.LangEasyLexis.activity.JiuCuoActivity",
            "cn.com.langeasy.LangEasyLexis.activity.LearnActivity",
            "cn.com.langeasy.LangEasyLexis.activity.LearnSettingsActivity",
            "cn.com.langeasy.LangEasyLexis.activity.LearningBookWordsActivity",
            "cn.com.langeasy.LangEasyLexis.activity.LibSelectActivity",
            "cn.com.langeasy.LangEasyLexis.activity.ListWordFilterActivity",
            "cn.com.langeasy.LangEasyLexis.activity.ListWordListenActivity",
            "cn.com.langeasy.LangEasyLexis.activity.ListWordPreviewActivity",
            "cn.com.langeasy.LangEasyLexis.activity.ListWordSpellActivity",
            "cn.com.langeasy.LangEasyLexis.activity.LiveWallPaperListActivity",
            "cn.com.langeasy.LangEasyLexis.activity.LiveWallPaperPreviewActivity",
            "cn.com.langeasy.LangEasyLexis.activity.LoginActivity",
            "cn.com.langeasy.LangEasyLexis.activity.LoginActivityWithOutPreview",
            "cn.com.langeasy.LangEasyLexis.activity.MainActivity",
            "cn.com.langeasy.LangEasyLexis.activity.MessageActivity",
            "cn.com.langeasy.LangEasyLexis.activity.ModalWebActivity",
            "cn.com.langeasy.LangEasyLexis.activity.MoreSettingsActivity",
            "cn.com.langeasy.LangEasyLexis.activity.MyContentActivity",
            "cn.com.langeasy.LangEasyLexis.activity.MyEquipActivity",
            "cn.com.langeasy.LangEasyLexis.activity.MyFavSentenceActivity",
            "cn.com.langeasy.LangEasyLexis.activity.MyFavWordSetActivity",
            "cn.com.langeasy.LangEasyLexis.activity.MyNoteListActivity",
            "cn.com.langeasy.LangEasyLexis.activity.MySpaceActivity",
            "cn.com.langeasy.LangEasyLexis.activity.MyWordBookActivity",
            "cn.com.langeasy.LangEasyLexis.activity.NetDiagnosisActivity",
            "cn.com.langeasy.LangEasyLexis.activity.NewLearnActivity",
            "cn.com.langeasy.LangEasyLexis.activity.NewReviewActivity",
            "cn.com.langeasy.LangEasyLexis.activity.NewWordsActivity",
            "cn.com.langeasy.LangEasyLexis.activity.NoteEditActivity",
            "cn.com.langeasy.LangEasyLexis.activity.PhoneVerifyActivity",
            "cn.com.langeasy.LangEasyLexis.activity.PlayOrderActivity",
            "cn.com.langeasy.LangEasyLexis.activity.ProcessWordActivity",
            "cn.com.langeasy.LangEasyLexis.activity.ReadingHelpActivity",
            "cn.com.langeasy.LangEasyLexis.activity.ReadingPracticeActivity",
            "cn.com.langeasy.LangEasyLexis.activity.RecentLearnedWordsActivity",
            "cn.com.langeasy.LangEasyLexis.activity.ReviewActivity",
            "cn.com.langeasy.LangEasyLexis.activity.SentenceDetailActivity",
            "cn.com.langeasy.LangEasyLexis.activity.ShareActivity",
            "cn.com.langeasy.LangEasyLexis.activity.SmsActivity",
            "cn.com.langeasy.LangEasyLexis.activity.SplashActivity",
            "cn.com.langeasy.LangEasyLexis.activity.UIThemeSelectActivity",
            "cn.com.langeasy.LangEasyLexis.activity.UserInfoManageActivity",
            "cn.com.langeasy.LangEasyLexis.activity.UserItemModifyActivity",
            "cn.com.langeasy.LangEasyLexis.study_room.EpisodeErrorReportActivity",
            "cn.com.langeasy.LangEasyLexis.study_room.EpisodeVideoActivity",
            "cn.com.langeasy.LangEasyLexis.study_room.IframeActivity",
            "cn.com.langeasy.LangEasyLexis.study_room.ImageGalleryActivity",
            "cn.com.langeasy.LangEasyLexis.study_room.StudyRoomActivity",
            "cn.com.langeasy.LangEasyLexis.study_room.VideoActivity",
            "cn.com.langeasy.LangEasyLexis.ummsg.PushMsgDealActivity",
            "cn.com.langeasy.LangEasyLexis.wxapi.WXEntryActivity",
            "cn.com.langeasy.LangEasyLexis.wxapi.WXPayEntryActivity",
            "com.alipay.sdk.app.APayEntranceActivity",
            "com.alipay.sdk.app.AlipayResultActivity",
            "com.alipay.sdk.app.H5AuthActivity",
            "com.alipay.sdk.app.H5OpenAuthActivity",
            "com.alipay.sdk.app.H5PayActivity",
            "com.alipay.sdk.app.PayResultActivity",
            "com.mobile.auth.gatewayauth.LoginAuthActivity",
            "com.mobile.auth.gatewayauth.PrivacyDialogActivity",
            "com.mobile.auth.gatewayauth.activity.AuthWebVeiwActivity",
            "com.sina.weibo.sdk.share.ShareTransActivity",
            "com.sina.weibo.sdk.web.WebActivity",
            "com.tencent.connect.common.AssistActivity",
            "com.tencent.tauth.AuthActivity",
            "com.umeng.message.component.UmengNotificationClickActivity",
            "com.umeng.message.notify.UPushMessageNotifyActivity"
        ],
        "services": [
            "cn.com.langeasy.LangEasyLexis.service.NotiService",
            "cn.com.langeasy.LangEasyLexis.service.NoticePlayerService",
            "cn.com.langeasy.LangEasyLexis.service.SynDataService",
            "com.taobao.accs.ChannelService",
            "com.taobao.accs.ChannelService$KernelService",
            "com.taobao.accs.data.MsgDistributeService",
            "com.taobao.accs.internal.AccsJobService",
            "com.umeng.message.UmengIntentService",
            "com.umeng.message.UmengMessageIntentReceiverService",
            "com.umeng.message.XiaomiIntentService",
            "com.umeng.message.component.UmengIntentService",
            "com.umeng.message.component.UmengMessageHandlerService",
            "com.umeng.message.component.UmengMessageReceiverService",
            "org.android.agoo.accs.AgooService"
        ],
        "receivers": [
            "com.taobao.accs.EventReceiver",
            "com.taobao.accs.ServiceReceiver",
            "com.taobao.agoo.AgooCommondReceiver",
            "com.umeng.message.component.UmengNotificationReceiver"
        ],
        "permission_details": {
            "android.permission.ACCESS_NETWORK_STATE": "normal",
            "android.permission.ACCESS_WIFI_STATE": "normal",
            "android.permission.BLUETOOTH": "normal",
            "android.permission.BROADCAST_CLOSE_SYSTEM_DIALOGS": "unknown",
            "android.permission.CHANGE_NETWORK_STATE": "normal",
            "android.permission.FOREGROUND_SERVICE": "normal",
            "android.permission.INTERNET": "normal",
            "android.permission.POST_NOTIFICATIONS": "dangerous",
            "android.permission.READ_CALENDAR": "dangerous",
            "android.permission.READ_EXTERNAL_STORAGE": "dangerous",
            "android.permission.READ_PHONE_STATE": "dangerous",
            "android.permission.RECORD_AUDIO": "dangerous",
            "android.permission.WAKE_LOCK": "normal",
            "android.permission.WRITE_CALENDAR": "dangerous",
            "android.permission.WRITE_EXTERNAL_STORAGE": "dangerous",
            "cn.com.langeasy.EasyListen.READ_USERINFO": "unknown",
            "com.google.android.gms.permission.AD_ID": "unknown",
            "com.huawei.android.launcher.permission.CHANGE_BADGE": "unknown",
            "com.vivo.notification.permission.BADGE_ICON": "unknown"
        },
        "risk_counts": {
            "normal": 7,
            "unknown": 5,
            "dangerous": 7
        }
    },
    "stats": {
        "dex_count": 1,
        "native_lib_count": 33
    },
    "jadx": {
        "status": "ok",
        "duration_sec": 2.68,
        "sources_present": true,
        "java_file_count": 5
    },
    "ast_analysis": {
        "location": 0,
        "microphone": 0,
        "camera": 0,
        "media_projection": 0,
        "dynamic_load": 0,
        "jni": 1
    },
    "analysis_state": "complete"
}