{
    "java_files": [
        "com/secneo/apkwrapper/b.java",
        "com/secneo/apkwrapper/H.java",
        "com/secneo/apkwrapper/AW.java",
        "com/secneo/apkwrapper/AP.java",
        "com/secneo/apkwrapper/a.java",
        "com/secneo/apkwrapper/c.java",
        "com/secneo/apkwrapper/CP.java",
        "com/secneo/apkwrapper/r/b.java",
        "com/secneo/apkwrapper/r/a.java",
        "com/secneo/apkwrapper/r/c.java",
        "com/secneo/apkwrapper/r/S.java",
        "com/ford/cnevapp/prod/R.java",
        "kotlin/coroutines/jvm/internal/DebugProbesKt.java"
    ],
    "ast_hits_by_file": {
        "location": [],
        "microphone": [],
        "camera": [],
        "media_projection": [],
        "dynamic_load": [],
        "jni": [
            "com/secneo/apkwrapper/AW.java"
        ]
    },
    "native_libs": [
        "lib/x86/libgnustl_shared.so",
        "lib/x86/libbson-c-lib.so",
        "lib/x86/liblocSDK8a.so",
        "lib/x86/libBaiduMapSDK_map_v7_5_0.so",
        "lib/x86/libbdpush_V3_4.so",
        "lib/x86/libfire.so",
        "lib/x86/libbaiduprotect_sec_jni.so",
        "lib/x86/libindoor.so",
        "lib/x86/libBaiduMapSDK_base_v7_5_0.so",
        "lib/x86/libsec.so",
        "lib/x86_64/libgnustl_shared.so",
        "lib/x86_64/libapp.so",
        "lib/x86_64/libbson-c-lib.so",
        "lib/x86_64/liblocSDK8a.so",
        "lib/x86_64/libBaiduMapSDK_map_v7_5_0.so",
        "lib/x86_64/libbdpush_V3_4.so",
        "lib/x86_64/libfire.so",
        "lib/x86_64/libindoor.so",
        "lib/x86_64/libBaiduMapSDK_base_v7_5_0.so",
        "lib/x86_64/libflutter.so",
        "lib/armeabi-v7a/libweibosdkcore.so",
        "lib/armeabi-v7a/libgnustl_shared.so",
        "lib/armeabi-v7a/libentryexpro.so",
        "lib/armeabi-v7a/libapp.so",
        "lib/armeabi-v7a/libbson-c-lib.so",
        "lib/armeabi-v7a/liblocSDK8a.so",
        "lib/armeabi-v7a/libBaiduMapSDK_map_v7_5_0.so",
        "lib/armeabi-v7a/libUtilities.so",
        "lib/armeabi-v7a/libqbar.so",
        "lib/armeabi-v7a/libbdpush_V3_4.so",
        "lib/armeabi-v7a/libPaakUtil.so",
        "lib/armeabi-v7a/libfire.so",
        "lib/armeabi-v7a/libbaiduprotect_sec_jni.so",
        "lib/armeabi-v7a/libindoor.so",
        "lib/armeabi-v7a/libwbsk_crypto_tool.so",
        "lib/armeabi-v7a/libuptsmaddon.so",
        "lib/armeabi-v7a/libBaiduMapSDK_base_v7_5_0.so",
        "lib/armeabi-v7a/libsec.so",
        "lib/armeabi-v7a/libuptsmaddonmi.so",
        "lib/armeabi-v7a/libcms-validation.so",
        "lib/armeabi-v7a/libflutter.so",
        "lib/armeabi-v7a/liblocSDK7a.so",
        "lib/arm64-v8a/libweibosdkcore.so",
        "lib/arm64-v8a/libgnustl_shared.so",
        "lib/arm64-v8a/libentryexpro.so",
        "lib/arm64-v8a/libapp.so",
        "lib/arm64-v8a/libbson-c-lib.so",
        "lib/arm64-v8a/liblocSDK8a.so",
        "lib/arm64-v8a/libBaiduMapSDK_map_v7_5_0.so",
        "lib/arm64-v8a/libUtilities.so",
        "lib/arm64-v8a/libqbar.so",
        "lib/arm64-v8a/libbdpush_V3_4.so",
        "lib/arm64-v8a/libPaakUtil.so",
        "lib/arm64-v8a/libfire.so",
        "lib/arm64-v8a/libbaiduprotect_sec_jni.so",
        "lib/arm64-v8a/libindoor.so",
        "lib/arm64-v8a/libwbsk_crypto_tool.so",
        "lib/arm64-v8a/libuptsmaddon.so",
        "lib/arm64-v8a/libBaiduMapSDK_base_v7_5_0.so",
        "lib/arm64-v8a/libsec.so",
        "lib/arm64-v8a/libuptsmaddonmi.so",
        "lib/arm64-v8a/libcms-validation.so",
        "lib/arm64-v8a/libflutter.so",
        "lib/arm64-v8a/liblocSDK7a.so",
        "lib/arm64-v8a/libdexjni.so",
        "lib/arm64-v8a/libDexHelper.so",
        "lib/armeabi-v7a/libdexjni.so",
        "lib/armeabi-v7a/libDexHelper.so",
        "lib/x86/libdexjni.so",
        "lib/x86/libDexHelper.so",
        "lib/x86_64/libdexjni.so",
        "lib/x86_64/libDexHelper.so"
    ],
    "dex_files_count": 1,
    "exported_components": {
        "activities": [
            "com.baidu.iov.business.account.activity.CLUnionAccountActivity",
            "com.baidu.pass.permissions.PermissionsHelperActivity",
            "com.baidu.sapi2.activity.AccountCenterActivity",
            "com.baidu.sapi2.activity.AccountCenterExternalActivity",
            "com.baidu.sapi2.activity.AccountRealNameActivity",
            "com.baidu.sapi2.activity.AccountToolsActivity",
            "com.baidu.sapi2.activity.AuthWidgetActivity",
            "com.baidu.sapi2.activity.AuthWidgetForCashierActivity",
            "com.baidu.sapi2.activity.AuthWidgetOnlyPhoneActivity",
            "com.baidu.sapi2.activity.BindVerifyActivity",
            "com.baidu.sapi2.activity.BindWidgetActivity",
            "com.baidu.sapi2.activity.CertGuardianActivity",
            "com.baidu.sapi2.activity.ChildVerifyActivity",
            "com.baidu.sapi2.activity.CurrentProcessWebviewActivity",
            "com.baidu.sapi2.activity.ForgetPwdActivity",
            "com.baidu.sapi2.activity.GrantWebActivity",
            "com.baidu.sapi2.activity.HorizontalScreenLoginActivity",
            "com.baidu.sapi2.activity.IdCardOcrCameraActivity",
            "com.baidu.sapi2.activity.ImageClipActivity",
            "com.baidu.sapi2.activity.LoadExternalWebViewActivity",
            "com.baidu.sapi2.activity.LoginActivity",
            "com.baidu.sapi2.activity.NormalizeGuestAccountActivity",
            "com.baidu.sapi2.activity.OauthActivity",
            "com.baidu.sapi2.activity.QrLoginActivity",
            "com.baidu.sapi2.activity.RegisterActivity",
            "com.baidu.sapi2.activity.RemoteProcessWebviewActivity",
            "com.baidu.sapi2.activity.ShareActivity",
            "com.baidu.sapi2.activity.ShareResultProxyActivity",
            "com.baidu.sapi2.activity.SwitchAccountActivity",
            "com.baidu.sapi2.activity.YouthStyleLoginActivity",
            "com.baidu.sapi2.share.ShareActivity",
            "com.baidu.sofire.MyActivity",
            "com.ford.cnevapp.debug.wxapi.WXEntryActivity",
            "com.ford.cnevapp.prod.wxapi.WXEntryActivity",
            "com.ford.select_picture.PictureSelectorSupporterActivity",
            "com.ford.select_picture.cropcut.VideoClipAndPreviewActivity",
            "com.ford.select_picture.cropcut.VideoSelectVideoCoverActivity",
            "com.fordmps.mobileapp.electricvehicle.chargingpile.ChargingOrderDetailsActivity",
            "com.fordmps.mobileapp.electricvehicle.electriccard.ElectricCardActivity",
            "com.fordmps.mobileapp.electricvehicle.errorpage.ElectricVehicleBaseErrorActivity",
            "com.fordmps.mobileapp.electricvehicle.invoice.InvoiceDetailsActivity",
            "com.fordmps.mobileapp.electricvehicle.invoice.InvoiceHistoryListActivity",
            "com.fordmps.mobileapp.electricvehicle.invoice.InvoiceListActivity",
            "com.fordmps.mobileapp.electricvehicle.invoice.InvoiceSettlementSuccessActivity",
            "com.fordmps.mobileapp.electricvehicle.order.ChargingHistoricalOrderActivity",
            "com.fordmps.mobileapp.electricvehicle.order.PayOrderWebActivity",
            "com.fordmps.mobileapp.electricvehicle.report.ChargingReportActivity",
            "com.fordmps.mobileapp.flutter.FlutterMainActivity",
            "com.fordmps.mobileapp.move.FordWebViewActivity",
            "com.fordmps.mobileapp.move.RnrRealNameAuthWebViewActivity",
            "com.fordmps.mobileapp.service.fordcredit.FordCreditWebViewActivity",
            "com.fordmps.mobileapp.service.mychargestation.MyChargeStationWebViewActivity",
            "com.fordmps.mobileapp.service.rsa.RoadSideAssistanceWebViewActivity",
            "com.fordmps.mobileapp.shared.InputIPActivity",
            "com.fordmps.mobileapp.shared.deeplink.UniversalLinkActivity",
            "com.fordmps.mobileapp.shared.login.DeeplinkActivity",
            "com.fordmps.mobileapp.shared.login.LauncherActivity",
            "com.fordmps.uppay.AliPayMiniProgramCallbackActivity",
            "com.humanify.expertconnect.activity.AnswerEngineActivity",
            "com.humanify.expertconnect.activity.AnswerEngineHistoryActivity",
            "com.humanify.expertconnect.activity.AnswerEngineHistoryAnswerActivity",
            "com.humanify.expertconnect.activity.CallbackActivity",
            "com.humanify.expertconnect.activity.ChatActivity",
            "com.humanify.expertconnect.activity.ConversationHistoryActivity",
            "com.humanify.expertconnect.activity.ConversationHistoryDetailActivity",
            "com.humanify.expertconnect.activity.FormActivity",
            "com.humanify.expertconnect.activity.ImageViewActivity",
            "com.humanify.expertconnect.activity.MessageActivity",
            "com.humanify.expertconnect.activity.NavigationActivity",
            "com.humanify.expertconnect.activity.PDFViewActivity",
            "com.humanify.expertconnect.activity.PresurveyActivity",
            "com.humanify.expertconnect.activity.ProfileActivity",
            "com.humanify.expertconnect.activity.SelectExpertActivity",
            "com.humanify.expertconnect.activity.TextBackActivity",
            "com.humanify.expertconnect.activity.WebActivity",
            "com.sensorsdata.analytics.android.sdk.dialog.SchemeActivity",
            "com.sina.weibo.sdk.share.ShareTransActivity",
            "com.sina.weibo.sdk.web.WebActivity",
            "com.squareup.leakcanary.internal.DisplayLeakActivity",
            "com.tencent.scanlib.activity.QBarCodeScanActivity",
            "com.tencent.scanlib.activity.SelectImageActivity",
            "com.unionpay.UPPayWapActivity",
            "com.unionpay.uppay.PayActivity",
            "io.flutter.plugins.urllauncher.WebViewActivity"
        ],
        "services": [
            "androidx.room.MultiInstanceInvalidationService",
            "com.baidu.android.pushservice.CommandService",
            "com.baidu.android.pushservice.PushService",
            "com.baidu.sofire.MyService",
            "com.ford.acvl.feature.vha.VhaVehicleMonitor",
            "com.ford.paak.bluetooth.service.BleService",
            "com.here.trafficservice.HereTrafficService",
            "com.humanify.expertconnect.api.ExpertConnectApiService",
            "com.humanify.expertconnect.api.ExpertConnectChannelApiService",
            "com.secneo.apkwrapper.r.S",
            "com.smartdevicelink.api.SdlConnectionService",
            "org.altbeacon.beacon.BeaconIntentProcessor",
            "org.altbeacon.beacon.service.BeaconService",
            "org.altbeacon.beacon.service.ScanJob",
            "org.altbeacon.bluetooth.BluetoothTestJob"
        ],
        "receivers": [
            "com.baidu.android.pushservice.PushServiceReceiver",
            "com.baidu.android.pushservice.RegistrationReceiver",
            "com.baidu.iov.business.account.receiver.CLInteractionReceiver",
            "com.ford.acvl.feature.vha.VhaStatusReceiver",
            "com.fordmps.mobileapp.homewidget.HomeWidget2Provider",
            "com.fordmps.mobileapp.homewidget.HomeWidgetProvider",
            "com.fordmps.mobileapp.move.cabinairquality.BluetoothStateBroadcastReceiver",
            "com.fordmps.mobileapp.push.BaiduPushReceiver",
            "com.fordmps.mobileapp.shared.notifications.LastMileBroadcastReceiver",
            "com.fordmps.mobileapp.shared.notifications.NotificationBroadcastReceiver",
            "com.fordmps.mobileapp.shared.notifications.PushMessageBroadcastReceiver",
            "com.fordmps.mobileapp.shared.receivers.DeeplinkReceiver",
            "com.smartdevicelink.api.SdlBluetoothReceiver",
            "org.altbeacon.beacon.startup.StartupBroadcastReceiver"
        ]
    }
}