{
    "apk_name": "4C0BBDB9A6E364EE43176E3A91DB4A69841011C965C37730F0C1D36474B8543D",
    "sha256": "4c0bbdb9a6e364ee43176e3a91db4a69841011c965c37730f0c1d36474b8543d",
    "metadata": {
        "package_name": "com.netease.cc",
        "version_code": "489367",
        "version_name": "3.9.18(489367)",
        "min_sdk": "21",
        "target_sdk": "26",
        "permissions": [
            "android.permission.ACCESS_COARSE_LOCATION",
            "android.permission.ACCESS_FINE_LOCATION",
            "android.permission.ACCESS_NETWORK_STATE",
            "android.permission.ACCESS_WIFI_STATE",
            "android.permission.BATTERY_STATS",
            "android.permission.BLUETOOTH",
            "android.permission.BLUETOOTH_ADMIN",
            "android.permission.CALL_PHONE",
            "android.permission.CAMERA",
            "android.permission.CHANGE_NETWORK_STATE",
            "android.permission.CHANGE_WIFI_MULTICAST_STATE",
            "android.permission.CHANGE_WIFI_STATE",
            "android.permission.FLASHLIGHT",
            "android.permission.FOREGROUND_SERVICE",
            "android.permission.INTERNET",
            "android.permission.KILL_BACKGROUND_PROCESSES",
            "android.permission.MODIFY_AUDIO_SETTINGS",
            "android.permission.MOUNT_UNMOUNT_FILESYSTEMS",
            "android.permission.NFC",
            "android.permission.READ_CALENDAR",
            "android.permission.READ_EXTERNAL_STORAGE",
            "android.permission.READ_LOGS",
            "android.permission.READ_PHONE_STATE",
            "android.permission.READ_SETTINGS",
            "android.permission.RECORD_AUDIO",
            "android.permission.REORDER_TASKS",
            "android.permission.REQUEST_INSTALL_PACKAGES",
            "android.permission.RESTART_PACKAGES",
            "android.permission.SENSOR_ENABLE",
            "android.permission.SENSOR_INFO",
            "android.permission.SYSTEM_ALERT_WINDOW",
            "android.permission.USE_FINGERPRINT",
            "android.permission.VIBRATE",
            "android.permission.WAKE_LOCK",
            "android.permission.WRITE_CALENDAR",
            "android.permission.WRITE_EXTERNAL_STORAGE",
            "android.permission.WRITE_SETTINGS",
            "com.alipay.mobile.command.trigger.permission",
            "com.android.launcher.permission.INSTALL_SHORTCUT",
            "com.android.launcher.permission.UNINSTALL_SHORTCUT",
            "com.asus.msa.SupplementaryDID.ACCESS",
            "com.coloros.mcs.permission.RECIEVE_MCS_MESSAGE",
            "com.heytap.mcs.permission.RECIEVE_MCS_MESSAGE",
            "com.huawei.appmarket.service.commondata.permission.GET_COMMON_DATA",
            "com.meizu.c2dm.permission.RECEIVE",
            "com.meizu.flyme.push.permission.RECEIVE",
            "com.netease.cc.permission.C2D_MESSAGE",
            "com.netease.cc.permission.MIPUSH_RECEIVE",
            "com.netease.cc.permission.PROCESS_PUSH_MSG",
            "com.netease.cc.permission.PUSH_PROVIDER",
            "com.netease.cc.push.permission.MESSAGE",
            "org.simalliance.openmobileapi.SMARTCARD"
        ],
        "activities": [
            "com.alipay.sdk.app.AlipayResultActivity",
            "com.alipay.sdk.app.H5AuthActivity",
            "com.alipay.sdk.app.H5OpenAuthActivity",
            "com.alipay.sdk.app.H5PayActivity",
            "com.alipay.sdk.app.PayResultActivity",
            "com.didichuxing.doraemonkit.ui.TranslucentActivity",
            "com.didichuxing.doraemonkit.ui.UniversalActivity",
            "com.didichuxing.doraemonkit.zxing.activity.CaptureActivity",
            "com.facebook.flipper.android.diagnostics.FlipperDiagnosticActivity",
            "com.hpplay.sdk.source.permission.PermissionBridgeActivity",
            "com.huawei.hms.activity.BridgeActivity",
            "com.huawei.hms.activity.EnableServiceActivity",
            "com.huawei.updatesdk.service.otaupdate.AppUpdateActivity",
            "com.huawei.updatesdk.support.pm.PackageInstallerActivity",
            "com.iqiyi.android.qigsaw.core.DefaultObtainUserConfirmationDialog",
            "com.netease.cc.activity.banner.BannerImpActivity",
            "com.netease.cc.activity.banner.PinCodeBannerActivity",
            "com.netease.cc.activity.channel.ChannelActivity",
            "com.netease.cc.activity.channel.common.mine.nameplate.NameplateManagerActivity",
            "com.netease.cc.activity.channel.entertain.rank.EntHistoryRankActivity",
            "com.netease.cc.activity.channel.entertain.rank.EntRankActivity",
            "com.netease.cc.activity.mine.activity.AnchorHelperActivity",
            "com.netease.cc.activity.mine.activity.AnchorHelperLandActivity",
            "com.netease.cc.activity.mine.activity.MineTabRecentWatchActivity",
            "com.netease.cc.activity.more.cshow.CShowActivity",
            "com.netease.cc.activity.more.cshow.CShowDetailActivity",
            "com.netease.cc.activity.more.feedback.FeedBackActivity",
            "com.netease.cc.activity.more.feedback.FeedBackRecordActivity",
            "com.netease.cc.activity.more.feedback.FeedBackTypeActivity",
            "com.netease.cc.activity.more.feedback.FeedBackUploadActivity",
            "com.netease.cc.activity.more.feedback.NtGmActivity",
            "com.netease.cc.activity.more.mytab.QrCaptureActivity",
            "com.netease.cc.activity.more.setting.AboutActivity",
            "com.netease.cc.activity.more.setting.ConsumeSettingActivity",
            "com.netease.cc.activity.more.setting.DebugControllerForReleaseActivity",
            "com.netease.cc.activity.more.setting.RecommendSettingActivity",
            "com.netease.cc.activity.more.setting.SettingActivity",
            "com.netease.cc.activity.more.setting.UserAgreementActivity",
            "com.netease.cc.activity.more.setting.cancelaccount.CancelAccountActivity",
            "com.netease.cc.activity.more.setting.notification.MessageNotificationSettingActivity",
            "com.netease.cc.activity.more.setting.privacy.PrivacySettingActivity",
            "com.netease.cc.ad.ADSplashActivity",
            "com.netease.cc.antiaddiction.activity.AntiAddictionChannelActivity",
            "com.netease.cc.antiaddiction.activity.AntiAddictionMainActivity",
            "com.netease.cc.appstart.CCMain",
            "com.netease.cc.appstart.PushSchemeActivity",
            "com.netease.cc.audiohall.facemake.make.FaceMakeActivity",
            "com.netease.cc.auth.accompanyauth.AccompanyAuthActivity",
            "com.netease.cc.auth.realnameauth.RealNameAuthActivity",
            "com.netease.cc.auth.withdrawauth.WithdrawAuthActivity",
            "com.netease.cc.auth.zhimaauth.ZhimaAuthActivity",
            "com.netease.cc.biggod.BindBigGodActivity",
            "com.netease.cc.bindphone.BindPhoneActivity",
            "com.netease.cc.bindphone.verify.VerityPhoneActivity",
            "com.netease.cc.bitmap.ImageZoomActivity",
            "com.netease.cc.circle.FocusActivity",
            "com.netease.cc.circle.activity.CircleCameraActivity",
            "com.netease.cc.circle.activity.CircleCameraPreviewActivity",
            "com.netease.cc.circle.activity.CircleDraftBoxActivity",
            "com.netease.cc.circle.activity.CircleHotTopicActivity",
            "com.netease.cc.circle.activity.CircleTopicChooserActivity",
            "com.netease.cc.circle.activity.CircleTopicEditorActivity",
            "com.netease.cc.circle.activity.CircleVideoPlayerActivity",
            "com.netease.cc.circle.activity.DynamicSinglePageActivity",
            "com.netease.cc.circle.activity.MyBlockActivity",
            "com.netease.cc.circle.activity.MyCircleActivity",
            "com.netease.cc.circle.activity.PostEditorActivity",
            "com.netease.cc.circle.activity.TopicDynamicSetPageActivity",
            "com.netease.cc.circle.share.ShareCircleActivity",
            "com.netease.cc.common.city.SelectCTCodeActivity",
            "com.netease.cc.component.gameguess.activity.GuessNotifyActivity",
            "com.netease.cc.componentgift.ccwallet.activity.MyIncomeActivity",
            "com.netease.cc.componentgift.ccwallet.activity.PickUpCashActivity",
            "com.netease.cc.componentgift.ccwallet.activity.WalletBillListActivity",
            "com.netease.cc.componentgift.ccwallet.activity.WalletBonusWithdrawActivity",
            "com.netease.cc.componentgift.ccwallet.activity.WalletUnbindAlipayActivity",
            "com.netease.cc.componentgift.ccwallet.activity.WalletWithdrawDetailInfoActivity",
            "com.netease.cc.componentgift.ccwallet.activity.WithdrawRecordActivity",
            "com.netease.cc.componentgift.ccwallet.message.CCWalletMessageListActivity",
            "com.netease.cc.componentgift.exchange.CurrencyExchangeActivity",
            "com.netease.cc.discovery.activity.DiscoverVideoFeedsActivity",
            "com.netease.cc.discovery.activity.DiscoveryAggregationPageActivity",
            "com.netease.cc.discovery.activity.DiscoveryPiaAggregationPageActivity",
            "com.netease.cc.discovery.activity.SingleDiscoveryListActivity",
            "com.netease.cc.discovery.activity.VideoBoutiqueDetailPageActivity",
            "com.netease.cc.discovery.activity.VideoBoutiqueListActivity",
            "com.netease.cc.face.customface.center.faceshop.FaceShopActivity",
            "com.netease.cc.face.customface.center.faceshop.FaceShopActivity2",
            "com.netease.cc.face.customface.center.faceshop.albumdetail.FaceAlbumDetailActivity",
            "com.netease.cc.face.customface.center.faceshop.allalbum.AllFaceAblumActivity",
            "com.netease.cc.face.customface.center.faceshop.allalbum.AllOfficialAlbumActivity",
            "com.netease.cc.face.customface.center.faceshop.allface.AllFaceActivity",
            "com.netease.cc.face.customface.center.faceshop.search.SearchAlbumActivity",
            "com.netease.cc.face.customface.center.myface.MyFaceActivity",
            "com.netease.cc.face.customface.edit.ClipFaceImageActivity",
            "com.netease.cc.face.customface.edit.CustomEditActivity",
            "com.netease.cc.flutterplaterbook.flutter.activity.MethodChannelFlutterActivity",
            "com.netease.cc.flutterplaterbook.flutter.activity.PlateBookFlutterActivity",
            "com.netease.cc.glapi.GLEntryActivity",
            "com.netease.cc.hmcloudgame.activity.HmcpGameActivity",
            "com.netease.cc.js.webview.BaseBrowserActivity",
            "com.netease.cc.js.webview.SystemBrowserActivity",
            "com.netease.cc.library.albums.activity.AlbumGridActivity",
            "com.netease.cc.library.albums.activity.AlbumGridLandActivity",
            "com.netease.cc.library.albums.activity.AlbumListActivity",
            "com.netease.cc.library.albums.activity.AlbumListLandActivity",
            "com.netease.cc.library.albums.activity.AlbumPhotoBrowserActivity",
            "com.netease.cc.library.albums.activity.AlbumPhotoBrowserLandActivity",
            "com.netease.cc.library.albums.activity.AlbumPhotoGridActivity",
            "com.netease.cc.library.albums.activity.AlbumPhotoGridLandActivity",
            "com.netease.cc.library.albums.activity.AlbumVideoBrowserActivity",
            "com.netease.cc.library.albums.activity.AlbumVideoBrowserLandActivity",
            "com.netease.cc.live.activity.AudioHallActivity",
            "com.netease.cc.live.activity.GameCategoryActivity",
            "com.netease.cc.live.activity.MatchAnchorDetailActivity",
            "com.netease.cc.live.activity.NewsInformationBannerActivity",
            "com.netease.cc.live.activity.SearchGameCategoryActivity",
            "com.netease.cc.live.activity.SingleGameCustomLiveActivity",
            "com.netease.cc.live.activity.SingleGameLiveLabelActivity",
            "com.netease.cc.live.activity.SingleGameLiveListActivity",
            "com.netease.cc.live.gamevideolist20.GameCategoryVideoListActivity",
            "com.netease.cc.live.gamevideolist20.VideoDetailActivity",
            "com.netease.cc.live.play.LotteryListActivity",
            "com.netease.cc.live.play.fplay.FriendPlayingActivity",
            "com.netease.cc.live.programbook.LiveProgramReservatgionListActivity",
            "com.netease.cc.live.terminator.TerminatorGunCategoryActivity",
            "com.netease.cc.live.terminator.TerminatorGunDetailActivity",
            "com.netease.cc.login.activity.AccountBannedDialogActivity",
            "com.netease.cc.login.activity.BeLogoutDialogActivity",
            "com.netease.cc.login.activity.EnterChannelFailDialogActivity",
            "com.netease.cc.login.activity.KickOutChannelDialogActivity",
            "com.netease.cc.login.activity.LoginActivity",
            "com.netease.cc.login.activity.MailLoginActivity",
            "com.netease.cc.login.activity.PhoneLoginActivity",
            "com.netease.cc.login.activity.SwitchActivity",
            "com.netease.cc.login.unregister.LoginUnregisteredActivity",
            "com.netease.cc.main.activity.EntRankSummaryActivity",
            "com.netease.cc.main.category.GameTabCategoryActivity",
            "com.netease.cc.main.category.SearchGameCategoryActivity",
            "com.netease.cc.main.entertain2020.interest.InterestAnchorActivity",
            "com.netease.cc.main.entertain2020.muticard.MutiCardListActivity",
            "com.netease.cc.main.entertain2020.singlepage.SingleEntCustomAct",
            "com.netease.cc.main.play2021.interestpage.AudioInterestGuestActivity",
            "com.netease.cc.main.play2021.search.ui.GameAudioSearchActivity",
            "com.netease.cc.main.pushswitch.PushOpenDialogAct",
            "com.netease.cc.message.anchorinvite.AnchorInviteMessageListActivity",
            "com.netease.cc.message.chat.CustomerServiceChatActivity",
            "com.netease.cc.message.chat.CustomerServiceChatFromUserActivity",
            "com.netease.cc.message.chat.FriendChatActivity",
            "com.netease.cc.message.chat.GroupChatActivity",
            "com.netease.cc.message.chat.ImInfoEditorActivity",
            "com.netease.cc.message.chat.OfficeChatActivity",
            "com.netease.cc.message.chat.StrangerChatActivity",
            "com.netease.cc.message.enter.MessageEnterActivity",
            "com.netease.cc.message.friend.FriendAddActivity",
            "com.netease.cc.message.friend.FriendGroupActivity",
            "com.netease.cc.message.friend.FriendGroupDialogActivity",
            "com.netease.cc.message.friend.FriendSearchResultActivity",
            "com.netease.cc.message.friend.FriendVerifyActivity",
            "com.netease.cc.message.friend.LocateChatActivity",
            "com.netease.cc.message.friend.NearbyFriendActivity",
            "com.netease.cc.message.friend.RoomFriendVerifyActivity",
            "com.netease.cc.message.friend.SearchChatActivity",
            "com.netease.cc.message.friend.SearchFriendActivity",
            "com.netease.cc.message.group.CreateGroupActivity",
            "com.netease.cc.message.group.GroupMemberActivity",
            "com.netease.cc.message.group.JoinGroupActivity",
            "com.netease.cc.message.group.SearchGroupsActivity",
            "com.netease.cc.message.group.UpdateGroupBulletinActivity",
            "com.netease.cc.message.notification.NotificationMsgListActivity",
            "com.netease.cc.message.notification.RoomNotificationMsgListActivity",
            "com.netease.cc.message.official.CCJunMsgListActivity",
            "com.netease.cc.message.setting.OfficialMsgSettingActivity",
            "com.netease.cc.message.share.CCShareActivity",
            "com.netease.cc.mobilelive.mlive.MobileLiveActivity",
            "com.netease.cc.pay.PaymentActivity",
            "com.netease.cc.pay.fast.FastPaymentActivity",
            "com.netease.cc.pay.history.PayHistoryActivity",
            "com.netease.cc.pay.unionpayrebate.UnionActivityDetailActivity",
            "com.netease.cc.permission.PermissionActivity",
            "com.netease.cc.piagame.PIAGameRecordActivity",
            "com.netease.cc.playhall.PlayHallActivity",
            "com.netease.cc.playhall.PlayHallInfoActivity",
            "com.netease.cc.roomext.liveplayback.LivePlaybackActivity",
            "com.netease.cc.search.RoomDetailActivity",
            "com.netease.cc.search.SearchChannelActivity",
            "com.netease.cc.share.WBShareActivity",
            "com.netease.cc.soundidentify.SoundIdentifyActivity",
            "com.netease.cc.userinfo.record.ManageRecordActivity",
            "com.netease.cc.userinfo.record.RecordDetailListActivity",
            "com.netease.cc.userinfo.user.EditPersonalInfoActivity",
            "com.netease.cc.userinfo.user.FansOrGuardActivity",
            "com.netease.cc.userinfo.user.ModifyNoteDialogActivity",
            "com.netease.cc.userinfo.user.MyCareListActivity",
            "com.netease.cc.userinfo.user.UserAchievementActivity",
            "com.netease.cc.userinfo.user.UserCareListActivity",
            "com.netease.cc.userinfo.user.UserCoverDetailActivity",
            "com.netease.cc.userinfo.user.UserFansAndGuadrdianListActivity",
            "com.netease.cc.userinfo.user.UserInfoMoreActivity",
            "com.netease.cc.userinfo.user.WealthLevelActivity",
            "com.netease.cc.userinfo.user.highlight.AudioHighlightPhotoListActivity",
            "com.netease.cc.userinfo.user.highlight.UserHighlightPhotoListActivity",
            "com.netease.cc.userinfo.user.highlight.UserHighlightPhotoPreviewActivity",
            "com.netease.cc.userinfo.user.openlive.OpenLiveTipSettingActivity",
            "com.netease.cc.userinfo.user2.UserInfoActivity2",
            "com.netease.cc.vrviugame.activity.VrviuGameActivity",
            "com.netease.cc.widget.cropimage.ClipImageActivity",
            "com.netease.cc.widget.cropimage.ClipImageLandActivity",
            "com.netease.cc.wxapi.WXEntryActivity",
            "com.netease.cc.yxapi.YXEntryActivity",
            "com.netease.epay.brick.ocrkit.bank.BankCardActivity",
            "com.netease.epay.brick.ocrkit.id.IdCardActivity",
            "com.netease.epay.brick.ocrkit.id.IdCardResultActivity",
            "com.netease.epay.brick.picpick.IDCropActivity",
            "com.netease.epay.brick.picpick.IDPreviewActivity",
            "com.netease.epay.brick.picpick.IDTakePhotoActivity",
            "com.netease.epay.brick.picpick.ImagePickerActivity",
            "com.netease.epay.brick.stface.MotionLivenessActivity",
            "com.netease.epay.sdk.abroadpay.ui.AbroadpayActivity",
            "com.netease.epay.sdk.acid.ui.ConfirmIDActivity",
            "com.netease.epay.sdk.acid.ui.PrepareActivity",
            "com.netease.epay.sdk.base.ui.CommonEntranceActivity",
            "com.netease.epay.sdk.base.ui.ServeCompactActivity",
            "com.netease.epay.sdk.base.ui.WebViewActivity",
            "com.netease.epay.sdk.card.ui.AddCardActivity",
            "com.netease.epay.sdk.card.ui.ValidateCardActivity",
            "com.netease.epay.sdk.face.ui.BankCardResultActivity",
            "com.netease.epay.sdk.face.ui.FaceBeginStActivity",
            "com.netease.epay.sdk.face.ui.FaceBeginWebankActivity",
            "com.netease.epay.sdk.face.ui.FaceRecognizeStActivity",
            "com.netease.epay.sdk.face.ui.FaceTransparentActivity",
            "com.netease.epay.sdk.pay.ui.CCBPayResultActivity",
            "com.netease.epay.sdk.pay.ui.H5OnLineBankPayActivity",
            "com.netease.epay.sdk.pay.ui.OrderInfoActivity",
            "com.netease.epay.sdk.pay.ui.PayingActivity",
            "com.netease.epay.sdk.pay.ui.WebActivity",
            "com.netease.epay.sdk.pay.ui.card.CardPayActivity",
            "com.netease.epay.sdk.psw.find.ForgetPwdActivity",
            "com.netease.epay.sdk.psw.modifypwd.ModifyPwdActivity",
            "com.netease.epay.sdk.psw.setpwd.SetPwdActivity",
            "com.netease.epay.sdk.psw.verifypwd.VerifyPwdActivity",
            "com.netease.epay.sdk.register.RegisterActivity",
            "com.netease.epay.sdk.risk.ui.RiskActivity",
            "com.netease.epay.sdk.router.H5TransferActivity",
            "com.netease.epay.sdk.sms.NoSmsCbgActivity",
            "com.netease.epay.sdk.sms.VerifySmsActivity",
            "com.netease.epay.sdk.universalpay.ui.UniversalPayActivity",
            "com.netease.in2party.view.AboutAppActivity",
            "com.netease.in2party.view.ContactUsActivity",
            "com.netease.in2party.view.In2PartyActivity",
            "com.netease.nepaggregate.sdk.BaseActivity",
            "com.netease.nepaggregate.sdk.unionpay.UnionPayActivity",
            "com.netease.nepaggregate.sdk.wxpay.WePayResultActivity",
            "com.sina.weibo.sdk.share.ShareTransActivity",
            "com.sina.weibo.sdk.web.WebActivity",
            "com.tencent.connect.common.AssistActivity",
            "com.tencent.tauth.AuthActivity",
            "com.tencent.tinker.loader.hotplug.ActivityStubs$SGTKStub_00",
            "com.tencent.tinker.loader.hotplug.ActivityStubs$SGTKStub_00_T",
            "com.tencent.tinker.loader.hotplug.ActivityStubs$SGTKStub_01",
            "com.tencent.tinker.loader.hotplug.ActivityStubs$SGTKStub_01_T",
            "com.tencent.tinker.loader.hotplug.ActivityStubs$SGTKStub_02",
            "com.tencent.tinker.loader.hotplug.ActivityStubs$SGTKStub_02_T",
            "com.tencent.tinker.loader.hotplug.ActivityStubs$SGTKStub_03",
            "com.tencent.tinker.loader.hotplug.ActivityStubs$SGTKStub_04",
            "com.tencent.tinker.loader.hotplug.ActivityStubs$SGTKStub_05",
            "com.tencent.tinker.loader.hotplug.ActivityStubs$SGTKStub_06",
            "com.tencent.tinker.loader.hotplug.ActivityStubs$SGTKStub_07",
            "com.tencent.tinker.loader.hotplug.ActivityStubs$SGTKStub_08",
            "com.tencent.tinker.loader.hotplug.ActivityStubs$SGTKStub_09",
            "com.tencent.tinker.loader.hotplug.ActivityStubs$SGTStub_00",
            "com.tencent.tinker.loader.hotplug.ActivityStubs$SGTStub_00_T",
            "com.tencent.tinker.loader.hotplug.ActivityStubs$SGTStub_01",
            "com.tencent.tinker.loader.hotplug.ActivityStubs$SGTStub_01_T",
            "com.tencent.tinker.loader.hotplug.ActivityStubs$SGTStub_02",
            "com.tencent.tinker.loader.hotplug.ActivityStubs$SGTStub_02_T",
            "com.tencent.tinker.loader.hotplug.ActivityStubs$SGTStub_03",
            "com.tencent.tinker.loader.hotplug.ActivityStubs$SGTStub_04",
            "com.tencent.tinker.loader.hotplug.ActivityStubs$SGTStub_05",
            "com.tencent.tinker.loader.hotplug.ActivityStubs$SGTStub_06",
            "com.tencent.tinker.loader.hotplug.ActivityStubs$SGTStub_07",
            "com.tencent.tinker.loader.hotplug.ActivityStubs$SGTStub_08",
            "com.tencent.tinker.loader.hotplug.ActivityStubs$SGTStub_09",
            "com.tencent.tinker.loader.hotplug.ActivityStubs$SIStub_00",
            "com.tencent.tinker.loader.hotplug.ActivityStubs$SIStub_00_T",
            "com.tencent.tinker.loader.hotplug.ActivityStubs$SIStub_01",
            "com.tencent.tinker.loader.hotplug.ActivityStubs$SIStub_01_T",
            "com.tencent.tinker.loader.hotplug.ActivityStubs$SIStub_02",
            "com.tencent.tinker.loader.hotplug.ActivityStubs$SIStub_02_T",
            "com.tencent.tinker.loader.hotplug.ActivityStubs$SIStub_03",
            "com.tencent.tinker.loader.hotplug.ActivityStubs$SIStub_04",
            "com.tencent.tinker.loader.hotplug.ActivityStubs$SIStub_05",
            "com.tencent.tinker.loader.hotplug.ActivityStubs$SIStub_06",
            "com.tencent.tinker.loader.hotplug.ActivityStubs$SIStub_07",
            "com.tencent.tinker.loader.hotplug.ActivityStubs$SIStub_08",
            "com.tencent.tinker.loader.hotplug.ActivityStubs$SIStub_09",
            "com.tencent.tinker.loader.hotplug.ActivityStubs$STDStub_00",
            "com.tencent.tinker.loader.hotplug.ActivityStubs$STDStub_00_T",
            "com.tencent.tinker.loader.hotplug.ActivityStubs$STDStub_01",
            "com.tencent.tinker.loader.hotplug.ActivityStubs$STDStub_01_T",
            "com.tencent.tinker.loader.hotplug.ActivityStubs$STDStub_02",
            "com.tencent.tinker.loader.hotplug.ActivityStubs$STDStub_02_T",
            "com.tencent.tinker.loader.hotplug.ActivityStubs$STDStub_03",
            "com.tencent.tinker.loader.hotplug.ActivityStubs$STDStub_04",
            "com.tencent.tinker.loader.hotplug.ActivityStubs$STDStub_05",
            "com.tencent.tinker.loader.hotplug.ActivityStubs$STDStub_06",
            "com.tencent.tinker.loader.hotplug.ActivityStubs$STDStub_07",
            "com.tencent.tinker.loader.hotplug.ActivityStubs$STDStub_08",
            "com.tencent.tinker.loader.hotplug.ActivityStubs$STDStub_09",
            "com.unionpay.UPPayWapActivity",
            "com.unionpay.uppay.PayActivity",
            "com.vivo.push.sdk.LinkProxyClientActivity",
            "com.webank.facelight.ui.FaceGuideActivity",
            "com.webank.facelight.ui.FaceProtocalActivity",
            "com.webank.facelight.ui.FaceVerifyActivity",
            "io.flutter.embedding.android.FlutterActivity",
            "ray.toolkit.pocketx.activity.NEURSNetworkActivity",
            "ray.toolkit.pocketx.activity.WebviewActivity"
        ],
        "services": [
            "com.heytap.msp.push.service.CompatibleDataMessageCallbackService",
            "com.heytap.msp.push.service.DataMessageCallbackService",
            "com.hpplay.sdk.source.process.LelinkSdkService",
            "com.huawei.agconnect.core.ServiceDiscovery",
            "com.huawei.hms.support.api.push.service.HmsMsgService",
            "com.iqiyi.android.qigsaw.core.splitinstall.SplitCleanService",
            "com.iqiyi.android.qigsaw.core.splitinstall.remote.SplitInstallService",
            "com.iqiyi.android.qigsaw.core.splitrequest.splitinfo.SplitUpdateService",
            "com.light.play.binding.input.driver.UsbDriverService",
            "com.meizu.cloud.pushsdk.NotificationService",
            "com.netease.cc.common.tcp.TCPService",
            "com.netease.cc.detect.CCDetectService",
            "com.netease.cc.gameaudio.service.GameAudioService",
            "com.netease.cc.hotfix.CCHotFixResultService",
            "com.netease.cc.service.FloatWindowService",
            "com.netease.inner.pushclient.huawei.MessageReceiver",
            "com.netease.inner.pushclient.oppo.MessageReceiver",
            "com.netease.pushservice.PushService",
            "com.tencent.smtt.export.external.DexClassLoaderProviderService",
            "com.tencent.tinker.lib.service.DefaultTinkerResultService",
            "com.tencent.tinker.lib.service.TinkerPatchForeService",
            "com.tencent.tinker.lib.service.TinkerPatchService",
            "com.tencent.tinker.lib.service.TinkerPatchService$InnerService",
            "com.vivo.push.sdk.service.CommandClientService",
            "com.xiaomi.mipush.sdk.MessageHandleService",
            "com.xiaomi.mipush.sdk.PushMessageHandler",
            "com.xiaomi.push.service.XMJobService",
            "com.xiaomi.push.service.XMPushService"
        ],
        "receivers": [
            "com.hpplay.sdk.source.process.LelinkReceiver",
            "com.huawei.hms.support.api.push.PushMsgReceiver",
            "com.huawei.hms.support.api.push.PushReceiver",
            "com.meizu.cloud.pushsdk.SystemReceiver",
            "com.netease.cc.brordcast.NGPushClientReceiver",
            "com.netease.inner.pushclient.flyme.MessageReceiver",
            "com.netease.inner.pushclient.miui.MessageReceiver",
            "com.netease.inner.pushclient.vivo.MessageReceiver",
            "com.netease.pushservice.PushServiceReceiver",
            "com.xiaomi.push.service.receivers.NetworkStatusReceiver",
            "com.xiaomi.push.service.receivers.PingReceiver"
        ]
    },
    "stats": {
        "dex_count": 24,
        "native_lib_count": 68
    },
    "jadx": {
        "status": "ok",
        "duration_sec": 168.11,
        "sources_present": true,
        "java_file_count": 30716
    },
    "ast_analysis": {
        "location": 2,
        "microphone": 7,
        "camera": 123,
        "media_projection": 2,
        "dynamic_load": 0,
        "jni": 99
    },
    "analysis_state": "complete"
}