{
    "apk_name": "CE1AE8D3E873BC4E6C0AC862109D93646E5CA28A7FCBCB303BDF3B1C8155E2F3",
    "sha256": "ce1ae8d3e873bc4e6c0ac862109d93646e5ca28a7fcbcb303bdf3b1c8155e2f3",
    "metadata": {
        "package_name": "com.fenbi.android.servant",
        "version_code": "6171400",
        "version_name": "6.17.14",
        "min_sdk": "21",
        "target_sdk": "30",
        "permissions": [
            "android.permission.ACCESS_COARSE_LOCATION",
            "android.permission.ACCESS_FINE_LOCATION",
            "android.permission.ACCESS_NETWORK_STATE",
            "android.permission.ACCESS_WIFI_STATE",
            "android.permission.BLUETOOTH",
            "android.permission.BLUETOOTH_ADMIN",
            "android.permission.CAMERA",
            "android.permission.CHANGE_NETWORK_STATE",
            "android.permission.CHANGE_WIFI_MULTICAST_STATE",
            "android.permission.CHANGE_WIFI_STATE",
            "android.permission.FLASHLIGHT",
            "android.permission.FOREGROUND_SERVICE",
            "android.permission.INTERNET",
            "android.permission.MODIFY_AUDIO_SETTINGS",
            "android.permission.POST_NOTIFICATIONS",
            "android.permission.READ_CALENDAR",
            "android.permission.READ_EXTERNAL_STORAGE",
            "android.permission.READ_LOGS",
            "android.permission.RECORD_AUDIO",
            "android.permission.SYSTEM_ALERT_WINDOW",
            "android.permission.VIBRATE",
            "android.permission.WAKE_LOCK",
            "android.permission.WRITE_CALENDAR",
            "android.permission.WRITE_EXTERNAL_STORAGE",
            "com.android.alarm.permission.SET_ALARM",
            "com.asus.msa.SupplementaryDID.ACCESS",
            "com.fenbi.android.servant.DYNAMIC_RECEIVER_NOT_EXPORTED_PERMISSION",
            "com.fenbi.android.servant.permission.MIPUSH_RECEIVE",
            "com.fenbi.android.servant.permission.PROCESS_PUSH_MSG",
            "com.fenbi.android.servant.permission.PUSH_PROVIDER",
            "com.huawei.appmarket.SEND_THIRD_COMMON_MSG",
            "freemme.permission.msa",
            "freemme.permission.msa.SECURITY_ACCESS"
        ],
        "activities": [
            "com.alipay.sdk.app.APayEntranceActivity",
            "com.alipay.sdk.app.AlipayResultActivity",
            "com.alipay.sdk.app.H5AuthActivity",
            "com.alipay.sdk.app.H5OpenAuthActivity",
            "com.alipay.sdk.app.H5PayActivity",
            "com.alipay.sdk.app.PayResultActivity",
            "com.blankj.utilcode.util.UtilsTransActivity",
            "com.blankj.utilcode.util.UtilsTransActivity4MainProcess",
            "com.cmic.sso.sdk.activity.LoginAuthActivity",
            "com.fenbi.android.business.salecenter.SaleCentersActivity",
            "com.fenbi.android.business.sales_view.SalesCommentsActivity",
            "com.fenbi.android.business.sales_view.group.subpage.comment.SalesCommentsActivityNew",
            "com.fenbi.android.business.sales_view.group.subpage.select_teacher.SelectTeacherActivity",
            "com.fenbi.android.ebook.EpubActivity",
            "com.fenbi.android.essay.feature.exercise.activity.EssayExerciseActivity",
            "com.fenbi.android.essay.feature.exercise.report.WritingQuestionReportActivity",
            "com.fenbi.android.essay.feature.jingpinban.JPBExerciseReportActivity",
            "com.fenbi.android.essay.feature.miniJam.EssayMiniJamInfoActivity",
            "com.fenbi.android.essay.prime_manual.preview.PrimeManualPreviewActivity",
            "com.fenbi.android.essay.prime_manual.report.PrimeManualReportActivity",
            "com.fenbi.android.exercise.ExerciseContainer",
            "com.fenbi.android.exercise.objective.browsersolution.routers.FavoriteSolutionAct",
            "com.fenbi.android.exercise.objective.browsersolution.routers.KeyPointSolutionAct",
            "com.fenbi.android.exercise.objective.browsersolution.routers.NoteSolutionAct",
            "com.fenbi.android.exercise.objective.browsersolution.routers.PaperSolutionActivity",
            "com.fenbi.android.exercise.objective.browsersolution.routers.QuickAskSolutionActivity",
            "com.fenbi.android.exercise.objective.browsersolution.routers.SearchSolutionActivity",
            "com.fenbi.android.exercise.objective.browsersolution.routers.SolutionsActivity",
            "com.fenbi.android.exercise.objective.exercise.ObjectiveExerciseActivity",
            "com.fenbi.android.exercise.objective.exercise.practice.favorite.FavoritePracticeActivity",
            "com.fenbi.android.exercise.objective.exercise.practice.wrong.WrongPracticeActivity",
            "com.fenbi.android.exercise.objective.solution.ExerciseSolutionActivity",
            "com.fenbi.android.exercise.objective.solution.examine.ExamineExerciseReportActivity",
            "com.fenbi.android.exercise.sujective.router.HistoryPaperReadOnlyAct",
            "com.fenbi.android.exercise.sujective.router.ManualSubjectiveExerciseAct",
            "com.fenbi.android.exercise.sujective.router.ShenlunSearchPaperExerciseAct",
            "com.fenbi.android.exercise.sujective.router.ShenlunSearchQuestionExerciseAct",
            "com.fenbi.android.exercise.sujective.router.SubjectiveExerciseActivity",
            "com.fenbi.android.exercise.sujective.router.SubjectiveSolutionActivity",
            "com.fenbi.android.gufen.enroll.GufenEnrollActivity",
            "com.fenbi.android.gufen.exercise.ForecastActivity",
            "com.fenbi.android.gufen.history.ForecastHistoryActivity",
            "com.fenbi.android.gufen.report.GufenReportActivity",
            "com.fenbi.android.gwy.minimk.MiniMkdsInfoActivity",
            "com.fenbi.android.gwy.minimk.exercise.MiniMkExerciseActivity",
            "com.fenbi.android.gwy.minimk.exercise.MiniMkSolutionActivity",
            "com.fenbi.android.gwy.minimk.exercise.ShenlunMiniMkExerciseAct",
            "com.fenbi.android.gwy.minimk.report.MiniMkdsReportActivity",
            "com.fenbi.android.gwy.minimk.report.ShenlunMiniMkReportActivity",
            "com.fenbi.android.gwy.mkds.enroll.MkdsEnrollListActivity",
            "com.fenbi.android.gwy.mkds.exercise.MkdsExerciseActivity",
            "com.fenbi.android.gwy.mkds.exercise.MkdsWaitingReportActivity",
            "com.fenbi.android.gwy.mkds.history.MkdsHistoryActivity",
            "com.fenbi.android.gwy.mkds.report.normal.MkdsReportActivity",
            "com.fenbi.android.gwy.mkds.report.shenlun.ShenlunMkdsReportActivity",
            "com.fenbi.android.gwy.mkds.report.union.UnionMkdsReportActivity",
            "com.fenbi.android.gwy.mkds.router.ExternalExerciseRouter",
            "com.fenbi.android.gwy.mkds.solution.MkdsSolutionActivity",
            "com.fenbi.android.gwy.mkjxk.analysis.JamAnalysisForCommonActivity",
            "com.fenbi.android.gwy.mkjxk.analysis.JamAnalysisForVipActivity",
            "com.fenbi.android.gwy.mkjxk.buy.MkdsJamAnalysisBuyContentSetActivity",
            "com.fenbi.android.gwy.mkjxk.buy.MkdsJamAnalysisContentsSetActivity",
            "com.fenbi.android.gwy.mkjxk.report.objective.ObjectiveManualReportActivity",
            "com.fenbi.android.gwy.mkjxk.report.objective.kpdetail.KpDetailActivity",
            "com.fenbi.android.gwy.mkjxk.report.objective.solution.ResitQuestionSolutionActivity",
            "com.fenbi.android.gwy.mkjxk.report.subjective.ReportDetailExerciseAct",
            "com.fenbi.android.gwy.mkjxk.report.subjective.ReportDetailJamAct",
            "com.fenbi.android.gwy.mkjxk.report.subjective.SubjectiveManualReportActivity",
            "com.fenbi.android.gwy.mkjxk.reservation.JamReservationActivity",
            "com.fenbi.android.gwy.mkjxk.resit.question.MkjxExerciseActivity",
            "com.fenbi.android.gwy.mkjxk.resit.report.ReportActivity",
            "com.fenbi.android.gwy.mkjxk.resit.report.ShenlunReportActivity",
            "com.fenbi.android.gwy.mkjxk.selectpaper.JamResitPersonalSelectAreaActivity",
            "com.fenbi.android.gwy.mkjxk.selectpaper.JamResitSelectAreaActivity",
            "com.fenbi.android.gwy.question.book.BookSolutionActivity",
            "com.fenbi.android.gwy.question.book.BookVideoActivity",
            "com.fenbi.android.gwy.question.exercise.ketang.EpisodeExercisesActivity",
            "com.fenbi.android.gwy.question.exercise.ketang.KeTangExerciseActivity",
            "com.fenbi.android.gwy.question.exercise.report.ReportActivity",
            "com.fenbi.android.gwy.question.exercise.report.shenlun.ShenlunReportActivity",
            "com.fenbi.android.gwy.question.exercise.solution.note.EditNoteActivity",
            "com.fenbi.android.gwy.question.scan.SubmitExerciseActivity",
            "com.fenbi.android.gwy.question.singleQuestionTimeLimit.math.exercise.ExerciseActivity",
            "com.fenbi.android.gwy.question.singleQuestionTimeLimit.math.exercise.SolutionActivity",
            "com.fenbi.android.gwy.question.singleQuestionTimeLimit.math.report.ReportActivity",
            "com.fenbi.android.gwy.question.singleQuestionTimeLimit.normal.exercise.QuestionTimeLimitExerciseActivity",
            "com.fenbi.android.home.moment.noprivacy.DiscoveryBasicConfigActivity",
            "com.fenbi.android.home.ti.keypoint.shenlun.EssayPdpgKeyPointActivity",
            "com.fenbi.android.home.ti.keypoint.shenlun.EssaySingleKeyPointActivity",
            "com.fenbi.android.home.ti.secondfloor.SecondFloorWebActivity",
            "com.fenbi.android.im.chat.ChatActivity",
            "com.fenbi.android.im.chat.input.emoticon.ViewEmoticonActivity",
            "com.fenbi.android.im.chat.subpage.image.ImagePreviewActivity",
            "com.fenbi.android.im.chat.subpage.phrase.edit.PhraseEditActivity",
            "com.fenbi.android.im.chat.subpage.phrase.list.PhraseListActivity",
            "com.fenbi.android.im.chat.subpage.text.ViewLongTextActivity",
            "com.fenbi.android.im.chat.subpage.video.IMVideoActivity",
            "com.fenbi.android.im.favorite.detail.FavoriteDetailActivity",
            "com.fenbi.android.im.favorite.list.ImFavoriteListActivity",
            "com.fenbi.android.im.favorite.tag.EditFavoriteTagActivity",
            "com.fenbi.android.im.group.file.GroupFileListActivity",
            "com.fenbi.android.im.group.file.download.DownloadGroupFileListActivity",
            "com.fenbi.android.im.group.file.operate.OperateFileActivity",
            "com.fenbi.android.im.group.memberlist.GroupMemberActivity",
            "com.fenbi.android.im.group.notice.detail.GroupNoticeDetailActivity",
            "com.fenbi.android.im.group.notice.detail.GroupNoticeInformActivity",
            "com.fenbi.android.im.group.notice.list.GroupNoticeListActivity",
            "com.fenbi.android.im.group.notice.modify.GroupModifyNoticeActivity",
            "com.fenbi.android.im.group.profile.EditGroupNameActivity",
            "com.fenbi.android.im.group.profile.GroupProfileActivity",
            "com.fenbi.android.im.relation.FriendGroupListActivity",
            "com.fenbi.android.im.search.chat.ChatSearchEntryActivity",
            "com.fenbi.android.im.search.chat.SearchPageActivity",
            "com.fenbi.android.im.search.detail.SearchMessageActivity",
            "com.fenbi.android.im.search.home.SearchSummaryActivity",
            "com.fenbi.android.im.search.subtype.SearchSubtypeActivity",
            "com.fenbi.android.im.vacation.VacationHistoryActivity",
            "com.fenbi.android.im.vacation.VacationSettingActivity",
            "com.fenbi.android.jiakao.keypointdetail.JiakaoKeyPointDetailActivity",
            "com.fenbi.android.jiakao.keypointitems.KeyPointItemsActivity",
            "com.fenbi.android.ke.calendar.CalendarActivity",
            "com.fenbi.android.ke.comment.episode.EpisodeCommentListActivity",
            "com.fenbi.android.ke.comment.episode.edit.EpisodeCommentEditActivity",
            "com.fenbi.android.ke.comment.episode.jpbdaily.JpbDailyCommentEpisodeListActivity",
            "com.fenbi.android.ke.comment.lecture.LectureCommentListActivity",
            "com.fenbi.android.ke.download.episode.DownloadEpisodeListActivity",
            "com.fenbi.android.ke.download.material.DownloadMaterialListActivity",
            "com.fenbi.android.ke.download.note.DownloadNoteListActivity",
            "com.fenbi.android.ke.download.teacher_note.DownloadTeacherNoteListActivity",
            "com.fenbi.android.ke.favorite.FavoriteEpisodeListActivity",
            "com.fenbi.android.ke.history.HistoryEpisodeListActivity",
            "com.fenbi.android.ke.my.delete.MyLectureDeleteActivity",
            "com.fenbi.android.ke.my.detail.MyLectureDetailActivity",
            "com.fenbi.android.ke.my.detail.exercise.LectureExerciseListActivity",
            "com.fenbi.android.ke.my.detail.extra.ExtraEpisodeListActivity",
            "com.fenbi.android.ke.my.detail.extra.ExtraEpisodeSetListActivity",
            "com.fenbi.android.ke.my.detail.help.JoinQQGroupHelpActivity",
            "com.fenbi.android.ke.my.detail.help.JoinWechatGroupHelpActivity",
            "com.fenbi.android.ke.my.detail.mark.LectureMarkListActivity",
            "com.fenbi.android.ke.my.hidden.HiddenLectureListActivity",
            "com.fenbi.android.ke.my.home.MyLectureHomeActivity",
            "com.fenbi.android.ke.my.partrefund.detail.MyPartRefundLectureDetailActivity",
            "com.fenbi.android.ke.my.partrefund.list.MyPartRefundLectureListActivity",
            "com.fenbi.android.ke.my.search.MyLectureSearchActivity",
            "com.fenbi.android.ke.pay.huabei.PayActivity",
            "com.fenbi.android.ke.publicclass.PublicClassHomeActivity",
            "com.fenbi.android.ke.sale.detail.LectureDetailActivity",
            "com.fenbi.android.ke.sale.detail.LectureSPUDetailActivity",
            "com.fenbi.android.ke.sale.home.LectureSetListActivity",
            "com.fenbi.android.ke.sale.search.SearchLectureActivity",
            "com.fenbi.android.ke.teacher.TeacherHomeActivity",
            "com.fenbi.android.kefu.udesk.home.KefuWebActivity",
            "com.fenbi.android.module.account.instructor.ProfileInstructorActivity",
            "com.fenbi.android.module.account.instructor.RegisterInstructorActivity",
            "com.fenbi.android.module.account.login.LoginRouter",
            "com.fenbi.android.module.account.login.NormalSelectLoginActivity",
            "com.fenbi.android.module.account.login.PasswordLoginActivity",
            "com.fenbi.android.module.account.login.PasswordRetrieveActivity",
            "com.fenbi.android.module.account.login.VerificationLoginActivity",
            "com.fenbi.android.module.account.subject.SubjectSelectActivity",
            "com.fenbi.android.module.account.user.ClipAvatarActivity",
            "com.fenbi.android.module.account.user.DestroyAccountWebActivity",
            "com.fenbi.android.module.account.user.NickEditActivity",
            "com.fenbi.android.module.account.user.PasswordResetActivity",
            "com.fenbi.android.module.account.user.ResetPhoneActivity",
            "com.fenbi.android.module.account.user.RevokePrivacyActivity",
            "com.fenbi.android.module.account.user.VerifyAccountActivity",
            "com.fenbi.android.module.address.activity.AddressEditActivity",
            "com.fenbi.android.module.address.activity.AddressListActivity",
            "com.fenbi.android.module.address.logistics.LogisticsDetailActivity",
            "com.fenbi.android.module.article_training.buy.ArticleTrainingPayActivity",
            "com.fenbi.android.module.article_training.buy.ArticleTrainingSaleCenterActivity",
            "com.fenbi.android.module.article_training.buy.QuestionTrainingPayActivity",
            "com.fenbi.android.module.article_training.buy.QuestionTrainingSaleCenterActivity",
            "com.fenbi.android.module.article_training.home.TrainingHomeActivity",
            "com.fenbi.android.module.article_training.home.notice.TrainingNoticesActivity",
            "com.fenbi.android.module.article_training.home.phase.task.DisplayTextVideoActivity",
            "com.fenbi.android.module.assistant.group.AssistantGroupActivity",
            "com.fenbi.android.module.basicpractice.BasicPracticeHomeActivity",
            "com.fenbi.android.module.basicpractice.RapidExerciseHomeActivity",
            "com.fenbi.android.module.basicpractice.rapidexercise.RapidExerciseActivity",
            "com.fenbi.android.module.basicpractice.rapidexercise.RapidReportActivity",
            "com.fenbi.android.module.basicpractice.rapidexercise.RapidSolutionActivity",
            "com.fenbi.android.module.basicpractice.wordexercise.WordExerciseActivity",
            "com.fenbi.android.module.basicpractice.wordexercise.WordExerciseHomeActivity",
            "com.fenbi.android.module.basicpractice.wordexercise.WordExerciseProgressActivity",
            "com.fenbi.android.module.coroom.coroom.CoStudyRoomActivity",
            "com.fenbi.android.module.coroom.history.StudyHistoryActivity",
            "com.fenbi.android.module.coroom.report.ReportActivity",
            "com.fenbi.android.module.coroom.roomlist.RoomListActivity",
            "com.fenbi.android.module.course.subject.SubjectSelectActivity",
            "com.fenbi.android.module.home.HomeActivity",
            "com.fenbi.android.module.interview_jams.JpbInterviewJamRouter",
            "com.fenbi.android.module.interview_jams.buy.JAMSaleCenterActivity",
            "com.fenbi.android.module.interview_jams.buy.JAMSaleCenterRouter",
            "com.fenbi.android.module.interview_jams.interview.LiveActivity",
            "com.fenbi.android.module.interview_jams.interview.ReplayActivity",
            "com.fenbi.android.module.interview_jams.leader_less.LiveActivity",
            "com.fenbi.android.module.interview_jams.leader_less.ReplayActivity",
            "com.fenbi.android.module.interview_jams.prepare.InterviewPrepareActivity",
            "com.fenbi.android.module.interview_jams.rank.RankActivity",
            "com.fenbi.android.module.interview_jams.report.InterviewReportActivity",
            "com.fenbi.android.module.interview_qa.buy.InterviewRemarkBuyActivity",
            "com.fenbi.android.module.interview_qa.buy.InterviewRemarkPayActivity",
            "com.fenbi.android.module.interview_qa.home.InterviewRemarkHomeActivity",
            "com.fenbi.android.module.interview_qa.pay.remark.InterviewRemarkPayActivity",
            "com.fenbi.android.module.interview_qa.student.answer_upload.AnswerUploadActivity",
            "com.fenbi.android.module.interview_qa.student.correction.StudentCorrectionActivity",
            "com.fenbi.android.module.interview_qa.student.evaluation.ScoreTeacherActivity",
            "com.fenbi.android.module.interview_qa.student.exercise.ExerciseActivity",
            "com.fenbi.android.module.interview_qa.student.exercise.PreviewActivity",
            "com.fenbi.android.module.interview_qa.student.exercise_description.ExerciseDescActivity",
            "com.fenbi.android.module.interview_qa.student.history.ExerciseListActivity",
            "com.fenbi.android.module.interview_qa.student.prepare.InterviewPrepareActivity",
            "com.fenbi.android.module.interview_qa.student.teacherList.TeacherListActivity",
            "com.fenbi.android.module.interview_qa.teacher.audiorecord.AudioRecordActivity",
            "com.fenbi.android.module.interview_qa.teacher.comment.ExerciseUserCommentActivity",
            "com.fenbi.android.module.interview_qa.teacher.correction.TeacherCorrectionActivity",
            "com.fenbi.android.module.interview_qa.teacher.tasks.DianpingCountActivity",
            "com.fenbi.android.module.interview_qa.teacher.tasks.DianpingTaskListActivity",
            "com.fenbi.android.module.interview_qa.teacher.tasks.TaskListActivity",
            "com.fenbi.android.module.jidiban.ask.create.OfflineAskCreateActivity",
            "com.fenbi.android.module.jidiban.ask.detail.OfflineAskDetailActivity",
            "com.fenbi.android.module.jidiban.ask.list.OfflineAskListActivity",
            "com.fenbi.android.module.jidiban.home.JidibanHomeActivity",
            "com.fenbi.android.module.jidiban.search.JidibanFilterTaskActivity",
            "com.fenbi.android.module.jidiban.task.list.JpbOfflineAppendLectureListActivity",
            "com.fenbi.android.module.jidiban.task.list.JpbOfflineTaskListActivity",
            "com.fenbi.android.module.jidiban.task.set.JidibanTaskSetActivity",
            "com.fenbi.android.module.jidiban.task.statistics.OfflineTaskStatisticsActivity",
            "com.fenbi.android.module.jingpinban.buy.JPBPayActivity",
            "com.fenbi.android.module.jingpinban.buy.JPBSaleCenterActivity",
            "com.fenbi.android.module.jingpinban.calendar.TaskCalendarActivity",
            "com.fenbi.android.module.jingpinban.challenge.ChallengeActivity",
            "com.fenbi.android.module.jingpinban.column.ColumnHomeActivity",
            "com.fenbi.android.module.jingpinban.column.jilei.JileiTaskActivity",
            "com.fenbi.android.module.jingpinban.column.plan.ColumnPlanDetailActivity",
            "com.fenbi.android.module.jingpinban.comment.JpbCommentActivity",
            "com.fenbi.android.module.jingpinban.core.CoreTaskActivity",
            "com.fenbi.android.module.jingpinban.core.single.CoreTaskSingleTypeActivity",
            "com.fenbi.android.module.jingpinban.core.single.TodoTasksActivity",
            "com.fenbi.android.module.jingpinban.evaluation.home.EvaluationHomeActivity",
            "com.fenbi.android.module.jingpinban.evaluation.report.EvaluationReportActivity",
            "com.fenbi.android.module.jingpinban.history.StudyHistoryActivity",
            "com.fenbi.android.module.jingpinban.home.JpbHomeActivity",
            "com.fenbi.android.module.jingpinban.home.entry.JpbExtraEntrySetActivity",
            "com.fenbi.android.module.jingpinban.home.ketangmark.KeTangMarkListActivity",
            "com.fenbi.android.module.jingpinban.homework.HomeworkSolutionActivity",
            "com.fenbi.android.module.jingpinban.rank.RankListActivity",
            "com.fenbi.android.module.jingpinban.reporthistory.ReportHistoryActivity",
            "com.fenbi.android.module.jingpinban.reservation.detail.ReservationSubjectActivity",
            "com.fenbi.android.module.jingpinban.reservation.result.ReservationResultActivity",
            "com.fenbi.android.module.jingpinban.reservation.subjects.AllSubjectActivity",
            "com.fenbi.android.module.jingpinban.rewardedtask.RewardedTaskActivity",
            "com.fenbi.android.module.jingpinban.scholarship.JpbScholarshipTaskActivity",
            "com.fenbi.android.module.jingpinban.task.pdf.JpbViewPdfActivity",
            "com.fenbi.android.module.jingpinban.task.single.JpbSingleTaskActivity",
            "com.fenbi.android.module.jingpinban.task.statistics.TaskStatisticsActivity",
            "com.fenbi.android.module.jingpinban.task.tasklist.JpbTaskListActivity",
            "com.fenbi.android.module.jingpinban.task.tasklist.benefitlecture.BenefitLectureListActivity",
            "com.fenbi.android.module.jingpinban.task.tasklist.fudaoke.FudaokeTaskListActivity",
            "com.fenbi.android.module.jingpinban.task.tasklist.morningread.MorningReadTaskListActivity",
            "com.fenbi.android.module.jingpinban.task.taskset.JpbTaskSetActivity",
            "com.fenbi.android.module.jingpinban.taskrank.TaskRankActivity",
            "com.fenbi.android.module.jingpinban.teacher.MasterTeacherActivity",
            "com.fenbi.android.module.jingpinban.training.analysis.AnalysisTrainingActivity",
            "com.fenbi.android.module.jingpinban.training.analysis.AnalysisTrainingRankActivity",
            "com.fenbi.android.module.jingpinban.training.home.TrainingActivity",
            "com.fenbi.android.module.jingpinban.training.record.RecordActivity",
            "com.fenbi.android.module.jingpinban.training.shenlunword.FormatWordActivity",
            "com.fenbi.android.module.jingpinban.training.word.WordBookActivity",
            "com.fenbi.android.module.jingpinban.training.word.WordPreviewActivity",
            "com.fenbi.android.module.jingpinban.training.word.WordsActivity",
            "com.fenbi.android.module.jingpinban.utils.JpbImmersiveWebBrowseActivity",
            "com.fenbi.android.module.jingpinban.worddiffer.WordCategoryActivity",
            "com.fenbi.android.module.jingpinban.worddiffer.WordWeightActivity",
            "com.fenbi.android.module.jingpinban.xuanke.history.XuankeHistoryActivity",
            "com.fenbi.android.module.jingpinban.xuanke.home.XuankeHomeActivity",
            "com.fenbi.android.module.jingpinban.xuanke.theme.CancelThemeActivity",
            "com.fenbi.android.module.jingpinban.xuanke.theme.ThemeLectureHomeActivity",
            "com.fenbi.android.module.jingpinban.yard.YardWebBrowseActivity",
            "com.fenbi.android.module.jingpinban.yard.answercard.AnswerCardActivity",
            "com.fenbi.android.module.jingpinban.yard.question.YardExerciseActivity",
            "com.fenbi.android.module.msfd.buy.MsfdBuyActivity",
            "com.fenbi.android.module.msfd.buy.MsfdPayActivity",
            "com.fenbi.android.module.msfd.home.MsfdHomeActivity",
            "com.fenbi.android.module.normal_word.FormatWordDetailActivity",
            "com.fenbi.android.module.normal_word.FormatWordHomeActivity",
            "com.fenbi.android.module.notification.detail.NoticeDetailActivity",
            "com.fenbi.android.module.notification.list.NoticeListActivity",
            "com.fenbi.android.module.notification_center.detail.NotificationDetailActivity",
            "com.fenbi.android.module.notification_center.list.NoticeListActivity",
            "com.fenbi.android.module.notification_center.list.NoticeSearchActivity",
            "com.fenbi.android.module.ocr.answersheet.AnswerSheetOcrRouter",
            "com.fenbi.android.module.ocr.base.CaptureActivity",
            "com.fenbi.android.module.ocr.shenlun.QuestionOcrRouter",
            "com.fenbi.android.module.pay.activity.PointsBuyActivity",
            "com.fenbi.android.module.pay.couponlist.SelectCouponGroupActivity",
            "com.fenbi.android.module.pay.couponlist.UserCouponGroupActivity",
            "com.fenbi.android.module.pay.huabei.SaleCenterPayActivity",
            "com.fenbi.android.module.pay.orderdetail.OrderDetailActivity",
            "com.fenbi.android.module.pay.orderdetail.OrderGiftExpressActivity",
            "com.fenbi.android.module.pay.orderlist.FinalOrdersActivity",
            "com.fenbi.android.module.pay.orderlist.OrdersActivity",
            "com.fenbi.android.module.pay.payagreement.PayAgreementActivity",
            "com.fenbi.android.module.pk.activity.PKHistoryActivity",
            "com.fenbi.android.module.pk.activity.PKHomeActivity",
            "com.fenbi.android.module.pk.activity.PKMatchActivity",
            "com.fenbi.android.module.pk.activity.PKPositionSelectActivity",
            "com.fenbi.android.module.pk.activity.PKRankActivity",
            "com.fenbi.android.module.pk.activity.result.PKResultActivity",
            "com.fenbi.android.module.pk.question.PkQuestionActivity",
            "com.fenbi.android.module.prime_article.home.ArticleTrainingHomeActivity",
            "com.fenbi.android.module.prime_article.report.ArticleTrainingMixReportActivity",
            "com.fenbi.android.module.prime_manual.buy.PrimeManualBuyActivity",
            "com.fenbi.android.module.prime_manual.buy.PrimeManualPayActivity",
            "com.fenbi.android.module.prime_manual.home.PrimeManualHomeActivity",
            "com.fenbi.android.module.prime_manual.select.PrimeManualSelectActivity",
            "com.fenbi.android.module.prime_manual.select.paper.list.PaperListActivity",
            "com.fenbi.android.module.prime_manual.select.question.list.QuestionListActivity",
            "com.fenbi.android.module.prime_manual.select.search.PrimeManualSearchActivity",
            "com.fenbi.android.module.recite.exercise.keypoints.ExerciseKeypointsActivity",
            "com.fenbi.android.module.recite.home.ReciteBooksActivity",
            "com.fenbi.android.module.recite.keypoints.KeyPointsActivity",
            "com.fenbi.android.module.recite.keypoints.ReciteStudyRoomActivity",
            "com.fenbi.android.module.recite_camp.ReciteCampHomeActivity",
            "com.fenbi.android.module.recite_camp.ReciteCampReciteDetailActivity",
            "com.fenbi.android.module.recite_camp.ReciteCampSaleCenterActivity",
            "com.fenbi.android.module.recite_camp.ReciteCampTestDetailActivity",
            "com.fenbi.android.module.recite_camp.ReciteCampWelcomeActivity",
            "com.fenbi.android.module.scan.scan.QRCodeScanActivity",
            "com.fenbi.android.module.scan.scan.ScanHelpActivity",
            "com.fenbi.android.module.share.callbackhost.FenbiShareActivity",
            "com.fenbi.android.module.share.callbackhost.TencentShareActivity",
            "com.fenbi.android.module.share.callbackhost.WeiboShareActivity",
            "com.fenbi.android.module.share.complain.ComplainActivity",
            "com.fenbi.android.module.shenlun.correct_count.ShenlunCorrectCountActivity",
            "com.fenbi.android.module.shenlun.correct_count.pay.ShenlunPayActivity",
            "com.fenbi.android.module.shenlun.exercise.history.ShenlunExerciseHistoryActivity",
            "com.fenbi.android.module.shenlun.papers.ShenlunPapersActivity",
            "com.fenbi.android.module.shenlun.papers.paperlist.ShenlunLabelPapersActivity",
            "com.fenbi.android.module.shenlun.questions.ShenlunQuestionListActivity",
            "com.fenbi.android.module.shuatiban.buy.STBPayActivity",
            "com.fenbi.android.module.shuatiban.buy.STBSaleCentersActivity",
            "com.fenbi.android.module.shuatiban.home.STBHomeActivity",
            "com.fenbi.android.module.shuatiban.report.STBExercisesActivity",
            "com.fenbi.android.module.shuatiban.report.STBReportActivity",
            "com.fenbi.android.module.shuatiban.room.STBLiveActivity",
            "com.fenbi.android.module.shuatiban.room.STBReplayActivity",
            "com.fenbi.android.module.shuatiban.room.exercise.STBExerciseActivity",
            "com.fenbi.android.module.studycenter.StudyCenterActivity",
            "com.fenbi.android.module.video.dlna.DLNAControlActivity",
            "com.fenbi.android.module.video.dlna.DLNASearchActivity",
            "com.fenbi.android.module.video.feed.VideoFeedActivity",
            "com.fenbi.android.module.video.feed.livepreview.LivePreviewsActivity",
            "com.fenbi.android.module.video.green.live.LiveActivity",
            "com.fenbi.android.module.video.green.replay.ReplayActivity",
            "com.fenbi.android.module.video.live.complain.ComplainCommentActivity",
            "com.fenbi.android.module.video.live.complain.ComplainVideoActivity",
            "com.fenbi.android.module.video.live.devicetest.DeviceTestActivity",
            "com.fenbi.android.module.video.live.play.live.LiveActivity",
            "com.fenbi.android.module.video.live.play.replay.ReplayActivity",
            "com.fenbi.android.module.video.mp4.Mp4Activity",
            "com.fenbi.android.module.vip.article.ArticleListActivity",
            "com.fenbi.android.module.vip.course.activity.MemberEpisodeListActivity",
            "com.fenbi.android.module.vip.course.activity.MemberLectureActivity",
            "com.fenbi.android.module.vip.cram.home.CramActivity",
            "com.fenbi.android.module.vip.ebook.comment.CommentActivity",
            "com.fenbi.android.module.vip.ebook.comment.CommentListActivity",
            "com.fenbi.android.module.vip.ebook.detail.EBookDetailActivity",
            "com.fenbi.android.module.vip.ebook.detail.PrimeEBookDetailActivity",
            "com.fenbi.android.module.vip.ebook.list.EBookActivity",
            "com.fenbi.android.module.vip.ebook.memberday.MemberDayEbookActivity",
            "com.fenbi.android.module.vip.ebook.mybag.MyBagActivity",
            "com.fenbi.android.module.vip.ebook.pay.EBookPayActivity",
            "com.fenbi.android.module.vip.ebook.read.EbookPdfViewActivity",
            "com.fenbi.android.module.vip.ebook.read.EbookViewActivity",
            "com.fenbi.android.module.vip.ebook.read.EpubViewActivity",
            "com.fenbi.android.module.vip.pay.huabei.PayActivity",
            "com.fenbi.android.module.vip.punchclock.award.PeriodAwardRecordsActivity",
            "com.fenbi.android.module.vip.punchclock.award.PunchAwardsActivity",
            "com.fenbi.android.module.vip.punchclock.award.RankAwardRecordsActivity",
            "com.fenbi.android.module.vip.punchclock.callendar.PunchCalendarActivity",
            "com.fenbi.android.module.vip.punchclock.exercise.PunchExerciseActivity",
            "com.fenbi.android.module.vip.punchclock.home.PunchClockDetailActivity",
            "com.fenbi.android.module.vip.punchclock.newsummary.NewsSummaryActivity",
            "com.fenbi.android.module.vip.punchclock.punchhistory.PunchHistoryActivity",
            "com.fenbi.android.module.vip.punchclock.rank.AwardDesActivity",
            "com.fenbi.android.module.vip.punchclock.rank.PunchRankActivity",
            "com.fenbi.android.module.vip.punchclock.rank.awardrecords.HistoryActiveListActivity",
            "com.fenbi.android.module.vip.punchclock.report.ReportActivity",
            "com.fenbi.android.module.vip.radio.RadioMainActivity",
            "com.fenbi.android.module.vip.rights.MemberRightsActivity",
            "com.fenbi.android.module.vip.rights.RightsBenefitActivity",
            "com.fenbi.android.module.vip.rights.memberlive.MemberLectureLiveActivity",
            "com.fenbi.android.module.vip.rights.memberlive.episodelist.MemberEpisodeListLiveActivity",
            "com.fenbi.android.module.vip.rights.teacherencourage.EncourageWebBrowseActivity",
            "com.fenbi.android.module.vip.rights.videoanalysis.VideoAnalysisActivity",
            "com.fenbi.android.module.vip.systemclassrighits.SystemClassRightsActivity",
            "com.fenbi.android.module.vip_lecture.buy.VIPLectureBuyActivity",
            "com.fenbi.android.module.vip_lecture.buy.VIPLectureBuyProductSelectActivity",
            "com.fenbi.android.module.vip_lecture.home.VIPLectureHomeActivity",
            "com.fenbi.android.module.vip_lecture.home.exercise_evaluation.VIPLectureEvaluationDescActivity",
            "com.fenbi.android.module.vip_lecture.home.exercise_phase.VIPLecturePhaseModuleItemDetailActivity",
            "com.fenbi.android.module.vip_lecture.home.forecast.VIPLectureForecastActivity",
            "com.fenbi.android.module.vip_lecture.home.progress.VIPLectureProgressActivity",
            "com.fenbi.android.module.vip_lecture.pay.VIPLecturePayActivity",
            "com.fenbi.android.module.welcome.WelcomeActivity",
            "com.fenbi.android.module.yiliao.keypoint.analysis.AnalysisActivity",
            "com.fenbi.android.module.yiliao.keypoint.chapter.ChapterDetailActivity",
            "com.fenbi.android.module.yiliao.keypoint.home.KeypointBookActivity",
            "com.fenbi.android.module.zixi.buy.ZixiPayActivity",
            "com.fenbi.android.module.zixi.buy.ZixiSaleCenterActivity",
            "com.fenbi.android.module.zixi.gridroom.RoomWrapperActivity",
            "com.fenbi.android.module.zixi.history.HistoryActivity",
            "com.fenbi.android.module.zixi.home.ZixiDetailActivity",
            "com.fenbi.android.module.zixi.home.ZixiHomeActivity",
            "com.fenbi.android.module.zixi.playback.RecitePlaybackActivity",
            "com.fenbi.android.module.zixi.playback.ZixiPlaybackActivity",
            "com.fenbi.android.module.zixi.qa.LiveQaActivity",
            "com.fenbi.android.module.zixi.roomlist.DrillRoomListActivity",
            "com.fenbi.android.module.zixi.studyroom.StudyRoomActivity",
            "com.fenbi.android.module.zjinterviewcamp.ui.exercise.ZjExerciseActivity",
            "com.fenbi.android.module.zjinterviewcamp.ui.home.InterviewCampHomeActivity",
            "com.fenbi.android.module.zjinterviewcamp.ui.prepare.CampDescActivity",
            "com.fenbi.android.module.zjinterviewcamp.ui.prepare.CampGenerateActivity",
            "com.fenbi.android.module.zjinterviewcamp.ui.prepare.CampPreviewActivity",
            "com.fenbi.android.module.zjinterviewcamp.ui.sale.ZJInterviewCampPayActivity",
            "com.fenbi.android.module.zjinterviewcamp.ui.sale.ZJInterviewCampSaleCenterActivity",
            "com.fenbi.android.module.zjinterviewcamp.ui.upload.ZjAnswerUploadActivity",
            "com.fenbi.android.moment.article.activity.ArticleDetailActivity",
            "com.fenbi.android.moment.article.homepage.ColumnHomeActivity",
            "com.fenbi.android.moment.article.review.ArticleReviewActivity",
            "com.fenbi.android.moment.article.share.ShareArticleActivity",
            "com.fenbi.android.moment.article.share.ShareExamLectureActivity",
            "com.fenbi.android.moment.comment.add.AddCommentLargeModeActivity",
            "com.fenbi.android.moment.comment.add.AddCommentSmallModeActivity",
            "com.fenbi.android.moment.comment.detail.CommentDetailActivity",
            "com.fenbi.android.moment.comment.detail.NotificationCommentDetailActivity",
            "com.fenbi.android.moment.comment.list.videocomment.CommentListActivity",
            "com.fenbi.android.moment.community.camp.CampCommunityActivity",
            "com.fenbi.android.moment.home.feed.signin.SignInActivity",
            "com.fenbi.android.moment.home.zhaokao.calendar.CalendarActivity",
            "com.fenbi.android.moment.home.zhaokao.enroll.EnrollListActivity",
            "com.fenbi.android.moment.home.zhaokao.enroll.detail.EnrollDetailActivity",
            "com.fenbi.android.moment.home.zhaokao.examnotify.NotifyActivity",
            "com.fenbi.android.moment.home.zhaokao.examnotify.detaillist.ExamNotifyDetailListActivity",
            "com.fenbi.android.moment.home.zhaokao.examnotify.setting.NotifySettingActivity",
            "com.fenbi.android.moment.home.zhaokao.gonggao.related.GongGaoRelatedListActivity",
            "com.fenbi.android.moment.home.zhaokao.notify.ZhaokaoNotifyActivity",
            "com.fenbi.android.moment.home.zhaokao.position.assist.PositionAssistActivity",
            "com.fenbi.android.moment.home.zhaokao.position.assist.WhiteBookActivity",
            "com.fenbi.android.moment.home.zhaokao.position.assist.chooseposition.SelectTargetActivity",
            "com.fenbi.android.moment.home.zhaokao.position.assist.searcharea.SelectAreaActivity",
            "com.fenbi.android.moment.home.zhaokao.position.assist.searchcondition.SearchConditionActivity",
            "com.fenbi.android.moment.home.zhaokao.position.assist.searchresult.PositionAssistResultActivity",
            "com.fenbi.android.moment.home.zhaokao.position.compare.PositionCompareActivity",
            "com.fenbi.android.moment.home.zhaokao.position.detail.PositionDetailActivity",
            "com.fenbi.android.moment.home.zhaokao.position.favorite.ZhaoKaoFavoriteActivity",
            "com.fenbi.android.moment.home.zhaokao.position.match.MatchDetailActivity",
            "com.fenbi.android.moment.home.zhaokao.position.match.MatchFeedbackActivity",
            "com.fenbi.android.moment.home.zhaokao.position.match.MatchFeedbackDetailActivity",
            "com.fenbi.android.moment.home.zhaokao.position.norecommend.NoRecommendPositionActivity",
            "com.fenbi.android.moment.home.zhaokao.position.search.PositionSearchActivity",
            "com.fenbi.android.moment.home.zhaokao.region.RegionSelectActivity",
            "com.fenbi.android.moment.home.zhaokao.resume.ResumeActivity",
            "com.fenbi.android.moment.home.zhaokao.resume.certification.SearchCertificationActivity",
            "com.fenbi.android.moment.home.zhaokao.resume.certification.SelectCertificationActivity",
            "com.fenbi.android.moment.notifications.list.NotificationsActivity",
            "com.fenbi.android.moment.post.create.CreatePostActivity",
            "com.fenbi.android.moment.post.create.CreatePostQuietActivity",
            "com.fenbi.android.moment.post.create.at.AtSearchUserListActivity",
            "com.fenbi.android.moment.post.create.at.AtUserListActivity",
            "com.fenbi.android.moment.post.detail.PostDetailActivity",
            "com.fenbi.android.moment.post.draft.PostDraftActivity",
            "com.fenbi.android.moment.post.forward.ForwardPostActivity",
            "com.fenbi.android.moment.post.forward.ForwardPostDialogActivity",
            "com.fenbi.android.moment.post.homepage.UserHomeActivity",
            "com.fenbi.android.moment.post.homepage.blacklist.BlackListActivity",
            "com.fenbi.android.moment.post.homepage.fansfollow.FansFollowActivity",
            "com.fenbi.android.moment.post.homepage.fund.FundActivity",
            "com.fenbi.android.moment.post.homepage.usersetting.UserSettingActivity",
            "com.fenbi.android.moment.post.richpost.CreateRichPostActivity",
            "com.fenbi.android.moment.question.answer.AnswerQuestionActivity",
            "com.fenbi.android.moment.question.create.CreateQuestionActivity",
            "com.fenbi.android.moment.question.detail.QuestionDetailActivity",
            "com.fenbi.android.moment.question.detail.QuestionEvaluateActivity",
            "com.fenbi.android.moment.question.pay.focus.FocusPayActivity",
            "com.fenbi.android.moment.question.pay.question.QuestionPayActivity",
            "com.fenbi.android.moment.question.reject.RejectActivity",
            "com.fenbi.android.moment.question.replier.all.AllReplierListActivity",
            "com.fenbi.android.moment.question.replier.tag.TagReplierListActivity",
            "com.fenbi.android.moment.question.share.ShareQuestionActivity",
            "com.fenbi.android.moment.search.SearchActivity",
            "com.fenbi.android.moment.topic.TopicActivity",
            "com.fenbi.android.moment.topic.createpost.CreatePostForHotSearchActivity",
            "com.fenbi.android.moment.topic.examexperience.ExamExperienceActivity",
            "com.fenbi.android.moment.topic.hot.TopicHotActivity",
            "com.fenbi.android.moment.topic.rank.HotSearchRankActivity",
            "com.fenbi.android.moment.topic.select.SelectTopicActivity",
            "com.fenbi.android.one_to_one.detail.reservation.One2OneDetailActivity",
            "com.fenbi.android.one_to_one.home.One2OneHomeActivity",
            "com.fenbi.android.one_to_one.home.One2OnePayActivity",
            "com.fenbi.android.one_to_one.home.One2OneSaleCenterActivity",
            "com.fenbi.android.one_to_one.interview.One2OneInterviewsActivity",
            "com.fenbi.android.one_to_one.lecture.detail.One2OneLectureDetailActivity",
            "com.fenbi.android.one_to_one.lecture.evaluate.One2OneLectureEvaluateActivity",
            "com.fenbi.android.one_to_one.lecture.list.One2OneLectureListActivity",
            "com.fenbi.android.one_to_one.lecture.planintro.PlanIntroActivity",
            "com.fenbi.android.one_to_one.lecture.report.One2OneLectureReportActivity",
            "com.fenbi.android.one_to_one.lecture.sale.One2OneLecturePayActivity",
            "com.fenbi.android.one_to_one.lecture.sale.One2OneLectureSaleCenterActivity",
            "com.fenbi.android.one_to_one.quota.MyQuotaActivity",
            "com.fenbi.android.one_to_one.reservation.activity.SubjectChooseTimeActivity",
            "com.fenbi.android.one_to_one.reservation.activity.TeacherChooseTimeActivity",
            "com.fenbi.android.pdf.viewer.PdfViewActivity",
            "com.fenbi.android.pickimage.PickImagesActivity",
            "com.fenbi.android.pickimage.ViewImagesActivity",
            "com.fenbi.android.servant.wxapi.WXEntryActivity",
            "com.fenbi.android.servant.wxapi.WXPayEntryActivity",
            "com.fenbi.android.setting.about.AboutActivity",
            "com.fenbi.android.setting.account.AccountActivity",
            "com.fenbi.android.setting.awardlist.AwardListActivity",
            "com.fenbi.android.setting.base.permission.PermissionManageActivity",
            "com.fenbi.android.setting.base.recommend.RecommendSwitchActivity",
            "com.fenbi.android.setting.base.welcome.WelcomeAudioSettingActivity",
            "com.fenbi.android.setting.complain.ComplainActivity",
            "com.fenbi.android.setting.download.DownloadListActivity",
            "com.fenbi.android.setting.feedback.FeedbackActivity",
            "com.fenbi.android.setting.setting.SettingsActivity",
            "com.fenbi.android.setting.wallet.ScholarshipActivity",
            "com.fenbi.android.setting.wallet.WalletActivity",
            "com.fenbi.android.setting.wallet.WithdrawActivity",
            "com.fenbi.android.setting.wallet.coupon.ExchangeCouponActivity",
            "com.fenbi.android.setting.wallet.coupon.ExchangeHistoryActivity",
            "com.fenbi.android.setting.wallet.fbcoin.MyPointsActivity",
            "com.fenbi.android.shenlun.trainingcamp.exercise.CampMixExerciseActivity",
            "com.fenbi.android.shenlun.trainingcamp.exercise.ShenlunCampExerciseAct",
            "com.fenbi.android.shenlun.trainingcamp.exercise.ShenlunCampMixSolutionActivity",
            "com.fenbi.android.shenlun.trainingcamp.exercise.ShenlunCampSolutionActivity",
            "com.fenbi.android.shenlun.trainingcamp.report.ShenlunCampReportActivity",
            "com.fenbi.android.smartpen.book.detail.BookDetailActivity",
            "com.fenbi.android.smartpen.book.list.BookListActivity",
            "com.fenbi.android.smartpen.book.pickimage.CropImageActivity",
            "com.fenbi.android.smartpen.book.pickimage.PickPageActivity",
            "com.fenbi.android.smartpen.config.PenConfigActivity",
            "com.fenbi.android.smartpen.config.PenNameActivity",
            "com.fenbi.android.smartpen.exercise.EntryActivity",
            "com.fenbi.android.smartpen.exercise.SmartPenExerciseActivity",
            "com.fenbi.android.smartpen.pair.PairActivity",
            "com.fenbi.android.smartpen.upgrade.UpgradeActivity",
            "com.fenbi.android.sundries.browser.WebBrowseActivity",
            "com.fenbi.android.sundries.jpserverlist.PrimeEntranceActivity",
            "com.fenbi.android.sundries.miniapp.WechatMiniAppLauncher",
            "com.fenbi.android.sundries.miniapp.WechatSubscribeMsgLauncher",
            "com.fenbi.android.ti.errorreport.ErrorReportActivity",
            "com.fenbi.android.ti.exercise.history.ExerciseHistoryActivity",
            "com.fenbi.android.ti.keypointtree.HistoryDetailActivity",
            "com.fenbi.android.ti.learndata.UserLearnDataActivity",
            "com.fenbi.android.ti.learndata.UserStudyDataRankActivity",
            "com.fenbi.android.ti.paperlist.PapersGroupActivity",
            "com.fenbi.android.ti.paperlist.label.LabelsActivity",
            "com.fenbi.android.ti.paperlist.list.PapersActivity",
            "com.fenbi.android.ti.pdf.DownloadPdfListActivity",
            "com.fenbi.android.ti.questionlist.QuestionListActivity",
            "com.fenbi.android.ti.search.feedback.PicSearchFeedbackActivity",
            "com.fenbi.android.ti.search.home.SearchActivity",
            "com.fenbi.android.ti.search.picClip.PicSearchClipActivity",
            "com.fenbi.android.ti.search.picSearchResult.PicSearchResultActivity",
            "com.fenbi.android.ti.smartpaper.TemplatePracticeGuideActivity",
            "com.fenbi.android.ti.weeklyreport.detail.WeeklyReportActivity",
            "com.fenbi.android.ti.weeklyreport.list.MemberWeeklyReportsActivity",
            "com.fenbi.android.training_camp.buy.CampPayActivity",
            "com.fenbi.android.training_camp.buy.CampSaleCenterActivity",
            "com.fenbi.android.training_camp.challege.CampChallengeActivity",
            "com.fenbi.android.training_camp.challege.CampChallengeRankActivity",
            "com.fenbi.android.training_camp.challege.CampChallengeResultActivity",
            "com.fenbi.android.training_camp.challege.exercise.CampMathExerciseActivity",
            "com.fenbi.android.training_camp.challege.exercise.CampMathReportActivity",
            "com.fenbi.android.training_camp.checkin.CheckInActivity",
            "com.fenbi.android.training_camp.exercise.CampSubjectReportActivity",
            "com.fenbi.android.training_camp.home.TrainingCampHomeActivity",
            "com.fenbi.android.training_camp.rank.CampRankActivity",
            "com.fenbi.android.training_camp.summary.CampSummaryActivity",
            "com.fenbi.android.training_camp.summary.note.CampEditNoteActivity",
            "com.fenbi.android.training_camp.task.TasksActivity",
            "com.fenbi.android.training_camp.vocabulary.IndependentExercisesActivity",
            "com.fenbi.android.training_camp.web.CampCapacityWebActivity",
            "com.fenbi.android.uni.EntryActivity",
            "com.fenbi.android.zixi.bszx.room.BszxRoomActivity",
            "com.fenbi.downloader.singlefile.SingleFileRouter",
            "com.huawei.hms.activity.BridgeActivity",
            "com.huawei.hms.activity.EnableServiceActivity",
            "com.huawei.hms.hmsscankit.ScanKitActivity",
            "com.huawei.hms.support.api.push.TransActivity",
            "com.mobile.auth.gatewayauth.LoginAuthActivity",
            "com.mobile.auth.gatewayauth.activity.AuthWebVeiwActivity",
            "com.sina.weibo.sdk.share.ShareTransActivity",
            "com.sina.weibo.sdk.web.WebActivity",
            "com.tencent.bugly.beta.ui.BetaActivity",
            "com.tencent.connect.common.AssistActivity",
            "com.tencent.qcloud.logutils.LogActivity",
            "com.tencent.qcloud.tuicore.component.activities.ImageSelectActivity",
            "com.tencent.qcloud.tuicore.component.activities.SelectionActivity",
            "com.tencent.qcloud.tuicore.util.PermissionRequester$PermissionActivity",
            "com.tencent.qcloud.tuikit.tuicallkit.base.BaseCallActivity",
            "com.tencent.rtmp.video.TXScreenCapture$TXScreenCaptureAssistantActivity",
            "com.tencent.tauth.AuthActivity",
            "com.tencent.tinker.loader.hotplug.ActivityStubs$SGTKStub_00",
            "com.tencent.tinker.loader.hotplug.ActivityStubs$SGTKStub_00_T",
            "com.tencent.tinker.loader.hotplug.ActivityStubs$SGTKStub_01",
            "com.tencent.tinker.loader.hotplug.ActivityStubs$SGTKStub_01_T",
            "com.tencent.tinker.loader.hotplug.ActivityStubs$SGTKStub_02",
            "com.tencent.tinker.loader.hotplug.ActivityStubs$SGTKStub_02_T",
            "com.tencent.tinker.loader.hotplug.ActivityStubs$SGTKStub_03",
            "com.tencent.tinker.loader.hotplug.ActivityStubs$SGTKStub_04",
            "com.tencent.tinker.loader.hotplug.ActivityStubs$SGTKStub_05",
            "com.tencent.tinker.loader.hotplug.ActivityStubs$SGTKStub_06",
            "com.tencent.tinker.loader.hotplug.ActivityStubs$SGTKStub_07",
            "com.tencent.tinker.loader.hotplug.ActivityStubs$SGTKStub_08",
            "com.tencent.tinker.loader.hotplug.ActivityStubs$SGTKStub_09",
            "com.tencent.tinker.loader.hotplug.ActivityStubs$SGTStub_00",
            "com.tencent.tinker.loader.hotplug.ActivityStubs$SGTStub_00_T",
            "com.tencent.tinker.loader.hotplug.ActivityStubs$SGTStub_01",
            "com.tencent.tinker.loader.hotplug.ActivityStubs$SGTStub_01_T",
            "com.tencent.tinker.loader.hotplug.ActivityStubs$SGTStub_02",
            "com.tencent.tinker.loader.hotplug.ActivityStubs$SGTStub_02_T",
            "com.tencent.tinker.loader.hotplug.ActivityStubs$SGTStub_03",
            "com.tencent.tinker.loader.hotplug.ActivityStubs$SGTStub_04",
            "com.tencent.tinker.loader.hotplug.ActivityStubs$SGTStub_05",
            "com.tencent.tinker.loader.hotplug.ActivityStubs$SGTStub_06",
            "com.tencent.tinker.loader.hotplug.ActivityStubs$SGTStub_07",
            "com.tencent.tinker.loader.hotplug.ActivityStubs$SGTStub_08",
            "com.tencent.tinker.loader.hotplug.ActivityStubs$SGTStub_09",
            "com.tencent.tinker.loader.hotplug.ActivityStubs$SIStub_00",
            "com.tencent.tinker.loader.hotplug.ActivityStubs$SIStub_00_T",
            "com.tencent.tinker.loader.hotplug.ActivityStubs$SIStub_01",
            "com.tencent.tinker.loader.hotplug.ActivityStubs$SIStub_01_T",
            "com.tencent.tinker.loader.hotplug.ActivityStubs$SIStub_02",
            "com.tencent.tinker.loader.hotplug.ActivityStubs$SIStub_02_T",
            "com.tencent.tinker.loader.hotplug.ActivityStubs$SIStub_03",
            "com.tencent.tinker.loader.hotplug.ActivityStubs$SIStub_04",
            "com.tencent.tinker.loader.hotplug.ActivityStubs$SIStub_05",
            "com.tencent.tinker.loader.hotplug.ActivityStubs$SIStub_06",
            "com.tencent.tinker.loader.hotplug.ActivityStubs$SIStub_07",
            "com.tencent.tinker.loader.hotplug.ActivityStubs$SIStub_08",
            "com.tencent.tinker.loader.hotplug.ActivityStubs$SIStub_09",
            "com.tencent.tinker.loader.hotplug.ActivityStubs$STDStub_00",
            "com.tencent.tinker.loader.hotplug.ActivityStubs$STDStub_00_T",
            "com.tencent.tinker.loader.hotplug.ActivityStubs$STDStub_01",
            "com.tencent.tinker.loader.hotplug.ActivityStubs$STDStub_01_T",
            "com.tencent.tinker.loader.hotplug.ActivityStubs$STDStub_02",
            "com.tencent.tinker.loader.hotplug.ActivityStubs$STDStub_02_T",
            "com.tencent.tinker.loader.hotplug.ActivityStubs$STDStub_03",
            "com.tencent.tinker.loader.hotplug.ActivityStubs$STDStub_04",
            "com.tencent.tinker.loader.hotplug.ActivityStubs$STDStub_05",
            "com.tencent.tinker.loader.hotplug.ActivityStubs$STDStub_06",
            "com.tencent.tinker.loader.hotplug.ActivityStubs$STDStub_07",
            "com.tencent.tinker.loader.hotplug.ActivityStubs$STDStub_08",
            "com.tencent.tinker.loader.hotplug.ActivityStubs$STDStub_09",
            "com.xiaomi.mipush.sdk.NotificationClickedActivity"
        ],
        "services": [
            "androidx.camera.core.impl.MetadataHolderService",
            "androidx.room.MultiInstanceInvalidationService",
            "com.bbb.bpen.service.BluetoothLEService",
            "com.blankj.utilcode.util.MessengerUtils$ServerService",
            "com.fenbi.android.business.ke.downloader.DownloadService",
            "com.fenbi.android.business.moment.auido.AudioPlayService",
            "com.fenbi.android.business.push.plats.huawei.HuaweiMessageReceiver",
            "com.fenbi.android.business.upgrade.hotfix.SampleResultService",
            "com.fenbi.android.dlna.DLNABrowserService",
            "com.fenbi.android.smartpen.upgrade.DfuService",
            "com.heytap.msp.push.service.CompatibleDataMessageCallbackService",
            "com.heytap.msp.push.service.DataMessageCallbackService",
            "com.huawei.agconnect.core.ServiceDiscovery",
            "com.huawei.hms.support.api.push.service.HmsMsgService",
            "com.tencent.qcloud.tuikit.tuicallkit.service.TUICallService",
            "com.tencent.qcloud.tuikit.tuicallkit.view.floatwindow.FloatWindowService",
            "com.tencent.tinker.lib.service.DefaultTinkerResultService",
            "com.tencent.tinker.lib.service.TinkerPatchForeService",
            "com.tencent.tinker.lib.service.TinkerPatchService",
            "com.tencent.tinker.lib.service.TinkerPatchService$InnerService",
            "com.vivo.push.sdk.service.CommandClientService",
            "com.xiaomi.mipush.sdk.MessageHandleService",
            "com.xiaomi.mipush.sdk.PushMessageHandler",
            "com.xiaomi.push.service.XMJobService",
            "com.xiaomi.push.service.XMPushService"
        ],
        "receivers": [
            "com.fenbi.android.business.push.plats.vivo.VivoMessageReceiver",
            "com.fenbi.android.business.push.plats.xiaomi.XiaomiMessageReceiver",
            "com.huawei.hms.support.api.push.PushMsgReceiver",
            "com.huawei.hms.support.api.push.PushReceiver",
            "com.xiaomi.push.service.receivers.PingReceiver"
        ],
        "permission_details": {
            "android.permission.ACCESS_COARSE_LOCATION": "dangerous",
            "android.permission.ACCESS_FINE_LOCATION": "dangerous",
            "android.permission.ACCESS_NETWORK_STATE": "normal",
            "android.permission.ACCESS_WIFI_STATE": "normal",
            "android.permission.BLUETOOTH": "normal",
            "android.permission.BLUETOOTH_ADMIN": "normal",
            "android.permission.CAMERA": "dangerous",
            "android.permission.CHANGE_NETWORK_STATE": "normal",
            "android.permission.CHANGE_WIFI_MULTICAST_STATE": "normal",
            "android.permission.CHANGE_WIFI_STATE": "normal",
            "android.permission.FLASHLIGHT": "unknown",
            "android.permission.FOREGROUND_SERVICE": "normal",
            "android.permission.INTERNET": "normal",
            "android.permission.MODIFY_AUDIO_SETTINGS": "normal",
            "android.permission.POST_NOTIFICATIONS": "dangerous",
            "android.permission.READ_CALENDAR": "dangerous",
            "android.permission.READ_EXTERNAL_STORAGE": "dangerous",
            "android.permission.READ_LOGS": "unlaballed",
            "android.permission.RECORD_AUDIO": "dangerous",
            "android.permission.SYSTEM_ALERT_WINDOW": "signature",
            "android.permission.VIBRATE": "normal",
            "android.permission.WAKE_LOCK": "normal",
            "android.permission.WRITE_CALENDAR": "dangerous",
            "android.permission.WRITE_EXTERNAL_STORAGE": "dangerous",
            "com.android.alarm.permission.SET_ALARM": "normal",
            "com.asus.msa.SupplementaryDID.ACCESS": "unknown",
            "com.fenbi.android.servant.DYNAMIC_RECEIVER_NOT_EXPORTED_PERMISSION": "unknown",
            "com.fenbi.android.servant.permission.MIPUSH_RECEIVE": "unknown",
            "com.fenbi.android.servant.permission.PROCESS_PUSH_MSG": "unknown",
            "com.fenbi.android.servant.permission.PUSH_PROVIDER": "unknown",
            "com.huawei.appmarket.SEND_THIRD_COMMON_MSG": "unknown",
            "freemme.permission.msa": "unknown",
            "freemme.permission.msa.SECURITY_ACCESS": "unknown"
        },
        "risk_counts": {
            "dangerous": 9,
            "normal": 13,
            "unknown": 9,
            "unlaballed": 1,
            "signature": 1
        }
    },
    "stats": {
        "dex_count": 1,
        "native_lib_count": 25
    },
    "jadx": {
        "status": "ok",
        "duration_sec": 4.53,
        "sources_present": true,
        "java_file_count": 34
    },
    "ast_analysis": {
        "location": 0,
        "microphone": 0,
        "camera": 3,
        "media_projection": 0,
        "dynamic_load": 0,
        "jni": 5
    },
    "analysis_state": "complete"
}