{
    "apk_name": "641DE7A134DFBCAFE4436D945D5DDA6D186B29D8C44997B61A88F030347B5B4C",
    "sha256": "641de7a134dfbcafe4436d945d5dda6d186b29d8c44997b61a88f030347b5b4c",
    "metadata": {
        "package_name": "com.atakmap.android.atakgo.dji",
        "version_code": "188",
        "version_name": "4.18.0.188-playstore-8c9300b",
        "min_sdk": "23",
        "target_sdk": "34",
        "permissions": [
            "android.permission.ACCESS_COARSE_LOCATION",
            "android.permission.ACCESS_FINE_LOCATION",
            "android.permission.ACCESS_NETWORK_STATE",
            "android.permission.ACCESS_WIFI_STATE",
            "android.permission.BLUETOOTH",
            "android.permission.BLUETOOTH_ADMIN",
            "android.permission.CHANGE_NETWORK_STATE",
            "android.permission.CHANGE_WIFI_STATE",
            "android.permission.GET_TASKS",
            "android.permission.INTERNET",
            "android.permission.KILL_BACKGROUND_PROCESSES",
            "android.permission.READ_EXTERNAL_STORAGE",
            "android.permission.READ_PHONE_STATE",
            "android.permission.RECORD_AUDIO",
            "android.permission.SYSTEM_ALERT_WINDOW",
            "android.permission.VIBRATE",
            "android.permission.WAKE_LOCK",
            "android.permission.WRITE_EXTERNAL_STORAGE"
        ],
        "activities": [
            "com.atakmap.android.atakgo.activity.AoaConnectActivity",
            "com.atakmap.android.atakgo.main.AtakGoActivator",
            "com.atakmap.app.component"
        ],
        "services": [
            "com.atakmap.android.atakgo.main.DjiIntentService",
            "dji.sdk.sdkmanager.DJIGlobalService",
            "org.acra.sender.JobSenderService",
            "org.acra.sender.LegacySenderService"
        ],
        "receivers": [
            "dji.logic.receiver.DJIPilotStartupReceiver"
        ],
        "permission_details": {
            "android.permission.ACCESS_COARSE_LOCATION": "dangerous",
            "android.permission.ACCESS_FINE_LOCATION": "dangerous",
            "android.permission.ACCESS_NETWORK_STATE": "normal",
            "android.permission.ACCESS_WIFI_STATE": "normal",
            "android.permission.BLUETOOTH": "normal",
            "android.permission.BLUETOOTH_ADMIN": "normal",
            "android.permission.CHANGE_NETWORK_STATE": "normal",
            "android.permission.CHANGE_WIFI_STATE": "normal",
            "android.permission.GET_TASKS": "unlaballed",
            "android.permission.INTERNET": "normal",
            "android.permission.KILL_BACKGROUND_PROCESSES": "normal",
            "android.permission.READ_EXTERNAL_STORAGE": "dangerous",
            "android.permission.READ_PHONE_STATE": "dangerous",
            "android.permission.RECORD_AUDIO": "dangerous",
            "android.permission.SYSTEM_ALERT_WINDOW": "signature",
            "android.permission.VIBRATE": "normal",
            "android.permission.WAKE_LOCK": "normal",
            "android.permission.WRITE_EXTERNAL_STORAGE": "dangerous"
        },
        "risk_counts": {
            "dangerous": 6,
            "normal": 10,
            "unlaballed": 1,
            "signature": 1
        }
    },
    "stats": {
        "dex_count": 2,
        "native_lib_count": 0
    },
    "jadx": {
        "status": "ok",
        "duration_sec": 44.21,
        "sources_present": true,
        "java_file_count": 5166
    },
    "ast_analysis": {
        "location": 0,
        "microphone": 0,
        "camera": 14,
        "media_projection": 0,
        "dynamic_load": 0,
        "jni": 8
    },
    "analysis_state": "complete",
    "behavioral_structural_data": {
        "api_inventory": {
            "camera": 0,
            "microphone": 0,
            "location": 0,
            "torch": 0,
            "telephony_ops": 0,
            "system_commands": 3,
            "webview_interop": 0,
            "content_access": 9,
            "audio_control": 0,
            "vibration": 0,
            "network_io": 0,
            "scheduling_apis": 14,
            "dynamic_code": 125
        },
        "execution_context": {
            "in_service": 0,
            "in_receiver": 0,
            "in_activity": 0,
            "in_provider": 0,
            "unknown": 151
        },
        "scheduling_mechanisms": {
            "alarm_manager": 4,
            "handler_loop": 9,
            "job_scheduler": 1
        },
        "trigger_types": {
            "auto_triggered": 0,
            "user_triggered": 2
        },
        "dynamic_features": {
            "jni_usage": 7,
            "dynamic_loading": 0,
            "reflection": 118
        }
    }
}