{
    "apk_name": "83989E524770A3D7085470D3D9C04F0EFFD00CA0772F60D6F67ACB78EE9DCFA3",
    "sha256": "83989e524770a3d7085470d3d9c04f0effd00ca0772f60d6f67acb78ee9dcfa3",
    "metadata": {
        "package_name": "com.appazur.gpsabers",
        "version_code": "4637",
        "version_name": "5.4.3",
        "min_sdk": "21",
        "target_sdk": "31",
        "permissions": [
            "android.permission.ACCESS_NETWORK_STATE",
            "android.permission.ACCESS_WIFI_STATE",
            "android.permission.CAMERA",
            "android.permission.GET_ACCOUNTS",
            "android.permission.INTERNET",
            "android.permission.POST_NOTIFICATIONS",
            "android.permission.READ_APP_BADGE",
            "android.permission.READ_CALENDAR",
            "android.permission.WAKE_LOCK",
            "android.permission.WRITE_CALENDAR",
            "com.anddoes.launcher.permission.UPDATE_COUNT",
            "com.appazur.gpsabers.permission.C2D_MESSAGE",
            "com.google.android.c2dm.permission.RECEIVE",
            "com.htc.launcher.permission.READ_SETTINGS",
            "com.htc.launcher.permission.UPDATE_SHORTCUT",
            "com.huawei.android.launcher.permission.CHANGE_BADGE",
            "com.huawei.android.launcher.permission.READ_SETTINGS",
            "com.huawei.android.launcher.permission.WRITE_SETTINGS",
            "com.majeur.launcher.permission.UPDATE_BADGE",
            "com.oppo.launcher.permission.READ_SETTINGS",
            "com.oppo.launcher.permission.WRITE_SETTINGS",
            "com.sec.android.provider.badge.permission.READ",
            "com.sec.android.provider.badge.permission.WRITE",
            "com.sonyericsson.home.permission.BROADCAST_BADGE",
            "com.sonymobile.home.permission.PROVIDER_INSERT_BADGE",
            "me.everything.badger.permission.BADGE_COUNT_READ",
            "me.everything.badger.permission.BADGE_COUNT_WRITE"
        ],
        "activities": [
            "com.google.android.gms.auth.api.signin.internal.SignInHubActivity",
            "com.google.android.gms.common.api.GoogleApiActivity",
            "crc64587a4c476f9db023.MainActivity",
            "crc64587a4c476f9db023.MsalActivity",
            "crc6480997b3ef81bf9b2.ZxingActivity",
            "crc64a0e0a82d0db9a07d.IntermediateActivity",
            "crc64ed1888fb4925e3b7.AuthenticationAgentActivity",
            "microsoft.identity.client.AuthenticationActivity"
        ],
        "services": [
            "com.appazur.MyFirebaseMessagingService",
            "com.google.android.datatransport.runtime.backends.TransportBackendDiscovery",
            "com.google.android.datatransport.runtime.scheduling.jobscheduling.JobInfoSchedulerService",
            "com.google.android.gms.auth.api.signin.RevocationBoundService",
            "com.google.firebase.components.ComponentDiscoveryService",
            "com.google.firebase.messaging.FirebaseMessagingService"
        ],
        "receivers": [
            "com.google.android.datatransport.runtime.scheduling.jobscheduling.AlarmManagerSchedulerBroadcastReceiver",
            "com.google.firebase.iid.FirebaseInstanceIdReceiver",
            "crc643f46942d9dd1fff9.PowerSaveModeBroadcastReceiver",
            "crc64cea48322b3427ae9.ConnectivityChangeBroadcastReceiver"
        ],
        "permission_details": {
            "android.permission.ACCESS_NETWORK_STATE": "normal",
            "android.permission.ACCESS_WIFI_STATE": "normal",
            "android.permission.CAMERA": "dangerous",
            "android.permission.GET_ACCOUNTS": "dangerous",
            "android.permission.INTERNET": "normal",
            "android.permission.POST_NOTIFICATIONS": "dangerous",
            "android.permission.READ_APP_BADGE": "unknown",
            "android.permission.READ_CALENDAR": "dangerous",
            "android.permission.WAKE_LOCK": "normal",
            "android.permission.WRITE_CALENDAR": "dangerous",
            "com.anddoes.launcher.permission.UPDATE_COUNT": "unknown",
            "com.appazur.gpsabers.permission.C2D_MESSAGE": "unknown",
            "com.google.android.c2dm.permission.RECEIVE": "unknown",
            "com.htc.launcher.permission.READ_SETTINGS": "unknown",
            "com.htc.launcher.permission.UPDATE_SHORTCUT": "unknown",
            "com.huawei.android.launcher.permission.CHANGE_BADGE": "unknown",
            "com.huawei.android.launcher.permission.READ_SETTINGS": "unknown",
            "com.huawei.android.launcher.permission.WRITE_SETTINGS": "signature",
            "com.majeur.launcher.permission.UPDATE_BADGE": "unknown",
            "com.oppo.launcher.permission.READ_SETTINGS": "unknown",
            "com.oppo.launcher.permission.WRITE_SETTINGS": "signature",
            "com.sec.android.provider.badge.permission.READ": "unknown",
            "com.sec.android.provider.badge.permission.WRITE": "unknown",
            "com.sonyericsson.home.permission.BROADCAST_BADGE": "unknown",
            "com.sonymobile.home.permission.PROVIDER_INSERT_BADGE": "unknown",
            "me.everything.badger.permission.BADGE_COUNT_READ": "unknown",
            "me.everything.badger.permission.BADGE_COUNT_WRITE": "unknown"
        },
        "risk_counts": {
            "normal": 4,
            "dangerous": 5,
            "unknown": 16,
            "signature": 2
        }
    },
    "stats": {
        "dex_count": 2,
        "native_lib_count": 14
    },
    "jadx": {
        "status": "ok",
        "duration_sec": 26.63,
        "sources_present": true,
        "java_file_count": 4835
    },
    "ast_analysis": {
        "location": 9,
        "microphone": 0,
        "camera": 3,
        "media_projection": 0,
        "dynamic_load": 0,
        "jni": 6
    },
    "analysis_state": "complete"
}