{
    "java_files": [
        "com/jzjy/ykt/R.java",
        "com/qihoo/util/Configuration.java",
        "com/qihoo/util/a.java",
        "com/qihoo/util/DtcLoader.java",
        "com/stub/StubApp.java",
        "kotlin/coroutines/jvm/internal/DebugProbesKt.java"
    ],
    "ast_hits_by_file": {
        "location": [],
        "microphone": [],
        "camera": [
            "com/qihoo/util/a.java",
            "com/qihoo/util/a.java"
        ],
        "media_projection": [],
        "dynamic_load": [],
        "jni": [
            "com/qihoo/util/DtcLoader.java"
        ]
    },
    "native_libs": [
        "assets/libjiagu.so",
        "assets/libjiagu_a64.so",
        "assets/libjiagu_x64.so",
        "assets/libjiagu_x86.so",
        "lib/arm64-v8a/libagora-fdkaac.so",
        "lib/arm64-v8a/libagora-ffmpeg.so",
        "lib/arm64-v8a/libagora-rtc-sdk.so",
        "lib/arm64-v8a/libagora-soundtouch.so",
        "lib/arm64-v8a/libagora_ai_noise_suppression_extension.so",
        "lib/arm64-v8a/libagora_audio_beauty_extension.so",
        "lib/arm64-v8a/libagora_clear_vision_extension.so",
        "lib/arm64-v8a/libagora_content_inspect_extension.so",
        "lib/arm64-v8a/libagora_dav1d.so",
        "lib/arm64-v8a/libagora_pvc_extension.so",
        "lib/arm64-v8a/libagora_screen_capture_extension.so",
        "lib/arm64-v8a/libagora_segmentation_extension.so",
        "lib/arm64-v8a/libagora_spatial_audio_extension.so",
        "lib/arm64-v8a/libagora_super_resolution_extension.so",
        "lib/arm64-v8a/libalicomphonenumberauthsdk_core.so",
        "lib/arm64-v8a/libcrashsdk.so",
        "lib/arm64-v8a/libijkffmpeg.so",
        "lib/arm64-v8a/libijkplayer.so",
        "lib/arm64-v8a/libijksdl.so",
        "lib/arm64-v8a/libmp3lame.so",
        "lib/arm64-v8a/libpns-2.12.10-NologOnlineStandardRelease_alijtca_plus.so",
        "lib/arm64-v8a/libscannative.so",
        "lib/arm64-v8a/libsophix.so",
        "lib/arm64-v8a/libtnet-3.1.14.so",
        "lib/arm64-v8a/libtracepath.so",
        "lib/arm64-v8a/libumeng-spy.so",
        "lib/armeabi-v7a/libagora-fdkaac.so",
        "lib/armeabi-v7a/libagora-ffmpeg.so",
        "lib/armeabi-v7a/libagora-rtc-sdk.so",
        "lib/armeabi-v7a/libagora-soundtouch.so",
        "lib/armeabi-v7a/libagora_ai_noise_suppression_extension.so",
        "lib/armeabi-v7a/libagora_audio_beauty_extension.so",
        "lib/armeabi-v7a/libagora_clear_vision_extension.so",
        "lib/armeabi-v7a/libagora_content_inspect_extension.so",
        "lib/armeabi-v7a/libagora_dav1d.so",
        "lib/armeabi-v7a/libagora_pvc_extension.so",
        "lib/armeabi-v7a/libagora_screen_capture_extension.so",
        "lib/armeabi-v7a/libagora_segmentation_extension.so",
        "lib/armeabi-v7a/libagora_spatial_audio_extension.so",
        "lib/armeabi-v7a/libagora_super_resolution_extension.so",
        "lib/armeabi-v7a/libalicomphonenumberauthsdk_core.so",
        "lib/armeabi-v7a/libcrashsdk.so",
        "lib/armeabi-v7a/libijkffmpeg.so",
        "lib/armeabi-v7a/libijkplayer.so",
        "lib/armeabi-v7a/libijksdl.so",
        "lib/armeabi-v7a/libmp3lame.so",
        "lib/armeabi-v7a/libpns-2.12.10-NologOnlineStandardRelease_alijtca_plus.so",
        "lib/armeabi-v7a/libscannative.so",
        "lib/armeabi-v7a/libsophix.so",
        "lib/armeabi-v7a/libtnet-3.1.14.so",
        "lib/armeabi-v7a/libtracepath.so",
        "lib/armeabi-v7a/libumeng-spy.so"
    ],
    "dex_files_count": 1,
    "exported_components": {
        "activities": [
            "com.alipay.sdk.app.APayEntranceActivity",
            "com.alipay.sdk.app.AlipayResultActivity",
            "com.alipay.sdk.app.H5AuthActivity",
            "com.alipay.sdk.app.H5OpenAuthActivity",
            "com.alipay.sdk.app.H5PayActivity",
            "com.alipay.sdk.app.PayResultActivity",
            "com.huawei.hms.activity.BridgeActivity",
            "com.huawei.hms.activity.EnableServiceActivity",
            "com.huawei.hms.hmsscankit.ScanKitActivity",
            "com.huawei.hms.support.api.push.TransActivity",
            "com.jzjy.find.ui.FindPlayerActivity",
            "com.jzjy.fixing.ui.FixingActivity",
            "com.jzjy.fixing.ui.StartSafeModeActivity",
            "com.jzjy.ykt.login.ui.collect.CollectUserInfoActivity",
            "com.jzjy.ykt.login.ui.jumpWeiChat.JumpWeiChatActivity",
            "com.jzjy.ykt.login.ui.login.LoginActivity",
            "com.jzjy.ykt.login.ui.passwordforget.PasswordForgetActivity",
            "com.jzjy.ykt.login.ui.setpwd.SetPwdActivity",
            "com.jzjy.ykt.main.ui.main.MainActivity",
            "com.jzjy.ykt.main.ui.startup.StartUpActivity",
            "com.jzjy.ykt.message.ui.NotificationManagerActivity",
            "com.jzjy.ykt.message.ui.NotificationMessageActivity",
            "com.jzjy.ykt.shop.ui.coupon.CouponHistoryListActivity",
            "com.jzjy.ykt.shop.ui.coupon.CouponListActivity",
            "com.jzjy.ykt.shop.ui.withdraw.WithdrawActivity",
            "com.jzjy.ykt.shop.ui.withdraw.WithdrawResultActivity",
            "com.jzjy.ykt.study.ui.aicourse.AiChapterDetailyActivity",
            "com.jzjy.ykt.study.ui.aicourse.AiCourseDetailActivity",
            "com.jzjy.ykt.study.ui.aicourse.AiCourseDownloadActivity",
            "com.jzjy.ykt.study.ui.aicourse.AiLessonDownloadedActivity",
            "com.jzjy.ykt.study.ui.calendar.CalendarActivity",
            "com.jzjy.ykt.study.ui.course.CourseDetailActivity",
            "com.jzjy.ykt.study.ui.curriculum.CurriculumActivity",
            "com.jzjy.ykt.study.ui.doc.DocActivity",
            "com.jzjy.ykt.study.ui.doc.PicPreviewActivity",
            "com.jzjy.ykt.study.ui.evaluation.EvaluationActivity",
            "com.jzjy.ykt.study.ui.evaluation.LessonEvaluationActivity",
            "com.jzjy.ykt.study.ui.homework.HomeworkListActivity",
            "com.jzjy.ykt.study.ui.leave.LeaveActivity",
            "com.jzjy.ykt.study.ui.leave.lesson.LeaveLessonActivity",
            "com.jzjy.ykt.study.ui.lesson.LessonDetailActivity",
            "com.jzjy.ykt.study.ui.lessondownload.downloaded.LessonDownloadedActivity",
            "com.jzjy.ykt.study.ui.lessondownload.downloading.LessonDownloadingActivity",
            "com.jzjy.ykt.study.ui.lessondownload.list.LessonDownloadActivity",
            "com.jzjy.ykt.study.ui.lessondownload.manager.LessonDownloadManagerActivity",
            "com.jzjy.ykt.study.ui.mark.CourseMarkActivity",
            "com.jzjy.ykt.study.ui.material.LessonMaterialActivity",
            "com.jzjy.ykt.study.ui.material.MaterialListActivity",
            "com.jzjy.ykt.study.ui.materialdownload.LessonMaterialDownloadedActivity",
            "com.jzjy.ykt.study.ui.mp3.Mp3PlayerActivity",
            "com.jzjy.ykt.study.ui.packagecourse.PackageCourseDetailActivity",
            "com.jzjy.ykt.study.ui.packagecourse.PackageCouseDownloadActivity",
            "com.jzjy.ykt.study.ui.report.LessonReportActivity",
            "com.jzjy.ykt.study.ui.report.ReportListActivity",
            "com.jzjy.ykt.user.ui.assist.AssistTeacherActivity",
            "com.jzjy.ykt.user.ui.feedback.FeedbackActivity",
            "com.jzjy.ykt.user.ui.mine.ScanQRCodeActivity",
            "com.jzjy.ykt.user.ui.personal.ClipHeaderActivity",
            "com.jzjy.ykt.user.ui.personal.NameModifyActivity",
            "com.jzjy.ykt.user.ui.personal.NickNameModifyActivity",
            "com.jzjy.ykt.user.ui.personal.PersonalAvatarActivity",
            "com.jzjy.ykt.user.ui.personal.PersonalInfoEditActivity",
            "com.jzjy.ykt.user.ui.personal.SchoolModifyActivity",
            "com.jzjy.ykt.user.ui.setting.AboutActivity",
            "com.jzjy.ykt.user.ui.setting.AccountSafeActivity",
            "com.jzjy.ykt.user.ui.setting.AppInfoActivity",
            "com.jzjy.ykt.user.ui.setting.NetworkTestActivity",
            "com.jzjy.ykt.user.ui.setting.PasswordModifyActivity",
            "com.jzjy.ykt.user.ui.setting.PasswordResetActivity",
            "com.jzjy.ykt.user.ui.setting.PhoneModifyActivity",
            "com.jzjy.ykt.user.ui.setting.SetPasswordActivity",
            "com.jzjy.ykt.user.ui.setting.SettingActivity",
            "com.jzjy.ykt.user.ui.setting.cancellation.UserCancellationActivity",
            "com.jzjy.ykt.web.WebViewActivity",
            "com.jzjy.ykt.web.player.WebPlayerActivity",
            "com.jzjy.ykt.wxapi.WXEntryActivity",
            "com.jzjy.ykt.yan.live.ui.live.YanLiveActivity",
            "com.jzjy.ykt.yan.live.ui.pb.YanPlayBackWebActivity",
            "com.jzjy.ykt.yan.pb.ui.YanPlaybackActivity",
            "com.mobile.auth.gatewayauth.LoginAuthActivity",
            "com.mobile.auth.gatewayauth.PrivacyDialogActivity",
            "com.mobile.auth.gatewayauth.activity.AuthWebVeiwActivity",
            "com.tencent.connect.common.AssistActivity",
            "com.tencent.tauth.AuthActivity",
            "com.umeng.message.component.UmengNotificationClickActivity",
            "com.umeng.message.notify.UPushMessageNotifyActivity",
            "com.xiaomi.mipush.sdk.NotificationClickedActivity",
            "com.ykt.ai.components.AiComponentsPlayerActivity",
            "com.ykt.ai.components.QuestionDetailyActivity",
            "com.ykt.ai.components.ask.AskActivity",
            "com.ykt.ai.video.AiCoursePlayActivity",
            "com.ykt.ai.video.VideoPlayerActivity"
        ],
        "services": [
            "androidx.room.MultiInstanceInvalidationService",
            "com.huawei.agconnect.core.ServiceDiscovery",
            "com.huawei.hms.support.api.push.service.HmsMsgService",
            "com.jzjy.ykt.study.ui.lessondownload.CustomDownloadService",
            "com.taobao.accs.ChannelService",
            "com.taobao.accs.ChannelService$KernelService",
            "com.taobao.accs.data.MsgDistributeService",
            "com.taobao.sophix.aidl.DownloadService",
            "com.tencent.smtt.export.external.DexClassLoaderProviderService",
            "com.umeng.message.component.UmengIntentService",
            "com.umeng.message.component.UmengMessageHandlerService",
            "com.umeng.message.component.UmengMessageReceiverService",
            "com.xiaomi.mipush.sdk.MessageHandleService",
            "com.xiaomi.mipush.sdk.PushMessageHandler",
            "com.xiaomi.push.service.XMJobService",
            "com.xiaomi.push.service.XMPushService",
            "org.android.agoo.accs.AgooService",
            "org.android.agoo.huawei.HuaweiRcvService"
        ],
        "receivers": [
            "com.huawei.hms.support.api.push.PushMsgReceiver",
            "com.huawei.hms.support.api.push.PushReceiver",
            "com.taobao.accs.ServiceReceiver",
            "com.umeng.message.component.UmengNotificationReceiver",
            "com.xiaomi.push.service.receivers.PingReceiver",
            "org.android.agoo.xiaomi.MiPushBroadcastReceiver"
        ]
    }
}