{
    "apk_name": "3152A161D42BEA69A178AEDAA8ECB5DDAAC02380A559593FE45AF792BB3522DA",
    "sha256": "3152a161d42bea69a178aedaa8ecb5ddaac02380a559593fe45af792bb3522da",
    "metadata": {
        "package_name": "com.atakmap.android.vns.plugin",
        "version_code": "1758725449",
        "version_name": "3.12 (5962d21d) - [5.4.0]",
        "min_sdk": "23",
        "target_sdk": "35",
        "permissions": [
            "android.permission.ACCESS_NETWORK_STATE",
            "android.permission.INTERNET",
            "android.permission.WRITE_EXTERNAL_STORAGE"
        ],
        "activities": [
            "com.atakmap.app.component"
        ],
        "services": [],
        "receivers": [
            "androidx.profileinstaller.ProfileInstallReceiver"
        ],
        "permission_details": {
            "android.permission.ACCESS_NETWORK_STATE": "normal",
            "android.permission.INTERNET": "normal",
            "android.permission.WRITE_EXTERNAL_STORAGE": "dangerous"
        },
        "risk_counts": {
            "normal": 2,
            "dangerous": 1
        }
    },
    "stats": {
        "dex_count": 1,
        "native_lib_count": 0
    },
    "jadx": {
        "status": "ok",
        "duration_sec": 50.72,
        "sources_present": true,
        "java_file_count": 4738
    },
    "ast_analysis": {
        "location": 0,
        "microphone": 0,
        "camera": 2,
        "media_projection": 0,
        "dynamic_load": 0,
        "jni": 0
    },
    "analysis_state": "complete",
    "behavioral_structural_data": {
        "api_inventory": {
            "camera": 0,
            "microphone": 0,
            "location": 0,
            "torch": 0,
            "telephony_ops": 0,
            "system_commands": 1,
            "webview_interop": 0,
            "content_access": 0,
            "audio_control": 0,
            "vibration": 0,
            "network_io": 5,
            "scheduling_apis": 3,
            "dynamic_code": 72
        },
        "execution_context": {
            "in_service": 0,
            "in_receiver": 0,
            "in_activity": 0,
            "in_provider": 0,
            "unknown": 81
        },
        "scheduling_mechanisms": {
            "alarm_manager": 0,
            "handler_loop": 3,
            "job_scheduler": 0
        },
        "trigger_types": {
            "auto_triggered": 0,
            "user_triggered": 0
        },
        "dynamic_features": {
            "jni_usage": 0,
            "dynamic_loading": 0,
            "reflection": 72
        }
    }
}