{
    "apk_name": "20110E2BF1A8F2A1E158E47A3BCF5A5AC77955CC5B8607D6C4C61A2645109161",
    "sha256": "20110e2bf1a8f2a1e158e47a3bcf5a5ac77955cc5b8607d6c4c61a2645109161",
    "metadata": {
        "package_name": "com.mbc.anb.keystore",
        "version_code": "110",
        "version_name": "32.5",
        "min_sdk": "23",
        "target_sdk": "30",
        "permissions": [
            "android.permission.ACCESS_COARSE_LOCATION",
            "android.permission.ACCESS_FINE_LOCATION",
            "android.permission.ACCESS_NETWORK_STATE",
            "android.permission.CAMERA",
            "android.permission.FOREGROUND_SERVICE",
            "android.permission.GET_ACCOUNTS",
            "android.permission.GET_TASKS",
            "android.permission.INTERNET",
            "android.permission.QUERY_ALL_PACKAGES",
            "android.permission.READ_CONTACTS",
            "android.permission.READ_EXTERNAL_STORAGE",
            "android.permission.RECORD_AUDIO",
            "android.permission.REORDER_TASKS",
            "android.permission.REQUEST_INSTALL_PACKAGES",
            "android.permission.USE_FINGERPRINT",
            "android.permission.WRITE_CONTACTS",
            "android.permission.WRITE_EXTERNAL_STORAGE"
        ],
        "activities": [
            "com.google.android.gms.auth.api.signin.internal.SignInHubActivity",
            "com.google.android.gms.common.api.GoogleApiActivity",
            "com.google.android.play.core.common.PlayCoreDialogWrapperActivity",
            "com.google.android.play.core.missingsplits.PlayCoreMissingSplitsActivity",
            "com.mbc.anb.keystore.MainActivity",
            "dxwbu.zuuoi"
        ],
        "services": [
            "com.google.android.gms.auth.api.signin.RevocationBoundService",
            "com.google.android.play.core.assetpacks.AssetPackExtractionService",
            "com.google.android.play.core.assetpacks.ExtractionForegroundService"
        ],
        "receivers": [
            "nl.xservices.plugins.ShareChooserPendingIntent"
        ]
    },
    "stats": {
        "dex_count": 1,
        "native_lib_count": 8
    },
    "jadx": {
        "status": "ok",
        "duration_sec": 16.34,
        "sources_present": true,
        "java_file_count": 3427
    },
    "ast_analysis": {
        "location": 0,
        "microphone": 0,
        "camera": 20,
        "media_projection": 0,
        "dynamic_load": 0,
        "jni": 3
    },
    "analysis_state": "complete"
}