{
    "apk_name": "B483414BC43571456AD2172AB10E387B3DD6299512591D48AAF20FFF1AC29E17",
    "sha256": "b483414bc43571456ad2172ab10e387b3dd6299512591d48aaf20fff1ac29e17",
    "metadata": {
        "package_name": "com.netease.mail",
        "version_code": "352",
        "version_name": "7.9.4",
        "min_sdk": "19",
        "target_sdk": "29",
        "permissions": [
            "android.permission.ACCESS_NETWORK_STATE",
            "android.permission.ACCESS_WIFI_STATE",
            "android.permission.CAMERA",
            "android.permission.CHANGE_NETWORK_STATE",
            "android.permission.CHANGE_WIFI_STATE",
            "android.permission.FOREGROUND_SERVICE",
            "android.permission.GET_TASKS",
            "android.permission.INTERNET",
            "android.permission.QUERY_ALL_PACKAGES",
            "android.permission.READ_CALENDAR",
            "android.permission.READ_EXTERNAL_STORAGE",
            "android.permission.READ_PHONE_STATE",
            "android.permission.RECEIVE_BOOT_COMPLETED",
            "android.permission.REORDER_TASKS",
            "android.permission.REQUEST_INSTALL_PACKAGES",
            "android.permission.USE_FINGERPRINT",
            "android.permission.VIBRATE",
            "android.permission.WAKE_LOCK",
            "android.permission.WRITE_CALENDAR",
            "android.permission.WRITE_EXTERNAL_STORAGE",
            "android.permission.WRITE_SETTINGS",
            "com.asus.msa.SupplementaryDID.ACCESS",
            "com.asus.permission.READ_SDID_PROVIDER",
            "com.coloros.mcs.permission.RECIEVE_MCS_MESSAGE",
            "com.google.android.finsky.permission.BIND_GET_INSTALL_REFERRER_SERVICE",
            "com.google.android.providers.gsf.permission.READ_GSERVICES",
            "com.heytap.mcs.permission.RECIEVE_MCS_MESSAGE",
            "com.huawei.android.launcher.permission.CHANGE_BADGE",
            "com.huawei.appmarket.service.commondata.permission.GET_COMMON_DATA",
            "com.meizu.c2dm.permission.RECEIVE",
            "com.meizu.flyme.permission.PUSH",
            "com.meizu.flyme.push.permission.RECEIVE",
            "com.netease.mail.openadsdk.permission.TT_PANGOLIN",
            "com.netease.mail.permission.C2D_MESSAGE",
            "com.netease.mail.permission.MIPUSH_RECEIVE",
            "com.netease.mail.permission.PROCESS_PUSH_MSG",
            "com.netease.mail.permission.PUSH_PROVIDER",
            "com.netease.mail.push.permission.MESSAGE",
            "com.vivo.notification.permission.BADGE_ICON",
            "freemme.permission.msa"
        ],
        "activities": [
            "com.alipay.sdk.app.APayEntranceActivity",
            "com.alipay.sdk.app.AlipayResultActivity",
            "com.alipay.sdk.app.H5AuthActivity",
            "com.alipay.sdk.app.H5OpenAuthActivity",
            "com.alipay.sdk.app.H5PayActivity",
            "com.alipay.sdk.app.PayResultActivity",
            "com.bytedance.sdk.openadsdk.stub.activity.Stub_Activity",
            "com.bytedance.sdk.openadsdk.stub.activity.Stub_SingleTask_Activity",
            "com.bytedance.sdk.openadsdk.stub.activity.Stub_SingleTask_Activity_T",
            "com.bytedance.sdk.openadsdk.stub.activity.Stub_Standard_Activity",
            "com.bytedance.sdk.openadsdk.stub.activity.Stub_Standard_Activity_T",
            "com.bytedance.sdk.openadsdk.stub.activity.Stub_Standard_Landscape_Activity",
            "com.bytedance.sdk.openadsdk.stub.activity.Stub_Standard_Portrait_Activity",
            "com.google.android.gms.common.api.GoogleApiActivity",
            "com.huawei.hms.activity.BridgeActivity",
            "com.huawei.hms.activity.EnableServiceActivity",
            "com.huawei.updatesdk.service.otaupdate.AppUpdateActivity",
            "com.huawei.updatesdk.support.pm.PackageInstallerActivity",
            "com.inmobi.rendering.InMobiAdActivity",
            "com.jd.ad.sdk.activity.JadWebviewActivity",
            "com.netease.loginapi.ursuiwidget.activity.WebviewActivity",
            "com.netease.mail.ad.launch.ui.ApkDownloadActivity",
            "com.netease.mail.ad.launch.ui.SplashAdActivity",
            "com.netease.mail.ad.sdkad.youdao.YouDaoAdExploreActivity",
            "com.netease.mail.biz.dashi.bindphone.PhoneBindActivity",
            "com.netease.mail.biz.dashi.login.DashiLoginActivity",
            "com.netease.mail.biz.dashi.login.DashiLoginCloudAttachGuideActivity",
            "com.netease.mail.biz.dashi.newbind.ChangePhoneCloudActivity",
            "com.netease.mail.biz.dashi.phoneveify.PhoneVerifyActivity",
            "com.netease.mail.biz.dashi.vip.MasterVipActivity",
            "com.netease.mail.biz.main.MainITabActivity",
            "com.netease.mail.biz.main.SplashActivity",
            "com.netease.mail.biz.security.ui.lock.AppLockActivity",
            "com.netease.mail.biz.security.ui.setting.SecurityActivity",
            "com.netease.mail.inappbrowser.InAppBrowser",
            "com.netease.mail.lib.social.wxapi.WXEntryActivity",
            "com.netease.mail.lib.social.wxapi.WXPayEntryActivity",
            "com.netease.mail.push.huawei.HuaweiPushActivity",
            "com.netease.mail.push.oppo.OppoPushActivity",
            "com.netease.mail.push.vivo.VivoPushActivity",
            "com.netease.mobimail.module.avatarcorp.CropImageActivity",
            "com.netease.mobimail.module.bindSafePhone.BindSafePhoneActivityEx",
            "com.netease.mobimail.module.bindSafePhone.ManualBindSafePhoneActivity",
            "com.netease.mobimail.module.bindSafePhone.PhoneVerifyActivityEx",
            "com.netease.mobimail.module.bindSafePhone.QuickBindSafePhoneActivity",
            "com.netease.mobimail.module.conversation.ConversationActivity",
            "com.netease.mobimail.module.dashiguide.TransparentDashiTaskManagerActivity",
            "com.netease.mobimail.module.file.FileExplorerActivity",
            "com.netease.mobimail.module.flutter.CustomFlutterActivity",
            "com.netease.mobimail.module.gallery.GalleryPickerActivity",
            "com.netease.mobimail.module.login.LoginEntry",
            "com.netease.mobimail.module.mailcompose.MailComposeActivity",
            "com.netease.mobimail.module.maillist.ContactMailListActivity",
            "com.netease.mobimail.module.maillist.aggregation.AggregationListActivity",
            "com.netease.mobimail.module.maillist.promotion.PromotionListActivity",
            "com.netease.mobimail.module.maillist.search.SearchListActivity",
            "com.netease.mobimail.module.mailread.MailContentActivity",
            "com.netease.mobimail.module.notificationbar.handler.NotificationActivity",
            "com.netease.mobimail.module.oauth.OAuthLoginActivity",
            "com.netease.mobimail.module.qrcode.DashiQrcodeGuideActivity",
            "com.netease.mobimail.module.qrcode.DashiQrcodeLoginActivity",
            "com.netease.mobimail.module.qrcode.ScanQRCodeActivity",
            "com.netease.mobimail.module.qrcode.ScanTextResultActivity",
            "com.netease.mobimail.module.qrcode.WebmailLoginActivity",
            "com.netease.mobimail.module.safeauth.SafeAuthActivity",
            "com.netease.mobimail.module.saveattachment.SaveAttachmentActivity",
            "com.netease.mobimail.module.signature.SignatureCenterActivity",
            "com.netease.mobimail.module.signature.SignatureSelectActivity",
            "com.netease.mobimail.module.sort.MailSortActivity",
            "com.netease.mobimail.module.todo.TodoActivity",
            "com.netease.mobimail.module.transparentactivity.TaskTransferCenterActivity",
            "com.netease.mobimail.module.unzipviewer.UnzipFileViewerActivity",
            "com.netease.mobimail.module.viewattachment.ViewAttachmentActivity",
            "com.netease.mobimail.module.viewattachment.tnef.view.ViewTnefActivity",
            "com.qq.e.ads.ADActivity",
            "com.qq.e.ads.DialogActivity",
            "com.qq.e.ads.LandscapeADActivity",
            "com.qq.e.ads.PortraitADActivity",
            "com.qq.e.ads.RewardvideoLandscapeADActivity",
            "com.qq.e.ads.RewardvideoPortraitADActivity",
            "com.ss.android.downloadlib.activity.JumpKllkActivity",
            "com.ss.android.downloadlib.activity.TTDelegateActivity",
            "com.ss.android.downloadlib.addownload.compliance.AppDetailInfoActivity",
            "com.ss.android.downloadlib.addownload.compliance.AppPrivacyPolicyActivity",
            "com.ss.android.socialbase.appdownloader.view.DownloadTaskDeleteActivity",
            "com.ss.android.socialbase.appdownloader.view.JumpUnknownSourceActivity",
            "com.tencent.tinker.loader.hotplug.ActivityStubs$SGTKStub_00",
            "com.tencent.tinker.loader.hotplug.ActivityStubs$SGTKStub_00_T",
            "com.tencent.tinker.loader.hotplug.ActivityStubs$SGTKStub_01",
            "com.tencent.tinker.loader.hotplug.ActivityStubs$SGTKStub_01_T",
            "com.tencent.tinker.loader.hotplug.ActivityStubs$SGTKStub_02",
            "com.tencent.tinker.loader.hotplug.ActivityStubs$SGTKStub_02_T",
            "com.tencent.tinker.loader.hotplug.ActivityStubs$SGTKStub_03",
            "com.tencent.tinker.loader.hotplug.ActivityStubs$SGTKStub_04",
            "com.tencent.tinker.loader.hotplug.ActivityStubs$SGTKStub_05",
            "com.tencent.tinker.loader.hotplug.ActivityStubs$SGTKStub_06",
            "com.tencent.tinker.loader.hotplug.ActivityStubs$SGTKStub_07",
            "com.tencent.tinker.loader.hotplug.ActivityStubs$SGTKStub_08",
            "com.tencent.tinker.loader.hotplug.ActivityStubs$SGTKStub_09",
            "com.tencent.tinker.loader.hotplug.ActivityStubs$SGTStub_00",
            "com.tencent.tinker.loader.hotplug.ActivityStubs$SGTStub_00_T",
            "com.tencent.tinker.loader.hotplug.ActivityStubs$SGTStub_01",
            "com.tencent.tinker.loader.hotplug.ActivityStubs$SGTStub_01_T",
            "com.tencent.tinker.loader.hotplug.ActivityStubs$SGTStub_02",
            "com.tencent.tinker.loader.hotplug.ActivityStubs$SGTStub_02_T",
            "com.tencent.tinker.loader.hotplug.ActivityStubs$SGTStub_03",
            "com.tencent.tinker.loader.hotplug.ActivityStubs$SGTStub_04",
            "com.tencent.tinker.loader.hotplug.ActivityStubs$SGTStub_05",
            "com.tencent.tinker.loader.hotplug.ActivityStubs$SGTStub_06",
            "com.tencent.tinker.loader.hotplug.ActivityStubs$SGTStub_07",
            "com.tencent.tinker.loader.hotplug.ActivityStubs$SGTStub_08",
            "com.tencent.tinker.loader.hotplug.ActivityStubs$SGTStub_09",
            "com.tencent.tinker.loader.hotplug.ActivityStubs$SIStub_00",
            "com.tencent.tinker.loader.hotplug.ActivityStubs$SIStub_00_T",
            "com.tencent.tinker.loader.hotplug.ActivityStubs$SIStub_01",
            "com.tencent.tinker.loader.hotplug.ActivityStubs$SIStub_01_T",
            "com.tencent.tinker.loader.hotplug.ActivityStubs$SIStub_02",
            "com.tencent.tinker.loader.hotplug.ActivityStubs$SIStub_02_T",
            "com.tencent.tinker.loader.hotplug.ActivityStubs$SIStub_03",
            "com.tencent.tinker.loader.hotplug.ActivityStubs$SIStub_04",
            "com.tencent.tinker.loader.hotplug.ActivityStubs$SIStub_05",
            "com.tencent.tinker.loader.hotplug.ActivityStubs$SIStub_06",
            "com.tencent.tinker.loader.hotplug.ActivityStubs$SIStub_07",
            "com.tencent.tinker.loader.hotplug.ActivityStubs$SIStub_08",
            "com.tencent.tinker.loader.hotplug.ActivityStubs$SIStub_09",
            "com.tencent.tinker.loader.hotplug.ActivityStubs$STDStub_00",
            "com.tencent.tinker.loader.hotplug.ActivityStubs$STDStub_00_T",
            "com.tencent.tinker.loader.hotplug.ActivityStubs$STDStub_01",
            "com.tencent.tinker.loader.hotplug.ActivityStubs$STDStub_01_T",
            "com.tencent.tinker.loader.hotplug.ActivityStubs$STDStub_02",
            "com.tencent.tinker.loader.hotplug.ActivityStubs$STDStub_02_T",
            "com.tencent.tinker.loader.hotplug.ActivityStubs$STDStub_03",
            "com.tencent.tinker.loader.hotplug.ActivityStubs$STDStub_04",
            "com.tencent.tinker.loader.hotplug.ActivityStubs$STDStub_05",
            "com.tencent.tinker.loader.hotplug.ActivityStubs$STDStub_06",
            "com.tencent.tinker.loader.hotplug.ActivityStubs$STDStub_07",
            "com.tencent.tinker.loader.hotplug.ActivityStubs$STDStub_08",
            "com.tencent.tinker.loader.hotplug.ActivityStubs$STDStub_09",
            "com.vivo.push.sdk.LinkProxyClientActivity",
            "com.youdao.sdk.common.YouDaoBrowser",
            "com.youdao.sdk.listvideo.YouDaoListVideoActivity",
            "com.youdao.sdk.nativeads.YouDaoInterstitialActivity",
            "com.youdao.sdk.video.YouDaoVideoActivity",
            "io.flutter.plugins.urllauncher.WebViewActivity"
        ],
        "services": [
            "androidx.room.MultiInstanceInvalidationService",
            "androidx.work.impl.background.systemalarm.SystemAlarmService",
            "androidx.work.impl.background.systemjob.SystemJobService",
            "androidx.work.impl.foreground.SystemForegroundService",
            "com.google.android.datatransport.runtime.backends.TransportBackendDiscovery",
            "com.google.android.datatransport.runtime.scheduling.jobscheduling.JobInfoSchedulerService",
            "com.google.android.gms.measurement.AppMeasurementJobService",
            "com.google.android.gms.measurement.AppMeasurementService",
            "com.google.firebase.components.ComponentDiscoveryService",
            "com.heytap.msp.push.service.CompatibleDataMessageCallbackService",
            "com.heytap.msp.push.service.DataMessageCallbackService",
            "com.huawei.agconnect.core.ServiceDiscovery",
            "com.huawei.hms.support.api.push.service.HmsMsgService",
            "com.inmobi.ads.ApkDownloader$ApkDownloadService",
            "com.meizu.cloud.pushsdk.NotificationService",
            "com.netease.android.extension.servicekeeper.service.ipc.server.IPCCommunicationAndroidService",
            "com.netease.mail.fundamentallib.service.TimerService",
            "com.netease.mail.mailmaster.app.tinker.service.CustomTinkerResultService",
            "com.netease.mail.push.huawei.HuaweiPushService",
            "com.netease.mail.push.oppo.CompatibleOppoPushService",
            "com.netease.mail.push.oppo.OppoPushService",
            "com.netease.mobimail.background.StartupTasksIntentService",
            "com.qq.e.comm.DownloadService",
            "com.ss.android.socialbase.appdownloader.DownloadHandlerService",
            "com.ss.android.socialbase.appdownloader.RetryJobSchedulerService",
            "com.ss.android.socialbase.downloader.downloader.DownloadService",
            "com.ss.android.socialbase.downloader.downloader.IndependentProcessDownloadService",
            "com.ss.android.socialbase.downloader.downloader.SqlDownloadCacheService",
            "com.ss.android.socialbase.downloader.impls.DownloadHandleService",
            "com.ss.android.socialbase.downloader.notification.DownloadNotificationService",
            "com.tencent.tinker.lib.service.DefaultTinkerResultService",
            "com.tencent.tinker.lib.service.TinkerPatchForeService",
            "com.tencent.tinker.lib.service.TinkerPatchService",
            "com.tencent.tinker.lib.service.TinkerPatchService$InnerService",
            "com.vivo.push.sdk.service.CommandClientService",
            "com.xiaomi.mipush.sdk.MessageHandleService",
            "com.xiaomi.mipush.sdk.PushMessageHandler",
            "com.xiaomi.push.service.XMJobService",
            "com.xiaomi.push.service.XMPushService",
            "com.youdao.sdk.common.YouDaoAppService"
        ],
        "receivers": [
            "androidx.work.impl.background.systemalarm.ConstraintProxy$BatteryChargingProxy",
            "androidx.work.impl.background.systemalarm.ConstraintProxy$BatteryNotLowProxy",
            "androidx.work.impl.background.systemalarm.ConstraintProxy$NetworkStateProxy",
            "androidx.work.impl.background.systemalarm.ConstraintProxy$StorageNotLowProxy",
            "androidx.work.impl.background.systemalarm.ConstraintProxyUpdateReceiver",
            "androidx.work.impl.background.systemalarm.RescheduleReceiver",
            "androidx.work.impl.diagnostics.DiagnosticsReceiver",
            "androidx.work.impl.utils.ForceStopRunnable$BroadcastReceiver",
            "com.google.android.datatransport.runtime.scheduling.jobscheduling.AlarmManagerSchedulerBroadcastReceiver",
            "com.google.android.gms.measurement.AppMeasurementReceiver",
            "com.huawei.hms.support.api.push.PushMsgReceiver",
            "com.huawei.hms.support.api.push.PushReceiver",
            "com.meizu.cloud.pushsdk.MzPushSystemReceiver",
            "com.netease.mail.android.push.DelayedTimer$Receiver",
            "com.netease.mail.android.push.TimeoutTimer$Receiver",
            "com.netease.mail.businessmail.protocol.mailpush.thirdpartypush.PushHandlerReceiver",
            "com.netease.mail.push.meizu.MeizuPushReceiver",
            "com.netease.mail.push.vivo.PushMessageReceiverImpl",
            "com.netease.mail.push.xiaomi.MiPushReceiver",
            "com.ss.android.downloadlib.core.download.DownloadReceiver",
            "com.xiaomi.push.service.receivers.NetworkStatusReceiver",
            "com.xiaomi.push.service.receivers.PingReceiver"
        ],
        "permission_details": {
            "android.permission.ACCESS_NETWORK_STATE": "normal",
            "android.permission.ACCESS_WIFI_STATE": "normal",
            "android.permission.CAMERA": "dangerous",
            "android.permission.CHANGE_NETWORK_STATE": "normal",
            "android.permission.CHANGE_WIFI_STATE": "normal",
            "android.permission.FOREGROUND_SERVICE": "normal",
            "android.permission.GET_TASKS": "unlaballed",
            "android.permission.INTERNET": "normal",
            "android.permission.QUERY_ALL_PACKAGES": "normal",
            "android.permission.READ_CALENDAR": "dangerous",
            "android.permission.READ_EXTERNAL_STORAGE": "dangerous",
            "android.permission.READ_PHONE_STATE": "dangerous",
            "android.permission.RECEIVE_BOOT_COMPLETED": "normal",
            "android.permission.REORDER_TASKS": "normal",
            "android.permission.REQUEST_INSTALL_PACKAGES": "signature",
            "android.permission.USE_FINGERPRINT": "normal",
            "android.permission.VIBRATE": "normal",
            "android.permission.WAKE_LOCK": "normal",
            "android.permission.WRITE_CALENDAR": "dangerous",
            "android.permission.WRITE_EXTERNAL_STORAGE": "dangerous",
            "android.permission.WRITE_SETTINGS": "signature",
            "com.asus.msa.SupplementaryDID.ACCESS": "unknown",
            "com.asus.permission.READ_SDID_PROVIDER": "unknown",
            "com.coloros.mcs.permission.RECIEVE_MCS_MESSAGE": "unknown",
            "com.google.android.finsky.permission.BIND_GET_INSTALL_REFERRER_SERVICE": "unknown",
            "com.google.android.providers.gsf.permission.READ_GSERVICES": "unknown",
            "com.heytap.mcs.permission.RECIEVE_MCS_MESSAGE": "unknown",
            "com.huawei.android.launcher.permission.CHANGE_BADGE": "unknown",
            "com.huawei.appmarket.service.commondata.permission.GET_COMMON_DATA": "unknown",
            "com.meizu.c2dm.permission.RECEIVE": "unknown",
            "com.meizu.flyme.permission.PUSH": "unknown",
            "com.meizu.flyme.push.permission.RECEIVE": "unknown",
            "com.netease.mail.openadsdk.permission.TT_PANGOLIN": "unknown",
            "com.netease.mail.permission.C2D_MESSAGE": "unknown",
            "com.netease.mail.permission.MIPUSH_RECEIVE": "unknown",
            "com.netease.mail.permission.PROCESS_PUSH_MSG": "unknown",
            "com.netease.mail.permission.PUSH_PROVIDER": "unknown",
            "com.netease.mail.push.permission.MESSAGE": "unknown",
            "com.vivo.notification.permission.BADGE_ICON": "unknown",
            "freemme.permission.msa": "unknown"
        },
        "risk_counts": {
            "normal": 12,
            "dangerous": 6,
            "unlaballed": 1,
            "signature": 2,
            "unknown": 19
        }
    },
    "stats": {
        "dex_count": 1,
        "native_lib_count": 30
    },
    "jadx": {
        "status": "ok",
        "duration_sec": 17.35,
        "sources_present": true,
        "java_file_count": 2378
    },
    "ast_analysis": {
        "location": 8,
        "microphone": 0,
        "camera": 20,
        "media_projection": 0,
        "dynamic_load": 0,
        "jni": 3
    },
    "analysis_state": "complete"
}