{
    "apk_name": "33F257A5BE7050FF075B2DEEE0FEE7CDF81E5EF288B1CF5C521DB6A9BABDD70B",
    "sha256": "33f257a5be7050ff075b2deee0fee7cdf81e5ef288b1cf5c521db6a9babdd70b",
    "metadata": {
        "package_name": "cn.zepeto.main",
        "version_code": "31350",
        "version_name": "3.13.5",
        "min_sdk": "23",
        "target_sdk": "30",
        "permissions": [
            "android.permission.ACCESS_COARSE_LOCATION",
            "android.permission.ACCESS_FINE_LOCATION",
            "android.permission.ACCESS_NETWORK_STATE",
            "android.permission.ACCESS_WIFI_STATE",
            "android.permission.BLUETOOTH",
            "android.permission.CAMERA",
            "android.permission.CHANGE_NETWORK_STATE",
            "android.permission.CHANGE_WIFI_STATE",
            "android.permission.FOREGROUND_SERVICE",
            "android.permission.GET_TASKS",
            "android.permission.INTERACT_ACROSS_USERS",
            "android.permission.INTERNET",
            "android.permission.MODIFY_AUDIO_SETTINGS",
            "android.permission.QUERY_ALL_PACKAGES",
            "android.permission.READ_CONTACTS",
            "android.permission.READ_EXTERNAL_STORAGE",
            "android.permission.RECEIVE_BOOT_COMPLETED",
            "android.permission.RECORD_AUDIO",
            "android.permission.REORDER_TASKS",
            "android.permission.REQUEST_INSTALL_PACKAGES",
            "android.permission.SCHEDULE_EXACT_ALARM",
            "android.permission.VIBRATE",
            "android.permission.WAKE_LOCK",
            "android.permission.WRITE_EXTERNAL_STORAGE",
            "android.permission.WRITE_SETTINGS",
            "cn.zepeto.main.openadsdk.permission.TT_PANGOLIN",
            "cn.zepeto.main.permission.C2D_MESSAGE",
            "cn.zepeto.main.permission.MIPUSH_RECEIVE",
            "cn.zepeto.main.permission.PROCESS_PUSH_MSG",
            "cn.zepeto.main.permission.PUSH_PROVIDER",
            "cn.zepeto.main.permission.RECEIVE_MSG",
            "cn.zepeto.main.push.permission.MESSAGE",
            "com.android.vending.BILLING",
            "com.asus.msa.SupplementaryDID.ACCESS",
            "com.coloros.mcs.permission.RECIEVE_MCS_MESSAGE",
            "com.google.android.finsky.permission.BIND_GET_INSTALL_REFERRER_SERVICE",
            "com.google.android.gms.permission.AD_ID",
            "com.heytap.mcs.permission.RECIEVE_MCS_MESSAGE",
            "com.huawei.appmarket.service.commondata.permission.GET_COMMON_DATA",
            "com.meizu.c2dm.permission.RECEIVE",
            "com.meizu.flyme.permission.PUSH",
            "com.meizu.flyme.push.permission.RECEIVE",
            "getui.permission.GetuiService.cn.zepeto.main"
        ],
        "activities": [
            "androidx.compose.ui.tooling.PreviewActivity",
            "cn.zepeto.main.wxapi.WXEntryActivity",
            "cn.zepeto.main.wxapi.WXPayEntryActivity",
            "com.android.billingclient.api.ProxyBillingActivity",
            "com.bytedance.sdk.openadsdk.stub.activity.Stub_Activity",
            "com.bytedance.sdk.openadsdk.stub.activity.Stub_SingleTask_Activity",
            "com.bytedance.sdk.openadsdk.stub.activity.Stub_SingleTask_Activity_T",
            "com.bytedance.sdk.openadsdk.stub.activity.Stub_Standard_Activity",
            "com.bytedance.sdk.openadsdk.stub.activity.Stub_Standard_Activity_T",
            "com.bytedance.sdk.openadsdk.stub.activity.Stub_Standard_Landscape_Activity",
            "com.bytedance.sdk.openadsdk.stub.activity.Stub_Standard_Portrait_Activity",
            "com.facebook.CustomTabActivity",
            "com.facebook.CustomTabMainActivity",
            "com.facebook.FacebookActivity",
            "com.google.android.gms.ads.AdActivity",
            "com.google.android.gms.auth.api.signin.internal.SignInHubActivity",
            "com.google.android.gms.common.api.GoogleApiActivity",
            "com.google.android.play.core.common.PlayCoreDialogWrapperActivity",
            "com.google.android.play.core.missingsplits.PlayCoreMissingSplitsActivity",
            "com.huawei.android.hms.agent.common.HMSAgentActivity",
            "com.huawei.hms.activity.BridgeActivity",
            "com.huawei.hms.activity.EnableServiceActivity",
            "com.huawei.updatesdk.service.otaupdate.AppUpdateActivity",
            "com.huawei.updatesdk.support.pm.PackageInstallerActivity",
            "com.igexin.sdk.GActivity",
            "com.igexin.sdk.GetuiActivity",
            "com.igexin.sdk.PushActivity",
            "com.jakewharton.processphoenix.ProcessPhoenix",
            "com.kakao.sdk.auth.AuthCodeHandlerActivity",
            "com.kakao.sdk.auth.TalkAuthCodeActivity",
            "com.kwad.sdk.api.proxy.app.AdWebViewActivity",
            "com.kwad.sdk.api.proxy.app.BaseFragmentActivity$DeveloperConfigActivity",
            "com.kwad.sdk.api.proxy.app.BaseFragmentActivity$EpisodeDetailActivity",
            "com.kwad.sdk.api.proxy.app.BaseFragmentActivity$FragmentActivity1",
            "com.kwad.sdk.api.proxy.app.BaseFragmentActivity$FragmentActivity10",
            "com.kwad.sdk.api.proxy.app.BaseFragmentActivity$FragmentActivity2",
            "com.kwad.sdk.api.proxy.app.BaseFragmentActivity$FragmentActivity3",
            "com.kwad.sdk.api.proxy.app.BaseFragmentActivity$FragmentActivity4",
            "com.kwad.sdk.api.proxy.app.BaseFragmentActivity$FragmentActivity5",
            "com.kwad.sdk.api.proxy.app.BaseFragmentActivity$FragmentActivity6",
            "com.kwad.sdk.api.proxy.app.BaseFragmentActivity$FragmentActivity7",
            "com.kwad.sdk.api.proxy.app.BaseFragmentActivity$FragmentActivity8",
            "com.kwad.sdk.api.proxy.app.BaseFragmentActivity$FragmentActivity9",
            "com.kwad.sdk.api.proxy.app.BaseFragmentActivity$FragmentActivitySingleInstance1",
            "com.kwad.sdk.api.proxy.app.BaseFragmentActivity$FragmentActivitySingleInstance2",
            "com.kwad.sdk.api.proxy.app.BaseFragmentActivity$FragmentActivitySingleTop1",
            "com.kwad.sdk.api.proxy.app.BaseFragmentActivity$FragmentActivitySingleTop2",
            "com.kwad.sdk.api.proxy.app.BaseFragmentActivity$GoodsPlayBackActivity",
            "com.kwad.sdk.api.proxy.app.BaseFragmentActivity$KsTrendsActivity",
            "com.kwad.sdk.api.proxy.app.BaseFragmentActivity$LandscapeFragmentActivity",
            "com.kwad.sdk.api.proxy.app.BaseFragmentActivity$LandscapeFragmentActivitySingleInstance1",
            "com.kwad.sdk.api.proxy.app.BaseFragmentActivity$LandscapeFragmentActivitySingleInstance2",
            "com.kwad.sdk.api.proxy.app.BaseFragmentActivity$LandscapeFragmentActivitySingleTask1",
            "com.kwad.sdk.api.proxy.app.BaseFragmentActivity$LandscapeFragmentActivitySingleTask2",
            "com.kwad.sdk.api.proxy.app.BaseFragmentActivity$LandscapeFragmentActivitySingleTop1",
            "com.kwad.sdk.api.proxy.app.BaseFragmentActivity$LandscapeFragmentActivitySingleTop2",
            "com.kwad.sdk.api.proxy.app.BaseFragmentActivity$ProfileHomeActivity",
            "com.kwad.sdk.api.proxy.app.BaseFragmentActivity$ProfileVideoDetailActivity",
            "com.kwad.sdk.api.proxy.app.BaseFragmentActivity$RequestInstallPermissionActivity",
            "com.kwad.sdk.api.proxy.app.BaseFragmentActivity$TubeDetailActivity",
            "com.kwad.sdk.api.proxy.app.BaseFragmentActivity$TubeProfileActivity",
            "com.kwad.sdk.api.proxy.app.FeedDownloadActivity",
            "com.kwad.sdk.api.proxy.app.KSRewardLandScapeVideoActivity",
            "com.kwad.sdk.api.proxy.app.KsFullScreenLandScapeVideoActivity",
            "com.kwad.sdk.api.proxy.app.KsFullScreenVideoActivity",
            "com.kwad.sdk.api.proxy.app.KsRewardVideoActivity",
            "com.linecorp.linesdk.auth.internal.LineAuthenticationActivity",
            "com.linecorp.linesdk.auth.internal.LineAuthenticationCallbackActivity",
            "com.mobile.auth.gatewayauth.LoginAuthActivity",
            "com.mobile.auth.gatewayauth.activity.AuthWebVeiwActivity",
            "com.qq.e.ads.ADActivity",
            "com.qq.e.ads.DialogActivity",
            "com.qq.e.ads.LandscapeADActivity",
            "com.qq.e.ads.PortraitADActivity",
            "com.qq.e.ads.RewardvideoLandscapeADActivity",
            "com.qq.e.ads.RewardvideoPortraitADActivity",
            "com.ss.android.downloadlib.activity.JumpKllkActivity",
            "com.ss.android.downloadlib.activity.TTDelegateActivity",
            "com.ss.android.downloadlib.addownload.compliance.AppDetailInfoActivity",
            "com.ss.android.downloadlib.addownload.compliance.AppPrivacyPolicyActivity",
            "com.ss.android.socialbase.appdownloader.view.DownloadTaskDeleteActivity",
            "com.ss.android.socialbase.appdownloader.view.JumpUnknownSourceActivity",
            "com.tapjoy.TJAdUnitActivity",
            "com.tapjoy.TJContentActivity",
            "com.tencent.connect.common.AssistActivity",
            "com.tencent.tauth.AuthActivity",
            "com.twitter.sdk.android.core.identity.OAuthActivity",
            "com.twitter.sdk.android.tweetcomposer.ComposerActivity",
            "com.twitter.sdk.android.tweetui.GalleryActivity",
            "com.twitter.sdk.android.tweetui.PlayerActivity",
            "com.unionad.library.base.WebActivity",
            "com.unionad.library.re.YrkRewardVideoActivity",
            "com.vivo.push.sdk.LinkProxyClientActivity",
            "me.zepeto.intro.join.terms.ChildTermsActivity",
            "me.zepeto.main.MainActivity",
            "me.zepeto.pay.terms.BirthSelectActivity",
            "me.zepeto.scheme.SchemeActivity",
            "me.zepeto.setting.developer.DeveloperMenuActivity",
            "me.zepeto.webview.WebViewActivity",
            "me.zepeto.webview.WebViewInsteadActivity",
            "me.zepeto.world.create.CreateRoomActivity",
            "me.zepeto.world.report.WorldReportActivity",
            "me.zepeto.world.room.MapRoomActivity"
        ],
        "services": [
            "androidx.room.MultiInstanceInvalidationService",
            "androidx.work.impl.background.systemalarm.SystemAlarmService",
            "androidx.work.impl.background.systemjob.SystemJobService",
            "androidx.work.impl.foreground.SystemForegroundService",
            "com.getui.gtc.GtcService",
            "com.google.android.gms.ads.AdService",
            "com.google.android.gms.auth.api.signin.RevocationBoundService",
            "com.google.android.play.core.assetpacks.AssetPackExtractionService",
            "com.google.android.play.core.assetpacks.ExtractionForegroundService",
            "com.heytap.msp.push.service.CompatibleDataMessageCallbackService",
            "com.heytap.msp.push.service.DataMessageCallbackService",
            "com.huawei.agconnect.core.ServiceDiscovery",
            "com.huawei.hms.support.api.push.service.HmsMsgService",
            "com.igexin.sdk.GService",
            "com.igexin.sdk.HmsPushMessageService",
            "com.igexin.sdk.OppoPushService",
            "com.igexin.sdk.PushService",
            "com.kwad.sdk.api.proxy.app.DownloadService",
            "com.kwad.sdk.api.proxy.app.FileDownloadService$SeparateProcessService",
            "com.kwad.sdk.api.proxy.app.FileDownloadService$SharedMainProcessService",
            "com.kwad.sdk.api.proxy.app.ServiceProxyRemote",
            "com.meizu.cloud.pushsdk.NotificationService",
            "com.netease.nimlib.job.NIMJobService",
            "com.netease.nimlib.mixpush.fcm.FCMTokenService",
            "com.netease.nimlib.mixpush.hw.HWPushService",
            "com.netease.nimlib.mixpush.oppo.OppoAppPushService",
            "com.netease.nimlib.mixpush.oppo.OppoPushService",
            "com.netease.nimlib.service.NimService",
            "com.netease.nimlib.service.NimService$Aux",
            "com.netease.nimlib.service.ResponseService",
            "com.qq.e.comm.DownloadService",
            "com.ss.android.socialbase.appdownloader.DownloadHandlerService",
            "com.ss.android.socialbase.appdownloader.RetryJobSchedulerService",
            "com.ss.android.socialbase.downloader.downloader.DownloadService",
            "com.ss.android.socialbase.downloader.downloader.IndependentProcessDownloadService",
            "com.ss.android.socialbase.downloader.downloader.SqlDownloadCacheService",
            "com.ss.android.socialbase.downloader.impls.DownloadHandleService",
            "com.ss.android.socialbase.downloader.notification.DownloadNotificationService",
            "com.twitter.sdk.android.tweetcomposer.TweetUploadService",
            "com.vivo.push.sdk.service.CommandClientService",
            "com.xiaomi.mipush.sdk.MessageHandleService",
            "com.xiaomi.mipush.sdk.PushMessageHandler",
            "com.xiaomi.push.service.XMJobService",
            "com.xiaomi.push.service.XMPushService",
            "me.zepeto.common.push.GetuiPushIntentService",
            "me.zepeto.common.push.GetuiPushService",
            "me.zepeto.common.push.hwpushservice"
        ],
        "receivers": [
            "androidx.profileinstaller.ProfileInstallReceiver",
            "androidx.work.impl.background.systemalarm.ConstraintProxy$BatteryChargingProxy",
            "androidx.work.impl.background.systemalarm.ConstraintProxy$BatteryNotLowProxy",
            "androidx.work.impl.background.systemalarm.ConstraintProxy$NetworkStateProxy",
            "androidx.work.impl.background.systemalarm.ConstraintProxy$StorageNotLowProxy",
            "androidx.work.impl.background.systemalarm.ConstraintProxyUpdateReceiver",
            "androidx.work.impl.background.systemalarm.RescheduleReceiver",
            "androidx.work.impl.diagnostics.DiagnosticsReceiver",
            "androidx.work.impl.utils.ForceStopRunnable$BroadcastReceiver",
            "com.facebook.CurrentAccessTokenExpirationBroadcastReceiver",
            "com.huawei.hms.support.api.push.PushMsgReceiver",
            "com.huawei.hms.support.api.push.PushReceiver",
            "com.igexin.sdk.FlymePushReceiver",
            "com.igexin.sdk.MiuiPushReceiver",
            "com.igexin.sdk.PushReceiver",
            "com.igexin.sdk.VivoPushMessageReceiver",
            "com.meizu.cloud.pushsdk.SystemReceiver",
            "com.netease.nimlib.mixpush.mi.MiPushReceiver",
            "com.netease.nimlib.mixpush.mz.MZPushReceiver",
            "com.netease.nimlib.mixpush.vivo.VivoPushReceiver",
            "com.netease.nimlib.service.NimReceiver",
            "com.netease.nimlib.service.ResponseReceiver",
            "com.ss.android.downloadlib.core.download.DownloadReceiver",
            "com.xiaomi.push.service.receivers.NetworkStatusReceiver",
            "com.xiaomi.push.service.receivers.PingReceiver",
            "me.zepeto.common.push.mipushreceiver",
            "me.zepeto.common.push.mzpushreciver",
            "me.zepeto.common.push.vvpushreciver"
        ],
        "permission_details": {
            "android.permission.ACCESS_COARSE_LOCATION": "dangerous",
            "android.permission.ACCESS_FINE_LOCATION": "dangerous",
            "android.permission.ACCESS_NETWORK_STATE": "normal",
            "android.permission.ACCESS_WIFI_STATE": "normal",
            "android.permission.BLUETOOTH": "normal",
            "android.permission.CAMERA": "dangerous",
            "android.permission.CHANGE_NETWORK_STATE": "normal",
            "android.permission.CHANGE_WIFI_STATE": "normal",
            "android.permission.FOREGROUND_SERVICE": "normal",
            "android.permission.GET_TASKS": "unlaballed",
            "android.permission.INTERACT_ACROSS_USERS": "unknown",
            "android.permission.INTERNET": "normal",
            "android.permission.MODIFY_AUDIO_SETTINGS": "normal",
            "android.permission.QUERY_ALL_PACKAGES": "normal",
            "android.permission.READ_CONTACTS": "dangerous",
            "android.permission.READ_EXTERNAL_STORAGE": "dangerous",
            "android.permission.RECEIVE_BOOT_COMPLETED": "normal",
            "android.permission.RECORD_AUDIO": "dangerous",
            "android.permission.REORDER_TASKS": "normal",
            "android.permission.REQUEST_INSTALL_PACKAGES": "signature",
            "android.permission.SCHEDULE_EXACT_ALARM": "signature",
            "android.permission.VIBRATE": "normal",
            "android.permission.WAKE_LOCK": "normal",
            "android.permission.WRITE_EXTERNAL_STORAGE": "dangerous",
            "android.permission.WRITE_SETTINGS": "signature",
            "cn.zepeto.main.openadsdk.permission.TT_PANGOLIN": "unknown",
            "cn.zepeto.main.permission.C2D_MESSAGE": "unknown",
            "cn.zepeto.main.permission.MIPUSH_RECEIVE": "unknown",
            "cn.zepeto.main.permission.PROCESS_PUSH_MSG": "unknown",
            "cn.zepeto.main.permission.PUSH_PROVIDER": "unknown",
            "cn.zepeto.main.permission.RECEIVE_MSG": "unknown",
            "cn.zepeto.main.push.permission.MESSAGE": "unknown",
            "com.android.vending.BILLING": "unknown",
            "com.asus.msa.SupplementaryDID.ACCESS": "unknown",
            "com.coloros.mcs.permission.RECIEVE_MCS_MESSAGE": "unknown",
            "com.google.android.finsky.permission.BIND_GET_INSTALL_REFERRER_SERVICE": "unknown",
            "com.google.android.gms.permission.AD_ID": "unknown",
            "com.heytap.mcs.permission.RECIEVE_MCS_MESSAGE": "unknown",
            "com.huawei.appmarket.service.commondata.permission.GET_COMMON_DATA": "unknown",
            "com.meizu.c2dm.permission.RECEIVE": "unknown",
            "com.meizu.flyme.permission.PUSH": "unknown",
            "com.meizu.flyme.push.permission.RECEIVE": "unknown",
            "getui.permission.GetuiService.cn.zepeto.main": "unknown"
        },
        "risk_counts": {
            "dangerous": 7,
            "normal": 13,
            "unlaballed": 1,
            "unknown": 19,
            "signature": 3
        }
    },
    "stats": {
        "dex_count": 7,
        "native_lib_count": 54
    },
    "jadx": {
        "status": "ok",
        "duration_sec": 103.13,
        "sources_present": true,
        "java_file_count": 31865
    },
    "ast_analysis": {
        "location": 9,
        "microphone": 7,
        "camera": 136,
        "media_projection": 0,
        "dynamic_load": 0,
        "jni": 48
    },
    "analysis_state": "complete"
}