{
    "apk_name": "969458B13B2E6D4B48FC9343DEB7C937420FFEA15B469D9732E23A08241A0077",
    "sha256": "969458b13b2e6d4b48fc9343deb7c937420ffea15b469d9732e23a08241a0077",
    "metadata": {
        "package_name": "com.melot.meshow",
        "version_code": "7050",
        "version_name": "7.0.5",
        "min_sdk": "19",
        "target_sdk": "26",
        "permissions": [
            "android.permission.ACCESS_NETWORK_STATE",
            "android.permission.ACCESS_WIFI_STATE",
            "android.permission.CAMERA",
            "android.permission.CHANGE_NETWORK_STATE",
            "android.permission.INTERNET",
            "android.permission.MODIFY_AUDIO_SETTINGS",
            "android.permission.READ_EXTERNAL_STORAGE",
            "android.permission.RECEIVE_USER_PRESENT",
            "android.permission.RECORD_AUDIO",
            "android.permission.REQUEST_INSTALL_PACKAGES",
            "android.permission.SYSTEM_ALERT_WINDOW",
            "android.permission.VIBRATE",
            "android.permission.WAKE_LOCK",
            "android.permission.WRITE_EXTERNAL_STORAGE",
            "com.asus.msa.SupplementaryDID.ACCESS",
            "com.coloros.mcs.permission.RECIEVE_MCS_MESSAGE",
            "com.heytap.mcs.permission.RECIEVE_MCS_MESSAGE",
            "com.meizu.c2dm.permission.RECEIVE",
            "com.meizu.flyme.push.permission.RECEIVE",
            "com.melot.meshow.permission.C2D_MESSAGE",
            "com.melot.meshow.permission.MIPUSH_RECEIVE",
            "com.melot.meshow.permission.PROCESS_PUSH_MSG",
            "com.melot.meshow.permission.PUSH_PROVIDER",
            "com.melot.meshow.permission.PUSH_WRITE_PROVIDER",
            "com.melot.meshow.push.permission.MESSAGE",
            "getui.permission.GetuiService.com.melot.meshow",
            "org.simalliance.openmobileapi.SMARTCARD"
        ],
        "activities": [
            "cn.jiguang.verifysdk.CtLoginActivity",
            "com.alipay.sdk.app.AlipayResultActivity",
            "com.alipay.sdk.app.H5AuthActivity",
            "com.alipay.sdk.app.H5PayActivity",
            "com.alipay.sdk.app.PayResultActivity",
            "com.cmic.sso.sdk.activity.LoginAuthActivity",
            "com.huawei.android.hms.agent.common.HMSAgentActivity",
            "com.huawei.hms.activity.BridgeActivity",
            "com.igexin.sdk.GActivity",
            "com.igexin.sdk.PushActivity",
            "com.journeyapps.barcodescanner.CaptureActivity",
            "com.melot.bangim.app.common.view.BaseIMImagePreviewActivity",
            "com.melot.fillmoney.AlipayActivity",
            "com.melot.fillmoney.ChargeNobleActivity",
            "com.melot.fillmoney.ChargePackageGiftActivity",
            "com.melot.fillmoney.ChargeReturnActivity",
            "com.melot.fillmoney.MobileCardPayActivity",
            "com.melot.fillmoney.PayFailActivity",
            "com.melot.fillmoney.PaySuccessActivity",
            "com.melot.kkcommon.activity.KKRoomActivity",
            "com.melot.kkcommon.activity.ScanActivity",
            "com.melot.kkcommon.protect.ProtectBabyModeActivity",
            "com.melot.kkcommon.protect.ProtectBabyNightLockActivity",
            "com.melot.kkcommon.protect.ProtectBabyPasswordResetActivity",
            "com.melot.kkcommon.protect.ProtectBabyPasswordSettingActivity",
            "com.melot.kkcommon.protect.ProtectBabyPasswordSureActivity",
            "com.melot.kkcommon.protect.ProtectForgetLoginActivity",
            "com.melot.kkcommon.room.pkrank.PKRankActivity",
            "com.melot.kkcommon.room.redpackage.RedPacketDetailsActivity",
            "com.melot.kkcommon.share.SinaShareAcitivty",
            "com.melot.kkcommon.widget.ActionWebview",
            "com.melot.kkmorepay.PaymentUnionPay",
            "com.melot.kkmorepay.QQpayActivity",
            "com.melot.kkmorepay.QQpayReturnActivity",
            "com.melot.kkpush.activity.KKPushRoomActivity",
            "com.melot.meshow.ZhichiWebView",
            "com.melot.meshow.account.ChangeAccountActivity",
            "com.melot.meshow.account.ServiceAgreementActivity",
            "com.melot.meshow.account.StartKKLogin",
            "com.melot.meshow.account.StartPhoneLogin",
            "com.melot.meshow.account.UserLogin",
            "com.melot.meshow.account.appeal.AppealChargeHistoryActivity",
            "com.melot.meshow.account.appeal.AppealCompleteActivity",
            "com.melot.meshow.account.appeal.AppealIdActivity",
            "com.melot.meshow.account.appeal.AppealPhoneActivity",
            "com.melot.meshow.account.appeal.AppealProcessActivity",
            "com.melot.meshow.account.appeal.AppealResultActivity",
            "com.melot.meshow.account.appeal.AppealResultQueryActivity",
            "com.melot.meshow.account.findpwd.FindPwdAccountListActivity",
            "com.melot.meshow.account.findpwd.FindPwdFailedActivity",
            "com.melot.meshow.account.findpwd.FindPwdIdActivity",
            "com.melot.meshow.account.findpwd.FindPwdPhoneOrIdActivity",
            "com.melot.meshow.account.findpwd.FindPwdReSetPwdActivity",
            "com.melot.meshow.account.findpwd.FindPwdTypeActivity",
            "com.melot.meshow.account.findpwd.FindPwdVerfiyPhoneActivity",
            "com.melot.meshow.account.findpwd.FindPwdVerfiySmsActivity",
            "com.melot.meshow.account.openplatform.OpenPlatformRegiste",
            "com.melot.meshow.area.AreaSelectActivity",
            "com.melot.meshow.discovery.DynamicPublishHistoryActivity",
            "com.melot.meshow.dynamic.DynamicBlankActivity",
            "com.melot.meshow.dynamic.HotTopicListActivity",
            "com.melot.meshow.dynamic.MyDynamicActivity",
            "com.melot.meshow.dynamic.NewsVideoPlayerActivity",
            "com.melot.meshow.dynamic.ShortCommentActivity",
            "com.melot.meshow.dynamic.TopicActivity",
            "com.melot.meshow.family.BindOperatorSuccessActivity",
            "com.melot.meshow.family.FamilyActivity",
            "com.melot.meshow.family.FamilyAdmin",
            "com.melot.meshow.family.FamilyBindInfoAct",
            "com.melot.meshow.family.FamilyBindOperatorActivity",
            "com.melot.meshow.family.FamilyHonor",
            "com.melot.meshow.family.FamilyInfoActivity",
            "com.melot.meshow.fansgroup.FansGroupActivity",
            "com.melot.meshow.fansgroup.MyFansGroupActivity",
            "com.melot.meshow.fansgroup.NamePlateManagerActivity",
            "com.melot.meshow.fillmoney.PaymentMethods",
            "com.melot.meshow.fromh5.RoomLauncher",
            "com.melot.meshow.goldtask.DiscountActivity",
            "com.melot.meshow.goldtask.traintask.TrainDynamicActivity",
            "com.melot.meshow.goldtask.traintask.TrainPetActivity",
            "com.melot.meshow.goldtask.traintask.TrainStealActivity",
            "com.melot.meshow.goldtask.traintask.TrainTaskActivity",
            "com.melot.meshow.growing.AnchorGrowingActivity",
            "com.melot.meshow.growing.AnchorGrowingDetailDataActivity",
            "com.melot.meshow.growing.AnchorGrowingVideoListActivity",
            "com.melot.meshow.headline.HeadlineDetailWebView",
            "com.melot.meshow.headline.HeadlineListActivity",
            "com.melot.meshow.im.MeshowIMDetailActivity",
            "com.melot.meshow.imageviewer.DynamicPhotoViewer",
            "com.melot.meshow.imageviewer.NewPhotoViewer",
            "com.melot.meshow.invite.InviteActorActivity",
            "com.melot.meshow.invite.InviteDetailActivity",
            "com.melot.meshow.invite.InviteRewardActivity",
            "com.melot.meshow.invite.MyInviteActivity",
            "com.melot.meshow.main.FinishSoonActivity",
            "com.melot.meshow.main.KKHelpActivity",
            "com.melot.meshow.main.KKPushConventionActivity",
            "com.melot.meshow.main.Loading",
            "com.melot.meshow.main.MainActivity",
            "com.melot.meshow.main.NameUserCard",
            "com.melot.meshow.main.NewUserGuideActivity",
            "com.melot.meshow.main.OnLiveRoomActivity",
            "com.melot.meshow.main.PostersListActivity",
            "com.melot.meshow.main.PropsListActivity",
            "com.melot.meshow.main.SvgaTestActivity",
            "com.melot.meshow.main.TestActivity",
            "com.melot.meshow.main.TransActivity",
            "com.melot.meshow.main.UserInfoActivity",
            "com.melot.meshow.main.VideoGuideActivity",
            "com.melot.meshow.main.bringgoods.BringGoodsSalesRecordActivity",
            "com.melot.meshow.main.bringgoods.BringGoodsSellingActivity",
            "com.melot.meshow.main.bringgoods.GoodsListActivity",
            "com.melot.meshow.main.bringgoods.GoodsSellActivity",
            "com.melot.meshow.main.bringgoods.ThirdServiceActivity",
            "com.melot.meshow.main.bringgoods.UpdateGoodsActivity",
            "com.melot.meshow.main.episode.EpisodeDetailActivity",
            "com.melot.meshow.main.episode.EpisodeListActivity",
            "com.melot.meshow.main.homeFrag.SectionRoomListActivity",
            "com.melot.meshow.main.more.AboutActivity",
            "com.melot.meshow.main.more.ActivityListActivity",
            "com.melot.meshow.main.more.AreaSettingActivity",
            "com.melot.meshow.main.more.BindActivity",
            "com.melot.meshow.main.more.BindGuardActivity",
            "com.melot.meshow.main.more.ChargeHistoryActivity",
            "com.melot.meshow.main.more.ClearPKStateActivity",
            "com.melot.meshow.main.more.CustomerServiceActivity",
            "com.melot.meshow.main.more.FansGroupManageActivity",
            "com.melot.meshow.main.more.FansGroupNameActivity",
            "com.melot.meshow.main.more.FeedBack",
            "com.melot.meshow.main.more.GoldTaskSettingActivity",
            "com.melot.meshow.main.more.MobileJiFenGoodsActivity",
            "com.melot.meshow.main.more.MobileJiFenOrdersActivity",
            "com.melot.meshow.main.more.MyMoneyActivity",
            "com.melot.meshow.main.more.NewsSettingActivity",
            "com.melot.meshow.main.more.NotifySettingActivity",
            "com.melot.meshow.main.more.NotifySettingManagerActivity",
            "com.melot.meshow.main.more.NotifyTimeSetActivity",
            "com.melot.meshow.main.more.PermissoinSettingActivity",
            "com.melot.meshow.main.more.PermissoinSettingDetailActivity",
            "com.melot.meshow.main.more.PhoneNumActivity",
            "com.melot.meshow.main.more.PlaySettingActivity",
            "com.melot.meshow.main.more.RegisteredBeginActivity",
            "com.melot.meshow.main.more.RegisteredDescriptionActivity",
            "com.melot.meshow.main.more.RegisteredSuccessActivity",
            "com.melot.meshow.main.more.ResetPassword",
            "com.melot.meshow.main.more.RoomAnimationSet",
            "com.melot.meshow.main.more.RoomBigEventSet",
            "com.melot.meshow.main.more.SafeLoginActivity",
            "com.melot.meshow.main.more.SetPassword",
            "com.melot.meshow.main.more.SettingActivity",
            "com.melot.meshow.main.more.SignActivity",
            "com.melot.meshow.main.myfollow.FansOrFollows",
            "com.melot.meshow.main.myfollow.MyLoveActivity",
            "com.melot.meshow.main.mynamecard.CitySetter",
            "com.melot.meshow.main.mynamecard.DynamicActivity",
            "com.melot.meshow.main.mynamecard.HonourActivity",
            "com.melot.meshow.main.mynamecard.KKEditMyDesc",
            "com.melot.meshow.main.mynamecard.MyNameCardEdit",
            "com.melot.meshow.main.mynamecard.MyNameEdit",
            "com.melot.meshow.main.mynamecard.PlayBackActivity",
            "com.melot.meshow.main.mynamecard.ProfileActivity",
            "com.melot.meshow.main.mynamecard.TagActivity",
            "com.melot.meshow.main.nobility.NobilityActivity",
            "com.melot.meshow.main.playtogether.KKPlayRankActivity",
            "com.melot.meshow.main.playtogether.PKActivity",
            "com.melot.meshow.main.playtogether.PlayActivity",
            "com.melot.meshow.main.playtogether.PlayListActivity",
            "com.melot.meshow.main.rank.AudioRankActivity",
            "com.melot.meshow.main.rank.FamilyRankList",
            "com.melot.meshow.main.rank.PartyRankActivity",
            "com.melot.meshow.main.rank.PreRankActivity",
            "com.melot.meshow.main.rank.RankActivity",
            "com.melot.meshow.main.rank.RankGiftDetailActivity",
            "com.melot.meshow.main.search.CustomerServceSearchActivity",
            "com.melot.meshow.main.search.SearchActivity",
            "com.melot.meshow.main.search.SearchDetailActivity",
            "com.melot.meshow.main.videoedit.ShortVideoActivity",
            "com.melot.meshow.main.videoedit.VideoViewActivity",
            "com.melot.meshow.news.DetailImageShow",
            "com.melot.meshow.news.MessageNotification",
            "com.melot.meshow.news.familymgr.FamilyManagerActivity",
            "com.melot.meshow.order.AuctionDetailActivity",
            "com.melot.meshow.order.AuctionRecordActivity",
            "com.melot.meshow.order.BusinessServicesActivity",
            "com.melot.meshow.order.CommodityManage.CommodityCashBackAddSelectActivity",
            "com.melot.meshow.order.CommodityManage.CommodityCashBackEditorActivity",
            "com.melot.meshow.order.CommodityManage.CommodityCashBackSetActivity",
            "com.melot.meshow.order.CommodityManage.CommodityCategoryActivity",
            "com.melot.meshow.order.CommodityManage.CommodityDescripEditActivity",
            "com.melot.meshow.order.CommodityManage.CommodityEditActivity",
            "com.melot.meshow.order.CommodityManage.CommodityManageActivity",
            "com.melot.meshow.order.CommodityManage.CommoditySearchActivity",
            "com.melot.meshow.order.LotteryDetailActivity",
            "com.melot.meshow.order.LotteryEditActivity",
            "com.melot.meshow.order.LotteryJoinActivity",
            "com.melot.meshow.order.LotteryManagerActivity",
            "com.melot.meshow.order.MyCustomerServiceActivity",
            "com.melot.meshow.order.MyOrderActivity",
            "com.melot.meshow.order.OrderAddressActivity",
            "com.melot.meshow.order.OrderCancelActivity",
            "com.melot.meshow.order.OrderConfirmActivity",
            "com.melot.meshow.order.OrderDetailActivity",
            "com.melot.meshow.order.OrderLogisticsActivity",
            "com.melot.meshow.order.OrderOverActivity",
            "com.melot.meshow.order.OrderPayActivity",
            "com.melot.meshow.order.OrderPayListActivity",
            "com.melot.meshow.order.OrderPayResultActivity",
            "com.melot.meshow.order.OrderRefundActivity",
            "com.melot.meshow.order.ProductDetailActivity",
            "com.melot.meshow.order.ProductListActivity",
            "com.melot.meshow.order.SellerInvitationsActivity",
            "com.melot.meshow.order.SellerSettledActivity",
            "com.melot.meshow.order.address.AddressEditActivity",
            "com.melot.meshow.order.address.AddressListActivity",
            "com.melot.meshow.order.coupon.CouponBusinessManagerActivity",
            "com.melot.meshow.order.coupon.CouponEditActivity",
            "com.melot.meshow.order.coupon.CouponManagerActivity",
            "com.melot.meshow.order.ebusiness.SupplierEBusinessActivity",
            "com.melot.meshow.order.ebusiness.SupplierShopActivity",
            "com.melot.meshow.order.ebusiness.UserEBusinessActivity",
            "com.melot.meshow.order.income.OrderIncomeActivity",
            "com.melot.meshow.order.income.OrderIncomeDetailAct",
            "com.melot.meshow.order.income.OrderShareActivity",
            "com.melot.meshow.payee.bindBankCard.BindBankCardActivity",
            "com.melot.meshow.payee.cash.OrderWithdrawCashActivity",
            "com.melot.meshow.payee.cash.OrderWithdrawCashResultActivity",
            "com.melot.meshow.payee.cash.WithdrawCashActivity",
            "com.melot.meshow.payee.cash.WithdrawCashResultActivity",
            "com.melot.meshow.payee.iamactor.IamActorActivity",
            "com.melot.meshow.payee.iamactor.RoomBackGroundPreviewActivity",
            "com.melot.meshow.payee.iamactor.RoomBackGroundSetActivity",
            "com.melot.meshow.payee.iamactor.ServiceAgreementWebView",
            "com.melot.meshow.payee.payee.PayeeActivity",
            "com.melot.meshow.payee.payeeRecord.PayeeRecordActivity",
            "com.melot.meshow.payee.payeeRecord.PayeeRecordDetailsActivity",
            "com.melot.meshow.payee.signAgreement.SignGuideWebView",
            "com.melot.meshow.payee.verifyIdCard.VerifyCameraActivity",
            "com.melot.meshow.payee.verifyIdCard.VerifyIdCardActivity",
            "com.melot.meshow.payee.verifyIdCard.VerifyIdCardResultActivity",
            "com.melot.meshow.payee.verifyIdCard.VerifyShowPicActivity",
            "com.melot.meshow.push.apply.ApplingActivity",
            "com.melot.meshow.push.apply.ApplyCameraActivity",
            "com.melot.meshow.push.apply.ApplyLiveActivity",
            "com.melot.meshow.push.apply.ApplyPassActivity",
            "com.melot.meshow.push.apply.ApplyShowPicActivity",
            "com.melot.meshow.push.apply.ApplyStateActivity",
            "com.melot.meshow.push.apply.PreApplyLiveActivity",
            "com.melot.meshow.retrievepw.ChangePhoneTypeActivity",
            "com.melot.meshow.retrievepw.ForgotPassWordActivity",
            "com.melot.meshow.retrievepw.ResetPassWordActivity",
            "com.melot.meshow.retrievepw.VerifyCodeActivity",
            "com.melot.meshow.retrievepw.VerifyPhoneActivity",
            "com.melot.meshow.room.DateSongSetHostActivity",
            "com.melot.meshow.room.commodity.PackageCommodityListActivity",
            "com.melot.meshow.room.openplatform.share.OpenPlatformBind",
            "com.melot.meshow.room.redpackage.PlatformBonusActivity",
            "com.melot.meshow.room.redpackage.RedPacketActivity",
            "com.melot.meshow.userreport.UserReport",
            "com.melot.meshow.userreport.UserReportResult",
            "com.melot.meshow.userreport.UserReportRule",
            "com.melot.meshow.welfare.WelfareActivity",
            "com.melot.meshow.widget.MobileJiFenWebView",
            "com.melot.meshow.work.UserWorkActivity",
            "com.melot.meshow.wxapi.WXEntryActivity",
            "com.melot.meshow.wxapi.WXPayEntryActivity",
            "com.melot.meshow.zmcert.ApplyFamilyActivity",
            "com.melot.meshow.zmcert.ApplyPersonalActivity",
            "com.melot.meshow.zmcert.DisplayPersonalActivity",
            "com.melot.meshow.zmcert.ZMCertStateActivity",
            "com.sina.weibo.sdk.share.WbShareResultActivity",
            "com.sina.weibo.sdk.share.WbShareToStoryActivity",
            "com.sina.weibo.sdk.share.WbShareTransActivity",
            "com.sina.weibo.sdk.web.WeiboSdkWebActivity",
            "com.tencent.connect.common.AssistActivity",
            "com.tencent.tauth.AuthActivity",
            "com.unionpay.UPPayWapActivity",
            "com.unionpay.uppay.PayActivity",
            "com.vivo.push.sdk.LinkProxyClientActivity",
            "com.zhihu.matisse.internal.ui.AlbumPreviewActivity",
            "com.zhihu.matisse.internal.ui.SelectedPreviewActivity",
            "com.zhihu.matisse.ui.MatisseActivity"
        ],
        "services": [
            "com.huawei.hms.support.api.push.service.HmsMsgService",
            "com.igexin.sdk.OppoAppPushService",
            "com.igexin.sdk.OppoPushService",
            "com.igexin.sdk.PushService",
            "com.meizu.cloud.pushsdk.NotificationService",
            "com.melot.meshow.main.videoedit.MusicService",
            "com.melot.meshow.pushserver.GexinReceiver",
            "com.melot.meshow.pushserver.PushService",
            "com.vivo.push.sdk.service.CommandClientService",
            "com.xiaomi.mipush.sdk.MessageHandleService",
            "com.xiaomi.mipush.sdk.PushMessageHandler"
        ],
        "receivers": [
            "com.igexin.sdk.FlymePushReceiver",
            "com.igexin.sdk.HmsPushReceiver",
            "com.igexin.sdk.HmsPushSubReceiver",
            "com.igexin.sdk.MiuiPushReceiver",
            "com.igexin.sdk.PushReceiver",
            "com.igexin.sdk.VivoPushMessageReceiver",
            "com.meizu.cloud.pushsdk.SystemReceiver",
            "com.melot.kkcommon.receiver.NetWorkStateReceiver",
            "com.melot.meshow.room.openplatform.share.AppRegister"
        ]
    },
    "stats": {
        "dex_count": 6,
        "native_lib_count": 62
    },
    "jadx": {
        "status": "ok",
        "duration_sec": 59.44,
        "sources_present": true,
        "java_file_count": 15675
    },
    "ast_analysis": {
        "location": 2,
        "microphone": 13,
        "camera": 71,
        "media_projection": 8,
        "dynamic_load": 0,
        "jni": 59
    },
    "analysis_state": "complete"
}