{
    "apk_name": "B04C951DFA055FF76D856C071B020A6E9B6C2CDBCE48D98C9CE41A8BCB141590",
    "sha256": "b04c951dfa055ff76d856c071b020a6e9b6c2cdbce48d98c9ce41a8bcb141590",
    "metadata": {
        "package_name": "com.ximalaya.ting.android",
        "version_code": "538",
        "version_name": "9.0.75.3",
        "min_sdk": "21",
        "target_sdk": "28",
        "permissions": [
            "android.permission.ACCESS_COARSE_LOCATION",
            "android.permission.ACCESS_NETWORK_STATE",
            "android.permission.ACCESS_WIFI_STATE",
            "android.permission.BLUETOOTH",
            "android.permission.BLUETOOTH_ADMIN",
            "android.permission.CAMERA",
            "android.permission.CHANGE_NETWORK_STATE",
            "android.permission.CHANGE_WIFI_MULTICAST_STATE",
            "android.permission.CHANGE_WIFI_STATE",
            "android.permission.DISABLE_KEYGUARD",
            "android.permission.EXPAND_STATUS_BAR",
            "android.permission.FOREGROUND_SERVICE",
            "android.permission.GET_ACCOUNTS",
            "android.permission.INTERNET",
            "android.permission.LOCAL_MAC_ADDRESS",
            "android.permission.MODIFY_AUDIO_SETTINGS",
            "android.permission.NFC",
            "android.permission.QUERY_ALL_PACKAGES",
            "android.permission.READ_CALENDAR",
            "android.permission.READ_CONTACTS",
            "android.permission.READ_EXTERNAL_STORAGE",
            "android.permission.READ_LOGS",
            "android.permission.READ_PHONE_STATE",
            "android.permission.READ_PRIVILEGED_PHONE_STATE",
            "android.permission.RECORD_AUDIO",
            "android.permission.REORDER_TASKS",
            "android.permission.REQUEST_IGNORE_BATTERY_OPTIMIZATIONS",
            "android.permission.REQUEST_INSTALL_PACKAGES",
            "android.permission.SCHEDULE_EXACT_ALARM",
            "android.permission.SYSTEM_ALERT_WINDOW",
            "android.permission.SYSTEM_OVERLAY_WINDOW",
            "android.permission.USE_CREDENTIALS",
            "android.permission.VIBRATE",
            "android.permission.WAKE_LOCK",
            "android.permission.WRITE_CALENDAR",
            "android.permission.WRITE_EXTERNAL_STORAGE",
            "android.permission.WRITE_INTERNAL_STORAGE",
            "android.permission.WRITE_SETTINGS",
            "com.android.launcher.permission.INSTALL_SHORTCUT",
            "com.android.launcher.permission.READ_SETTINGS",
            "com.asus.msa.SupplementaryDID.ACCESS",
            "com.coloros.mcs.permission.RECIEVE_MCS_MESSAGE",
            "com.heytap.mcs.permission.RECIEVE_MCS_MESSAGE",
            "com.hihonor.push.permission.READ_PUSH_NOTIFICATION_INFO",
            "com.huawei.android.launcher.permission.CHANGE_BADGE",
            "com.huawei.android.launcher.permission.READ_SETTINGS",
            "com.huawei.android.launcher.permission.WRITE_SETTINGS",
            "com.huawei.appmarket.service.commondata.permission.GET_COMMON_DATA",
            "com.huawei.hicar.APP_RECIEVE_PERMISSION",
            "com.huawei.hicar.HICAR_PERMISSION",
            "com.oppo.launcher.permission.CHANGE_BADGE",
            "com.oppo.launcher.permission.READ_SETTINGS",
            "com.oppo.launcher.permission.WRITE_SETTINGS",
            "com.sec.android.provider.badge.permission.READ",
            "com.sec.android.provider.badge.permission.WRITE",
            "com.sonyericsson.home.permission.BROADCAST_BADGE",
            "com.sonymobile.home.permission.PROVIDER_INSERT_BADGE",
            "com.vivo.notification.permission.BADGE_ICON",
            "com.xiaomi.permission.AUTH_SERVICE",
            "com.ximalaya.ting.android.XmGetuiLocalBroadCastReceiver.permission_receive",
            "com.ximalaya.ting.android.XmGetuiLocalBroadCastReceiver.permission_send",
            "com.ximalaya.ting.android.host.manager.bundleframework.receiver.permission_receive",
            "com.ximalaya.ting.android.host.manager.bundleframework.receiver.permission_send",
            "com.ximalaya.ting.android.host.manager.device.DeviceBroadcastReceiver.permission_receive",
            "com.ximalaya.ting.android.host.manager.device.DeviceBroadcastReceiver.permission_send",
            "com.ximalaya.ting.android.host.util.database.TingSharedDataContentProvider_DEFAULT_PERMISSION",
            "com.ximalaya.ting.android.host.util.database.TrackContentProvider_DEFAULT_PERMISSION",
            "com.ximalaya.ting.android.mm.internal.analyzer.receiver.permission_receive",
            "com.ximalaya.ting.android.mm.internal.analyzer.receiver.permission_send",
            "com.ximalaya.ting.android.openadsdk.permission.TT_PANGOLIN",
            "com.ximalaya.ting.android.permission.KW_SDK_BROADCAST",
            "com.ximalaya.ting.android.permission.MIPUSH_RECEIVE",
            "com.ximalaya.ting.android.permission.PROCESS_PUSH_MSG",
            "com.ximalaya.ting.android.permission.PUSH_PROVIDER",
            "com.ximalaya.ting.android.remotelog.LOG_PERMISSION",
            "freemme.permission.msa",
            "getui.permission.GetuiService.com.ximalaya.ting.android",
            "org.simalliance.openmobileapi.SMARTCARD"
        ],
        "activities": [
            "cn.com.spdb.spdbpay.XiaoPuPayActivity",
            "com.alibaba.security.biometrics.activity.ALBiometricsActivity",
            "com.alibaba.security.biometrics.activity.ALModelLoadingActivity",
            "com.alibaba.security.biometrics.face.auth.FaceLivenessActivity",
            "com.alibaba.security.realidentity.activity.RPTakePhotoActivity",
            "com.alibaba.security.realidentity.activity.RPWebViewActivity",
            "com.alibaba.security.rp.activity.RPH5Activity",
            "com.alibaba.security.rp.activity.RPTakePhotoActivity",
            "com.alibaba.wireless.security.framework.SGProxyActivity",
            "com.alibaba.wireless.security.open.middletier.fc.ui.ContainerActivity",
            "com.alipay.sdk.app.AlipayResultActivity",
            "com.alipay.sdk.app.H5AuthActivity",
            "com.alipay.sdk.app.H5PayActivity",
            "com.alipay.sdk.app.PayResultActivity",
            "com.alipay.sdk.auth.AuthActivity",
            "com.bytedance.sdk.openadsdk.stub.activity.Stub_Activity",
            "com.bytedance.sdk.openadsdk.stub.activity.Stub_SingleTask_Activity",
            "com.bytedance.sdk.openadsdk.stub.activity.Stub_SingleTask_Activity_T",
            "com.bytedance.sdk.openadsdk.stub.activity.Stub_Standard_Activity",
            "com.bytedance.sdk.openadsdk.stub.activity.Stub_Standard_Activity_T",
            "com.bytedance.sdk.openadsdk.stub.activity.Stub_Standard_Landscape_Activity",
            "com.bytedance.sdk.openadsdk.stub.activity.Stub_Standard_Portrait_Activity",
            "com.ccb.longzf.activity.CcbH5PayActivity",
            "com.ccb.longzf.activity.ResultActivity",
            "com.ccbsdk.ui.activity.BaseWebViewActivity",
            "com.ccbsdk.ui.activity.CCBBaseWebViewActivity",
            "com.ccbsdk.ui.activity.CCBDefaultWebViewActivity",
            "com.chuanglan.shanyan_sdk.view.CmccLoginActivity",
            "com.facebook.react.devsupport.DevSettingsActivity",
            "com.huawei.hms.activity.BridgeActivity",
            "com.huawei.hms.activity.EnableServiceActivity",
            "com.huawei.updatesdk.service.otaupdate.AppUpdateActivity",
            "com.huawei.updatesdk.support.pm.PackageInstallerActivity",
            "com.idlefish.flutterboost.containers.FlutterBoostActivity",
            "com.igexin.sdk.GActivity",
            "com.igexin.sdk.GetuiActivity",
            "com.igexin.sdk.PushActivity",
            "com.io.tl.android.face.MotionDetectActivity",
            "com.io.tl.android.ocr.OcrIdCardActivity",
            "com.io.tl.android.ocr.camera.CameraActivity",
            "com.io.tl.android.ui.activity.LoanHomeAct",
            "com.io.tl.android.ui.activity.ResultActivity",
            "com.io.tl.android.ui.activity.WebAct",
            "com.jd.ad.sdk.activity.JadWebviewActivity",
            "com.jdpaysdk.author.AuthorActivity",
            "com.jdpaysdk.author.browser.BrowserActivity",
            "com.kwad.sdk.api.proxy.app.AdWebViewActivity",
            "com.kwad.sdk.api.proxy.app.BaseFragmentActivity$DeveloperConfigActivity",
            "com.kwad.sdk.api.proxy.app.BaseFragmentActivity$EpisodeDetailActivity",
            "com.kwad.sdk.api.proxy.app.BaseFragmentActivity$FragmentActivity1",
            "com.kwad.sdk.api.proxy.app.BaseFragmentActivity$FragmentActivity10",
            "com.kwad.sdk.api.proxy.app.BaseFragmentActivity$FragmentActivity2",
            "com.kwad.sdk.api.proxy.app.BaseFragmentActivity$FragmentActivity3",
            "com.kwad.sdk.api.proxy.app.BaseFragmentActivity$FragmentActivity4",
            "com.kwad.sdk.api.proxy.app.BaseFragmentActivity$FragmentActivity5",
            "com.kwad.sdk.api.proxy.app.BaseFragmentActivity$FragmentActivity6",
            "com.kwad.sdk.api.proxy.app.BaseFragmentActivity$FragmentActivity7",
            "com.kwad.sdk.api.proxy.app.BaseFragmentActivity$FragmentActivity8",
            "com.kwad.sdk.api.proxy.app.BaseFragmentActivity$FragmentActivity9",
            "com.kwad.sdk.api.proxy.app.BaseFragmentActivity$FragmentActivitySingleInstance1",
            "com.kwad.sdk.api.proxy.app.BaseFragmentActivity$FragmentActivitySingleInstance2",
            "com.kwad.sdk.api.proxy.app.BaseFragmentActivity$FragmentActivitySingleTop1",
            "com.kwad.sdk.api.proxy.app.BaseFragmentActivity$FragmentActivitySingleTop2",
            "com.kwad.sdk.api.proxy.app.BaseFragmentActivity$KsTrendsActivity",
            "com.kwad.sdk.api.proxy.app.BaseFragmentActivity$ProfileHomeActivity",
            "com.kwad.sdk.api.proxy.app.BaseFragmentActivity$ProfileVideoDetailActivity",
            "com.kwad.sdk.api.proxy.app.BaseFragmentActivity$TubeDetailActivity",
            "com.kwad.sdk.api.proxy.app.BaseFragmentActivity$TubeProfileActivity",
            "com.kwad.sdk.api.proxy.app.FeedDownloadActivity",
            "com.kwad.sdk.api.proxy.app.KSRewardLandScapeVideoActivity",
            "com.kwad.sdk.api.proxy.app.KsFullScreenLandScapeVideoActivity",
            "com.kwad.sdk.api.proxy.app.KsFullScreenVideoActivity",
            "com.kwad.sdk.api.proxy.app.KsRewardVideoActivity",
            "com.ledong.lib.leto.main.FunctionActivity",
            "com.ledong.lib.leto.main.LetoActivity",
            "com.ledong.lib.leto.main.LetoActivityL",
            "com.ledong.lib.leto.main.LetoDownloadActivity",
            "com.ledong.lib.leto.main.LetoWebContainerActivity",
            "com.ledong.lib.leto.main.LockScreenActivity",
            "com.ledong.lib.leto.main.PPAdWebActivity",
            "com.ledong.lib.leto.main.WebPayActivity",
            "com.ledong.lib.leto.main.WebViewActivity",
            "com.ledong.lib.leto.mgc.MeActivity",
            "com.ledong.lib.leto.scancode.ui.activity.ScanCaptureActivity",
            "com.ledong.lib.minigame.AllCategoryActivity",
            "com.ledong.lib.minigame.AllRankingActivity",
            "com.ledong.lib.minigame.ChallengeAwardActivity",
            "com.ledong.lib.minigame.ChallengeGameListActivity",
            "com.ledong.lib.minigame.ChallengeRuleActivity",
            "com.ledong.lib.minigame.ChallengeTaskDetailActivity",
            "com.ledong.lib.minigame.FavoriteActivity",
            "com.ledong.lib.minigame.GameCenterActivity",
            "com.ledong.lib.minigame.GameCenterH5Activity",
            "com.ledong.lib.minigame.GameCenterTabActivity",
            "com.ledong.lib.minigame.GameGridActivity",
            "com.ledong.lib.minigame.GameTaskDetailActivity",
            "com.ledong.lib.minigame.LadderAwardActivity",
            "com.ledong.lib.minigame.LadderGameDetailActivity",
            "com.ledong.lib.minigame.LadderGameListActivity",
            "com.ledong.lib.minigame.LadderGameRankActivity",
            "com.ledong.lib.minigame.NavCategoryActivity",
            "com.ledong.lib.minigame.PPGameDetailActivity",
            "com.ledong.lib.minigame.PPTrialHomeActivity",
            "com.ledong.lib.minigame.SearchActivity",
            "com.ledong.lib.minigame.SingleGameListActivity",
            "com.ledong.lib.minigame.TrainingGameListActivity",
            "com.leto.game.base.view.photopicker.PhotoPagerActivity",
            "com.leto.game.base.view.photopicker.PhotoPickerActivity",
            "com.maplehaze.adsdk.AdDialogActivity",
            "com.maplehaze.adsdk.MHFullVideoActivity",
            "com.maplehaze.adsdk.MHRewardVideoActivity",
            "com.maplehaze.adsdk.WebViewActivity",
            "com.maplehaze.adsdk.extra.NSActivity",
            "com.mcto.sspsdk.feedback.FeedBackActivity",
            "com.mcto.sspsdk.ssp.activity.QyDetailPageActivityNew",
            "com.mcto.sspsdk.ssp.activity.QyTrueViewActivity",
            "com.mgc.leto.game.base.login.MgcLoginActivity",
            "com.mgc.leto.game.base.main.IntegralDownloadTaskActivity",
            "com.mgc.leto.game.base.main.LetoRewardedVideoActivity",
            "com.mgc.leto.game.base.main.LetoRewardedVideoActivityL",
            "com.mgc.leto.game.base.main.PushAppActivity",
            "com.mgc.leto.game.base.main.TMRewardedVideoActivity",
            "com.mgc.leto.game.base.mgc.BankAccountActivity",
            "com.mgc.leto.game.base.mgc.ExchangeActivity",
            "com.mgc.leto.game.base.mgc.WithdrawActivity",
            "com.mgc.leto.game.base.mgc.WithdrawHistoryActivity",
            "com.mob.guard.MobTranPullLockActivity",
            "com.mob.guard.MobTranPullUpActivity",
            "com.mob.id.MobIDActivity",
            "com.mob.id.MobIDSYActivity",
            "com.out.UPAuthActivity",
            "com.qq.e.ads.DialogActivity",
            "com.sina.weibo.sdk.component.WeiboSdkBrowser",
            "com.sina.weibo.sdk.share.ShareChatActivity",
            "com.sina.weibo.sdk.share.ShareResultActivity",
            "com.sina.weibo.sdk.share.ShareStoryActivity",
            "com.sina.weibo.sdk.share.ShareTransActivity",
            "com.sina.weibo.sdk.web.WebActivity",
            "com.ss.android.downloadlib.activity.JumpKllkActivity",
            "com.ss.android.downloadlib.activity.TTDelegateActivity",
            "com.ss.android.downloadlib.addownload.compliance.AppDetailInfoActivity",
            "com.ss.android.downloadlib.addownload.compliance.AppPrivacyPolicyActivity",
            "com.ss.android.socialbase.appdownloader.view.DownloadTaskDeleteActivity",
            "com.ss.android.socialbase.appdownloader.view.JumpUnknownSourceActivity",
            "com.tencent.connect.common.AssistActivity",
            "com.tencent.tauth.AuthActivity",
            "com.unionpay.UPPayWapActivity",
            "com.unionpay.uppay.PayActivity",
            "com.vivo.push.sdk.LinkProxyClientActivity",
            "com.xiaomi.account.openauth.AuthorizeActivity",
            "com.xiaomi.assemble.control.DistributeActivity",
            "com.xiaomi.mipush.sdk.NotificationClickedActivity",
            "com.ximalaya.android.liteapp.devsupport.DevLauncherActivity",
            "com.ximalaya.android.liteapp.launcher.LiteAppLauncherActivity",
            "com.ximalaya.android.liteapp.liteprocess.context.LiteProcessActivity",
            "com.ximalaya.android.liteapp.liteprocess.context.LiteProcessActivity1",
            "com.ximalaya.android.liteapp.liteprocess.context.LiteProcessActivity2",
            "com.ximalaya.android.liteapp.liteprocess.context.LiteProcessActivity3",
            "com.ximalaya.android.liteapp.liteprocess.context.LiteProcessActivity4",
            "com.ximalaya.android.liteapp.liteprocess.context.LiteProcessActivity5",
            "com.ximalaya.android.liteapp.services.hostdepend.picker.PickerActivity",
            "com.ximalaya.android.liteapp.services.hostdepend.picker.PreviewActivity",
            "com.ximalaya.reactnative.context.ReactActivity",
            "com.ximalaya.reactnative.debug.DebugRNActivity",
            "com.ximalaya.ting.android.ADActivity",
            "com.ximalaya.ting.android.LandscapeADActivity",
            "com.ximalaya.ting.android.PortraitADActivity",
            "com.ximalaya.ting.android.RewardvideoLandscapeADActivity",
            "com.ximalaya.ting.android.RewardvideoPortraitADActivity",
            "com.ximalaya.ting.android.activity.PageInfoShowActivity",
            "com.ximalaya.ting.android.activity.PushRouterActivity",
            "com.ximalaya.ting.android.activity.TranslucentFixPermissionWhiteBugActivity",
            "com.ximalaya.ting.android.activity.account.LoginActivity",
            "com.ximalaya.ting.android.activity.pay.BocPayResultActivity",
            "com.ximalaya.ting.android.activity.pay.SpdbPayActivity",
            "com.ximalaya.ting.android.adsdk.ADActivity",
            "com.ximalaya.ting.android.adsdk.TranslucentThemeAdActivity",
            "com.ximalaya.ting.android.adsdk.aggregationsdk.rewardvideoad.view.CSJDrawAdActivity",
            "com.ximalaya.ting.android.adsdk.aggregationsdk.rewardvideoad.view.XmRewardVideoAdActivity",
            "com.ximalaya.ting.android.host.activity.AlarmScreenActivity",
            "com.ximalaya.ting.android.host.activity.CSJDrawAdActivity",
            "com.ximalaya.ting.android.host.activity.ChildSleepLockScreenActivity",
            "com.ximalaya.ting.android.host.activity.FixLaunchModeActivity",
            "com.ximalaya.ting.android.host.activity.FixXiaomiInterceptOpenAppActivity",
            "com.ximalaya.ting.android.host.activity.GuideUserActivity",
            "com.ximalaya.ting.android.host.activity.LockScreenActivity",
            "com.ximalaya.ting.android.host.activity.MainActivity",
            "com.ximalaya.ting.android.host.activity.PrivacyHintActivity",
            "com.ximalaya.ting.android.host.activity.SmsLoginDialogActivity",
            "com.ximalaya.ting.android.host.activity.SplashAdActivity",
            "com.ximalaya.ting.android.host.activity.TestActivity",
            "com.ximalaya.ting.android.host.activity.VideoAdTaskBridgeActivity",
            "com.ximalaya.ting.android.host.activity.login.ChooseCountryActivity",
            "com.ximalaya.ting.android.host.activity.login.LoginActivity",
            "com.ximalaya.ting.android.host.activity.login.LoginGuideActivity",
            "com.ximalaya.ting.android.host.activity.login.SsoAuthorizeActivity",
            "com.ximalaya.ting.android.host.activity.login.ThirdLoginTranslucentActivity",
            "com.ximalaya.ting.android.host.activity.login.XmAuthorizeActivity",
            "com.ximalaya.ting.android.host.activity.multidex.LoadResActivity",
            "com.ximalaya.ting.android.host.activity.web.WebActivity",
            "com.ximalaya.ting.android.host.activity.web.WebActivityDuiBaMall",
            "com.ximalaya.ting.android.host.car.hicar.HiCarActivity",
            "com.ximalaya.ting.android.host.car.samsung.SamsungActivity",
            "com.ximalaya.ting.android.host.car.vivo.VivoActivity",
            "com.ximalaya.ting.android.host.ccb.CCBH5CustomActivity",
            "com.ximalaya.ting.android.host.drivemode.DriveModeActivity",
            "com.ximalaya.ting.android.host.drivemode.DriveModeActivityV2",
            "com.ximalaya.ting.android.host.drivemode.DriveModeActivityV3",
            "com.ximalaya.ting.android.host.manager.ad.thirdgamead.view.ThirdGameLandWebViewActivity",
            "com.ximalaya.ting.android.host.manager.ad.thirdgamead.view.ThirdGameWebViewActivity",
            "com.ximalaya.ting.android.host.manager.ad.videoad.VideoAdActivity",
            "com.ximalaya.ting.android.host.manager.ad.webad.AdWebViewWithVideoPlayerActivity",
            "com.ximalaya.ting.android.host.manager.share.ShareRewardRuleActivity",
            "com.ximalaya.ting.android.host.memory.MemoryMonitorDetailActivity",
            "com.ximalaya.ting.android.host.memory.MemoryMonitorListActivity",
            "com.ximalaya.ting.android.kids.KidsHomeActivity",
            "com.ximalaya.ting.android.kids.activity.HostCompatibleActivity",
            "com.ximalaya.ting.android.main.activity.account.CollectUserActivity",
            "com.ximalaya.ting.android.main.activity.share.PlayShareActivity",
            "com.ximalaya.ting.android.main.activity.share.WBShareActivity",
            "com.ximalaya.ting.android.main.activity.test.TestActivity",
            "com.ximalaya.ting.android.pay.wxpay.XMWXPayEntryActivity",
            "com.ximalaya.ting.android.reactnative.debug.DebugActivity",
            "com.ximalaya.ting.android.read.activity.ImagePreviewActivity",
            "com.ximalaya.ting.android.rnunionpay.ccbsdkpay.CCBSdkPayResultActivity",
            "com.ximalaya.ting.android.rnunionpay.spdbpay.SpdbResultActivity",
            "com.ximalaya.ting.android.shareservice.SinaWBShareActivity",
            "com.ximalaya.ting.android.smartdevice.activity.SmartDeviceMainActivity",
            "com.ximalaya.ting.android.smartdevice.bleconnect.BleWifiConnectActivity",
            "com.ximalaya.ting.android.smartdevice.bleconnect.ScreenAuthorizationActivity",
            "com.ximalaya.ting.android.smartdevice.bleconnect.WifiConnectFailActivity",
            "com.ximalaya.ting.android.smartdevice.bleconnect.newguide.GuideVipActivity",
            "com.ximalaya.ting.android.smartdevice.rubikscube.activity.RubikCubeActivity",
            "com.ximalaya.ting.android.smartdevice.tws.CustomGesturesActivity",
            "com.ximalaya.ting.android.smartdevice.tws.SwitchGlassesFrameActivity",
            "com.ximalaya.ting.android.smartdevice.tws.TwsBaseSetActivity",
            "com.ximalaya.ting.android.smartdevice.tws.TwsBaseSetActivityNew",
            "com.ximalaya.ting.android.smartdevice.tws.TwsBindActivity",
            "com.ximalaya.ting.android.smartdevice.tws.TwsDeviceInfoActivity",
            "com.ximalaya.ting.android.smartdevice.tws.TwsListeningModeActivity",
            "com.ximalaya.ting.android.smartdevice.tws.TwsOtaActivity",
            "com.ximalaya.ting.android.smartdevice.tws.VoiceCommandActivity",
            "com.ximalaya.ting.android.smartdevice.tws.WearAlineActivity",
            "com.ximalaya.ting.android.watch.activity.WatchMainActivity",
            "com.ximalaya.ting.android.wxcallback.wxsharelogin.XMWXEntryActivity",
            "com.ximalaya.ting.android.xmpushservice.getui.GeTuiGuardIgnoreDauActivity",
            "com.xmly.android.abcpaymodule.AbcPayResultActivity",
            "com.xmly.android.ccbpaymodule.CcbResultActivity",
            "com.yalantis.ucrop.UCropActivity",
            "sdk.meizu.auth.ui.AuthActivity"
        ],
        "services": [
            "com.android.inputmethod.pinyin.PinyinDecoderService",
            "com.baidu.location.f",
            "com.getui.gtc.GtcService",
            "com.huawei.agconnect.core.ServiceDiscovery",
            "com.huawei.hms.support.api.push.service.HmsMsgService",
            "com.igexin.sdk.GService",
            "com.igexin.sdk.PushService",
            "com.kwad.sdk.api.proxy.app.DownloadService",
            "com.kwad.sdk.api.proxy.app.FileDownloadService$SeparateProcessService",
            "com.kwad.sdk.api.proxy.app.FileDownloadService$SharedMainProcessService",
            "com.kwad.sdk.api.proxy.app.ServiceProxyRemote",
            "com.kwai.koom.javaoom.monitor.analysis.HeapAnalysisService",
            "com.ledong.lib.leto.main.LetoService",
            "com.ledong.lib.leto.service.LetoDownloadService",
            "com.maplehaze.adsdk.extra.NSService",
            "com.mgc.leto.game.base.remote.HostApiService",
            "com.mgc.leto.game.base.service.LetoAdDownloadService",
            "com.mob.MobACService",
            "com.mob.guard.MobGuardPullUpService",
            "com.mob.id.MobIDService",
            "com.ss.android.socialbase.appdownloader.DownloadHandlerService",
            "com.ss.android.socialbase.appdownloader.RetryJobSchedulerService",
            "com.ss.android.socialbase.downloader.downloader.DownloadService",
            "com.ss.android.socialbase.downloader.downloader.IndependentProcessDownloadService",
            "com.ss.android.socialbase.downloader.downloader.SqlDownloadCacheService",
            "com.ss.android.socialbase.downloader.impls.DownloadHandleService",
            "com.ss.android.socialbase.downloader.notification.DownloadNotificationService",
            "com.taobao.uc.service.GpuProcessService0",
            "com.taobao.uc.service.SandboxedPrivilegedProcessService0",
            "com.taobao.uc.service.SandboxedProcessService0",
            "com.tencent.smtt.export.external.DexClassLoaderProviderService",
            "com.vivo.push.sdk.service.CommandClientService",
            "com.xiaomi.assemble.control.COSAppPushMessageService",
            "com.xiaomi.assemble.control.COSPushMessageService",
            "com.xiaomi.assemble.control.HmsPushService",
            "com.xiaomi.mipush.sdk.MessageHandleService",
            "com.xiaomi.mipush.sdk.PushMessageHandler",
            "com.xiaomi.push.service.XMJobService",
            "com.xiaomi.push.service.XMPushService",
            "com.ximalaya.android.liteapp.process.messaging.client.LiteProcessService",
            "com.ximalaya.android.liteapp.process.messaging.client.LiteProcessService1",
            "com.ximalaya.android.liteapp.process.messaging.client.LiteProcessService2",
            "com.ximalaya.android.liteapp.process.messaging.client.LiteProcessService3",
            "com.ximalaya.android.liteapp.process.messaging.client.LiteProcessService4",
            "com.ximalaya.android.liteapp.process.messaging.client.LiteProcessService5",
            "com.ximalaya.android.liteapp.process.messaging.service.LiteMessengerService",
            "com.ximalaya.ting.android.DownloadService",
            "com.ximalaya.ting.android.car.ccsdl.SdlService",
            "com.ximalaya.ting.android.car.hicar.huawei.HiCarMediaService",
            "com.ximalaya.ting.android.framework.service.DownloadService",
            "com.ximalaya.ting.android.host.AssistService",
            "com.ximalaya.ting.android.host.XiMaLaYaService",
            "com.ximalaya.ting.android.host.car.hicar.HiCarService",
            "com.ximalaya.ting.android.host.manager.bundleframework.BundleManager.XMPatchResultService",
            "com.ximalaya.ting.android.host.manager.bundleframework.BundleManager.XMPatchService",
            "com.ximalaya.ting.android.host.push.XmHonorMsgService",
            "com.ximalaya.ting.android.host.service.DeviceIntentService",
            "com.ximalaya.ting.android.host.service.UpdateService",
            "com.ximalaya.ting.android.host.service.XiaoaiControllService",
            "com.ximalaya.ting.android.host.service.XmRecorderKeepService",
            "com.ximalaya.ting.android.mm.internal.analyzer.XmLeakAnalysisService",
            "com.ximalaya.ting.android.myclub.ForegroundNotificationService",
            "com.ximalaya.ting.android.opensdk.player.service.SustainedListenService",
            "com.ximalaya.ting.android.opensdk.player.service.XmPlayerService",
            "com.ximalaya.ting.android.packetcapture.vpn.processparse.PortHostService",
            "com.ximalaya.ting.android.packetcapture.vpn.service.FirewallVpnService",
            "com.ximalaya.ting.android.smartdevice.service.DmcUpnpService",
            "com.ximalaya.ting.android.voicewake.service.VoiceWakeService",
            "com.ximalaya.ting.android.watchdog.WatchDogService",
            "com.ximalaya.ting.android.xmpushservice.getui.XmGeTuiIntentService",
            "com.ximalaya.ting.android.xmpushservice.getui.XmGeTuiPushService",
            "com.ximalaya.ting.android.xmpushservice.getui.XmGeTuiRegisterThirdTokenService"
        ],
        "receivers": [
            "com.hihonor.push.sdk.PushReceiver",
            "com.huawei.hms.support.api.push.PushMsgReceiver",
            "com.huawei.hms.support.api.push.PushReceiver",
            "com.igexin.sdk.PushReceiver",
            "com.maplehaze.adsdk.WebViewActivity$DownloadReceiver",
            "com.maplehaze.adsdk.comm.NotificationBroadcastReceiver",
            "com.mgc.leto.game.base.service.LetoPackageAddReceiver",
            "com.ss.android.downloadlib.core.download.DownloadReceiver",
            "com.xiaomi.assemble.control.FTOSPushMessageReceiver",
            "com.xiaomi.push.service.receivers.NetworkStatusReceiver",
            "com.xiaomi.push.service.receivers.PingReceiver",
            "com.ximalaya.ting.android.adsdk.broadcast.XmAdBroadCast",
            "com.ximalaya.ting.android.host.appwidget.HonorCardAudioBookWidget4x2",
            "com.ximalaya.ting.android.host.appwidget.HonorCardBrandCardWidget2x2",
            "com.ximalaya.ting.android.host.appwidget.HonorCardBrandCardWidget4x2",
            "com.ximalaya.ting.android.host.appwidget.HonorCardCrossTalkWidget4x2",
            "com.ximalaya.ting.android.host.appwidget.HonorCardFlatContentWidget2x2",
            "com.ximalaya.ting.android.host.appwidget.HonorCardFlatContentWidget4x2",
            "com.ximalaya.ting.android.host.appwidget.HonorCardHotNewsWidget4x2",
            "com.ximalaya.ting.android.host.manager.ad.apidownload.AdApiDownloadReceiver",
            "com.ximalaya.ting.android.host.manager.ad.download.AdDownloadNotificationBroadcast",
            "com.ximalaya.ting.android.host.receiver.AlarmReceiverForDailyNews",
            "com.ximalaya.ting.android.host.receiver.AlarmReceiverNew",
            "com.ximalaya.ting.android.opensdk.player.appwidget.WidgetProvider",
            "com.ximalaya.ting.android.opensdk.player.receive.PlayerReceiver",
            "com.ximalaya.ting.android.opensdk.player.receive.WireControlReceiver",
            "com.ximalaya.ting.android.remotelog.LogReceiver",
            "com.ximalaya.ting.android.xmpushservice.DelegatePushReceiver"
        ],
        "permission_details": {
            "android.permission.ACCESS_COARSE_LOCATION": "dangerous",
            "android.permission.ACCESS_NETWORK_STATE": "normal",
            "android.permission.ACCESS_WIFI_STATE": "normal",
            "android.permission.BLUETOOTH": "normal",
            "android.permission.BLUETOOTH_ADMIN": "normal",
            "android.permission.CAMERA": "dangerous",
            "android.permission.CHANGE_NETWORK_STATE": "normal",
            "android.permission.CHANGE_WIFI_MULTICAST_STATE": "normal",
            "android.permission.CHANGE_WIFI_STATE": "normal",
            "android.permission.DISABLE_KEYGUARD": "normal",
            "android.permission.EXPAND_STATUS_BAR": "normal",
            "android.permission.FOREGROUND_SERVICE": "normal",
            "android.permission.GET_ACCOUNTS": "dangerous",
            "android.permission.INTERNET": "normal",
            "android.permission.LOCAL_MAC_ADDRESS": "unknown",
            "android.permission.MODIFY_AUDIO_SETTINGS": "normal",
            "android.permission.NFC": "normal",
            "android.permission.QUERY_ALL_PACKAGES": "normal",
            "android.permission.READ_CALENDAR": "dangerous",
            "android.permission.READ_CONTACTS": "dangerous",
            "android.permission.READ_EXTERNAL_STORAGE": "dangerous",
            "android.permission.READ_LOGS": "unlaballed",
            "android.permission.READ_PHONE_STATE": "dangerous",
            "android.permission.READ_PRIVILEGED_PHONE_STATE": "unknown",
            "android.permission.RECORD_AUDIO": "dangerous",
            "android.permission.REORDER_TASKS": "normal",
            "android.permission.REQUEST_IGNORE_BATTERY_OPTIMIZATIONS": "normal",
            "android.permission.REQUEST_INSTALL_PACKAGES": "signature",
            "android.permission.SCHEDULE_EXACT_ALARM": "signature",
            "android.permission.SYSTEM_ALERT_WINDOW": "signature",
            "android.permission.SYSTEM_OVERLAY_WINDOW": "unknown",
            "android.permission.USE_CREDENTIALS": "unknown",
            "android.permission.VIBRATE": "normal",
            "android.permission.WAKE_LOCK": "normal",
            "android.permission.WRITE_CALENDAR": "dangerous",
            "android.permission.WRITE_EXTERNAL_STORAGE": "dangerous",
            "android.permission.WRITE_INTERNAL_STORAGE": "unknown",
            "android.permission.WRITE_SETTINGS": "signature",
            "com.android.launcher.permission.INSTALL_SHORTCUT": "normal",
            "com.android.launcher.permission.READ_SETTINGS": "unknown",
            "com.asus.msa.SupplementaryDID.ACCESS": "unknown",
            "com.coloros.mcs.permission.RECIEVE_MCS_MESSAGE": "unknown",
            "com.heytap.mcs.permission.RECIEVE_MCS_MESSAGE": "unknown",
            "com.hihonor.push.permission.READ_PUSH_NOTIFICATION_INFO": "unknown",
            "com.huawei.android.launcher.permission.CHANGE_BADGE": "unknown",
            "com.huawei.android.launcher.permission.READ_SETTINGS": "unknown",
            "com.huawei.android.launcher.permission.WRITE_SETTINGS": "signature",
            "com.huawei.appmarket.service.commondata.permission.GET_COMMON_DATA": "unknown",
            "com.huawei.hicar.APP_RECIEVE_PERMISSION": "unknown",
            "com.huawei.hicar.HICAR_PERMISSION": "unknown",
            "com.oppo.launcher.permission.CHANGE_BADGE": "unknown",
            "com.oppo.launcher.permission.READ_SETTINGS": "unknown",
            "com.oppo.launcher.permission.WRITE_SETTINGS": "signature",
            "com.sec.android.provider.badge.permission.READ": "unknown",
            "com.sec.android.provider.badge.permission.WRITE": "unknown",
            "com.sonyericsson.home.permission.BROADCAST_BADGE": "unknown",
            "com.sonymobile.home.permission.PROVIDER_INSERT_BADGE": "unknown",
            "com.vivo.notification.permission.BADGE_ICON": "unknown",
            "com.xiaomi.permission.AUTH_SERVICE": "unknown",
            "com.ximalaya.ting.android.XmGetuiLocalBroadCastReceiver.permission_receive": "unknown",
            "com.ximalaya.ting.android.XmGetuiLocalBroadCastReceiver.permission_send": "unknown",
            "com.ximalaya.ting.android.host.manager.bundleframework.receiver.permission_receive": "unknown",
            "com.ximalaya.ting.android.host.manager.bundleframework.receiver.permission_send": "unknown",
            "com.ximalaya.ting.android.host.manager.device.DeviceBroadcastReceiver.permission_receive": "unknown",
            "com.ximalaya.ting.android.host.manager.device.DeviceBroadcastReceiver.permission_send": "unknown",
            "com.ximalaya.ting.android.host.util.database.TingSharedDataContentProvider_DEFAULT_PERMISSION": "unknown",
            "com.ximalaya.ting.android.host.util.database.TrackContentProvider_DEFAULT_PERMISSION": "unknown",
            "com.ximalaya.ting.android.mm.internal.analyzer.receiver.permission_receive": "unknown",
            "com.ximalaya.ting.android.mm.internal.analyzer.receiver.permission_send": "unknown",
            "com.ximalaya.ting.android.openadsdk.permission.TT_PANGOLIN": "unknown",
            "com.ximalaya.ting.android.permission.KW_SDK_BROADCAST": "unknown",
            "com.ximalaya.ting.android.permission.MIPUSH_RECEIVE": "unknown",
            "com.ximalaya.ting.android.permission.PROCESS_PUSH_MSG": "unknown",
            "com.ximalaya.ting.android.permission.PUSH_PROVIDER": "unknown",
            "com.ximalaya.ting.android.remotelog.LOG_PERMISSION": "unknown",
            "freemme.permission.msa": "unknown",
            "getui.permission.GetuiService.com.ximalaya.ting.android": "unknown",
            "org.simalliance.openmobileapi.SMARTCARD": "unknown"
        },
        "risk_counts": {
            "dangerous": 10,
            "normal": 19,
            "unknown": 42,
            "unlaballed": 1,
            "signature": 6
        }
    },
    "stats": {
        "dex_count": 17,
        "native_lib_count": 78
    },
    "jadx": {
        "status": "ok",
        "duration_sec": 216.85,
        "sources_present": true,
        "java_file_count": 33542
    },
    "ast_analysis": {
        "location": 7,
        "microphone": 8,
        "camera": 130,
        "media_projection": 4,
        "dynamic_load": 0,
        "jni": 77
    },
    "analysis_state": "complete"
}