{
    "apk_name": "A166FBCEBD6616AD898E78C1CF8B532DB337C673FDD156A18377981B5E44BF67",
    "sha256": "a166fbcebd6616ad898e78c1cf8b532db337c673fdd156a18377981b5e44bf67",
    "metadata": {
        "package_name": "com.truecaller",
        "version_code": "1022006",
        "version_name": "10.22.6",
        "min_sdk": "19",
        "target_sdk": "28",
        "permissions": [
            "android.permission.ACCESS_COARSE_LOCATION",
            "android.permission.ACCESS_FINE_LOCATION",
            "android.permission.ACCESS_NETWORK_STATE",
            "android.permission.ACCESS_NOTIFICATION_POLICY",
            "android.permission.ACCESS_WIFI_STATE",
            "android.permission.ALLOW_ANY_CODEC_FOR_PLAYBACK",
            "android.permission.ANSWER_PHONE_CALLS",
            "android.permission.AUTHENTICATE_ACCOUNTS",
            "android.permission.BIND_NOTIFICATION_LISTENER_SERVICE",
            "android.permission.CALL_PHONE",
            "android.permission.CALL_PRIVILEGED",
            "android.permission.CAMERA",
            "android.permission.CHANGE_NETWORK_STATE",
            "android.permission.DISABLE_KEYGUARD",
            "android.permission.FOREGROUND_SERVICE",
            "android.permission.GET_ACCOUNTS",
            "android.permission.INTERNET",
            "android.permission.MANAGE_ACCOUNTS",
            "android.permission.MMS_SEND_OUTBOX_MSG",
            "android.permission.MODIFY_AUDIO_SETTINGS",
            "android.permission.MODIFY_PHONE_STATE",
            "android.permission.PROCESS_OUTGOING_CALLS",
            "android.permission.READ_APP_BADGE",
            "android.permission.READ_CALL_LOG",
            "android.permission.READ_CONTACTS",
            "android.permission.READ_EXTERNAL_STORAGE",
            "android.permission.READ_PHONE_STATE",
            "android.permission.READ_PROFILE",
            "android.permission.READ_SMS",
            "android.permission.RECEIVE_BOOT_COMPLETED",
            "android.permission.RECEIVE_MMS",
            "android.permission.RECEIVE_SMS",
            "android.permission.RECORD_AUDIO",
            "android.permission.REQUEST_IGNORE_BATTERY_OPTIMIZATIONS",
            "android.permission.SEND_SMS",
            "android.permission.SYSTEM_ALERT_WINDOW",
            "android.permission.USE_CREDENTIALS",
            "android.permission.VIBRATE",
            "android.permission.WAKE_LOCK",
            "android.permission.WRITE_CALL_LOG",
            "android.permission.WRITE_CONTACTS",
            "android.permission.WRITE_EXTERNAL_STORAGE",
            "android.permission.WRITE_SETTINGS",
            "android.permission.WRITE_SMS",
            "com.anddoes.launcher.permission.UPDATE_COUNT",
            "com.android.launcher.permission.INSTALL_SHORTCUT",
            "com.android.vending.BILLING",
            "com.android.voicemail.permission.ADD_VOICEMAIL",
            "com.android.voicemail.permission.READ_VOICEMAIL",
            "com.android.voicemail.permission.WRITE_VOICEMAIL",
            "com.google.android.c2dm.permission.RECEIVE",
            "com.google.android.finsky.permission.BIND_GET_INSTALL_REFERRER_SERVICE",
            "com.google.android.providers.gsf.permission.READ_GSERVICES",
            "com.htc.launcher.permission.READ_SETTINGS",
            "com.htc.launcher.permission.UPDATE_SHORTCUT",
            "com.huawei.android.launcher.permission.CHANGE_BADGE",
            "com.huawei.android.launcher.permission.READ_SETTINGS",
            "com.huawei.android.launcher.permission.WRITE_SETTINGS",
            "com.majeur.launcher.permission.UPDATE_BADGE",
            "com.oppo.launcher.permission.READ_SETTINGS",
            "com.oppo.launcher.permission.WRITE_SETTINGS",
            "com.sec.android.provider.badge.permission.READ",
            "com.sec.android.provider.badge.permission.WRITE",
            "com.sonyericsson.home.permission.BROADCAST_BADGE",
            "com.sonymobile.home.permission.PROVIDER_INSERT_BADGE",
            "com.truecaller.permission.ACTION_HANDLER",
            "com.truecaller.permission.EDIT_PROFILE",
            "com.truecaller.permission.ENHANCED_NOTIFICATION",
            "com.truecaller.permission.SDK_ACTION_HANDLER",
            "com.truecaller.permission.USE_NUMBER_SERVICE",
            "me.everything.badger.permission.BADGE_COUNT_READ",
            "me.everything.badger.permission.BADGE_COUNT_WRITE"
        ],
        "activities": [
            "com.android.billingclient.api.ProxyBillingActivity",
            "com.clevertap.android.sdk.CTInboxActivity",
            "com.clevertap.android.sdk.InAppNotificationActivity",
            "com.facebook.CustomTabActivity",
            "com.facebook.CustomTabMainActivity",
            "com.facebook.FacebookActivity",
            "com.facebook.ads.AudienceNetworkActivity",
            "com.google.android.gms.ads.AdActivity",
            "com.google.android.gms.appinvite.PreviewActivity",
            "com.google.android.gms.auth.api.signin.internal.SignInHubActivity",
            "com.google.android.gms.common.api.GoogleApiActivity",
            "com.inmobi.rendering.InMobiAdActivity",
            "com.mopub.common.MoPubBrowser",
            "com.truecaller.ads.leadgen.LeadgenActivity",
            "com.truecaller.ads.qa.QaCampaignsActivity",
            "com.truecaller.ads.qa.QaKeywordsActivity",
            "com.truecaller.ads.ui.CustomNativeVideoAdActivity",
            "com.truecaller.aftercall.AfterCallPromotionActivity",
            "com.truecaller.backup.BackupContactsActivity",
            "com.truecaller.calling.after_call.AfterCallActivity",
            "com.truecaller.calling.initiate_call.SelectPhoneAccountActivity",
            "com.truecaller.calling.recorder.CallRecordingOnBoardingActivity",
            "com.truecaller.calling.recorder.CallRecordingSettingsActivity",
            "com.truecaller.consentrefresh.ConsentRefreshActivity",
            "com.truecaller.deeplink.DeepLinkHandlerActivity",
            "com.truecaller.duo.DuoHandlerActivity",
            "com.truecaller.essentialnumber.EssentialNumberActivity",
            "com.truecaller.essentialnumber.LocalServicesCategoryActivity",
            "com.truecaller.feature_toggles.control_panel.FeaturesControlPanelActivity",
            "com.truecaller.filters.blockedevents.BlockDialogActivity",
            "com.truecaller.filters.blockedevents.BlockedEventsActivity",
            "com.truecaller.filters.blockedlist.BlockedListActivity",
            "com.truecaller.flashsdk.ui.contactselector.FlashContactSelectorActivity",
            "com.truecaller.flashsdk.ui.incoming.FlashActivity",
            "com.truecaller.flashsdk.ui.onboarding.FlashOnBoardingActivity",
            "com.truecaller.flashsdk.ui.send.SendActivity",
            "com.truecaller.flashsdk.ui.whatsnew.FlashWithFriendsActivity",
            "com.truecaller.messaging.MessagesActivity",
            "com.truecaller.messaging.conversation.ConversationActivity",
            "com.truecaller.messaging.conversationinfo.ConversationInfoActivity",
            "com.truecaller.messaging.defaultsms.DefaultSmsActivity",
            "com.truecaller.messaging.newconversation.NewConversationActivity",
            "com.truecaller.messaging.notifications.ClassZeroActivity",
            "com.truecaller.messaging.quickreply.QuickReplyActivity",
            "com.truecaller.messaging.sharing.SharingActivity",
            "com.truecaller.messaging.smspermission.SmsPermissionActivity",
            "com.truecaller.notifications.SourcedContactListActivity",
            "com.truecaller.old.ui.activities.DialogActivity",
            "com.truecaller.old.ui.activities.DialogBrowserActivity",
            "com.truecaller.premium.PremiumActivity",
            "com.truecaller.premium.PremiumDialogActivity",
            "com.truecaller.profile.BusinessProfileOnboardingActivity",
            "com.truecaller.profile.business.CreateBusinessProfileActivity",
            "com.truecaller.remote_explorer.activities.AllowClientActivity",
            "com.truecaller.remote_explorer.activities.PreferenceClientActivity",
            "com.truecaller.remote_explorer.activities.PreferenceDetailActivity",
            "com.truecaller.scanner.NumberScannerActivity",
            "com.truecaller.scanner.barcode.BarcodeCaptureActivity",
            "com.truecaller.sdk.ConfirmProfileActivity",
            "com.truecaller.sdk.FullScreenConfirmActivity",
            "com.truecaller.search.global.GlobalSearchResultActivity",
            "com.truecaller.smsparser.SmartPromoActivity",
            "com.truecaller.swish.SwishInputActivity",
            "com.truecaller.swish.SwishResultActivity",
            "com.truecaller.tag.NameSuggestionActivity",
            "com.truecaller.tag.TagPickActivity",
            "com.truecaller.tcpermissions.AccessContactsActivity",
            "com.truecaller.tcpermissions.TcPermissionsHandlerActivity",
            "com.truecaller.truepay.app.ui.accounts.views.activities.ManageAccountsActivity",
            "com.truecaller.truepay.app.ui.bankList.BankListActivity",
            "com.truecaller.truepay.app.ui.dashboard.views.activities.DashboardActivity",
            "com.truecaller.truepay.app.ui.dashboard.views.activities.InvisibleFallbackActivity",
            "com.truecaller.truepay.app.ui.dashboard.views.activities.SettingsActivity",
            "com.truecaller.truepay.app.ui.history.views.activities.TransactionHistoryActivity",
            "com.truecaller.truepay.app.ui.history.views.activities.TruePayWebViewActivity",
            "com.truecaller.truepay.app.ui.payments.views.activities.PaymentsActivity",
            "com.truecaller.truepay.app.ui.registration.views.activities.AccountConnectionActivity",
            "com.truecaller.truepay.app.ui.registration.views.activities.InvisiblePreRegistrationActivity",
            "com.truecaller.truepay.app.ui.registration.views.activities.PreRegistrationActivity",
            "com.truecaller.truepay.app.ui.registration.views.activities.RegistrationActivity",
            "com.truecaller.truepay.app.ui.scan.views.activities.MerchantActivity",
            "com.truecaller.truepay.app.ui.scan.views.activities.ScanAndPayActivity",
            "com.truecaller.truepay.app.ui.transaction.views.activities.SearchTransactionActivity",
            "com.truecaller.truepay.app.ui.transaction.views.activities.TransactionActivity",
            "com.truecaller.ui.AfterClipboardSearchActivity",
            "com.truecaller.ui.CallMeBackActivity",
            "com.truecaller.ui.ContactsActivity",
            "com.truecaller.ui.DefaultSmsAppSendActivity",
            "com.truecaller.ui.FeedbackDialogActivity",
            "com.truecaller.ui.NotificationAccessActivity",
            "com.truecaller.ui.QaOtpListActivity",
            "com.truecaller.ui.RequiredPermissionsActivity",
            "com.truecaller.ui.SingleActivity",
            "com.truecaller.ui.TruecallerInit",
            "com.truecaller.ui.WizardActivity",
            "com.truecaller.ui.clicktocall.CallConfirmationActivity",
            "com.truecaller.ui.dialogs.PremiumObtainedDialogActivity",
            "com.truecaller.update.ForcedUpdateActivity",
            "com.truecaller.whoviewedme.WhoViewedMeActivity",
            "com.truecaller.wizard.AccessContactsActivity",
            "com.truecaller.wizard.TruecallerWizard",
            "org.npci.upi.security.pinactivitycomponent.GetCredential",
            "rb.wl.android.ui.activity.CalendarActivity",
            "rb.wl.android.ui.activity.CityPicker",
            "rb.wl.android.ui.activity.SearchActivity",
            "rb.wl.android.ui.activity.TicketActivity"
        ],
        "services": [
            "androidx.work.impl.background.systemalarm.SystemAlarmService",
            "androidx.work.impl.background.systemjob.SystemJobService",
            "com.clevertap.android.sdk.CTBackgroundIntentService",
            "com.clevertap.android.sdk.CTBackgroundJobService",
            "com.clevertap.android.sdk.CTNotificationIntentService",
            "com.clevertap.android.sdk.FcmTokenListenerService",
            "com.google.android.gms.auth.api.signin.RevocationBoundService",
            "com.google.android.gms.measurement.AppMeasurementJobService",
            "com.google.android.gms.measurement.AppMeasurementService",
            "com.google.firebase.components.ComponentDiscoveryService",
            "com.google.firebase.iid.FirebaseInstanceIdService",
            "com.google.firebase.messaging.FirebaseMessagingService",
            "com.truecaller.analytics.EventsTrackerService",
            "com.truecaller.backup.RestoreService",
            "com.truecaller.callerid.CallerIdService",
            "com.truecaller.callhistory.CallHistoryService",
            "com.truecaller.calling.blocking.DefaultPhoneAppBlockService",
            "com.truecaller.calling.dialer.suggested_contacts.SuggestionsChooserTargetService",
            "com.truecaller.calling.recorder.floatingbutton.BubblesService",
            "com.truecaller.common.account.TruecallerAccountAuthenticatorService",
            "com.truecaller.common.background.AlarmScheduler",
            "com.truecaller.common.background.GcmScheduler",
            "com.truecaller.common.background.NativeScheduler",
            "com.truecaller.common.tag.TagService",
            "com.truecaller.fcm.FcmMessageListenerService",
            "com.truecaller.fcm.FcmRegistrationIntentService",
            "com.truecaller.filters.FilterManagerService",
            "com.truecaller.flashsdk.assist.FetchAddressIntentService",
            "com.truecaller.flashsdk.core.FlashMediaService",
            "com.truecaller.flashsdk.core.KidFlashService",
            "com.truecaller.messaging.data.MessagesDataService",
            "com.truecaller.messaging.transport.SendImService",
            "com.truecaller.messaging.transport.SendMessageService",
            "com.truecaller.messaging.transport.im.ImEventService",
            "com.truecaller.messaging.transport.mms.MmsService",
            "com.truecaller.messaging.transport.sms.NoConfirmationSmsSendService",
            "com.truecaller.notifications.GenericWebViewNotificationService",
            "com.truecaller.notifications.NotificationHandlerService",
            "com.truecaller.notifications.OTPCopierService",
            "com.truecaller.premium.PremiumNotificationService",
            "com.truecaller.presence.PresenceRingerChangeJobService",
            "com.truecaller.presence.PresenceService",
            "com.truecaller.referral.ReferralNotificationService",
            "com.truecaller.remote_explorer.server.HttpServerService",
            "com.truecaller.sdk.ConfirmProfileService",
            "com.truecaller.service.CallMeBackNotificationService",
            "com.truecaller.service.CallStateService",
            "com.truecaller.service.ClipboardService",
            "com.truecaller.service.DataManagerService",
            "com.truecaller.service.DialerNumberLookupService",
            "com.truecaller.service.MissedCallReminderService",
            "com.truecaller.service.MissedCallsNotificationService",
            "com.truecaller.service.NotificationsService",
            "com.truecaller.service.PushNotificationLoggingService",
            "com.truecaller.service.RefreshContactIndexingService",
            "com.truecaller.service.RefreshT9MappingService",
            "com.truecaller.service.SyncPhoneBookService",
            "com.truecaller.service.WidgetListService",
            "com.truecaller.whoviewedme.ProfileViewService",
            "com.truecaller.whoviewedme.WhoViewedMeNotificationService",
            "org.npci.upi.security.pinactivitycomponent.CLRemoteServiceImpl"
        ],
        "receivers": [
            "androidx.work.impl.background.systemalarm.ConstraintProxy$BatteryChargingProxy",
            "androidx.work.impl.background.systemalarm.ConstraintProxy$BatteryNotLowProxy",
            "androidx.work.impl.background.systemalarm.ConstraintProxy$NetworkStateProxy",
            "androidx.work.impl.background.systemalarm.ConstraintProxy$StorageNotLowProxy",
            "androidx.work.impl.background.systemalarm.ConstraintProxyUpdateReceiver",
            "androidx.work.impl.background.systemalarm.RescheduleReceiver",
            "androidx.work.impl.utils.ForceStopRunnable$BroadcastReceiver",
            "com.clevertap.android.sdk.CTPushNotificationReceiver",
            "com.clevertap.android.sdk.InstallReferrerBroadcastReceiver",
            "com.facebook.CurrentAccessTokenExpirationBroadcastReceiver",
            "com.google.android.gms.measurement.AppMeasurementInstallReferrerReceiver",
            "com.google.android.gms.measurement.AppMeasurementReceiver",
            "com.google.firebase.iid.FirebaseInstanceIdReceiver",
            "com.inmobi.commons.core.utilities.uid.ImIdShareBroadCastReceiver",
            "com.truecaller.analytics.ChosenComponentReceiver",
            "com.truecaller.analytics.InstallReferrerReceiver",
            "com.truecaller.calling.notifications.CallingNotificationsBroadcastReceiver",
            "com.truecaller.common.background.DelayedServiceBroadcastReceiver",
            "com.truecaller.common.background.FallbackBootReceiver",
            "com.truecaller.fcm.DelayedPushReceiver",
            "com.truecaller.flashsdk.receiver.ActionReceiver",
            "com.truecaller.flashsdk.receiver.PhoneStateReceiver",
            "com.truecaller.messaging.notifications.NotificationBroadcastReceiver",
            "com.truecaller.messaging.notifications.ReactionBroadcastReceiver",
            "com.truecaller.messaging.transport.ScheduledMessageReceiver",
            "com.truecaller.messaging.transport.im.JoinedImUsersBroadcastReceiver",
            "com.truecaller.messaging.transport.mms.MmsStatusReceiver",
            "com.truecaller.messaging.transport.mms.MmsWapPushDeliverReceiver",
            "com.truecaller.messaging.transport.sms.SmsReceiver",
            "com.truecaller.notifications.AnalyticsNotificationReceiver",
            "com.truecaller.notifications.MissedCallsNotificationActionReceiver",
            "com.truecaller.presence.PresenceSchedulerReceiver",
            "com.truecaller.sdk.push.SdkActionReceiver",
            "com.truecaller.service.AccountsChangedReceiver",
            "com.truecaller.service.AlarmReceiver",
            "com.truecaller.service.BootReceiver",
            "com.truecaller.service.ProfileEditReceiver",
            "com.truecaller.service.Receiver",
            "com.truecaller.service.WidgetListProvider",
            "com.truecaller.truepay.UserRegistered",
            "com.truecaller.truepay.app.fcm.NotificationBroadcastReceiver",
            "com.truecaller.util.CallMonitoringReceiver",
            "com.truecaller.util.RingerModeChangedReceiver",
            "com.truecaller.util.ScreenUnlockedBroadcastReceiver"
        ]
    },
    "stats": {
        "dex_count": 4,
        "native_lib_count": 2
    },
    "jadx": {
        "status": "ok",
        "duration_sec": 48.94,
        "sources_present": true,
        "java_file_count": 14493
    },
    "ast_analysis": {
        "location": 5,
        "microphone": 1,
        "camera": 33,
        "media_projection": 0,
        "dynamic_load": 0,
        "jni": 1
    },
    "analysis_state": "complete"
}