{
    "apk_name": "635CCCDF82D64F798888E60678850951172C0E968AF93056B5AC6688BAFAE7DD",
    "sha256": "635cccdf82d64f798888e60678850951172c0e968af93056b5ac6688bafae7dd",
    "metadata": {
        "package_name": "com.tevalis.XEpos",
        "version_code": "97",
        "version_name": "2023.05.16.01",
        "min_sdk": "22",
        "target_sdk": "32",
        "permissions": [
            "android.permission.ACCESS_NETWORK_STATE",
            "android.permission.ACCESS_WIFI_STATE",
            "android.permission.CAMERA",
            "android.permission.GET_ACCOUNTS",
            "android.permission.INTERNET",
            "android.permission.READ_PHONE_STATE",
            "android.permission.VIBRATE"
        ],
        "activities": [
            "crc6480997b3ef81bf9b2.ZxingActivity",
            "crc6487142d557d56a2bd.MainActivity"
        ],
        "services": [],
        "receivers": [
            "crc643f46942d9dd1fff9.PowerSaveModeBroadcastReceiver",
            "crc64cea48322b3427ae9.ConnectivityChangeBroadcastReceiver"
        ],
        "permission_details": {
            "android.permission.ACCESS_NETWORK_STATE": "normal",
            "android.permission.ACCESS_WIFI_STATE": "normal",
            "android.permission.CAMERA": "dangerous",
            "android.permission.GET_ACCOUNTS": "dangerous",
            "android.permission.INTERNET": "normal",
            "android.permission.READ_PHONE_STATE": "dangerous",
            "android.permission.VIBRATE": "normal"
        },
        "risk_counts": {
            "normal": 4,
            "dangerous": 3
        }
    },
    "stats": {
        "dex_count": 2,
        "native_lib_count": 14
    },
    "jadx": {
        "status": "ok",
        "duration_sec": 18.29,
        "sources_present": true,
        "java_file_count": 2895
    },
    "ast_analysis": {
        "location": 0,
        "microphone": 0,
        "camera": 13,
        "media_projection": 0,
        "dynamic_load": 0,
        "jni": 6
    },
    "analysis_state": "complete"
}