{
    "apk_name": "FDF45DB930CA7F28F02C998977F73E5A748272B9815DEA8BB2382AB312B76DE1",
    "sha256": "fdf45db930ca7f28f02c998977f73e5a748272b9815dea8bb2382ab312b76de1",
    "metadata": {
        "package_name": "com.meituan.taxi.android",
        "version_code": "20641",
        "version_name": "2.6.41",
        "min_sdk": "22",
        "target_sdk": "26",
        "permissions": [
            "android.permission.ACCESS_BACKGROUND_LOCATION",
            "android.permission.ACCESS_COARSE_LOCATION",
            "android.permission.ACCESS_FINE_LOCATION",
            "android.permission.ACCESS_LOCATION_EXTRA_COMMANDS",
            "android.permission.ACCESS_NETWORK_STATE",
            "android.permission.ACCESS_NOTIFICATION_POLICY",
            "android.permission.ACCESS_WIFI_STATE",
            "android.permission.BLUETOOTH",
            "android.permission.BLUETOOTH_ADMIN",
            "android.permission.CALL_PHONE",
            "android.permission.CAMERA",
            "android.permission.CHANGE_NETWORK_STATE",
            "android.permission.CHANGE_WIFI_STATE",
            "android.permission.DISABLE_KEYGUARD",
            "android.permission.DOWNLOAD_WITHOUT_NOTIFICATION",
            "android.permission.FLASHLIGHT",
            "android.permission.FOREGROUND_SERVICE",
            "android.permission.GET_ACCOUNTS",
            "android.permission.GET_TASKS",
            "android.permission.INTERNET",
            "android.permission.MANAGE_EXTERNAL_STORAGE",
            "android.permission.MODIFY_AUDIO_SETTINGS",
            "android.permission.MOUNT_UNMOUNT_FILESYSTEMS",
            "android.permission.QUERY_ALL_PACKAGES",
            "android.permission.READ_CONTACTS",
            "android.permission.READ_EXTERNAL_STORAGE",
            "android.permission.READ_PHONE_STATE",
            "android.permission.RECEIVE_BOOT_COMPLETED",
            "android.permission.RECORD_AUDIO",
            "android.permission.REORDER_TASKS",
            "android.permission.REQUEST_IGNORE_BATTERY_OPTIMIZATIONS",
            "android.permission.REQUEST_INSTALL_PACKAGES",
            "android.permission.SYSTEM_ALERT_WINDOW",
            "android.permission.SYSTEM_OVERLAY_WINDOW",
            "android.permission.VIBRATE",
            "android.permission.WAKE_LOCK",
            "android.permission.WRITE_EXTERNAL_STORAGE",
            "com.coloros.mcs.permission.RECIEVE_MCS_MESSAGE",
            "com.heytap.mcs.permission.RECIEVE_MCS_MESSAGE",
            "com.huawei.appmarket.service.commondata.permission.GET_COMMON_DATA",
            "com.meituan.taxi.android.permission.C2D_MESSAGE",
            "com.meituan.taxi.android.permission.MIPUSH_RECEIVE",
            "com.meituan.taxi.android.permission.PROCESS_PUSH_MSG",
            "com.meituan.taxi.android.permission.PUSH_PROVIDER",
            "com.meituan.taxi.android.push.permission.MESSAGE",
            "com.meizu.c2dm.permission.RECEIVE",
            "com.meizu.flyme.push.permission.RECEIVE"
        ],
        "activities": [
            "com.dianping.base.push.pushservice.HWPushDetailActivity",
            "com.huawei.hms.activity.BridgeActivity",
            "com.huawei.updatesdk.service.otaupdate.AppUpdateActivity",
            "com.huawei.updatesdk.support.pm.PackageInstallerActivity",
            "com.meituan.android.memoryleakmonitor.analyzer.RequestStoragePermissionActivity",
            "com.meituan.android.privacy.impl.permission.PermissionGuardDialogActivity",
            "com.meituan.android.screenshot.ScreenShotActivity",
            "com.meituan.android.screenshot.ScreenShotFloatWindowActivity",
            "com.meituan.android.yoda.activity.YodaConfirmActivity",
            "com.meituan.android.yoda.activity.YodaKNBActivity",
            "com.meituan.android.yoda.activity.YodaRouterTransparentActivity",
            "com.meituan.banma.permission.PermissionActivity",
            "com.meituan.passport.LoginActivity",
            "com.meituan.passport.PassportWebViewActivity",
            "com.meituan.passport.bindphone.BindPhoneActivity",
            "com.meituan.passport.country.SelectCountryCodeActivity",
            "com.meituan.passport.retrieve.RetrievePassportActivity",
            "com.meituan.qcs.android.camera.CameraActivity",
            "com.meituan.qcs.r.android.module.feedback.ui.settings.FeedBackActivity",
            "com.meituan.qcs.r.android.module.setting.about.AboutActivity",
            "com.meituan.qcs.r.android.module.share.ShareActivity",
            "com.meituan.qcs.r.module.base.NetErrorActivity",
            "com.meituan.qcs.r.module.cancelorder.ui.CancelActivity",
            "com.meituan.qcs.r.module.detection.ui.DetectionActivity",
            "com.meituan.qcs.r.module.dev.core.order.MockOrderActivity",
            "com.meituan.qcs.r.module.dev.ui.DevActivity",
            "com.meituan.qcs.r.module.dev.ui.DevQATestActivity",
            "com.meituan.qcs.r.module.dev.ui.QcsrCaptureActivity",
            "com.meituan.qcs.r.module.dev.ui.WebDevActivity",
            "com.meituan.qcs.r.module.flutter.view.FlutterContainerActivity",
            "com.meituan.qcs.r.module.flutter.view.FlutterContainerHeatMapActivity",
            "com.meituan.qcs.r.module.flutter.view.FlutterContainerHeatNavigationActivity",
            "com.meituan.qcs.r.module.flutter.view.FlutterContainerImListActivity",
            "com.meituan.qcs.r.module.flutter.view.FlutterContainerNewOrderActivity",
            "com.meituan.qcs.r.module.flutter.view.FlutterContainerOnRoadActivity",
            "com.meituan.qcs.r.module.flutter.view.FlutterContainerWorkbenchActivity",
            "com.meituan.qcs.r.module.flutter.view.LoadingActivity",
            "com.meituan.qcs.r.module.homepage.mainpage.MainActivity",
            "com.meituan.qcs.r.module.homepage.oil.OilCzbActivity",
            "com.meituan.qcs.r.module.knb.view.WebViewActivity",
            "com.meituan.qcs.r.module.login.ui.DriverLoginActivity",
            "com.meituan.qcs.r.module.searchpoi.ui.SearchPoiActivity",
            "com.meituan.qcs.r.module.searchpoi.ui.SelectCityActivity",
            "com.meituan.qcs.r.module.splash.ui.SplashActivity",
            "com.meituan.qcs.r.module.ugcreport.core.UgcReportActivity",
            "com.meituan.qcs.r.module.worksetting.ui.WorkSettingActivity",
            "com.meituan.qcs.r.schema.RedirectActivity",
            "com.meituan.robust.dev.PatchListActivity",
            "com.meituan.robust.dev.RobustDevConfigActivity",
            "com.meituan.sankuai.navisdk_playback.NaviPlaybackActivity",
            "com.meituan.sankuai.navisdk_playback.activity.PlaybackCaseActivity",
            "com.meituan.sankuai.navisdk_playback.activity.PlaybackSceneActivity",
            "com.meituan.sankuai.navisdk_ui.utils.debugger.NaviDebugActivity",
            "com.meituan.taxi.android.wxapi.WXEntryActivity",
            "com.sankuai.android.share.ShareActivity",
            "com.sankuai.meituan.arbiter.debug.ErrInfoActivity",
            "com.sankuai.meituan.oauth.OauthLoginActivity",
            "com.sankuai.meituan.switchtestenv.TestEnvEditUrlActivity",
            "com.sankuai.meituan.switchtestenv.TestEnvListActivity",
            "com.sankuai.meituan.switchtestenv.TestEnvUrlListActivity",
            "com.sankuai.mtflutter.mt_flutter_route.container.FlutterRouteBaseActivity",
            "com.sankuai.mtflutter.mt_flutter_route.container.FlutterRouteFragmentActivity",
            "com.sankuai.mtflutter.mt_flutter_route.container.RouteProxyActivity",
            "com.sankuai.network.debug.DebugDomainSelectActivity",
            "com.sankuai.network.debug.DebugPanelActivity",
            "com.sankuai.network.debug.TestMapiActivity",
            "com.sankuai.titans.widget.media.MediaActivity",
            "com.sankuai.xm.devtools.XmDevToolsActivity",
            "com.sankuai.xm.imui.session.SessionActivity",
            "com.sankuai.xm.video.PlayVideoActivity",
            "com.sankuai.xm.video.RecordVideoActivity",
            "com.sina.weibo.sdk.share.WbShareResultActivity",
            "com.sina.weibo.sdk.share.WbShareToStoryActivity",
            "com.sina.weibo.sdk.share.WbShareTransActivity",
            "com.sina.weibo.sdk.web.WeiboSdkWebActivity",
            "com.tencent.connect.common.AssistActivity",
            "com.tencent.map.navi.feedback.screen.report.OneKeyReportActivity",
            "com.tencent.tauth.AuthActivity",
            "com.vivo.push.sdk.LinkProxyClientActivity"
        ],
        "services": [
            "com.dianping.base.push.pushservice.PushStartService",
            "com.dianping.base.push.pushservice.PushWakeUpJob",
            "com.dianping.base.push.pushservice.dp.DPPushService",
            "com.dianping.huaweipush.DpHmsMessageService",
            "com.dianping.oppopush.OPPOPushService",
            "com.heytap.msp.push.service.CompatibleDataMessageCallbackService",
            "com.heytap.msp.push.service.DataMessageCallbackService",
            "com.huawei.agconnect.core.ServiceDiscovery",
            "com.meituan.android.base.util.ServiceForegroundHelper$InnerService",
            "com.meituan.android.common.horn.HornPushService",
            "com.meituan.android.common.statistics.ipc.LeaderService",
            "com.meituan.android.downloadmanager.MultiDownloadService",
            "com.meituan.android.memoryleakmonitor.AnalyzeService",
            "com.meituan.android.patch_service.PatchService",
            "com.meituan.banma.shadow.RemoteService",
            "com.meituan.banma.shadow.ShadowService",
            "com.meituan.banma.shadow.ShadowXService",
            "com.meituan.qcs.r.service.OnRoadService",
            "com.meizu.cloud.pushsdk.NotificationService",
            "com.probe.leaklink.analysis.HeapAnalyzerService",
            "com.tencent.map.navi.feedback.screen.report.TnkReportService",
            "com.vivo.push.sdk.service.CommandClientService",
            "com.xiaomi.mipush.sdk.MessageHandleService",
            "com.xiaomi.mipush.sdk.PushMessageHandler",
            "com.xiaomi.push.service.XMJobService",
            "com.xiaomi.push.service.XMPushService"
        ],
        "receivers": [
            "com.dianping.base.push.pushservice.PhoneStatusReceiver",
            "com.dianping.base.push.pushservice.PushStartReceiver",
            "com.dianping.meizupush.MZPushReceiver",
            "com.dianping.networklog.PushMessageReceiver",
            "com.dianping.vivopush.VIVOReceiverImpl",
            "com.dianping.xiaomipush.MiPushMessageReceiver",
            "com.huawei.hms.support.api.push.PushMsgReceiver",
            "com.huawei.hms.support.api.push.PushReceiver",
            "com.igexin.download.DownloadReceiver",
            "com.meituan.android.common.horn.HornPushReceiver",
            "com.meituan.android.common.pos.receiver.NetworkStateChangeReceiver",
            "com.meituan.qcs.dianpingpush.DianpingPushReceiver",
            "com.meizu.cloud.pushsdk.SystemReceiver",
            "com.xiaomi.push.service.receivers.NetworkStatusReceiver",
            "com.xiaomi.push.service.receivers.PingReceiver"
        ],
        "permission_details": {
            "android.permission.ACCESS_BACKGROUND_LOCATION": "dangerous",
            "android.permission.ACCESS_COARSE_LOCATION": "dangerous",
            "android.permission.ACCESS_FINE_LOCATION": "dangerous",
            "android.permission.ACCESS_LOCATION_EXTRA_COMMANDS": "normal",
            "android.permission.ACCESS_NETWORK_STATE": "normal",
            "android.permission.ACCESS_NOTIFICATION_POLICY": "normal",
            "android.permission.ACCESS_WIFI_STATE": "normal",
            "android.permission.BLUETOOTH": "normal",
            "android.permission.BLUETOOTH_ADMIN": "normal",
            "android.permission.CALL_PHONE": "dangerous",
            "android.permission.CAMERA": "dangerous",
            "android.permission.CHANGE_NETWORK_STATE": "normal",
            "android.permission.CHANGE_WIFI_STATE": "normal",
            "android.permission.DISABLE_KEYGUARD": "normal",
            "android.permission.DOWNLOAD_WITHOUT_NOTIFICATION": "unknown",
            "android.permission.FLASHLIGHT": "unknown",
            "android.permission.FOREGROUND_SERVICE": "normal",
            "android.permission.GET_ACCOUNTS": "dangerous",
            "android.permission.GET_TASKS": "unlaballed",
            "android.permission.INTERNET": "normal",
            "android.permission.MANAGE_EXTERNAL_STORAGE": "signature",
            "android.permission.MODIFY_AUDIO_SETTINGS": "normal",
            "android.permission.MOUNT_UNMOUNT_FILESYSTEMS": "unlaballed",
            "android.permission.QUERY_ALL_PACKAGES": "normal",
            "android.permission.READ_CONTACTS": "dangerous",
            "android.permission.READ_EXTERNAL_STORAGE": "dangerous",
            "android.permission.READ_PHONE_STATE": "dangerous",
            "android.permission.RECEIVE_BOOT_COMPLETED": "normal",
            "android.permission.RECORD_AUDIO": "dangerous",
            "android.permission.REORDER_TASKS": "normal",
            "android.permission.REQUEST_IGNORE_BATTERY_OPTIMIZATIONS": "normal",
            "android.permission.REQUEST_INSTALL_PACKAGES": "signature",
            "android.permission.SYSTEM_ALERT_WINDOW": "signature",
            "android.permission.SYSTEM_OVERLAY_WINDOW": "unknown",
            "android.permission.VIBRATE": "normal",
            "android.permission.WAKE_LOCK": "normal",
            "android.permission.WRITE_EXTERNAL_STORAGE": "dangerous",
            "com.coloros.mcs.permission.RECIEVE_MCS_MESSAGE": "unknown",
            "com.heytap.mcs.permission.RECIEVE_MCS_MESSAGE": "unknown",
            "com.huawei.appmarket.service.commondata.permission.GET_COMMON_DATA": "unknown",
            "com.meituan.taxi.android.permission.C2D_MESSAGE": "unknown",
            "com.meituan.taxi.android.permission.MIPUSH_RECEIVE": "unknown",
            "com.meituan.taxi.android.permission.PROCESS_PUSH_MSG": "unknown",
            "com.meituan.taxi.android.permission.PUSH_PROVIDER": "unknown",
            "com.meituan.taxi.android.push.permission.MESSAGE": "unknown",
            "com.meizu.c2dm.permission.RECEIVE": "unknown",
            "com.meizu.flyme.push.permission.RECEIVE": "unknown"
        },
        "risk_counts": {
            "dangerous": 11,
            "normal": 18,
            "unknown": 13,
            "unlaballed": 2,
            "signature": 3
        }
    },
    "stats": {
        "dex_count": 11,
        "native_lib_count": 46
    },
    "jadx": {
        "status": "ok",
        "duration_sec": 86.21,
        "sources_present": true,
        "java_file_count": 20555
    },
    "ast_analysis": {
        "location": 32,
        "microphone": 8,
        "camera": 97,
        "media_projection": 3,
        "dynamic_load": 0,
        "jni": 96
    },
    "analysis_state": "complete"
}