{
    "apk_name": "0ACDF291B981A8F6F28CD24370198AE8BA98E2A9202F143BB8120C986717EC21",
    "sha256": "0acdf291b981a8f6f28cd24370198ae8ba98e2a9202f143bb8120c986717ec21",
    "metadata": {
        "package_name": "net.deali.ssmarket",
        "version_code": "552",
        "version_name": "4.33.1",
        "min_sdk": "21",
        "target_sdk": "31",
        "permissions": [
            "android.permission.ACCESS_NETWORK_STATE",
            "android.permission.ACCESS_WIFI_STATE",
            "android.permission.CALL_PHONE",
            "android.permission.CAMERA",
            "android.permission.FOREGROUND_SERVICE",
            "android.permission.INTERNET",
            "android.permission.KILL_BACKGROUND_PROCESSES",
            "android.permission.READ_EXTERNAL_STORAGE",
            "android.permission.READ_PHONE_NUMBERS",
            "android.permission.READ_PHONE_STATE",
            "android.permission.VIBRATE",
            "android.permission.WAKE_LOCK",
            "android.permission.WRITE_EXTERNAL_STORAGE",
            "com.google.android.c2dm.permission.RECEIVE",
            "com.google.android.finsky.permission.BIND_GET_INSTALL_REFERRER_SERVICE",
            "com.google.android.gms.permission.AD_ID"
        ],
        "activities": [
            "androidx.compose.ui.tooling.PreviewActivity",
            "com.kakao.auth.authorization.authcode.KakaoWebViewActivity",
            "net.deali.ssmarket.appbase.emergency.EmergencyActivity",
            "net.deali.ssmarket.view.dome.inquirystock.detail.DomeInquiryStockDetailActivity",
            "net.deali.ssmarket.view.dome.main.mypage.appversion.DomeAppVersionInfoActivity",
            "net.deali.ssmarket.view.dome.main.mypage.customerservice.DomeCustomerServiceActivity",
            "net.deali.ssmarket.view.intro.IntroNew",
            "net.deali.ssmarket.view.login.LoginActivity",
            "net.deali.ssmarket.view.push.ShowPushMsg",
            "net.deali.ssmarket.view.some.main.mypage.customerservice.SomeCustomerServiceActivity",
            "net.deali.ssmarket.view.some.version.SomeAppVersionInfoActivity",
            "o.aEF",
            "o.aFm",
            "o.aUG",
            "o.aeL",
            "o.bAb",
            "o.bBD",
            "o.bBL",
            "o.bBO",
            "o.bSq",
            "o.bzY",
            "o.cAH",
            "o.cAT",
            "o.cAZ",
            "o.cAk",
            "o.cAn",
            "o.cBE",
            "o.cBI",
            "o.cBm",
            "o.cCW",
            "o.cCZ",
            "o.cCu",
            "o.cDA",
            "o.cDE",
            "o.cDM",
            "o.cDW",
            "o.cDj",
            "o.cEF",
            "o.cEW",
            "o.cEv",
            "o.cFE",
            "o.cFc",
            "o.cFv",
            "o.cGa",
            "o.cId",
            "o.cJA",
            "o.cJK",
            "o.cJQ",
            "o.cJT",
            "o.cJf",
            "o.cJj",
            "o.cJl",
            "o.cJo",
            "o.cJs",
            "o.cLc",
            "o.cLi",
            "o.cLj",
            "o.cLl",
            "o.cLt",
            "o.cMJ",
            "o.cMm",
            "o.cMr",
            "o.cNf",
            "o.cNl",
            "o.cNw",
            "o.cOV",
            "o.cOnn",
            "o.cOq",
            "o.cOu",
            "o.cPH",
            "o.cPK",
            "o.cPV",
            "o.cPX",
            "o.cPe",
            "o.cPr",
            "o.cPv",
            "o.cQN",
            "o.cQV",
            "o.cQa",
            "o.cQb",
            "o.cQf",
            "o.cQj",
            "o.cQt",
            "o.cRO",
            "o.cRT",
            "o.cRU",
            "o.cRX",
            "o.cRY",
            "o.cRZ",
            "o.cRa",
            "o.cSb",
            "o.cdD",
            "o.cdG",
            "o.cdS",
            "o.cdT",
            "o.cdZ",
            "o.cdd",
            "o.cdo",
            "o.cdq",
            "o.cep",
            "o.ceu",
            "o.cew",
            "o.cfD",
            "o.cfN",
            "o.cfW",
            "o.cgA",
            "o.cgI",
            "o.cgT",
            "o.cgb",
            "o.chm",
            "o.chn",
            "o.cho",
            "o.chp",
            "o.chq",
            "o.chs",
            "o.chv",
            "o.ciN",
            "o.cid",
            "o.cim",
            "o.ciy",
            "o.cjA",
            "o.cjx",
            "o.ckq",
            "o.cla",
            "o.cll",
            "o.cmD",
            "o.cmH",
            "o.cmI",
            "o.cmK",
            "o.cmv",
            "o.cnP",
            "o.cnR",
            "o.cnX",
            "o.cnk",
            "o.cnl",
            "o.cnx",
            "o.coR",
            "o.cos",
            "o.cpG",
            "o.cpO",
            "o.cpV",
            "o.cpo",
            "o.cqe",
            "o.crg",
            "o.csR",
            "o.csy",
            "o.ctY",
            "o.ctZ",
            "o.ctg",
            "o.ctj",
            "o.ctk",
            "o.cto",
            "o.ctq",
            "o.ctt",
            "o.cuR",
            "o.cuu",
            "o.cvF",
            "o.cvW",
            "o.cvt",
            "o.cvx",
            "o.cwJ",
            "o.cwK",
            "o.cwL",
            "o.cwM",
            "o.cwd",
            "o.cwl",
            "o.cwm",
            "o.cwn",
            "o.cxb",
            "o.cxm",
            "o.cxs",
            "o.cxu",
            "o.cxz",
            "o.cyB",
            "o.cyG",
            "o.cyH",
            "o.cyu"
        ],
        "services": [
            "com.google.android.datatransport.runtime.backends.TransportBackendDiscovery",
            "com.google.android.datatransport.runtime.scheduling.jobscheduling.JobInfoSchedulerService",
            "com.google.android.gms.measurement.AppMeasurementJobService",
            "com.google.android.gms.measurement.AppMeasurementService",
            "com.google.android.play.core.assetpacks.AssetPackExtractionService",
            "com.google.android.play.core.assetpacks.ExtractionForegroundService",
            "o.aHo",
            "o.aMB",
            "o.adh",
            "o.adi",
            "o.bQT",
            "o.cde"
        ],
        "receivers": [
            "androidx.profileinstaller.ProfileInstallReceiver",
            "com.google.android.gms.measurement.AppMeasurementReceiver",
            "com.google.firebase.iid.FirebaseInstanceIdReceiver",
            "o.Va",
            "o.add"
        ],
        "permission_details": {
            "android.permission.ACCESS_NETWORK_STATE": "normal",
            "android.permission.ACCESS_WIFI_STATE": "normal",
            "android.permission.CALL_PHONE": "dangerous",
            "android.permission.CAMERA": "dangerous",
            "android.permission.FOREGROUND_SERVICE": "normal",
            "android.permission.INTERNET": "normal",
            "android.permission.KILL_BACKGROUND_PROCESSES": "normal",
            "android.permission.READ_EXTERNAL_STORAGE": "dangerous",
            "android.permission.READ_PHONE_NUMBERS": "dangerous",
            "android.permission.READ_PHONE_STATE": "dangerous",
            "android.permission.VIBRATE": "normal",
            "android.permission.WAKE_LOCK": "normal",
            "android.permission.WRITE_EXTERNAL_STORAGE": "dangerous",
            "com.google.android.c2dm.permission.RECEIVE": "unknown",
            "com.google.android.finsky.permission.BIND_GET_INSTALL_REFERRER_SERVICE": "unknown",
            "com.google.android.gms.permission.AD_ID": "unknown"
        },
        "risk_counts": {
            "normal": 7,
            "dangerous": 6,
            "unknown": 3
        }
    },
    "stats": {
        "dex_count": 3,
        "native_lib_count": 8
    },
    "jadx": {
        "status": "ok",
        "duration_sec": 59.67,
        "sources_present": true,
        "java_file_count": 10536
    },
    "ast_analysis": {
        "location": 0,
        "microphone": 0,
        "camera": 8,
        "media_projection": 0,
        "dynamic_load": 0,
        "jni": 0
    },
    "analysis_state": "complete"
}