{
    "apk_name": "899D6F224EB9516DCA30259425C3841C6987B126055BDD351384DDE10002D4BE",
    "sha256": "899d6f224eb9516dca30259425c3841c6987b126055bdd351384dde10002d4be",
    "metadata": {
        "package_name": "com.elbit.italk",
        "version_code": "60801009",
        "version_name": "6.8.1.9",
        "min_sdk": "23",
        "target_sdk": "35",
        "permissions": [
            "android.permission.ACCESS_BACKGROUND_LOCATION",
            "android.permission.ACCESS_COARSE_LOCATION",
            "android.permission.ACCESS_FINE_LOCATION",
            "android.permission.ACCESS_NETWORK_STATE",
            "android.permission.ACCESS_WIFI_STATE",
            "android.permission.AUTHENTICATE_ACCOUNTS",
            "android.permission.BLUETOOTH",
            "android.permission.BLUETOOTH_ADMIN",
            "android.permission.BLUETOOTH_CONNECT",
            "android.permission.BLUETOOTH_SCAN",
            "android.permission.BROADCAST_STICKY",
            "android.permission.CALL_PHONE",
            "android.permission.CAMERA",
            "android.permission.CHANGE_WIFI_STATE",
            "android.permission.DISABLE_KEYGUARD",
            "android.permission.FOREGROUND_SERVICE",
            "android.permission.FOREGROUND_SERVICE_LOCATION",
            "android.permission.FOREGROUND_SERVICE_MEDIA_PLAYBACK",
            "android.permission.FOREGROUND_SERVICE_MICROPHONE",
            "android.permission.INTERNET",
            "android.permission.MANAGE_ACCOUNTS",
            "android.permission.MODIFY_AUDIO_SETTINGS",
            "android.permission.POST_NOTIFICATIONS",
            "android.permission.RAISED_THREAD_PRIORITY",
            "android.permission.READ_EXTERNAL_STORAGE",
            "android.permission.READ_PHONE_STATE",
            "android.permission.READ_PRIVILEGED_PHONE_STATE",
            "android.permission.READ_PROFILE",
            "android.permission.RECEIVE_BOOT_COMPLETED",
            "android.permission.RECORD_AUDIO",
            "android.permission.REORDER_TASKS",
            "android.permission.REQUEST_IGNORE_BATTERY_OPTIMIZATIONS",
            "android.permission.SYSTEM_ALERT_WINDOW",
            "android.permission.USE_CREDENTIALS",
            "android.permission.VIBRATE",
            "android.permission.WAKE_LOCK",
            "android.permission.WRITE_EXTERNAL_STORAGE",
            "com.elbit.italk.DYNAMIC_RECEIVER_NOT_EXPORTED_PERMISSION",
            "com.google.android.c2dm.permission.RECEIVE",
            "com.google.android.finsky.permission.BIND_GET_INSTALL_REFERRER_SERVICE",
            "com.google.android.gms.permission.ACTIVITY_RECOGNITION",
            "com.google.android.gms.permission.AD_ID",
            "com.google.android.providers.gsf.permission.READ_GSERVICES"
        ],
        "activities": [
            "androidx.compose.ui.tooling.PreviewActivity",
            "androidx.credentials.playservices.HiddenActivity",
            "androidx.test.core.app.InstrumentationActivityInvoker$BootstrapActivity",
            "androidx.test.core.app.InstrumentationActivityInvoker$EmptyActivity",
            "androidx.test.core.app.InstrumentationActivityInvoker$EmptyFloatingActivity",
            "com.elbit.italk.BaseActivity",
            "com.elbit.italk.OAuthLoginScreen.OAuthLoginActivity",
            "com.elbit.italk.applicationSearch.ApplicationSearchActivity",
            "com.elbit.italk.cameraScreen.CameraActivity",
            "com.elbit.italk.createGroupScreen.CreateGroupActivity",
            "com.elbit.italk.groupEditingScreen.EditGroupActivity",
            "com.elbit.italk.loginScreen.LoginActivity",
            "com.elbit.italk.mainScreen.MainActivity",
            "com.elbit.italk.otpScreen.OtpActivity",
            "com.elbit.italk.permissionsScreens.PermissionsSlideActivity",
            "com.elbit.italk.settingsScreen.SettingsActivity",
            "com.elbit.italk.splashScreen.PermissionsActivity",
            "com.elbit.italk.splashScreen.SplashActivity",
            "com.elbit.italk.unifiedContactScreen.UnifiedContactActivity",
            "com.google.android.gms.auth.api.signin.internal.SignInHubActivity",
            "com.google.android.gms.common.api.GoogleApiActivity",
            "com.google.android.libraries.places.widget.AutocompleteActivity",
            "com.google.android.libraries.places.widget.PlaceAutocompleteActivity",
            "com.google.android.play.core.common.PlayCoreDialogWrapperActivity",
            "com.google.firebase.auth.internal.GenericIdpActivity",
            "com.google.firebase.auth.internal.RecaptchaActivity",
            "net.openid.appauth.AuthorizationManagementActivity",
            "net.openid.appauth.RedirectUriReceiverActivity"
        ],
        "services": [
            "androidx.credentials.playservices.CredentialProviderMetadataHolder",
            "androidx.room.MultiInstanceInvalidationService",
            "androidx.work.impl.background.systemalarm.SystemAlarmService",
            "androidx.work.impl.background.systemjob.SystemJobService",
            "androidx.work.impl.foreground.SystemForegroundService",
            "com.elbit.italk.MyAccessibilityService",
            "com.elbit.italk.MyFirebaseMessagingService",
            "com.elbit.italk.services.AppService",
            "com.elbit.italk.services.BlockCallScreeningService",
            "com.google.android.datatransport.runtime.backends.TransportBackendDiscovery",
            "com.google.android.datatransport.runtime.scheduling.jobscheduling.JobInfoSchedulerService",
            "com.google.android.gms.auth.api.signin.RevocationBoundService",
            "com.google.android.gms.measurement.AppMeasurementJobService",
            "com.google.android.gms.measurement.AppMeasurementService",
            "com.google.firebase.components.ComponentDiscoveryService",
            "com.google.firebase.messaging.FirebaseMessagingService",
            "com.google.firebase.sessions.SessionLifecycleService",
            "com.google.mlkit.common.internal.MlKitComponentDiscoveryService",
            "com.mapbox.common.LifecycleService",
            "io.nlopez.smartlocation.activity.providers.ActivityGooglePlayServicesProvider$ActivityRecognitionService",
            "io.nlopez.smartlocation.geocoding.providers.AndroidGeocodingProvider$AndroidGeocodingService",
            "io.nlopez.smartlocation.geofencing.providers.GeofencingGooglePlayServicesProvider$GeofencingService"
        ],
        "receivers": [
            "androidx.profileinstaller.ProfileInstallReceiver",
            "androidx.work.impl.background.systemalarm.ConstraintProxy$BatteryChargingProxy",
            "androidx.work.impl.background.systemalarm.ConstraintProxy$BatteryNotLowProxy",
            "androidx.work.impl.background.systemalarm.ConstraintProxy$NetworkStateProxy",
            "androidx.work.impl.background.systemalarm.ConstraintProxy$StorageNotLowProxy",
            "androidx.work.impl.background.systemalarm.ConstraintProxyUpdateReceiver",
            "androidx.work.impl.background.systemalarm.RescheduleReceiver",
            "androidx.work.impl.diagnostics.DiagnosticsReceiver",
            "androidx.work.impl.utils.ForceStopRunnable$BroadcastReceiver",
            "com.elbit.italk.controls.MyAppWidgetProvider",
            "com.elbit.italk.services.BlockCallReceiver",
            "com.elbit.italk.services.EmergencyManDownReceiver",
            "com.elbit.italk.services.NotificationReceiver",
            "com.elbit.italk.services.StartAppAtBootReceiver",
            "com.google.android.datatransport.runtime.scheduling.jobscheduling.AlarmManagerSchedulerBroadcastReceiver",
            "com.google.android.gms.measurement.AppMeasurementReceiver",
            "com.google.firebase.iid.FirebaseInstanceIdReceiver",
            "com.mapbox.common.location.LocationUpdatesReceiver",
            "com.widebridge.sdk.receivers.AutoLogoutAlarmReceiver",
            "com.widebridge.sdk.services.Location.LimitedLocationAlarmReceiver",
            "com.widebridge.sdk.services.timeFrameService.TimeFrameAlarmReceiver"
        ],
        "permission_details": {
            "android.permission.ACCESS_BACKGROUND_LOCATION": "dangerous",
            "android.permission.ACCESS_COARSE_LOCATION": "dangerous",
            "android.permission.ACCESS_FINE_LOCATION": "dangerous",
            "android.permission.ACCESS_NETWORK_STATE": "normal",
            "android.permission.ACCESS_WIFI_STATE": "normal",
            "android.permission.AUTHENTICATE_ACCOUNTS": "unknown",
            "android.permission.BLUETOOTH": "normal",
            "android.permission.BLUETOOTH_ADMIN": "normal",
            "android.permission.BLUETOOTH_CONNECT": "dangerous",
            "android.permission.BLUETOOTH_SCAN": "dangerous",
            "android.permission.BROADCAST_STICKY": "normal",
            "android.permission.CALL_PHONE": "dangerous",
            "android.permission.CAMERA": "dangerous",
            "android.permission.CHANGE_WIFI_STATE": "normal",
            "android.permission.DISABLE_KEYGUARD": "normal",
            "android.permission.FOREGROUND_SERVICE": "normal",
            "android.permission.FOREGROUND_SERVICE_LOCATION": "normal",
            "android.permission.FOREGROUND_SERVICE_MEDIA_PLAYBACK": "normal",
            "android.permission.FOREGROUND_SERVICE_MICROPHONE": "normal",
            "android.permission.INTERNET": "normal",
            "android.permission.MANAGE_ACCOUNTS": "unknown",
            "android.permission.MODIFY_AUDIO_SETTINGS": "normal",
            "android.permission.POST_NOTIFICATIONS": "dangerous",
            "android.permission.RAISED_THREAD_PRIORITY": "unknown",
            "android.permission.READ_EXTERNAL_STORAGE": "dangerous",
            "android.permission.READ_PHONE_STATE": "dangerous",
            "android.permission.READ_PRIVILEGED_PHONE_STATE": "unknown",
            "android.permission.READ_PROFILE": "unknown",
            "android.permission.RECEIVE_BOOT_COMPLETED": "normal",
            "android.permission.RECORD_AUDIO": "dangerous",
            "android.permission.REORDER_TASKS": "normal",
            "android.permission.REQUEST_IGNORE_BATTERY_OPTIMIZATIONS": "normal",
            "android.permission.SYSTEM_ALERT_WINDOW": "signature",
            "android.permission.USE_CREDENTIALS": "unknown",
            "android.permission.VIBRATE": "normal",
            "android.permission.WAKE_LOCK": "normal",
            "android.permission.WRITE_EXTERNAL_STORAGE": "dangerous",
            "com.elbit.italk.DYNAMIC_RECEIVER_NOT_EXPORTED_PERMISSION": "unknown",
            "com.google.android.c2dm.permission.RECEIVE": "unknown",
            "com.google.android.finsky.permission.BIND_GET_INSTALL_REFERRER_SERVICE": "unknown",
            "com.google.android.gms.permission.ACTIVITY_RECOGNITION": "dangerous",
            "com.google.android.gms.permission.AD_ID": "unknown",
            "com.google.android.providers.gsf.permission.READ_GSERVICES": "unknown"
        },
        "risk_counts": {
            "dangerous": 13,
            "normal": 18,
            "unknown": 11,
            "signature": 1
        }
    },
    "stats": {
        "dex_count": 3,
        "native_lib_count": 0
    },
    "jadx": {
        "status": "ok",
        "duration_sec": 67.66,
        "sources_present": true,
        "java_file_count": 24921
    },
    "ast_analysis": {
        "location": 19,
        "microphone": 2,
        "camera": 20,
        "media_projection": 0,
        "dynamic_load": 0,
        "jni": 10
    },
    "analysis_state": "complete",
    "behavioral_structural_data": {
        "api_inventory": {
            "camera": 4,
            "microphone": 1,
            "location": 4,
            "torch": 1,
            "telephony_ops": 1,
            "system_commands": 1,
            "webview_interop": 3,
            "content_access": 12,
            "audio_control": 4,
            "vibration": 2,
            "network_io": 12,
            "scheduling_apis": 112,
            "dynamic_code": 376
        },
        "execution_context": {
            "in_service": 0,
            "in_receiver": 0,
            "in_activity": 0,
            "in_provider": 0,
            "unknown": 533
        },
        "scheduling_mechanisms": {
            "alarm_manager": 8,
            "handler_loop": 101,
            "job_scheduler": 3
        },
        "trigger_types": {
            "auto_triggered": 10,
            "user_triggered": 2
        },
        "dynamic_features": {
            "jni_usage": 7,
            "dynamic_loading": 0,
            "reflection": 369
        }
    }
}