{
    "apk_name": "168EF185D13AA3DAC51A51C5B163BB7955B295538B24A307C8F98A44F7FD995B",
    "sha256": "168ef185d13aa3dac51a51c5b163bb7955b295538b24a307c8f98a44f7fd995b",
    "metadata": {
        "package_name": "com.amazon.mShop.android.shopping",
        "version_code": "114433610",
        "version_name": "10.4.0.100",
        "min_sdk": "16",
        "target_sdk": "24",
        "permissions": [
            "amazon.permission.COLLECT_METRICS",
            "android.permission.ACCESS_COARSE_LOCATION",
            "android.permission.ACCESS_FINE_LOCATION",
            "android.permission.ACCESS_NETWORK_STATE",
            "android.permission.ACCESS_WIFI_STATE",
            "android.permission.AUTHENTICATE_ACCOUNTS",
            "android.permission.BLUETOOTH",
            "android.permission.BLUETOOTH_ADMIN",
            "android.permission.CAMERA",
            "android.permission.CHANGE_WIFI_STATE",
            "android.permission.FLASHLIGHT",
            "android.permission.GET_ACCOUNTS",
            "android.permission.INTERNET",
            "android.permission.MANAGE_ACCOUNTS",
            "android.permission.READ_CONTACTS",
            "android.permission.READ_EXTERNAL_STORAGE",
            "android.permission.READ_PHONE_STATE",
            "android.permission.RECEIVE_SMS",
            "android.permission.RECORD_AUDIO",
            "android.permission.USE_CREDENTIALS",
            "android.permission.VIBRATE",
            "android.permission.WAKE_LOCK",
            "android.permission.WRITE_EXTERNAL_STORAGE",
            "com.amazon.appmanager.preload.permission.READ_PRELOAD_DEVICE_INFO_PROVIDER",
            "com.amazon.client.metrics.nexus.permission.TRIGGER_UPLOAD",
            "com.amazon.dcp.config.permission.DYN_CONFIG_VALUES_UPDATED",
            "com.amazon.dcp.metrics.permission.METRICS_PERMISSION",
            "com.amazon.dcp.sso.permission.AmazonAccountPropertyService.property.changed",
            "com.amazon.dcp.sso.permission.CUSTOMER_ATTRIBUTE_SERVICE",
            "com.amazon.dcp.sso.permission.MANAGE_COR_PFM",
            "com.amazon.dcp.sso.permission.USE_DEVICE_CREDENTIALS",
            "com.amazon.dcp.sso.permission.account.changed",
            "com.amazon.identity.auth.device.perm.AUTH_SDK",
            "com.amazon.identity.permission.CALL_AMAZON_DEVICE_INFORMATION_PROVIDER",
            "com.amazon.identity.permission.CAN_CALL_MAP_INFORMATION_PROVIDER",
            "com.amazon.identity.permission.GENERIC_IPC",
            "com.amazon.mShop.android.permission.MAPS_RECEIVE",
            "com.amazon.mShop.android.shopping.permission.C2D_MESSAGE",
            "com.android.launcher.permission.INSTALL_SHORTCUT",
            "com.android.launcher.permission.READ_SETTINGS",
            "com.google.android.c2dm.permission.RECEIVE"
        ],
        "activities": [
            "com.amazon.clouddrive.library.display.CloudDriveFragmentActivity",
            "com.amazon.device.ads.AdActivity",
            "com.amazon.identity.auth.device.AuthPortalUIActivity",
            "com.amazon.identity.auth.device.authorization.AuthzDialogActivity",
            "com.amazon.mShop.AmazonChooserActivity",
            "com.amazon.mShop.AmazonShareActivity",
            "com.amazon.mShop.about.MShopAboutActivity",
            "com.amazon.mShop.about.MShopAppInfoActivity",
            "com.amazon.mShop.aiv.AIVGatewayActivity",
            "com.amazon.mShop.aiv.AIVGatewayStartupActivity",
            "com.amazon.mShop.aiv.AIVMShopWebActivity",
            "com.amazon.mShop.aiv.AivHttpIntentActivity",
            "com.amazon.mShop.aiv.FeedbackActivity",
            "com.amazon.mShop.barcodeSearch.BarcodeFirstTryTipActivity",
            "com.amazon.mShop.barcodeSearch.BarcodeScanActivity",
            "com.amazon.mShop.barcodeSearch.HelpWithBarcodeScansActivity",
            "com.amazon.mShop.buyitagain.web.BuyItAgainWebActivity",
            "com.amazon.mShop.cart.web.WebCartActivity",
            "com.amazon.mShop.categoryBrowse.CategoryBrowseActivity",
            "com.amazon.mShop.clouddrive.CloudDriveManageStorageActivity",
            "com.amazon.mShop.clouddrive.CloudDriveUploadActivity",
            "com.amazon.mShop.cvsd.CVSDMapActivityPreAndroidM",
            "com.amazon.mShop.cvsd.CVSDMapActivityWithAndroidPermissions",
            "com.amazon.mShop.cvsd.CVSDRefinmentsActivity",
            "com.amazon.mShop.cvsd.CVSDStoreDetailsActivity",
            "com.amazon.mShop.dash.DashCachedWebActivity",
            "com.amazon.mShop.dash.DashPostSetupModalWebActivity",
            "com.amazon.mShop.dash.DashSetupActivity",
            "com.amazon.mShop.debug.DebugSettingsActivity",
            "com.amazon.mShop.details.FullScreenVideoActivity",
            "com.amazon.mShop.details.ProductDetailsActivity",
            "com.amazon.mShop.details.web.OfferListingsActivity",
            "com.amazon.mShop.details.web.WebProductDetailsActivity",
            "com.amazon.mShop.fling.FlingDebugSettingsActivity",
            "com.amazon.mShop.fling.tutorial.Tutorial",
            "com.amazon.mShop.fling.wishlist.uwl.WebUwlActivity",
            "com.amazon.mShop.fresh.debug.FreshDebugActivity",
            "com.amazon.mShop.gno.LinkTreeDebugSettingsActivity",
            "com.amazon.mShop.goldbox.GoldboxActivity",
            "com.amazon.mShop.goldbox.WebGoldboxActivity",
            "com.amazon.mShop.help.HelpActivity",
            "com.amazon.mShop.help.web.WebAIVHelpActivity",
            "com.amazon.mShop.help.web.WebContactUsActivity",
            "com.amazon.mShop.help.web.WebCustomerServiceActivity",
            "com.amazon.mShop.history.HistoryActivity",
            "com.amazon.mShop.history.web.WebHistoryActivity",
            "com.amazon.mShop.home.web.MShopWebGatewayActivity",
            "com.amazon.mShop.home.web.MShopWebGatewaySecondaryActivity",
            "com.amazon.mShop.httpUrlDeepLink.HttpUrlDeepLinkingActivity",
            "com.amazon.mShop.kiang.KiangDebugSettingsActivity",
            "com.amazon.mShop.localeswitch.LocaleSwitchActivity",
            "com.amazon.mShop.localization.MarketplaceSwitchActivity",
            "com.amazon.mShop.location.ChangeCountryActivity",
            "com.amazon.mShop.mash.AmazonMASHTestActivity",
            "com.amazon.mShop.moa.interstitial.MessageCenterInterstitialOnMoaCreationWebActivity",
            "com.amazon.mShop.mobileads.AdsWebActivity",
            "com.amazon.mShop.mobileads.DebugSettingsActivityForAds",
            "com.amazon.mShop.oft.OftCachedWebActivity",
            "com.amazon.mShop.oft.OftDebugActivity",
            "com.amazon.mShop.oft.OftWebActivity",
            "com.amazon.mShop.oft.SetupActivity",
            "com.amazon.mShop.oft.SetupCompleteActivity",
            "com.amazon.mShop.oft.SetupModalWebActivity",
            "com.amazon.mShop.opl.web.WebPurchaseActivity",
            "com.amazon.mShop.order.ViewOrderActivity",
            "com.amazon.mShop.order.web.WebViewOrderActivity",
            "com.amazon.mShop.paidreferrals.contactselector.ContactSelectorActivity",
            "com.amazon.mShop.paidreferrals.contactselector.ReferralsDebugActivity",
            "com.amazon.mShop.paidreferrals.contactselector.ReferralsGodchildWebActivity",
            "com.amazon.mShop.paidreferrals.contactselector.ReferralsGodparentWebActivity",
            "com.amazon.mShop.paidreferrals.contactselector.ReferralsMarketingInterstitialWebActivity",
            "com.amazon.mShop.permission.PermissionRequestActivity",
            "com.amazon.mShop.primeupsell.PrimeUpsellActivity",
            "com.amazon.mShop.primeupsell.PrimeUpsellDebugSettingsActivity",
            "com.amazon.mShop.publicurl.GenericDeepLinkWebActivity",
            "com.amazon.mShop.publicurl.PublicURLActivity",
            "com.amazon.mShop.pushnotification.NotificationContentActivity",
            "com.amazon.mShop.pushnotification.WebNotificationsSettingsActivity",
            "com.amazon.mShop.recommendations.RecommendationsActivity",
            "com.amazon.mShop.recommendations.web.WebRecommendationsActivity",
            "com.amazon.mShop.sbd.SBDNativeActivity",
            "com.amazon.mShop.search.RetailSearchActivity",
            "com.amazon.mShop.search.RetailSearchFragmentActivity",
            "com.amazon.mShop.search.SearchActivity",
            "com.amazon.mShop.search.SearchDebugSettingsActivity",
            "com.amazon.mShop.search.debug.ScanItDebugActivity",
            "com.amazon.mShop.search.image.MShopContinuousScanActivity",
            "com.amazon.mShop.search.snapscan.SnapScanActivity",
            "com.amazon.mShop.search.snapscan.SnapScanTutorialActivity",
            "com.amazon.mShop.search.snapscan.SnapScanUploadPhotoTutorialActivity",
            "com.amazon.mShop.search.snapscan.history.SnapScanHistoryActivity",
            "com.amazon.mShop.search.viewit.ViewItActivity",
            "com.amazon.mShop.search.viewit.ViewItLandingPageTutorialActivity",
            "com.amazon.mShop.search.viewit.ViewItScanEntryActivity",
            "com.amazon.mShop.search.viewit.ViewItTutorialActivity",
            "com.amazon.mShop.search.viewit.aitl.AskAmazonActivityDefault",
            "com.amazon.mShop.search.viewit.aitl.AskAmazonActivityT1",
            "com.amazon.mShop.search.viewit.aitl.PhotoRetakeActivity",
            "com.amazon.mShop.search.viewit.shippinglabel.ShippingLabelScanItActivity",
            "com.amazon.mShop.search.viewit.uploadphoto.UploadPhotoActivity",
            "com.amazon.mShop.search.viewit.uploadphoto.snapscan.SnapScanUploadPhotoActivity",
            "com.amazon.mShop.sns.SnsManageYourSubscribesActivity",
            "com.amazon.mShop.sns.SnsWebViewActivity",
            "com.amazon.mShop.social.SocialConnectActivity",
            "com.amazon.mShop.social.SocialConnectDebugSettingsActivity",
            "com.amazon.mShop.splashscreen.StartupActivity",
            "com.amazon.mShop.sso.CentralSSOLoginActivity",
            "com.amazon.mShop.sso.CentralSSOLogoutActivity",
            "com.amazon.mShop.sso.DistributedSSOLoginActivity",
            "com.amazon.mShop.sso.DistributedSSOLogoutActivity",
            "com.amazon.mShop.sso.SSODebugSettingsActivity",
            "com.amazon.mShop.sso.SSOSplashScreenActivity",
            "com.amazon.mShop.sso.SigninPromptActivity",
            "com.amazon.mShop.startup.StartupLocalizationSelectionActivity",
            "com.amazon.mShop.startup.StartupSetCountryActivity",
            "com.amazon.mShop.treasuretruck.TreasureTruckDebugActivity",
            "com.amazon.mShop.treasuretruck.TreasureTruckHomeActivity",
            "com.amazon.mShop.treasuretruck.TreasureTruckLoadingActivity",
            "com.amazon.mShop.treasuretruck.TreasureTruckPokeActivity",
            "com.amazon.mShop.voice.assistant.VoiceActivity",
            "com.amazon.mShop.voice.assistant.debug.DebugActivity",
            "com.amazon.mShop.web.DebugHtmlSandboxSettingsActivity",
            "com.amazon.mShop.web.EmbeddedBrowserActivity",
            "com.amazon.mShop.web.MShopModalWebActivity",
            "com.amazon.mShop.web.MShopWebActivity",
            "com.amazon.mShop.web.MShopWebDebugSettingsActivity",
            "com.amazon.mShop.weblab.MShopWeblabDebugActivity",
            "com.amazon.mShop.wishlist.web.WebWishListActivity",
            "com.amazon.mShop.youraccount.OneClickSettingsActivity",
            "com.amazon.mShop.youraccount.YourAccountActivity",
            "com.amazon.mShop.youraccount.web.WebYourAccountActivity",
            "com.amazon.mobile.mash.MASHConfigurationActivity",
            "com.amazon.mobile.mash.embeddedbrowser.EmbeddedBrowserActivity",
            "com.amazon.mobile.ssnap.SsnapActivity",
            "com.amazon.mobile.ssnap.SsnapModalActivity",
            "com.amazon.retailsearchssnap.debug.SearchSsnapDebugActivity",
            "com.amazon.traffic.automation.notification.util.PushNotificationContentActivity",
            "com.cardreader.giftcard.activities.GiftCardEntryActivity",
            "com.cardreader.giftcard.activities.GiftCardScanActivity",
            "com.creditcardreader.activities.CreditCardEntryActivity",
            "com.creditcardreader.activities.CreditCardScanActivity",
            "com.facebook.FacebookActivity",
            "com.facebook.react.devsupport.DevSettingsActivity"
        ],
        "services": [
            "com.amazon.client.metrics.nexus.EventUploadService",
            "com.amazon.client.metrics.nexus.UploadJobService",
            "com.amazon.clouddrive.library.service.AutoUploadServiceProxy",
            "com.amazon.clouddrive.library.service.CheckStorageServiceProxy",
            "com.amazon.clouddrive.library.service.UploadServiceProxy",
            "com.amazon.identity.auth.device.authorization.AmazonAuthorizationService1stParty",
            "com.amazon.identity.auth.device.bootstrapSSO.BootstrapSSOService",
            "com.amazon.identity.auth.device.storage.DatabaseCleaner$DatabaseCleaningService",
            "com.amazon.identity.auth.device.storage.DirtyDataSyncingService",
            "com.amazon.mShop.dash.whisper.service.DeviceProvisioningService",
            "com.amazon.mShop.oft.whisper.service.DeviceProvisioningService",
            "com.amazon.mShop.pushnotification.gcm.MShopGCMIntentService",
            "com.amazon.mShop.sso.SSOBackgroundAccountService",
            "com.amazon.traffic.automation.notification.geofence.NotificationGeofenceTransition"
        ],
        "receivers": [
            "com.amazon.clouddrive.library.device.receivers.AutoUploadReceiverProxy",
            "com.amazon.clouddrive.library.device.receivers.CameraActionReceiverProxy",
            "com.amazon.clouddrive.library.device.receivers.ConnectivityReceiverProxy",
            "com.amazon.clouddrive.library.device.receivers.ExternalMediaChangeReceiverProxy",
            "com.amazon.clouddrive.library.device.receivers.PackageReceiverProxy",
            "com.amazon.identity.auth.accounts.SessionUserChangedToAccountForPackageChangedAdpater",
            "com.amazon.identity.auth.device.storage.LambortishClock$ChangeTimestampsBroadcastReceiver",
            "com.amazon.mShop.MShopReferralInstallationReceiver",
            "com.amazon.mShop.appstore.AppstoreCoinBalanceReceiver",
            "com.amazon.mShop.appstore.RecentlyViewedItemsReceiver",
            "com.amazon.mShop.kiang.DeviceRegistrationReceiver",
            "com.amazon.mShop.pushnotification.MShopClearNotificationReceiver",
            "com.amazon.mShop.pushnotification.gcm.MShopGCMBroadcastReceiver",
            "com.amazon.mShop.sso.SSOAccountListener",
            "com.amazon.mShop.treasuretruck.geofence.GeofenceReceiver",
            "com.amazon.traffic.automation.notification.activity.ScheduleCallBackBroadcastReceiver",
            "com.amazon.traffic.automation.notification.util.PushNotificationBroadcastReceiver",
            "com.amazon.venezia.mShop.MshopAuthenticationReceiver"
        ]
    },
    "stats": {
        "dex_count": 35,
        "native_lib_count": 19
    },
    "jadx": {
        "status": "ok",
        "duration_sec": 38.99,
        "sources_present": true,
        "java_file_count": 12259
    },
    "ast_analysis": {
        "location": 16,
        "microphone": 2,
        "camera": 53,
        "media_projection": 0,
        "dynamic_load": 0,
        "jni": 29
    },
    "analysis_state": "complete"
}