{
    "apk_name": "EE960FA1D8B34A68CE5F9662715E91073A5223A228CCD0BDF740A45545F679FE",
    "sha256": "ee960fa1d8b34a68ce5f9662715e91073a5223a228ccd0bdf740a45545f679fe",
    "metadata": {
        "package_name": "com.atakmap.android.uastool.plugin",
        "version_code": "1749763928",
        "version_name": "12.12.2-playstore (9e18a9ad) - [5.4.0]",
        "min_sdk": "26",
        "target_sdk": "34",
        "permissions": [
            "android.permission.ACCESS_COARSE_LOCATION",
            "android.permission.ACCESS_FINE_LOCATION",
            "android.permission.ACCESS_NETWORK_STATE",
            "android.permission.ACCESS_WIFI_STATE",
            "android.permission.CHANGE_WIFI_MULTICAST_STATE",
            "android.permission.CHANGE_WIFI_STATE",
            "android.permission.INTERNET",
            "android.permission.READ_EXTERNAL_STORAGE",
            "android.permission.READ_PHONE_STATE",
            "android.permission.READ_PRIVILEGED_PHONE_STATE",
            "android.permission.RECORD_AUDIO",
            "android.permission.SET_TIME",
            "android.permission.SET_TIME_ZONE",
            "android.permission.VIBRATE",
            "android.permission.WAKE_LOCK",
            "android.permission.WRITE_EXTERNAL_STORAGE",
            "android.permission.WRITE_SETTINGS",
            "com.android.alarm.permission.SET_ALARM"
        ],
        "activities": [
            "com.atakmap.android.uastool.utils.DummyActivity",
            "com.atakmap.app.component",
            "com.google.android.gms.common.api.GoogleApiActivity",
            "com.parrot.drone.groundsdk.internal.RcAccessoryBootstrapActivity"
        ],
        "services": [
            "androidx.room.MultiInstanceInvalidationService"
        ],
        "receivers": [],
        "permission_details": {
            "android.permission.ACCESS_COARSE_LOCATION": "dangerous",
            "android.permission.ACCESS_FINE_LOCATION": "dangerous",
            "android.permission.ACCESS_NETWORK_STATE": "normal",
            "android.permission.ACCESS_WIFI_STATE": "normal",
            "android.permission.CHANGE_WIFI_MULTICAST_STATE": "normal",
            "android.permission.CHANGE_WIFI_STATE": "normal",
            "android.permission.INTERNET": "normal",
            "android.permission.READ_EXTERNAL_STORAGE": "dangerous",
            "android.permission.READ_PHONE_STATE": "dangerous",
            "android.permission.READ_PRIVILEGED_PHONE_STATE": "unknown",
            "android.permission.RECORD_AUDIO": "dangerous",
            "android.permission.SET_TIME": "unlaballed",
            "android.permission.SET_TIME_ZONE": "unlaballed",
            "android.permission.VIBRATE": "normal",
            "android.permission.WAKE_LOCK": "normal",
            "android.permission.WRITE_EXTERNAL_STORAGE": "dangerous",
            "android.permission.WRITE_SETTINGS": "signature",
            "com.android.alarm.permission.SET_ALARM": "normal"
        },
        "risk_counts": {
            "dangerous": 6,
            "normal": 8,
            "unknown": 1,
            "unlaballed": 2,
            "signature": 1
        }
    },
    "stats": {
        "dex_count": 5,
        "native_lib_count": 0
    },
    "jadx": {
        "status": "ok",
        "duration_sec": 60.13,
        "sources_present": true,
        "java_file_count": 11986
    },
    "ast_analysis": {
        "location": 4,
        "microphone": 8,
        "camera": 76,
        "media_projection": 8,
        "dynamic_load": 0,
        "jni": 50
    },
    "analysis_state": "complete",
    "behavioral_structural_data": {
        "api_inventory": {
            "camera": 1,
            "microphone": 4,
            "location": 2,
            "torch": 0,
            "telephony_ops": 0,
            "system_commands": 5,
            "webview_interop": 0,
            "content_access": 1,
            "audio_control": 2,
            "vibration": 2,
            "network_io": 30,
            "scheduling_apis": 88,
            "dynamic_code": 206
        },
        "execution_context": {
            "in_service": 0,
            "in_receiver": 0,
            "in_activity": 0,
            "in_provider": 0,
            "unknown": 341
        },
        "scheduling_mechanisms": {
            "alarm_manager": 2,
            "handler_loop": 86,
            "job_scheduler": 0
        },
        "trigger_types": {
            "auto_triggered": 1,
            "user_triggered": 0
        },
        "dynamic_features": {
            "jni_usage": 37,
            "dynamic_loading": 0,
            "reflection": 169
        }
    }
}