{
    "apk_name": "A34C5E7A60A072362ECC2589D93D400F4ADEC6FF9B3EE327A8905307B835A061",
    "sha256": "a34c5e7a60a072362ecc2589d93d400f4adec6ff9b3ee327a8905307b835a061",
    "metadata": {
        "package_name": "com.tessalink.certcheck",
        "version_code": "13401",
        "version_name": "2.0.13401",
        "min_sdk": "28",
        "target_sdk": "34",
        "permissions": [
            "android.permission.ACCESS_COARSE_LOCATION",
            "android.permission.ACCESS_FINE_LOCATION",
            "android.permission.ACCESS_NETWORK_STATE",
            "android.permission.CAMERA",
            "android.permission.INTERNET",
            "android.permission.NFC",
            "android.permission.WRITE_EXTERNAL_STORAGE",
            "com.tessalink.certcheck.DYNAMIC_RECEIVER_NOT_EXPORTED_PERMISSION"
        ],
        "activities": [
            "com.google.android.gms.common.api.GoogleApiActivity",
            "crc6419907faa341434b8.MainActivity",
            "crc6419907faa341434b8.SplashScreenActivity"
        ],
        "services": [
            "androidx.camera.core.impl.MetadataHolderService",
            "com.google.android.datatransport.runtime.backends.TransportBackendDiscovery",
            "com.google.android.datatransport.runtime.scheduling.jobscheduling.JobInfoSchedulerService",
            "com.google.mlkit.common.internal.MlKitComponentDiscoveryService"
        ],
        "receivers": [
            "androidx.profileinstaller.ProfileInstallReceiver",
            "com.google.android.datatransport.runtime.scheduling.jobscheduling.AlarmManagerSchedulerBroadcastReceiver",
            "crc643f46942d9dd1fff9.PowerSaveModeBroadcastReceiver",
            "crc6464b151ab0c8e99f1.NFCImplementation_NfcBroadcastReceiver",
            "crc64fc1c491e2b188b51.NFCImplementation_NfcBroadcastReceiver"
        ]
    },
    "stats": {
        "dex_count": 2,
        "native_lib_count": 32
    },
    "jadx": {
        "status": "ok",
        "duration_sec": 35.09,
        "sources_present": true,
        "java_file_count": 7482
    },
    "ast_analysis": {
        "location": 8,
        "microphone": 1,
        "camera": 18,
        "media_projection": 0,
        "dynamic_load": 0,
        "jni": 8
    },
    "analysis_state": "complete"
}