{
    "apk_name": "892082E7ECD716F9255D4D55828C708665C8640DB3299F52DBFEAA296937EBC8",
    "sha256": "892082e7ecd716f9255d4d55828c708665c8640db3299f52dbfeaa296937ebc8",
    "metadata": {
        "package_name": "com.atakmap.android.datasync.plugin",
        "version_code": "1746756017",
        "version_name": "3.5.24 (cd9111c3) - [5.4.0]",
        "min_sdk": "21",
        "target_sdk": "34",
        "permissions": [],
        "activities": [
            "com.atakmap.app.component"
        ],
        "services": [],
        "receivers": [],
        "permission_details": {},
        "risk_counts": {}
    },
    "stats": {
        "dex_count": 1,
        "native_lib_count": 0
    },
    "jadx": {
        "status": "ok",
        "duration_sec": 7.7,
        "sources_present": true,
        "java_file_count": 741
    },
    "ast_analysis": {
        "location": 0,
        "microphone": 0,
        "camera": 3,
        "media_projection": 0,
        "dynamic_load": 0,
        "jni": 0
    },
    "analysis_state": "complete",
    "behavioral_structural_data": {
        "api_inventory": {
            "camera": 1,
            "microphone": 0,
            "location": 0,
            "torch": 2,
            "telephony_ops": 0,
            "system_commands": 0,
            "webview_interop": 0,
            "content_access": 0,
            "audio_control": 0,
            "vibration": 0,
            "network_io": 0,
            "scheduling_apis": 1,
            "dynamic_code": 5
        },
        "execution_context": {
            "in_service": 0,
            "in_receiver": 0,
            "in_activity": 0,
            "in_provider": 0,
            "unknown": 9
        },
        "scheduling_mechanisms": {
            "alarm_manager": 0,
            "handler_loop": 1,
            "job_scheduler": 0
        },
        "trigger_types": {
            "auto_triggered": 0,
            "user_triggered": 0
        },
        "dynamic_features": {
            "jni_usage": 0,
            "dynamic_loading": 0,
            "reflection": 5
        }
    }
}