{
    "java_files": [],
    "ast_hits_by_file": {
        "location": [],
        "microphone": [],
        "camera": [],
        "media_projection": [],
        "dynamic_load": [],
        "jni": []
    },
    "native_libs": [
        "lib/arm64-v8a/libachilles-jni.so",
        "lib/arm64-v8a/libandroidx.graphics.path.so",
        "lib/arm64-v8a/libappcomponentfactory-jni.so",
        "lib/arm64-v8a/libarcore_sdk_jni.so",
        "lib/arm64-v8a/libbreakpad.so",
        "lib/arm64-v8a/libbreakpad_cpp_helper.so",
        "lib/arm64-v8a/libc++_shared.so",
        "lib/arm64-v8a/libdistract-config.so",
        "lib/arm64-v8a/libfbunwindstack.so",
        "lib/arm64-v8a/libsuperpack-jni.so",
        "lib/arm64-v8a/libunwindstack_binary.so"
    ],
    "dex_files_count": 16,
    "exported_components": {
        "activities": [
            "androidx.credentials.playservices.HiddenActivity",
            "com.android.billingclient.api.ProxyBillingActivity",
            "com.android.billingclient.api.ProxyBillingActivityV2",
            "com.facebook.about.AboutActivity",
            "com.facebook.abtest.gkprefs.GkSettingsListActivity",
            "com.facebook.abtest.qe.settings.QuickExperimentListActivity",
            "com.facebook.abtest.qe.settings.QuickExperimentViewActivity",
            "com.facebook.accessibility.central.debug.AccessibilityPlaygroundActivity",
            "com.facebook.account.bypasslogin.interstitial.BPLInterstitialActivity",
            "com.facebook.account.login.activity.SimpleLoginActivity",
            "com.facebook.account.recovery.AccountRecoveryActivity",
            "com.facebook.account.recovery.ear.ExtendedAccountRecoveryActivity",
            "com.facebook.account.securitykeys.playground.PlaygroundActivity",
            "com.facebook.account.sensitiveactionprotection.BloksSensitiveActionProtectionHostActivity",
            "com.facebook.account.simplerecovery.SimpleRecoveryActivity",
            "com.facebook.account.switcher.activity.SimpleAccountSwitcherActivity",
            "com.facebook.account.switcher.nux.ActivateDeviceBasedLoginNuxActivity",
            "com.facebook.account.switcher.settings.DBLLoggedInAccountSettingsActivity",
            "com.facebook.account.switcher.settings.DBLPinSettingsActivity",
            "com.facebook.account.switcher.shortcuts.AccountSwitcherShortcutActivity",
            "com.facebook.account.twofac.push.LoginApprovalsPushActivity",
            "com.facebook.accountquality.AccountQualityActivity",
            "com.facebook.accountquality.AccountQualityActorLauncherActivity",
            "com.facebook.accountquality.AccountQualityCommerceContentLauncherActivity",
            "com.facebook.actionitems.ActionItemsComposerActivity",
            "com.facebook.actorgateway.ui.ActorGatewayActivity",
            "com.facebook.addresstypeahead.AddressTypeAheadActivity",
            "com.facebook.adexpress.AdExpressActivity",
            "com.facebook.adinterfaces.AdInterfacesCouponInterstitialActivity",
            "com.facebook.adinterfaces.AdInterfacesExtendedObjectivesOfflineActivity",
            "com.facebook.adinterfaces.AdInterfacesObjectiveActivity",
            "com.facebook.adinterfaces.MapAreaPickerActivity",
            "com.facebook.adinterfaces.adcenter.AdCenterHostingActivity",
            "com.facebook.adinterfaces.adcenter.AdCenterPostSelectorHostingActivity",
            "com.facebook.adinterfaces.ui.selector.TargetingSelectorActivity",
            "com.facebook.adpreview.activity.AdPreviewActivity",
            "com.facebook.ads.AudienceNetworkActivity",
            "com.facebook.ads.internal.ipc.AudienceNetworkExportedActivity",
            "com.facebook.ads.internal.ipc.AudienceNetworkRemoteActivity",
            "com.facebook.adscomposer.AdsComposerActivity",
            "com.facebook.adsconsentvalue.acvdeeplinkhandler.ACVDeeplinkHandler",
            "com.facebook.adsexperiencetool.AdsInjectConfirmationActivity",
            "com.facebook.adspayments.activity.AddPaymentCardActivity",
            "com.facebook.adspayments.activity.AddressActivity",
            "com.facebook.adspayments.activity.BrazilianAddressActivity",
            "com.facebook.adspayments.activity.BrazilianTaxIdActivity",
            "com.facebook.adspayments.activity.IntentRouteHandlerActivity",
            "com.facebook.adspayments.activity.PaymentStatusActivity",
            "com.facebook.adspayments.activity.PrepayFlowFundingActivity",
            "com.facebook.adspayments.activity.SelectPaymentOptionActivity",
            "com.facebook.adspreviewinjection.AdsPreviewInjectionActivity",
            "com.facebook.aicheckout.internalsettings.facebook.AICheckoutSettingsActivity",
            "com.facebook.analytics.fbmetricsdebugger.prefs.FbMetricsDebuggerSettingsActivity",
            "com.facebook.audience.snacks.storysurface.activity.StoriesSurfaceActivity",
            "com.facebook.audience.stories.archive.StoriesArchiveActivity",
            "com.facebook.audience.stories.highlights.StoriesHighlightsActivity",
            "com.facebook.audience.stories.highlights.editstoryhighlights.EditStoryHighlightsActivity",
            "com.facebook.audience.stories.highlights.highlightscreen.HighlightScreenActivity",
            "com.facebook.audience.stories.highlights.settings.StoriesHighlightsSettingsActivity",
            "com.facebook.auth.reauth.ReauthActivity",
            "com.facebook.authenticity.idv.IdentityVerificationActivity",
            "com.facebook.aymt.internalsettings.LookUpTipsActivity",
            "com.facebook.bizagent.deeplink.BizAiAgentDeepLinkHandler",
            "com.facebook.bladerunner_examples.FBBladeRunnerExamplesChatRoomPageActivity",
            "com.facebook.bladerunner_examples.FBBladeRunnerExamplesPageActivity",
            "com.facebook.bladerunner_examples.FBBladeRunnerHelloWorldPageActivity",
            "com.facebook.bladerunner_examples.FBBladeRunnerRealtimeClientSyncExamplePageActivity",
            "com.facebook.bladerunner_examples.FBBladeRunnerWeatherPageActivity",
            "com.facebook.blockchain_wallet.deeplinking.BlockchainWalletUriHandlerActivity",
            "com.facebook.bloks.facebook.actions.plugins.bkactionfbfbcontextualexperiencecreateandissuenativewalletoffer.CreateAndIssueNativeWalletOfferActivity",
            "com.facebook.bloks.facebook.actions.plugins.bkactionlaunchsecureembeddedwebview.WebAuthenticationActivity",
            "com.facebook.bloks.facebook.actions.plugins.bkactionsecurewebviewwithonchange.TrustlyAuthenticationActivity",
            "com.facebook.bloks.facebook.actions.plugins.bkactiontrustlyauthentication.FBRedirectUrlHandlerActivity",
            "com.facebook.bloks.facebook.actions.plugins.bkactiontrustlyauthentication.TrustlyLightboxActivity",
            "com.facebook.bloks.facebook.actions.plugins.bkactionwebviewwithonchange.OpenWebViewWithUrlChangeActivity",
            "com.facebook.bloks.facebook.actions.plugins.fbactionmusicopenmusicpicker.BloksMusicPickerActivity",
            "com.facebook.bloks.facebook.loggedout.FbExperimentalLoggedOutBloksActivity",
            "com.facebook.bloks.facebook.nativeshell.FbBloksNativeShellActivity",
            "com.facebook.bloks.messenger.activity.MSGBloksActivity",
            "com.facebook.bloks.messenger.activity.MSGBloksTransparentActivity",
            "com.facebook.brandfunded.branddeals.deeplink.FBCreatorMarketplacePermalinkUriHandlerActivity",
            "com.facebook.brandfunded.deeplink.AffiliatePartnershipsPermalinkUriHandlerActivity",
            "com.facebook.browser.lite.BrowserLite2Activity",
            "com.facebook.browser.lite.BrowserLiteActivity",
            "com.facebook.browser.lite.BrowserLiteInMainProcessActivity",
            "com.facebook.browser.lite.BrowserLiteInMainProcessBottomSheetActivity",
            "com.facebook.browser.lite.RecentTabsActivity",
            "com.facebook.browser.lite.debug.debugger.BrowserLiteDebuggerActivity",
            "com.facebook.browser.lite.debug.debugger.BrowserLiteDebuggerSettingsActivity",
            "com.facebook.browser.lite.extensions.autofill.facebook.internalsettings.AutofillKeyMigrationPlaygroundActivity",
            "com.facebook.browser.liteclient.rapidfeedback.BrowserLiteRapidFeedbackActivity",
            "com.facebook.browser.liteclient.report.BrowserRapidReportingHostActivity",
            "com.facebook.browser.liteclient.report.BrowserReportingInterstitialActivity",
            "com.facebook.browser.litev2.lite.BrowserLiteDIActivity",
            "com.facebook.browser.litev2.lite.BrowserLiteDIFacebookActivity",
            "com.facebook.browser.litev2.lite.BrowserLiteDITransparentActivity",
            "com.facebook.bugreporter.activity.BugReportActivity",
            "com.facebook.bugreporter.screenshot.uipresenter.BugReportScreenshotActivity",
            "com.facebook.businessintegrity.gdpr.consents.GDPRConsentsActivity",
            "com.facebook.businessintegrity.mlex.adactivity.dashboard.AdActivityDashboardActivity",
            "com.facebook.businessintegrity.waist.BIWaistActivity",
            "com.facebook.businesslinkmanagement.BusinessLinkManagementSettingEntrypointActivity",
            "com.facebook.businesslinkmanagement.DeeplinkToAPPlusSettingActivity",
            "com.facebook.bwpclientauthmanager.AuthenticationActivity",
            "com.facebook.bwpclientauthmanager.SingleEntryPointAuthenticationActivity",
            "com.facebook.cameraroll.fragment.CameraRollPreviewActivity",
            "com.facebook.camerarollprocessor.internalui.AdvProInternalModelSelectionActivity",
            "com.facebook.camerarollprocessor.internalui.AdvProInternalResizeActivity",
            "com.facebook.camerarollprocessor.internalui.AdvProInternalUCRFilterActivity",
            "com.facebook.camerarollprocessor.internalui.AdvProInternalUCRLandingActivity",
            "com.facebook.camerarollprocessor.internalui.AdvProInternalUploadActivity",
            "com.facebook.camerarollprocessor.internalui.uploader.MultiMediaSelectActivity",
            "com.facebook.camerarollprocessor.internalui.uploader.MultiUploadOperationResultActivity",
            "com.facebook.camerarollprocessor.internalui.uploader.UploaderTestLandingActivity",
            "com.facebook.camerarollprocessor.internalui.usstest.USSTestLandingActivity",
            "com.facebook.camerarollprocessor.location.playground.CameraRollLocationDebuggerActivity",
            "com.facebook.camerarollprocessor.mlinferenceengine.mlplayground.MLPlaygroundActivity",
            "com.facebook.car.magiclink.AuthenticityWizardTriggerFromEmailMagicLinkHandlerActivity",
            "com.facebook.car.magiclink.AuthenticityWizardTriggerHandoffMagicLinkHandlerActivity",
            "com.facebook.car.magiclink.DisavowMagicLinkHandlerActivity",
            "com.facebook.car.magiclink.EpsilonMagicLinkHandlerActivity",
            "com.facebook.car.magiclink.LastResortRecoveryDeeplinkMagicLinkHandlerActivity",
            "com.facebook.car.magiclink.LastResortRecoveryMagicLinkHandlerActivity",
            "com.facebook.carriermon.checkout.CarrierMonCheckoutStatusDeeplinkHandlerActivity",
            "com.facebook.carriermon.esim.CarrierMonESimMainFlowDeeplinkHandlerActivity",
            "com.facebook.cats.authplatformcontinue.AuthPlatformContinueActivity",
            "com.facebook.challenges.deeplink.ChallengesDeepLinkActivity",
            "com.facebook.checkpoint.CheckpointActivity",
            "com.facebook.clashmanagement.debug.ClashManagementSettingsActivity",
            "com.facebook.clicktocall.PstnCallActivity",
            "com.facebook.clicktocall.activity.CallExtensionDeepLinkActivity",
            "com.facebook.clicktocall.callback.form.CallAdsCallbackFormActivity",
            "com.facebook.clicktocall.deeplinks.nativecallextension.NativeCallExtensionDeeplinkActivity",
            "com.facebook.clicktocall.nativecall.deeplink.NativeCallDeeplinkActivity",
            "com.facebook.clicktocall.nativecall.mainactivity.NativeCallActivity",
            "com.facebook.clicktocall.nativecall.requestcallback.RequestCallActivity",
            "com.facebook.clicktocall.survey.CallAdsSurveyActivity",
            "com.facebook.clientsignals.internalsettings.common.ClientSignalsActivity",
            "com.facebook.clientsignals.internalsettings.fb.FbClientSignalsActivity",
            "com.facebook.cloudstreaming.backends.fb4a.Horizon2DActivity",
            "com.facebook.cloudstreaming.backends.fb4a.fbactivity.FbHorizon2DActivity",
            "com.facebook.commerce.cart.activity.CartFeedLaunchActivity",
            "com.facebook.commerce.cpdp.CPDPFBLaunchActivity",
            "com.facebook.commerce.cpdp.CPDPFBRedirectActivity",
            "com.facebook.commerce.productdetails.intent.ProductDetailsActivity",
            "com.facebook.commerce.productdetails.intent.ProductDetailsUnifiedActivity",
            "com.facebook.commercecamera.CommerceCameraActivity",
            "com.facebook.commercecamera.CommerceCameraUriLauncherActivity",
            "com.facebook.common.dextricksprefs.DextricksActivity",
            "com.facebook.common.dextricksprefs.ViewDetailActivity",
            "com.facebook.communitymessaging.ccdeprecation.deeplink.FbMessengerCommunitiesCCDeprecationNUXDeeplinkActivity",
            "com.facebook.communitynotes.deeplink.CommunityNotesHubLinkActivity",
            "com.facebook.composer.activity.ComposerActivity",
            "com.facebook.composer.album.activity.AlbumSelectorActivity",
            "com.facebook.composer.avatarspost.composition.AvatarsPostCompositionActivity",
            "com.facebook.composer.creatorcomposer.activity.CreatorComposerActivity",
            "com.facebook.composer.events.attending.picker.activity.EventSelectionForAttendingActivity",
            "com.facebook.composer.events.creating.EventsCreationAndSelectionActivity",
            "com.facebook.composer.gif.activity.GifPickerActivity",
            "com.facebook.composer.groups.picker.GroupPickerActivity",
            "com.facebook.composer.groupschats.activity.GroupsChatsTemporaryChatsCreationActivity",
            "com.facebook.composer.media.picker.fragment.MediaPickerActivity",
            "com.facebook.composer.media.picker.metagallery.launcher.MetaGalleryMediaPickerUriLauncherActivity",
            "com.facebook.composer.minutiae.activity.MinutiaeObjectSelectorActivity",
            "com.facebook.composer.minutiae.activity.MinutiaeTabbedPickerActivity",
            "com.facebook.composer.minutiae.iconpicker.MinutiaeIconPickerActivity",
            "com.facebook.composer.music.activities.MusicPickerActivity",
            "com.facebook.composer.music.activities.MusicTrimmerActivity",
            "com.facebook.composer.preview.activity.ComposerPreviewActivity",
            "com.facebook.composer.shareintent.ImplicitShareIntentHandler",
            "com.facebook.composer.shareintent.PlatformShareSnackBarActivity",
            "com.facebook.composer.shareintent.prefill.PrefilledComposerLauncherActivity",
            "com.facebook.composer.ui.underwood.modal.ModalUnderwoodActivity",
            "com.facebook.compost.ui.CompostActivity",
            "com.facebook.confirmation.activity.SimpleConfirmAccountActivity",
            "com.facebook.connectionhub.activity.ConnectionHubActivity",
            "com.facebook.consentexperiencekit.ConsentExperienceKitDeepLinkHandler",
            "com.facebook.copresence.ui.CopresenceSettingsActivity",
            "com.facebook.creator.challenges.activities.FanChallengeBloksTransitionActivity",
            "com.facebook.creator.channels.insights.ChannelsInsightsActivity",
            "com.facebook.creator.creatordigest.CreatorDigestTransitionActivity",
            "com.facebook.creator.creatorhub.CreatorHubAgentSupportHandlerActivity",
            "com.facebook.creator.creatorhub.CreatorHubDelegateHandlerActivity",
            "com.facebook.creator.creatorhub.CreatorHubFPMProgramEligibilityHandlerActivity",
            "com.facebook.creator.creatorhub.CreatorHubHomeHandlerActivity",
            "com.facebook.creator.creatorhub.CreatorHubIssueHelpContentViewHandlerActivity",
            "com.facebook.creator.fancelebrations.FanCelebrationsTransitionActivity",
            "com.facebook.creator.videocomposer.activity.VodComposerActivity",
            "com.facebook.creator.videocomposer.activity.VodEditVideoActivity",
            "com.facebook.creator.videocomposer.activity.VodVideoPlayerActivity",
            "com.facebook.creator.videocomposer.vod2activity.VodShareSheetActivity",
            "com.facebook.creatorbonuses.CreatorBonusesHomeUrlHandlerActivity",
            "com.facebook.creatorecosystem.ReelsDMCreatorOnboardingHandlerActivity",
            "com.facebook.creatorstore.deeplink.CreatorStorePermalinkUriHandlerActivity",
            "com.facebook.crossposting.crosspostinternalsettings.AddToSpotifyTestActivity",
            "com.facebook.crossposting.whatsapp.ShareToStoryActivity",
            "com.facebook.crowdsourcing.feather.activity.FeatherActivity",
            "com.facebook.crowdsourcing.placepin.PlacePinEditActivity",
            "com.facebook.crowdsourcing.suggestedits.activity.SuggestEditsActivity",
            "com.facebook.customer_advocacy.FBShopReferralDetailsActivity",
            "com.facebook.customerrorpage.CustomErrorPageActivity",
            "com.facebook.customsettings.AccountSettingsActivity",
            "com.facebook.customsettings.CustomSettingsActivity",
            "com.facebook.customsettings.SecuritySettingsActivity",
            "com.facebook.datasensitivity.DataSavingsModeSettingsActivity",
            "com.facebook.debug.debugoverlay.DebugOverlaySettingsActivity",
            "com.facebook.deeplinking.activity.StoryDeepLinkLoadingActivity",
            "com.facebook.delights.settings.TextDelightsPreferencesActivity",
            "com.facebook.device_id.debug.FamilyDeviceIdPreferencesActivity",
            "com.facebook.devicerequests.DeviceRequestUtils$DeviceRequestNotificationHandlerActivity",
            "com.facebook.dialtone.activity.DialtoneIntentInterstitialActivity",
            "com.facebook.dialtone.activity.DialtoneUnsupportedCarrierInterstitialActivity",
            "com.facebook.dialtone.activity.DialtoneUriIntentHandlerActivity",
            "com.facebook.dialtone.activity.DialtoneWifiInterstitialActivity",
            "com.facebook.dialtone.switcher.DialtoneManualSwitcherNuxRedesignActivity",
            "com.facebook.directinstall.appdetails.AppDetailsActivity",
            "com.facebook.directinstall.appdetails.ScreenshotFullscreenActivity",
            "com.facebook.dma.dmabrowser.lite.DMASecureBrowserActivity",
            "com.facebook.dogfoodingassistant.DogfoodingAssistantBottomSheetActivity",
            "com.facebook.errorreporting.internal.LacrimaActivity",
            "com.facebook.events.create.EventEditFlowLauncherActivity",
            "com.facebook.events.create.multistepscreation.EventCreationLauncherActivity",
            "com.facebook.events.messaging.EventMessagingStoriesFeedbackActivity",
            "com.facebook.events.permalink.cohost.EventCohostRequestListActivity",
            "com.facebook.events.privacy.EditEventsResponsePrivacyActivity",
            "com.facebook.events.reminder.EventsReminderBottomSheetActivity",
            "com.facebook.facebookpay.msc.activity.BSCActivity",
            "com.facebook.facecast.broadcast.notifications.LiveAudioRoomV2NotificationActivity",
            "com.facebook.facecast.deeplink.FacecastDeeplinkActivity",
            "com.facebook.facecast.display.stickers.ViewerSideStickersActivity",
            "com.facebook.facecast.launcher.FacecastUnsupportedActivity",
            "com.facebook.familybridges.installation.ui.FamilyAppInstallationActivity",
            "com.facebook.familycenter.FamilyCenterDeeplinkHandler",
            "com.facebook.fandomsettings.activity.FandomSettingsTransitionActivity",
            "com.facebook.fanhub.fanwall.composer.activity.FanWallComposerUriLauncherActivity",
            "com.facebook.fbandroidexperiences.windowtestactivity.WindowInfoActivity",
            "com.facebook.fbavatar.FbAvatarEditorActivity",
            "com.facebook.fbavatar.metacreditfundinglauncher.MetaCreditFundingLauncherActivity",
            "com.facebook.fbavatar.quicksilver.QuicksilverUriLauncherActivity",
            "com.facebook.fbavatar.worldinvitationsharing.HorizonWorldInvitationSharingActivity",
            "com.facebook.fbavatar.worldlauncher.WorldUriLauncherActivity",
            "com.facebook.fbmitigations.FBMitigationsActivity",
            "com.facebook.fbmosaiccomponent.internalsettings.FBMosaicComponentActivity",
            "com.facebook.fboauthaccountlinking.FbOAuthAccountLinkingActivity",
            "com.facebook.fbpay.hub.activity.FBPayHubActivity",
            "com.facebook.fbpay.hub.activity.FBPayHubEnableAccountActivity",
            "com.facebook.fbpay.shoppay.FBShopPayCustomTabsActivity",
            "com.facebook.fbpay.w3c.views.DemaskCardActivity",
            "com.facebook.fbpay.w3c.views.PaymentActivity",
            "com.facebook.fbpay.w3c.views.PaymentMethodsActivity",
            "com.facebook.fbreact.autoupdater.fbprefs.ReactOTATestInternalSettingsActivity",
            "com.facebook.fbreact.fragment.DimmedTransparentReactActivity",
            "com.facebook.fbreact.fragment.ReactActivity",
            "com.facebook.fbreact.fragment.TransparentReactActivity",
            "com.facebook.fbreact.messagingcommerce.messagingcommerceidverification.MessagingCommerceIDVerificationCameraActivity",
            "com.facebook.fbshorts.audio.replaceaudio.urilauncher.FbShortsReplaceAudioUriLauncherActivity",
            "com.facebook.fbshorts.viewer.interestpicker.FbShortsInterestTopicSettingActivity",
            "com.facebook.fds.core.debug.adoptionplayground.FDSAdoptionDebugActivity",
            "com.facebook.fds.patterns.locationpicker.FDSLocationPickerPatternActivity",
            "com.facebook.fds.patterns.multiselect.FDSMultiSelectPatternActivity",
            "com.facebook.feed.metaai.fab.MetaAiFabVoiceDeeplinkHandler",
            "com.facebook.feed.metaai.responsecard.deeplink.ShareAnswerSheetFragmentHandlerActivity",
            "com.facebook.feed.metaai.streams.deeplink.MetaAiStreamsDeepLinkHandlerActivity",
            "com.facebook.feed.prefs.FeedDataActivity",
            "com.facebook.feed.prefs.FriendlyFeedCsrLogActivity",
            "com.facebook.feed.prefs.MainFeedCsrLogActivity",
            "com.facebook.feed.prefs.NativeFeedSettingsActivity",
            "com.facebook.feed.prefs.TTFEventLogActivity",
            "com.facebook.feed.rows.topoffeedhighlight.TopOfFeedHighlightLaunchActivity",
            "com.facebook.feed.storyunderstanding.settings.StoryUnderstandingSettingsActivity",
            "com.facebook.feedback.comments.plugins.commentcomposerbanner.commentavatarstickerqp.CommentAspirationalAvatarQPComposerBannerComponent",
            "com.facebook.feedback.reactions.info.ui.ReactionsDebugActivity",
            "com.facebook.feedback.unifiedfeedback.NonEncodedFeedStoryIdIntentHandlerActivity",
            "com.facebook.feedplugins.bautosplitview.activity.BauToMultiAdsSplitViewActivity",
            "com.facebook.feedplugins.endoffeed.activity.WhyAmISeeingThisActivity",
            "com.facebook.feedplugins.multisubmit.leadgen.chainedformactivity.FBMultiSubmitLeadGenChainedFormActivity",
            "com.facebook.feedplugins.researchpoll.activity.ResearchPollActivity",
            "com.facebook.feedplugins.share.inlinesharesheet.ShareToNewGroupActivity",
            "com.facebook.ffdb.FFDBActivity",
            "com.facebook.foa.cds.bottomsheet.FbCdsFragmentActivity",
            "com.facebook.fos.headers.transparency.HeaderTransparencyInterstitialActivity",
            "com.facebook.friending.newuserpromotion.NewUserPromotionActivity",
            "com.facebook.fubs.deeplink.activities.SubscribeDeeplinkActivity",
            "com.facebook.fx.fetchwebauthdata.FxFbFetchWebAuthDataActivity",
            "com.facebook.fx.fxpfinternalsettings.ACLDebugActivity",
            "com.facebook.fx.fxpfinternalsettings.AccessLibraryDebugActivity",
            "com.facebook.fx.fxpfinternalsettings.DebugActivity",
            "com.facebook.fx.fxpfinternalsettings.DeviceLibraryDebugActivity",
            "com.facebook.fx.fxpfinternalsettings.LinkageCacheDebugActivity",
            "com.facebook.fx.fxpfinternalsettings.MetamorphsDebugActivity",
            "com.facebook.fx.fxpfinternalsettings.ServiceCacheDebugActivity",
            "com.facebook.fx.fxpfinternalsettings.ThirdPartyOAuthDebugActivity",
            "com.facebook.fx.fxpfinternalsettings.UnifiedLauncherTestActivity",
            "com.facebook.fx.fxpfinternalsettings.UsdidLibraryDebugActivity",
            "com.facebook.fx.fxpfinternalsettings.XEDebuggerActivity",
            "com.facebook.fx.thirdpartyoauth.FxFbThirdPartyOAuthActivity",
            "com.facebook.fx.waffle.WaffleSetupFinishedHandler",
            "com.facebook.fxcal.accountscenterhome.FxCalAccountsCenterHomeActivity",
            "com.facebook.fxcal.accountscenterredirect.FxCalAccountsCenterRedirectActivity",
            "com.facebook.fxcal.approvefromanotherdevice.BloksApproveFromAnotherDeviceActivity",
            "com.facebook.fxcal.bloks.companyidentityswitcher.homescreenshortcuts.SwitcherHomescreenShortcutsUrlHandlerActivity",
            "com.facebook.fxcal.deeplink.FxCalAccountsCenterDeepLinkActivity",
            "com.facebook.fxcal.deeplink.FxCalAccountsCenterIndividualSettingDeepLinkActivity",
            "com.facebook.fxcal.deeplink.FxCalAccountsCenterRedirectActivity",
            "com.facebook.fxcal.helper.FxCalUrlHandlerForFacebookActivity",
            "com.facebook.fxcal.interappidentityswitch.InterAppIdentitySwitchUrlHandlerActivity",
            "com.facebook.fxcal.urihandler.FxCalUrlHandlerBaseActivity",
            "com.facebook.fxcropapp.CropActivity",
            "com.facebook.games.bookmark.GamesActivity",
            "com.facebook.games.bookmark.InstantGamesHubActivity",
            "com.facebook.games.dmaconsent.optoutbottomsheet.FBGamingDMAOptoutSheetActivity",
            "com.facebook.games.entrypoint.deeplink.GamesDeepLinkActivity",
            "com.facebook.games.entrypoint.deeplink.GamesDeeplinkErrorActivity",
            "com.facebook.games.gamingservices.deeplink.GamingServicesDeeplinkActivity",
            "com.facebook.gdp.ProxyAuth",
            "com.facebook.genai.internalsettings.MetaAIIntentBottomSheetActivity",
            "com.facebook.goodwill.ar.GoodwillArLoadingActivity",
            "com.facebook.goodwill.composer.GoodwillComposerActivity",
            "com.facebook.googleplaystore.GooglePlaystoreOverlayExternalActivity",
            "com.facebook.graphql.fleetbeacon.preference.FleetBeaconPreferenceActivity",
            "com.facebook.graphql.preference.litho.LithoGraphQLDebugActivity",
            "com.facebook.graphql.preference.scenarios.fbasync.FBAsyncScenarioActivity",
            "com.facebook.groupcommerce.deep_link.ForSalePostSellComposerActivity",
            "com.facebook.groups.admin.adminassist.activities.GroupAdminAssistActivity",
            "com.facebook.groups.adminautonomy.adminreviewqueue.GroupAdminAutonomyAdminReviewQueueFragmentActivity",
            "com.facebook.groups.adminautonomy.memberflaggedcontent.GroupAdminAutonomyMemberFlaggedContentFragmentActivity",
            "com.facebook.groups.chats.admodshare.AdmodShareTransitionActivity",
            "com.facebook.groups.chats.groupupdatesmessages.GroupUpdatesMessagesTransitionActivity",
            "com.facebook.groups.chats.singlegroupinbox.GroupsChatsTransitionActivity",
            "com.facebook.groups.chats.threadview.memberonboarding.GroupsChatsMemberOnboardingActivity",
            "com.facebook.groups.community.bot.CommunityBotSetupTransitionActivity",
            "com.facebook.groups.emailverification.GroupsEmailVerificationExternalLinkFragmentActivity",
            "com.facebook.groups.fb4a.create.FB4AGroupsCreateNTLoadingActivity",
            "com.facebook.groups.memberlist.GroupMemberListHostingActivity",
            "com.facebook.groups.memberlist.moderationupsell.GroupFullTopFanModeratorListActivity",
            "com.facebook.groups.subfeed.deeplink.GroupsSubfeedDeeplinkActivity",
            "com.facebook.groups.targetedtab.composer.inlinecomposer.picker.GroupsTabComposerGroupPickerActivity",
            "com.facebook.groups.workgroup.videomeetup.VideoMeetupActivity",
            "com.facebook.growth.addcontactpoint.AddContactpointActivity",
            "com.facebook.growth.contactimporter.StepInviteActivity",
            "com.facebook.growth.friendfinder.FriendFinderHostingActivity",
            "com.facebook.growth.friendfinder.FriendFinderLearnMoreActivity",
            "com.facebook.growth.friendfinder.FriendFinderStartActivity",
            "com.facebook.growth.messaging.autologin.activities.XAVAutoLoginActivity",
            "com.facebook.growth.messaging.crossapptagging.ui.XATIGProfileBottomsheetActivity",
            "com.facebook.growth.ndx.NDXActivity",
            "com.facebook.growth.ndx.internalsettings.ShowNDXStepPreferenceActivity",
            "com.facebook.growth.nux.NuxProfilePhotoWrapperActivity",
            "com.facebook.growth.nux.UserAccountNUXActivity",
            "com.facebook.growth.nux.UserAccountNUXBloksWrapperActivity",
            "com.facebook.growth.preloads.mobileconsent.MobileConsentAutoApproveActivity",
            "com.facebook.growth.preloads.mobileconsent.MobileConsentCallbackActivity",
            "com.facebook.growth.promotion.NativeNameActivity",
            "com.facebook.growth.xav.appinstalls.ui.XavAppInstallPlayStoreActivity",
            "com.facebook.health.physicalhealth.ChildhoodVaccinesLauncherActivity",
            "com.facebook.http.prefs.delaybasedqp.DelayBasedHttpQPActivity",
            "com.facebook.huddle.deeplink.HuddleDeeplinkActivity",
            "com.facebook.huddle.ui.activity.HuddleRoomActivity",
            "com.facebook.idverification.IDVerificationCameraActivity",
            "com.facebook.imagine.video.deeplink.ImagineVideoDeeplinkUriHandler",
            "com.facebook.inspiration.activity.InspirationCameraActivity",
            "com.facebook.inspiration.activity.sharesheet.InspirationShareSheetActivity",
            "com.facebook.inspiration.composer.activity.InspirationComposerActivity",
            "com.facebook.inspiration.composer.activity.InspirationComposerPageStoriesHomebaseUriLauncherActivity",
            "com.facebook.inspiration.composer.activity.InspirationComposerUriLauncherActivity",
            "com.facebook.inspiration.composer.activity.InspirationComposerWithCameraRollActivity",
            "com.facebook.inspiration.composer.activity.InspirationImagineUriLauncherActivity",
            "com.facebook.inspiration.composer.activity.InspirationMemoryReshareActivity",
            "com.facebook.inspiration.composer.activity.StoriesComposerUriLauncherActivity",
            "com.facebook.inspiration.composer.activity.fb4a.InspirationComposerCommunityShareUriLauncherActivity",
            "com.facebook.inspiration.composer.activity.fb4a.StoriesComposerForChannelShareUriLauncherActivity",
            "com.facebook.inspiration.emp.playground.EMPPlaygroundActivity",
            "com.facebook.inspiration.fbshorts.shareintent.InspirationFbShortsExternalShareActivity",
            "com.facebook.inspiration.features.optional.producttagging.settings.ProductTaggingSettingsActivity",
            "com.facebook.inspiration.platformsharing.activity.InspirationCameraExternalShareActivity",
            "com.facebook.inspiration.platformsharing.activity.InspirationEditsExternalShareActivity",
            "com.facebook.inspiration.platformsharing.activity.InspirationMessengerExternalShareActivity",
            "com.facebook.inspiration.privacymanagers.disclosuremanager.internaltools.InspirationDisclosureManagerDogfoodingToolsActivity",
            "com.facebook.inspiration.privacymanagers.upsellmanager.qpsurfaces.vistaaftershare.impl.VistaAfterShareUpsellActivity",
            "com.facebook.inspiration.reels.composerlanding.activity.ReelsComposerLandingActivity",
            "com.facebook.inspiration.reels.composerlanding.urilauncher.InspirationReelsComposerLandingUriLauncherActivity",
            "com.facebook.inspiration.shortcut.cameralauncher.InspirationCameraExternalLaunchActivity",
            "com.facebook.inspiration.urilauncher.InspirationUriLauncherActivity",
            "com.facebook.instantarticles.paywall.StonehengeCarouselFirstArticleWebRedirectAccountLinkingHelperActivity",
            "com.facebook.instantarticles.paywall.SubscriptionAccountLinkingCallbackUriHandlerActivity",
            "com.facebook.instantshopping.InstantShoppingRichDocumentActivity",
            "com.facebook.integrityhub.AccountStatusHandlerActivity",
            "com.facebook.interstitial.debug.InterstitialDebugActivity",
            "com.facebook.ipc.composer.launch.ComposerLaunchActivity",
            "com.facebook.ipc.videos.tv.TVCastingBottomSheetLaunchActivity",
            "com.facebook.ixbrowser.InstantExperiencesBrowserUriHandlerActivity",
            "com.facebook.ixt.enrollmenttrigger.IXTEnrollmentActivity",
            "com.facebook.ixt.playground.IXTContentTriggerTestUserActivity",
            "com.facebook.ixt.playground.IXTProductExamplesActivity",
            "com.facebook.ixt.playground.IXTTriggerPlaygroundActivity",
            "com.facebook.katana.GoogleNowIntentHandler",
            "com.facebook.katana.IntentUriHandler",
            "com.facebook.katana.LogoutActivity",
            "com.facebook.katana.NotificationSettingsActivity",
            "com.facebook.katana.ProxyAuth",
            "com.facebook.katana.UriAuthHandler",
            "com.facebook.katana.activity.FbMainTabActivity",
            "com.facebook.katana.activity.PlatformFacewebActivity",
            "com.facebook.katana.activity.media.ViewVideoActivity",
            "com.facebook.katana.activity.media.photoset.PhotoSetActivity",
            "com.facebook.katana.activity.nearby.NearbyPlacesActivity",
            "com.facebook.katana.activity.nearby.SubcategorySelectionActivity",
            "com.facebook.katana.activity.photos.PhotosTabActivity",
            "com.facebook.katana.activity.profilelist.FriendSingleSelectorActivity",
            "com.facebook.katana.activity.react.ImmersiveReactActivity",
            "com.facebook.katana.activity.react.TransparentImmersiveReactActivity",
            "com.facebook.katana.app.FacebookSplashScreenActivity",
            "com.facebook.katana.app.mainactivity.FbMainActivity",
            "com.facebook.katana.autologin.AutoLoginInterstitialActivity",
            "com.facebook.katana.chatsettings.ui.ChatSettingsActivity",
            "com.facebook.katana.dbl.activity.DeviceBasedLoginActivity",
            "com.facebook.katana.dbl.activity.FacebookLoginActivity",
            "com.facebook.katana.dbl.activity.FirstBootActivity",
            "com.facebook.katana.dbl.activity.LoginLanguageSelectorActivity",
            "com.facebook.katana.dbl.activity.PasswordErrorActivity",
            "com.facebook.katana.gdp.ProxyAuthDialog",
            "com.facebook.katana.gdp.WebViewProxyAuth",
            "com.facebook.katana.immersiveactivity.ImmersiveActivity",
            "com.facebook.katana.immersiveactivity.ImmersivePortraitActivity",
            "com.facebook.katana.immersiveactivity.ImmersiveTransparentActivity",
            "com.facebook.katana.internsettingsactivity.ANAdsStatsActivity",
            "com.facebook.katana.internsettingsactivity.CrashActivity",
            "com.facebook.katana.internsettingsactivity.InternSettingsActivity",
            "com.facebook.katana.internsettingsactivity.MetaCheckoutDeveloperSettingsActivity",
            "com.facebook.katana.internsettingsactivity.WhitehatSettingsActivity",
            "com.facebook.katana.internsettingsactivity.settings.usersession.logging.SessionScopedLoggingPrefActivity",
            "com.facebook.katana.internsettingsactivity.settings.usersession.mobileconfig.SessionScopedMCPrefActivity",
            "com.facebook.katana.messengerkids.NeoDeeplinkUriActivity",
            "com.facebook.katana.messengerkids.NeoUriActivity",
            "com.facebook.katana.orca.diode.DiodeMessengerActivity",
            "com.facebook.katana.platform.FacebookAuthenticationActivity",
            "com.facebook.katana.settings.activity.SettingsActivity",
            "com.facebook.katana.settings.messaging.MibUnifiedPresenceControlSettingsActivity",
            "com.facebook.katana.settings.messaging.UnifiedPresenceControlSettingsActivity",
            "com.facebook.katana.view.LoggedOutWebViewActivity",
            "com.facebook.languages.switcher.LanguageSwitchActivity",
            "com.facebook.languages.switcher.activity.LanguageSwitcherActivity",
            "com.facebook.languages.switcher.activity.LanguageSwitcherBookmarksActivity",
            "com.facebook.languages.switcher.activity.SuggestedLanguageSwitchActivity",
            "com.facebook.languages.switcher.nonworkactivity.LanguageSwitchPromotionActivity",
            "com.facebook.languages.switcher.nonworkactivity.SuggestedLanguageSwitchActivity",
            "com.facebook.leadgen.deeplink.LeadGenActivity",
            "com.facebook.leadgen.deeplink.leadsdownload.LeadGenLeadsDeeplinkActivity",
            "com.facebook.local.pagerecommendations.composer.activity.PageRecommendationsComposerActivity",
            "com.facebook.local.pagerecommendations.composer.activity.PageRecommendationsComposerChainingActivity",
            "com.facebook.local.pagerecommendations.composerlauncher.PageRecommendationsComposerLauncherActivity",
            "com.facebook.localcontent.menus.PhotoMenuUploadActivity",
            "com.facebook.location.optin.AccountLocationSettingsOptInActivity",
            "com.facebook.location.optin.DeviceLocationSettingsOptInActivity",
            "com.facebook.location.optin.LocationSettingsReviewOptInActivity",
            "com.facebook.location.qmigration.LocationQDeviceSettingsActivity",
            "com.facebook.locationcomponents.distancepicker.DistancePickerActivity",
            "com.facebook.locationcomponents.locationpicker.LocationPickerActivity",
            "com.facebook.lottie.internalsettings.LottiePlaygroundActivity",
            "com.facebook.managespace.FBManageSpaceActivity",
            "com.facebook.marketingdeeplinks.facebookdeeplinks.MDPFacebookDeeplinkActivity",
            "com.facebook.marketplace.deeplink.ChargebackRepresentmentActivity",
            "com.facebook.marketplace.deeplink.MarketplaceSellWithShippingDeeplinkActivity",
            "com.facebook.marketplace.shops.activity.MarketplaceShopsActivity",
            "com.facebook.messaging.aibot.aiplugins.search.activity.AISearchSourceBottomSheetActivity",
            "com.facebook.messaging.aibot.botpicker.ugcbot.drafts.AICharacterDraftsActivity",
            "com.facebook.messaging.aibot.botpicker.ugcbot.inthreadaibotediting.InThreadAiBotEditingActivity",
            "com.facebook.messaging.aibot.botpicker.ugcbot.profileswitch.AICharactersProfileSwitchActivity",
            "com.facebook.messaging.aibot.feedback.activity.AIBotFeedbackActivity",
            "com.facebook.messaging.aibot.launcher.activity.AiBotImmersivePickerWithPreviewFragmentActivity",
            "com.facebook.messaging.aibot.launcher.activity.AiBotImmersiveThreadActivity",
            "com.facebook.messaging.aibot.launcher.activity.AiStudioCharacterProfileCreationActivity",
            "com.facebook.messaging.aibot.launcher.activity.AiStudioCreationFragmentActivity",
            "com.facebook.messaging.aibot.launcher.activity.AiStudioFragmentActivity",
            "com.facebook.messaging.aibot.launcher.activity.AiStudioImmersiveThreadFirstBloksActivity",
            "com.facebook.messaging.aibot.launcher.activity.AiStudioProfileActivity",
            "com.facebook.messaging.aibot.memory.activity.ManageAiMemorySettingsActivity",
            "com.facebook.messaging.aibot.rpg.ScenesRPGIntroActivity",
            "com.facebook.messaging.chatheads.interstitialnux.ChatHeadsInterstitialNuxLauncherActivity",
            "com.facebook.messaging.fx.thirdpartyoauth.FxMsgrThirdPartyOAuthActivity",
            "com.facebook.messaging.internalprefs.burner.MessengerInternalBurnerBulkReceiveActivity",
            "com.facebook.messaging.internalprefs.burner.MessengerInternalBurnerBulkSendActivity",
            "com.facebook.messaging.internalprefs.burner.MessengerInternalBurnerHistoryFlowActivity",
            "com.facebook.messaging.marketplace.viewlisting.ThreadNotificationViewListingActivity",
            "com.facebook.messaging.media.mediapicker.MediaPickerActivity",
            "com.facebook.messaging.memories.appsettingsui.MemoriesAppSettingsActivity",
            "com.facebook.messaging.memories.viewer.activity.MemoryViewerActivity",
            "com.facebook.messaging.messengerprefs.RingtonePreferenceActivity",
            "com.facebook.messaging.messengerprefs.advancedcrypto.activesessions.ActiveSessionsActivity",
            "com.facebook.messaging.messengerprefs.advancedcrypto.securityalerts.SecurityAlertsActivity",
            "com.facebook.messaging.messengerprefs.missedcallreminders.MissedCallReminderPreferenceActivity",
            "com.facebook.messaging.messengerprefs.privacyshortcuts.PrivacyShortcutsPreferenceActivity",
            "com.facebook.messaging.montage.blocking.MontageHiddenUsersActivity",
            "com.facebook.messaging.msys.thread.bubbles.activity.StaxThreadViewBubblesActivity",
            "com.facebook.messaging.msys.thread.fragment.MsysThreadViewActivity",
            "com.facebook.messaging.neue.nux.webview.NeueNuxWebViewActivity",
            "com.facebook.messaging.notify.permissions.AndroidTNotificationsPermissionDialogActivity",
            "com.facebook.messaging.notify.permissions.plugins.postprompt.inboxnux.AndroidTNotificationPermissionPostPromptNuxActivity",
            "com.facebook.messaging.notify.permissions.plugins.postprompt.inboxnux.BackgroundAccountNotificationNuxActivity",
            "com.facebook.messaging.professionalservices.booking.activities.AppointmentActivity",
            "com.facebook.messaging.quickpromotion.interstitial.ui.MessengerQPInterstitialActivity",
            "com.facebook.messaging.search.messages.MessageSearchActivity",
            "com.facebook.messaging.sharing.localshare.ShareAsMessageComposerActivity",
            "com.facebook.messaging.threadmute.ThreadNotificationMuteDialogActivity",
            "com.facebook.messaging.threadsettings2.activity.ThreadSettingsActivity",
            "com.facebook.messaging.threadview.iconpicker.ThreadIconPickerActivity",
            "com.facebook.messaging.wellbeing.ixt.MessengerIXTActivity",
            "com.facebook.messaging.wellbeing.unknowncontact.reachabilitycontrols.activity.ReachabilitySettingsActivity",
            "com.facebook.messaging.xma.template.activity.youtube.GenericXmaYoutubePlayerScreenActivity",
            "com.facebook.messaginginblue.aibot.deeplink.AiStudioDeepLinkHandler",
            "com.facebook.messaginginblue.aibot.deeplink.GenAIMemoryDeepLinkHandler",
            "com.facebook.messaginginblue.aibot.deeplink.GenAIMemuDeepLinkHandler",
            "com.facebook.messaginginblue.aibot.deeplink.GenAiChatDeepLinkHandler",
            "com.facebook.messaginginblue.aibot.inbox.GenAIInboxDeepLinkHandler",
            "com.facebook.messaginginblue.common.ui.activity.MsysBootstrapFailureActivity",
            "com.facebook.messaginginblue.diode.activity.InboxInterstitialActivity",
            "com.facebook.messaginginblue.e2ee.automaticpreviews.ui.activities.MibAutomaticPreviewsSettingsActivity",
            "com.facebook.messaginginblue.e2ee.cloudbackup.ui.activities.MibCloudBackupActivity",
            "com.facebook.messaginginblue.e2ee.cloudbackup.ui.activities.coresettings.CloudBackupCoreSettingsActivity",
            "com.facebook.messaginginblue.e2ee.cloudbackup.ui.activities.fortydigit.CloudBackupFortyDigitSetupActivity",
            "com.facebook.messaginginblue.e2ee.cloudbackup.ui.activities.gdrive.CloudBackupGDriveSetupActivity",
            "com.facebook.messaginginblue.e2ee.cloudbackup.ui.activities.onboardingnux.MibCloudBackupNuxActivity",
            "com.facebook.messaginginblue.e2ee.cloudbackup.ui.activities.otc.MibEbOtcNotificationActivity",
            "com.facebook.messaginginblue.e2ee.cloudbackup.ui.activities.pinsetup.CloudBackupPinSetupActivity",
            "com.facebook.messaginginblue.e2ee.cloudbackup.ui.activities.quickpromotion.MibCloudBackupQpActivity",
            "com.facebook.messaginginblue.e2ee.ephemeral.ui.activities.MibEphemeralSettingsSummaryActivity",
            "com.facebook.messaginginblue.e2ee.fallback.activity.E2eeInterstitialActivity",
            "com.facebook.messaginginblue.e2ee.fallback.deeplink.MibE2eeFallbackActivity",
            "com.facebook.messaginginblue.e2ee.keymanagement.ui.activity.MibKeyManagementActivity",
            "com.facebook.messaginginblue.e2ee.loginmanagement.ui.activities.loginslist.MibLoginManagementListActivity",
            "com.facebook.messaginginblue.e2ee.readreceipts.ui.activities.MibReadReceiptsSettingsActivity",
            "com.facebook.messaginginblue.e2ee.verifykeys.ui.activities.MibVerifyKeysSettingsActivity",
            "com.facebook.messaginginblue.inbox.activities.InboxActivity",
            "com.facebook.messaginginblue.inbox.activities.chatnotificationsettings.ChatNotificationSettingsActivity",
            "com.facebook.messaginginblue.inbox.activities.groupinvite.GroupInviteFragmentActivity",
            "com.facebook.messaginginblue.inbox.activities.privacysettings.BlockedAccountsActivity",
            "com.facebook.messaginginblue.inbox.activities.privacysettings.HideAccountsActivity",
            "com.facebook.messaginginblue.inbox.activities.privacysettings.PrivacySettingsActivity",
            "com.facebook.messaginginblue.inbox.activities.privacysettings.RestrictedAccountsActivity",
            "com.facebook.messaginginblue.inbox.activities.privacysettings.securityalerts.SecurityAlertsActivity",
            "com.facebook.messaginginblue.inbox.activities.setting.SettingsActivity",
            "com.facebook.messaginginblue.inbox.activities.tabbedinbox.TabbedInboxActivity",
            "com.facebook.messaginginblue.lightweightmessaging.activity.LightweightMessagingBridgeActivity",
            "com.facebook.messaginginblue.mediaviewer.activity.MibMediaViewerActivity",
            "com.facebook.messaginginblue.notes.ui.composeractivity.NotesComposerActivity",
            "com.facebook.messaginginblue.notification.activity.MessagingInBlueNotificationActivity",
            "com.facebook.messaginginblue.peoplepicker.ui.activity.PeoplePickerActivity",
            "com.facebook.messaginginblue.profile.blockmember.ui.activity.MessagingInBlueBlockMemberActivity",
            "com.facebook.messaginginblue.profile.memberlist.ui.activity.MemberListActivity",
            "com.facebook.messaginginblue.profile.updatenicknames.ui.activity.UpdateNicknamesActivity",
            "com.facebook.messaginginblue.publicchats.activities.PublicChatsTransitionActivity",
            "com.facebook.messaginginblue.quickpromotion.activity.MibFriendingActivity",
            "com.facebook.messaginginblue.quickpromotion.activity.MibInterstitialActivity",
            "com.facebook.messaginginblue.reachability.ui.activity.ReachabilitySettingsActivity",
            "com.facebook.messaginginblue.threadsettings.surface.activity.MiBThreadSettingsSurfaceActivity",
            "com.facebook.messaginginblue.threadview.activities.FbmBottomSheetThreadViewHostActivity",
            "com.facebook.messaginginblue.threadview.activities.MibThreadViewUnsentNuxActivity",
            "com.facebook.messaginginblue.threadview.ui.activity.main.BubblesMainActivity",
            "com.facebook.messaginginblue.threadview.ui.activity.main.MibMainActivity",
            "com.facebook.messaginginblue.threadview.ui.composer.plugin.camera.activity.MibCameraActivity",
            "com.facebook.messaginginblue.threadview.ui.thread.photoviewer.FullScreenMultiPhotoActivity",
            "com.facebook.messenger.intents.MediaEditShareIntentHandler",
            "com.facebook.mmalogin.reauth.MMAReauthIntentHandlerActivity",
            "com.facebook.mobileconfig.ui.MobileConfigPreferenceActivity",
            "com.facebook.mobileidservices.feo2.internal.Feo2TestActivity",
            "com.facebook.nativetemplates.fb.action.acpsecuritykeysignin.FBACPSecurityKeySignInActivity",
            "com.facebook.nativetemplates.fb.action.custombottomsheetactivitysupport.NTCustomBottomSheetHostingActivity",
            "com.facebook.nativetemplates.fb.action.inapppurchasepurchaseproduct.NTInAppPurchaseActivity",
            "com.facebook.nativetemplates.fb.action.securitykeyregisteraction.FBSecurityKeyRegisterActivity",
            "com.facebook.nativetemplates.fb.action.zeroopenzeroratedcheckoutv2.OpenZeroRatedCheckoutActivity",
            "com.facebook.nativetemplates.fb.ntnativehybrid.NativeTemplatesNativeHybridPlaygroundActivity",
            "com.facebook.navigation.tabbar.ui.tabcustomization.TabBarBadgeSettingsActivity",
            "com.facebook.navigation.tabbar.ui.tabcustomization.TabCustomizationSettingsActivity",
            "com.facebook.nearby.fallback.NearbyPlacesFallbackActivity",
            "com.facebook.neko.directinstall.DirectInstallActivity",
            "com.facebook.neko.directinstall.UniversalLinkRedirectActivity",
            "com.facebook.neko.directinstall.downloadmanager.DirectInstallNotificationActivity",
            "com.facebook.neko.directinstall.internal.DTEligibilityInfoActivity",
            "com.facebook.neko.directinstall.internal.NeonEligibilityInfoActivity",
            "com.facebook.neko.playables.activity.NekoPlayableAdActivity",
            "com.facebook.nme.deeplink.MetaVerifiedUrlHandlerActivity",
            "com.facebook.notes.NoteActivity",
            "com.facebook.notes.NotesActivity",
            "com.facebook.notifications.dialog.launchactivity.NotificationsDialogLaunchActivity",
            "com.facebook.notifications.discoverhub.redirectactivity.ExploreSurfaceRedirectActivity",
            "com.facebook.notifications.explore.minifeed.ExploreMiniFeedRedirectActivity",
            "com.facebook.notifications.landtofeed.activity.NotificationsFeedInBackgroundRedirectActivity",
            "com.facebook.notifications.landtofeed.activity.NotificationsLandToFeedDeepLinkLoadingActivity",
            "com.facebook.notifications.messaginginblue.actions.MibNotificationsActionsActivity",
            "com.facebook.notifications.permissions.AndroidTSystemDialogActivity",
            "com.facebook.notifications.prefetch.birthdaycenter.BirthdayCenterLaunchActivity",
            "com.facebook.notifications.prefetch.creatordigest.CreatorDigestLaunchActivity",
            "com.facebook.notifications.prefetch.shoppingcart.ShoppingCartLaunchActivity",
            "com.facebook.notifications.push.loggedoutpush.interstitial.NotificationsLoggedOutPushInterstitialActivity",
            "com.facebook.notifications.push.loggedoutpush.testtool.LoggedOutPushTestActivity",
            "com.facebook.notifications.push.permission.NotificationPermissionDialogActivity",
            "com.facebook.notifications.settings.InAppNotificationSettingsActivity",
            "com.facebook.notifications.settings.SystemNotificationSettingsActivity",
            "com.facebook.notifications.sowa.SowaTurnOnInterstitialActivity",
            "com.facebook.notifications.tray.actions.KeyguardDismissActivity",
            "com.facebook.notifications.tray.actions.PushNotificationsActionRedirectActivity",
            "com.facebook.notifications.tray.parallelfetch.PushNotificationsParallelFetchRedirectActivity",
            "com.facebook.notifications.tray.service.SystemTrayLogWrapperActivity",
            "com.facebook.notifications.tray.testlayouts.PushLayoutsTestActivity",
            "com.facebook.notifications.turnoninterstitial.NotificationsTurnOnInterstitialActivity",
            "com.facebook.notifications.urlnavigationhandler.push.StaleNotifDigestLaunchActivity",
            "com.facebook.notifications.urlnavigationhandler.push.communitynotes.CommunityNotesRatingLaunchActivity",
            "com.facebook.oauthaccountlinking.OAuthAccountLinkingActivity",
            "com.facebook.offers.activity.OfferNfcActivity",
            "com.facebook.offers.activity.OfferRedirectToWebActivity",
            "com.facebook.offlineexperiment.internalsettings.OfflineExperimentPreferenceActivity",
            "com.facebook.offlineexperimentbase.fdid.fb.internalsettings.FdidOfflineExperimentDetailPreferencesActivity",
            "com.facebook.offlineexperimentbase.fdid.fb.internalsettings.FdidOfflineExperimentPreferencesActivity",
            "com.facebook.onsitesignals.autofill.AutofillFullScreenActivity",
            "com.facebook.orca.threadview.ThreadViewActivity",
            "com.facebook.oxygen.preloads.integration.appupdates.fb4a.AppUpdateSettingsActivity",
            "com.facebook.oxygen.preloads.integration.appupdates.fb4a.ThirdPartyAppUpdateSettingsActivity",
            "com.facebook.oxygen.preloads.integration.install.fb4a.barcelonabottomsheet.ThreadsInstallBottomSheetActivity",
            "com.facebook.oxygen.preloads.integration.install.fb4a.barcelonafullscreen.BarcelonaInstallFullScreenActivity",
            "com.facebook.oxygen.preloads.integration.install.fb4a.barcelonasocialproofscreen.PreloadsSocialProofInstallActivity",
            "com.facebook.oxygen.preloads.integration.install.fb4a.m4abottomsheet.M4aInstallBottomSheetActivity",
            "com.facebook.oxygen.preloads.integration.install.fb4a.m4afullscreen.M4aInstallFullScreenActivity",
            "com.facebook.oxygen.preloads.integration.install.fb4a.silverstone.SilverstoneInstallActivity",
            "com.facebook.oxygen.preloads.integration.install.fb4a.xavfullscreen.XavInstallFullScreenActivity",
            "com.facebook.oxygen.preloads.integration.install.m4a.activity.Fb4aUnifiedInstallActivity",
            "com.facebook.oxygen.preloads.integration.sso.PostInstallSsoActivity",
            "com.facebook.pages.app.booking.launcher.FBServicesBloksLaunchActivity",
            "com.facebook.pages.common.requesttime.shared.cancelappointment.RejectAppointmentActivity",
            "com.facebook.pages.composer.pageselect.PageSelectorActivity",
            "com.facebook.pages.privatereply.NativePrivateReplyActivity",
            "com.facebook.pages.privatereply.bottomsheet.PrivateReplyBottomSheetActivity",
            "com.facebook.pages.profileswitch.activity.ProfileSwitchingActivity",
            "com.facebook.pages.profileswitch.ui.fullscreen.ProfileAccountSwitcherFullScreenActivity",
            "com.facebook.partnershipads.activity.PartnershipAdsScreenActivity",
            "com.facebook.payments.auth.AuthenticationActivity",
            "com.facebook.payments.auth.dynamicdescriptor.DDExternalIntentActivity",
            "com.facebook.payments.auth.dynamicdescriptor.DynamicDescriptorMainActivity",
            "com.facebook.payments.auth.pin.newpin.PaymentPinActivity",
            "com.facebook.payments.auth.pin.newpinv2.PaymentPinV2Activity",
            "com.facebook.payments.auth.settings.PaymentPinSettingsActivity",
            "com.facebook.payments.chromecustomtabs.CustomTabMainActivity",
            "com.facebook.payments.confirmation.ConfirmationActivity",
            "com.facebook.payments.form.PaymentsFormActivity",
            "com.facebook.payments.incentives.FbpayIncentiveDetailsUrlHandlerActivity",
            "com.facebook.payments.incentives.FbpayIncentiveHomeUrlHandlerActivity",
            "com.facebook.payments.localpaymentmethod.LocalPaymentMethodAppSwitchActivity",
            "com.facebook.payments.p2p.p2pinblue.activity.P2PinBlueActivity",
            "com.facebook.payments.p2p.p2pinblue.p2pflows.transfer_and_requests.P2PPaymentPickerActivity",
            "com.facebook.payments.paymentmethods.bankaccount.BankAccountActivity",
            "com.facebook.payments.paymentmethods.cardform.CardFormActivity",
            "com.facebook.payments.paymentmethods.provider.PaymentProviderActivity",
            "com.facebook.payments.payout.GenericPaySupportActivity",
            "com.facebook.payments.payout.PaymentsPayoutSupportUrlHandlerActivity",
            "com.facebook.payments.payout.StepUpActivity",
            "com.facebook.payments.picker.PickerScreenActivity",
            "com.facebook.payments.receipt.PaymentsReceiptActivity",
            "com.facebook.payments.receipt.subscription.PaymentsSubscriptionReceiptActivity",
            "com.facebook.payments.selector.PaymentsSelectorScreenActivity",
            "com.facebook.payments.shipping.form.ShippingAddressActivity",
            "com.facebook.payments.simplescreen.PaymentsSimpleScreenActivity",
            "com.facebook.payments.transactionhub.HubLandingActivity",
            "com.facebook.payments.transactionhub.HubSettingsActivity",
            "com.facebook.payments.transactionhub.gamebalancedetails.HubGameBalanceDetailActivity",
            "com.facebook.payments.transactionhub.transactiondetails.HubTransactionDetailActivity",
            "com.facebook.payments.transactionhub.transactionsupport.HubTransactionSupportActivity",
            "com.facebook.payments.webview.PaymentsWebViewActivity",
            "com.facebook.payout.activity.PayoutSettingsActivity",
            "com.facebook.photos.albumcreator.activity.AlbumCreateAndEditActivity",
            "com.facebook.photos.albumcreator.privacy.AlbumCreatorContributorAudiencePickerActivity",
            "com.facebook.photos.albums.video.VideoAlbumPermalinkActivity",
            "com.facebook.photos.editgallery.EditGalleryActivity",
            "com.facebook.photos.mediagallery.ui.MediaGalleryActivity",
            "com.facebook.photos.mediagallery.ui.widget.EditAltTextActivity",
            "com.facebook.photos.pandora.ui.PandoraAlbumMediaSetActivity",
            "com.facebook.photos.pandora.ui.PandoraTabPagerActivity",
            "com.facebook.photos.pandora.ui.mediaset.PandoraMediaSetActivity",
            "com.facebook.photos.taggablegallery.ProductionVideoGalleryActivity",
            "com.facebook.photos.taggablegallery.TaggableGalleryActivity",
            "com.facebook.photos.upload.dialog.UploadDialogsActivity",
            "com.facebook.places.checkin.PlaceCrowdsourcePhotoActivity",
            "com.facebook.places.checkin.activity.SelectAtTagActivity",
            "com.facebook.platform.PlatformCanonicalProfileIdActivity",
            "com.facebook.platform.auth.activity.AccountKitConfirmationCodeActivity",
            "com.facebook.platform.common.activity.PlatformActivity",
            "com.facebook.platform.common.activity.PlatformWrapperActivity",
            "com.facebook.pokes.activity.PokesDashboardActivity",
            "com.facebook.privacy.audience.edit.EditStoryPrivacyActivity",
            "com.facebook.privacy.audience.selector.AudiencePickerActivity",
            "com.facebook.privacy.consent.bloks.katana.ConsentFlowHostActivity",
            "com.facebook.privacy.consent.bloks.katana.ConsentOpenIABUrlActivity",
            "com.facebook.privacy.consent.bloks.katana.urihandler.ConsentFlowDeeplinkHandler",
            "com.facebook.privacy.consent.example.ConsentPromptExampleActivity",
            "com.facebook.privacy.consent.urimap.ConsentLaunchNTActivity",
            "com.facebook.privacycenter.deeplink.PrivacyCenterDeepLinkActivity",
            "com.facebook.privacycenter.deeplink.PrivacyCenterDeepLinkPublicActivity",
            "com.facebook.privatesharing.collections.collectionscreationflow.CollectionCreationBottomSheetActivity",
            "com.facebook.professionalratertool.activity.RatingMainActivity",
            "com.facebook.profilelist.ProfilesListActivity",
            "com.facebook.promotionalad.PromoAdIABUrlHandlerActivity",
            "com.facebook.qrcode.QRCodeActivity",
            "com.facebook.qrcode.QRCodeLaunchActivity",
            "com.facebook.quicklog.module.QPLEventFlushActivity",
            "com.facebook.quicklog.module.QPLRecorderDumpActivity",
            "com.facebook.quickpromotion.debug.QpInjectionSettingsActivity",
            "com.facebook.quickpromotion.debug.QuickPromotionFiltersActivity",
            "com.facebook.quickpromotion.debug.QuickPromotionSettingsActivity",
            "com.facebook.quickpromotion.debug.QuickPromotionTriggersActivity",
            "com.facebook.quickpromotion.debug.SeguePreviewSettingsActivity",
            "com.facebook.quickpromotion.debug.devtool.QuickPromotionFBInternalSettingsActivity",
            "com.facebook.quickpromotion.debug.devtool2.QuickPromotionFBInternalSettingsActivity",
            "com.facebook.quickpromotion.login.fb.FbQpPpuActivity",
            "com.facebook.quickpromotion.login.fb.QuickPromotionFbInterstitialActivity",
            "com.facebook.quickpromotion.login.fb.QuickPromotionFbLoginInterstitialActivity",
            "com.facebook.quickpromotion.msysdebug.activity.FBMsysQuickPromotionDetailActivity",
            "com.facebook.quickpromotion.msysdebug.activity.FBMsysQuickPromotionListActivity",
            "com.facebook.quickpromotion.msysdebug.activity.FBMsysQuickPromotionTriggerListActivity",
            "com.facebook.quickpromotion.msysdebug.activity.QuickPromotionMsysFBInternalSettingsActivity",
            "com.facebook.quickpromotion.ui.QpInterstitialChainActivity",
            "com.facebook.quickpromotion.ui.QuickPromotionInterstitialActivity",
            "com.facebook.quickpromotion.ui.QuickPromotionLoginInterstitialBloksActivity",
            "com.facebook.quickpromotion.ui.QuickPromotionLoginInterstitialBloksActivityV2",
            "com.facebook.quickpromotion.ui.fb4a.QuickPromotionFbInterstitialActivity",
            "com.facebook.quicksilver.QuicksilverActivity",
            "com.facebook.quicksilver.shortcut.QuicksilverShortcutExternalActivity",
            "com.facebook.quicksilver.views.common.QuicksilverMenuFeedbackActivity",
            "com.facebook.quicksilver.webviewprocess.QuicksilverWebViewActivity",
            "com.facebook.quicksilver.webviewservice.QuicksilverErrorOverlayActivity",
            "com.facebook.quicksilver.webviewservice.QuicksilverHSShortcutActivity",
            "com.facebook.quicksilver.webviewservice.QuicksilverMatchOverlayActivity",
            "com.facebook.quicksilver.webviewservice.QuicksilverNTDialogOverlayActivity",
            "com.facebook.quicksilver.webviewservice.QuicksilverPaymentsActivity",
            "com.facebook.quicksilver.webviewservice.QuicksilverSandboxConsentBottomSheetActivity",
            "com.facebook.quicksilver.webviewservice.QuicksilverShareNTOverlayActivity",
            "com.facebook.quicksilver.webviewservice.QuicksilverStartScreenOverlayActivity",
            "com.facebook.quicksilver.webviewservice.QuicksilverSubscribeBotOverlayActivity",
            "com.facebook.quicksilver.webviewservice.QuicksilverToSOverlayActivity",
            "com.facebook.quicksilver.webviewservice.QuicksilverTournamentDialogOverlayActivity",
            "com.facebook.quicksilver.webviewservice.QuicksilverZeroRatedInterstitialActivity",
            "com.facebook.rapidfeedback.RapidFeedbackLCAUDialogActivity",
            "com.facebook.rapidfeedback.debug.RapidFeedbackPreferencesActivity",
            "com.facebook.rapidfeedback.survey.LandingPageSurveyActivity",
            "com.facebook.react.devsupport.DevSettingsActivity",
            "com.facebook.redrawable.ReDrawableDebugActivity",
            "com.facebook.registration.activity.AccountRegistrationActivity",
            "com.facebook.registration.activity.ConfirmationLoginActivity",
            "com.facebook.registration.activity.RegistrationLoginActivity",
            "com.facebook.reportingcoordinator.RapidReportingHostActivity",
            "com.facebook.resources.impl.WaitingForStringsActivity",
            "com.facebook.rooms.call.app.RoomActivity",
            "com.facebook.rooms.call.endcall.blokssurvey.SurveyHostActivity",
            "com.facebook.rooms.call.incall.effect.deeplink.NribArEffectDeeplinkActivity",
            "com.facebook.rooms.deeplink.RoomsLobbyDeeplinkActivity",
            "com.facebook.rooms.mainapp.RoomIntermediateActivity",
            "com.facebook.rooms.mainapp.helpers.activity.CallIntentHandlerActivity",
            "com.facebook.rtc.activities.upgradepolicy.fb.FbRUPBlockActivity",
            "com.facebook.runtimepermissions.RuntimePermissionsInternalActivity",
            "com.facebook.runtimepermissions.devicepermissionkit.katana.location.DPKDetectFromBackgroundActivity",
            "com.facebook.scindia.usability.guidedtour.settings.FeatureSettingsActivity",
            "com.facebook.scindia.usability.guidedtour.settings.GuidedTourInternalSettingsActivity",
            "com.facebook.screencast.ui.ScreencastActivity",
            "com.facebook.screentime.internalsettings.ScreenTimeIntervalsDebuggingActivity",
            "com.facebook.search.debug.SearchAwarenessTutorialNuxDebugActivity",
            "com.facebook.search.debug.SearchDebugActivity",
            "com.facebook.search.results.fragment.breakingnews.SearchResultsBreakingNewsActivity",
            "com.facebook.securedaction.SecuredActionChallengeActivity",
            "com.facebook.securedaction.challenges.fido.FIDOPreferenceActivity",
            "com.facebook.security.testing.internalsetting.UsdidDebugActivity",
            "com.facebook.securitycheckup.SecurityCheckupMainActivity",
            "com.facebook.shops.checkout.ShopsAdsCheckoutDeeplinkActivity",
            "com.facebook.shops.checkout.UpdatePaymentActivity",
            "com.facebook.shops.launcher.FBShopsLaunchActivity",
            "com.facebook.shops.orders_hub.HubOrderDetailsActivity",
            "com.facebook.shops.orders_hub.OrdersHubHomeActivity",
            "com.facebook.shops.saved_reviews.FBShopsSavedReviewsToastActivity",
            "com.facebook.silentapp.SilentAppActivity",
            "com.facebook.smartcapture.fbprefs.SmartCaptureInternalSettingsActivity",
            "com.facebook.smartcapture.view.IdCaptureActivity",
            "com.facebook.smartcapture.view.PermissionsActivity",
            "com.facebook.smartcapture.view.PhotoReviewActivity",
            "com.facebook.smartcapture.view.SelfieCaptureActivity",
            "com.facebook.smartcapture.view.SelfieCapturePermissionsActivity",
            "com.facebook.smartcapture.view.SelfieDataInformationActivity",
            "com.facebook.smartcapture.view.SelfieOnboardingActivity",
            "com.facebook.smartcapture.view.SelfieReviewActivity",
            "com.facebook.smartcapture.view.SelfieTimeoutActivity",
            "com.facebook.smartglasses.intenthandler.MwaShareIntentHandler",
            "com.facebook.smartglasses.intenthandler.OptInActivity",
            "com.facebook.socialgood.create.beneficiaryselector.FundraiserCreationBeneficiarySelectorActivity",
            "com.facebook.socialgood.nonprofitmanager.NonprofitManagerLauncherActivity",
            "com.facebook.sosource.bsod.BSODActivity",
            "com.facebook.sotto.SottoConsiderationActivity",
            "com.facebook.stars.defaulton.DefaultFirstTimeStarsReceiverExperienceHandlerActivity",
            "com.facebook.stars.starscustomblokshost.StarsCustomBloksHostingActivity",
            "com.facebook.stickers.store.StickerStoreActivity",
            "com.facebook.stonehenge.StonehengeShowOffersActivity",
            "com.facebook.stonehenge.accountlinking.StonehengeAccountLinkingUrlHandlerActivity",
            "com.facebook.storelocator.StoreLocatorActivity",
            "com.facebook.stories.features.momentsbucket.activity.MomentsBucketLandingActivity",
            "com.facebook.stories.viewer.activity.StoryViewerActivity",
            "com.facebook.stories.viewer.activity.StoryViewerBlackNavBarActivity",
            "com.facebook.stories.viewer.activity.StoryViewerDefaultNavBarActivity",
            "com.facebook.stories.viewer.ui.buckets.regular.media.endcard.util.campaign.CreateMuseumCampaignActivity",
            "com.facebook.storygallerysurvey.activity.StoryGallerySurveyWithStoryActivity",
            "com.facebook.supporthome.SupportHomeActivity",
            "com.facebook.supportinbox.ui.FBSupportInboxPlaceHolderActivity",
            "com.facebook.survey.activities.SurveyDialogActivity",
            "com.facebook.surveyplatform.presentation.RemixSurveyDialogActivity",
            "com.facebook.surveyplatform.remix.ui.RemixSurveyDialogActivity",
            "com.facebook.surveyplatformdev.DebugRemixSurveyActivity",
            "com.facebook.surveyplatformdev.InjectedIntegrationPointStatusActivity",
            "com.facebook.surveyplatformdev.SurveyPlatformPreferenceActivity",
            "com.facebook.tagging.conversion.FriendSuggestionsAndSelectorActivity",
            "com.facebook.tagging.product.ProductTagSelectorActivity",
            "com.facebook.timeinapp.quietmode.activity.TimeInAppQuietModeInterstitialActivity",
            "com.facebook.timeinapp.screentime.activity.ScreenTimeInterstitialActivity",
            "com.facebook.timeline.about.ProfileAboutActivity",
            "com.facebook.timeline.actionbar.ContextualProfileDynamicActionBarOverflowActivity",
            "com.facebook.timeline.actionbar.ProfileDynamicActionBarOverflowActivity",
            "com.facebook.timeline.additionalprofiles.creationactivity.AdditionalProfileDeeplinkEntryPointActivity",
            "com.facebook.timeline.birthday.birthdaycard.BirthdayCardActivity",
            "com.facebook.timeline.camera.ProfileCameraActivity",
            "com.facebook.timeline.contextualprofiles.platform.activity.IMContextualProfileActivity",
            "com.facebook.timeline.contextualprofiles.platform.editactivity.IMContextualProfileEditActivity",
            "com.facebook.timeline.contextualprofiles.platform.editactivity.IMContextualProfileEditJobLocationActivity",
            "com.facebook.timeline.contextualprofiles.platform.editactivity.IMContextualProfileEditJobTitleActivity",
            "com.facebook.timeline.coverphoto.activity.CoverPhotoRepositionActivity",
            "com.facebook.timeline.gemstone.edit.profile.questions.QuestionComposerActivity",
            "com.facebook.timeline.gemstone.edit.profile.questions.QuestionPickerActivity",
            "com.facebook.timeline.gemstone.edit.settings.GemstoneEditSettingsActivity",
            "com.facebook.timeline.gemstone.home.GemstoneHomeActivity",
            "com.facebook.timeline.gemstone.messaging.thread.video.activity.Fb4aRTCActivity",
            "com.facebook.timeline.gemstone.messaging.thread.video.nativeactivity.mainactivity.VideoDateActivity",
            "com.facebook.timeline.gemstone.settings.accountscenterlauncher.GemstoneAccountsCenterLauncherActivity",
            "com.facebook.timeline.legacycontact.BeingLegacyContactActivity",
            "com.facebook.timeline.legacycontact.MemorialFriendRequestsNTActivity",
            "com.facebook.timeline.legacycontact.RememberMemorializedActivity",
            "com.facebook.timeline.majorlifeevent.creation.activity.MajorLifeEventComposerRootActivity",
            "com.facebook.timeline.majorlifeevent.creation.category.MajorLifeEventCategorySelectionActivity",
            "com.facebook.timeline.majorlifeevent.creation.category.MajorLifeEventSubCategorySelectionActivity",
            "com.facebook.timeline.majorlifeevent.creation.datepicker.DatePickerActivity",
            "com.facebook.timeline.majorlifeevent.creation.iconpicker.MajorLifeEventIconPickerActivity",
            "com.facebook.timeline.majorlifeevent.creation.media.MajorLifeEventMediaUnderwoodActivity",
            "com.facebook.timeline.majorlifeevent.creation.sharesheet.DummyDialogActivity",
            "com.facebook.timeline.majorlifeevent.home.MajorLifeEventHomeActivity",
            "com.facebook.timeline.music.MusicFullListActivity",
            "com.facebook.timeline.newpicker.expandedcard.NewPickerMediaSetActivity",
            "com.facebook.timeline.newpicker.fragments.NewPickerActivity",
            "com.facebook.timeline.newpicker.fragments.NewPickerTabActivity",
            "com.facebook.timeline.postscuration.ManagePostsActivity",
            "com.facebook.timeline.profileplus.followerslist.fragment.ProfileFollowersListActivity",
            "com.facebook.timeline.profileplus.followerslist.fragment.ProfileSingleListActivity",
            "com.facebook.timeline.pronouns.edit.ProfilePronounsEditLauncherActivity",
            "com.facebook.timeline.stagingground.ProfilePictureShareActivity",
            "com.facebook.timeline.stagingground.StagingGroundActivity",
            "com.facebook.timeline.status.statusedit.StatusEditActivity",
            "com.facebook.timeline.tabs.photos.activities.SinglePandoraFragmentActivity",
            "com.facebook.topfans.TopFansManageCommentBannerActivity",
            "com.facebook.transferyourinformation.TYIActivity",
            "com.facebook.transferyourinformation.TYIMobileRedirectActivity",
            "com.facebook.transferyourinformation.TransferYourInformationRedirectActivity",
            "com.facebook.transliteration.TransliterationQPActivity",
            "com.facebook.transliteration.ui.activity.TransliterationActivity",
            "com.facebook.ugc.notif.ShareReviewAsStoryActivity",
            "com.facebook.ui.legacynavbar.wordmark.debug.WordmarkDelightsPreferencesActivity",
            "com.facebook.urlhandler.FreeSuiteUpsellCreatePostUriLauncherActivity",
            "com.facebook.urlnavigation.internalsettings.FindUrlNavigationHandlerActivity",
            "com.facebook.video.activity.DeprecatedFullscreenVideoPlayerActivity",
            "com.facebook.video.activity.FullscreenVideoPlayerActivity",
            "com.facebook.video.capo.deeplink.ReelsInspirationHubActivity",
            "com.facebook.video.capo.deeplink.SingleReelsTopicActivity",
            "com.facebook.video.collab.CollaborationInvitesTransitionActivity",
            "com.facebook.video.commercialbreak.adbreakadminpreview.AdBreakAdminPreviewActivity",
            "com.facebook.video.creatorchannel.CreatorChannelsActivity",
            "com.facebook.video.hashtag.activity.HashtagDiscoveryActivity",
            "com.facebook.video.offplatformcreators.OpcAcceleratorOnboardingUrlHandlerActivity",
            "com.facebook.video.settings.VideoAutoPlaySettingsActivity",
            "com.facebook.video.settings.globalsubtitle.GlobalSubtitleSettingsActivity",
            "com.facebook.video.settings.language.LanguageInVideosPickerActivity",
            "com.facebook.video.videohome.fragment.GroupsMallWarionLauncherActivity",
            "com.facebook.video.videohome.prefs.VideoHomeSettingsActivity",
            "com.facebook.video.watch.entrypoint.UnifiedPlayerEntryPointLaunchActivity",
            "com.facebook.video.watch.settings.ContactUploadActivity",
            "com.facebook.video.watch.settings.DataSaverActivity",
            "com.facebook.video.watch.settings.MediaActivity",
            "com.facebook.voltron.prefs.VoltronDebugActivity",
            "com.facebook.voltron.ui.impl.AppModuleDownloadActivity2",
            "com.facebook.wem.privatesharing.ui.WemPrivateSharingHomeActivity",
            "com.facebook.wem.shield.AddOverlayActivity",
            "com.facebook.wem.shield.ChangePhotoActivity",
            "com.facebook.wem.shield.PreviewActivity",
            "com.facebook.wem.shield.ShieldLandingActivity",
            "com.facebook.wem.ui.PPSSTitlebarActivity",
            "com.facebook.whatsapp.pageswhatsappsmblinking.WhatsAppSMBPagesLinkingActivity",
            "com.facebook.whatsapp.pagewhatsapplinking.WhatsAppPageLinkingActivity",
            "com.facebook.widget.friendselector.CaspianFriendSelectorActivity",
            "com.facebook.woodhenge.CSWoodhengeFullScreenActivity",
            "com.facebook.work.timeline.protiles.skills.edit.WorkProfileEditSkillsActivity",
            "com.facebook.workaccounts.reauth.WorkAccountReauthActivity",
            "com.facebook.workshared.accountswitcher.dbl.internalsettings.WorkInternalSettingsLogDblActivity",
            "com.facebook.xapp.messaging.composer.aibot.discover.activity.AiBotDiscoverActivity",
            "com.facebook.zero.activity.ZeroIntentInterstitialActivity",
            "com.facebook.zero.extrig.ZeroExtrigHeadersActivity",
            "com.facebook.zero.internal.ZeroDogfoodingAppActivity",
            "com.facebook.zero.internal.ZeroE2ETestActivity",
            "com.facebook.zero.internal.ZeroGatekeepersDebugActivity",
            "com.facebook.zero.internal.ZeroInternSettingsActivity",
            "com.facebook.zero.internal.ZeroInternStatusActivity",
            "com.facebook.zero.internal.ZeroUrlDebugActivity",
            "com.facebook.zero.optin.activity.AutoFlexNewResOptinActivity",
            "com.facebook.zero.optin.activity.DialtoneOptinInterstitialActivity",
            "com.facebook.zero.optin.activity.DialtoneOptinInterstitialActivityNew",
            "com.facebook.zero.optin.activity.LightswitchOptinInterstitialActivity",
            "com.facebook.zero.optin.activity.LightswitchOptinInterstitialActivityNew",
            "com.facebook.zero.optin.activity.NativeOptinInterstitialActivity",
            "com.facebook.zero.optin.activity.NativeTermsAndConditionsActivity",
            "com.facebook.zero.optin.activity.ZeroFlexOptinInterstitialRedesignActivity",
            "com.facebook.zero.optin.activity.ZeroFlexOptinReconsiderActivity",
            "com.facebook.zero.optin.activity.ZeroOptinInterstitialActivity",
            "com.facebook.zero.settings.FlexSettingsActivity",
            "com.facebook.zero.settings.MobileCenterPingActivity",
            "com.facebook.zero.specialpricing.VideoDataSaverNuxActivity",
            "com.facebook.zero.upsell.activity.ZeroUpsellBuyConfirmInterstitialActivity",
            "com.facebook.zero.zerobalance.ui.AutoflexDataAvailableScreen",
            "com.facebook.zero.zerobalance.ui.AutoflexOptinInterstitial",
            "com.facebook.zero.zerobalance.ui.AutoflexOptinInterstitialActivity",
            "com.facebook.zero.zerobalance.ui.AutoflexSettingsActivity",
            "com.facebookpay.webview.WebViewActivity",
            "com.google.android.gms.auth.api.signin.internal.SignInHubActivity",
            "com.google.android.gms.common.api.GoogleApiActivity",
            "com.google.android.play.core.common.PlayCoreDialogWrapperActivity",
            "com.meta.wearable.web.WowWebViewActivity",
            "com.spotify.sdk.android.auth.LoginActivity",
            "com.spotify.sdk.android.auth.browser.RedirectUriReceiverActivity",
            "libraries.bkmmasdk.launcher.MetaManagedAccountLoginActivity"
        ],
        "services": [
            "androidx.credentials.playservices.CredentialProviderMetadataHolder",
            "androidx.room.MultiInstanceInvalidationService",
            "androidx.work.impl.background.systemalarm.SystemAlarmService",
            "androidx.work.impl.background.systemjob.SystemJobService",
            "androidx.work.impl.foreground.SystemForegroundService",
            "com.facebook.account.login.notification.LoginNotificationService",
            "com.facebook.account.twofac.protocol.LoginApprovalNotificationService",
            "com.facebook.adinterfaces.service.BoostLiveService",
            "com.facebook.ads.internal.ipc.AudienceNetworkRemoteService",
            "com.facebook.adspayments.analytics.ExperimentExposeService",
            "com.facebook.analytics2.logger.GooglePlayUploadService",
            "com.facebook.analytics2.logger.legacy.uploader.AlarmBasedUploadService",
            "com.facebook.analytics2.logger.legacy.uploader.Analytics2UploadService",
            "com.facebook.analytics2.logger.legacy.uploader.LollipopUploadService",
            "com.facebook.analytics2.logger.service.LollipopUploadSafeService",
            "com.facebook.appcomponentmanager.AppComponentManagerService",
            "com.facebook.audiencenetwork.AudienceNetworkService",
            "com.facebook.battery.monitor.ContinuousBatteryMonitorService",
            "com.facebook.browser.helium.content.SandboxedProcessService0",
            "com.facebook.browser.helium.content.SandboxedProcessService1",
            "com.facebook.browser.helium.preload.AppZygoteWarmerService",
            "com.facebook.browser.lite.BrowserLiteInMainProcessIntentService",
            "com.facebook.browser.liteclient.BrowserLiteCallbackService",
            "com.facebook.bugreporter.core.scheduler.GCMBugReportService",
            "com.facebook.bugreporter.core.scheduler.LollipopBugReportService",
            "com.facebook.businessintegrity.cloakingdetection.service.CloakingDetectionService",
            "com.facebook.cameracore.mediapipeline.asyncscripting.AsyncScriptingService",
            "com.facebook.common.errorreporting.memory.service.jobschedulercompat.fbsvc.DumperUploadService",
            "com.facebook.composer.publish.internal.ComposerPublishService",
            "com.facebook.compost.service.CompostNotificationService",
            "com.facebook.conditionalworker.ConditionalWorkerService",
            "com.facebook.conditionalworker.GooglePlayConditionalWorkerService",
            "com.facebook.conditionalworker.LollipopConditionalWorkerService",
            "com.facebook.confirmation.notification.ConfirmationNotificationService",
            "com.facebook.confirmation.service.AutoSmsConfirmService",
            "com.facebook.contacts.service.ContactLocaleChangeService",
            "com.facebook.delayedworker.DelayedWorkerService",
            "com.facebook.directinstall.feed.progressservice.InstallNotificationService",
            "com.facebook.directinstall.feed.progressservice.ProgressService",
            "com.facebook.directinstall.shortcut.ShortcutInstallerService",
            "com.facebook.facecast.broadcast.notifications.LiveAudioRoomV2NotificationService",
            "com.facebook.facecast.display.debugoverlay.FacecastDebugOverlayService",
            "com.facebook.fbpay.w3c.ipc.FBPaymentServiceImpl",
            "com.facebook.fbpay.w3c.ipc.IsReadyToPayServiceImpl",
            "com.facebook.fbservice.service.BlueService",
            "com.facebook.fbservice.service.BlueServiceJobIntentService",
            "com.facebook.feed.platformads.AppInstallService",
            "com.facebook.feed.platformads.AppInstallTrackerService",
            "com.facebook.fixie.fixes.signal.AppDeathSignalService",
            "com.facebook.friending.jewel.FriendRequestsPrivacySettingService",
            "com.facebook.glc.GLCService",
            "com.facebook.glc.LongRunningWifiMonitorService",
            "com.facebook.glc.ScheduledWifiMonitorService",
            "com.facebook.googleplay.GooglePlayInstallRefererService",
            "com.facebook.graphql.executor.offlinemutations.OfflineMutationsRetryGCMTaskService",
            "com.facebook.graphql.executor.offlinemutations.OfflineMutationsRetryJobService",
            "com.facebook.huddle.notification.speakernotification.impl.HuddleLiveSessionNotificationService",
            "com.facebook.katana.RemoveRawContactsService",
            "com.facebook.katana.platform.FacebookAuthenticationService",
            "com.facebook.katana.platform.TokenRefreshService",
            "com.facebook.lite.webviewrtc.RTCService",
            "com.facebook.media.local.UpdateLocalMediaStoreGcmTaskService",
            "com.facebook.media.local.UpdateLocalMediaStoreJobService",
            "com.facebook.messaging.notify.logging.MessagesSystemTrayLogService",
            "com.facebook.messaging.prefs.notifications.NotificationPrefsSyncService",
            "com.facebook.mqtt.service.MqttServiceV2",
            "com.facebook.mqttlite.MqttService",
            "com.facebook.multiusermqtt.MultiuserMqttService",
            "com.facebook.notifications.appwidget.bugreporter.NotificationsWidgetDebugHelper",
            "com.facebook.notifications.appwidget.refresh.NotificationsWidgetCollectionService",
            "com.facebook.notifications.tray.actions.PushNotificationsActionService",
            "com.facebook.notifications.tray.service.SystemTrayLogService",
            "com.facebook.orca.notify.MessagesNotificationService",
            "com.facebook.oxygen.preloads.sdk.firstparty.managedappcache.IsManagedAppCacheJobService",
            "com.facebook.oxygen.preloads.sdk.firstparty.managedappcache.IsManagedAppCacheService",
            "com.facebook.papaya.fb.client.services.FBPapayaJobService",
            "com.facebook.photos.upload.service.PhotosUploadHelperService",
            "com.facebook.platform.common.service.PlatformService",
            "com.facebook.ppml.receiver.ReceiverService",
            "com.facebook.profilo.upload.TraceUploadRetryJob",
            "com.facebook.pumpkin.PumpkinService",
            "com.facebook.push.adm.ADMBroadcastReceiver",
            "com.facebook.push.adm.ADMBroadcastReceiverJobBase",
            "com.facebook.push.adm.ADMJobIntentService",
            "com.facebook.push.adm.ADMService",
            "com.facebook.push.adm.AdmWorkGCMService",
            "com.facebook.push.adm.AdmWorkLollipopService",
            "com.facebook.push.fbpushdata.common.FbPushDataHandlerService",
            "com.facebook.push.fcm.FcmListenerService",
            "com.facebook.push.fcm.FcmRegistrarFbJobIntentService",
            "com.facebook.push.fcm.GetFcmTokenRegistrarGCMService",
            "com.facebook.push.fcm.GetFcmTokenRegistrarLollipopService",
            "com.facebook.push.mqtt.service.MqttPushHelperService",
            "com.facebook.push.negativefeedback.PushNegativeFeedbackFbJobIntentService",
            "com.facebook.push.nna.NNAService",
            "com.facebook.push.registration.FacebookPushServerFinishNotifiedGCMService",
            "com.facebook.push.registration.FacebookPushServerFinishNotifiedLollipopService",
            "com.facebook.push.registration.FacebookPushServerRegistrarGCMService",
            "com.facebook.push.registration.FacebookPushServerRegistrarLollipopService",
            "com.facebook.push.registration.PushNegativeFeedbackGCMService",
            "com.facebook.push.registration.PushNegativeFeedbackLollipopService",
            "com.facebook.push.registration.RegistrarHelperService",
            "com.facebook.pushlite.PushLiteFallbackJobService",
            "com.facebook.pushlite.PushLiteGCMJobService",
            "com.facebook.pushlite.PushLiteLollipopJobService",
            "com.facebook.quicksilver.webviewprocess.QuicksilverWarmupService",
            "com.facebook.quicksilver.webviewservice.QuicksilverWebviewService",
            "com.facebook.registration.notification.RegistrationNotificationService",
            "com.facebook.reportaproblem.base.bugreport.BugReportUploadService",
            "com.facebook.rooms.mainapp.incallservice.InRoomsCallForegroundService",
            "com.facebook.rp.platform.metaai.rsys.service.MetaAICallDismissalService",
            "com.facebook.rtc.connectionservice.RtcSelfManagedConnectionService",
            "com.facebook.rtc.notification.RtcNotificationForegroundService",
            "com.facebook.rtc.notification.metaai.MetaAiNotificationForegroundService",
            "com.facebook.rti.push.service.FbnsService",
            "com.facebook.screencast.ScreencastService",
            "com.facebook.smartglasses.ipc.service.SmartGlassesTunnelService",
            "com.facebook.video.bgaudio.BgAudioPlayerService",
            "com.facebook.video.bgplayback.notification.service.PlaybackNotificationService",
            "com.facebook.video.heroplayer.service.HeroKeepAliveService",
            "com.facebook.video.tv.notification.CastNotificationActionService",
            "com.facebook.video.watch.entrypoint.WatchEntryPointLaunchService",
            "com.facebook.video.watchandgo.service.UnifiedMiniPlayerService",
            "com.facebook.video.watchandgo.service.WatchAndGoService",
            "com.facebook.videolite.api.VideoUploadForegroundService",
            "com.facebook.videolite.api.VideoUploadJobService",
            "com.facebook.videolite.api.jobscheduler.UploadJobSchedulerService",
            "com.facebook.voltron.download.scheduledinstaller.OxygenScheduledInstallerJobService",
            "com.facebook.wearable.mediastream.service.MediaStreamService",
            "com.facebook.wearlistener.DataLayerListenerService",
            "com.fbpay.w3c.ipc.AutofillKeyFetchServiceImpl",
            "com.google.android.gms.analytics.AnalyticsJobService",
            "com.google.android.gms.analytics.AnalyticsService",
            "com.google.android.gms.auth.api.signin.RevocationBoundService",
            "com.google.firebase.components.ComponentDiscoveryService",
            "com.google.firebase.messaging.FirebaseMessagingService",
            "com.meta.mfa.service.MfaCrossAppServiceImpl",
            "com.meta.trusteddevice.service.TrustedDeviceFoundationServiceImpl",
            "com.meta.wearable.acdc.sdk.service.ACDCRegistrationService",
            "org.chromium.content.app.SandboxedProcessService0",
            "org.chromium.content.app.SandboxedProcessService1"
        ],
        "receivers": [
            "androidx.profileinstaller.ProfileInstallReceiver",
            "androidx.work.impl.background.systemalarm.ConstraintProxy$BatteryChargingProxy",
            "androidx.work.impl.background.systemalarm.ConstraintProxy$BatteryNotLowProxy",
            "androidx.work.impl.background.systemalarm.ConstraintProxy$NetworkStateProxy",
            "androidx.work.impl.background.systemalarm.ConstraintProxy$StorageNotLowProxy",
            "androidx.work.impl.background.systemalarm.ConstraintProxyUpdateReceiver",
            "androidx.work.impl.background.systemalarm.RescheduleReceiver",
            "androidx.work.impl.diagnostics.DiagnosticsReceiver",
            "androidx.work.impl.utils.ForceStopRunnable$BroadcastReceiver",
            "com.facebook.account.login.notification.LoginNotificationServiceReceiver",
            "com.facebook.account.login.notification.LoginNotificationServiceScheduler",
            "com.facebook.account.switcher.shortcuts.AccountSwitcherShortcutReceiver",
            "com.facebook.analytics2.logger.legacy.uploader.HighPriUploadRetryReceiver",
            "com.facebook.appcomponentmanager.fb.FbAppComponentReceiver",
            "com.facebook.appcomponentmanager.testreceivers.AppComponentManagerTestingReceiver",
            "com.facebook.appcomponentmanager.testreceivers.FirstEnableStageTestReceiver",
            "com.facebook.appcomponentmanager.testreceivers.SecondEnableStageTestReceiver",
            "com.facebook.battery.monitor.ContinuousBatteryMonitorService$BroadcastReceiver",
            "com.facebook.bugreporter.core.scheduler.AlarmsBroadcastReceiver",
            "com.facebook.caa.shared.identityhash.IdentityHashReceiver",
            "com.facebook.caa.shared.wacoderetriever.CAARegWACodeReceiver",
            "com.facebook.clicktocall.CTCPhoneCallBroadcastReceiver",
            "com.facebook.clicktocall.LeadAdsP2BCallStateChangeReceiver",
            "com.facebook.common.init.OnAppUpdateReceiver",
            "com.facebook.compost.service.CompostNotificationServiceReceiver",
            "com.facebook.conditionalworker.ConditionalWorkerServiceReceiver",
            "com.facebook.confirmation.notification.ConfirmationNotificationReScheduler",
            "com.facebook.confirmation.notification.ConfirmationNotificationServiceReceiver",
            "com.facebook.confirmation.task.SMSBroadcastReceiver",
            "com.facebook.confirmation.util.VoiceCallListenerExpiryReceiver",
            "com.facebook.contacts.service.ContactLocaleChangeReceiver",
            "com.facebook.credentials.AuthTokenDebugLogger",
            "com.facebook.delayedworker.DelayedWorkerServiceReceiver",
            "com.facebook.device_id.UniqueIdSupplier",
            "com.facebook.errorreporting.lacrima.detector.broadcast.ProtectedLockScreenBroadcastReceiver",
            "com.facebook.errorreporting.lacrima.detector.broadcast.PublicLockScreenBroadcastReceiver",
            "com.facebook.errorreporting.lacrima.detector.broadcast.SecureShutdownBootBroadcastReceiver",
            "com.facebook.fbreact.neo.ReactParentDashboardShortcutModule$ParentDashboardShortcutInstalledIntentReceiver",
            "com.facebook.fdidlite.FDIDSyncLiteReceiver",
            "com.facebook.feed.platformads.AppInstallReceiver",
            "com.facebook.feedplugins.share.externalshare.logging.FeedShareIntentResultBroadcastReceiver",
            "com.facebook.games.entrypoint.shortcut.GamesShortcutHelper$GamingTabBookmarkShortcutCreatedIntentReceiver",
            "com.facebook.glc.GLCServiceSchedulerReceiver",
            "com.facebook.googleplay.GooglePlayInstallReferrerReceiver",
            "com.facebook.groups.share.helpers.GroupOpenChooserShareIntentBroadcastReceiver",
            "com.facebook.katana.FacebookAccountReceiver",
            "com.facebook.messaging.media.viewer.receiver.MessengerChosenComponentReceiver",
            "com.facebook.messaging.messengerprefs.notif.NoteNotificationBroadcastReceiver",
            "com.facebook.messaging.notify.util.intent.MessengerNotificationAndroidSurveyReceiver",
            "com.facebook.messaging.notify.util.intent.NoteNotificationMuteBroadcastReceiver",
            "com.facebook.messaginginblue.threadview.ui.activity.main.BubblesDeleteIntentReceiver",
            "com.facebook.mobileconfig.init.MobileConfigEnableReceiver",
            "com.facebook.nobreak.CrashLoop$LastState",
            "com.facebook.notifications.appwidget.MediumNotificationsWidgetProvider",
            "com.facebook.notifications.appwidget.SmallNotificationsWidgetProvider",
            "com.facebook.notifications.appwidget.receiver.NotificationsWidgetAppUpgradeReceiver",
            "com.facebook.notifications.appwidget.widgetpicker.NotificationsWidgetPickerPinnedReceiver",
            "com.facebook.notifications.tray.helpers.receivers.ActivityTransitionReceiver",
            "com.facebook.notifications.tray.helpers.receivers.NotificationsRemovalAppUpdateReceiver",
            "com.facebook.notifications.tray.helpers.receivers.NotificationsRemovalTimerReceiver",
            "com.facebook.notifications.tray.util.NotificationsClientSignalFamilyStaticBroadcastReceiver",
            "com.facebook.notifications.tray.util.NotificationsClientSignalStaticBroadcastReceiver",
            "com.facebook.notifications.tray.util.NotificationsM4aClientSignalStaticBroadcastReceiver",
            "com.facebook.notifications.tray.util.NotificationsPreloadsFbnsClientSignalStaticBroadcastReceiver",
            "com.facebook.orca.notify.MessagesNotificationBroadcastReceiver",
            "com.facebook.oxygen.preloads.integration.appstartup.flag.FirstAppOpenFlag",
            "com.facebook.oxygen.preloads.integration.dogfooding.AuthListener$EmployeeLoggedInMarkerReceiver",
            "com.facebook.oxygen.preloads.integration.sso.PostInstallSsoReceiver",
            "com.facebook.oxygen.preloads.integration.tosacceptance.TosAcceptedFlagComponent",
            "com.facebook.oxygen.preloads.sdk.firstparty.managedappcache.IsManagedAppFlag",
            "com.facebook.oxygen.preloads.sdk.firstparty.managedappcache.IsManagedAppReceiver",
            "com.facebook.oxygen.preloads.sdk.firstparty.settings.TosAcceptedFlag",
            "com.facebook.oxygen.preloads.sdk.firstparty.settings.wa.ITA",
            "com.facebook.photos.upload.receiver.ConnectivityChangeReceiver",
            "com.facebook.push.adm.MessageAlertReceiver",
            "com.facebook.push.fbnslite.FbPushSdkFbnsReceiverShim",
            "com.facebook.push.fbnslite.FbnsLiteRtcPushNotificationReceiver",
            "com.facebook.push.mqtt.receiver.BootCompleteBroadcastReceiver",
            "com.facebook.push.negativefeedback.PushNegativeFeedbackReceiver",
            "com.facebook.push.nna.NNABroadcastReceiver",
            "com.facebook.push.registration.FacebookPushServerRegistrar$LocalBroadcastReceiver",
            "com.facebook.push.registration.RegistrarHelperReceiver",
            "com.facebook.quicksilver.util.QuicksilverShortcutCreationUtil$ShortcutMadeIntentReceiver",
            "com.facebook.registration.notification.RegistrationNotificationServiceReceiver",
            "com.facebook.rooms.call.receivers.PictureInPictureReceiver",
            "com.facebook.rooms.call.receivers.RoomEndCallReceiver",
            "com.facebook.rooms.mainapp.receivers.RoomsStartCallReceiver",
            "com.facebook.rtc.notification.NotificationDeletedBroadcastReceiver",
            "com.facebook.rtc.notification.RtcMultiCallActionReceiver",
            "com.facebook.rtc.notification.metaai.MetaAiVoiceBroadcastReceiver",
            "com.facebook.rti.orca.FbnsLiteBroadcastReceiver",
            "com.facebook.rti.orca.UpdateQeBroadcastReceiver",
            "com.facebook.secure.usdid.signing.CrossSigningBroadcastReceiver",
            "com.facebook.ui.mainview.tabshortcut.TabShortcutCreator$ShortcutMadeIntentReceiver",
            "com.facebook.uievaluations.uiqr.fbcore.sapienz.TriggerUIEvaluationsIntentReceiver",
            "com.facebook.watson.WatsonBroadcastReceiver",
            "com.facebook.whatsapp.foabackuptoken.FoaBackupTokenReceiver",
            "com.facebook.zero.easydogfooding.notification.ZeroEasyDogfoodNotificationActionReceiver",
            "com.facebook.zero.iptest.ZeroIPTestBroadcastReceiver",
            "com.google.android.gms.analytics.AnalyticsReceiver",
            "com.google.firebase.iid.FirebaseInstanceIdReceiver"
        ]
    }
}