{
    "apk_name": "EF832ECEF452C5B99103B6DD1C0E4F36DE3921A79111EE4E5C67E2B7A5E6E60C",
    "sha256": "ef832ecef452c5b99103b6dd1c0e4f36de3921a79111ee4e5c67e2b7a5e6e60c",
    "metadata": {
        "package_name": "com.Lapua.LapuaBallistics",
        "version_code": "1133",
        "version_name": "1.2.15",
        "min_sdk": "24",
        "target_sdk": "35",
        "permissions": [
            "android.permission.ACCESS_ADSERVICES_AD_ID",
            "android.permission.ACCESS_ADSERVICES_ATTRIBUTION",
            "android.permission.ACCESS_COARSE_LOCATION",
            "android.permission.ACCESS_FINE_LOCATION",
            "android.permission.ACCESS_NETWORK_STATE",
            "android.permission.INTERNET",
            "android.permission.READ_EXTERNAL_STORAGE",
            "android.permission.VIBRATE",
            "android.permission.WAKE_LOCK",
            "android.permission.WRITE_EXTERNAL_STORAGE",
            "com.Lapua.LapuaBallistics.DYNAMIC_RECEIVER_NOT_EXPORTED_PERMISSION",
            "com.google.android.finsky.permission.BIND_GET_INSTALL_REFERRER_SERVICE"
        ],
        "activities": [
            "com.google.android.gms.auth.api.signin.internal.SignInHubActivity",
            "com.google.android.gms.common.api.GoogleApiActivity",
            "com.google.games.bridge.GenericResolutionActivity",
            "com.google.games.bridge.NativeBridgeActivity",
            "com.unity3d.player.UnityPlayerActivity"
        ],
        "services": [
            "com.google.android.gms.auth.api.signin.RevocationBoundService",
            "com.google.android.gms.measurement.AppMeasurementJobService",
            "com.google.android.gms.measurement.AppMeasurementService",
            "com.google.firebase.components.ComponentDiscoveryService"
        ],
        "receivers": [
            "com.google.android.gms.measurement.AppMeasurementReceiver"
        ]
    },
    "stats": {
        "dex_count": 2,
        "native_lib_count": 0
    },
    "jadx": {
        "status": "ok",
        "duration_sec": 25.28,
        "sources_present": true,
        "java_file_count": 6198
    },
    "ast_analysis": {
        "location": 8,
        "microphone": 1,
        "camera": 10,
        "media_projection": 0,
        "dynamic_load": 0,
        "jni": 3
    },
    "analysis_state": "complete"
}