{
    "apk_name": "D43A971ADC86C29DFBD137AB24148DE23C3892F80D2D25447CB2451C5EC25568",
    "sha256": "d43a971adc86c29dfbd137ab24148de23c3892f80d2d25447cb2451c5ec25568",
    "metadata": {
        "package_name": "com.Edudatos.EduRedApp",
        "version_code": "87",
        "version_name": "2.77",
        "min_sdk": "22",
        "target_sdk": "33",
        "permissions": [
            "android.permission.ACCESS_NETWORK_STATE",
            "android.permission.INTERNET",
            "android.permission.WAKE_LOCK",
            "com.google.android.c2dm.permission.RECEIVE"
        ],
        "activities": [
            "com.google.android.gms.common.api.GoogleApiActivity",
            "crc64189a0253fffa1b58.MainActivity",
            "crc64189a0253fffa1b58.WebBrowserActivity",
            "crc64189a0253fffa1b58.cAddColegioActivity",
            "crc64189a0253fffa1b58.cAdminColegiosActivity",
            "crc64189a0253fffa1b58.cDelColegioActivity",
            "crc64189a0253fffa1b58.cFcmActivity"
        ],
        "services": [
            "com.google.firebase.components.ComponentDiscoveryService",
            "com.google.firebase.iid.FirebaseInstanceIdService",
            "com.google.firebase.messaging.FirebaseMessagingService"
        ],
        "receivers": [
            "com.google.firebase.iid.FirebaseInstanceIdInternalReceiver",
            "com.google.firebase.iid.FirebaseInstanceIdReceiver"
        ]
    },
    "stats": {
        "dex_count": 1,
        "native_lib_count": 28
    },
    "jadx": {
        "status": "ok",
        "duration_sec": 11.82,
        "sources_present": true,
        "java_file_count": 1799
    },
    "ast_analysis": {
        "location": 0,
        "microphone": 0,
        "camera": 2,
        "media_projection": 0,
        "dynamic_load": 0,
        "jni": 6
    },
    "analysis_state": "complete"
}