{
    "apk_name": "EE70D5807EC011C1C9712D6318201B4328FA40A6E7BD4ECEE4B5074E5D4C4156",
    "sha256": "ee70d5807ec011c1c9712d6318201b4328fa40a6e7bd4ecee4b5074e5d4c4156",
    "metadata": {
        "package_name": "jp.naver.SJLGPP",
        "version_code": "230851",
        "version_name": "8.5.0",
        "min_sdk": "21",
        "target_sdk": "30",
        "permissions": [
            "android.permission.ACCESS_NETWORK_STATE",
            "android.permission.ACCESS_WIFI_STATE",
            "android.permission.C2D_MESSAGE",
            "android.permission.CHANGE_NETWORK_STATE",
            "android.permission.CHANGE_WIFI_STATE",
            "android.permission.DISABLE_KEYGUARD",
            "android.permission.FOREGROUND_SERVICE",
            "android.permission.INTERNET",
            "android.permission.KILL_BACKGROUND_PROCESSES",
            "android.permission.READ_EXTERNAL_STORAGE",
            "android.permission.READ_PHONE_STATE",
            "android.permission.READ_PRIVILEGED_PHONE_STATE",
            "android.permission.RECEIVE_BOOT_COMPLETED",
            "android.permission.STORAGE",
            "android.permission.VIBRATE",
            "android.permission.WAKE_LOCK",
            "android.permission.WRITE_EXTERNAL_STORAGE",
            "com.android.vending.BILLING",
            "com.google.android.c2dm.permission.RECEIVE",
            "com.google.android.gms.permission.AD_ID",
            "jp.naver.SJLGPP.permission.C2D_MESSAGE",
            "jp.naver.SJLGPP.permission.NNI_MESSAGE"
        ],
        "activities": [
            "com.android.billingclient.api.ProxyBillingActivity",
            "com.applovin.adview.AppLovinFullscreenActivity",
            "com.applovin.mediation.MaxDebuggerActivity",
            "com.applovin.mediation.MaxDebuggerAdUnitDetailActivity",
            "com.applovin.mediation.MaxDebuggerAdUnitsListActivity",
            "com.applovin.mediation.MaxDebuggerDetailActivity",
            "com.applovin.mediation.MaxDebuggerMultiAdActivity",
            "com.applovin.mediation.MaxDebuggerTestLiveNetworkActivity",
            "com.applovin.sdk.AppLovinWebViewActivity",
            "com.bytedance.sdk.openadsdk.activity.TTAppOpenAdActivity",
            "com.bytedance.sdk.openadsdk.activity.TTDelegateActivity",
            "com.bytedance.sdk.openadsdk.activity.TTFullScreenExpressVideoActivity",
            "com.bytedance.sdk.openadsdk.activity.TTFullScreenVideoActivity",
            "com.bytedance.sdk.openadsdk.activity.TTLandingPageActivity",
            "com.bytedance.sdk.openadsdk.activity.TTPlayableLandingPageActivity",
            "com.bytedance.sdk.openadsdk.activity.TTRewardExpressVideoActivity",
            "com.bytedance.sdk.openadsdk.activity.TTRewardVideoActivity",
            "com.bytedance.sdk.openadsdk.activity.TTVideoLandingPageActivity",
            "com.bytedance.sdk.openadsdk.activity.TTVideoLandingPageLink2Activity",
            "com.bytedance.sdk.openadsdk.activity.TTWebsiteActivity",
            "com.bytedance.sdk.openadsdk.adapter.PangleAdInterstitialActivity",
            "com.facebook.ads.AudienceNetworkActivity",
            "com.facebook.ads.internal.ipc.RemoteANActivity",
            "com.google.android.gms.ads.AdActivity",
            "com.google.android.gms.auth.api.signin.internal.SignInHubActivity",
            "com.google.android.gms.common.api.GoogleApiActivity",
            "com.ironsource.sdk.controller.ControllerActivity",
            "com.ironsource.sdk.controller.InterstitialActivity",
            "com.ironsource.sdk.controller.OpenUrlActivity",
            "com.linecorp.games.promotionsdk.channel.PromotionWebView",
            "com.linecorp.linesdk.auth.internal.LineAuthenticationActivity",
            "com.linecorp.linesdk.auth.internal.LineAuthenticationCallbackActivity",
            "com.linecorp.linesdk.openchat.ui.CreateOpenChatActivity",
            "com.linecorp.pion.promotion.internal.channel.NavigationActivity",
            "com.linecorp.pion.promotion.internal.channel.PromotionWebView",
            "com.linecorp.trident.android.LineGamePrivacyPolicyTermsActivity",
            "com.linecorp.trident.android.OpenChatTermsActivity",
            "com.lockincomp.liappagent.LiappAgentforUnity",
            "com.mbridge.msdk.activity.MBCommonActivity",
            "com.mbridge.msdk.interstitial.view.MBInterstitialActivity",
            "com.mbridge.msdk.out.LoadingActivity",
            "com.mbridge.msdk.reward.player.MBRewardVideoActivity",
            "com.tapjoy.TJAdUnitActivity",
            "com.tapjoy.TJContentActivity",
            "com.tapjoy.mraid.view.ActionHandler",
            "com.tapjoy.mraid.view.Browser",
            "com.treenod.android.UnityPlayerActivity",
            "com.unity3d.services.ads.adunit.AdUnitActivity",
            "com.unity3d.services.ads.adunit.AdUnitSoftwareActivity",
            "com.unity3d.services.ads.adunit.AdUnitTransparentActivity",
            "com.unity3d.services.ads.adunit.AdUnitTransparentSoftwareActivity",
            "com.vungle.warren.ui.VungleActivity",
            "jp.line.android.sdk.activity.LineAuthCompleteActivity",
            "jp.line.android.sdk.activity.WebLoginActivity",
            "jp.maio.sdk.android.AdFullscreenActivity",
            "jp.maio.sdk.android.HtmlBasedAdActivity",
            "jp.naver.common.android.notice.board.NoticeBoardActivity",
            "jp.naver.common.android.notice.notification.NoticeNotificationActivity"
        ],
        "services": [
            "androidx.room.MultiInstanceInvalidationService",
            "androidx.work.impl.background.systemalarm.SystemAlarmService",
            "androidx.work.impl.background.systemjob.SystemJobService",
            "androidx.work.impl.foreground.SystemForegroundService",
            "com.applovin.impl.adview.activity.FullscreenAdService",
            "com.applovin.impl.sdk.utils.AppKilledService",
            "com.bytedance.sdk.openadsdk.multipro.aidl.BinderPoolService",
            "com.facebook.ads.internal.ipc.AdsMessengerService",
            "com.facebook.ads.internal.ipc.AdsProcessPriorityService",
            "com.google.android.gms.ads.AdService",
            "com.google.android.gms.auth.api.signin.RevocationBoundService",
            "com.google.firebase.components.ComponentDiscoveryService",
            "com.google.firebase.messaging.FirebaseMessagingService",
            "com.navercorp.npush.fcm.FcmInstanceIDService",
            "com.navercorp.npush.fcm.FcmService",
            "com.nhn.npush.gcm.GcmInstanceIDService",
            "jp.naver.SJLGPP.FcmIntentService"
        ],
        "receivers": [
            "androidx.work.impl.background.systemalarm.ConstraintProxy$BatteryChargingProxy",
            "androidx.work.impl.background.systemalarm.ConstraintProxy$BatteryNotLowProxy",
            "androidx.work.impl.background.systemalarm.ConstraintProxy$NetworkStateProxy",
            "androidx.work.impl.background.systemalarm.ConstraintProxy$StorageNotLowProxy",
            "androidx.work.impl.background.systemalarm.ConstraintProxyUpdateReceiver",
            "androidx.work.impl.background.systemalarm.RescheduleReceiver",
            "androidx.work.impl.diagnostics.DiagnosticsReceiver",
            "androidx.work.impl.utils.ForceStopRunnable$BroadcastReceiver",
            "com.google.firebase.iid.FirebaseInstanceIdReceiver",
            "com.tapjoy.TapjoyReceiver",
            "com.treenod.localnotification.Helper",
            "com.treenod.pokopang.localnotification.AlarmReceiver"
        ]
    },
    "stats": {
        "dex_count": 7,
        "native_lib_count": 25
    },
    "jadx": {
        "status": "ok",
        "duration_sec": 76.15,
        "sources_present": true,
        "java_file_count": 20498
    },
    "ast_analysis": {
        "location": 3,
        "microphone": 1,
        "camera": 118,
        "media_projection": 0,
        "dynamic_load": 0,
        "jni": 0
    },
    "analysis_state": "complete"
}