{
    "java_files": [
        "com/secneo/apkwrapper/b.java",
        "com/secneo/apkwrapper/H.java",
        "com/secneo/apkwrapper/AW.java",
        "com/secneo/apkwrapper/AP.java",
        "com/secneo/apkwrapper/a.java",
        "com/secneo/apkwrapper/CP.java",
        "cn/ishansong/R.java"
    ],
    "ast_hits_by_file": {
        "location": [],
        "microphone": [],
        "camera": [],
        "media_projection": [],
        "dynamic_load": [],
        "jni": [
            "com/secneo/apkwrapper/AW.java"
        ]
    },
    "native_libs": [
        "lib/armeabi-v7a/libCtaApiLib.so",
        "lib/arm64-v8a/libumeng-spy.so",
        "lib/arm64-v8a/libnbscrash.so",
        "lib/arm64-v8a/libwind.so",
        "lib/armeabi-v7a/libnbscrash_dumper.so",
        "lib/armeabi-v7a/libnbscrash.so",
        "lib/arm64-v8a/libCtaApiLib.so",
        "lib/arm64-v8a/libmmkv.so",
        "lib/arm64-v8a/libsecsdk.so",
        "lib/arm64-v8a/libindoor.so",
        "lib/armeabi-v7a/libweibosdkcore.so",
        "lib/armeabi-v7a/libBaiduMapSDK_map_v7_5_0.so",
        "lib/arm64-v8a/libBaiduMapSDK_base_v7_5_0.so",
        "lib/armeabi-v7a/libgnustl_shared.so",
        "lib/arm64-v8a/libgnustl_shared.so",
        "lib/armeabi-v7a/liblocSDK8b.so",
        "lib/arm64-v8a/libnbscrash_dumper.so",
        "lib/arm64-v8a/libzxprotect.so",
        "lib/armeabi-v7a/libwind.so",
        "lib/armeabi-v7a/libindoor.so",
        "lib/armeabi-v7a/libumeng-spy.so",
        "lib/arm64-v8a/liblocSDK8b.so",
        "lib/armeabi-v7a/libzxprotect.so",
        "lib/armeabi-v7a/libsecsdk.so",
        "lib/armeabi-v7a/libmmkv.so",
        "lib/arm64-v8a/libweibosdkcore.so",
        "lib/armeabi-v7a/libBaiduMapSDK_base_v7_5_0.so",
        "lib/arm64-v8a/libBaiduMapSDK_map_v7_5_0.so",
        "lib/arm64-v8a/libDexHelper.so",
        "lib/arm64-v8a/libDexHelper-x86.so",
        "lib/armeabi-v7a/libDexHelper.so",
        "lib/armeabi-v7a/libDexHelper-x86.so"
    ],
    "dex_files_count": 1,
    "exported_components": {
        "activities": [
            "cmbapi.CMBApiEntryActivity",
            "cn.ishansong.activity.AboutActivity",
            "cn.ishansong.activity.AddressDetailActivity",
            "cn.ishansong.activity.AddressModifyHistoryActivity",
            "cn.ishansong.activity.AddressPoiActivity",
            "cn.ishansong.activity.AgreementActivity",
            "cn.ishansong.activity.AppSettingActivity",
            "cn.ishansong.activity.BusinessCardRecognitionActivity",
            "cn.ishansong.activity.CityListActivity",
            "cn.ishansong.activity.CouponDialogActivity",
            "cn.ishansong.activity.CourierActivity",
            "cn.ishansong.activity.CourierBlackListActivity",
            "cn.ishansong.activity.FeedbackActivity",
            "cn.ishansong.activity.FullTransparentWebActivity",
            "cn.ishansong.activity.GuideActivity",
            "cn.ishansong.activity.GuideTempActivity",
            "cn.ishansong.activity.IndustryActivity",
            "cn.ishansong.activity.InputActivity",
            "cn.ishansong.activity.LogoutActivity",
            "cn.ishansong.activity.MainAddressCompleteActivity",
            "cn.ishansong.activity.MakeOrderActivity",
            "cn.ishansong.activity.MessageCenterActivity",
            "cn.ishansong.activity.ModifyAddressCalculateActivity",
            "cn.ishansong.activity.ModifyMobileActivity",
            "cn.ishansong.activity.ModifyReceiverAddressActivity",
            "cn.ishansong.activity.NoviceGuideActivity",
            "cn.ishansong.activity.OtherPayActivity",
            "cn.ishansong.activity.PermissionTransparentActivity",
            "cn.ishansong.activity.PriceWeightActivity",
            "cn.ishansong.activity.QRCodeScanActivity",
            "cn.ishansong.activity.RemarkActivity",
            "cn.ishansong.activity.ServerSettingActivity",
            "cn.ishansong.activity.SplashActivity",
            "cn.ishansong.activity.TesterActivity",
            "cn.ishansong.activity.UpdateActivity",
            "cn.ishansong.activity.WebActivity",
            "cn.ishansong.activity.login.LoginActivity",
            "cn.ishansong.activity.login.RegisterActivity",
            "cn.ishansong.activity.order.HelpBuyOrderDetailActivity",
            "cn.ishansong.activity.order.OrderDetailActivity",
            "cn.ishansong.activity.order.OrderListActivity",
            "cn.ishansong.activity.order.SearchOrderActivity",
            "cn.ishansong.activity.user.UserActivity",
            "cn.ishansong.address.activity.AddressBookActivity",
            "cn.ishansong.address.activity.AddressEditActivity",
            "cn.ishansong.address.activity.AddressSearchActivity",
            "cn.ishansong.im.ui.ChatActivity",
            "cn.ishansong.im.ui.PrivacyAgreementDialog",
            "cn.ishansong.index.activity.MainActivity",
            "cn.ishansong.order.activity.OrderGoodsInfoActivity",
            "cn.ishansong.sample.IndicatorActivity",
            "cn.ishansong.sample.SampleActivity",
            "com.alipay.sdk.app.AlipayResultActivity",
            "com.alipay.sdk.app.H5AuthActivity",
            "com.alipay.sdk.app.H5PayActivity",
            "com.alipay.sdk.app.PayResultActivity",
            "com.blankj.utilcode.util.UtilsTransActivity",
            "com.blankj.utilcode.util.UtilsTransActivity4MainProcess",
            "com.geetest.onelogin.activity.OneLoginActivity",
            "com.geetest.onelogin.activity.OneLoginWebActivity",
            "com.igexin.sdk.GActivity",
            "com.igexin.sdk.GetuiActivity",
            "com.igexin.sdk.PushActivity",
            "com.ishansong.restructure.sdk.share.ui.WXEntryActivity",
            "com.ishansong.sdk.payment.cmb.CMBPayActivity",
            "com.ishansong.sdk.payment.wxpay.WxActivity",
            "com.luck.picture.lib.PictureExternalPreviewActivity",
            "com.luck.picture.lib.PicturePlayAudioActivity",
            "com.luck.picture.lib.PicturePreviewActivity",
            "com.luck.picture.lib.PictureSelectorActivity",
            "com.luck.picture.lib.PictureSelectorCameraEmptyActivity",
            "com.luck.picture.lib.PictureSelectorPreviewWeChatStyleActivity",
            "com.luck.picture.lib.PictureSelectorWeChatStyleActivity",
            "com.luck.picture.lib.PictureVideoPlayActivity",
            "com.sina.weibo.sdk.share.ShareChatActivity",
            "com.sina.weibo.sdk.share.ShareResultActivity",
            "com.sina.weibo.sdk.share.ShareStoryActivity",
            "com.sina.weibo.sdk.share.ShareTransActivity",
            "com.sina.weibo.sdk.web.WebActivity",
            "com.tencent.connect.common.AssistActivity",
            "com.tencent.tauth.AuthActivity",
            "com.yalantis.ucrop.PictureMultiCuttingActivity",
            "com.yalantis.ucrop.UCropActivity"
        ],
        "services": [
            "cn.ishansong.push.SSPushReceiverIntentService",
            "cn.ishansong.push.SSPushService",
            "cn.ishansong.service.AppService",
            "cn.ishansong.service.UpdateService",
            "com.baidu.location.f",
            "com.blankj.utilcode.util.MessengerUtils$ServerService",
            "com.getui.gtc.GtcService",
            "com.igexin.sdk.GService",
            "com.igexin.sdk.PushService",
            "com.ishansong.restructure.sdk.push.service.ISSSocketService"
        ],
        "receivers": [
            "cn.ishansong.receiver.AlarmClockReceiver",
            "cn.ishansong.receiver.ISSGTReceiver",
            "cn.ishansong.receiver.NotifyReceiver",
            "com.igexin.sdk.PushReceiver",
            "com.ishansong.sdk.sswebsocket.receiver.PushMessageReceiver"
        ]
    }
}