{
    "apk_name": "4A26E96D0A04134C7CD2D1A2AF28F9A4AD69775156D2C8A3FCBFBF2931A423D5",
    "sha256": "4a26e96d0a04134c7cd2d1a2af28f9a4ad69775156d2c8a3fcbfbf2931a423d5",
    "metadata": {
        "package_name": "com.pep.diandu",
        "version_code": "52501",
        "version_name": "5.2.501",
        "min_sdk": "19",
        "target_sdk": "32",
        "permissions": [
            "android.permission.ACCESS_COARSE_UPDATES",
            "android.permission.ACCESS_LOCATION_EXTRA_COMMANDS",
            "android.permission.ACCESS_NETWORK_STATE",
            "android.permission.ACCESS_NOTIFICATION_POLICY",
            "android.permission.ACCESS_WIFI_STATE",
            "android.permission.AUTHENTICATE_ACCOUNTS",
            "android.permission.BROADCAST_PACKAGE_ADDED",
            "android.permission.BROADCAST_PACKAGE_CHANGED",
            "android.permission.BROADCAST_PACKAGE_INSTALL",
            "android.permission.BROADCAST_PACKAGE_REPLACED",
            "android.permission.BROADCAST_STICKY",
            "android.permission.CAMERA",
            "android.permission.CHANGE_NETWORK_STATE",
            "android.permission.CHANGE_WIFI_STATE",
            "android.permission.DOWNLOAD_WITHOUT_NOTIFICATION",
            "android.permission.FLASHLIGHT",
            "android.permission.GET_TASKS",
            "android.permission.INTERNET",
            "android.permission.MANAGE_ACCOUNTS",
            "android.permission.MODIFY_AUDIO_SETTINGS",
            "android.permission.MOUNT_UNMOUNT_FILESYSTEMS",
            "android.permission.POST_NOTIFICATIONS",
            "android.permission.READ_EXTERNAL_STORAGE",
            "android.permission.READ_LOGS",
            "android.permission.READ_MEDIA_AUDIO",
            "android.permission.READ_MEDIA_IMAGES",
            "android.permission.READ_MEDIA_VIDEO",
            "android.permission.READ_PHONE_STATE",
            "android.permission.READ_PRIVILEGED_PHONE_STATE",
            "android.permission.RECORD_AUDIO",
            "android.permission.REQUEST_INSTALL_PACKAGES",
            "android.permission.USE_CREDENTIALS",
            "android.permission.VIBRATE",
            "android.permission.WAKE_LOCK",
            "android.permission.WRITE_EXTERNAL_STORAGE",
            "android.permission.WRITE_SETTINGS",
            "com.android.launcher.permission.READ_SETTINGS",
            "com.asus.msa.SupplementaryDID.ACCESS",
            "com.coloros.mcs.permission.RECIEVE_MCS_MESSAGE",
            "com.google.android.gms.permission.AD_ID",
            "com.heytap.mcs.permission.RECIEVE_MCS_MESSAGE",
            "com.huawei.android.launcher.permission.CHANGE_BADGE",
            "com.huawei.appmarket.service.commondata.permission.GET_COMMON_DATA",
            "com.meizu.c2dm.permission.RECEIVE",
            "com.meizu.flyme.permission.PUSH",
            "com.meizu.flyme.push.permission.RECEIVE",
            "com.pep.diandu.permission.C2D_MESSAGE",
            "com.pep.diandu.permission.MIPUSH_RECEIVE",
            "com.pep.diandu.permission.PROCESS_PUSH_MSG",
            "com.pep.diandu.permission.PUSH_PROVIDER",
            "com.pep.diandu.push.permission.MESSAGE",
            "com.vivo.notification.permission.BADGE_ICON",
            "freemme.permission.msa",
            "freemme.permission.msa.SECURITY_ACCESS"
        ],
        "activities": [
            "com.alibaba.sdk.android.feedback.impl.ErrorPageActivity",
            "com.alibaba.sdk.android.feedback.windvane.CustomHybirdActivity",
            "com.alipay.sdk.app.APayEntranceActivity",
            "com.alipay.sdk.app.AlipayResultActivity",
            "com.alipay.sdk.app.H5AuthActivity",
            "com.alipay.sdk.app.H5OpenAuthActivity",
            "com.alipay.sdk.app.H5PayActivity",
            "com.alipay.sdk.app.PayResultActivity",
            "com.huawei.hms.account.internal.ui.activity.AccountSignInHubActivity",
            "com.huawei.hms.activity.BridgeActivity",
            "com.huawei.hms.activity.EnableServiceActivity",
            "com.huawei.hms.hwid.internal.ui.activity.HwIdSignInHubActivity",
            "com.huawei.hms.support.api.push.TransActivity",
            "com.huawei.updatesdk.service.otaupdate.AppUpdateActivity",
            "com.huawei.updatesdk.support.pm.PackageInstallerActivity",
            "com.just.agentweb.ActionActivity",
            "com.luck.picture.lib.basic.PictureSelectorSupporterActivity",
            "com.luck.picture.lib.basic.PictureSelectorTransparentActivity",
            "com.mobile.auth.gatewayauth.LoginAuthActivity",
            "com.mobile.auth.gatewayauth.activity.AuthWebVeiwActivity",
            "com.pep.diandu.answer.CourseAnswerCollectActivity",
            "com.pep.diandu.answer.CourseAnswerPDFViewActivity",
            "com.pep.diandu.answer.CourseAnswerSearchActivity",
            "com.pep.diandu.audio.AudioPalyContentH5Activity",
            "com.pep.diandu.audio.AudioPlayBehindSecretActivity",
            "com.pep.diandu.audio.AudioPlayCommonActivity",
            "com.pep.diandu.audio.AudioPlayCommonTabActivity",
            "com.pep.diandu.audio.AudioPlayLearningTargetActivity",
            "com.pep.diandu.audio.AudioPlayPoetryActivity",
            "com.pep.diandu.audio.base.BaseAudioPlayActivity",
            "com.pep.diandu.charactervideo.ChineseCharacterCollectActivity",
            "com.pep.diandu.charactervideo.ChineseCharacterDetailActivity",
            "com.pep.diandu.charactervideo.ChineseCharacterListActivity",
            "com.pep.diandu.childbook.ChildBookAssistTypeDetailActivity",
            "com.pep.diandu.chinese.ChineseChallengeActivity",
            "com.pep.diandu.chinese.ChineseRYTActivity",
            "com.pep.diandu.chinese.ChineseTeachActivity",
            "com.pep.diandu.chinese.ChineseWordCollectionActivity",
            "com.pep.diandu.chinese.ChineseWordGradeListActivity",
            "com.pep.diandu.chinese.ChineseWordReadListActivity",
            "com.pep.diandu.chinese.ChineseWordWriteListActivity",
            "com.pep.diandu.common.activity.MipushActivity",
            "com.pep.diandu.common.activity.TipsDialogActivity",
            "com.pep.diandu.common.activity.VideoPlayActivity",
            "com.pep.diandu.common.activity.VoiceEvaluationUploadActivity",
            "com.pep.diandu.common.web.WebActivity",
            "com.pep.diandu.dialog.UMengShareFakeDialog",
            "com.pep.diandu.english.EnglishWordCardActivity",
            "com.pep.diandu.english.EnglishWordExerciseActivity",
            "com.pep.diandu.english.EnglishWordExerciseReadActivity",
            "com.pep.diandu.english.EnglishWordExerciseWriteActivity",
            "com.pep.diandu.english.EnglishWordFeedbackDialogActivity",
            "com.pep.diandu.english.EnglishWordListenerActivity",
            "com.pep.diandu.english.EnglishWordVersionGradeActivity",
            "com.pep.diandu.english.EnglishWordVersionListActivity",
            "com.pep.diandu.english.EnglishWordVersionUnitActivity",
            "com.pep.diandu.expend.BookExpandMainActivity",
            "com.pep.diandu.expend.BookExpendDetailActivity",
            "com.pep.diandu.imgselect.ImageEditActivity",
            "com.pep.diandu.imgselect.ImagePreviewActivity",
            "com.pep.diandu.imgselect.ImageSelectorActivity",
            "com.pep.diandu.login.LoginMainActivity",
            "com.pep.diandu.login.LoginPasswordSetActivity",
            "com.pep.diandu.login.PhoneCodeInputActivity",
            "com.pep.diandu.login.PhoneNumberBindActivity",
            "com.pep.diandu.main.BookOutsideReadActivity",
            "com.pep.diandu.main.BookTeachingAssistantActivity",
            "com.pep.diandu.main.BookTeachingMaterialActivity",
            "com.pep.diandu.main.MainActivity",
            "com.pep.diandu.main.SplashActivity",
            "com.pep.diandu.math.MathKnowledgeAnswerActivity",
            "com.pep.diandu.math.MathKnowledgeExplainDetailActivity",
            "com.pep.diandu.math.MathKnowledgeExplainListActivity",
            "com.pep.diandu.math.MathKnowledgeExplainResultActivity",
            "com.pep.diandu.math.MathPracticeComplexActivity",
            "com.pep.diandu.math.MathPracticeExampleActivity",
            "com.pep.diandu.math.MathPracticeMainActivity",
            "com.pep.diandu.math.MathPracticeResultActivity",
            "com.pep.diandu.math.MathTeachJJMainActivity",
            "com.pep.diandu.math.MathTeachJXDetailActivity",
            "com.pep.diandu.math.MathTeachJXMainActivity",
            "com.pep.diandu.math.MathVideoListActivity",
            "com.pep.diandu.me.AuthActivity",
            "com.pep.diandu.me.SettingActivity",
            "com.pep.diandu.music.MusicVideoMainActivity",
            "com.pep.diandu.music.MusicVideoPlayerActivity",
            "com.pep.diandu.order.CouponListActivity",
            "com.pep.diandu.order.CouponSelectActivity",
            "com.pep.diandu.order.OrderCheckActivity",
            "com.pep.diandu.order.OrderConfirmActivity",
            "com.pep.diandu.order.OrderListActivity",
            "com.pep.diandu.order.ProductListActivity",
            "com.pep.diandu.order.QRCodePayActivity",
            "com.pep.diandu.poetry.PoetryAppreciateActivity",
            "com.pep.diandu.poetry.PoetryMainListActivity",
            "com.pep.diandu.poetry.PoetryPlayActivity",
            "com.pep.diandu.poetry.PoetrySearchListActivity",
            "com.pep.diandu.sport.SportAssistPlayDetailActivity",
            "com.pep.diandu.sport.SportAssistTypeDetailActivity",
            "com.pep.diandu.study.StudyBookActivity",
            "com.pep.diandu.study.StudyCalendarActivity",
            "com.pep.diandu.study.StudyReportDetailActivity",
            "com.pep.diandu.study.StudyReportMainActivity",
            "com.pep.diandu.study.StudyTimeListActivity",
            "com.pep.diandu.study.StudyToolListActivity",
            "com.pep.diandu.wxapi.WXEntryActivity",
            "com.pep.diandu.wxapi.WXPayEntryActivity",
            "com.qiyukf.uikit.common.media.picker.activity.PickerAlbumActivity",
            "com.qiyukf.uikit.common.media.picker.activity.PickerAlbumPreviewActivity",
            "com.qiyukf.uikit.common.media.picker.activity.PreviewImageFromCameraActivity",
            "com.qiyukf.uikit.session.activity.CaptureVideoActivity",
            "com.qiyukf.uikit.session.activity.PickImageActivity",
            "com.qiyukf.uikit.session.activity.WatchMessagePictureActivity",
            "com.qiyukf.uikit.session.activity.WatchVideoActivity",
            "com.qiyukf.unicorn.fileselect.ui.activity.FilePickerActivity",
            "com.qiyukf.unicorn.mediaselect.internal.ui.activity.AlbumPreviewActivity",
            "com.qiyukf.unicorn.mediaselect.internal.ui.activity.MatisseActivity",
            "com.qiyukf.unicorn.mediaselect.internal.ui.activity.SelectedPreviewActivity",
            "com.qiyukf.unicorn.ui.activity.CardPopupActivity",
            "com.qiyukf.unicorn.ui.activity.FileDownloadActivity",
            "com.qiyukf.unicorn.ui.activity.LeaveMessageActivity",
            "com.qiyukf.unicorn.ui.activity.LeaveMsgCustomFieldMenuActivity",
            "com.qiyukf.unicorn.ui.activity.ServiceMessageActivity",
            "com.qiyukf.unicorn.ui.activity.UrlImagePreviewActivity",
            "com.qiyukf.unicorn.ui.activity.UserWorkSheetListActivity",
            "com.qiyukf.unicorn.ui.activity.WatchPictureActivity",
            "com.qiyukf.unicorn.ui.activity.WorkSheetAttachListActivity",
            "com.qiyukf.unicorn.ui.activity.WorkSheetDetailActivity",
            "com.qiyukf.unicorn.ui.activity.WorkSheetImagePreviewActivity",
            "com.rjsz.frame.diandu.activity.MathVideoListActivity",
            "com.rjsz.frame.diandu.activity.PRPlayerActivity",
            "com.rjsz.frame.diandu.activity.PRViewActivity",
            "com.rjsz.frame.diandu.evaluate.EvaluateActivityHD",
            "com.rjsz.frame.diandu.evaluate.EvaluateGroupActivity",
            "com.rjsz.frame.diandu.evaluate.EvaluateGuideActivity",
            "com.rjsz.frame.diandu.evaluate.ShareActivity",
            "com.rjsz.frame.diandu.evaluate2.EvaluateDetailActivity",
            "com.rjsz.frame.diandu.evaluate2.EvaluateDirectoryActivity",
            "com.rjsz.frame.diandu.evaluate2.EvaluateTypeHintActivity",
            "com.rjsz.frame.diandu.webview.RJBaseWebViewActivity",
            "com.tencent.connect.common.AssistActivity",
            "com.tencent.tauth.AuthActivity",
            "com.theartofdev.edmodo.cropper.CropImageActivity",
            "com.umeng.message.component.UmengNotificationClickActivity",
            "com.umeng.message.notify.UPushMessageNotifyActivity",
            "com.xiaomi.mipush.sdk.NotificationClickedActivity",
            "com.yalantis.ucrop.UCropActivity",
            "com.yalantis.ucrop.UCropMultipleActivity"
        ],
        "services": [
            "com.heytap.msp.push.service.CompatibleDataMessageCallbackService",
            "com.heytap.msp.push.service.DataMessageCallbackService",
            "com.huawei.agconnect.core.ServiceDiscovery",
            "com.huawei.hms.support.api.push.service.HmsMsgService",
            "com.luck.picture.lib.service.ForegroundService",
            "com.meizu.cloud.pushsdk.NotificationService",
            "com.qiyukf.module.log.UploadPulseService",
            "com.qiyukf.nimlib.service.NimService",
            "com.qiyukf.nimlib.service.NimService$Aux",
            "com.qiyukf.nimlib.service.ResponseService",
            "com.taobao.accs.ChannelService",
            "com.taobao.accs.ChannelService$KernelService",
            "com.taobao.accs.data.MsgDistributeService",
            "com.taobao.accs.internal.AccsJobService",
            "com.umeng.message.UmengIntentService",
            "com.umeng.message.component.UmengIntentService",
            "com.umeng.message.component.UmengMessageHandlerService",
            "com.umeng.message.component.UmengMessageReceiverService",
            "com.vivo.push.sdk.service.CommandClientService",
            "com.xiaomi.mipush.sdk.MessageHandleService",
            "com.xiaomi.mipush.sdk.PushMessageHandler",
            "com.xiaomi.push.service.XMJobService",
            "com.xiaomi.push.service.XMPushService",
            "org.android.agoo.accs.AgooService",
            "org.android.agoo.huawei.HuaweiRcvService"
        ],
        "receivers": [
            "com.huawei.hms.support.api.push.PushMsgReceiver",
            "com.huawei.hms.support.api.push.PushReceiver",
            "com.meizu.cloud.pushsdk.MzPushSystemReceiver",
            "com.qiyukf.nimlib.service.ResponseReceiver",
            "com.taobao.accs.ServiceReceiver",
            "com.taobao.agoo.AgooCommondReceiver",
            "com.umeng.message.component.UmengNotificationReceiver",
            "com.xiaomi.push.service.receivers.PingReceiver",
            "org.android.agoo.vivo.PushMessageReceiverImpl",
            "org.android.agoo.xiaomi.MiPushBroadcastReceiver"
        ]
    },
    "stats": {
        "dex_count": 1,
        "native_lib_count": 54
    },
    "jadx": {
        "status": "ok",
        "duration_sec": 3.74,
        "sources_present": true,
        "java_file_count": 5
    },
    "ast_analysis": {
        "location": 0,
        "microphone": 0,
        "camera": 0,
        "media_projection": 0,
        "dynamic_load": 0,
        "jni": 1
    },
    "analysis_state": "complete"
}