{
    "apk_name": "8F3F3DEB435B526FFECA544EA1099FA384CBD9A4CA6ED3C69AE87BEAFA24974E",
    "sha256": "8f3f3deb435b526ffeca544ea1099fa384cbd9a4ca6ed3c69ae87beafa24974e",
    "metadata": {
        "package_name": "com.promobitech.oneteam",
        "version_code": "62",
        "version_name": "5.20.0.101",
        "min_sdk": "17",
        "target_sdk": "31",
        "permissions": [
            "android.permission.ACCESS_BACKGROUND_LOCATION",
            "android.permission.ACCESS_COARSE_LOCATION",
            "android.permission.ACCESS_FINE_LOCATION",
            "android.permission.ACCESS_NETWORK_STATE",
            "android.permission.ACCESS_WIFI_STATE",
            "android.permission.BLUETOOTH",
            "android.permission.CAMERA",
            "android.permission.DOWNLOAD_WITHOUT_NOTIFICATION",
            "android.permission.FOREGROUND_SERVICE",
            "android.permission.INTERNET",
            "android.permission.MODIFY_AUDIO_SETTINGS",
            "android.permission.READ_CONTACTS",
            "android.permission.READ_EXTERNAL_STORAGE",
            "android.permission.RECEIVE_BOOT_COMPLETED",
            "android.permission.RECORD_AUDIO",
            "android.permission.SCHEDULE_EXACT_ALARM",
            "android.permission.SYSTEM_ALERT_WINDOW",
            "android.permission.USE_FULL_SCREEN_INTENT",
            "android.permission.VIBRATE",
            "android.permission.WAKE_LOCK",
            "android.permission.WRITE_CONTACTS",
            "android.permission.WRITE_EXTERNAL_STORAGE",
            "com.google.android.c2dm.permission.RECEIVE",
            "com.google.android.finsky.permission.BIND_GET_INSTALL_REFERRER_SERVICE",
            "com.mdm.info.READ",
            "com.promobitech.mobilock.pro.permission.LAUNCH_MOBILOCK_BROWSER",
            "com.promobitech.mobilock.pro.permission.READ_WRITE_DATA"
        ],
        "activities": [
            "com.google.android.gms.auth.api.signin.internal.SignInHubActivity",
            "com.google.android.gms.common.api.GoogleApiActivity",
            "com.journeyapps.barcodescanner.CaptureActivity",
            "com.promobitech.oneteam.accounts.AppErrorActivity",
            "com.promobitech.oneteam.accounts.AuthDiscoveryActivity",
            "com.promobitech.oneteam.accounts.StandaloneOnBoardingActivity",
            "com.promobitech.oneteam.auth.AccountSetupActivity",
            "com.promobitech.oneteam.call.voip.VideoCallActivity",
            "com.promobitech.oneteam.location.ui.OntLocationSettingActivity",
            "com.promobitech.oneteam.newsfeed.ui.NewsFeedActivity",
            "com.promobitech.oneteam.newsfeed.ui.PostAttachmentActivity",
            "com.promobitech.oneteam.ptt.ui.PttSosActivity",
            "com.promobitech.oneteam.ptt.ui.SafetyCheckActivity",
            "com.promobitech.oneteam.ptt.utils.ConfigureKeyActivity",
            "com.promobitech.oneteam.ui.ImagePreviewActivity",
            "com.promobitech.oneteam.ui.ImageViewingActivity",
            "com.promobitech.oneteam.ui.MessengerActivity",
            "com.promobitech.oneteam.ui.StartActivity",
            "com.promobitech.oneteam.ui.VideoPlayActivity",
            "com.promobitech.oneteam.ui.call.CallActivity",
            "com.promobitech.oneteam.ui.contact.AdminContactsActivity",
            "com.promobitech.oneteam.ui.contact.ContactDetailsActivity",
            "com.promobitech.oneteam.ui.contact.DeviceContactsActivity",
            "com.promobitech.oneteam.ui.contact.LocalContactActivity",
            "com.promobitech.oneteam.ui.conversation.ConversationActivity",
            "com.promobitech.oneteam.ui.conversation.ConversationSearchActivity",
            "com.promobitech.oneteam.ui.conversation.DevicesAdminsListActivity",
            "com.promobitech.oneteam.ui.conversation.media.ConversionMediaActivity",
            "com.promobitech.oneteam.ui.conversation.messageinfo.EvaMessageInfoActivity",
            "com.promobitech.oneteam.ui.device_info.DeviceInfoActivity",
            "com.promobitech.oneteam.ui.dialercontact.DialerCallActivity",
            "com.promobitech.oneteam.ui.dialercontact.DialerPadActivity",
            "com.promobitech.oneteam.ui.dialercontact.PickContactActivity",
            "com.promobitech.oneteam.ui.dialercontact.conference.InCallActivity",
            "com.promobitech.oneteam.ui.dialercontact.conference.ManageConferenceCallsActivity",
            "com.promobitech.oneteam.ui.flagged.FlaggedMessagesActivity",
            "com.promobitech.oneteam.ui.groupinfo.ConversationInfoActivity",
            "com.promobitech.oneteam.ui.map.CurrentLocationActivity",
            "com.promobitech.oneteam.ui.onboarding.OnBoardingActivity",
            "com.promobitech.oneteam.ui.permissions.PermissionValidatorActivity",
            "com.promobitech.oneteam.ui.permissions.ui.SystemOverlayPermissionActivity",
            "com.promobitech.oneteam.ui.profile.EvaProfileActivity",
            "com.promobitech.oneteam.ui.settings.AboutActivity",
            "com.promobitech.oneteam.ui.settings.SettingActivity",
            "com.promobitech.oneteam.ui.share.ShareHandlingActivity",
            "com.promobitech.oneteam.ui.share.ShareToContactActivity",
            "com.promobitech.oneteam.ui.updateapp.AppUpdateActivity",
            "com.promobitech.oneteam.ui.updateapp.BootSetupActivity",
            "com.promobitech.oneteam.usershift.ui.ShiftActivity",
            "com.promobitech.oneteam.usershift.ui.UserShiftActivity",
            "com.promobitech.oneteam.util.OntRestartProcess",
            "com.yalantis.ucrop.UCropActivity",
            "net.openid.appauth.AuthorizationManagementActivity",
            "net.openid.appauth.RedirectUriReceiverActivity"
        ],
        "services": [
            "androidx.room.MultiInstanceInvalidationService",
            "androidx.work.impl.background.systemalarm.SystemAlarmService",
            "androidx.work.impl.background.systemjob.SystemJobService",
            "androidx.work.impl.foreground.SystemForegroundService",
            "com.google.android.datatransport.runtime.backends.TransportBackendDiscovery",
            "com.google.android.datatransport.runtime.scheduling.jobscheduling.JobInfoSchedulerService",
            "com.google.android.gms.auth.api.signin.RevocationBoundService",
            "com.google.android.gms.measurement.AppMeasurementJobService",
            "com.google.android.gms.measurement.AppMeasurementService",
            "com.google.firebase.components.ComponentDiscoveryService",
            "com.google.firebase.messaging.FirebaseMessagingService",
            "com.promobitech.oneteam.accounts.EvaAutoLoginService",
            "com.promobitech.oneteam.firebase.FirebaseService",
            "com.promobitech.oneteam.im.EvaMessagingService",
            "com.promobitech.oneteam.im.StandAloneEvaMessagingService",
            "com.promobitech.oneteam.location.ActivityRecognitionService",
            "me.pushy.sdk.services.PushyJobService",
            "me.pushy.sdk.services.PushySocketService",
            "top.oply.opuslib.OpusService"
        ],
        "receivers": [
            "androidx.work.impl.background.systemalarm.ConstraintProxy$BatteryChargingProxy",
            "androidx.work.impl.background.systemalarm.ConstraintProxy$BatteryNotLowProxy",
            "androidx.work.impl.background.systemalarm.ConstraintProxy$NetworkStateProxy",
            "androidx.work.impl.background.systemalarm.ConstraintProxy$StorageNotLowProxy",
            "androidx.work.impl.background.systemalarm.ConstraintProxyUpdateReceiver",
            "androidx.work.impl.background.systemalarm.RescheduleReceiver",
            "androidx.work.impl.diagnostics.DiagnosticsReceiver",
            "androidx.work.impl.utils.ForceStopRunnable$BroadcastReceiver",
            "com.google.android.datatransport.runtime.scheduling.jobscheduling.AlarmManagerSchedulerBroadcastReceiver",
            "com.google.android.gms.measurement.AppMeasurementReceiver",
            "com.google.firebase.iid.FirebaseInstanceIdReceiver",
            "com.promobitech.oneteam.accounts.UserSocketClosedReceiver",
            "com.promobitech.oneteam.dialercontact.EvaPhoneActionsListener",
            "com.promobitech.oneteam.download_update.EvaAppUpgradeReceiver",
            "com.promobitech.oneteam.download_update.EvaInstallStatusReceiver",
            "com.promobitech.oneteam.im.BootCompletedReceiver",
            "com.promobitech.oneteam.location.ui.OntLocationSettingReceiver",
            "com.promobitech.oneteam.logging.ExternalStorageLogCompleteReceiver",
            "com.promobitech.oneteam.ptt.receivers.PTTScreenActionReceiver",
            "com.promobitech.oneteam.ptt.receivers.SancharKeyReceiver",
            "com.promobitech.oneteam.ptt.utils.PointMobileEventReceiver",
            "com.promobitech.oneteam.ptt.utils.PttKeyReceiver",
            "com.promobitech.oneteam.push.providers.pushy.PushyPushReceiver",
            "com.promobitech.oneteam.receivers.SetupEnvironmentReceiver",
            "com.promobitech.oneteam.usershift.UserScheduleReceivers",
            "me.pushy.sdk.receivers.PushyBootReceiver",
            "me.pushy.sdk.receivers.PushyUpdateReceiver"
        ],
        "permission_details": {
            "android.permission.ACCESS_BACKGROUND_LOCATION": "dangerous",
            "android.permission.ACCESS_COARSE_LOCATION": "dangerous",
            "android.permission.ACCESS_FINE_LOCATION": "dangerous",
            "android.permission.ACCESS_NETWORK_STATE": "normal",
            "android.permission.ACCESS_WIFI_STATE": "normal",
            "android.permission.BLUETOOTH": "normal",
            "android.permission.CAMERA": "dangerous",
            "android.permission.DOWNLOAD_WITHOUT_NOTIFICATION": "unknown",
            "android.permission.FOREGROUND_SERVICE": "normal",
            "android.permission.INTERNET": "normal",
            "android.permission.MODIFY_AUDIO_SETTINGS": "normal",
            "android.permission.READ_CONTACTS": "dangerous",
            "android.permission.READ_EXTERNAL_STORAGE": "dangerous",
            "android.permission.RECEIVE_BOOT_COMPLETED": "normal",
            "android.permission.RECORD_AUDIO": "dangerous",
            "android.permission.SCHEDULE_EXACT_ALARM": "signature",
            "android.permission.SYSTEM_ALERT_WINDOW": "signature",
            "android.permission.USE_FULL_SCREEN_INTENT": "normal",
            "android.permission.VIBRATE": "normal",
            "android.permission.WAKE_LOCK": "normal",
            "android.permission.WRITE_CONTACTS": "dangerous",
            "android.permission.WRITE_EXTERNAL_STORAGE": "dangerous",
            "com.google.android.c2dm.permission.RECEIVE": "unknown",
            "com.google.android.finsky.permission.BIND_GET_INSTALL_REFERRER_SERVICE": "unknown",
            "com.mdm.info.READ": "unknown",
            "com.promobitech.mobilock.pro.permission.LAUNCH_MOBILOCK_BROWSER": "unknown",
            "com.promobitech.mobilock.pro.permission.READ_WRITE_DATA": "unknown"
        },
        "risk_counts": {
            "dangerous": 9,
            "normal": 10,
            "unknown": 6,
            "signature": 2
        }
    },
    "stats": {
        "dex_count": 3,
        "native_lib_count": 32
    },
    "jadx": {
        "status": "ok",
        "duration_sec": 37.48,
        "sources_present": true,
        "java_file_count": 8417
    },
    "ast_analysis": {
        "location": 13,
        "microphone": 9,
        "camera": 62,
        "media_projection": 4,
        "dynamic_load": 0,
        "jni": 9
    },
    "analysis_state": "complete"
}