{
    "apk_name": "224F9F7096D583E11200C3668ED546DE956FFEB1A57762BE256AE01D1064C4B3",
    "sha256": "224f9f7096d583e11200c3668ed546de956ffeb1a57762be256ae01d1064c4b3",
    "metadata": {
        "package_name": "com.priori.pappsales",
        "version_code": "207",
        "version_name": "2.13.1",
        "min_sdk": "22",
        "target_sdk": "33",
        "permissions": [
            "android.permission.ACCESS_COARSE_LOCATION",
            "android.permission.ACCESS_FINE_LOCATION",
            "android.permission.ACCESS_NETWORK_STATE",
            "android.permission.ACCESS_WIFI_STATE",
            "android.permission.CAMERA",
            "android.permission.INTERNET",
            "android.permission.READ_EXTERNAL_STORAGE",
            "android.permission.WRITE_EXTERNAL_STORAGE"
        ],
        "activities": [
            "com.google.android.gms.common.api.GoogleApiActivity",
            "crc646957603ea1820544.MediaPickerActivity",
            "crc64a0e0a82d0db9a07d.IntermediateActivity",
            "crc64a0e0a82d0db9a07d.WebAuthenticatorIntermediateActivity",
            "crc64dce26b8d836f5784.MainActivity",
            "crc64dce26b8d836f5784.SplashActivity"
        ],
        "services": [
            "crc64396a3fe5f8138e3f.KeepAliveService"
        ],
        "receivers": [
            "crc643f46942d9dd1fff9.PowerSaveModeBroadcastReceiver",
            "crc64a0e0a82d0db9a07d.BatteryBroadcastReceiver",
            "crc64a0e0a82d0db9a07d.ConnectivityBroadcastReceiver",
            "crc64a0e0a82d0db9a07d.EnergySaverBroadcastReceiver",
            "crc64cea48322b3427ae9.ConnectivityChangeBroadcastReceiver"
        ],
        "permission_details": {
            "android.permission.ACCESS_COARSE_LOCATION": "dangerous",
            "android.permission.ACCESS_FINE_LOCATION": "dangerous",
            "android.permission.ACCESS_NETWORK_STATE": "normal",
            "android.permission.ACCESS_WIFI_STATE": "normal",
            "android.permission.CAMERA": "dangerous",
            "android.permission.INTERNET": "normal",
            "android.permission.READ_EXTERNAL_STORAGE": "dangerous",
            "android.permission.WRITE_EXTERNAL_STORAGE": "dangerous"
        },
        "risk_counts": {
            "dangerous": 5,
            "normal": 3
        }
    },
    "stats": {
        "dex_count": 2,
        "native_lib_count": 28
    },
    "jadx": {
        "status": "ok",
        "duration_sec": 24.11,
        "sources_present": true,
        "java_file_count": 4009
    },
    "ast_analysis": {
        "location": 9,
        "microphone": 0,
        "camera": 3,
        "media_projection": 0,
        "dynamic_load": 0,
        "jni": 6
    },
    "analysis_state": "complete"
}