{
    "apk_name": "50DDBDD41C73F36B1FDC5799C67F6F9E28730FCE2FE23CC3097C00E22537526C",
    "sha256": "50ddbdd41c73f36b1fdc5799c67f6f9e28730fce2fe23cc3097c00e22537526c",
    "metadata": {
        "package_name": "com.jzjy.ykt",
        "version_code": "146",
        "version_name": "5.4.5",
        "min_sdk": "19",
        "target_sdk": "32",
        "permissions": [
            "android.permission.ACCESS_NETWORK_STATE",
            "android.permission.ACCESS_WIFI_STATE",
            "android.permission.BLUETOOTH",
            "android.permission.CAMERA",
            "android.permission.CHANGE_NETWORK_STATE",
            "android.permission.CHANGE_WIFI_STATE",
            "android.permission.FOREGROUND_SERVICE",
            "android.permission.INTERNET",
            "android.permission.MODIFY_AUDIO_SETTINGS",
            "android.permission.POST_NOTIFICATIONS",
            "android.permission.READ_EXTERNAL_STORAGE",
            "android.permission.READ_PHONE_STATE",
            "android.permission.RECORD_AUDIO",
            "android.permission.REQUEST_INSTALL_PACKAGES",
            "android.permission.VIBRATE",
            "android.permission.WAKE_LOCK",
            "android.permission.WRITE_EXTERNAL_STORAGE",
            "com.google.android.gms.permission.AD_ID",
            "com.huawei.android.launcher.permission.CHANGE_BADGE",
            "com.jzjy.debug",
            "com.jzjy.ykt.DYNAMIC_RECEIVER_NOT_EXPORTED_PERMISSION",
            "com.jzjy.ykt.permission.MIPUSH_RECEIVE",
            "com.jzjy.ykt.permission.PROCESS_PUSH_MSG",
            "com.jzjy.ykt.permission.PUSH_PROVIDER",
            "com.vivo.notification.permission.BADGE_ICON"
        ],
        "activities": [
            "com.alipay.sdk.app.APayEntranceActivity",
            "com.alipay.sdk.app.AlipayResultActivity",
            "com.alipay.sdk.app.H5AuthActivity",
            "com.alipay.sdk.app.H5OpenAuthActivity",
            "com.alipay.sdk.app.H5PayActivity",
            "com.alipay.sdk.app.PayResultActivity",
            "com.huawei.hms.activity.BridgeActivity",
            "com.huawei.hms.activity.EnableServiceActivity",
            "com.huawei.hms.hmsscankit.ScanKitActivity",
            "com.huawei.hms.support.api.push.TransActivity",
            "com.jzjy.find.ui.FindPlayerActivity",
            "com.jzjy.fixing.ui.FixingActivity",
            "com.jzjy.fixing.ui.StartSafeModeActivity",
            "com.jzjy.ykt.login.ui.collect.CollectUserInfoActivity",
            "com.jzjy.ykt.login.ui.jumpWeiChat.JumpWeiChatActivity",
            "com.jzjy.ykt.login.ui.login.LoginActivity",
            "com.jzjy.ykt.login.ui.passwordforget.PasswordForgetActivity",
            "com.jzjy.ykt.login.ui.setpwd.SetPwdActivity",
            "com.jzjy.ykt.main.ui.main.MainActivity",
            "com.jzjy.ykt.main.ui.startup.StartUpActivity",
            "com.jzjy.ykt.message.ui.NotificationManagerActivity",
            "com.jzjy.ykt.message.ui.NotificationMessageActivity",
            "com.jzjy.ykt.shop.ui.coupon.CouponHistoryListActivity",
            "com.jzjy.ykt.shop.ui.coupon.CouponListActivity",
            "com.jzjy.ykt.shop.ui.withdraw.WithdrawActivity",
            "com.jzjy.ykt.shop.ui.withdraw.WithdrawResultActivity",
            "com.jzjy.ykt.study.ui.aicourse.AiChapterDetailyActivity",
            "com.jzjy.ykt.study.ui.aicourse.AiCourseDetailActivity",
            "com.jzjy.ykt.study.ui.aicourse.AiCourseDownloadActivity",
            "com.jzjy.ykt.study.ui.aicourse.AiLessonDownloadedActivity",
            "com.jzjy.ykt.study.ui.calendar.CalendarActivity",
            "com.jzjy.ykt.study.ui.course.CourseDetailActivity",
            "com.jzjy.ykt.study.ui.curriculum.CurriculumActivity",
            "com.jzjy.ykt.study.ui.doc.DocActivity",
            "com.jzjy.ykt.study.ui.doc.PicPreviewActivity",
            "com.jzjy.ykt.study.ui.evaluation.EvaluationActivity",
            "com.jzjy.ykt.study.ui.evaluation.LessonEvaluationActivity",
            "com.jzjy.ykt.study.ui.homework.HomeworkListActivity",
            "com.jzjy.ykt.study.ui.leave.LeaveActivity",
            "com.jzjy.ykt.study.ui.leave.lesson.LeaveLessonActivity",
            "com.jzjy.ykt.study.ui.lesson.LessonDetailActivity",
            "com.jzjy.ykt.study.ui.lessondownload.downloaded.LessonDownloadedActivity",
            "com.jzjy.ykt.study.ui.lessondownload.downloading.LessonDownloadingActivity",
            "com.jzjy.ykt.study.ui.lessondownload.list.LessonDownloadActivity",
            "com.jzjy.ykt.study.ui.lessondownload.manager.LessonDownloadManagerActivity",
            "com.jzjy.ykt.study.ui.mark.CourseMarkActivity",
            "com.jzjy.ykt.study.ui.material.LessonMaterialActivity",
            "com.jzjy.ykt.study.ui.material.MaterialListActivity",
            "com.jzjy.ykt.study.ui.materialdownload.LessonMaterialDownloadedActivity",
            "com.jzjy.ykt.study.ui.mp3.Mp3PlayerActivity",
            "com.jzjy.ykt.study.ui.packagecourse.PackageCourseDetailActivity",
            "com.jzjy.ykt.study.ui.packagecourse.PackageCouseDownloadActivity",
            "com.jzjy.ykt.study.ui.report.LessonReportActivity",
            "com.jzjy.ykt.study.ui.report.ReportListActivity",
            "com.jzjy.ykt.user.ui.assist.AssistTeacherActivity",
            "com.jzjy.ykt.user.ui.feedback.FeedbackActivity",
            "com.jzjy.ykt.user.ui.mine.ScanQRCodeActivity",
            "com.jzjy.ykt.user.ui.personal.ClipHeaderActivity",
            "com.jzjy.ykt.user.ui.personal.NameModifyActivity",
            "com.jzjy.ykt.user.ui.personal.NickNameModifyActivity",
            "com.jzjy.ykt.user.ui.personal.PersonalAvatarActivity",
            "com.jzjy.ykt.user.ui.personal.PersonalInfoEditActivity",
            "com.jzjy.ykt.user.ui.personal.SchoolModifyActivity",
            "com.jzjy.ykt.user.ui.setting.AboutActivity",
            "com.jzjy.ykt.user.ui.setting.AccountSafeActivity",
            "com.jzjy.ykt.user.ui.setting.AppInfoActivity",
            "com.jzjy.ykt.user.ui.setting.NetworkTestActivity",
            "com.jzjy.ykt.user.ui.setting.PasswordModifyActivity",
            "com.jzjy.ykt.user.ui.setting.PasswordResetActivity",
            "com.jzjy.ykt.user.ui.setting.PhoneModifyActivity",
            "com.jzjy.ykt.user.ui.setting.SetPasswordActivity",
            "com.jzjy.ykt.user.ui.setting.SettingActivity",
            "com.jzjy.ykt.user.ui.setting.cancellation.UserCancellationActivity",
            "com.jzjy.ykt.web.WebViewActivity",
            "com.jzjy.ykt.web.player.WebPlayerActivity",
            "com.jzjy.ykt.wxapi.WXEntryActivity",
            "com.jzjy.ykt.yan.live.ui.live.YanLiveActivity",
            "com.jzjy.ykt.yan.live.ui.pb.YanPlayBackWebActivity",
            "com.jzjy.ykt.yan.pb.ui.YanPlaybackActivity",
            "com.mobile.auth.gatewayauth.LoginAuthActivity",
            "com.mobile.auth.gatewayauth.PrivacyDialogActivity",
            "com.mobile.auth.gatewayauth.activity.AuthWebVeiwActivity",
            "com.tencent.connect.common.AssistActivity",
            "com.tencent.tauth.AuthActivity",
            "com.umeng.message.component.UmengNotificationClickActivity",
            "com.umeng.message.notify.UPushMessageNotifyActivity",
            "com.xiaomi.mipush.sdk.NotificationClickedActivity",
            "com.ykt.ai.components.AiComponentsPlayerActivity",
            "com.ykt.ai.components.QuestionDetailyActivity",
            "com.ykt.ai.components.ask.AskActivity",
            "com.ykt.ai.video.AiCoursePlayActivity",
            "com.ykt.ai.video.VideoPlayerActivity"
        ],
        "services": [
            "androidx.room.MultiInstanceInvalidationService",
            "com.huawei.agconnect.core.ServiceDiscovery",
            "com.huawei.hms.support.api.push.service.HmsMsgService",
            "com.jzjy.ykt.study.ui.lessondownload.CustomDownloadService",
            "com.taobao.accs.ChannelService",
            "com.taobao.accs.ChannelService$KernelService",
            "com.taobao.accs.data.MsgDistributeService",
            "com.taobao.sophix.aidl.DownloadService",
            "com.tencent.smtt.export.external.DexClassLoaderProviderService",
            "com.umeng.message.component.UmengIntentService",
            "com.umeng.message.component.UmengMessageHandlerService",
            "com.umeng.message.component.UmengMessageReceiverService",
            "com.xiaomi.mipush.sdk.MessageHandleService",
            "com.xiaomi.mipush.sdk.PushMessageHandler",
            "com.xiaomi.push.service.XMJobService",
            "com.xiaomi.push.service.XMPushService",
            "org.android.agoo.accs.AgooService",
            "org.android.agoo.huawei.HuaweiRcvService"
        ],
        "receivers": [
            "com.huawei.hms.support.api.push.PushMsgReceiver",
            "com.huawei.hms.support.api.push.PushReceiver",
            "com.taobao.accs.ServiceReceiver",
            "com.umeng.message.component.UmengNotificationReceiver",
            "com.xiaomi.push.service.receivers.PingReceiver",
            "org.android.agoo.xiaomi.MiPushBroadcastReceiver"
        ]
    },
    "stats": {
        "dex_count": 1,
        "native_lib_count": 56
    },
    "jadx": {
        "status": "ok",
        "duration_sec": 2.67,
        "sources_present": true,
        "java_file_count": 6
    },
    "ast_analysis": {
        "location": 0,
        "microphone": 0,
        "camera": 2,
        "media_projection": 0,
        "dynamic_load": 0,
        "jni": 1
    },
    "analysis_state": "complete"
}