{
    "apk_name": "F64B06762C438504FE5A32F21031045110DDFB88E7D8A7BDD9E37EBFAF3DD6BD",
    "sha256": "f64b06762c438504fe5a32f21031045110ddfb88e7d8a7bdd9e37ebfaf3dd6bd",
    "metadata": {
        "package_name": "com.elbit.italk.apac",
        "version_code": "40519",
        "version_name": "4.5.19",
        "min_sdk": "22",
        "target_sdk": "28",
        "permissions": [
            "android.permission.ACCESS_COARSE_LOCATION",
            "android.permission.ACCESS_FINE_LOCATION",
            "android.permission.ACCESS_NETWORK_STATE",
            "android.permission.ACCESS_WIFI_STATE",
            "android.permission.AUTHENTICATE_ACCOUNTS",
            "android.permission.BLUETOOTH",
            "android.permission.BLUETOOTH_ADMIN",
            "android.permission.BROADCAST_STICKY",
            "android.permission.CAMERA",
            "android.permission.DISABLE_KEYGUARD",
            "android.permission.FOREGROUND_SERVICE",
            "android.permission.GET_ACCOUNTS",
            "android.permission.INTERNET",
            "android.permission.MANAGE_ACCOUNTS",
            "android.permission.MODIFY_AUDIO_SETTINGS",
            "android.permission.RAISED_THREAD_PRIORITY",
            "android.permission.READ_APP_BADGE",
            "android.permission.READ_CONTACTS",
            "android.permission.READ_EXTERNAL_STORAGE",
            "android.permission.READ_PHONE_STATE",
            "android.permission.READ_PROFILE",
            "android.permission.RECEIVE_BOOT_COMPLETED",
            "android.permission.RECORD_AUDIO",
            "android.permission.REQUEST_IGNORE_BATTERY_OPTIMIZATIONS",
            "android.permission.USE_CREDENTIALS",
            "android.permission.VIBRATE",
            "android.permission.WAKE_LOCK",
            "android.permission.WRITE_CONTACTS",
            "android.permission.WRITE_EXTERNAL_STORAGE",
            "com.anddoes.launcher.permission.UPDATE_COUNT",
            "com.htc.launcher.permission.READ_SETTINGS",
            "com.htc.launcher.permission.UPDATE_SHORTCUT",
            "com.huawei.android.launcher.permission.CHANGE_BADGE",
            "com.huawei.android.launcher.permission.READ_SETTINGS",
            "com.huawei.android.launcher.permission.WRITE_SETTINGS",
            "com.majeur.launcher.permission.UPDATE_BADGE",
            "com.oppo.launcher.permission.READ_SETTINGS",
            "com.oppo.launcher.permission.WRITE_SETTINGS",
            "com.sec.android.provider.badge.permission.READ",
            "com.sec.android.provider.badge.permission.WRITE",
            "com.sonyericsson.home.permission.BROADCAST_BADGE",
            "com.sonymobile.home.permission.PROVIDER_INSERT_BADGE",
            "me.everything.badger.permission.BADGE_COUNT_READ",
            "me.everything.badger.permission.BADGE_COUNT_WRITE"
        ],
        "activities": [
            "com.elbit.italk.gui.activities.AccountDetailsActivity_",
            "com.elbit.italk.gui.activities.AddContactActivity_",
            "com.elbit.italk.gui.activities.AddParticipantActivity_",
            "com.elbit.italk.gui.activities.AttachmentActivity_",
            "com.elbit.italk.gui.activities.AttachmentPreviewActivity_",
            "com.elbit.italk.gui.activities.BaseActivity_",
            "com.elbit.italk.gui.activities.BaseCallActivity_",
            "com.elbit.italk.gui.activities.CameraActivity_",
            "com.elbit.italk.gui.activities.CameraCallActivity_",
            "com.elbit.italk.gui.activities.DefaultReplyActivity_",
            "com.elbit.italk.gui.activities.ExitActivity",
            "com.elbit.italk.gui.activities.LegalAspectSettingsActivity_",
            "com.elbit.italk.gui.activities.LegalAspectsActivity_",
            "com.elbit.italk.gui.activities.LoginActivity_",
            "com.elbit.italk.gui.activities.LuncherActivity_",
            "com.elbit.italk.gui.activities.MapActivity_",
            "com.elbit.italk.gui.activities.OtpActivity_",
            "com.elbit.italk.gui.activities.PermissionsActivity_",
            "com.elbit.italk.gui.activities.PhoneCodesActivity_",
            "com.elbit.italk.gui.activities.SOSCallActivity_",
            "com.elbit.italk.gui.activities.SettingsActivity_",
            "com.elbit.italk.gui.activities.SoundSettingsActivity_",
            "com.elbit.italk.gui.activities.SplashActivity_",
            "com.elbit.italk.gui.activities.StartActivity_",
            "com.elbit.italk.gui.activities.TalkActivity_",
            "com.elbit.italk.gui.activities.TechnicianSettingsActivity_",
            "com.google.android.gms.common.api.GoogleApiActivity",
            "com.google.firebase.auth.internal.FederatedSignInActivity",
            "com.testfairy.activities.AutoUpdateActivity",
            "com.testfairy.activities.ProvideFeedbackActivity",
            "com.theartofdev.edmodo.cropper.CropImageActivity"
        ],
        "services": [
            "com.elbit.italk.service.contactsService.AuthenticationService_",
            "com.elbit.italk.service.contactsService.SyncService_",
            "com.elbit.italk.service.iTalkService_",
            "com.google.firebase.components.ComponentDiscoveryService"
        ],
        "receivers": [
            "com.elbit.italk.service.receiver.AndroidNotificationReceiver_",
            "com.elbit.italk.service.receiver.BootBroadcastReceiver",
            "com.elbit.italk.service.receiver.ExternalButtonsReceiver_",
            "com.elbit.italk.service.receiver.LocaleChangeReceiver_",
            "com.elbit.italk.service.receiver.UpdateSoftwareVersionReceiver_",
            "com.elbit.italk.service.receiver.UpgradeVersionReceiver_",
            "com.elbit.italk.service.receiver.VolumeChangedReceiver_"
        ],
        "permission_details": {
            "android.permission.ACCESS_COARSE_LOCATION": "dangerous",
            "android.permission.ACCESS_FINE_LOCATION": "dangerous",
            "android.permission.ACCESS_NETWORK_STATE": "normal",
            "android.permission.ACCESS_WIFI_STATE": "normal",
            "android.permission.AUTHENTICATE_ACCOUNTS": "unknown",
            "android.permission.BLUETOOTH": "normal",
            "android.permission.BLUETOOTH_ADMIN": "normal",
            "android.permission.BROADCAST_STICKY": "normal",
            "android.permission.CAMERA": "dangerous",
            "android.permission.DISABLE_KEYGUARD": "normal",
            "android.permission.FOREGROUND_SERVICE": "normal",
            "android.permission.GET_ACCOUNTS": "dangerous",
            "android.permission.INTERNET": "normal",
            "android.permission.MANAGE_ACCOUNTS": "unknown",
            "android.permission.MODIFY_AUDIO_SETTINGS": "normal",
            "android.permission.RAISED_THREAD_PRIORITY": "unknown",
            "android.permission.READ_APP_BADGE": "unknown",
            "android.permission.READ_CONTACTS": "dangerous",
            "android.permission.READ_EXTERNAL_STORAGE": "dangerous",
            "android.permission.READ_PHONE_STATE": "dangerous",
            "android.permission.READ_PROFILE": "unknown",
            "android.permission.RECEIVE_BOOT_COMPLETED": "normal",
            "android.permission.RECORD_AUDIO": "dangerous",
            "android.permission.REQUEST_IGNORE_BATTERY_OPTIMIZATIONS": "normal",
            "android.permission.USE_CREDENTIALS": "unknown",
            "android.permission.VIBRATE": "normal",
            "android.permission.WAKE_LOCK": "normal",
            "android.permission.WRITE_CONTACTS": "dangerous",
            "android.permission.WRITE_EXTERNAL_STORAGE": "dangerous",
            "com.anddoes.launcher.permission.UPDATE_COUNT": "unknown",
            "com.htc.launcher.permission.READ_SETTINGS": "unknown",
            "com.htc.launcher.permission.UPDATE_SHORTCUT": "unknown",
            "com.huawei.android.launcher.permission.CHANGE_BADGE": "unknown",
            "com.huawei.android.launcher.permission.READ_SETTINGS": "unknown",
            "com.huawei.android.launcher.permission.WRITE_SETTINGS": "signature",
            "com.majeur.launcher.permission.UPDATE_BADGE": "unknown",
            "com.oppo.launcher.permission.READ_SETTINGS": "unknown",
            "com.oppo.launcher.permission.WRITE_SETTINGS": "signature",
            "com.sec.android.provider.badge.permission.READ": "unknown",
            "com.sec.android.provider.badge.permission.WRITE": "unknown",
            "com.sonyericsson.home.permission.BROADCAST_BADGE": "unknown",
            "com.sonymobile.home.permission.PROVIDER_INSERT_BADGE": "unknown",
            "me.everything.badger.permission.BADGE_COUNT_READ": "unknown",
            "me.everything.badger.permission.BADGE_COUNT_WRITE": "unknown"
        },
        "risk_counts": {
            "dangerous": 10,
            "normal": 13,
            "unknown": 19,
            "signature": 2
        }
    },
    "stats": {
        "dex_count": 2,
        "native_lib_count": 0
    },
    "jadx": {
        "status": "ok",
        "duration_sec": 62.04,
        "sources_present": true,
        "java_file_count": 6529
    },
    "ast_analysis": {
        "location": 28,
        "microphone": 2,
        "camera": 24,
        "media_projection": 0,
        "dynamic_load": 0,
        "jni": 19
    },
    "analysis_state": "complete"
}