{
    "apk_name": "63F8BA0AA9C4F9DC1E379EAA4C4BC6D451793B83F775C1AE027AC2AB13DF526A",
    "sha256": "63f8ba0aa9c4f9dc1e379eaa4c4bc6d451793b83f775c1ae027ac2ab13df526a",
    "metadata": {
        "package_name": "com.visioapps.louie",
        "version_code": "568",
        "version_name": "0.1.485",
        "min_sdk": "24",
        "target_sdk": "30",
        "permissions": [
            "android.hardware.sensor.proximity",
            "android.permission.ACCESS_COARSE_LOCATION",
            "android.permission.ACCESS_FINE_LOCATION",
            "android.permission.ACCESS_NETWORK_STATE",
            "android.permission.ACCESS_NOTIFICATION_POLICY",
            "android.permission.ACCESS_WIFI_STATE",
            "android.permission.ANSWER_PHONE_CALLS",
            "android.permission.BLUETOOTH",
            "android.permission.BLUETOOTH_ADMIN",
            "android.permission.CALL_PHONE",
            "android.permission.CHANGE_WIFI_STATE",
            "android.permission.DISABLE_KEYGUARD",
            "android.permission.EXPAND_STATUS_BAR",
            "android.permission.FOREGROUND_SERVICE",
            "android.permission.GET_ACCOUNTS",
            "android.permission.GET_TASKS",
            "android.permission.INTERNET",
            "android.permission.MANAGE_OWN_CALLS",
            "android.permission.MODIFY_AUDIO_SETTINGS",
            "android.permission.MODIFY_PHONE_STATE",
            "android.permission.QUERY_ALL_PACKAGES",
            "android.permission.READ_CALL_LOG",
            "android.permission.READ_CONTACTS",
            "android.permission.READ_PHONE_STATE",
            "android.permission.READ_SMS",
            "android.permission.RECEIVE_BOOT_COMPLETED",
            "android.permission.RECEIVE_MMS",
            "android.permission.RECEIVE_SMS",
            "android.permission.RECEIVE_WAP_PUSH",
            "android.permission.RECORD_AUDIO",
            "android.permission.REQUEST_IGNORE_BATTERY_OPTIMIZATIONS",
            "android.permission.SEND_SMS",
            "android.permission.SET_WALLPAPER",
            "android.permission.SYSTEM_ALERT_WINDOW",
            "android.permission.VIBRATE",
            "android.permission.WAKE_LOCK",
            "android.permission.WRITE_CONTACTS",
            "android.permission.WRITE_EXTERNAL_STORAGE",
            "android.permission.WRITE_SETTINGS",
            "android.permission.WRITE_SMS",
            "com.android.alarm.permission.SET_ALARM",
            "com.android.launcher.permission.INSTALL_SHORTCUT",
            "com.google.android.c2dm.permission.RECEIVE",
            "com.google.android.finsky.permission.BIND_GET_INSTALL_REFERRER_SERVICE"
        ],
        "activities": [
            "com.clevertap.android.sdk.CTInboxActivity",
            "com.clevertap.android.sdk.InAppNotificationActivity",
            "com.facebook.CustomTabActivity",
            "com.facebook.FacebookActivity",
            "com.firebase.ui.auth.KickoffActivity",
            "com.firebase.ui.auth.ui.credentials.CredentialSaveActivity",
            "com.firebase.ui.auth.ui.email.EmailActivity",
            "com.firebase.ui.auth.ui.email.EmailLinkCatcherActivity",
            "com.firebase.ui.auth.ui.email.EmailLinkErrorRecoveryActivity",
            "com.firebase.ui.auth.ui.email.RecoverPasswordActivity",
            "com.firebase.ui.auth.ui.email.WelcomeBackEmailLinkPrompt",
            "com.firebase.ui.auth.ui.email.WelcomeBackPasswordPrompt",
            "com.firebase.ui.auth.ui.idp.AuthMethodPickerActivity",
            "com.firebase.ui.auth.ui.idp.SingleSignInActivity",
            "com.firebase.ui.auth.ui.idp.WelcomeBackIdpPrompt",
            "com.firebase.ui.auth.ui.phone.PhoneActivity",
            "com.google.android.gms.auth.api.signin.internal.SignInHubActivity",
            "com.google.android.gms.common.api.GoogleApiActivity",
            "com.google.android.play.core.common.PlayCoreDialogWrapperActivity",
            "com.google.android.play.core.missingsplits.PlayCoreMissingSplitsActivity",
            "com.google.firebase.auth.internal.FederatedSignInActivity",
            "com.gun0912.tedpermission.TedPermissionActivity",
            "com.visioapps.conversation_view.ConversationViewActivity",
            "com.visioapps.event.GoogleMaps",
            "com.visioapps.event.RecordAudioPermissionActivity",
            "com.visioapps.event.apphelpers.ShareActivity",
            "com.visioapps.louie.AboutUsActivity",
            "com.visioapps.louie.AccessibilityEnableActivity",
            "com.visioapps.louie.AppSettingActivity",
            "com.visioapps.louie.CallSettingActivity",
            "com.visioapps.louie.CallingLouieActivity",
            "com.visioapps.louie.ChooseDefaultAssistantPopup",
            "com.visioapps.louie.ComingSoonAppsActivity",
            "com.visioapps.louie.DefaultHandlerActivity",
            "com.visioapps.louie.DefaultHandlerPrompt",
            "com.visioapps.louie.DemoVideosActivity",
            "com.visioapps.louie.DoNotTouchActivity",
            "com.visioapps.louie.EssentialTipsActivity",
            "com.visioapps.louie.ForceUpdateActivity",
            "com.visioapps.louie.GettingStartedActivity",
            "com.visioapps.louie.GmailSettingActivity",
            "com.visioapps.louie.HeyLouieAndShakeConfigActivity",
            "com.visioapps.louie.HeyLouieConfigActivity",
            "com.visioapps.louie.HowDoesLouieWorkActivity",
            "com.visioapps.louie.ImportantNotesActivity",
            "com.visioapps.louie.LoginActivity",
            "com.visioapps.louie.LouieFamiliarActivity",
            "com.visioapps.louie.LouieGestureActivity",
            "com.visioapps.louie.MainActivity",
            "com.visioapps.louie.MainActivityForHandler",
            "com.visioapps.louie.MakeLouieFasterActivity",
            "com.visioapps.louie.MessagesSettingActivity",
            "com.visioapps.louie.NonEnglishActivity",
            "com.visioapps.louie.OCRPermissionActivity",
            "com.visioapps.louie.OperatingConfigModeSettings",
            "com.visioapps.louie.OtherConfigActivity",
            "com.visioapps.louie.SettingActivity",
            "com.visioapps.louie.SplashScreenActivity",
            "com.visioapps.louie.StartLouieActivity",
            "com.visioapps.louie.StopLouieActivity",
            "com.visioapps.louie.TtsSettingOnBoardingActivity",
            "com.visioapps.louie.Tutorial_Video_Activity",
            "com.visioapps.louie.UberFirstTimeSetupActivity",
            "com.visioapps.louie.UberHereActivity",
            "com.visioapps.louie.UberSettingActivity",
            "com.visioapps.louie.UserNameActivity",
            "com.visioapps.louie.UserNameOnboardingActivity",
            "com.visioapps.louie.VoiceEnablerActivity",
            "com.visioapps.louie.VoiceSettingActivity",
            "com.visioapps.louie.WelcomeActivity",
            "com.visioapps.louie.WhatsNew_After_Update_Screen",
            "com.visioapps.louie.WhatsappSettingActivity",
            "com.visioapps.louie.YoutubePlayerActivity",
            "com.visioapps.louie.YoutubeSettingActivity",
            "com.visioapps.louie.onboarding.OnBoardingActivity",
            "com.visioapps.louie.onboarding.activity.AccessibilityOnGuidePageActivity",
            "com.visioapps.louie.onboarding.activity.OperatingConfigModeActivity",
            "com.visioapps.louie.onboarding.activity.PermissionDescriptionActivity",
            "com.visioapps.louie.onboarding.activity.ShowQuickTipsActivity",
            "com.visioapps.louie.onboarding.activity.UserTypeActivity",
            "com.visioapps.louie.onboarding.firsttimeboarding.FirstSessionDemoVideo",
            "com.visioapps.louie.onboarding.firsttimeboarding.OnBoardingPramitVideo",
            "com.visioapps.louie.onboarding.firsttimeboarding.OnBoardingVideoActivity",
            "com.visioapps.louie.onboarding.firsttimeboarding.WhatsNewDemoVideo",
            "com.visioapps.louie.onboarding.permissions.ReadContactReadPhoneStatePermissionActivity",
            "com.visioapps.louie.onboarding.tutorial.DemoContentActivity",
            "com.visioapps.louie.onboarding.tutorial.DemoVideoListActivity",
            "com.visioapps.louie.onboarding.tutorial.DemoVideoPlayListActivity",
            "com.visioapps.louie.onboarding.tutorial.DocumentIndexActivity",
            "com.visioapps.louie.onboarding.tutorial.ReaderTutorialActivity",
            "com.visioapps.louie.onboarding.tutorial.TutorialActivity",
            "com.visioapps.louie.onboarding.tutorial.TutorialNVideoActivity",
            "com.visioapps.louie.onboarding.tutorial.VoiceTutorialActivity",
            "com.visioapps.louie.onboarding.tutorial.reader.ReaderTutorialMainActivity",
            "com.visioapps.louie.onboarding.tutorial.voice.NioVoiceControlActivity",
            "com.visioapps.louie.settings.ContactUsFeedback",
            "com.visioapps.louie.settings.HelpAndFeedbackActivity",
            "com.visioapps.louie.settings.HotwordSettingsActivity",
            "com.visioapps.louie.settings.ProximitySensorPreferenceActivity",
            "com.visioapps.louie.settings.ScreenOnOffPreferenceActivity",
            "com.visioapps.louie.settings.ShakeSettingsActivity",
            "com.visioapps.louie.settings.TalkbackModeSettingsActivity",
            "com.visioapps.louie.settings.TtsSettingsActivity",
            "com.visioapps.louie.settings.TtsVoiceActivity",
            "com.visioapps.louie.settings.VerbosityPreferenceActivity",
            "com.visioapps.louie.settings.VoiceNoteActivity",
            "com.visioapps.louie.settings.WebActivity",
            "com.visioapps.louie.settings.gesture.DNDAlertActivity",
            "com.visioapps.louie.settings.gesture.GesturePreferenceActivity"
        ],
        "services": [
            "androidx.room.MultiInstanceInvalidationService",
            "androidx.work.impl.background.systemalarm.SystemAlarmService",
            "androidx.work.impl.background.systemjob.SystemJobService",
            "com.clevertap.android.sdk.FcmTokenListenerService",
            "com.clevertap.android.sdk.pushnotification.amp.CTBackgroundIntentService",
            "com.clevertap.android.sdk.pushnotification.amp.CTBackgroundJobService",
            "com.clevertap.android.sdk.pushnotification.fcm.FcmMessageListenerService",
            "com.google.android.datatransport.runtime.backends.TransportBackendDiscovery",
            "com.google.android.datatransport.runtime.scheduling.jobscheduling.JobInfoSchedulerService",
            "com.google.android.gms.auth.api.signin.RevocationBoundService",
            "com.google.android.gms.measurement.AppMeasurementJobService",
            "com.google.android.gms.measurement.AppMeasurementService",
            "com.google.firebase.components.ComponentDiscoveryService",
            "com.google.firebase.messaging.FirebaseMessagingService",
            "com.google.mlkit.common.internal.MlKitComponentDiscoveryService",
            "com.inka.appsealing.AppSealingIPService",
            "com.inka.appsealing.AppSealingService",
            "com.visioapps.event.utilities.SendLogsOnCrash",
            "com.visioapps.louie.fcm.FBMessagingService",
            "com.visioapps.louie.services.NioAccessibilityService",
            "com.visioapps.louie.services.NotificationService",
            "com.visioapps.louie.services.SendLogsService"
        ],
        "receivers": [
            "androidx.work.impl.background.systemalarm.ConstraintProxy$BatteryChargingProxy",
            "androidx.work.impl.background.systemalarm.ConstraintProxy$BatteryNotLowProxy",
            "androidx.work.impl.background.systemalarm.ConstraintProxy$NetworkStateProxy",
            "androidx.work.impl.background.systemalarm.ConstraintProxy$StorageNotLowProxy",
            "androidx.work.impl.background.systemalarm.ConstraintProxyUpdateReceiver",
            "androidx.work.impl.background.systemalarm.RescheduleReceiver",
            "androidx.work.impl.utils.ForceStopRunnable$BroadcastReceiver",
            "com.clevertap.android.sdk.pushnotification.CTPushNotificationReceiver",
            "com.google.android.datatransport.runtime.scheduling.jobscheduling.AlarmManagerSchedulerBroadcastReceiver",
            "com.google.android.gms.measurement.AppMeasurementReceiver",
            "com.google.firebase.iid.FirebaseInstanceIdReceiver",
            "com.visioapps.louie.AppUpgradeReceiver",
            "com.visioapps.louie.receivers.AppUpdateReceiver",
            "com.visioapps.louie.receivers.BootReceiver"
        ]
    },
    "stats": {
        "dex_count": 4,
        "native_lib_count": 10
    },
    "jadx": {
        "status": "ok",
        "duration_sec": 14.42,
        "sources_present": true,
        "java_file_count": 1925
    },
    "ast_analysis": {
        "location": 3,
        "microphone": 0,
        "camera": 4,
        "media_projection": 0,
        "dynamic_load": 0,
        "jni": 9
    },
    "analysis_state": "complete"
}