{
    "apk_name": "7F61D18C42AAD99607F102A6E0FDE90DBBEAB6A2EC27F84466DF9406B46891E6",
    "sha256": "7f61d18c42aad99607f102a6e0fde90dbbeab6a2ec27f84466df9406b46891e6",
    "metadata": {
        "package_name": "com.sensomative.science",
        "version_code": "36",
        "version_name": "1.11.15",
        "min_sdk": "18",
        "target_sdk": "33",
        "permissions": [
            "android.permission.ACCESS_COARSE_LOCATION",
            "android.permission.ACCESS_FINE_LOCATION",
            "android.permission.BLUETOOTH",
            "android.permission.BLUETOOTH_ADMIN",
            "android.permission.BLUETOOTH_CONNECT",
            "android.permission.BLUETOOTH_SCAN",
            "android.permission.FOREGROUND_SERVICE",
            "android.permission.INTERNET",
            "android.permission.READ_EXTERNAL_STORAGE",
            "android.permission.WAKE_LOCK",
            "android.permission.WRITE_EXTERNAL_STORAGE"
        ],
        "activities": [
            "crc648d13b00df49ccd96.ChartScreenshotActivity",
            "crc648d13b00df49ccd96.MainActivity",
            "crc648d13b00df49ccd96.SplashActivity"
        ],
        "services": [
            "com.empatica.empalink.EmpaLinkBLE",
            "crc648d13b00df49ccd96.BtService"
        ],
        "receivers": [
            "crc643f46942d9dd1fff9.PowerSaveModeBroadcastReceiver"
        ]
    },
    "stats": {
        "dex_count": 1,
        "native_lib_count": 30
    },
    "jadx": {
        "status": "ok",
        "duration_sec": 16.34,
        "sources_present": true,
        "java_file_count": 2566
    },
    "ast_analysis": {
        "location": 3,
        "microphone": 0,
        "camera": 3,
        "media_projection": 0,
        "dynamic_load": 0,
        "jni": 8
    },
    "analysis_state": "complete"
}