{
    "apk_name": "3346E66AD0E5FCDB2FF206AEEF9A01981BDCA8EC4713101C02C0C8CC5E86F154",
    "sha256": "3346e66ad0e5fcdb2ff206aeef9a01981bdca8ec4713101c02c0c8cc5e86f154",
    "metadata": {
        "package_name": "com.app4joy.united_states_free",
        "version_code": "501",
        "version_name": "5.0.1",
        "min_sdk": "24",
        "target_sdk": "36",
        "permissions": [
            "android.permission.ACCESS_ADSERVICES_AD_ID",
            "android.permission.ACCESS_ADSERVICES_ATTRIBUTION",
            "android.permission.ACCESS_ADSERVICES_TOPICS",
            "android.permission.ACCESS_NETWORK_STATE",
            "android.permission.FOREGROUND_SERVICE",
            "android.permission.INTERNET",
            "android.permission.READ_EXTERNAL_STORAGE",
            "android.permission.READ_MEDIA_AUDIO",
            "android.permission.WAKE_LOCK",
            "android.permission.WRITE_EXTERNAL_STORAGE",
            "com.app4joy.united_states_free.DYNAMIC_RECEIVER_NOT_EXPORTED_PERMISSION",
            "com.google.android.gms.permission.AD_ID"
        ],
        "activities": [
            "com.app4joy.united_states_free.Flag3D",
            "com.app4joy.united_states_free.FlagColor",
            "com.app4joy.united_states_free.FlagDraw",
            "com.app4joy.united_states_free.FlagListPref",
            "com.app4joy.united_states_free.FlagStart",
            "com.app4joy.united_states_free.FlagWaverActivity",
            "com.app4joy.united_states_free.FontSelectActivity",
            "com.app4joy.united_states_free.ImagePickerActivity",
            "com.app4joy.united_states_free.OptionActivity",
            "com.app4joy.united_states_free.SetMusic",
            "com.app4joy.united_states_free.Settings",
            "com.app4joy.united_states_free.ShowWikiActivity",
            "com.app4joy.united_states_free.SplashActivity",
            "com.app4joy.united_states_free.WaverSettings",
            "com.github.drjacky.imagepicker.ImagePickerActivity",
            "com.google.android.gms.ads.AdActivity",
            "com.google.android.gms.ads.NotificationHandlerActivity",
            "com.google.android.gms.ads.OutOfContextTestingActivity",
            "com.google.android.gms.common.api.GoogleApiActivity",
            "com.samadhi.filelist.FileListActivity",
            "com.yalantis.ucrop.UCropActivity"
        ],
        "services": [
            "androidx.room.MultiInstanceInvalidationService",
            "androidx.work.impl.background.systemalarm.SystemAlarmService",
            "androidx.work.impl.background.systemjob.SystemJobService",
            "androidx.work.impl.foreground.SystemForegroundService",
            "com.app4joy.united_states_free.BGService",
            "com.app4joy.united_states_free.BOService",
            "com.app4joy.united_states_free.LWPService2",
            "com.google.android.gms.ads.AdService"
        ],
        "receivers": [
            "androidx.profileinstaller.ProfileInstallReceiver",
            "androidx.work.impl.background.systemalarm.ConstraintProxy$BatteryChargingProxy",
            "androidx.work.impl.background.systemalarm.ConstraintProxy$BatteryNotLowProxy",
            "androidx.work.impl.background.systemalarm.ConstraintProxy$NetworkStateProxy",
            "androidx.work.impl.background.systemalarm.ConstraintProxy$StorageNotLowProxy",
            "androidx.work.impl.background.systemalarm.ConstraintProxyUpdateReceiver",
            "androidx.work.impl.background.systemalarm.RescheduleReceiver",
            "androidx.work.impl.diagnostics.DiagnosticsReceiver",
            "androidx.work.impl.utils.ForceStopRunnable$BroadcastReceiver"
        ]
    },
    "stats": {
        "dex_count": 1,
        "native_lib_count": 4
    },
    "jadx": {
        "status": "ok",
        "duration_sec": 25.01,
        "sources_present": true,
        "java_file_count": 5318
    },
    "ast_analysis": {
        "location": 0,
        "microphone": 1,
        "camera": 8,
        "media_projection": 0,
        "dynamic_load": 0,
        "jni": 4
    },
    "analysis_state": "complete"
}