{
    "apk_name": "84D38AE4A7E183603EB21317CB7C89255A0FD79321E0835F886878601718A139",
    "sha256": "84d38ae4a7e183603eb21317cb7c89255a0fd79321e0835f886878601718a139",
    "metadata": {
        "package_name": "com.hiib.android.him",
        "version_code": "101",
        "version_name": "02.20.05",
        "min_sdk": "16",
        "target_sdk": "30",
        "permissions": [
            "android.permission.ACCESS_FINE_LOCATION",
            "android.permission.ACCESS_NETWORK_STATE",
            "android.permission.ACCESS_WIFI_STATE",
            "android.permission.CAMERA",
            "android.permission.CHANGE_WIFI_STATE",
            "android.permission.DELETE_PACKAGES",
            "android.permission.FOREGROUND_SERVICE",
            "android.permission.GET_TASKS",
            "android.permission.INSTALL_PACKAGES",
            "android.permission.INTERNET",
            "android.permission.QUERY_ALL_PACKAGES",
            "android.permission.READ_EXTERNAL_STORAGE",
            "android.permission.READ_PHONE_NUMBERS",
            "android.permission.READ_PHONE_STATE",
            "android.permission.RECEIVE_BOOT_COMPLETED",
            "android.permission.REQUEST_DELETE_PACKAGES",
            "android.permission.USE_BIOMETRIC",
            "android.permission.USE_FINGERPRINT",
            "android.permission.VIBRATE",
            "android.permission.WAKE_LOCK",
            "android.permission.WRITE_EXTERNAL_STORAGE",
            "com.google.android.c2dm.permission.RECEIVE",
            "com.google.android.finsky.permission.BIND_GET_INSTALL_REFERRER_SERVICE",
            "com.hiib.android.him.permission.MAPS_RECEIVE",
            "com.samsung.android.providers.context.permission.WRITE_USE_APP_FEATURE_SURVEY",
            "com.sec.android.fido.uaf.asm.permissions.FIDO_UAF_ASM",
            "org.fidoalliance.uaf.permissions.FIDO_CLIENT"
        ],
        "activities": [
            "com.google.android.gms.ads.AdActivity",
            "com.google.android.gms.common.api.GoogleApiActivity",
            "com.hiib.android.him.external.id_camera.IDShootingActivity",
            "com.hiib.android.him.main.MainActivity",
            "com.hiib.android.him.widget.BaseWidgetConfActivity",
            "com.hiib.android.him.widget.WidgetConfActivity",
            "com.hiib.android.him.widget.WidgetConfActivitySmall",
            "com.hiib.android.him.widget.WidgetRefreshPopup",
            "kr.or.kftc.ssc.manager.SSCPatternActivity",
            "net.nshc.droidx3.manager.sub.ui.DialogUnInstall",
            "net.nshc.droidx3.view.ActivityNotificationServiceInfo",
            "net.nshc.droidx3.view.DialogRemoveFile",
            "net.nshc.droidx3.view.DialogUnInstall",
            "org.kftc.mobile.authenticator.fingerprint.MainActivity",
            "org.kftc.mobile.authenticator.ui.activity.DefaultPatternActivity",
            "org.kftc.mobile.authenticator.ui.activity.KFTCPatternActivity",
            "org.kftc.mobile.authenticator.ui.activity.OMSPatternActivity"
        ],
        "services": [
            "axis.anytime.push.AxisFirebaseMessagingService",
            "com.google.android.gms.measurement.AppMeasurementJobService",
            "com.google.android.gms.measurement.AppMeasurementService",
            "com.google.firebase.components.ComponentDiscoveryService",
            "com.google.firebase.iid.FirebaseInstanceIdService",
            "com.google.firebase.messaging.FirebaseMessagingService",
            "com.hiib.android.him.external.anytime.AnyTimeService",
            "com.hiib.android.him.external.fido.KFTCIncomingService",
            "com.hiib.android.him.widget.WT_RemoteViewsService",
            "com.hiib.android.him.widget.WT_RemoteViewsServiceSmall",
            "net.nshc.droidx3.library.com.hiib.android.him.DroidXLibraryService",
            "net.nshc.droidx3.library.com.hiib.android.himTest.DroidXLibraryService",
            "net.nshc.droidx3.notification.NotificationActionIntentService"
        ],
        "receivers": [
            "axis.anytime.push.AxisPushReceiver",
            "com.google.android.gms.measurement.AppMeasurementInstallReferrerReceiver",
            "com.google.android.gms.measurement.AppMeasurementReceiver",
            "com.google.firebase.iid.FirebaseInstanceIdReceiver",
            "com.hiib.android.him.external.anytime.AxisBootReceiver",
            "com.hiib.android.him.external.anytime.AxisServiceAlarm",
            "com.hiib.android.him.widget.WidgetProvider",
            "com.hiib.android.him.widget.WidgetProviderSmall",
            "com.igaworks.v2.core.AbxReceiver",
            "net.nshc.droidx3.receiver.LibraryParentCheckReceiver"
        ],
        "permission_details": {
            "android.permission.ACCESS_FINE_LOCATION": "dangerous",
            "android.permission.ACCESS_NETWORK_STATE": "normal",
            "android.permission.ACCESS_WIFI_STATE": "normal",
            "android.permission.CAMERA": "dangerous",
            "android.permission.CHANGE_WIFI_STATE": "normal",
            "android.permission.DELETE_PACKAGES": "unlaballed",
            "android.permission.FOREGROUND_SERVICE": "normal",
            "android.permission.GET_TASKS": "unlaballed",
            "android.permission.INSTALL_PACKAGES": "unlaballed",
            "android.permission.INTERNET": "normal",
            "android.permission.QUERY_ALL_PACKAGES": "normal",
            "android.permission.READ_EXTERNAL_STORAGE": "dangerous",
            "android.permission.READ_PHONE_NUMBERS": "dangerous",
            "android.permission.READ_PHONE_STATE": "dangerous",
            "android.permission.RECEIVE_BOOT_COMPLETED": "normal",
            "android.permission.REQUEST_DELETE_PACKAGES": "normal",
            "android.permission.USE_BIOMETRIC": "normal",
            "android.permission.USE_FINGERPRINT": "normal",
            "android.permission.VIBRATE": "normal",
            "android.permission.WAKE_LOCK": "normal",
            "android.permission.WRITE_EXTERNAL_STORAGE": "dangerous",
            "com.google.android.c2dm.permission.RECEIVE": "unknown",
            "com.google.android.finsky.permission.BIND_GET_INSTALL_REFERRER_SERVICE": "unknown",
            "com.hiib.android.him.permission.MAPS_RECEIVE": "unknown",
            "com.samsung.android.providers.context.permission.WRITE_USE_APP_FEATURE_SURVEY": "unknown",
            "com.sec.android.fido.uaf.asm.permissions.FIDO_UAF_ASM": "unknown",
            "org.fidoalliance.uaf.permissions.FIDO_CLIENT": "unknown"
        },
        "risk_counts": {
            "dangerous": 6,
            "normal": 12,
            "unlaballed": 3,
            "unknown": 6
        }
    },
    "stats": {
        "dex_count": 3,
        "native_lib_count": 53
    },
    "jadx": {
        "status": "ok",
        "duration_sec": 35.22,
        "sources_present": true,
        "java_file_count": 5857
    },
    "ast_analysis": {
        "location": 6,
        "microphone": 0,
        "camera": 55,
        "media_projection": 0,
        "dynamic_load": 0,
        "jni": 25
    },
    "analysis_state": "complete"
}