{
    "apk_name": "3C33F85E921DB22FBEB5B4A62228CDEF31ABBA3FE738610A0E4DC07C0D1B9CED",
    "sha256": "3c33f85e921db22fbeb5b4a62228cdef31abba3fe738610a0e4dc07c0d1b9ced",
    "metadata": {
        "package_name": "com.jingdong.pdj",
        "version_code": "8170000",
        "version_name": "8.17.0",
        "min_sdk": "21",
        "target_sdk": "28",
        "permissions": [
            "android.permission.ACCESS_COARSE_LOCATION",
            "android.permission.ACCESS_FINE_LOCATION",
            "android.permission.ACCESS_NETWORK_STATE",
            "android.permission.ACCESS_WIFI_STATE",
            "android.permission.CAMERA",
            "android.permission.CHANGE_NETWORK_STATE",
            "android.permission.CHANGE_WIFI_STATE",
            "android.permission.GET_TASKS",
            "android.permission.INTERNET",
            "android.permission.READ_EXTERNAL_STORAGE",
            "android.permission.REQUEST_INSTALL_PACKAGES",
            "android.permission.USE_FINGERPRINT",
            "android.permission.VIBRATE",
            "android.permission.WAKE_LOCK",
            "android.permission.WRITE_EXTERNAL_STORAGE",
            "com.android.launcher.permission.INSTALL_SHORTCUT",
            "com.android.launcher.permission.UNINSTALL_SHORTCUT",
            "com.coloros.mcs.permission.RECIEVE_MCS_MESSAGE",
            "com.heytap.mcs.permission.RECIEVE_MCS_MESSAGE",
            "com.hihonor.permission.ACCESS_HW_KEYSTORE",
            "com.huawei.appmarket.service.commondata.permission.GET_COMMON_DATA",
            "com.huawei.permission.ACCESS_HW_KEYSTORE",
            "com.jingdong.pdj.permission.C2D_MESSAGE",
            "com.jingdong.pdj.permission.MIPUSH_RECEIVE",
            "com.jingdong.pdj.permission.PROCESS_PUSH_MSG",
            "com.jingdong.pdj.permission.PUSH_PROVIDER",
            "com.jingdong.pdj.push.permission.MESSAGE",
            "com.meizu.c2dm.permission.RECEIVE",
            "com.meizu.flyme.push.permission.RECEIVE",
            "getui.permission.GetuiService.com.jingdong.pdj",
            "org.simalliance.openmobileapi.SMARTCARD",
            "reportfinishbroadcastreceiver.permission"
        ],
        "activities": [
            "cn.com.union.fido.ui.finger.FingerActivity",
            "com.huawei.hms.activity.BridgeActivity",
            "com.huawei.hms.activity.EnableServiceActivity",
            "com.huawei.updatesdk.service.otaupdate.AppUpdateActivity",
            "com.huawei.updatesdk.support.pm.PackageInstallerActivity",
            "com.igexin.sdk.GActivity",
            "com.igexin.sdk.PushActivity",
            "com.jdcn.biz.CameraPermissionActivity",
            "com.jdcn.biz.CardScannerActivity",
            "com.jddj.fillup.plugin_fillup.FlutterCartGoodActivity",
            "com.jddj.fillup.plugin_fillup.FlutterCartSearchResultActivity",
            "com.jddj.fillup.plugin_fillup.FlutterScrapGoodActivity",
            "com.jddj.fillup.plugin_fillup.FlutterScrapSearchResultActivity",
            "com.jddj.jddj_plugin_myconcern.CouponStoreListFlutterActivity",
            "com.jddj.jddj_plugin_myconcern.MyConcernFlutterActivity",
            "com.jddj.jddj_plugin_preferredgoods.PreferredGoodsActivity",
            "com.jddj.jddj_plugin_refunddetail.RefundDetailFlutterActivity",
            "com.jddj.jddjcommonservices.CartViewAddedBaseActivity",
            "com.jddj.landingpages.plugin_landingpages.FlutterCatePageActivity",
            "com.jddj.landingpages.plugin_landingpages.FlutterChannelGoodsActivity",
            "com.jddj.landingpages.plugin_landingpages.FlutterCouponGoodActivity",
            "com.jddj.landingpages.plugin_landingpages.FlutterCouponSearchResultActivity",
            "com.jddj.landingpages.plugin_landingpages.FlutterFeedsGoodsActivity",
            "com.jddj.landingpages.plugin_landingpages.FlutterPromotionPageActivity",
            "com.jddj.landingpages.plugin_landingpages.FlutterRecipeGoodActivity",
            "com.jddj.plugin.jddjpluginseckill.PersonalizedActivity",
            "com.jddj.plugin.jddjpluginseckill.RecommendSkuActivity",
            "com.jddj.plugin.jddjpluginseckill.SeckillFlutterActivity",
            "com.jddj.weaver.loader.hotplug.ActivityStubs$SGTKStub_00",
            "com.jddj.weaver.loader.hotplug.ActivityStubs$SGTKStub_00_T",
            "com.jddj.weaver.loader.hotplug.ActivityStubs$SGTKStub_01",
            "com.jddj.weaver.loader.hotplug.ActivityStubs$SGTKStub_01_T",
            "com.jddj.weaver.loader.hotplug.ActivityStubs$SGTKStub_02",
            "com.jddj.weaver.loader.hotplug.ActivityStubs$SGTKStub_02_T",
            "com.jddj.weaver.loader.hotplug.ActivityStubs$SGTKStub_03",
            "com.jddj.weaver.loader.hotplug.ActivityStubs$SGTKStub_04",
            "com.jddj.weaver.loader.hotplug.ActivityStubs$SGTKStub_05",
            "com.jddj.weaver.loader.hotplug.ActivityStubs$SGTKStub_06",
            "com.jddj.weaver.loader.hotplug.ActivityStubs$SGTKStub_07",
            "com.jddj.weaver.loader.hotplug.ActivityStubs$SGTKStub_08",
            "com.jddj.weaver.loader.hotplug.ActivityStubs$SGTKStub_09",
            "com.jddj.weaver.loader.hotplug.ActivityStubs$SGTStub_00",
            "com.jddj.weaver.loader.hotplug.ActivityStubs$SGTStub_00_T",
            "com.jddj.weaver.loader.hotplug.ActivityStubs$SGTStub_01",
            "com.jddj.weaver.loader.hotplug.ActivityStubs$SGTStub_01_T",
            "com.jddj.weaver.loader.hotplug.ActivityStubs$SGTStub_02",
            "com.jddj.weaver.loader.hotplug.ActivityStubs$SGTStub_02_T",
            "com.jddj.weaver.loader.hotplug.ActivityStubs$SGTStub_03",
            "com.jddj.weaver.loader.hotplug.ActivityStubs$SGTStub_04",
            "com.jddj.weaver.loader.hotplug.ActivityStubs$SGTStub_05",
            "com.jddj.weaver.loader.hotplug.ActivityStubs$SGTStub_06",
            "com.jddj.weaver.loader.hotplug.ActivityStubs$SGTStub_07",
            "com.jddj.weaver.loader.hotplug.ActivityStubs$SGTStub_08",
            "com.jddj.weaver.loader.hotplug.ActivityStubs$SGTStub_09",
            "com.jddj.weaver.loader.hotplug.ActivityStubs$SIStub_00",
            "com.jddj.weaver.loader.hotplug.ActivityStubs$SIStub_00_T",
            "com.jddj.weaver.loader.hotplug.ActivityStubs$SIStub_01",
            "com.jddj.weaver.loader.hotplug.ActivityStubs$SIStub_01_T",
            "com.jddj.weaver.loader.hotplug.ActivityStubs$SIStub_02",
            "com.jddj.weaver.loader.hotplug.ActivityStubs$SIStub_02_T",
            "com.jddj.weaver.loader.hotplug.ActivityStubs$SIStub_03",
            "com.jddj.weaver.loader.hotplug.ActivityStubs$SIStub_04",
            "com.jddj.weaver.loader.hotplug.ActivityStubs$SIStub_05",
            "com.jddj.weaver.loader.hotplug.ActivityStubs$SIStub_06",
            "com.jddj.weaver.loader.hotplug.ActivityStubs$SIStub_07",
            "com.jddj.weaver.loader.hotplug.ActivityStubs$SIStub_08",
            "com.jddj.weaver.loader.hotplug.ActivityStubs$SIStub_09",
            "com.jddj.weaver.loader.hotplug.ActivityStubs$STDStub_00",
            "com.jddj.weaver.loader.hotplug.ActivityStubs$STDStub_00_T",
            "com.jddj.weaver.loader.hotplug.ActivityStubs$STDStub_01",
            "com.jddj.weaver.loader.hotplug.ActivityStubs$STDStub_01_T",
            "com.jddj.weaver.loader.hotplug.ActivityStubs$STDStub_02",
            "com.jddj.weaver.loader.hotplug.ActivityStubs$STDStub_02_T",
            "com.jddj.weaver.loader.hotplug.ActivityStubs$STDStub_03",
            "com.jddj.weaver.loader.hotplug.ActivityStubs$STDStub_04",
            "com.jddj.weaver.loader.hotplug.ActivityStubs$STDStub_05",
            "com.jddj.weaver.loader.hotplug.ActivityStubs$STDStub_06",
            "com.jddj.weaver.loader.hotplug.ActivityStubs$STDStub_07",
            "com.jddj.weaver.loader.hotplug.ActivityStubs$STDStub_08",
            "com.jddj.weaver.loader.hotplug.ActivityStubs$STDStub_09",
            "com.jdjr.paymentcode.browser.PaycodeBrowserActivity",
            "com.jdjr.risk.identity.face.activity.VerifyFAQWebActivity",
            "com.jdjr.risk.identity.face.activity.VerityFaceCheckActivity",
            "com.jdjr.risk.identity.face.activity.VerityFaceDialogActivity",
            "com.jdjr.risk.identity.face.activity.VerityFaceNormalActivity",
            "com.jdjr.risk.identity.verify.activity.IdentityLauncherActivity",
            "com.jdjr.risk.identity.verify.activity.IdentityPermissionActivity",
            "com.jdjr.risk.identity.verify.activity.IdentityPrivacyAgrActivity",
            "com.jdjr.risk.identity.verify.activity.IdentityPrivacyAgrDialogActivity",
            "com.jdpay.commonverify.verify.ui.IdentifyActivity",
            "com.jdpay.paymentcode.PaymentCodeActivity",
            "com.jdpay.paymentcode.PaymentCodeGuideActivity",
            "com.jingdong.aura.core.shadow.BridgeActivity",
            "com.jingdong.aura.shadow_Activity",
            "com.jingdong.aura.shadow_sins_Activity0",
            "com.jingdong.aura.shadow_sins_Activity1",
            "com.jingdong.aura.shadow_sins_Activity2",
            "com.jingdong.aura.shadow_sins_Activity3",
            "com.jingdong.aura.shadow_sins_Activity4",
            "com.jingdong.aura.shadow_sins_Activity5",
            "com.jingdong.aura.shadow_sins_Activity6",
            "com.jingdong.aura.shadow_sins_Activity7",
            "com.jingdong.aura.shadow_sins_Activity8",
            "com.jingdong.aura.shadow_sins_Activity9",
            "com.jingdong.aura.shadow_std_Activity0",
            "com.jingdong.aura.shadow_stk_Activity0",
            "com.jingdong.aura.shadow_stk_Activity1",
            "com.jingdong.aura.shadow_stk_Activity2",
            "com.jingdong.aura.shadow_stk_Activity3",
            "com.jingdong.aura.shadow_stk_Activity4",
            "com.jingdong.aura.shadow_stk_Activity5",
            "com.jingdong.aura.shadow_stk_Activity6",
            "com.jingdong.aura.shadow_stk_Activity7",
            "com.jingdong.aura.shadow_stk_Activity8",
            "com.jingdong.aura.shadow_stk_Activity9",
            "com.jingdong.aura.shadow_stp_Activity0",
            "com.jingdong.aura.shadow_stp_Activity1",
            "com.jingdong.aura.shadow_stp_Activity2",
            "com.jingdong.aura.shadow_stp_Activity3",
            "com.jingdong.aura.shadow_stp_Activity4",
            "com.jingdong.aura.shadow_stp_Activity5",
            "com.jingdong.aura.shadow_stp_Activity6",
            "com.jingdong.aura.shadow_stp_Activity7",
            "com.jingdong.aura.shadow_stp_Activity8",
            "com.jingdong.aura.shadow_stp_Activity9",
            "com.jingdong.common.video.VideoPlayerActivity",
            "com.jingdong.pdj.couponset.CouponSetActivity",
            "com.jingdong.pdj.elder.settlement.ElderSettlementActivity",
            "com.jingdong.pdj.newstore.storecomment.StoreCommentsActivity",
            "com.jingdong.pdj.plunginaddress.MyInfoManageAddressActivity",
            "com.jingdong.pdj.plunginaddress.kt.ManageAddressActivity",
            "com.jingdong.pdj.plunginchannel.ChannelActivity",
            "com.jingdong.pdj.plunginchannel.ChannelGoodsActivity",
            "com.jingdong.pdj.plunginchannel.FeedsGoodsActivity",
            "com.jingdong.pdj.plunginchannel.NewChannelActivity",
            "com.jingdong.pdj.plunginchannel.elder.activity.ChannelElderDetailActivity",
            "com.jingdong.pdj.plunginchannel.newchannel.ChannelNewDetailActivity",
            "com.jingdong.pdj.plungindetail.activity.CommodityActivity",
            "com.jingdong.pdj.plungindetail.activity.RecipesActivity",
            "com.jingdong.pdj.plungindetail.activity.SelectContractPhoneActivity",
            "com.jingdong.pdj.plungindetail.activity.TuWenDetailActivity",
            "com.jingdong.pdj.plungindetail.elder.ElderCommodityActivity",
            "com.jingdong.pdj.plungindiscoversearch.DiscoverySearchActivity",
            "com.jingdong.pdj.plungindiscoversearch.DiscoverySearchResultActivity",
            "com.jingdong.pdj.plunginhomeaddres.address.activity.MyInfoCityActivity",
            "com.jingdong.pdj.plunginhomeaddres.address.activity.MyInfoEditAddressActivity",
            "com.jingdong.pdj.plunginhomeaddres.address.activity.MyInfoHomeAddressActivity",
            "com.jingdong.pdj.plunginhomeaddres.address.activity.MyInfoJDAddressActivity",
            "com.jingdong.pdj.plunginhomeaddres.address.activity.MyInfoManageAddressActivity",
            "com.jingdong.pdj.plunginhomeaddres.address.activity.MyInfoMapPickerActivity",
            "com.jingdong.pdj.plunginjubao.ComplaintsActivity",
            "com.jingdong.pdj.plunginmsgcenter.MyInfoMsgActivity",
            "com.jingdong.pdj.plunginmsgcenter.activity.MyInfoGoodsArriveActivity",
            "com.jingdong.pdj.plunginmsgcenter.activity.MyInfoMyAssetActivity",
            "com.jingdong.pdj.plunginmsgcenter.activity.MyInfoOrdersActivity",
            "com.jingdong.pdj.plunginmsgcenter.activity.MyInfoPromotionsNoticeActivity",
            "com.jingdong.pdj.plunginmsgcenter.activity.MyInfoServiceActivity",
            "com.jingdong.pdj.plunginmsgcenter.activity.MyInfoSystemNoticeActivity",
            "com.jingdong.pdj.plunginmycard.MyInfoCardActivity",
            "com.jingdong.pdj.plunginmycoupon.MyInfoCouponActivity",
            "com.jingdong.pdj.plunginmycoupon.MyInfoUseCouponActivity",
            "com.jingdong.pdj.plunginmycoupon.elder.ElderMyInfoCouponActivity",
            "com.jingdong.pdj.plunginmyevaluate.MyInfoCommentsActivity",
            "com.jingdong.pdj.plunginmyfreshbean.activity.MyInfoScoreActivity",
            "com.jingdong.pdj.plunginmywallet.ElderMyWalletActivity",
            "com.jingdong.pdj.plunginmywallet.MyWalletActivity",
            "com.jingdong.pdj.plunginnativeact.NewActPageActivity",
            "com.jingdong.pdj.plunginnewpay.elder.ElderOrderCompletionActivity",
            "com.jingdong.pdj.plunginnewpay.nativepay.NativePayActivity",
            "com.jingdong.pdj.plunginnewpay.nativepay.PayFreeActivity",
            "com.jingdong.pdj.plunginnewpay.paycomplete.OrderCompleteActivity",
            "com.jingdong.pdj.plunginnewpay.paycomplete.OrderVipActivity",
            "com.jingdong.pdj.plunginnewpay.paycomplete.newordercomplete.OrderCompletionActivity",
            "com.jingdong.pdj.plunginnewpay.webpay.WebPayActivity",
            "com.jingdong.pdj.plunginnewstore.CouponPageActivity",
            "com.jingdong.pdj.plunginnewstore.ElderCouponPageActivity",
            "com.jingdong.pdj.plunginnewstore.ElderStoreActivity",
            "com.jingdong.pdj.plunginnewstore.NewStoreActivity",
            "com.jingdong.pdj.plunginorderdetail.orderdetail.OrderDetailActivity",
            "com.jingdong.pdj.plunginorderdetail.orderdetail.elder.ElderOrderDetailActivity",
            "com.jingdong.pdj.plunginorderdetail.orderdetail.modifydetail.EditOrderInfoActivity",
            "com.jingdong.pdj.plunginorderdetail.orderstatus.OrderInfoStatusActivity",
            "com.jingdong.pdj.plunginorderdetail.orderstatus.elder.ElderOrderInfoStatusActivity",
            "com.jingdong.pdj.plunginorderevaluate.OrderCommentAcitivityNew",
            "com.jingdong.pdj.plunginordersearch.OrderSearchResultActivity",
            "com.jingdong.pdj.plunginordersearch.OrderSearchWordsActivity",
            "com.jingdong.pdj.plunginsaleservice.activity.ReturnTypeActivity",
            "com.jingdong.pdj.plunginsaleservice.activity.SaleSupportDetailActivity",
            "com.jingdong.pdj.plunginsaleservice.activity.SaleSupportExchangeDetailActivity",
            "com.jingdong.pdj.plunginsaleservice.activity.SaleSupportListActivity",
            "com.jingdong.pdj.plunginsaleservice.activity.SalesSupportServiceActivity",
            "com.jingdong.pdj.plunginsaleservice.activity.SupportDetailActivity",
            "com.jingdong.pdj.plunginsaleservice.activity.TrackingStatusActivity",
            "com.jingdong.pdj.plunginscan.BarCodeScannerActivity",
            "com.jingdong.pdj.plunginscan.test.DirectScanActivity",
            "com.jingdong.pdj.plunginsearchall.FeedBackActivity",
            "com.jingdong.pdj.plunginsearchall.RedActivity",
            "com.jingdong.pdj.plunginsearchall.SearchActivity",
            "com.jingdong.pdj.plunginsearchall.SearchAllActivity",
            "com.jingdong.pdj.plunginsearchall.SearchAllAty",
            "com.jingdong.pdj.plunginsearchall.elder.activit.ElderSearchActivity",
            "com.jingdong.pdj.plunginsearchall.elder.activit.ElderSearchAllActivity",
            "com.jingdong.pdj.plunginsearchall.seckillsearch.SeckillSearchActivity",
            "com.jingdong.pdj.plunginsearchall.seckillsearch.SeckillSearchResultActivity",
            "com.jingdong.pdj.plunginsearchstore.SearchShopHomeActivity",
            "com.jingdong.pdj.plunginsearchstore.elder.ElderSearchStoreActivity",
            "com.jingdong.pdj.plunginsettment.PickMapActivity",
            "com.jingdong.pdj.plunginsettment.SettlementNewActivity",
            "com.jingdong.pdj.plunginsettment.address.SettleAddressListActivity",
            "com.jingdong.pdj.plunginsettment.receipt.CreateReceiptActivity",
            "com.jingdong.pdj.plunginsettment.receipt.NewReceiptActivity",
            "com.jingdong.pdj.plunginsettment.receipt.ReceiptActivity",
            "com.jingdong.pdj.plunginsettment.rxdrug.RxDrugEditActivity",
            "com.jingdong.pdj.plunginsettment.rxdrug.RxDrugUsersListActivity",
            "com.jingdong.pdj.plunginsettment.skulanding.FreightFreeLandingActivity",
            "com.jingdong.pdj.plunginshopact.StorePromotionActivity",
            "com.jingdong.pdj.plungintaozhuang.GroupBuyGoodsActivity",
            "com.jingdong.pdj.plungintools.AssistantDetailActivity",
            "com.jingdong.pdj.plunginupdate.update.UpdateDialogActivity",
            "com.jingdong.pdj.wxapi.WXEntryActivity",
            "com.jingdong.pdj.wxapi.WXPayEntryActivity",
            "com.pdj.lib.login.LoginActivity",
            "com.pdj.lib.login.LoginHtmlBaseActivity",
            "com.pdj.lib.login.LoginSelectBindingActivity",
            "com.pdj.lib.login.LoginSetPasswordActivity",
            "com.pdj.lib.login.thirdapi.InterfaceActivity",
            "com.sobot.chat.activity.SobotCameraActivity",
            "com.sobot.chat.activity.SobotChooseFileActivity",
            "com.sobot.chat.activity.SobotConsultationListActivity",
            "com.sobot.chat.activity.SobotFileDetailActivity",
            "com.sobot.chat.activity.SobotHelpCenterActivity",
            "com.sobot.chat.activity.SobotPhotoActivity",
            "com.sobot.chat.activity.SobotPhotoListActivity",
            "com.sobot.chat.activity.SobotProblemCategoryActivity",
            "com.sobot.chat.activity.SobotProblemDetailActivity",
            "com.sobot.chat.activity.SobotSkillGroupActivity",
            "com.sobot.chat.activity.SobotVideoActivity",
            "com.sobot.chat.activity.SobotWebViewActivity",
            "com.sobot.chat.conversation.SobotChatActivity",
            "com.tencent.bugly.beta.ui.BetaActivity",
            "com.tencent.connect.common.AssistActivity",
            "com.tencent.tauth.AuthActivity",
            "com.unionpay.UPPayWapActivity",
            "com.unionpay.uppay.PayActivity",
            "com.wangyin.payment.jdpaysdk.browser.BrowserActivity",
            "com.wangyin.payment.jdpaysdk.core.entrance.JProcessActivity",
            "com.wangyin.payment.jdpaysdk.counter.ui.pay.CounterActivity",
            "core.membercode.InstructionsActivity",
            "core.membercode.MemberCodeActivity",
            "core.myinfo.activity.GetCoupnActivity",
            "core.myinfo.activity.MyInfoAboutActivity",
            "core.myinfo.activity.MyInfoAccountActivity",
            "core.myinfo.activity.MyInfoAccountSafetyActivity",
            "core.myinfo.activity.MyInfoAutoRecomActivity",
            "core.myinfo.activity.MyInfoCommentsActivity",
            "core.myinfo.activity.MyInfoFeedBackActivity",
            "core.myinfo.activity.MyInfoFontSettingActivity",
            "core.myinfo.activity.MyInfoGiftCardActivity",
            "core.myinfo.activity.MyInfoPrivacySettingActivity",
            "core.myinfo.activity.MyInfoSettingActivity",
            "core.myinfo.activity.MyInfoUseCouponActivity",
            "core.myinfo.activity.MyInfoUserAgreementActivity",
            "core.myinfo.activity.msgcenter.MyInfoMsgSettingActivity",
            "core.myorder.OrderNoEvaluationActivity",
            "core.myorder.neworder.orderlist.landingpage.OrderLandPageActivity",
            "core.myorder.orderRoute.OrderDeliveryRouteActivity",
            "core.pay.PayActivity",
            "core.pay.PayFreeActivity",
            "dptest.DPActivity",
            "jd.cc.CCTestActivity",
            "jd.im.ImActivity",
            "jd.mozi3g.MoziActivity",
            "jd.open.OpenActivity",
            "jd.push.NotifyActivity",
            "jd.push.OpenPushActivity",
            "jd.test.MyInfoMapPickerActivityC",
            "jd.ui.photoview.PhotoViewActivity",
            "jd.uicomponents.imageuploading.view.BigImagePreviewActivity",
            "jd.uicomponents.imageuploading.view.MultiImageSelectorActivity",
            "jd.uicomponents.imageuploading.view.SingleImageActivity",
            "jd.web.WebActivity",
            "jd.web.WebViewErrorActivity",
            "main.act.NativeActCartDetailActivity",
            "main.address.activity.MyInfoCityActivity",
            "main.binding.view.BindingAffirmPhoneNumActivity",
            "main.binding.view.BindingInputNewPhoneNum",
            "main.binding.view.BindingPhoneActivity",
            "main.binding.view.BindingVerifyOldPhoneActivity",
            "main.binding.view.BindingVerifyPasswordActivity",
            "main.csdj.activity.CouponStoreListActivity",
            "main.csdj.activity.CsdjStroreListActivity",
            "main.csdj.activity.SkuCommentsActivity",
            "main.csdj.activity.StoreListActivity",
            "main.dialog.HomeRedPackageActivity",
            "main.homeold.activity.OldStoreListActivity",
            "main.miaosha.SeckillActivity",
            "main.qts.QTSOpenActivity",
            "pdj.agree.AgreementActivity",
            "pdj.agree.ConcealActivity",
            "pdj.main.ElderMainActivity",
            "pdj.main.MainActivity",
            "pdj.start.GuideActivity",
            "pdj.start.GuideLottieActivity",
            "pdj.start.NewStartActivity",
            "pdj.start.StartVideoActivity"
        ],
        "services": [
            "com.getui.gtc.GtcService",
            "com.huawei.agconnect.core.ServiceDiscovery",
            "com.huawei.hms.support.api.push.service.HmsMsgService",
            "com.igexin.sdk.HmsPushMessageService",
            "com.igexin.sdk.OppoAppPushService",
            "com.igexin.sdk.OppoPushService",
            "com.igexin.sdk.PushService",
            "com.jddj.weaver.lib.service.DefaultWeaverResultService",
            "com.jddj.weaver.lib.service.WeaverPatchForeService",
            "com.jddj.weaver.lib.service.WeaverPatchService",
            "com.jddj.weaver.lib.service.WeaverPatchService$InnerService",
            "com.jdjr.risk.identity.face.service.AysImgIntentService",
            "com.jingdong.pdj.plunginupdate.update.UpdateService",
            "com.meizu.cloud.pushsdk.NotificationService",
            "com.sobot.chat.core.channel.SobotTCPServer",
            "com.sobot.chat.server.SobotSessionServer",
            "com.tencent.smtt.export.external.DexClassLoaderProviderService",
            "com.vivo.push.sdk.service.CommandClientService",
            "com.xiaomi.mipush.sdk.MessageHandleService",
            "com.xiaomi.mipush.sdk.PushMessageHandler",
            "jd.push.gtpush.GTIntentService",
            "jd.push.gtpush.GTPushService",
            "jd.push.gtpush.GTReceiverService",
            "jd.sendmail.SendMailService",
            "main.flutter.service.FlutterResultService"
        ],
        "receivers": [
            "com.huawei.hms.support.api.push.PushMsgReceiver",
            "com.huawei.hms.support.api.push.PushReceiver",
            "com.igexin.sdk.FlymePushReceiver",
            "com.igexin.sdk.MiuiPushReceiver",
            "com.igexin.sdk.PushReceiver",
            "com.igexin.sdk.VivoPushMessageReceiver",
            "jd.push.NotificationService"
        ]
    },
    "stats": {
        "dex_count": 10,
        "native_lib_count": 50
    },
    "jadx": {
        "status": "ok",
        "duration_sec": 84.72,
        "sources_present": true,
        "java_file_count": 17747
    },
    "ast_analysis": {
        "location": 6,
        "microphone": 1,
        "camera": 126,
        "media_projection": 0,
        "dynamic_load": 0,
        "jni": 67
    },
    "analysis_state": "complete"
}