{
    "apk_name": "5E005CA88EEFD4BE3FF1C0FDDE1E43C1E7B8E0F33BFCD93E4C8C1E4DB5EBB5C3",
    "sha256": "5e005ca88eefd4be3ff1c0fdde1e43c1e7b8e0f33bfcd93e4c8c1e4db5ebb5c3",
    "metadata": {
        "package_name": "com.example.examda",
        "version_code": "231",
        "version_name": "3.6.1",
        "min_sdk": "21",
        "target_sdk": "29",
        "permissions": [
            "android.permission.ACCESS_COARSE_LOCATION",
            "android.permission.ACCESS_FINE_LOCATION",
            "android.permission.ACCESS_NETWORK_STATE",
            "android.permission.ACCESS_WIFI_STATE",
            "android.permission.BLUETOOTH",
            "android.permission.BLUETOOTH_CONNECT",
            "android.permission.CAMERA",
            "android.permission.CHANGE_NETWORK_STATE",
            "android.permission.CHANGE_WIFI_MULTICAST_STATE",
            "android.permission.CHANGE_WIFI_STATE",
            "android.permission.FOREGROUND_SERVICE",
            "android.permission.GET_TASKS",
            "android.permission.INTERNET",
            "android.permission.KILL_BACKGROUND_PROCESSES",
            "android.permission.MODIFY_AUDIO_SETTINGS",
            "android.permission.MOUNT_UNMOUNT_FILESYSTEMS",
            "android.permission.READ_EXTERNAL_STORAGE",
            "android.permission.READ_LOGS",
            "android.permission.READ_PHONE_STATE",
            "android.permission.RECEIVE_USER_PRESENT",
            "android.permission.RECORD_AUDIO",
            "android.permission.REQUEST_INSTALL_PACKAGES",
            "android.permission.SYSTEM_ALERT_WINDOW",
            "android.permission.VIBRATE",
            "android.permission.WAKE_LOCK",
            "android.permission.WRITE_EXTERNAL_STORAGE",
            "android.permission.WRITE_SETTINGS",
            "com.coloros.mcs.permission.RECIEVE_MCS_MESSAGE",
            "com.example.examda.permission.JPUSH_MESSAGE",
            "com.example.examda.permission.MIPUSH_RECEIVE",
            "com.example.examda.permission.PROCESS_PUSH_MSG",
            "com.example.examda.permission.PUSH_PROVIDER",
            "com.google.android.apps.photos.permission.GOOGLE_PHOTOS",
            "com.heytap.mcs.permission.RECIEVE_MCS_MESSAGE",
            "com.huawei.android.launcher.permission.CHANGE_BADGE",
            "com.huawei.appmarket.service.commondata.permission.GET_COMMON_DATA"
        ],
        "activities": [
            "cn.jpush.android.service.DActivity",
            "cn.jpush.android.service.JNotifyActivity",
            "cn.jpush.android.ui.PopWinActivity",
            "cn.jpush.android.ui.PushActivity",
            "com.alipay.sdk.app.AlipayResultActivity",
            "com.alipay.sdk.app.H5AuthActivity",
            "com.alipay.sdk.app.H5PayActivity",
            "com.alipay.sdk.app.PayResultActivity",
            "com.cmic.sso.sdk.activity.LoginAuthActivity",
            "com.easefun.polyv.livecloudclass.scenes.PLVLCCloudClassActivity",
            "com.example.examda.activity.E01_AccessActivity",
            "com.example.examda.activity.E03_HomeActivity",
            "com.example.examda.activity.E04_CoolViewActivity",
            "com.example.examda.activity.E05_CaptureActivity",
            "com.example.examda.activity.E06_ScanResultsActivity",
            "com.example.examda.activity.E09_WebStartActivity",
            "com.example.examda.activity.E09_WebStartForArouterActivity",
            "com.example.examda.activity.E10_SelectClustersActivity",
            "com.example.examda.activity.E11_SelectCityActivity",
            "com.example.examda.activity.E11_SelectTagActivity",
            "com.example.examda.activity.E13_ScannerLoginActivity",
            "com.example.examda.activity.E14_JsPushStartForArouterActivity",
            "com.example.examda.activity.NewIndexCustomActivity",
            "com.example.examda.module.answerquestion.activity.AQ03_QuestionActivity",
            "com.example.examda.module.answerquestion.activity.AQ06_ImagerLoader",
            "com.example.examda.module.answerquestion.activity.AQ07_GridviewPicLoader",
            "com.example.examda.module.answerquestion.activity.AQ_ReservePhoneAnswerActivity",
            "com.example.examda.module.answerquestion.activity.AnswerDetailActivity",
            "com.example.examda.module.answerquestion.activity.ModifyDialogActivity",
            "com.example.examda.module.answerquestion.activity.MyAnswerActivity",
            "com.example.examda.module.assessment.activity.AssessmentCardListActivity",
            "com.example.examda.module.assessment.activity.AssessmentPaperListActivity",
            "com.example.examda.module.assessment.activity.AssessmentQuesActivity",
            "com.example.examda.module.assessment.activity.AssessmentRankingListActivity",
            "com.example.examda.module.assessment.activity.AssessmentResultActivity",
            "com.example.examda.module.community.activity.CO01_communityListActivity",
            "com.example.examda.module.community.activity.CO04_MyCommunityActivity",
            "com.example.examda.module.community.activity.CommunityDetailActivity",
            "com.example.examda.module.community.activity.DatumDetailListActivity",
            "com.example.examda.module.community.activity.DatumListActivity",
            "com.example.examda.module.community.activity.MyExamDatumActivity",
            "com.example.examda.module.community.activity.NO04_SendSubjectActivity",
            "com.example.examda.module.community.activity.PDFFeedbackActivity",
            "com.example.examda.module.community.activity.PDFViewActivity",
            "com.example.examda.module.community.activity.PostChildCommentActivity",
            "com.example.examda.module.community.activity.WebViewActivity",
            "com.example.examda.module.consult.activity.C05_NewNewsComments",
            "com.example.examda.module.consult.activity.C06_NewMoreComments",
            "com.example.examda.module.consult.activity.C07_ExamFAQ",
            "com.example.examda.module.consult.activity.C08_ExamFAQ_Details",
            "com.example.examda.module.consult.activity.C09_ExamCalend",
            "com.example.examda.module.consult.activity.C13_BeginGuide",
            "com.example.examda.module.consult.activity.C14_CorePointActivity",
            "com.example.examda.module.consult.activity.C18_Special",
            "com.example.examda.module.consult.activity.C21_InformationCollectionActivity",
            "com.example.examda.module.consult.activity.C22_ExamCheck",
            "com.example.examda.module.consult.activity.C24_ExamPoint_Type",
            "com.example.examda.module.consult.activity.C25_DiscussActivity",
            "com.example.examda.module.consult.activity.DialogActivity",
            "com.example.examda.module.consult.activity.NewsCommentDialogActivity",
            "com.example.examda.module.courseexamclock.activity.CourseClockHomeActivity",
            "com.example.examda.module.courseexamclock.activity.CourseClockResultActivity",
            "com.example.examda.module.courseexamclock.activity.CourseExamClockActivity",
            "com.example.examda.module.courseexamclock.activity.CourseExamClockCalendarActivity",
            "com.example.examda.module.courseexamclock.activity.ExamClockDoQuesActivity",
            "com.example.examda.module.courseexamclock.activity.ExamClockHomeActivity",
            "com.example.examda.module.courseexamclock.activity.ExamClockQuesSheetActivity",
            "com.example.examda.module.courserank.activity.CourseRankActivity",
            "com.example.examda.module.dailylesson.activity.DL01_DailyLectureActivity",
            "com.example.examda.module.down.activity.CachePublicActivity",
            "com.example.examda.module.down.activity.D02_TowOfflineCachingActivity",
            "com.example.examda.module.down.activity.R18_CourseDownEditActivity",
            "com.example.examda.module.ebook.activity.EB02_EBookListActivity",
            "com.example.examda.module.ebook.activity.EB04_EBookdetailActivity",
            "com.example.examda.module.ebook.activity.EB06_DirMarFragmentActivity",
            "com.example.examda.module.ebook.activity.EB07_TextBookActivity",
            "com.example.examda.module.ebook.activity.EB08_MyTextBookActivity",
            "com.example.examda.module.ebook.activity.EB10HandoutListActivity",
            "com.example.examda.module.ebook.newactivity.EbookReadActivity",
            "com.example.examda.module.ebook.newactivity.HandoutReadActivity",
            "com.example.examda.module.ebook.newactivity.TextBookReadActivity",
            "com.example.examda.module.examinationremind.activity.AlertDialogActivity",
            "com.example.examda.module.examinationremind.activity.ER02_AddExamination",
            "com.example.examda.module.examinationremind.activity.ER03_RemindTodayActivity",
            "com.example.examda.module.examinationremind.activity.ER04_ExaminationRemind",
            "com.example.examda.module.examinationremind.activity.FrontAlertDialogActivity",
            "com.example.examda.module.examshorthand.activity.ClockReminderActivity",
            "com.example.examda.module.examshorthand.activity.DownloadPdfDialogActivity",
            "com.example.examda.module.examshorthand.activity.ShortHandActivity",
            "com.example.examda.module.examshorthand.activity.ShortHandCatalogActivity",
            "com.example.examda.module.examshorthand.activity.ShortHandListActivity",
            "com.example.examda.module.examshorthand.activity.ShortHandReportActivity",
            "com.example.examda.module.handout.HandOutDetailActivity",
            "com.example.examda.module.handout.HandOutListActivity",
            "com.example.examda.module.homepage.activity.LessonHomeActivity",
            "com.example.examda.module.homepage.activity.MyNewPronActivity",
            "com.example.examda.module.homepage.activity.QuestionHomeActivity",
            "com.example.examda.module.homepage.activity.StudyHomePageActivity",
            "com.example.examda.module.information.activity.FollowHomePageActivity",
            "com.example.examda.module.information.activity.IF02_NewsDetailActivity",
            "com.example.examda.module.information.activity.IF04_SubjectSelectDialogActivity",
            "com.example.examda.module.information.activity.IF08_AskAnswerDetailActivity",
            "com.example.examda.module.information.activity.IF10_NovisGuideActivity",
            "com.example.examda.module.information.activity.IF11_CommentReplyActivity",
            "com.example.examda.module.information.activity.IF12_InformationMenuActivity",
            "com.example.examda.module.information.activity.IF13_MyFollowActivity",
            "com.example.examda.module.informations.activity.CorePointActivity",
            "com.example.examda.module.informations.activity.ExamAnswerQuesActivity",
            "com.example.examda.module.informations.activity.ExamTrendsActivity",
            "com.example.examda.module.informations.activity.SubjectSelectDialogActivity",
            "com.example.examda.module.integral.activity.I03_integralTask",
            "com.example.examda.module.live.LiveDetailActivity",
            "com.example.examda.module.live.MyLiveActivity",
            "com.example.examda.module.medal.activity.MedalDetailActivity",
            "com.example.examda.module.medal.activity.MedalListActivity",
            "com.example.examda.module.newebook.activity.DirMarkFragmentActivity",
            "com.example.examda.module.newebook.activity.EbookNotesReadActivity",
            "com.example.examda.module.newebook.activity.NewHandoutReadActivity",
            "com.example.examda.module.newebook.activity.NewTextBookReadActivity",
            "com.example.examda.module.newexam.activity.ErrorAnalyzeActivity",
            "com.example.examda.module.newexam.activity.ImageAdvertisementActivity",
            "com.example.examda.module.newexam.activity.NewChapterListActivity",
            "com.example.examda.module.newexam.activity.NewMockPaperActivity",
            "com.example.examda.module.newexam.activity.NewOverYearQuesActivity",
            "com.example.examda.module.newexam.activity.QuesDbChargeActivity",
            "com.example.examda.module.newlesson.activity.NL01_LessonDetailActivity",
            "com.example.examda.module.newlesson.activity.NL09_MyStudyReportActivity",
            "com.example.examda.module.newlesson.activity.NL10_ChangeCourseActivity",
            "com.example.examda.module.newlesson.activity.NL11_ChangeTeacherActivity",
            "com.example.examda.module.newlesson.activity.NL12_StudyWeekActivity",
            "com.example.examda.module.newlesson.activity.NL13_StudyWeekDateActivity",
            "com.example.examda.module.newlesson.activity.NL14_CourseHelpActivity",
            "com.example.examda.module.newlesson.activity.NL_DialogActivity",
            "com.example.examda.module.newlesson.activity.NL_GroupBuyDialogActivity",
            "com.example.examda.module.newquesbank.activity.MyExamNoteActivity",
            "com.example.examda.module.newquesbank.activity.NQ04_NewExActivity",
            "com.example.examda.module.newquesbank.activity.NQ05_NewAnswerSheetActivity",
            "com.example.examda.module.newquesbank.activity.NQ06_QuesResultActivity",
            "com.example.examda.module.newquesbank.activity.NQ07_MockExamActivity",
            "com.example.examda.module.newquesbank.activity.NQ08_ExamPaperDetailActivity",
            "com.example.examda.module.newquesbank.activity.NQ10_NewDailyExerciseActivity",
            "com.example.examda.module.newquesbank.activity.NQ12_OfflineSubjectActivity",
            "com.example.examda.module.newquesbank.activity.NQ17_DoQuesRecordActivity",
            "com.example.examda.module.newquesbank.activity.NQ17_MoreRecordActivity",
            "com.example.examda.module.newquesbank.activity.NQ21_FavListActivity",
            "com.example.examda.module.newquesbank.activity.NQ24_TraineeNoteListActivity",
            "com.example.examda.module.newquesbank.activity.NQ26_DialogActivity",
            "com.example.examda.module.newquesbank.activity.NQ27_NoteDetailActivity",
            "com.example.examda.module.newquesbank.activity.NQ29_SpecialisedListActivity",
            "com.example.examda.module.newquesbank.activity.NQ32_ExerReportActivity",
            "com.example.examda.module.newquesbank.activity.NQ37_GradeSelfActivity",
            "com.example.examda.module.newquesbank.activity.NQ_EstimateReportActivity",
            "com.example.examda.module.newquesbank.activity.NQ_EstimateReportShareActivity",
            "com.example.examda.module.newquesbank.activity.NQ_SubjectPopActivity",
            "com.example.examda.module.newquesbank.activity.NewEasyErrorListActivity",
            "com.example.examda.module.newquesbank.activity.NewQuesErrorListActivity",
            "com.example.examda.module.newquesbank.activity.NoteReplyDialogActivity",
            "com.example.examda.module.newquesbank.activity.PaperCommentActivity",
            "com.example.examda.module.newquesbank.answerques.activity.ChaseAskDialogActivity",
            "com.example.examda.module.newquesbank.answerques.activity.CourseExamComplaintActivity",
            "com.example.examda.module.newquesbank.answerques.activity.ExamAnswerQuesActivity",
            "com.example.examda.module.newquesbank.answerques.activity.ExamAskDetailActivity",
            "com.example.examda.module.newquesbank.answerques.activity.ExamAskListActivity",
            "com.example.examda.module.newquesbank.answerques.activity.MyAllExamAskListActivity",
            "com.example.examda.module.newquesbank.inventedactivity.activity.InventedHomeActivity",
            "com.example.examda.module.newquesbank.inventedactivity.activity.InventedLevelActivity",
            "com.example.examda.module.newquesbank.inventedactivity.activity.InventedQuesActivity",
            "com.example.examda.module.newquesbank.inventedactivity.activity.InventedRankActivity",
            "com.example.examda.module.newquesbank.inventedactivity.activity.InventedRecordActivity",
            "com.example.examda.module.newquesbank.inventedactivity.activity.InventedReportActivity",
            "com.example.examda.module.newquesbank.inventedactivity.activity.InventedSheetActivity",
            "com.example.examda.module.newquesbank.newactivity.MockTeamRecordActivity",
            "com.example.examda.module.newquesbank.newactivity.NQ_MockGameResultActivity",
            "com.example.examda.module.newquesbank.newactivity.NQ_MockMegagameActivity",
            "com.example.examda.module.newquesbank.newactivity.NQ_MockPaperDetailActivity",
            "com.example.examda.module.newquesbank.newactivity.NQ_MockRankListActivity",
            "com.example.examda.module.newquesbank.newactivity.NQ_MyExamRewardsActivity",
            "com.example.examda.module.newquesbank.newactivity.NewMockPreviousActivity",
            "com.example.examda.module.newquesbank.newdoques.activity.MockDoquesActivity",
            "com.example.examda.module.newquesbank.newdoques.activity.NewAnswerSheetActivity",
            "com.example.examda.module.newquesbank.newdoques.activity.PaperDoquesActivity",
            "com.example.examda.module.newquesbank.newdoques.activity.PayPaperDoquesActivity",
            "com.example.examda.module.newquesbank.vipdbactivity.NewVipSpotQuesActivity",
            "com.example.examda.module.newquesbank.vipdbactivity.VA06_ExamPointDetailActivity",
            "com.example.examda.module.newquesbank.vipdbactivity.VA10_VipProtocalListActivity",
            "com.example.examda.module.newvideo.activity.CourseHelpVideoActivity",
            "com.example.examda.module.newvideo.activity.NVD01_VideoActivity",
            "com.example.examda.module.own.activity.MyRedBagActivity",
            "com.example.examda.module.own.activity.MyRedBagSelectActivity",
            "com.example.examda.module.own.activity.O04_PublicWebActivity",
            "com.example.examda.module.own.activity.O05_SettingsActivity",
            "com.example.examda.module.own.activity.O06_FeedbackActivity",
            "com.example.examda.module.own.activity.O07_AboutActivity",
            "com.example.examda.module.own.activity.O09_PersonalCenterActivity",
            "com.example.examda.module.own.activity.O10_ChangeNicknameActivity",
            "com.example.examda.module.own.activity.O11_SetGenderActivity",
            "com.example.examda.module.own.activity.O15_AssistantActivity",
            "com.example.examda.module.own.activity.O18_ModifyBindActivity",
            "com.example.examda.module.own.activity.O19_TrdPartyBindActivity",
            "com.example.examda.module.own.activity.O22_InviteFriendsActivity",
            "com.example.examda.module.own.activity.O24_YHQActivity",
            "com.example.examda.module.own.activity.O25_AddAddress",
            "com.example.examda.module.own.activity.O26_AddressChoose",
            "com.example.examda.module.own.activity.O28_NewMsgCenterActivity",
            "com.example.examda.module.own.activity.O29_SignInActivity",
            "com.example.examda.module.own.activity.O30_NetCheckActivity",
            "com.example.examda.module.own.activity.O32_ManageAddressActivity",
            "com.example.examda.module.own.activity.O33_PersonalHeadSetActivity",
            "com.example.examda.module.own.activity.O33_PushMessageActivity",
            "com.example.examda.module.own.activity.O34_IntegralDetailActivity",
            "com.example.examda.module.own.activity.O35_CancelUserActivity",
            "com.example.examda.module.own.activity.O36_CancelReasonActivity",
            "com.example.examda.module.own.activity.O37_CancelFailActivity",
            "com.example.examda.module.own.activity.O38_CancelVerifyActivity",
            "com.example.examda.module.own.activity.O39_CancelResultActivity",
            "com.example.examda.module.own.activity.PermissionDetailActivity",
            "com.example.examda.module.own.activity.SubPublicWebActivity",
            "com.example.examda.module.own.activity.SystemPermissionActivity",
            "com.example.examda.module.own.newactivity.NO01_UserLoginActivity",
            "com.example.examda.module.own.newactivity.NO06_ChangeModifyBindActivity",
            "com.example.examda.module.own.newactivity.NO08_SetAccountPwdActivity",
            "com.example.examda.module.own.newactivity.NO11_MyNewPronTwoLelActivity",
            "com.example.examda.module.own.newactivity.NO12_PaperAppraisalActivity",
            "com.example.examda.module.own.newactivity.NO13_LessonAppraisalActivity",
            "com.example.examda.module.own.newactivity.NO14BindMobile_ThirdActivity",
            "com.example.examda.module.own.newactivity.NO17_StudyPlanActivity",
            "com.example.examda.module.own.newactivity.NO19_SetPassWordAtivity",
            "com.example.examda.module.own.newactivity.NO20_InviteRecordActivity",
            "com.example.examda.module.own.newactivity.NO21_QykInfoActivity",
            "com.example.examda.module.own.newactivity.NO_LogisticsInfoActivity",
            "com.example.examda.module.own.newactivity.NO_MyExpressActivity",
            "com.example.examda.module.payment.activity.CourseGroupPaySuccessActivity",
            "com.example.examda.module.payment.activity.P02_OrderPaymentActivity",
            "com.example.examda.module.payment.activity.P03_PaymentSuccessReminderActivity",
            "com.example.examda.module.payment.activity.P05_OrderDetailActivity",
            "com.example.examda.module.payment.activity.SendBookDialogActivity",
            "com.example.examda.module.payment.activity.SpecialCoursePaySuccessActivity",
            "com.example.examda.module.payment.activity.ZeroCourseGetSuccessActivity",
            "com.example.examda.module.relearn.activity.RL01_ApplyRelearnedActivity",
            "com.example.examda.module.relearn.activity.RL02_DropDealActivity",
            "com.example.examda.module.review.activity.MyBillDetailActivity",
            "com.example.examda.module.review.activity.R09_CourseEvaluationDetailActivity",
            "com.example.examda.module.review.activity.R17_MyCommentsActivity",
            "com.example.examda.module.review.activity.R22_MoreComments",
            "com.example.examda.module.review.activity.R24_CommentReplyActivity",
            "com.example.examda.module.review.activity.R25_CourseEvaluationDetailActivity",
            "com.example.examda.module.review.newactivity.LogisticsCompanyListActivity",
            "com.example.examda.module.review.newactivity.NR03_SignProtocolActivity",
            "com.example.examda.module.review.newactivity.NR04_ProtocolActivity",
            "com.example.examda.module.review.newactivity.NR05_VIPIamelloseActivity",
            "com.example.examda.module.review.newactivity.NR10_CourseDetailsActivity",
            "com.example.examda.module.review.newactivity.NR14_MeidiaNoteActivity",
            "com.example.examda.module.review.newactivity.NR15_LearningRecordActvity",
            "com.example.examda.module.review.newactivity.NR19_RefundApplyActivity",
            "com.example.examda.module.review.newactivity.NR20_RefundProgressActivity",
            "com.example.examda.module.review.newactivity.NR21_SignResultActivity",
            "com.example.examda.module.review.newactivity.NR22_CourseEvaluateActivity",
            "com.example.examda.module.review.newactivity.NR23_TeacherEvaluateActivity",
            "com.example.examda.module.review.newactivity.NR24_CourseEvaluateReviewActivity",
            "com.example.examda.module.review.newactivity.NR25_ExamPaperDialogActivity",
            "com.example.examda.module.review.newactivity.NR26_CourseAdvActivity",
            "com.example.examda.module.review.newactivity.NR27_CourseEggActivity",
            "com.example.examda.module.review.newactivity.NewMyOrderListActivity",
            "com.example.examda.module.review.newactivity.R17_MyCenterNotesActivity",
            "com.example.examda.module.review.newactivity.RejectGoodsLogisticsActivity",
            "com.example.examda.module.review.newactivity.ServiceTypeChooseActivity",
            "com.example.examda.module.search.SearchActivity",
            "com.example.examda.module.studyplan.activity.CourseClassActivity",
            "com.example.examda.module.studyplan.activity.StudyPlanClockCalendarActivity",
            "com.example.examda.module.studyplan.activity.StudyPlanHomeActivity",
            "com.example.examda.module.studyplan.activity.StudyPlanSetActivity",
            "com.example.examda.module.studyrank.activity.StudyRankActivity",
            "com.example.examda.wxapi.WXEntryActivity",
            "com.example.examda.wxapi.WXPayEntryActivity",
            "com.hpplay.sdk.source.mirror.yim.render.MirrorPlayerActivity",
            "com.hpplay.sdk.source.permission.PermissionBridgeActivity",
            "com.huawei.hms.activity.BridgeActivity",
            "com.huawei.hms.activity.EnableServiceActivity",
            "com.huawei.updatesdk.service.otaupdate.AppUpdateActivity",
            "com.huawei.updatesdk.support.pm.PackageInstallerActivity",
            "com.mobile.auth.gatewayauth.LoginAuthActivity",
            "com.mobile.auth.gatewayauth.activity.AuthWebVeiwActivity",
            "com.sina.weibo.sdk.share.ShareChatActivity",
            "com.sina.weibo.sdk.share.ShareResultActivity",
            "com.sina.weibo.sdk.share.ShareStoryActivity",
            "com.sina.weibo.sdk.share.ShareTransActivity",
            "com.sina.weibo.sdk.web.WebActivity",
            "com.sobot.chat.activity.SobotCameraActivity",
            "com.sobot.chat.activity.SobotChooseCityActivity",
            "com.sobot.chat.activity.SobotChooseFileActivity",
            "com.sobot.chat.activity.SobotConsultationListActivity",
            "com.sobot.chat.activity.SobotCusFieldActivity",
            "com.sobot.chat.activity.SobotFileDetailActivity",
            "com.sobot.chat.activity.SobotHelpCenterActivity",
            "com.sobot.chat.activity.SobotPhotoActivity",
            "com.sobot.chat.activity.SobotPhotoListActivity",
            "com.sobot.chat.activity.SobotPostCategoryActivity",
            "com.sobot.chat.activity.SobotPostLeaveMsgActivity",
            "com.sobot.chat.activity.SobotPostMsgActivity",
            "com.sobot.chat.activity.SobotProblemCategoryActivity",
            "com.sobot.chat.activity.SobotProblemDetailActivity",
            "com.sobot.chat.activity.SobotQueryFromActivity",
            "com.sobot.chat.activity.SobotSkillGroupActivity",
            "com.sobot.chat.activity.SobotTicketDetailActivity",
            "com.sobot.chat.activity.SobotVideoActivity",
            "com.sobot.chat.activity.WebViewActivity",
            "com.sobot.chat.conversation.SobotChatActivity",
            "com.sobot.chat.widget.dialog.SobotEvaluateActivity",
            "com.sobot.chat.widget.dialog.SobotPostMsgTmpListActivity",
            "com.sobot.chat.widget.dialog.SobotReplyActivity",
            "com.sobot.chat.widget.dialog.SobotRobotListActivity",
            "com.sobot.chat.widget.dialog.SobotTicketEvaluateActivity",
            "com.tencent.connect.common.AssistActivity",
            "com.tencent.liteav.video.TXScreenCapture$TXScreenCaptureAssistantActivity",
            "com.tencent.live.TXLiveActivity",
            "com.tencent.tauth.AuthActivity",
            "com.vivo.push.sdk.LinkProxyClientActivity",
            "pub.devrel.easypermissions.AppSettingsDialogHolderActivity"
        ],
        "services": [
            "cn.jpush.android.service.DaemonService",
            "cn.jpush.android.service.PluginHuaweiPlatformsService",
            "cn.jpush.android.service.PluginOppoPushService",
            "cn.jpush.android.service.PushService",
            "com.example.examda.module.examinationremind.service.RemindService",
            "com.example.examda.module.newquesbank.downcache.DownloadAudioService",
            "com.example.examda.module.newquesbank.downcache.SyncOffOnlineService",
            "com.example.examda.module.own.service.MyJCommonService",
            "com.heytap.msp.push.service.CompatibleDataMessageCallbackService",
            "com.heytap.msp.push.service.DataMessageCallbackService",
            "com.hpplay.component.screencapture.ScreenCaptureService",
            "com.hpplay.sdk.source.process.LelinkSdkService",
            "com.huawei.agconnect.core.ServiceDiscovery",
            "com.huawei.hms.support.api.push.service.HmsMsgService",
            "com.sobot.chat.core.channel.SobotTCPServer",
            "com.sobot.chat.server.SobotSessionServer",
            "com.vivo.push.sdk.service.CommandClientService",
            "com.xiaomi.mipush.sdk.MessageHandleService",
            "com.xiaomi.mipush.sdk.PushMessageHandler",
            "com.xiaomi.push.service.XMJobService",
            "com.xiaomi.push.service.XMPushService"
        ],
        "receivers": [
            "cn.jpush.android.asus.AsusPushMessageReceiver",
            "cn.jpush.android.service.AlarmReceiver",
            "cn.jpush.android.service.PluginVivoMessageReceiver",
            "cn.jpush.android.service.PluginXiaomiPlatformsReceiver",
            "cn.jpush.android.service.PushReceiver",
            "cn.jpush.android.service.SchedulerReceiver",
            "com.example.examda.module.examinationremind.receiver.AlarmOnclickReceiver",
            "com.example.examda.module.examinationremind.receiver.AlarmReceiver",
            "com.example.examda.module.own.receiver.JsPushReceiver",
            "com.example.examda.module.own.receiver.MyJPushMessageReceiver",
            "com.example.examda.service.CustomerReceiver",
            "com.example.examda.service.NotificationClickReceiver",
            "com.example.examda.wxapi.AppRegister",
            "com.hpplay.sdk.source.process.LelinkReceiver",
            "com.huawei.hms.support.api.push.PushMsgReceiver",
            "com.huawei.hms.support.api.push.PushReceiver",
            "com.xiaomi.push.service.receivers.NetworkStatusReceiver",
            "com.xiaomi.push.service.receivers.PingReceiver"
        ]
    },
    "stats": {
        "dex_count": 1,
        "native_lib_count": 72
    },
    "jadx": {
        "status": "ok",
        "duration_sec": 4.23,
        "sources_present": true,
        "java_file_count": 11
    },
    "ast_analysis": {
        "location": 0,
        "microphone": 0,
        "camera": 0,
        "media_projection": 0,
        "dynamic_load": 0,
        "jni": 1
    },
    "analysis_state": "complete"
}