{
    "apk_name": "804AD0D48FD7126A849520C4DDB797FE9A263E66D2CCE83DC8029AC0396E7409",
    "sha256": "804ad0d48fd7126a849520c4ddb797fe9a263e66d2cce83dc8029ac0396e7409",
    "metadata": {
        "package_name": "org.acftcalculator.acft",
        "version_code": "62",
        "version_name": "3.1.26",
        "min_sdk": "23",
        "target_sdk": "36",
        "permissions": [
            "android.permission.ACCESS_ADSERVICES_AD_ID",
            "android.permission.ACCESS_ADSERVICES_ATTRIBUTION",
            "android.permission.ACCESS_ADSERVICES_TOPICS",
            "android.permission.ACCESS_NETWORK_STATE",
            "android.permission.FOREGROUND_SERVICE",
            "android.permission.INTERNET",
            "android.permission.READ_EXTERNAL_STORAGE",
            "android.permission.WAKE_LOCK",
            "android.permission.WRITE_EXTERNAL_STORAGE",
            "com.android.vending.BILLING",
            "com.google.android.c2dm.permission.RECEIVE",
            "com.google.android.finsky.permission.BIND_GET_INSTALL_REFERRER_SERVICE",
            "com.google.android.gms.permission.AD_ID",
            "org.acftcalculator.acft.DYNAMIC_RECEIVER_NOT_EXPORTED_PERMISSION"
        ],
        "activities": [
            "com.android.billingclient.api.ProxyBillingActivity",
            "com.android.billingclient.api.ProxyBillingActivityV2",
            "com.google.android.gms.ads.AdActivity",
            "com.google.android.gms.ads.NotificationHandlerActivity",
            "com.google.android.gms.ads.OutOfContextTestingActivity",
            "com.google.android.gms.common.api.GoogleApiActivity",
            "com.google.android.play.core.common.PlayCoreDialogWrapperActivity",
            "org.acftcalculator.acft.ImportProData",
            "org.acftcalculator.acft.MainActivity",
            "org.acftcalculator.acft.gui.ACFTInstrDetailContainer",
            "org.acftcalculator.acft.gui.SplashMain",
            "org.acftcalculator.acft.gui.VideoInstructionContainer"
        ],
        "services": [
            "androidx.room.MultiInstanceInvalidationService",
            "androidx.work.impl.background.systemalarm.SystemAlarmService",
            "androidx.work.impl.background.systemjob.SystemJobService",
            "androidx.work.impl.foreground.SystemForegroundService",
            "com.google.android.datatransport.runtime.backends.TransportBackendDiscovery",
            "com.google.android.datatransport.runtime.scheduling.jobscheduling.JobInfoSchedulerService",
            "com.google.android.gms.ads.AdService",
            "com.google.android.gms.measurement.AppMeasurementJobService",
            "com.google.android.gms.measurement.AppMeasurementService",
            "com.google.firebase.components.ComponentDiscoveryService"
        ],
        "receivers": [
            "androidx.profileinstaller.ProfileInstallReceiver",
            "androidx.work.impl.background.systemalarm.ConstraintProxy$BatteryChargingProxy",
            "androidx.work.impl.background.systemalarm.ConstraintProxy$BatteryNotLowProxy",
            "androidx.work.impl.background.systemalarm.ConstraintProxy$NetworkStateProxy",
            "androidx.work.impl.background.systemalarm.ConstraintProxy$StorageNotLowProxy",
            "androidx.work.impl.background.systemalarm.ConstraintProxyUpdateReceiver",
            "androidx.work.impl.background.systemalarm.RescheduleReceiver",
            "androidx.work.impl.diagnostics.DiagnosticsReceiver",
            "androidx.work.impl.utils.ForceStopRunnable$BroadcastReceiver",
            "com.google.android.datatransport.runtime.scheduling.jobscheduling.AlarmManagerSchedulerBroadcastReceiver",
            "com.google.android.gms.measurement.AppMeasurementReceiver"
        ],
        "permission_details": {
            "android.permission.ACCESS_ADSERVICES_AD_ID": "unknown",
            "android.permission.ACCESS_ADSERVICES_ATTRIBUTION": "unknown",
            "android.permission.ACCESS_ADSERVICES_TOPICS": "unknown",
            "android.permission.ACCESS_NETWORK_STATE": "normal",
            "android.permission.FOREGROUND_SERVICE": "normal",
            "android.permission.INTERNET": "normal",
            "android.permission.READ_EXTERNAL_STORAGE": "dangerous",
            "android.permission.WAKE_LOCK": "normal",
            "android.permission.WRITE_EXTERNAL_STORAGE": "dangerous",
            "com.android.vending.BILLING": "unknown",
            "com.google.android.c2dm.permission.RECEIVE": "unknown",
            "com.google.android.finsky.permission.BIND_GET_INSTALL_REFERRER_SERVICE": "unknown",
            "com.google.android.gms.permission.AD_ID": "unknown",
            "org.acftcalculator.acft.DYNAMIC_RECEIVER_NOT_EXPORTED_PERMISSION": "unknown"
        },
        "risk_counts": {
            "unknown": 8,
            "normal": 4,
            "dangerous": 2
        }
    },
    "stats": {
        "dex_count": 1,
        "native_lib_count": 4
    },
    "jadx": {
        "status": "ok",
        "duration_sec": 31.94,
        "sources_present": true,
        "java_file_count": 7236
    },
    "ast_analysis": {
        "location": 0,
        "microphone": 0,
        "camera": 6,
        "media_projection": 0,
        "dynamic_load": 0,
        "jni": 2
    },
    "analysis_state": "complete",
    "behavioral_structural_data": {
        "api_inventory": {
            "camera": 0,
            "microphone": 0,
            "location": 0,
            "torch": 0,
            "telephony_ops": 0,
            "system_commands": 0,
            "webview_interop": 8,
            "content_access": 0,
            "audio_control": 0,
            "vibration": 0,
            "network_io": 2,
            "scheduling_apis": 38,
            "dynamic_code": 219
        },
        "execution_context": {
            "in_service": 0,
            "in_receiver": 0,
            "in_activity": 0,
            "in_provider": 0,
            "unknown": 267
        },
        "scheduling_mechanisms": {
            "alarm_manager": 3,
            "handler_loop": 31,
            "job_scheduler": 4
        },
        "trigger_types": {
            "auto_triggered": 0,
            "user_triggered": 2
        },
        "dynamic_features": {
            "jni_usage": 2,
            "dynamic_loading": 3,
            "reflection": 217
        }
    }
}