{
    "apk_name": "3952AEB8067A6AD0E393DCDC9DFD98FB9668F1DA8C1EBFBD4F7D41702A191B1F",
    "sha256": "3952aeb8067a6ad0e393dcdc9dfd98fb9668f1da8c1ebfbd4f7d41702a191b1f",
    "metadata": {
        "package_name": "com.guide.ballistics.target",
        "version_code": "224",
        "version_name": "V2.0.24",
        "min_sdk": "26",
        "target_sdk": "35",
        "permissions": [
            "android.permission.ACCESS_COARSE_LOCATION",
            "android.permission.ACCESS_FINE_LOCATION",
            "android.permission.ACCESS_NETWORK_STATE",
            "android.permission.ACCESS_WIFI_STATE",
            "android.permission.CAMERA",
            "android.permission.INTERNET",
            "android.permission.READ_EXTERNAL_STORAGE",
            "android.permission.READ_MEDIA_IMAGES",
            "android.permission.READ_MEDIA_VIDEO",
            "android.permission.RECORD_AUDIO",
            "android.permission.WRITE_EXTERNAL_STORAGE",
            "com.android.vending.CHECK_LICENSE",
            "com.guide.ballistics.target.DYNAMIC_RECEIVER_NOT_EXPORTED_PERMISSION"
        ],
        "activities": [
            "com.blankj.utilcode.util.UtilsTransActivity",
            "com.blankj.utilcode.util.UtilsTransActivity4MainProcess",
            "com.guide.module_main.ui.ammunition.AmmunitionActivity",
            "com.guide.module_main.ui.view.BallisticChartActivity",
            "com.guide.module_main.ui.view.DeviceDetailActivity",
            "com.guide.module_main.ui.view.DeviceSettingFileChooseActivity",
            "com.guide.module_main.ui.view.DeviceSettingFileEditActivity",
            "com.guide.module_main.ui.view.DeviceWeatherSettingActivity",
            "com.guide.module_main.ui.view.FaqActivity",
            "com.guide.module_main.ui.view.LauncherActivity",
            "com.guide.module_main.ui.view.LocalSettingFileChooseActivity",
            "com.guide.module_main.ui.view.MainActivity",
            "com.guide.module_main.ui.view.NoticesActivity",
            "com.guide.module_main.ui.view.WebViewActivity",
            "com.guide.module_main.ui.view.WindActivity",
            "com.pairip.licensecheck.LicenseActivity"
        ],
        "services": [
            "androidx.room.MultiInstanceInvalidationService",
            "com.blankj.utilcode.util.MessengerUtils$ServerService"
        ],
        "receivers": [
            "androidx.profileinstaller.ProfileInstallReceiver"
        ],
        "permission_details": {
            "android.permission.ACCESS_COARSE_LOCATION": "dangerous",
            "android.permission.ACCESS_FINE_LOCATION": "dangerous",
            "android.permission.ACCESS_NETWORK_STATE": "normal",
            "android.permission.ACCESS_WIFI_STATE": "normal",
            "android.permission.CAMERA": "dangerous",
            "android.permission.INTERNET": "normal",
            "android.permission.READ_EXTERNAL_STORAGE": "dangerous",
            "android.permission.READ_MEDIA_IMAGES": "dangerous",
            "android.permission.READ_MEDIA_VIDEO": "dangerous",
            "android.permission.RECORD_AUDIO": "dangerous",
            "android.permission.WRITE_EXTERNAL_STORAGE": "dangerous",
            "com.android.vending.CHECK_LICENSE": "unknown",
            "com.guide.ballistics.target.DYNAMIC_RECEIVER_NOT_EXPORTED_PERMISSION": "unknown"
        },
        "risk_counts": {
            "dangerous": 8,
            "normal": 3,
            "unknown": 2
        }
    },
    "stats": {
        "dex_count": 5,
        "native_lib_count": 0
    },
    "jadx": {
        "status": "ok",
        "duration_sec": 96.95,
        "sources_present": true,
        "java_file_count": 8983
    },
    "ast_analysis": {
        "location": 10,
        "microphone": 1,
        "camera": 34,
        "media_projection": 0,
        "dynamic_load": 0,
        "jni": 2
    },
    "analysis_state": "complete"
}