{
    "apk_name": "55B53377D74374BE104F8D23F4589DD1B61A48884F5657B88A2F236BE037D592",
    "sha256": "55b53377d74374be104f8d23f4589dd1b61a48884f5657b88a2f236be037d592",
    "metadata": {
        "package_name": "com.youdao.dict",
        "version_code": "9020100",
        "version_name": "9.2.1",
        "min_sdk": "23",
        "target_sdk": "29",
        "permissions": [
            "android.permission.ACCESS_DOWNLOAD_MANAGER",
            "android.permission.ACCESS_NETWORK_STATE",
            "android.permission.ACCESS_WIFI_STATE",
            "android.permission.AUTHENTICATE_ACCOUNTS",
            "android.permission.BLUETOOTH",
            "android.permission.BLUETOOTH_ADMIN",
            "android.permission.BROADCAST_STICKY",
            "android.permission.CAMERA",
            "android.permission.CHANGE_CONFIGURATION",
            "android.permission.CHANGE_NETWORK_STATE",
            "android.permission.CHANGE_WIFI_STATE",
            "android.permission.DISABLE_KEYGUARD",
            "android.permission.DOWNLOAD_WITHOUT_NOTIFICATION",
            "android.permission.EXPAND_STATUS_BAR",
            "android.permission.FLASHLIGHT",
            "android.permission.FOREGROUND_SERVICE",
            "android.permission.GET_TASKS",
            "android.permission.INTERACT_ACROSS_USERS",
            "android.permission.INTERNET",
            "android.permission.KILL_BACKGROUND_PROCESSES",
            "android.permission.MANAGE_ACCOUNTS",
            "android.permission.MODIFY_AUDIO_SETTINGS",
            "android.permission.MOUNT_UNMOUNT_FILESYSTEMS",
            "android.permission.READ_APP_BADGE",
            "android.permission.READ_EXTERNAL_STORAGE",
            "android.permission.READ_LOGS",
            "android.permission.READ_PHONE_STATE",
            "android.permission.READ_SETTINGS",
            "android.permission.READ_SYNC_SETTINGS",
            "android.permission.READ_SYNC_STATS",
            "android.permission.RECORD_AUDIO",
            "android.permission.REORDER_TASKS",
            "android.permission.REQUEST_COMPANION_RUN_IN_BACKGROUND",
            "android.permission.REQUEST_COMPANION_USE_DATA_IN_BACKGROUND",
            "android.permission.REQUEST_INSTALL_PACKAGES",
            "android.permission.SYSTEM_ALERT_WINDOW",
            "android.permission.SYSTEM_OVERLAY_WINDOW",
            "android.permission.VIBRATE",
            "android.permission.WAKE_LOCK",
            "android.permission.WRITE_EXTERNAL_STORAGE",
            "android.permission.WRITE_SYNC_SETTINGS",
            "com.anddoes.launcher.permission.UPDATE_COUNT",
            "com.android.launcher.permission.INSTALL_SHORTCUT",
            "com.android.launcher.permission.READ_SETTINGS",
            "com.android.launcher.permission.WRITE_SETTINGS",
            "com.asus.msa.SupplementaryDID.ACCESS",
            "com.bbk.launcher2.permission.READ_SETTINGS",
            "com.coloros.mcs.permission.RECIEVE_MCS_MESSAGE",
            "com.heytap.mcs.permission.RECIEVE_MCS_MESSAGE",
            "com.htc.launcher.permission.READ_SETTINGS",
            "com.htc.launcher.permission.UPDATE_SHORTCUT",
            "com.huawei.android.launcher.permission.CHANGE_BADGE",
            "com.huawei.android.launcher.permission.CHANGE_BADGE ",
            "com.huawei.android.launcher.permission.READ_SETTINGS",
            "com.huawei.android.launcher.permission.WRITE_SETTINGS",
            "com.huawei.appmarket.service.commondata.permission.GET_COMMON_DATA",
            "com.majeur.launcher.permission.UPDATE_BADGE",
            "com.oppo.launcher.permission.READ_SETTINGS",
            "com.oppo.launcher.permission.WRITE_SETTINGS",
            "com.sec.android.provider.badge.permission.READ",
            "com.sec.android.provider.badge.permission.WRITE",
            "com.sonyericsson.home.permission.BROADCAST_BADGE",
            "com.sonymobile.home.permission.PROVIDER_INSERT_BADGE",
            "com.youdao.dict.permission.MIPUSH_RECEIVE",
            "com.youdao.dict.permission.PROCESS_PUSH_MSG",
            "com.youdao.dict.permission.PUSH_PROVIDER",
            "com.youdao.dict.permission.READ_PROVIDER",
            "com.youdao.dict.permission.RECEIVE_MSG",
            "freemme.permission.msa",
            "me.everything.badger.permission.BADGE_COUNT_READ",
            "me.everything.badger.permission.BADGE_COUNT_WRITE"
        ],
        "activities": [
            "cc.shinichi.library.MultiPicPreviewActivity",
            "cc.shinichi.library.view.ImagePreviewActivity",
            "com.alipay.sdk.app.APayEntranceActivity",
            "com.alipay.sdk.app.AlipayResultActivity",
            "com.alipay.sdk.app.H5AuthActivity",
            "com.alipay.sdk.app.H5OpenAuthActivity",
            "com.alipay.sdk.app.H5PayActivity",
            "com.alipay.sdk.app.PayResultActivity",
            "com.blankj.utilcode.util.UtilsTransActivity",
            "com.blankj.utilcode.util.UtilsTransActivity4MainProcess",
            "com.example.ydnetworkdiagnose.DiagnoseActivity",
            "com.huawei.hms.account.internal.ui.activity.AccountSignInHubActivity",
            "com.huawei.hms.activity.BridgeActivity",
            "com.huawei.hms.activity.EnableServiceActivity",
            "com.huawei.hms.hwid.internal.ui.activity.HwIdSignInHubActivity",
            "com.huawei.updatesdk.service.otaupdate.AppUpdateActivity",
            "com.huawei.updatesdk.support.pm.PackageInstallerActivity",
            "com.luck.picture.lib.PictureCustomCameraActivity",
            "com.luck.picture.lib.PictureExternalPreviewActivity",
            "com.luck.picture.lib.PicturePlayAudioActivity",
            "com.luck.picture.lib.PicturePreviewActivity",
            "com.luck.picture.lib.PictureSelectorActivity",
            "com.luck.picture.lib.PictureSelectorCameraEmptyActivity",
            "com.luck.picture.lib.PictureSelectorPreviewWeChatStyleActivity",
            "com.luck.picture.lib.PictureSelectorWeChatStyleActivity",
            "com.luck.picture.lib.PictureVideoPlayActivity",
            "com.sina.weibo.sdk.share.WbShareResultActivity",
            "com.sina.weibo.sdk.share.WbShareToStoryActivity",
            "com.sina.weibo.sdk.share.WbShareTransActivity",
            "com.sina.weibo.sdk.web.WeiboSdkWebActivity",
            "com.tencent.connect.common.AssistActivity",
            "com.tencent.tauth.AuthActivity",
            "com.vivo.push.sdk.LinkProxyClientActivity",
            "com.xiaomi.mipush.sdk.NotificationClickedActivity",
            "com.yalantis.ucrop.PictureMultiCuttingActivity",
            "com.yalantis.ucrop.UCropActivity",
            "com.youdao.accounts.personalcenter.PersonalActivity",
            "com.youdao.accounts.personalcenter.UGCTopicDialogActivity",
            "com.youdao.accounts.personalcenter.fansidols.FansFollowerActivity",
            "com.youdao.accounts.personalcenter.rank.ExpDetailActivity",
            "com.youdao.accounts.personalcenter.rank.UserRankActivity",
            "com.youdao.apisupport.noui.PermissionActivity",
            "com.youdao.baike.activity.BaBieTaActivity",
            "com.youdao.baike.activity.BaikeActivity",
            "com.youdao.baseapp.activity.AgentActivity",
            "com.youdao.community.activity.ChannelSelectActivity",
            "com.youdao.community.activity.CommunityActivity",
            "com.youdao.community.activity.CommunityImagePagerActivity",
            "com.youdao.community.activity.CommunityPostActivity",
            "com.youdao.community.activity.ImagePagerActivity",
            "com.youdao.community.activity.LevelRuleActivity",
            "com.youdao.community.activity.PersonalInfoActivity",
            "com.youdao.community.activity.PublishRichPostActivity",
            "com.youdao.community.activity.UnlockGuideActivity",
            "com.youdao.community.creator.CreatorCenterActivity",
            "com.youdao.community.creator.TaskCenterActivity",
            "com.youdao.community.detail.CommunityDetailActivity",
            "com.youdao.community.detail.CommunityVideoListActivity",
            "com.youdao.community.feature.activity.TopicDetailActivity",
            "com.youdao.community.home.followed.groups.MineGroupActivity",
            "com.youdao.community.home.group.detail.DetailGroupActivity",
            "com.youdao.community.personcenter.OfficialGalleryActivity",
            "com.youdao.community.personcenter.PersonalBackgroundActivity",
            "com.youdao.community.reward.VideoRewardActivity",
            "com.youdao.community.ugc.CommunityEditorActivity",
            "com.youdao.community.ugc.CommunityEvalActivity",
            "com.youdao.community.ugc.ImageEditActivity",
            "com.youdao.community.ugc.ImagePreviewActivity",
            "com.youdao.community.ugc.UGCMainActivity",
            "com.youdao.community.ugc.VideoClipActivity",
            "com.youdao.community.ugc.VideoCoverSelectActivity",
            "com.youdao.community.ugc.VideoPreviewActivity",
            "com.youdao.community.ugc.draft.UGCDraftActivity",
            "com.youdao.community.ugc.group.EditorGroupActivity",
            "com.youdao.course.sellingdetail.activity.CourseDetailPurchaseGuideActivity",
            "com.youdao.course.sellingdetail.activity.CourseSellingActivity",
            "com.youdao.course.sellingdetail.activity.CourseSellingCommentActivity",
            "com.youdao.course.sellingdetail.activity.SellingPackagesListActivity",
            "com.youdao.ct.ui.pictureSelector.PictureSelectorLocalActivity",
            "com.youdao.deeplink.RouterActivity",
            "com.youdao.dict.DisclaimerActivity",
            "com.youdao.dict.GTxPrint.PrintConnectActivity",
            "com.youdao.dict.GTxPrint.PrintContentActivity",
            "com.youdao.dict.activity.AboutActivity",
            "com.youdao.dict.activity.AdvDailyActivity",
            "com.youdao.dict.activity.AllCategoryActivity",
            "com.youdao.dict.activity.CardOrderAdjustActivity",
            "com.youdao.dict.activity.ClipboardSearchSettingActivity",
            "com.youdao.dict.activity.CourseDevSettingActivity",
            "com.youdao.dict.activity.DailyArticleActivity",
            "com.youdao.dict.activity.DailyImageInfoActivity",
            "com.youdao.dict.activity.DailyInfoPagerActivity",
            "com.youdao.dict.activity.DebugInfoActivity",
            "com.youdao.dict.activity.DetailInterpretationActivity",
            "com.youdao.dict.activity.DevOptionsActivity",
            "com.youdao.dict.activity.DictBrowserActivity",
            "com.youdao.dict.activity.DictDetailActivity",
            "com.youdao.dict.activity.DictHotBootSplashActivity",
            "com.youdao.dict.activity.DictLinkQueryActivity",
            "com.youdao.dict.activity.DictNewGuideActivity",
            "com.youdao.dict.activity.DictPreferenceActivity",
            "com.youdao.dict.activity.DictPreferenceSubListActivity",
            "com.youdao.dict.activity.DictQueryActivity",
            "com.youdao.dict.activity.DictSplashActivity",
            "com.youdao.dict.activity.DictUserInfoActivity",
            "com.youdao.dict.activity.DictVideoActivity",
            "com.youdao.dict.activity.FavoriteActivity",
            "com.youdao.dict.activity.FeedbackActivity",
            "com.youdao.dict.activity.FlowDailySubInfoLineActivity",
            "com.youdao.dict.activity.FollowReadActivity",
            "com.youdao.dict.activity.FreeNetworkActiveActivity",
            "com.youdao.dict.activity.FreeNetworkActivity",
            "com.youdao.dict.activity.FullAsrTextDisplayActivity",
            "com.youdao.dict.activity.GlobalPhoneticActivity",
            "com.youdao.dict.activity.ImageShareActivity",
            "com.youdao.dict.activity.ListenExamWebActivity",
            "com.youdao.dict.activity.MainActivity",
            "com.youdao.dict.activity.MiniProgramActivity",
            "com.youdao.dict.activity.MyCouponActivity",
            "com.youdao.dict.activity.MyFocusActivity",
            "com.youdao.dict.activity.MyPurchasedActivity",
            "com.youdao.dict.activity.NPSActivity",
            "com.youdao.dict.activity.NetworkDialognaseActivity",
            "com.youdao.dict.activity.NewYDHomeActivity",
            "com.youdao.dict.activity.OfflineDictDeleteManagerListActivity",
            "com.youdao.dict.activity.OfflineDictDownloadManageListActivity",
            "com.youdao.dict.activity.PrivacyWebViewActivity",
            "com.youdao.dict.activity.ProTranslateActivity",
            "com.youdao.dict.activity.ProcessTextActivity",
            "com.youdao.dict.activity.PwdTipActivity",
            "com.youdao.dict.activity.QandaTimelineActivity",
            "com.youdao.dict.activity.QuickDictQueryActivity",
            "com.youdao.dict.activity.QuickDictQueryDetailActivity",
            "com.youdao.dict.activity.SingleWebViewAcitivity",
            "com.youdao.dict.activity.TimelineActivity",
            "com.youdao.dict.activity.TransitActivity",
            "com.youdao.dict.activity.TranslateCompareActivity",
            "com.youdao.dict.activity.TranslatorActivity",
            "com.youdao.dict.activity.TranslatorHistoryActivity",
            "com.youdao.dict.activity.UserFollowActivity",
            "com.youdao.dict.activity.WarningDialogActivity",
            "com.youdao.dict.activity.YDWebActivity",
            "com.youdao.dict.activity.YoudaoHomeActivity",
            "com.youdao.dict.activity.account.AccountInfoActivity",
            "com.youdao.dict.activity.account.BindingTelephoneActivity",
            "com.youdao.dict.activity.account.BindingTelephoneErrorActivity",
            "com.youdao.dict.activity.account.ChangeTeleActivity",
            "com.youdao.dict.activity.account.LoginActivity",
            "com.youdao.dict.activity.account.ThirdPartyLoginActivity",
            "com.youdao.dict.activity.base.simple.NormalWebViewActivity",
            "com.youdao.dict.activity.course.DictSimpleVideoActivity",
            "com.youdao.dict.activity.course.KeLiveActivity",
            "com.youdao.dict.activity.revision.DictImageActivity",
            "com.youdao.dict.activity.revision.DictMoreActivity",
            "com.youdao.dict.activity.revision.DictResultVideoActivity",
            "com.youdao.dict.activity.revision.DictSentsActivity",
            "com.youdao.dict.activity.revision.DictShareActivity",
            "com.youdao.dict.activity.revision.DictVideoSentsActivity",
            "com.youdao.dict.activity.vipcenter.SafeDialogActivity",
            "com.youdao.dict.activity.vipcenter.TransHistoryEditActivity",
            "com.youdao.dict.activity.vipcenter.VipAutoBuySwitcherActivity",
            "com.youdao.dict.activity.vipcenter.VipCenterDBActivity",
            "com.youdao.dict.activity.vipcenter.VipCodeActivity",
            "com.youdao.dict.activity.vipcenter.VipOrderDetailActivity",
            "com.youdao.dict.activity.vipcenter.VipPrivilegeActivity",
            "com.youdao.dict.activity.vipcenter.VipSimpleDictPreviewActivity",
            "com.youdao.dict.activity.vipcenter.VipSimpleDictSettingActivity",
            "com.youdao.dict.activity.vipcenter.VipWebViewActivity",
            "com.youdao.dict.activity.youzan.StoreActivity",
            "com.youdao.dict.activity.youzan.YouzanBrowserActivity",
            "com.youdao.dict.applet.activity.AppletTakePhotoActivity",
            "com.youdao.dict.column.ColumnActivity",
            "com.youdao.dict.column.download.DownloadDetailsActivity",
            "com.youdao.dict.column.download.DownloadManagerActivity",
            "com.youdao.dict.common.lockscreen.activity.DictLockScreenSettingActivity",
            "com.youdao.dict.common.lockscreen.activity.LockScreenActivity",
            "com.youdao.dict.common.lockscreen.activity.LockScreenChooseWallpaperActivity",
            "com.youdao.dict.common.lockscreen.activity.LockScreenChooseWordBookActivity",
            "com.youdao.dict.common.lockscreen.activity.LockScreenChooseWordCategoryActivity",
            "com.youdao.dict.common.lockscreen.activity.LockScreenChooseWordOrderActivity",
            "com.youdao.dict.common.lockscreen.activity.LockScreenRecommendWallpaperActivity",
            "com.youdao.dict.course.activity.CourseActivity",
            "com.youdao.dict.dailysentence.DailySentenceActivity",
            "com.youdao.dict.dailysentence.DailyShareActivity",
            "com.youdao.dict.dialogue.activity.DialogueActivity",
            "com.youdao.dict.edumall.coursedetail.ui.EduCourseDetailActivity",
            "com.youdao.dict.edumall.mycourse.ui.EduMyCourseListActivity",
            "com.youdao.dict.fragment.search.activity.AcademicPaperDetailActivity",
            "com.youdao.dict.fragment.search.activity.AcademicPaperDownloadActivity",
            "com.youdao.dict.fragment.search.activity.AcademicPaperPdfDetailActivity",
            "com.youdao.dict.home.MoreToolsActivity",
            "com.youdao.dict.lib_navigation.DefaultNaviActivity",
            "com.youdao.dict.payment.PayActivity",
            "com.youdao.dict.player.video.FlowHomeVideoActivity",
            "com.youdao.dict.scan.BarcodeScanActivity",
            "com.youdao.dict.scan.LoginAuthorActivity",
            "com.youdao.dict.scan.ScanTextActivity",
            "com.youdao.dict.scan.WowBarcodeScanActivity",
            "com.youdao.dict.scan.utils.TransitSimpleActivity",
            "com.youdao.dict.vip.VipActivity",
            "com.youdao.dict.vip.VipCoursePromotionActivity",
            "com.youdao.dict.vip.VipListActivity",
            "com.youdao.dict.wordbook.DictWordBookCreateDelegateActivity",
            "com.youdao.dict.wordbook.DictWordBookDelegateActivity",
            "com.youdao.dict.wordbook.DictWordBookShortcutDelegateActivity",
            "com.youdao.dict.wordbook.oldwb.ui.pref.AccountBindingActivity",
            "com.youdao.dict.wxapi.WXEntryActivity",
            "com.youdao.dict.ydpen.DictPenLoginAuthorActivity",
            "com.youdao.dict.ydpen.YDPenProgramActivity",
            "com.youdao.dict.ydpen.YDPenRealTimeWordActivity",
            "com.youdao.dict.ydpen.ble.BLeScanActivity",
            "com.youdao.dict.youth.YouthInputPwdActivity",
            "com.youdao.dict.youth.YouthIntroActivity",
            "com.youdao.dict.youth.YouthSettingActivity",
            "com.youdao.dict_flutter_android_bridge.WordBookClockInActivity",
            "com.youdao.dict_flutter_android_bridge.WordBookFlutterActivity",
            "com.youdao.dict_flutter_android_bridge.WordBookWebViewActivity",
            "com.youdao.dict_flutter_android_bridge.WordBookWebViewFullScreenActivity",
            "com.youdao.feature_listening.ui.article.ArticleActivity",
            "com.youdao.feature_listening.ui.category.CategoryActivity",
            "com.youdao.feature_listening.ui.column.ColumnActivity",
            "com.youdao.feature_listening.ui.history.ArticleHistoryActivity",
            "com.youdao.feature_listening.ui.main.ListeningActivity",
            "com.youdao.feature_listening.ui.secondList.SubscribeListActivity",
            "com.youdao.feature_listening.ui.upload.MyUploadActivity",
            "com.youdao.feature_listening.ui.upload.UploadActivity",
            "com.youdao.feature_message.ui.comment.CommentActivity",
            "com.youdao.feature_message.ui.detail.DetailListActivity",
            "com.youdao.feature_message.ui.like.LikeCollectWowActivity",
            "com.youdao.feature_message.ui.main.H5NoNetActivity",
            "com.youdao.feature_message.ui.main.MessageCenterActivity",
            "com.youdao.feature_message.ui.setting.MessageSettingActivity",
            "com.youdao.flutter.FlutterBridgeActivity",
            "com.youdao.mdict.activities.InfoDetailActivity",
            "com.youdao.mdict.infoline.activity.FunnyPictureActivity",
            "com.youdao.mdict.infoline.activity.FunnyPictureCommentActivity",
            "com.youdao.mdict.share.ShareActivity",
            "com.youdao.mdict.snapshotshare.SnapshotShareActivity",
            "com.youdao.neocoursemain.activity.CourseListActivity",
            "com.youdao.neocoursemain.activity.PackageCourseDetailActivity",
            "com.youdao.neocoursemain.activity.PaymentSuccessActivity",
            "com.youdao.neocoursemain.activity.TagChooseActivity",
            "com.youdao.neocoursemain.activity.TeacherListActivity",
            "com.youdao.neocoursemain.activity.TeacherVerticalActivity",
            "com.youdao.neocoursemain.activity.VerticalActivity",
            "com.youdao.neocoursemain.activity.search.SearchActivity",
            "com.youdao.neocoursemain.activity.video.VideoListActivity",
            "com.youdao.offlinemanager.DownloadManagerActivity",
            "com.youdao.qanda.ui.activity.AnswerDetailActivity",
            "com.youdao.qanda.ui.activity.AnswerListActivity",
            "com.youdao.qanda.ui.activity.AskQuestionActivity",
            "com.youdao.qanda.ui.activity.GoodQuestionActivity",
            "com.youdao.qanda.ui.activity.MoreInviteActivity",
            "com.youdao.qanda.ui.activity.MyAnswerActivity",
            "com.youdao.qanda.ui.activity.MyConcernedActivity",
            "com.youdao.qanda.ui.activity.MyQandaActivity",
            "com.youdao.qanda.ui.activity.QandaActivity",
            "com.youdao.qanda.ui.activity.QuestionDetailActivity",
            "com.youdao.qanda.ui.activity.ReplyQuestionActivity",
            "com.youdao.qanda.ui.activity.ReviewQuestionActivity",
            "com.youdao.sdk.common.YouDaoBrowser",
            "com.youdao.sdk.listvideo.YouDaoListVideoActivity",
            "com.youdao.sdk.nativeads.YouDaoInterstitialActivity",
            "com.youdao.sdk.video.YouDaoVideoActivity",
            "com.youdao.sharesdk.platform.qq.QQCallbackActivity",
            "com.youdao.sharesdk.platform.weibo.SinaCallbackActivity",
            "com.youdao.soldcourse.activity.MyCourseActivity",
            "com.youdao.support.permission.PermissionActivity",
            "com.youdao.usertag.DictUserInfoActivity",
            "com.youdao.video.page.attention.TagAttentionListActivity",
            "com.youdao.video.page.label.LabelActivity",
            "com.youdao.video.page.search.SearchActivity",
            "com.youdao.webtrans.ui.recommend.WebTransRecommendActivity",
            "com.youdao.webtrans.ui.tab.WebTransActivity",
            "com.youdao.ydaccount.activity.ThirdPartyWebLoginActivity",
            "com.youdao.ydaccount.share.ShareLoginActivity",
            "com.youdao.ydaccountshare.wxapi.BaseWXEntryActivity",
            "com.youdao.ydaccountshare.yxapi.BaseYXEntryActivity",
            "com.youdao.ydcropper.CropImageActivity",
            "com.youdao.yddocumenttranslate.activity.DocHistoryActivity",
            "com.youdao.yddocumenttranslate.activity.DocResultActivity",
            "com.youdao.yddocumenttranslate.activity.DocTransActivity",
            "com.youdao.yddocumenttranslate.activity.DocWebActivity",
            "com.youdao.ydliveplayer.activity.NPSViewActivity",
            "com.youdao.ydliveplayer.activity.YDLiveActivity",
            "com.youdao.ydplayerview.SimpleVideoActivity",
            "com.youdao.ydpush.huawei.HuaweiPushReceiveActivity",
            "com.youdao.ydpush.oppo.OppoLoadActivity",
            "ray.toolkit.pocketx.activity.NEURSNetworkActivity",
            "ray.toolkit.pocketx.activity.WebviewActivity",
            "ydpaylib.aliapi.AliPayResultActivity",
            "ydpaylib.hwapi.HWPayActivity",
            "ydpaylib.wxapi.WXPayEntryActivity"
        ],
        "services": [
            "androidx.room.MultiInstanceInvalidationService",
            "cn.memobird.gtx.task.GtxService",
            "com.baidu.speech.VoiceRecognitionService",
            "com.blankj.utilcode.util.MessengerUtils$ServerService",
            "com.heytap.msp.push.service.CompatibleDataMessageCallbackService",
            "com.heytap.msp.push.service.DataMessageCallbackService",
            "com.huawei.agconnect.core.ServiceDiscovery",
            "com.huawei.hms.support.api.push.service.HmsMsgService",
            "com.liulishuo.filedownloader.services.FileDownloadService$SeparateProcessService",
            "com.liulishuo.filedownloader.services.FileDownloadService$SharedMainProcessService",
            "com.netease.nimlib.job.NIMJobService",
            "com.netease.nimlib.service.NimService",
            "com.netease.nimlib.service.NimService$Aux",
            "com.netease.nimlib.service.ResponseService",
            "com.vivo.push.sdk.service.CommandClientService",
            "com.xiaomi.mipush.sdk.MessageHandleService",
            "com.xiaomi.mipush.sdk.PushMessageHandler",
            "com.xiaomi.push.service.XMJobService",
            "com.xiaomi.push.service.XMPushService",
            "com.youdao.dict.activity.vipcenter.LoadSimpleResourceService",
            "com.youdao.dict.backend.ClipboardWatcher",
            "com.youdao.dict.common.QuickDictService",
            "com.youdao.dict.common.lockscreen.AliveJobService",
            "com.youdao.dict.common.lockscreen.LockScreenIntentService",
            "com.youdao.dict.common.lockscreen.LockScreenService",
            "com.youdao.dict.player.audio.SoundService",
            "com.youdao.dict.review.ActivityOverService",
            "com.youdao.dict.services.BackupWordbookService",
            "com.youdao.dict.services.NewResourceService",
            "com.youdao.dict.services.QuickJpQueryService",
            "com.youdao.dict.services.QuickQueryService",
            "com.youdao.downloadprovider.service.DownloadService",
            "com.youdao.rm.ResourceService",
            "com.youdao.sdk.common.YouDaoAppService",
            "com.youdao.yddocumenttranslate.service.DocTransService",
            "com.youdao.ydmusicplayer.playback.MusicService",
            "com.youdao.ydplayerview.services.MediaPlayerService",
            "com.youdao.ydpush.huawei.HuaweiMessageService"
        ],
        "receivers": [
            "com.huawei.hms.support.api.push.PushMsgReceiver",
            "com.huawei.hms.support.api.push.PushReceiver",
            "com.netease.cloud.nos.android.receiver.ConnectionChangeReceiver",
            "com.netease.nimlib.service.NimReceiver",
            "com.netease.nimlib.service.ResponseReceiver",
            "com.xiaomi.push.service.receivers.NetworkStatusReceiver",
            "com.xiaomi.push.service.receivers.PingReceiver",
            "com.youdao.alarm.AlarmBroadCastReceiver",
            "com.youdao.bundle.receiver.BundleReadyReceiver",
            "com.youdao.dict.appwidget.DictWidgetProvider",
            "com.youdao.dict.updator.UpdateCheckReceiver",
            "com.youdao.dict.wordbook.DictWordBookShortcutReceiver",
            "com.youdao.dnscache.net.networktype.NetworkStateReceiver",
            "com.youdao.downloadprovider.receiver.DownloadReceiver",
            "com.youdao.mdict.push.DictPushReceiver",
            "com.youdao.note.share.PackageAddedReceiver",
            "com.youdao.ydbundlemanager.AppsReadyReceiver",
            "com.youdao.ydliveplayer.receiver.MediaReiceiver",
            "com.youdao.ydpush.miui.XiaomiPushReceiver",
            "com.youdao.ydpush.vivo.VivoPushReceiver",
            "com.youdao.ydwordbook.WordbookReceiver"
        ],
        "permission_details": {
            "android.permission.ACCESS_DOWNLOAD_MANAGER": "unknown",
            "android.permission.ACCESS_NETWORK_STATE": "normal",
            "android.permission.ACCESS_WIFI_STATE": "normal",
            "android.permission.AUTHENTICATE_ACCOUNTS": "unknown",
            "android.permission.BLUETOOTH": "normal",
            "android.permission.BLUETOOTH_ADMIN": "normal",
            "android.permission.BROADCAST_STICKY": "normal",
            "android.permission.CAMERA": "dangerous",
            "android.permission.CHANGE_CONFIGURATION": "signature",
            "android.permission.CHANGE_NETWORK_STATE": "normal",
            "android.permission.CHANGE_WIFI_STATE": "normal",
            "android.permission.DISABLE_KEYGUARD": "normal",
            "android.permission.DOWNLOAD_WITHOUT_NOTIFICATION": "unknown",
            "android.permission.EXPAND_STATUS_BAR": "normal",
            "android.permission.FLASHLIGHT": "unknown",
            "android.permission.FOREGROUND_SERVICE": "normal",
            "android.permission.GET_TASKS": "unlaballed",
            "android.permission.INTERACT_ACROSS_USERS": "unknown",
            "android.permission.INTERNET": "normal",
            "android.permission.KILL_BACKGROUND_PROCESSES": "normal",
            "android.permission.MANAGE_ACCOUNTS": "unknown",
            "android.permission.MODIFY_AUDIO_SETTINGS": "normal",
            "android.permission.MOUNT_UNMOUNT_FILESYSTEMS": "unlaballed",
            "android.permission.READ_APP_BADGE": "unknown",
            "android.permission.READ_EXTERNAL_STORAGE": "dangerous",
            "android.permission.READ_LOGS": "unlaballed",
            "android.permission.READ_PHONE_STATE": "dangerous",
            "android.permission.READ_SETTINGS": "unknown",
            "android.permission.READ_SYNC_SETTINGS": "normal",
            "android.permission.READ_SYNC_STATS": "normal",
            "android.permission.RECORD_AUDIO": "dangerous",
            "android.permission.REORDER_TASKS": "normal",
            "android.permission.REQUEST_COMPANION_RUN_IN_BACKGROUND": "normal",
            "android.permission.REQUEST_COMPANION_USE_DATA_IN_BACKGROUND": "normal",
            "android.permission.REQUEST_INSTALL_PACKAGES": "signature",
            "android.permission.SYSTEM_ALERT_WINDOW": "signature",
            "android.permission.SYSTEM_OVERLAY_WINDOW": "unknown",
            "android.permission.VIBRATE": "normal",
            "android.permission.WAKE_LOCK": "normal",
            "android.permission.WRITE_EXTERNAL_STORAGE": "dangerous",
            "android.permission.WRITE_SYNC_SETTINGS": "normal",
            "com.anddoes.launcher.permission.UPDATE_COUNT": "unknown",
            "com.android.launcher.permission.INSTALL_SHORTCUT": "normal",
            "com.android.launcher.permission.READ_SETTINGS": "unknown",
            "com.android.launcher.permission.WRITE_SETTINGS": "signature",
            "com.asus.msa.SupplementaryDID.ACCESS": "unknown",
            "com.bbk.launcher2.permission.READ_SETTINGS": "unknown",
            "com.coloros.mcs.permission.RECIEVE_MCS_MESSAGE": "unknown",
            "com.heytap.mcs.permission.RECIEVE_MCS_MESSAGE": "unknown",
            "com.htc.launcher.permission.READ_SETTINGS": "unknown",
            "com.htc.launcher.permission.UPDATE_SHORTCUT": "unknown",
            "com.huawei.android.launcher.permission.CHANGE_BADGE": "unknown",
            "com.huawei.android.launcher.permission.CHANGE_BADGE ": "unknown",
            "com.huawei.android.launcher.permission.READ_SETTINGS": "unknown",
            "com.huawei.android.launcher.permission.WRITE_SETTINGS": "signature",
            "com.huawei.appmarket.service.commondata.permission.GET_COMMON_DATA": "unknown",
            "com.majeur.launcher.permission.UPDATE_BADGE": "unknown",
            "com.oppo.launcher.permission.READ_SETTINGS": "unknown",
            "com.oppo.launcher.permission.WRITE_SETTINGS": "signature",
            "com.sec.android.provider.badge.permission.READ": "unknown",
            "com.sec.android.provider.badge.permission.WRITE": "unknown",
            "com.sonyericsson.home.permission.BROADCAST_BADGE": "unknown",
            "com.sonymobile.home.permission.PROVIDER_INSERT_BADGE": "unknown",
            "com.youdao.dict.permission.MIPUSH_RECEIVE": "unknown",
            "com.youdao.dict.permission.PROCESS_PUSH_MSG": "unknown",
            "com.youdao.dict.permission.PUSH_PROVIDER": "unknown",
            "com.youdao.dict.permission.READ_PROVIDER": "unknown",
            "com.youdao.dict.permission.RECEIVE_MSG": "unknown",
            "freemme.permission.msa": "unknown",
            "me.everything.badger.permission.BADGE_COUNT_READ": "unknown",
            "me.everything.badger.permission.BADGE_COUNT_WRITE": "unknown"
        },
        "risk_counts": {
            "unknown": 35,
            "normal": 22,
            "dangerous": 5,
            "signature": 6,
            "unlaballed": 3
        }
    },
    "stats": {
        "dex_count": 8,
        "native_lib_count": 50
    },
    "jadx": {
        "status": "ok",
        "duration_sec": 70.32,
        "sources_present": true,
        "java_file_count": 22184
    },
    "ast_analysis": {
        "location": 3,
        "microphone": 23,
        "camera": 82,
        "media_projection": 5,
        "dynamic_load": 0,
        "jni": 62
    },
    "analysis_state": "complete"
}