{
    "apk_name": "3AE295CF0B31DBF552DCE9D6AC574C9F6D6D3231A6ECAC443BB791F57B21881F",
    "sha256": "3ae295cf0b31dbf552dce9d6ac574c9f6d6d3231a6ecac443bb791f57b21881f",
    "metadata": {
        "package_name": "biz.prointegra.meteo.nitro",
        "version_code": "50735",
        "version_name": "1.10.5073",
        "min_sdk": "21",
        "target_sdk": "33",
        "permissions": [
            "android.permission.ACCESS_COARSE_LOCATION",
            "android.permission.ACCESS_FINE_LOCATION",
            "android.permission.ACCESS_NETWORK_STATE",
            "android.permission.BLUETOOTH",
            "android.permission.BLUETOOTH_ADMIN",
            "android.permission.BLUETOOTH_CONNECT",
            "android.permission.BLUETOOTH_SCAN",
            "android.permission.INTERNET",
            "android.permission.READ_EXTERNAL_STORAGE",
            "android.permission.VIBRATE",
            "android.permission.WRITE_EXTERNAL_STORAGE",
            "biz.prointegra.meteo.nitro.DYNAMIC_RECEIVER_NOT_EXPORTED_PERMISSION"
        ],
        "activities": [
            "com.google.android.gms.common.api.GoogleApiActivity",
            "crc643ec7dc0a68457cc1.MainActivity",
            "crc643ec7dc0a68457cc1.SplashActivity",
            "crc64a0e0a82d0db9a07d.IntermediateActivity"
        ],
        "services": [],
        "receivers": [
            "androidx.profileinstaller.ProfileInstallReceiver",
            "crc643f46942d9dd1fff9.PowerSaveModeBroadcastReceiver",
            "crc64a0e0a82d0db9a07d.ConnectivityBroadcastReceiver"
        ]
    },
    "stats": {
        "dex_count": 2,
        "native_lib_count": 85
    },
    "jadx": {
        "status": "ok",
        "duration_sec": 25.88,
        "sources_present": true,
        "java_file_count": 4832
    },
    "ast_analysis": {
        "location": 8,
        "microphone": 0,
        "camera": 4,
        "media_projection": 0,
        "dynamic_load": 0,
        "jni": 6
    },
    "analysis_state": "complete"
}