{
    "apk_name": "136942BB61F3FB8EAA7330783EFDB74C2D971D06644F04BB47ACB314B5288C77",
    "sha256": "136942bb61f3fb8eaa7330783efdb74c2d971d06644f04bb47acb314b5288c77",
    "metadata": {
        "package_name": "xyz.blueowl.mobile.hiroad",
        "version_code": "12311",
        "version_name": "2.19.0+12311",
        "min_sdk": "24",
        "target_sdk": "31",
        "permissions": [
            "android.permission.ACCESS_BACKGROUND_LOCATION",
            "android.permission.ACCESS_COARSE_LOCATION",
            "android.permission.ACCESS_FINE_LOCATION",
            "android.permission.ACCESS_NETWORK_STATE",
            "android.permission.ACCESS_WIFI_STATE",
            "android.permission.ACTIVITY_RECOGNITION",
            "android.permission.BLUETOOTH",
            "android.permission.BLUETOOTH_CONNECT",
            "android.permission.FOREGROUND_SERVICE",
            "android.permission.INTERNET",
            "android.permission.POST_NOTIFICATIONS",
            "android.permission.READ_EXTERNAL_STORAGE",
            "android.permission.RECEIVE_BOOT_COMPLETED",
            "android.permission.VIBRATE",
            "android.permission.WAKE_LOCK",
            "com.google.android.c2dm.permission.RECEIVE",
            "com.google.android.finsky.permission.BIND_GET_INSTALL_REFERRER_SERVICE",
            "com.google.android.gms.permission.ACTIVITY_RECOGNITION",
            "com.google.android.gms.permission.AD_ID"
        ],
        "activities": [
            "com.amazonaws.mobileconnectors.cognitoauth.activities.CustomTabsManagerActivity",
            "com.google.android.gms.common.api.GoogleApiActivity",
            "com.google.android.play.core.common.PlayCoreDialogWrapperActivity",
            "com.google.android.play.core.missingsplits.PlayCoreMissingSplitsActivity",
            "com.qualtrics.digital.QualtricsPopOverActivity",
            "com.qualtrics.digital.QualtricsSurveyActivity",
            "com.salesforce.marketingcloud.messages.iam.IamBannerActivity",
            "com.salesforce.marketingcloud.messages.iam.IamFullImageFillActivity",
            "com.salesforce.marketingcloud.messages.iam.IamFullscreenActivity",
            "com.salesforce.marketingcloud.messages.iam.IamModalActivity",
            "com.salesforce.marketingcloud.notifications.NotificationOpenActivity",
            "xyz.blueowl.mobile.hiroad.ui.app_navigation.AppNavigationActivity",
            "xyz.blueowl.mobile.hiroad.ui.app_startup.AppStartupActivity",
            "xyz.blueowl.mobile.hiroad.ui.cancellation.CancelledPoliciesActivity",
            "xyz.blueowl.mobile.hiroad.ui.customer_care.CustomerCareActivity",
            "xyz.blueowl.mobile.hiroad.ui.dfd_activity.DfdActivity",
            "xyz.blueowl.mobile.hiroad.ui.etp_trips.EtpAllTripsActivity",
            "xyz.blueowl.mobile.hiroad.ui.eula.EulaActivity",
            "xyz.blueowl.mobile.hiroad.ui.excluded_driver.ExcludedDriverActivity",
            "xyz.blueowl.mobile.hiroad.ui.fnol_auto_claim.add_passenger_input.AdditionalPassengerInputActivity",
            "xyz.blueowl.mobile.hiroad.ui.fnol_auto_claim.add_vehicle_input.AdditionalVehicleInputActivity",
            "xyz.blueowl.mobile.hiroad.ui.fnol_auto_claim.address_input.AddressInputActivity",
            "xyz.blueowl.mobile.hiroad.ui.fnol_auto_claim.address_input_business.AddressInputBusinessActivity",
            "xyz.blueowl.mobile.hiroad.ui.fnol_auto_claim.confirmation.ConfirmationActivity",
            "xyz.blueowl.mobile.hiroad.ui.fnol_auto_claim.file_claim.FileClaimActivity",
            "xyz.blueowl.mobile.hiroad.ui.fnol_auto_claim.new_auto_claim_start.FileNewAutoClaimActivity",
            "xyz.blueowl.mobile.hiroad.ui.forced_upgrade.ForcedUpgradeActivity",
            "xyz.blueowl.mobile.hiroad.ui.fullscreen_modals.AccountSetupFailureActivity",
            "xyz.blueowl.mobile.hiroad.ui.hiroader_recap.HiRoaderRecapActivity",
            "xyz.blueowl.mobile.hiroad.ui.launchpad.etp_launchpad.EtpLaunchpadActivity",
            "xyz.blueowl.mobile.hiroad.ui.login.LoginActivity",
            "xyz.blueowl.mobile.hiroad.ui.login.verification.EtpVerificationActivity",
            "xyz.blueowl.mobile.hiroad.ui.login.verification.VerificationActivity",
            "xyz.blueowl.mobile.hiroad.ui.mindful_breathing.MindfulBreathingActivity",
            "xyz.blueowl.mobile.hiroad.ui.non_bind_form.RequestPolicyChangeActivity",
            "xyz.blueowl.mobile.hiroad.ui.non_bind_form.intro.HowCanHelpIntroActivity",
            "xyz.blueowl.mobile.hiroad.ui.non_bind_form.v2.RequestPolicyChangeActivity",
            "xyz.blueowl.mobile.hiroad.ui.onboarding.EtpOnboardingActivity",
            "xyz.blueowl.mobile.hiroad.ui.prelogin.EtpPreLoginActivity",
            "xyz.blueowl.mobile.hiroad.ui.ripple.RippleCarouselActivity",
            "xyz.blueowl.mobile.hiroad.ui.summary.post_tya_home.DiscountLearnMoreActivity",
            "xyz.blueowl.mobile.hiroad.ui.summary.post_tya_home.DrivingSubscoresInfoActivity",
            "xyz.blueowl.mobile.hiroad.ui.summary.post_tya_home.ZoneDetailActivity",
            "xyz.blueowl.mobile.hiroad.ui.tya.TrainYourAppActivity",
            "xyz.blueowl.mobile.hiroad.ui.video.VideoPlayerActivity",
            "zendesk.answerbot.AnswerBotArticleActivity",
            "zendesk.messaging.MessagingActivity",
            "zendesk.support.guide.HelpCenterActivity",
            "zendesk.support.guide.ViewArticleActivity",
            "zendesk.support.request.RequestActivity",
            "zendesk.support.requestlist.RequestListActivity"
        ],
        "services": [
            "androidx.room.MultiInstanceInvalidationService",
            "androidx.work.impl.background.systemalarm.SystemAlarmService",
            "androidx.work.impl.background.systemjob.SystemJobService",
            "androidx.work.impl.foreground.SystemForegroundService",
            "com.amazonaws.mobileconnectors.s3.transferutility.TransferService",
            "com.cmtelematics.sdk.BtScan4Service",
            "com.google.android.datatransport.runtime.backends.TransportBackendDiscovery",
            "com.google.android.datatransport.runtime.scheduling.jobscheduling.JobInfoSchedulerService",
            "com.google.android.gms.measurement.AppMeasurementJobService",
            "com.google.android.gms.measurement.AppMeasurementService",
            "com.google.android.play.core.assetpacks.AssetPackExtractionService",
            "com.google.android.play.core.assetpacks.ExtractionForegroundService",
            "com.google.firebase.components.ComponentDiscoveryService",
            "com.google.firebase.messaging.FirebaseMessagingService",
            "com.salesforce.marketingcloud.MCService",
            "com.salesforce.marketingcloud.NotificationOpenedService",
            "com.salesforce.marketingcloud.messages.push.MCFirebaseMessagingService",
            "com.salesforce.marketingcloud.sfmcsdk.SFMCSdkJobIntentService",
            "xyz.blueowl.mobile.hiroad.shared.domains.notifications.firebase.PushNotificationsService",
            "xyz.blueowl.mobile.hiroad.trip_recording.cmt.CmtTripRecordService"
        ],
        "receivers": [
            "androidx.work.impl.background.systemalarm.ConstraintProxy$BatteryChargingProxy",
            "androidx.work.impl.background.systemalarm.ConstraintProxy$BatteryNotLowProxy",
            "androidx.work.impl.background.systemalarm.ConstraintProxy$NetworkStateProxy",
            "androidx.work.impl.background.systemalarm.ConstraintProxy$StorageNotLowProxy",
            "androidx.work.impl.background.systemalarm.ConstraintProxyUpdateReceiver",
            "androidx.work.impl.background.systemalarm.RescheduleReceiver",
            "androidx.work.impl.diagnostics.DiagnosticsReceiver",
            "androidx.work.impl.utils.ForceStopRunnable$BroadcastReceiver",
            "com.cmtelematics.sdk.AuthReceiver",
            "com.cmtelematics.sdk.AutoStartReceiver",
            "com.cmtelematics.sdk.BgTripReceiver",
            "com.cmtelematics.sdk.BtScan8Receiver",
            "com.cmtelematics.sdk.FleetScheduleReceiver",
            "com.cmtelematics.sdk.OsStateChangeReceiver",
            "com.cmtelematics.sdk.PushNotificationActionReceiver",
            "com.cmtelematics.sdk.StandbyModeReceiver",
            "com.cmtelematics.sdk.SvrReceiver",
            "com.cmtelematics.sdk.cmsx.GmsReceiver",
            "com.cmtelematics.sdk.cmsx.HmsReceiver",
            "com.google.android.datatransport.runtime.scheduling.jobscheduling.AlarmManagerSchedulerBroadcastReceiver",
            "com.google.android.gms.measurement.AppMeasurementReceiver",
            "com.google.firebase.iid.FirebaseInstanceIdReceiver",
            "com.optimizely.ab.android.datafile_handler.DatafileRescheduler",
            "com.optimizely.ab.android.event_handler.EventRescheduler",
            "com.qualtrics.digital.QualtricsNotificationManager",
            "com.salesforce.marketingcloud.MCReceiver",
            "com.salesforce.marketingcloud.location.LocationReceiver",
            "com.salesforce.marketingcloud.sfmcsdk.SFMCSdkReceiver",
            "xyz.blueowl.mobile.hiroad.shared.domains.alarm_manager.receivers.HeartbeatJobReceiver",
            "xyz.blueowl.mobile.hiroad.shared.domains.device_boot.DeviceBootReceiver",
            "xyz.blueowl.mobile.hiroad.shared.domains.notifications.displayer.LocalNotificationActionReceiver",
            "xyz.blueowl.mobile.hiroad.trip_recording.cmt.CmtServiceNotificationReceiver",
            "zendesk.support.DeepLinkingBroadcastReceiver"
        ]
    },
    "stats": {
        "dex_count": 4,
        "native_lib_count": 8
    },
    "jadx": {
        "status": "ok",
        "duration_sec": 57.4,
        "sources_present": true,
        "java_file_count": 14430
    },
    "ast_analysis": {
        "location": 11,
        "microphone": 0,
        "camera": 9,
        "media_projection": 0,
        "dynamic_load": 0,
        "jni": 2
    },
    "analysis_state": "complete"
}