{
    "apk_name": "FDF42C5257C32AB72D944F41E492EC6D4403D4454D7C317A27E8689F4BB45F59",
    "sha256": "fdf42c5257c32ab72d944f41e492ec6d4403d4454d7c317a27e8689f4bb45f59",
    "metadata": {
        "package_name": "fg.speedpilot_lite",
        "version_code": "111",
        "version_name": "5.36",
        "min_sdk": "24",
        "target_sdk": "33",
        "permissions": [
            "android.permission.ACCESS_COARSE_LOCATION",
            "android.permission.ACCESS_COARSE_UPDATES",
            "android.permission.ACCESS_FINE_LOCATION",
            "android.permission.ACCESS_NETWORK_STATE",
            "android.permission.ACCESS_WIFI_STATE",
            "android.permission.BLUETOOTH",
            "android.permission.BLUETOOTH_ADMIN",
            "android.permission.BLUETOOTH_ADVERTISE",
            "android.permission.BLUETOOTH_CONNECT",
            "android.permission.BLUETOOTH_SCAN",
            "android.permission.CHANGE_NETWORK_STATE",
            "android.permission.FOREGROUND_SERVICE",
            "android.permission.INTERNET",
            "android.permission.READ_PHONE_STATE",
            "android.permission.VIBRATE",
            "android.permission.WAKE_LOCK",
            "android.permission.WRITE_SETTINGS",
            "com.android.vending.BILLING",
            "com.google.android.c2dm.permission.RECEIVE",
            "com.google.android.finsky.permission.BIND_GET_INSTALL_REFERRER_SERVICE",
            "com.google.android.gms.permission.AD_ID",
            "fg.speedpilot_lite.DYNAMIC_RECEIVER_NOT_EXPORTED_PERMISSION",
            "fg.speedpilot_lite.permission.C2D_MESSAGE"
        ],
        "activities": [
            "com.android.billingclient.api.ProxyBillingActivity",
            "com.google.android.gms.auth.api.signin.internal.SignInHubActivity",
            "com.google.android.gms.common.api.GoogleApiActivity",
            "com.google.firebase.auth.internal.GenericIdpActivity",
            "com.google.firebase.auth.internal.RecaptchaActivity",
            "fg.PreferenceMenu.testactivity",
            "fg.speedpilot_lite.main",
            "fg.speedpilot_lite.mclientdisplay",
            "fg.speedpilot_lite.metallonage",
            "fg.speedpilot_lite.mpaypal",
            "fg.speedpilot_lite.mpreferencemenu",
            "fg.speedpilot_lite.msincronize"
        ],
        "services": [
            "com.google.android.datatransport.runtime.backends.TransportBackendDiscovery",
            "com.google.android.datatransport.runtime.scheduling.jobscheduling.JobInfoSchedulerService",
            "com.google.android.gms.auth.api.signin.RevocationBoundService",
            "com.google.android.gms.measurement.AppMeasurementJobService",
            "com.google.android.gms.measurement.AppMeasurementService",
            "com.google.firebase.components.ComponentDiscoveryService",
            "com.google.firebase.iid.FirebaseInstanceIdService",
            "fg.speedpilot_lite.smatomtime",
            "fg.speedpilot_lite.starter"
        ],
        "receivers": [
            "com.google.android.datatransport.runtime.scheduling.jobscheduling.AlarmManagerSchedulerBroadcastReceiver",
            "com.google.android.gms.measurement.AppMeasurementReceiver",
            "com.google.firebase.iid.FirebaseInstanceIdInternalReceiver",
            "com.google.firebase.iid.FirebaseInstanceIdReceiver",
            "fg.speedpilot_lite.httputils2service",
            "fg.speedpilot_lite.smatomtime$smatomtime_BR",
            "fg.speedpilot_lite.starter$starter_BR"
        ]
    },
    "stats": {
        "dex_count": 2,
        "native_lib_count": 0
    },
    "jadx": {
        "status": "ok",
        "duration_sec": 24.74,
        "sources_present": true,
        "java_file_count": 5407
    },
    "ast_analysis": {
        "location": 9,
        "microphone": 1,
        "camera": 23,
        "media_projection": 0,
        "dynamic_load": 0,
        "jni": 0
    },
    "analysis_state": "complete"
}