{
    "apk_name": "DEF8BA891BE4A2EF037270711B0715ED825F5C3E64D6B353029A4855965223EA",
    "sha256": "def8ba891be4a2ef037270711b0715ed825f5c3e64d6b353029a4855965223ea",
    "metadata": {
        "package_name": "com.idaholottery.Utility",
        "version_code": "80",
        "version_name": "3.6.0",
        "min_sdk": "25",
        "target_sdk": "30",
        "permissions": [
            "android.permission.ACCESS_COARSE_LOCATION",
            "android.permission.ACCESS_FINE_LOCATION",
            "android.permission.ACCESS_NETWORK_STATE",
            "android.permission.ACCESS_WIFI_STATE",
            "android.permission.CAMERA",
            "android.permission.FLASHLIGHT",
            "android.permission.FOREGROUND_SERVICE",
            "android.permission.GET_ACCOUNTS",
            "android.permission.INTERNET",
            "android.permission.READ_APP_BADGE",
            "android.permission.READ_PHONE_STATE",
            "android.permission.RECEIVE_BOOT_COMPLETED",
            "android.permission.VIBRATE",
            "android.permission.WAKE_LOCK",
            "android.permission.WRITE_EXTERNAL_STORAGE",
            "com.anddoes.launcher.permission.UPDATE_COUNT",
            "com.android.launcher.permission.INSTALL_SHORTCUT",
            "com.google.android.c2dm.permission.RECEIVE",
            "com.htc.launcher.permission.READ_SETTINGS",
            "com.htc.launcher.permission.UPDATE_SHORTCUT",
            "com.huawei.android.launcher.permission.CHANGE_BADGE",
            "com.huawei.android.launcher.permission.READ_SETTINGS",
            "com.huawei.android.launcher.permission.WRITE_SETTINGS",
            "com.idaholottery.Utility.permission.C2D_MESSAGE",
            "com.majeur.launcher.permission.UPDATE_BADGE",
            "com.oppo.launcher.permission.READ_SETTINGS",
            "com.oppo.launcher.permission.WRITE_SETTINGS",
            "com.sec.android.provider.badge.permission.READ",
            "com.sec.android.provider.badge.permission.WRITE",
            "com.sonyericsson.home.permission.BROADCAST_BADGE",
            "com.sonymobile.home.permission.PROVIDER_INSERT_BADGE",
            "me.everything.badger.permission.BADGE_COUNT_READ",
            "me.everything.badger.permission.BADGE_COUNT_WRITE"
        ],
        "activities": [
            "com.google.android.gms.common.api.GoogleApiActivity",
            "com.pushwoosh.inapp.view.RemoteUrlActivity",
            "com.pushwoosh.inapp.view.RichMediaWebActivity",
            "com.pushwoosh.internal.utils.PermissionActivity",
            "com.pushwoosh.notification.NotificationOpenActivity",
            "crc6480997b3ef81bf9b2.ZxingActivity",
            "crc64baf39d0141bc162e.MainActivity",
            "crc64baf39d0141bc162e.SplashActivity"
        ],
        "services": [
            "androidx.room.MultiInstanceInvalidationService",
            "androidx.work.impl.background.systemalarm.SystemAlarmService",
            "androidx.work.impl.background.systemjob.SystemJobService",
            "androidx.work.impl.foreground.SystemForegroundService",
            "com.google.android.datatransport.runtime.backends.TransportBackendDiscovery",
            "com.google.android.datatransport.runtime.scheduling.jobscheduling.JobInfoSchedulerService",
            "com.google.firebase.components.ComponentDiscoveryService",
            "com.google.firebase.messaging.FirebaseMessagingService",
            "com.pushwoosh.firebase.PushFcmIntentService",
            "crc64396a3fe5f8138e3f.KeepAliveService"
        ],
        "receivers": [
            "androidx.work.impl.background.systemalarm.ConstraintProxy$BatteryChargingProxy",
            "androidx.work.impl.background.systemalarm.ConstraintProxy$BatteryNotLowProxy",
            "androidx.work.impl.background.systemalarm.ConstraintProxy$NetworkStateProxy",
            "androidx.work.impl.background.systemalarm.ConstraintProxy$StorageNotLowProxy",
            "androidx.work.impl.background.systemalarm.ConstraintProxyUpdateReceiver",
            "androidx.work.impl.background.systemalarm.RescheduleReceiver",
            "androidx.work.impl.diagnostics.DiagnosticsReceiver",
            "androidx.work.impl.utils.ForceStopRunnable$BroadcastReceiver",
            "com.google.android.datatransport.runtime.scheduling.jobscheduling.AlarmManagerSchedulerBroadcastReceiver",
            "com.google.firebase.iid.FirebaseInstanceIdReceiver",
            "com.pushwoosh.BootReceiver",
            "com.pushwoosh.NotificationUpdateReceiver",
            "com.pushwoosh.notification.LocalNotificationReceiver",
            "crc643f46942d9dd1fff9.PowerSaveModeBroadcastReceiver",
            "crc64e0d8a87c610e6b50.ConnectivityChangeBroadcastReceiver"
        ],
        "permission_details": {
            "android.permission.ACCESS_COARSE_LOCATION": "dangerous",
            "android.permission.ACCESS_FINE_LOCATION": "dangerous",
            "android.permission.ACCESS_NETWORK_STATE": "normal",
            "android.permission.ACCESS_WIFI_STATE": "normal",
            "android.permission.CAMERA": "dangerous",
            "android.permission.FLASHLIGHT": "unknown",
            "android.permission.FOREGROUND_SERVICE": "normal",
            "android.permission.GET_ACCOUNTS": "dangerous",
            "android.permission.INTERNET": "normal",
            "android.permission.READ_APP_BADGE": "unknown",
            "android.permission.READ_PHONE_STATE": "dangerous",
            "android.permission.RECEIVE_BOOT_COMPLETED": "normal",
            "android.permission.VIBRATE": "normal",
            "android.permission.WAKE_LOCK": "normal",
            "android.permission.WRITE_EXTERNAL_STORAGE": "dangerous",
            "com.anddoes.launcher.permission.UPDATE_COUNT": "unknown",
            "com.android.launcher.permission.INSTALL_SHORTCUT": "normal",
            "com.google.android.c2dm.permission.RECEIVE": "unknown",
            "com.htc.launcher.permission.READ_SETTINGS": "unknown",
            "com.htc.launcher.permission.UPDATE_SHORTCUT": "unknown",
            "com.huawei.android.launcher.permission.CHANGE_BADGE": "unknown",
            "com.huawei.android.launcher.permission.READ_SETTINGS": "unknown",
            "com.huawei.android.launcher.permission.WRITE_SETTINGS": "signature",
            "com.idaholottery.Utility.permission.C2D_MESSAGE": "unknown",
            "com.majeur.launcher.permission.UPDATE_BADGE": "unknown",
            "com.oppo.launcher.permission.READ_SETTINGS": "unknown",
            "com.oppo.launcher.permission.WRITE_SETTINGS": "signature",
            "com.sec.android.provider.badge.permission.READ": "unknown",
            "com.sec.android.provider.badge.permission.WRITE": "unknown",
            "com.sonyericsson.home.permission.BROADCAST_BADGE": "unknown",
            "com.sonymobile.home.permission.PROVIDER_INSERT_BADGE": "unknown",
            "me.everything.badger.permission.BADGE_COUNT_READ": "unknown",
            "me.everything.badger.permission.BADGE_COUNT_WRITE": "unknown"
        },
        "risk_counts": {
            "dangerous": 6,
            "normal": 8,
            "unknown": 17,
            "signature": 2
        }
    },
    "stats": {
        "dex_count": 2,
        "native_lib_count": 14
    },
    "jadx": {
        "status": "ok",
        "duration_sec": 21.12,
        "sources_present": true,
        "java_file_count": 4591
    },
    "ast_analysis": {
        "location": 5,
        "microphone": 0,
        "camera": 5,
        "media_projection": 0,
        "dynamic_load": 0,
        "jni": 6
    },
    "analysis_state": "complete"
}