{
    "apk_name": "2FCB7918239A8D6305D709A9C51CF062ECBCC8F267E1377255C9B9DB8C4CB3BB",
    "sha256": "2fcb7918239a8d6305d709a9c51cf062ecbcc8f267e1377255c9b9db8c4cb3bb",
    "metadata": {
        "package_name": "com.cmcc.cmvideo",
        "version_code": "25000624",
        "version_name": "5.9.9.50",
        "min_sdk": "21",
        "target_sdk": "27",
        "permissions": [
            "android.permission.ACCESS_COARSE_LOCATION",
            "android.permission.ACCESS_FINE_LOCATION",
            "android.permission.ACCESS_NETWORK_STATE",
            "android.permission.ACCESS_NETWORK_STATE ",
            "android.permission.ACCESS_WIFI_STATE",
            "android.permission.AUTHENTICATE_ACCOUNTS",
            "android.permission.BATTERY_STATS",
            "android.permission.BLUETOOTH",
            "android.permission.BLUETOOTH_ADMIN",
            "android.permission.CAMERA",
            "android.permission.CHANGE_CONFIGURATION",
            "android.permission.CHANGE_NETWORK_STATE",
            "android.permission.CHANGE_WIFI_MULTICAST_STATE",
            "android.permission.CHANGE_WIFI_STATE",
            "android.permission.FLASHLIGHT",
            "android.permission.FOREGROUND_SERVICE",
            "android.permission.GET_ACCOUNTS",
            "android.permission.GET_TASKS",
            "android.permission.INTERNET",
            "android.permission.MANAGE_ACCOUNTS",
            "android.permission.MODIFY_AUDIO_SETTINGS",
            "android.permission.MOUNT_UNMOUNT_FILESYSTEMS",
            "android.permission.NETWORK_PROVIDER",
            "android.permission.READ_CALENDAR",
            "android.permission.READ_EXTERNAL_STORAGE",
            "android.permission.READ_LOGS",
            "android.permission.READ_PHONE_STATE",
            "android.permission.READ_PRIVILEGED_PHONE_STATE",
            "android.permission.READ_SETTINGS",
            "android.permission.RECEIVE_BOOT_COMPLETED",
            "android.permission.RECORD_AUDIO",
            "android.permission.REORDER_TASKS",
            "android.permission.REQUEST_INSTALL_PACKAGES",
            "android.permission.RUN_INSTRUMENTATION",
            "android.permission.SYSTEM_ALERT_WINDOW",
            "android.permission.VIBRATE",
            "android.permission.WRITE_CALENDAR",
            "android.permission.WRITE_EXTERNAL_STORAGE",
            "android.permission.WRITE_SETTINGS",
            "com.android.launcher.permission.INSTALL_SHORTCUT",
            "com.android.launcher.permission.READ_SETTINGS",
            "com.android.launcher.permission.UNINSTALL_SHORTCUT",
            "com.android.setting.permission.ALLSHARE_CAST_SERVICE",
            "com.asus.msa.SupplementaryDID.ACCESS",
            "com.cmcc.cmvideo.MPUSH",
            "com.cmcc.cmvideo.permission.C2D_MESSAGE",
            "com.cmcc.cmvideo.permission.MIPUSH_RECEIVE",
            "com.cmcc.cmvideo.permission.PROCESS_PUSH_MSG",
            "com.cmcc.cmvideo.permission.PUSH_PROVIDER",
            "com.cmcc.cmvideo.push.permission.MESSAGE",
            "com.coloros.mcs.permission.RECIEVE_MCS_MESSAGE",
            "com.company.app.fileprovider.READ",
            "com.heytap.mcs.permission.RECIEVE_MCS_MESSAGE",
            "com.huawei.appmarket.service.commondata.permission.GET_COMMON_DATA",
            "com.meizu.c2dm.permission.RECEIVE",
            "com.meizu.flyme.push.permission.RECEIVE",
            "getui.permission.GetuiService",
            "getui.permission.GetuiService.com.cmcc.cmvideo",
            "org.simalliance.openmobileapi.SMARTCARD"
        ],
        "activities": [
            "cmvideo.cmcc.com.mglog_exhibition.ui.LogActivity",
            "cmvideo.cmcc.com.mglog_exhibition.ui.LogDetailsActivity",
            "cn.cmvideo.xlncz.javadish.permission.PermissionActivity",
            "cn.migu.fd.feedback.mvp.detail_media.DetailMediaActivity",
            "cn.migu.fd.feedback.mvp.feedback_home.FeedbackHomeMainActivity",
            "cn.migu.fd.feedback.mvp.feedback_result.FeedbackResultActivity",
            "cn.migu.fd.feedback.mvp.feedback_unavailable.FeedbackUnavailableActivity",
            "cn.migu.fd.feedback.mvp.my_feedback.MyFeedbackActivity",
            "cn.migu.fd.feedback.mvp.quick_enter.QuickEnterActivity",
            "cn.migu.fd.feedback.mvp.select_files.FileSelectActivity",
            "cn.migu.fd.feedback.mvp.snap_shot_edit.SnapShotActivity",
            "cn.migu.fd.feedback.mvp.web_page.WebViewActivity",
            "cn.migu.tsg.mpush.LaunchHandleAct",
            "cn.migu.tsg.mpush.huawei.HWMsgHandleAct",
            "cn.migu.tsg.mpush.oppo.OppoMsgHandleAct",
            "com.ali.auth.third.ui.LoginActivity",
            "com.ali.auth.third.ui.LoginWebViewActivity",
            "com.ali.auth.third.ui.QrLoginActivity",
            "com.ali.auth.third.ui.QrLoginConfirmActivity",
            "com.ali.auth.third.ui.webview.BaseWebViewActivity",
            "com.alibaba.alibclinkpartner.smartlink.ALPEntranceActivity",
            "com.alibaba.baichuan.android.trade.ui.AlibcBackActivity",
            "com.alibaba.baichuan.android.trade.ui.AlibcWebViewActivity",
            "com.alibaba.baichuan.trade.biz.auth.AlibcAuthActivity",
            "com.alibaba.wireless.security.open.middletier.fc.ui.ContainerActivity",
            "com.alipay.sdk.app.AlipayResultActivity",
            "com.alipay.sdk.app.H5AuthActivity",
            "com.alipay.sdk.app.H5PayActivity",
            "com.alipay.sdk.app.PayResultActivity",
            "com.alipay.sdk.auth.AuthActivity",
            "com.cmcc.cmlive.impl.mg.LiveRoomActivity",
            "com.cmcc.cmlive.mgecommerce.activity.DataServiceActivity",
            "com.cmcc.cmvideo.chat.activity.DanmakuEntryActivity",
            "com.cmcc.cmvideo.chat.activity.SampleInputActivity",
            "com.cmcc.cmvideo.foundation.AwakenAdActivity",
            "com.cmcc.cmvideo.foundation.login.SdkLoginActivity",
            "com.cmcc.cmvideo.foundation.preview.ImagePreviewActivity",
            "com.cmcc.cmvideo.foundation.score.ProductQuestionActivity",
            "com.cmcc.cmvideo.foundation.widget.InputDialogActivity",
            "com.cmcc.cmvideo.layout.livefragment.activity.WcMultiControlActivity",
            "com.cmcc.cmvideo.layout.livefragment.activity.WebViewActivity",
            "com.cmcc.cmvideo.layout.mainfragment.HotWatchRankActivity",
            "com.cmcc.cmvideo.layout.mainfragment.MatchFocusedTeamActivity",
            "com.cmcc.cmvideo.layout.mainfragment.MatchScheduleActivity",
            "com.cmcc.cmvideo.layout.mainfragment.ppsport.PPMatchCalendarActivity",
            "com.cmcc.cmvideo.layout.playerfragment.CommentActivity",
            "com.cmcc.cmvideo.layout.playerfragment.GambitDetailActivity",
            "com.cmcc.cmvideo.layout.playerfragment.RecommendStarActivity",
            "com.cmcc.cmvideo.layout.playerfragment.TonesActivity",
            "com.cmcc.cmvideo.layout.sharepostpopupwindow.SharePostPopupwindowActivity",
            "com.cmcc.cmvideo.layout.useractivity.GoodsRecommendCommonPayActivity",
            "com.cmcc.cmvideo.layout.useractivity.HalfCommonPayActivity",
            "com.cmcc.cmvideo.layout.useractivity.HalfCommonPayForTicketActivity",
            "com.cmcc.cmvideo.layout.useractivity.LookUpImagesActivity",
            "com.cmcc.cmvideo.layout.web.WebBrowserActivity",
            "com.cmcc.cmvideo.main.MainActivity",
            "com.cmcc.cmvideo.main.application.CompatibleMainActivity",
            "com.cmcc.cmvideo.main.guide.GuideActivity",
            "com.cmcc.cmvideo.main.page.NewPageActivity",
            "com.cmcc.cmvideo.main.ppsport.view.activity.PPPlayerDetailActivity",
            "com.cmcc.cmvideo.main.ppsport.view.activity.PPSportsTeamListActivity",
            "com.cmcc.cmvideo.main.ppsport.view.activity.PPTeamDetailActivity",
            "com.cmcc.cmvideo.main.search.GKSearchActivity",
            "com.cmcc.cmvideo.main.search.IQiYiMiddleActivity",
            "com.cmcc.cmvideo.main.search.SearchActivity",
            "com.cmcc.cmvideo.main.search.SearchMoreActivity",
            "com.cmcc.cmvideo.main.search.SearchMoreBlackBgActivity",
            "com.cmcc.cmvideo.main.search.SearchShowMoreActivity",
            "com.cmcc.cmvideo.main.search.TvSearchActivity",
            "com.cmcc.cmvideo.main.search.activity.EpisodeActivity",
            "com.cmcc.cmvideo.main.search.activity.OlympicKgActivity",
            "com.cmcc.cmvideo.main.search.activity.PictureAssemActivity",
            "com.cmcc.cmvideo.main.search.activity.SearchCommonMoreActivity",
            "com.cmcc.cmvideo.main.search.activity.SearchSquareActivity",
            "com.cmcc.cmvideo.main.search.activity.SearchZoneActivity",
            "com.cmcc.cmvideo.main.search.activity.TvLiveMoreActivity",
            "com.cmcc.cmvideo.main.teeny.ManagePasswordActivity",
            "com.cmcc.cmvideo.main.teeny.ResetPasswordActivity",
            "com.cmcc.cmvideo.main.teeny.TeenModeOpenActivity",
            "com.cmcc.cmvideo.main.worldcup.view.activity.DailySelectionActivity",
            "com.cmcc.cmvideo.main.worldcup.view.activity.MainMatchListActivity",
            "com.cmcc.cmvideo.main.worldcup.view.activity.PlayerActivity",
            "com.cmcc.cmvideo.main.worldcup.view.activity.TeamThemeActivity",
            "com.cmcc.cmvideo.main.worldcup.view.activity.TeamsActivity",
            "com.cmcc.cmvideo.mgpay.MainActivity",
            "com.cmcc.cmvideo.mgpersonalcenter.AliPayReturnActivity",
            "com.cmcc.cmvideo.mgpersonalcenter.BindPhoneNumberActivity",
            "com.cmcc.cmvideo.mgpersonalcenter.ContractsActivity",
            "com.cmcc.cmvideo.mgpersonalcenter.DevelopmentActivity",
            "com.cmcc.cmvideo.mgpersonalcenter.EnergyValueDetailActivity",
            "com.cmcc.cmvideo.mgpersonalcenter.EnergyValueQueryActivity",
            "com.cmcc.cmvideo.mgpersonalcenter.EnergyValueRecordActivity",
            "com.cmcc.cmvideo.mgpersonalcenter.EnergyValueRecordNewActivity",
            "com.cmcc.cmvideo.mgpersonalcenter.EnergyValueValidDateActivity",
            "com.cmcc.cmvideo.mgpersonalcenter.GKClosenActivity",
            "com.cmcc.cmvideo.mgpersonalcenter.GKInformationActivity",
            "com.cmcc.cmvideo.mgpersonalcenter.GKMasterTypeActivity",
            "com.cmcc.cmvideo.mgpersonalcenter.GKMyFansActivity",
            "com.cmcc.cmvideo.mgpersonalcenter.GKMyFollowActivity",
            "com.cmcc.cmvideo.mgpersonalcenter.GKPersonCenterActivity",
            "com.cmcc.cmvideo.mgpersonalcenter.GKPlayActivity",
            "com.cmcc.cmvideo.mgpersonalcenter.GKRegisterActivity",
            "com.cmcc.cmvideo.mgpersonalcenter.MemberOrderActivity",
            "com.cmcc.cmvideo.mgpersonalcenter.MemberOrderWindowActivity",
            "com.cmcc.cmvideo.mgpersonalcenter.PaymentActivity",
            "com.cmcc.cmvideo.mgpersonalcenter.PersonCenterUserAddAdressActivity",
            "com.cmcc.cmvideo.mgpersonalcenter.PersonCenterUserAdressActivity",
            "com.cmcc.cmvideo.mgpersonalcenter.PersonalCenterActivity",
            "com.cmcc.cmvideo.mgpersonalcenter.PersonalCenterAppointmentActivity",
            "com.cmcc.cmvideo.mgpersonalcenter.PersonalCenterHelpActivity",
            "com.cmcc.cmvideo.mgpersonalcenter.PersonalCenterUserDownloadEpisodeActivity",
            "com.cmcc.cmvideo.mgpersonalcenter.PersonalCenterUserEpisodeSelectActivity",
            "com.cmcc.cmvideo.mgpersonalcenter.PersonalPlayEpisodeSelectActivity",
            "com.cmcc.cmvideo.mgpersonalcenter.PhurceHistoryActivity",
            "com.cmcc.cmvideo.mgpersonalcenter.ProvincePaymentActivity",
            "com.cmcc.cmvideo.mgpersonalcenter.RePayManageActivity",
            "com.cmcc.cmvideo.mgpersonalcenter.ScanMessageActivity",
            "com.cmcc.cmvideo.mgpersonalcenter.ShareAwardActivity",
            "com.cmcc.cmvideo.mgpersonalcenter.ShareVipSuccessActivity",
            "com.cmcc.cmvideo.mgpersonalcenter.ShareVipWithFriendsActivity",
            "com.cmcc.cmvideo.mgpersonalcenter.SportMemberActivity",
            "com.cmcc.cmvideo.mgpersonalcenter.TestPluginConfigActivity",
            "com.cmcc.cmvideo.mgpersonalcenter.TheatreActivity",
            "com.cmcc.cmvideo.mgpersonalcenter.TicketEquityActivity",
            "com.cmcc.cmvideo.mgpersonalcenter.TipActivity",
            "com.cmcc.cmvideo.mgpersonalcenter.TvApkActivity",
            "com.cmcc.cmvideo.mgpersonalcenter.UnSubscribeActivity",
            "com.cmcc.cmvideo.mgpersonalcenter.UserMemberActivity",
            "com.cmcc.cmvideo.mgpersonalcenter.VipCardChargeCenterActivity",
            "com.cmcc.cmvideo.mgpersonalcenter.VipCardChargeCenterNewActivity",
            "com.cmcc.cmvideo.mgpersonalcenter.VipCardChargeRecordActivity",
            "com.cmcc.cmvideo.mgpersonalcenter.VipCardChargeResultActivity",
            "com.cmcc.cmvideo.mgpersonalcenter.VipEquityActivity",
            "com.cmcc.cmvideo.mgpersonalcenter.VipInfoCardActivity",
            "com.cmcc.cmvideo.mgpersonalcenter.VipInfoCardActivityNew",
            "com.cmcc.cmvideo.mgpersonalcenter.collect.PersonalNewCenterUserCollectActivity",
            "com.cmcc.cmvideo.mgpersonalcenter.debug.TestInfoActivity",
            "com.cmcc.cmvideo.mgpersonalcenter.debug.TestProcessManagerActivity",
            "com.cmcc.cmvideo.mgpersonalcenter.diagnose.LogActivity",
            "com.cmcc.cmvideo.mgpersonalcenter.diagnose.LogDetailsActivity",
            "com.cmcc.cmvideo.mgpersonalcenter.messageinteraction.messageview.MessageInterCommentActivity",
            "com.cmcc.cmvideo.mgpersonalcenter.messageinteraction.messageview.MessageInterSystemActivity",
            "com.cmcc.cmvideo.mgpersonalcenter.messageinteraction.messageview.MessageInterZanActivity",
            "com.cmcc.cmvideo.mgpersonalcenter.messageinteraction.messageview.MessageInteractionActivity",
            "com.cmcc.cmvideo.mgpersonalcenter.messageinteraction.messageview.MessageSystemSettingActivity",
            "com.cmcc.cmvideo.mgpersonalcenter.presentation.ui.activities.CoverClipActivity",
            "com.cmcc.cmvideo.mgpersonalcenter.presentation.ui.activities.DownloadPathActivity",
            "com.cmcc.cmvideo.mgpersonalcenter.presentation.ui.activities.FeedBackQuestionCategoryActivity",
            "com.cmcc.cmvideo.mgpersonalcenter.presentation.ui.activities.GGuestLargePortraitActivity",
            "com.cmcc.cmvideo.mgpersonalcenter.presentation.ui.activities.GGuestOtherPersonalActivity",
            "com.cmcc.cmvideo.mgpersonalcenter.presentation.ui.activities.GGuestPersonalActivity",
            "com.cmcc.cmvideo.mgpersonalcenter.presentation.ui.activities.GGuestPersonalHomePageActivity",
            "com.cmcc.cmvideo.mgpersonalcenter.presentation.ui.activities.GGuestUploadCameraActivity",
            "com.cmcc.cmvideo.mgpersonalcenter.presentation.ui.activities.GGuestUploadEditActivity",
            "com.cmcc.cmvideo.mgpersonalcenter.presentation.ui.activities.GGuestUploadEditTabActivity",
            "com.cmcc.cmvideo.mgpersonalcenter.presentation.ui.activities.GGuestUploadSourceActivity",
            "com.cmcc.cmvideo.mgpersonalcenter.presentation.ui.activities.GKGameChoiceSchoolActivity",
            "com.cmcc.cmvideo.mgpersonalcenter.presentation.ui.activities.GKGameUploadActivity",
            "com.cmcc.cmvideo.mgpersonalcenter.presentation.ui.activities.GKGameUploadItemActivity",
            "com.cmcc.cmvideo.mgpersonalcenter.presentation.ui.activities.ImageAndTextPublishActivity",
            "com.cmcc.cmvideo.mgpersonalcenter.presentation.ui.activities.MGCompanyDeviceActivity",
            "com.cmcc.cmvideo.mgpersonalcenter.presentation.ui.activities.MGCompanyDeviceManageActivity",
            "com.cmcc.cmvideo.mgpersonalcenter.presentation.ui.activities.MGCompanyDeviceResetNameActivity",
            "com.cmcc.cmvideo.mgpersonalcenter.presentation.ui.activities.MGCompanyInputWifiPWActivity",
            "com.cmcc.cmvideo.mgpersonalcenter.presentation.ui.activities.PersonalAppRegardActivity",
            "com.cmcc.cmvideo.mgpersonalcenter.presentation.ui.activities.PersonalBeansActivity",
            "com.cmcc.cmvideo.mgpersonalcenter.presentation.ui.activities.PersonalChargeBeansActivity",
            "com.cmcc.cmvideo.mgpersonalcenter.presentation.ui.activities.PersonalChargeTicketActivity",
            "com.cmcc.cmvideo.mgpersonalcenter.presentation.ui.activities.PersonalFeedBackActivity",
            "com.cmcc.cmvideo.mgpersonalcenter.presentation.ui.activities.PersonalSelectWindowActivity",
            "com.cmcc.cmvideo.mgpersonalcenter.presentation.ui.activities.PersonalTipOffActivity",
            "com.cmcc.cmvideo.mgpersonalcenter.presentation.ui.activities.PersonalTipOffCenterActivity",
            "com.cmcc.cmvideo.mgpersonalcenter.presentation.ui.activities.PersonalTipOffContentCommitActivity",
            "com.cmcc.cmvideo.mgpersonalcenter.presentation.ui.activities.PersonalTipOffRightCommitActivity",
            "com.cmcc.cmvideo.mgpersonalcenter.presentation.ui.activities.PersonalUserBagActivity",
            "com.cmcc.cmvideo.mgpersonalcenter.presentation.ui.activities.PersonalUserCacheActivity",
            "com.cmcc.cmvideo.mgpersonalcenter.presentation.ui.activities.PersonalUserDownLoadActivity",
            "com.cmcc.cmvideo.mgpersonalcenter.presentation.ui.activities.PersonalUserEditActivity",
            "com.cmcc.cmvideo.mgpersonalcenter.presentation.ui.activities.PersonalUserInformActivity",
            "com.cmcc.cmvideo.mgpersonalcenter.presentation.ui.activities.PersonalUserLegalActivity",
            "com.cmcc.cmvideo.mgpersonalcenter.presentation.ui.activities.PersonalUserPrivacyActivity",
            "com.cmcc.cmvideo.mgpersonalcenter.presentation.ui.activities.PersonalUserRecordActivity",
            "com.cmcc.cmvideo.mgpersonalcenter.presentation.ui.activities.PersonalUserSafeActivity",
            "com.cmcc.cmvideo.mgpersonalcenter.presentation.ui.activities.PersonalUserSetActivity",
            "com.cmcc.cmvideo.mgpersonalcenter.presentation.ui.activities.PrivacySettingsActivity",
            "com.cmcc.cmvideo.mgpersonalcenter.presentation.ui.activities.TvFarBindActivity",
            "com.cmcc.cmvideo.mgpersonalcenter.presentation.ui.activities.TvFarDetailActivity",
            "com.cmcc.cmvideo.mgpersonalcenter.presentation.ui.activities.TvFarSetActivity",
            "com.cmcc.cmvideo.mgpersonalcenter.presentation.ui.activities.TvForScreenTypeSetActivity",
            "com.cmcc.cmvideo.mgpersonalcenter.presentation.ui.activities.TvUniteControlHelperActivity",
            "com.cmcc.cmvideo.mgpersonalcenter.presentation.ui.activities.information.WebInformationDetailActivity",
            "com.cmcc.cmvideo.mgpersonalcenter.presentation.ui.activities.rn.RnCallAndroidActivity",
            "com.cmcc.cmvideo.playdetail.MagicMultiControlActivity",
            "com.cmcc.cmvideo.playdetail.MultiControlActivity",
            "com.cmcc.cmvideo.playdetail.MultiPlayActivity",
            "com.cmcc.cmvideo.playdetail.PlayDetailActivity",
            "com.cmcc.cmvideo.playdetail.PlayDetailLargeSizeActivity",
            "com.cmcc.cmvideo.playdetail.PlayDetailLargeSizeTVActivity",
            "com.cmcc.cmvideo.playdetail.PlaybackActivity",
            "com.cmcc.cmvideo.playdetail.widget.PlayLiveActivity",
            "com.cmcc.cmvideo.playdetail.widget.PlayLogActivity",
            "com.cmcc.cmvideo.player.activity.AppsDetailActivity",
            "com.cmcc.cmvideo.player.activity.AppsListActivity",
            "com.cmcc.cmvideo.player.activity.AppsSearchActivity",
            "com.cmcc.cmvideo.player.activity.DanmakuInputActivity",
            "com.cmcc.cmvideo.player.activity.DoubleScreenAreaClickActivity",
            "com.cmcc.cmvideo.player.activity.TvBindStateActivity",
            "com.cmcc.cmvideo.player.activity.TvFAQGuideActivity",
            "com.cmcc.cmvideo.player.activity.TvFarVoiceActivity",
            "com.cmcc.cmvideo.player.activity.TvUniteControlActivity",
            "com.cmcc.cmvideo.splash.SplashActivity",
            "com.cmcc.cmvideo.wxapi.WXEntryActivity",
            "com.cmcc.cmvideo.wxapi.WXPayEntryActivity",
            "com.cmcc.miguhelpersdk.activity.AssistantActivity",
            "com.cmcc.miguhelpersdk.activity.SettingActivity",
            "com.cmcc.miguhelpersdk.activity.SettingFeedBackActivity",
            "com.cmcc.miguhelpersdk.activity.TtsVoicerActivity",
            "com.cmcc.miguhelpersdk.webview.WebViewActivity",
            "com.cmcc.migupaysdk.activity.AssetsManageActivity",
            "com.cmcc.migupaysdk.activity.ChargeMiGuCMCCPayActivity",
            "com.cmcc.migupaysdk.activity.ChooseRechargeNumActivity",
            "com.cmcc.migupaysdk.activity.MiguCreditManageActivity",
            "com.cmcc.migupaysdk.activity.MiguManageWebActivity",
            "com.cmcc.migupaysdk.activity.MiguMoneyForgetPwdActivity",
            "com.cmcc.migupaysdk.activity.MiguMoneyInitPwdActivity",
            "com.cmcc.migupaysdk.activity.MiguMoneyManageActivity",
            "com.cmcc.migupaysdk.activity.MiguMoneyOldPwdActivity",
            "com.cmcc.migupaysdk.activity.MiguMoneyPayActivity",
            "com.cmcc.migupaysdk.activity.MiguMoneySafeManageActivity",
            "com.cmcc.migupaysdk.activity.MiguMoneySetNewPwdActivity",
            "com.cmcc.migupaysdk.activity.MiguPayResultActivity",
            "com.cmcc.migupaysdk.activity.NotSignedActivity",
            "com.cmcc.migupaysdk.activity.PhonePayActivity",
            "com.cmcc.migupaysdk.activity.RechargeByCardActivity",
            "com.cmcc.migupaysdk.activity.RechargeOrPayBackActivity",
            "com.cmcc.migupaysdk.activity.SignPageWebActivity",
            "com.cmcc.migupaysdk.activity.ThirdpartyAssetManageActivity",
            "com.cmcc.migupaysdk.activity.UnionPayCashierActivity",
            "com.cmcc.migupaysdk.activity.UnionPayWebActivity",
            "com.cmcc.migupaysdk.activity.wxapi.WXPayBaseActivity",
            "com.cmcc.migusso.sdk.activity.AbcUpgradeActivity",
            "com.cmcc.migusso.sdk.activity.AbcUserCheckActivity",
            "com.cmcc.migusso.sdk.activity.AccountAndSecurityActivity",
            "com.cmcc.migusso.sdk.activity.AuthAndLoginActivity",
            "com.cmcc.migusso.sdk.activity.AutoLoginActivity",
            "com.cmcc.migusso.sdk.activity.BindAccountActivity",
            "com.cmcc.migusso.sdk.activity.BindPhoneNumActivity",
            "com.cmcc.migusso.sdk.activity.BindThridAccountActivity",
            "com.cmcc.migusso.sdk.activity.CancelAuthActivity",
            "com.cmcc.migusso.sdk.activity.CancelAuthEmailActivity",
            "com.cmcc.migusso.sdk.activity.CancelChoiceActivity",
            "com.cmcc.migusso.sdk.activity.CancelCommitActivity",
            "com.cmcc.migusso.sdk.activity.CancelConfirmActivity",
            "com.cmcc.migusso.sdk.activity.CancelNoticeActivity",
            "com.cmcc.migusso.sdk.activity.CancelRemindActivity",
            "com.cmcc.migusso.sdk.activity.CancelResultActivity",
            "com.cmcc.migusso.sdk.activity.ChangeNickNameActivity",
            "com.cmcc.migusso.sdk.activity.ChangePasswordActivity",
            "com.cmcc.migusso.sdk.activity.EmailBindCheckActivity",
            "com.cmcc.migusso.sdk.activity.EmailBindMobileActivity",
            "com.cmcc.migusso.sdk.activity.FindPasswordActivity",
            "com.cmcc.migusso.sdk.activity.HalfScreenLoginActivity",
            "com.cmcc.migusso.sdk.activity.ImageCheckActivity",
            "com.cmcc.migusso.sdk.activity.InputNewPassword4ChangePwdActivity",
            "com.cmcc.migusso.sdk.activity.InputOldPassword4ChangePwdActivity",
            "com.cmcc.migusso.sdk.activity.InputPhone4FindPasswordActivity",
            "com.cmcc.migusso.sdk.activity.LoginActivity",
            "com.cmcc.migusso.sdk.activity.NewPhoneCheckActivity",
            "com.cmcc.migusso.sdk.activity.PrivacyActivity",
            "com.cmcc.migusso.sdk.activity.QRCodeScanActivity",
            "com.cmcc.migusso.sdk.activity.QRCodeScanLoginActivity",
            "com.cmcc.migusso.sdk.activity.RegisterActivity",
            "com.cmcc.migusso.sdk.activity.RegisterPhoneActivity",
            "com.cmcc.migusso.sdk.activity.RegisterValidActivity",
            "com.cmcc.migusso.sdk.activity.SecurityVerifyActivity",
            "com.cmcc.migusso.sdk.activity.SetPassword4BindActivity",
            "com.cmcc.migusso.sdk.activity.SetPassword4FindPasswordActivity",
            "com.cmcc.migusso.sdk.activity.SetPasswordActivity",
            "com.cmcc.migusso.sdk.activity.SlidingVerifyActivity",
            "com.cmcc.migusso.sdk.activity.SmsLoginActivity",
            "com.cmcc.migusso.sdk.activity.SmsLoginPhoneActivity",
            "com.cmcc.migusso.sdk.activity.SmsVoiceCheckActivity",
            "com.cmcc.migusso.sdk.activity.ThirdBindCheckActivity",
            "com.cmcc.migusso.sdk.activity.ThirdBindPhoneActivity",
            "com.cmcc.migusso.sdk.activity.UpgradeSetPasswordActivity",
            "com.cmcc.migusso.sdk.activity.UserManageActivity",
            "com.cmcc.migusso.sdk.activity.UserProtocolActivity",
            "com.cmcc.migusso.sdk.activity.ValidCode4BindActivity",
            "com.cmcc.migusso.sdk.activity.ValidCode4FindPasswordActivity",
            "com.cmcc.migusso.sdk.activity.VerifyOldPhoneActivity",
            "com.cmcc.migusso.sdk.activity.VoiceLoginActivity",
            "com.cmcc.wallet.openpay.MocamOpenPayEntry",
            "com.cmporjector.business.setter.AddDeviceActivity",
            "com.cmporjector.business.setter.ConnectActivity",
            "com.cmporjector.business.setter.MyCaptureActivity",
            "com.cmread.miguread.bookstore.MgBookStoreMainActivity",
            "com.cmread.miguread.mine.MgReadMineMainActivity",
            "com.cmread.miguread.shelf.MgReadShelfActivity",
            "com.cmread.miguread.shelf.ui.recentlyread.RecentlyReadActivity",
            "com.cmread.migureadsdk.MiguReadSdkMainActivity",
            "com.cmread.migureadsdk.MiguReadSdkMainConfigActivity",
            "com.cmread.sdk.migureader.MgReadSdkReaderMainActivity",
            "com.cmread.sdk.migureader.productcharge.ProductChargeActivity",
            "com.cmread.sdk.migureader.ui.chapterlist.ChapterListActivity",
            "com.cmread.sdk.web.AutoLoginWebPage",
            "com.cmread.sdk.web.CommonWebPage",
            "com.cmread.sdk.web.ExternalWebPage",
            "com.cmread.sdk.web.MgReadSdkSearchMainActivity",
            "com.cmread.sdk.web.NewCommonWebPage",
            "com.cmread.sdk.web.websearch.WebSearchActivity",
            "com.cmread.sdk.web.websearch.WebSearchResultPage",
            "com.cmvideo.capability.livependantlayout.activity.WorldCupPlayDetailActivity",
            "com.cmvideo.capability.mgcloudfan.activity.MGCloudFanActivity",
            "com.cmvideo.capability.mgecommerce.activity.LibraryGoodsActivity",
            "com.cmvideo.capability.mgecommerce.activity.SearchGoodsActivity",
            "com.cmvideo.capability.mgecommerce.activity.ShopWindowActivity",
            "com.cmvideo.capability.mgecommerce.activity.ShopwindowDisplayActivity",
            "com.cmvideo.capability.mgkit.eventbus.EventBusErrorActivity",
            "com.cmvideo.capability.mglivependant.multistudio.WCMultiStudioActivity",
            "com.cmvideo.capability.mgplayanalysis.activity.PlayAnalysisActivity",
            "com.cmvideo.capability.mgplayanalysis.activity.PlayAnalysisListActivity",
            "com.cmvideo.capability.mgpush.datachannel.NotificationDialog",
            "com.cmvideo.capability.networkimpl.ui.NetworkContainerActivity",
            "com.cmvideo.capability.networkimpl.ui.NetworkDetailActivity",
            "com.cmvideo.capability.networkimpl.ui.NetworkMainActivity",
            "com.cmvideo.capability.remote_web.WebProcessActivity",
            "com.cmvideo.foundation.display.common.ImageListActivity",
            "com.cmvideo.foundation.display.ui.comment.CommentDetailActivity",
            "com.cmvideo.foundation.display.ui.comment.GambitDetailActivity",
            "com.cmvideo.foundation.display.ui.preview.ImagePreviewActivity",
            "com.cmvideo.foundation.guide.GuideActivity",
            "com.cmvideo.foundation.guide.ProtocolActivity",
            "com.cmvideo.foundation.teenagermodeimpl.activity.ManagePasswordActivity",
            "com.cmvideo.foundation.teenagermodeimpl.activity.ResetPasswordActivity",
            "com.cmvideo.foundation.teenagermodeimpl.activity.TeenModeOpenActivity",
            "com.cmvideo.mglogin.SdkLoginActivity",
            "com.cmvideo.mglogin.personal_center.scanner.ScanResultEmptyActivity",
            "com.cmvideo.mgshare.QQEntryActivity",
            "com.cmvideo.mgshare.WBEntryActivity",
            "com.cmvideo.mgshare.frestylePoster.FreestyleSharePopupWindowActivity",
            "com.cmvideo.mgshare.mghshareposter.MGHSharePosterPopupWindowActivity",
            "com.cmvideo.mgshare.vipgift.VipGiftSharePopupWindowActivity",
            "com.cmvideo.mgvui.AppointActivity",
            "com.cmvideo.mgvui.DragChannelActivity",
            "com.cmvideo.mgvui.ImageAndTextPublishActivity",
            "com.cmvideo.mgvui.MainActivity",
            "com.cmvideo.mgvui.NewPageActivity",
            "com.cmvideo.mgvui.PageActivity",
            "com.cmvideo.mgvui.PlayDetailActivity",
            "com.cmvideo.mgvui.RecommendStarActivity",
            "com.cmvideo.mgvui.ShortVideoActivity",
            "com.cmvideo.mgvui.SportPlayDetailActivity",
            "com.cmvideo.mgvui.TonesActivity",
            "com.cmvideo.mgvui.VSSPlayDetailActivity",
            "com.cmvideo.mgvui.match.OlympicMatchListActivity",
            "com.cmvideo.mgvui.match.OlympicMatchListWinterActivity",
            "com.cmvideo.mgvui.match.OlympicProgramMatchListActivity",
            "com.cmvideo.mgvui.match.OlympicProgramMatchWinterListActivity",
            "com.cmvideo.mgvui.share.NewSharePostPopupwindowActivity",
            "com.cmvideo.migupay.mvp.ui.PaymentActivity",
            "com.cmvideo.migupayui.mvp.ui.FootballLeagueActivity",
            "com.cmvideo.migupayui.mvp.ui.HalfCommonPayActivity",
            "com.cmvideo.migupayui.mvp.ui.NBAChooseTeamActivity",
            "com.cmvideo.migupayui.mvp.ui.NBAPurchaseActivity",
            "com.cmvideo.migupayui.mvp.ui.PhurceHistoryActivity",
            "com.cmvideo.migupayui.mvp.ui.RecordPayListActivity",
            "com.cmvideo.migupayui.mvp.ui.SportMemberActivity",
            "com.cmvideo.migupayui.mvp.ui.TicketPrivilegeActivity",
            "com.cmvideo.migupayui.mvp.ui.UserMemberActivity",
            "com.cmvideo.privateroomsdk.PrivateRoomActivity",
            "com.cmvideo.product.shortvideosdk.activity.CircleHomeActivity",
            "com.cmvideo.product.shortvideosdk.activity.CircleHomeTestActivity",
            "com.cmvideo.product.shortvideosdk.activity.CircleListActivity",
            "com.cmvideo.product.shortvideosdk.activity.GKRankPageActivity",
            "com.cmvideo.product.shortvideosdk.activity.SVRecommendPlayActivity",
            "com.cmvideo.product.shortvideosdk.activity.SVShortVideoPlayDetailActivity",
            "com.cmvideo.product.shortvideosdk.activity.SelectTopicActivity",
            "com.cmvideo.product.shortvideosdk.activity.ShowBigPictureActivity",
            "com.cmvideo.product.shortvideosdk.activity.TopicDetailActivity",
            "com.cmvideo.product.shortvideosdk.activity.UserCricleListActivity",
            "com.cmvideo.product.shortvideosdk.activity.WebInformationDetailActivity",
            "com.cmvideo.streaming.LiveStreamRoomActivity",
            "com.huawei.android.hms.agent.common.HMSAgentActivity",
            "com.huawei.hms.activity.BridgeActivity",
            "com.huawei.hms.activity.EnableServiceActivity",
            "com.huawei.updatesdk.service.otaupdate.AppUpdateActivity",
            "com.huawei.updatesdk.support.pm.PackageInstallerActivity",
            "com.igexin.sdk.GActivity",
            "com.igexin.sdk.GetuiActivity",
            "com.igexin.sdk.PushActivity",
            "com.king.zxing.CaptureActivity",
            "com.mgvideo.editor.MGVideoEditorActivity",
            "com.migu.utils.browser.MIGUBrowser",
            "com.sina.weibo.sdk.component.WeiboSdkBrowser",
            "com.sina.weibo.sdk.share.ShareChatActivity",
            "com.sina.weibo.sdk.share.ShareResultActivity",
            "com.sina.weibo.sdk.share.ShareStoryActivity",
            "com.sina.weibo.sdk.share.ShareTransActivity",
            "com.sina.weibo.sdk.web.WebActivity",
            "com.soundcloud.android.crop.CropImageActivity",
            "com.tencent.bugly.beta.ui.BetaActivity",
            "com.tencent.connect.common.AssistActivity",
            "com.tencent.shadow.sample.plugin.runtime.PluginDefaultProxyActivity",
            "com.tencent.shadow.sample.plugin.runtime.PluginSingleInstanceProxyActivity",
            "com.tencent.tauth.AuthActivity",
            "com.unionpay.UPPayWapActivity",
            "com.unionpay.uppay.PayActivity",
            "com.vivo.push.sdk.LinkProxyClientActivity",
            "com.yhao.floatwindow.FloatActivity",
            "com.ysten.videosdk.base.YstBaseWebActivity",
            "com.ysten.videosdk.ui.detail.YstPlayDetailActivity",
            "com.ysten.videosdk.ui.detail.YstPlayDetailActivity",
            "com.zhihu.matisse.internal.ui.AlbumPreviewActivity",
            "com.zhihu.matisse.internal.ui.SelectedPreviewActivity",
            "com.zhihu.matisse.ui.MatisseActivity"
        ],
        "services": [
            "cn.migu.fd.feedback.service.ScreenShotService",
            "cn.migu.tsg.mpush.PushService",
            "cn.migu.tsg.mpush.huawei.MGHWMessageService",
            "com.baidu.location.f",
            "com.cmcc.cmvideo.foundation.aiui.service.AIUIControlService",
            "com.cmcc.cmvideo.foundation.aiui.service.AIUIService",
            "com.cmcc.cmvideo.foundation.service.DownloadService",
            "com.cmcc.cmvideo.mgpersonalcenter.service.GKUploadService",
            "com.cmcc.migusso.sdk.service.AuthCheckUserService",
            "com.cmcc.migusso.service.SsoService",
            "com.cmvideo.capability.downloadlib.services.FileDownloadService$SeparateProcessService",
            "com.cmvideo.capability.downloadlib.services.FileDownloadService$SharedMainProcessService",
            "com.cmvideo.capability.mgpush.service.IntentService",
            "com.cmvideo.capability.mgpush.service.PushService",
            "com.cmvideo.capability.remote_web.WebContainerLegacyService",
            "com.cmvideo.foundation.service.DownloadService",
            "com.cmvideo.mglogin.user.UserAccountService",
            "com.cmvideo.plugin.mgplugincenter.pps.GkPluginPPS",
            "com.cmvideo.plugin.mgplugincenter.pps.LiveSDKPPS",
            "com.cmvideo.plugin.mgplugincenter.pps.PluginProcessPPS",
            "com.cmvideo.plugin.mgplugincenter.pps.PluginProcessPPS2",
            "com.getui.gtc.GtcService",
            "com.huawei.agconnect.core.ServiceDiscovery",
            "com.huawei.hms.support.api.push.service.HmsMsgService",
            "com.igexin.sdk.GService",
            "com.igexin.sdk.HmsPushMessageService",
            "com.igexin.sdk.OppoAppPushService",
            "com.igexin.sdk.OppoPushService",
            "com.igexin.sdk.PushService",
            "com.migu.uem.comm.AgentService",
            "com.migu.utils.download.DownloadService",
            "com.migu.xplugin.service.ProcessPluginService",
            "com.migudownloader.core.service.MGDLService",
            "com.tencent.bugly.beta.tinker.TinkerResultService",
            "com.vivo.push.sdk.service.CommandClientService",
            "com.xiaomi.mipush.sdk.MessageHandleService",
            "com.xiaomi.mipush.sdk.PushMessageHandler",
            "com.xiaomi.push.service.XMJobService",
            "com.xiaomi.push.service.XMPushService"
        ],
        "receivers": [
            "cn.migu.tsg.mpush.HandlerReceiver",
            "cn.migu.tsg.mpush.meizu.MeiZReceiver",
            "cn.migu.tsg.mpush.service.ContactReceiver",
            "cn.migu.tsg.mpush.vivo.PushMessageReceiverImpl",
            "cn.migu.tsg.mpush.xiaomi.XiaoMiReceiver",
            "com.cmcc.cmlive.receiver.LiveRemindReceiver",
            "com.cmcc.cmvideo.layout.livefragment.broadcast.MobileStateChangeBroadcastReceiver",
            "com.cmcc.cmvideo.player.VideoAlarmReceiver",
            "com.cmcc.migusso.sdk.service.SimStateReceive",
            "com.cmcc.migux.util.MiniDebuggerReceiver",
            "com.cmvideo.capability.mgpush.service.MsgReceiver",
            "com.cmvideo.mglogin.reciver.AuthSsoBroadcast",
            "com.huawei.hms.support.api.push.PushMsgReceiver",
            "com.huawei.hms.support.api.push.PushReceiver",
            "com.igexin.sdk.FlymePushReceiver",
            "com.igexin.sdk.MiuiPushReceiver",
            "com.igexin.sdk.PushReceiver",
            "com.igexin.sdk.VivoPushMessageReceiver",
            "com.instacart.library.truetime.BootCompletedBroadcastReceiver",
            "com.xiaomi.push.service.receivers.NetworkStatusReceiver",
            "com.xiaomi.push.service.receivers.PingReceiver"
        ],
        "permission_details": {
            "android.permission.ACCESS_COARSE_LOCATION": "dangerous",
            "android.permission.ACCESS_FINE_LOCATION": "dangerous",
            "android.permission.ACCESS_NETWORK_STATE": "normal",
            "android.permission.ACCESS_NETWORK_STATE ": "unknown",
            "android.permission.ACCESS_WIFI_STATE": "normal",
            "android.permission.AUTHENTICATE_ACCOUNTS": "unknown",
            "android.permission.BATTERY_STATS": "signature",
            "android.permission.BLUETOOTH": "normal",
            "android.permission.BLUETOOTH_ADMIN": "normal",
            "android.permission.CAMERA": "dangerous",
            "android.permission.CHANGE_CONFIGURATION": "signature",
            "android.permission.CHANGE_NETWORK_STATE": "normal",
            "android.permission.CHANGE_WIFI_MULTICAST_STATE": "normal",
            "android.permission.CHANGE_WIFI_STATE": "normal",
            "android.permission.FLASHLIGHT": "unknown",
            "android.permission.FOREGROUND_SERVICE": "normal",
            "android.permission.GET_ACCOUNTS": "dangerous",
            "android.permission.GET_TASKS": "unlaballed",
            "android.permission.INTERNET": "normal",
            "android.permission.MANAGE_ACCOUNTS": "unknown",
            "android.permission.MODIFY_AUDIO_SETTINGS": "normal",
            "android.permission.MOUNT_UNMOUNT_FILESYSTEMS": "unlaballed",
            "android.permission.NETWORK_PROVIDER": "unknown",
            "android.permission.READ_CALENDAR": "dangerous",
            "android.permission.READ_EXTERNAL_STORAGE": "dangerous",
            "android.permission.READ_LOGS": "unlaballed",
            "android.permission.READ_PHONE_STATE": "dangerous",
            "android.permission.READ_PRIVILEGED_PHONE_STATE": "unknown",
            "android.permission.READ_SETTINGS": "unknown",
            "android.permission.RECEIVE_BOOT_COMPLETED": "normal",
            "android.permission.RECORD_AUDIO": "dangerous",
            "android.permission.REORDER_TASKS": "normal",
            "android.permission.REQUEST_INSTALL_PACKAGES": "signature",
            "android.permission.RUN_INSTRUMENTATION": "unknown",
            "android.permission.SYSTEM_ALERT_WINDOW": "signature",
            "android.permission.VIBRATE": "normal",
            "android.permission.WRITE_CALENDAR": "dangerous",
            "android.permission.WRITE_EXTERNAL_STORAGE": "dangerous",
            "android.permission.WRITE_SETTINGS": "signature",
            "com.android.launcher.permission.INSTALL_SHORTCUT": "normal",
            "com.android.launcher.permission.READ_SETTINGS": "unknown",
            "com.android.launcher.permission.UNINSTALL_SHORTCUT": "unlaballed",
            "com.android.setting.permission.ALLSHARE_CAST_SERVICE": "unknown",
            "com.asus.msa.SupplementaryDID.ACCESS": "unknown",
            "com.cmcc.cmvideo.MPUSH": "unknown",
            "com.cmcc.cmvideo.permission.C2D_MESSAGE": "unknown",
            "com.cmcc.cmvideo.permission.MIPUSH_RECEIVE": "unknown",
            "com.cmcc.cmvideo.permission.PROCESS_PUSH_MSG": "unknown",
            "com.cmcc.cmvideo.permission.PUSH_PROVIDER": "unknown",
            "com.cmcc.cmvideo.push.permission.MESSAGE": "unknown",
            "com.coloros.mcs.permission.RECIEVE_MCS_MESSAGE": "unknown",
            "com.company.app.fileprovider.READ": "unknown",
            "com.heytap.mcs.permission.RECIEVE_MCS_MESSAGE": "unknown",
            "com.huawei.appmarket.service.commondata.permission.GET_COMMON_DATA": "unknown",
            "com.meizu.c2dm.permission.RECEIVE": "unknown",
            "com.meizu.flyme.push.permission.RECEIVE": "unknown",
            "getui.permission.GetuiService": "unknown",
            "getui.permission.GetuiService.com.cmcc.cmvideo": "unknown",
            "org.simalliance.openmobileapi.SMARTCARD": "unknown"
        },
        "risk_counts": {
            "dangerous": 10,
            "normal": 14,
            "unknown": 26,
            "signature": 5,
            "unlaballed": 4
        }
    },
    "stats": {
        "dex_count": 2,
        "native_lib_count": 65
    },
    "jadx": {
        "status": "ok",
        "duration_sec": 4.98,
        "sources_present": true,
        "java_file_count": 9
    },
    "ast_analysis": {
        "location": 0,
        "microphone": 0,
        "camera": 0,
        "media_projection": 0,
        "dynamic_load": 0,
        "jni": 1
    },
    "analysis_state": "complete"
}