{
    "apk_name": "CE8E866AA485ED9858CB049AA34E88CDFC72B63D78A736C71D9B02958C3DC849",
    "sha256": "ce8e866aa485ed9858cb049aa34e88cdfc72b63d78a736c71d9b02958c3dc849",
    "metadata": {
        "package_name": "com.imptt.proptt",
        "version_code": "540",
        "version_name": "10.2.9",
        "min_sdk": "21",
        "target_sdk": "35",
        "permissions": [
            "android.permission.ACCESS_BACKGROUND_LOCATION",
            "android.permission.ACCESS_COARSE_LOCATION",
            "android.permission.ACCESS_FINE_LOCATION",
            "android.permission.ACCESS_NETWORK_STATE",
            "android.permission.ACCESS_WIFI_STATE",
            "android.permission.BLUETOOTH",
            "android.permission.BLUETOOTH_ADMIN",
            "android.permission.BLUETOOTH_ADVERTISE",
            "android.permission.BLUETOOTH_CONNECT",
            "android.permission.BLUETOOTH_SCAN",
            "android.permission.BROADCAST_STICKY",
            "android.permission.CAMERA",
            "android.permission.CHANGE_NETWORK_STATE",
            "android.permission.CHANGE_WIFI_MULTICAST_STATE",
            "android.permission.CHANGE_WIFI_STATE",
            "android.permission.FOREGROUND_SERVICE",
            "android.permission.FOREGROUND_SERVICE_CAMERA",
            "android.permission.FOREGROUND_SERVICE_CONNECTED_DEVICE",
            "android.permission.FOREGROUND_SERVICE_LOCATION",
            "android.permission.FOREGROUND_SERVICE_MICROPHONE",
            "android.permission.GET_TASKS",
            "android.permission.INTERNET",
            "android.permission.MANAGE_DOCUMENTS",
            "android.permission.MODIFY_AUDIO_SETTINGS",
            "android.permission.NFC",
            "android.permission.POST_NOTIFICATIONS",
            "android.permission.READ_EXTERNAL_STORAGE",
            "android.permission.READ_MEDIA_AUDIO",
            "android.permission.READ_MEDIA_IMAGES",
            "android.permission.READ_MEDIA_VIDEO",
            "android.permission.READ_PHONE_NUMBERS",
            "android.permission.READ_PHONE_STATE",
            "android.permission.READ_PRIVILEGED_PHONE_STATE",
            "android.permission.RECEIVE_BOOT_COMPLETED",
            "android.permission.RECORD_AUDIO",
            "android.permission.REQUEST_IGNORE_BATTERY_OPTIMIZATIONS",
            "android.permission.STORAGE",
            "android.permission.SYSTEM_ALERT_WINDOW",
            "android.permission.VIBRATE",
            "android.permission.WAKE_LOCK",
            "android.permission.WRITE_EXTERNAL_STORAGE",
            "com.android.vending.BILLING",
            "com.google.android.c2dm.permission.RECEIVE",
            "com.google.android.finsky.permission.BIND_GET_INSTALL_REFERRER_SERVICE",
            "com.google.android.providers.gsf.permission.READ_GSERVICES",
            "com.imptt.proptt.DYNAMIC_RECEIVER_NOT_EXPORTED_PERMISSION",
            "com.imptt.proptt.permission.RECEIVE"
        ],
        "activities": [
            "com.android.billingclient.api.ProxyBillingActivity",
            "com.android.billingclient.api.ProxyBillingActivityV2",
            "com.google.android.gms.common.api.GoogleApiActivity",
            "com.google.android.libraries.places.widget.AutocompleteActivity",
            "com.imptt.proptt.filepicker.ui.FilePickerActivity",
            "com.imptt.proptt.multipleimageselect.activities.AlbumSelectActivity",
            "com.imptt.proptt.multipleimageselect.activities.ImageSelectActivity",
            "com.imptt.proptt.ui.AboutProPTTActivity",
            "com.imptt.proptt.ui.AccountActivity",
            "com.imptt.proptt.ui.AddFriendActivity",
            "com.imptt.proptt.ui.AdvancedSettingActivity",
            "com.imptt.proptt.ui.AlertActivity",
            "com.imptt.proptt.ui.BleScanActivity",
            "com.imptt.proptt.ui.ChangeBlockedPasswordActivity",
            "com.imptt.proptt.ui.ChangeEmailActivity",
            "com.imptt.proptt.ui.ChangeLockAccountPasswordActivity",
            "com.imptt.proptt.ui.ChangeLockUserPasswordActivity",
            "com.imptt.proptt.ui.ChangePasswordActivity",
            "com.imptt.proptt.ui.ChannelDetailActivity",
            "com.imptt.proptt.ui.ChannelSearchActivity",
            "com.imptt.proptt.ui.ChannelSettingActivity",
            "com.imptt.proptt.ui.ChatActivity",
            "com.imptt.proptt.ui.ChatDeletionCycleSettingActivity",
            "com.imptt.proptt.ui.ChatImageActivity",
            "com.imptt.proptt.ui.ConnectionStatusActivity",
            "com.imptt.proptt.ui.CreateChannelActivity",
            "com.imptt.proptt.ui.DeleteAccountActivity",
            "com.imptt.proptt.ui.EditChannelActivity",
            "com.imptt.proptt.ui.EmailVerificationActivity",
            "com.imptt.proptt.ui.EmergencyDetectionActivity",
            "com.imptt.proptt.ui.EmergencySettingActivity",
            "com.imptt.proptt.ui.FAQActivity",
            "com.imptt.proptt.ui.FindMyAccountActivity",
            "com.imptt.proptt.ui.FullMapActivity",
            "com.imptt.proptt.ui.GeneralSettingActivity",
            "com.imptt.proptt.ui.IntroActivity",
            "com.imptt.proptt.ui.InviteActivity",
            "com.imptt.proptt.ui.InvitedWaitingListActivity",
            "com.imptt.proptt.ui.LanguageActivity",
            "com.imptt.proptt.ui.LocationSettingActivity",
            "com.imptt.proptt.ui.LoginActivity",
            "com.imptt.proptt.ui.MainActivity",
            "com.imptt.proptt.ui.ManDownPopupActivity",
            "com.imptt.proptt.ui.MapActivity",
            "com.imptt.proptt.ui.MyPassActivity",
            "com.imptt.proptt.ui.MyProfileActivity",
            "com.imptt.proptt.ui.NoticesActivity",
            "com.imptt.proptt.ui.NotificationSettingActivity",
            "com.imptt.proptt.ui.OpenSourceActivity",
            "com.imptt.proptt.ui.OtherSettingActivity",
            "com.imptt.proptt.ui.PTTDeletionCycleSettingActivity",
            "com.imptt.proptt.ui.PTTHistoryActivity",
            "com.imptt.proptt.ui.PTTOptionLockActivity",
            "com.imptt.proptt.ui.PTTOptionLockConfirmationActivity",
            "com.imptt.proptt.ui.PTTSoundSettingActivity",
            "com.imptt.proptt.ui.PresenceActivity",
            "com.imptt.proptt.ui.ProPTTPassActivity",
            "com.imptt.proptt.ui.PushToTalkActivity",
            "com.imptt.proptt.ui.PushToTalkRecordSettingActivity",
            "com.imptt.proptt.ui.RootActivity",
            "com.imptt.proptt.ui.SOSActivity",
            "com.imptt.proptt.ui.SecondAuthActivity",
            "com.imptt.proptt.ui.SelectCountryActivity",
            "com.imptt.proptt.ui.SendLocationActivity",
            "com.imptt.proptt.ui.ServerSettingActivity",
            "com.imptt.proptt.ui.SettingActivity",
            "com.imptt.proptt.ui.SignupActivity",
            "com.imptt.proptt.ui.StatusMessageActivity",
            "com.imptt.proptt.ui.TOUorPrivacyActivity",
            "com.imptt.proptt.ui.TutorialActivity",
            "com.imptt.proptt.ui.UVCCameraSettingActivity",
            "com.imptt.proptt.ui.UserNameActivity",
            "com.imptt.proptt.ui.VideoPTTActivity",
            "com.imptt.proptt.ui.VideoQualitySettingActivity",
            "com.imptt.proptt.ui.VideoShareActivity",
            "com.imptt.proptt.ui.VideoShareSettingActivity",
            "com.imptt.proptt.ui.VideoUploadActivity",
            "com.imptt.proptt.ui.VideoUploadListActivity",
            "com.imptt.proptt.ui.VoicePTTActivity",
            "com.imptt.proptt.ui.WidgetConfigureActivity",
            "com.imptt.proptt.ui.WidgetSlotActivity"
        ],
        "services": [
            "com.google.android.datatransport.runtime.backends.TransportBackendDiscovery",
            "com.google.android.datatransport.runtime.scheduling.jobscheduling.JobInfoSchedulerService",
            "com.google.android.gms.cast.framework.ReconnectionService",
            "com.google.android.gms.cast.framework.media.MediaNotificationService",
            "com.imptt.proptt.service.FloatWindow",
            "com.imptt.proptt.service.PTTGcmListenerService",
            "com.imptt.proptt.service.PTTInstanceIDListenerService",
            "com.imptt.proptt.service.PTTService",
            "com.imptt.proptt.service.PictureService",
            "com.imptt.proptt.service.RegistrationIntentService",
            "com.imptt.proptt.service.WearableListener",
            "com.imptt.proptt.uamp.MusicService",
            "com.imptt.propttsdk.core.PTTControllerService",
            "org.altbeacon.beacon.BeaconIntentProcessor",
            "org.altbeacon.beacon.service.BeaconService",
            "org.altbeacon.beacon.service.ScanJob",
            "org.altbeacon.bluetooth.BluetoothTestJob"
        ],
        "receivers": [
            "androidx.media.session.MediaButtonReceiver",
            "androidx.profileinstaller.ProfileInstallReceiver",
            "com.google.android.datatransport.runtime.scheduling.jobscheduling.AlarmManagerSchedulerBroadcastReceiver",
            "com.google.android.gms.cast.framework.media.MediaIntentReceiver",
            "com.google.android.gms.gcm.GcmReceiver",
            "com.imptt.proptt.broadcast.PTTBroadcastReceiver",
            "com.imptt.proptt.core.ProPTTWidget",
            "org.altbeacon.beacon.startup.StartupBroadcastReceiver"
        ],
        "permission_details": {
            "android.permission.ACCESS_BACKGROUND_LOCATION": "dangerous",
            "android.permission.ACCESS_COARSE_LOCATION": "dangerous",
            "android.permission.ACCESS_FINE_LOCATION": "dangerous",
            "android.permission.ACCESS_NETWORK_STATE": "normal",
            "android.permission.ACCESS_WIFI_STATE": "normal",
            "android.permission.BLUETOOTH": "normal",
            "android.permission.BLUETOOTH_ADMIN": "normal",
            "android.permission.BLUETOOTH_ADVERTISE": "dangerous",
            "android.permission.BLUETOOTH_CONNECT": "dangerous",
            "android.permission.BLUETOOTH_SCAN": "dangerous",
            "android.permission.BROADCAST_STICKY": "normal",
            "android.permission.CAMERA": "dangerous",
            "android.permission.CHANGE_NETWORK_STATE": "normal",
            "android.permission.CHANGE_WIFI_MULTICAST_STATE": "normal",
            "android.permission.CHANGE_WIFI_STATE": "normal",
            "android.permission.FOREGROUND_SERVICE": "normal",
            "android.permission.FOREGROUND_SERVICE_CAMERA": "normal",
            "android.permission.FOREGROUND_SERVICE_CONNECTED_DEVICE": "normal",
            "android.permission.FOREGROUND_SERVICE_LOCATION": "normal",
            "android.permission.FOREGROUND_SERVICE_MICROPHONE": "normal",
            "android.permission.GET_TASKS": "unlaballed",
            "android.permission.INTERNET": "normal",
            "android.permission.MANAGE_DOCUMENTS": "unlaballed",
            "android.permission.MODIFY_AUDIO_SETTINGS": "normal",
            "android.permission.NFC": "normal",
            "android.permission.POST_NOTIFICATIONS": "dangerous",
            "android.permission.READ_EXTERNAL_STORAGE": "dangerous",
            "android.permission.READ_MEDIA_AUDIO": "dangerous",
            "android.permission.READ_MEDIA_IMAGES": "dangerous",
            "android.permission.READ_MEDIA_VIDEO": "dangerous",
            "android.permission.READ_PHONE_NUMBERS": "dangerous",
            "android.permission.READ_PHONE_STATE": "dangerous",
            "android.permission.READ_PRIVILEGED_PHONE_STATE": "unknown",
            "android.permission.RECEIVE_BOOT_COMPLETED": "normal",
            "android.permission.RECORD_AUDIO": "dangerous",
            "android.permission.REQUEST_IGNORE_BATTERY_OPTIMIZATIONS": "normal",
            "android.permission.STORAGE": "unknown",
            "android.permission.SYSTEM_ALERT_WINDOW": "signature",
            "android.permission.VIBRATE": "normal",
            "android.permission.WAKE_LOCK": "normal",
            "android.permission.WRITE_EXTERNAL_STORAGE": "dangerous",
            "com.android.vending.BILLING": "unknown",
            "com.google.android.c2dm.permission.RECEIVE": "unknown",
            "com.google.android.finsky.permission.BIND_GET_INSTALL_REFERRER_SERVICE": "unknown",
            "com.google.android.providers.gsf.permission.READ_GSERVICES": "unknown",
            "com.imptt.proptt.DYNAMIC_RECEIVER_NOT_EXPORTED_PERMISSION": "unknown",
            "com.imptt.proptt.permission.RECEIVE": "unknown"
        },
        "risk_counts": {
            "dangerous": 16,
            "normal": 20,
            "unlaballed": 2,
            "unknown": 8,
            "signature": 1
        }
    },
    "stats": {
        "dex_count": 1,
        "native_lib_count": 0
    },
    "jadx": {
        "status": "ok",
        "duration_sec": 25.09,
        "sources_present": true,
        "java_file_count": 6252
    },
    "ast_analysis": {
        "location": 2,
        "microphone": 3,
        "camera": 21,
        "media_projection": 0,
        "dynamic_load": 0,
        "jni": 20
    },
    "analysis_state": "complete"
}