{
    "apk_name": "5D68411A971BDD101380AF3822179FB8110820662B41A384400DD53B4744E242",
    "sha256": "5d68411a971bdd101380af3822179fb8110820662b41a384400dd53b4744e242",
    "metadata": {
        "package_name": "com.anjuke.android.newbroker",
        "version_code": "404266",
        "version_name": "9.39.1",
        "min_sdk": "21",
        "target_sdk": "29",
        "permissions": [
            "android.permission.ACCESS_COARSE_LOCATION",
            "android.permission.ACCESS_COARSE_UPDATES",
            "android.permission.ACCESS_FINE_LOCATION",
            "android.permission.ACCESS_NETWORK_STATE",
            "android.permission.ACCESS_NOTIFICATION_POLICY",
            "android.permission.ACCESS_WIFI_STATE",
            "android.permission.BLUETOOTH",
            "android.permission.BLUETOOTH_ADMIN",
            "android.permission.BLUETOOTH_PRIVILEGED",
            "android.permission.CALL_PHONE",
            "android.permission.CAMERA",
            "android.permission.CHANGE_NETWORK_STATE",
            "android.permission.CHANGE_WIFI_STATE",
            "android.permission.DEVICE_POWER",
            "android.permission.FLASHLIGHT",
            "android.permission.FOREGROUND_SERVICE",
            "android.permission.GET_TASKS",
            "android.permission.INTERACT_ACROSS_USERS_FULL",
            "android.permission.INTERNET",
            "android.permission.MODIFY_AUDIO_SETTINGS",
            "android.permission.MOUNT_UNMOUNT_FILESYSTEMS",
            "android.permission.READ_CALL_LOG",
            "android.permission.READ_CONTACTS",
            "android.permission.READ_EXTERNAL_STORAGE",
            "android.permission.READ_PHONE_STATE",
            "android.permission.READ_SETTINGS",
            "android.permission.RECEIVE_BOOT_COMPLETED",
            "android.permission.RECORD_AUDIO",
            "android.permission.REORDER_TASKS",
            "android.permission.REQUEST_INSTALL_PACKAGES",
            "android.permission.SYSTEM_ALERT_WINDOW",
            "android.permission.USE_FACEAUTHENTICATION",
            "android.permission.USE_FACERECOGNITION",
            "android.permission.USE_FINGERPRINT",
            "android.permission.USE_FULL_SCREEN_INTENT",
            "android.permission.VIBRATE",
            "android.permission.WAKE_LOCK",
            "android.permission.WRITE_EXTERNAL_STORAGE",
            "android.permission.WRITE_SETTINGS",
            "com.anjuke.android.newbroker.permission.MIPUSH_RECEIVE",
            "com.anjuke.android.newbroker.permission.PROCESS_PUSH_MSG",
            "com.anjuke.android.newbroker.permission.PUSH_PROVIDER",
            "com.anjuke.android.newbroker.permissions.DOWNLOAD_BROADCAST",
            "com.coloros.mcs.permission.RECIEVE_MCS_MESSAGE",
            "com.heytap.mcs.permission.RECIEVE_MCS_MESSAGE",
            "com.huawei.appmarket.service.commondata.permission.GET_COMMON_DATA",
            "com.soter.permission.ACCESS_SOTER_KEYSTORE",
            "com.wuba.permission.ACCESS_LOGIN_STATE",
            "getui.permission.GetuiService.com.anjuke.android.newbroker",
            "oppo.permission.OPPO_COMPONENT_SAFE"
        ],
        "activities": [
            "com.alibaba.security.biometrics.activity.ALBiometricsActivity",
            "com.alibaba.security.realidentity.activity.RPTakePhotoActivity",
            "com.alibaba.security.realidentity.activity.RPWebViewActivity",
            "com.alibaba.wireless.security.open.middletier.fc.ui.ContainerActivity",
            "com.alipay.sdk.app.H5PayActivity",
            "com.alipay.sdk.auth.AuthActivity",
            "com.android.gmacs.activity.GmacsBrandServiceListActivity",
            "com.android.gmacs.activity.GmacsCommonInputActivity",
            "com.android.gmacs.activity.GmacsContactRemarkActivity",
            "com.android.gmacs.activity.GmacsGroupListActivity",
            "com.android.gmacs.activity.GmacsMapActivity",
            "com.android.gmacs.activity.GmacsNewFriendsActivity",
            "com.android.gmacs.activity.GmacsWebViewActivity",
            "com.android.gmacs.activity.InviteConfirmationActivity",
            "com.android.gmacs.activity.MyCollectionActivity",
            "com.android.gmacs.activity.MyCollectionChatHistoryMsgsViewerActivity",
            "com.android.gmacs.activity.SearchUserMemberActivity",
            "com.android.gmacs.activity.SelectForChangingOwnerActivity",
            "com.android.gmacs.activity.SelectForUserAtActivity",
            "com.android.gmacs.activity.ShowAllInviteesActivity",
            "com.android.gmacs.activity.WChatContactWayActivity",
            "com.android.gmacs.activity.WChatFilePreviewActivity",
            "com.android.gmacs.activity.WChatInviteDetailActivity",
            "com.android.gmacs.activity.WChatShopManageActivity",
            "com.android.gmacs.album.view.GmacsMediaActivity",
            "com.android.gmacs.album.view.WChatAlbumBrowserActivity",
            "com.android.gmacs.album.view.WChatAlbumsPreviewActivity",
            "com.android.gmacs.forward.activity.BatchForwardMsgViewerActivity",
            "com.android.gmacs.forward.activity.WChatForwardMessageActivity",
            "com.android.gmacs.photo.GmacsAlbumActivity",
            "com.android.gmacs.photo.GmacsAlbumBrowserActivity",
            "com.android.gmacs.record.RecordAndCaptureActivity",
            "com.android.gmacs.search.view.GlobalSearchActivity",
            "com.android.gmacs.search.view.SearchedTalkDetailActivity",
            "com.android.gmacs.wvr.WChatVRChatActivity",
            "com.android.gmacs.wvr.WVROrderInvitingActivity",
            "com.anjuke.android.app.rn.activity.ConfigRNActivity",
            "com.anjuke.android.app.rn.activity.RNActivity",
            "com.anjuke.android.newbroker.activity.CameraTestActivity",
            "com.anjuke.android.newbroker.activity.ScanCodeUploadImageNewActivity",
            "com.anjuke.android.newbroker.activity.SetDevInfoActivity",
            "com.anjuke.android.newbroker.activity.SimulateLocActivity",
            "com.anjuke.android.newbroker.activity.WebStartActivity",
            "com.anjuke.android.newbroker.chat.activity.AjkChatActivity",
            "com.anjuke.android.newbroker.chat.activity.AjkContactRemarkActivity",
            "com.anjuke.android.newbroker.chat.activity.AjkFilePreviewActivity",
            "com.anjuke.android.newbroker.chat.activity.AjkGroupAddFromBrokersActivity",
            "com.anjuke.android.newbroker.chat.activity.AjkMapActivity",
            "com.anjuke.android.newbroker.chat.activity.AjkOfficialActivity",
            "com.anjuke.android.newbroker.chat.activity.AjkTalkInfoActivity",
            "com.anjuke.android.newbroker.chat.activity.CustomerChatGroupListActivity",
            "com.anjuke.android.newbroker.chat.activity.ForwardMsgActivity",
            "com.anjuke.android.newbroker.chat.activity.GroupAddFromContactsActivity",
            "com.anjuke.android.newbroker.chat.activity.GroupDeleteMembersActivity",
            "com.anjuke.android.newbroker.chat.activity.GroupManageActivity",
            "com.anjuke.android.newbroker.chat.activity.GroupMemberSetSilentAddActivity",
            "com.anjuke.android.newbroker.chat.activity.GroupMemberSetSilentManageActivity",
            "com.anjuke.android.newbroker.chat.activity.GroupMembersActivity",
            "com.anjuke.android.newbroker.chat.activity.GroupQRcodeDetailActivity",
            "com.anjuke.android.newbroker.chat.activity.GroupRenameActivity",
            "com.anjuke.android.newbroker.chat.activity.ImportWChatToCustomerActivity",
            "com.anjuke.android.newbroker.chat.activity.PropPreferDetailActivity",
            "com.anjuke.android.newbroker.chat.activity.PublicAccountConversationListActivity",
            "com.anjuke.android.newbroker.chat.activity.UpdateGroupInviteCntActivity",
            "com.anjuke.android.newbroker.chat.activity.UpdateGroupNickNameActivity",
            "com.anjuke.android.newbroker.chat.activity.UpdateGroupNoticeActivity",
            "com.anjuke.android.newbroker.chat.activity.WChatContactDetailActivity",
            "com.anjuke.android.newbroker.chat.activity.WChatGuideActivity",
            "com.anjuke.android.newbroker.chat.activity.WChatTalkDetailActivity",
            "com.anjuke.android.newbroker.chat.settings.AddQuickReplyActivity",
            "com.anjuke.android.newbroker.chat.settings.MessageNotificationActivity",
            "com.anjuke.android.newbroker.chat.settings.MessageNotificationForNightActivity",
            "com.anjuke.android.newbroker.chat.settings.MsgNoticeCenterSettingActivity",
            "com.anjuke.android.newbroker.chat.settings.NoPushPromptActivity",
            "com.anjuke.android.newbroker.chat.settings.QuickReplyActivity",
            "com.anjuke.android.newbroker.common.entry.CertificationActivity",
            "com.anjuke.android.newbroker.common.image.ClipActivity",
            "com.anjuke.android.newbroker.common.image.ImageDetailActivity",
            "com.anjuke.android.newbroker.common.image.ImageGridActivity",
            "com.anjuke.android.newbroker.common.router.RouterStartActivity",
            "com.anjuke.android.newbroker.common.web.WebViewActivity",
            "com.anjuke.android.newbroker.home.activity.HomeActivity",
            "com.anjuke.android.newbroker.login.activity.AutoUpdateActivity",
            "com.anjuke.android.newbroker.login.activity.CertifyPersonalInfoActivity",
            "com.anjuke.android.newbroker.login.activity.FingerprintSetActivity",
            "com.anjuke.android.newbroker.login.activity.FoundPasswordActivity",
            "com.anjuke.android.newbroker.login.activity.FoundPwdByUserNameActivty",
            "com.anjuke.android.newbroker.login.activity.FoundUserNameStep1Activity",
            "com.anjuke.android.newbroker.login.activity.FoundUserNameStep2Activity",
            "com.anjuke.android.newbroker.login.activity.LoginActivity",
            "com.anjuke.android.newbroker.login.activity.LoginCheckActivity",
            "com.anjuke.android.newbroker.login.activity.RelationActivity",
            "com.anjuke.android.newbroker.login.activity.ResetPasswordByFaceRecognitionActivity",
            "com.anjuke.android.newbroker.login.activity.SafeLoginVerifyActivity",
            "com.anjuke.android.newbroker.login.activity.SimpleWebViewActivity",
            "com.anjuke.android.newbroker.login.activity.SweepToLoginWebActivity",
            "com.anjuke.android.newbroker.login.activity.UserProtocalWebviewActivity",
            "com.anjuke.android.newbroker.login.activity.VerifySafePhoneActivity",
            "com.anjuke.android.newbroker.module.businessCommon.flutter.FlutterFragmentPageActivity",
            "com.anjuke.android.newbroker.module.businessCommon.rn.BrokerRNActivity",
            "com.anjuke.android.newbroker.module.businessCommon.ui.ContainerActivity",
            "com.anjuke.android.newbroker.module.businessCommon.ui.camera.CameraActivity",
            "com.anjuke.android.newbroker.module.businessCommon.ui.login.AccountLoginActivity",
            "com.anjuke.android.newbroker.module.commercial.activity.CommercialPropDetailActivity",
            "com.anjuke.android.newbroker.module.commercial.activity.HugLogActivity",
            "com.anjuke.android.newbroker.module.commercial.activity.HugSydcBatchActivity",
            "com.anjuke.android.newbroker.module.commercial.activity.NewPropEditResultActivity",
            "com.anjuke.android.newbroker.module.commercial.activity.PropEditResultActivity",
            "com.anjuke.android.newbroker.module.commercial.business.activity.BusinessShopAddressInputActivity",
            "com.anjuke.android.newbroker.module.commercial.business.activity.BusinessShopEditActivity",
            "com.anjuke.android.newbroker.module.commercial.business.activity.BusinessShopPublishActivity",
            "com.anjuke.android.newbroker.module.commercial.business.activity.FactoryAddressInputActivity",
            "com.anjuke.android.newbroker.module.commercial.business.activity.FactoryEditActivity",
            "com.anjuke.android.newbroker.module.commercial.business.activity.FactoryMoreInfoActivity",
            "com.anjuke.android.newbroker.module.commercial.business.activity.FactoryPublishActivity",
            "com.anjuke.android.newbroker.module.commercial.business.activity.HugOfficeEditActivity",
            "com.anjuke.android.newbroker.module.commercial.business.activity.HugOfficePublishActivity",
            "com.anjuke.android.newbroker.module.commercial.business.activity.HugSydcListActivity",
            "com.anjuke.android.newbroker.module.commercial.business.activity.HugSydcMainActivity",
            "com.anjuke.android.newbroker.module.commercial.business.activity.SearchBaiduAddressActivity",
            "com.anjuke.android.newbroker.module.commercial.business.activity.SelectBusinessTypeActivity",
            "com.anjuke.android.newbroker.module.commercial.business.activity.SelectFactoryTypeActivity",
            "com.anjuke.android.newbroker.module.commercial.chat.activity.ChooseBusinessForChatActivity",
            "com.anjuke.android.newbroker.module.commercial.chat.activity.ChooseHugBusinessForChatActivity",
            "com.anjuke.android.newbroker.module.commercial.government_check.GovernmentCheckActivity",
            "com.anjuke.android.newbroker.module.commercial.government_check.HFGovernmentCheckActivity",
            "com.anjuke.android.newbroker.module.commercial.image.ImageLoadActivity",
            "com.anjuke.android.newbroker.module.commercial.picture.KindChooseActivity",
            "com.anjuke.android.newbroker.module.commercial.picture.PictureDetailActivity",
            "com.anjuke.android.newbroker.module.commercial.picture.PictureLibraryActivity",
            "com.anjuke.android.newbroker.module.customer.activity.AddRemarksActivity",
            "com.anjuke.android.newbroker.module.customer.activity.CreateCustomerActivity",
            "com.anjuke.android.newbroker.module.customer.activity.CustomerDeleteActivity",
            "com.anjuke.android.newbroker.module.customer.activity.CustomerFootPrintActivity",
            "com.anjuke.android.newbroker.module.customer.activity.CustomerHomeActivity",
            "com.anjuke.android.newbroker.module.customer.activity.CustomerManageActivityV2",
            "com.anjuke.android.newbroker.module.customer.activity.CustomerNewAddedActivity",
            "com.anjuke.android.newbroker.module.customer.activity.FillCustomerInfoActivity",
            "com.anjuke.android.newbroker.module.customer.activity.GuideTicketActivity",
            "com.anjuke.android.newbroker.module.customer.activity.HouseMatchActivity",
            "com.anjuke.android.newbroker.module.customer.activity.ImportCustomerActivity",
            "com.anjuke.android.newbroker.module.customer.activity.ImportLocalContactActivity",
            "com.anjuke.android.newbroker.module.customer.activity.SearchCustomerActivity",
            "com.anjuke.android.newbroker.module.customer.activity.SelectBussinessTypeActivity",
            "com.anjuke.android.newbroker.module.customer.activity.SkbDynamicActivity",
            "com.anjuke.android.newbroker.module.disvover.answer_question.AnswerDetailActivity",
            "com.anjuke.android.newbroker.module.disvover.answer_question.AnswerSearchActivity",
            "com.anjuke.android.newbroker.module.disvover.answer_question.UserConsultsActivity",
            "com.anjuke.android.newbroker.module.disvover.approval.ApprovalActivity",
            "com.anjuke.android.newbroker.module.disvover.approval.ApprovalListActivity",
            "com.anjuke.android.newbroker.module.disvover.approval.ApprovalSydcActivity",
            "com.anjuke.android.newbroker.module.disvover.approval.ApprovalVideoActivity",
            "com.anjuke.android.newbroker.module.disvover.approval.SafeServerActivity",
            "com.anjuke.android.newbroker.module.disvover.banner.BannerListActivity",
            "com.anjuke.android.newbroker.module.disvover.banner.BannerWebViewActivity",
            "com.anjuke.android.newbroker.module.disvover.baoxian.BaoXianListActivity",
            "com.anjuke.android.newbroker.module.disvover.baoxian.BaoXianYaoQingActivity",
            "com.anjuke.android.newbroker.module.disvover.baoxian.InsuranceProtocolActivity",
            "com.anjuke.android.newbroker.module.disvover.college.activity.BrokerColleageWebActivity",
            "com.anjuke.android.newbroker.module.disvover.college.activity.ColleagePlayActivity",
            "com.anjuke.android.newbroker.module.disvover.college.activity.CollegeHomeActivity",
            "com.anjuke.android.newbroker.module.disvover.college.activity.LivePlayActivity",
            "com.anjuke.android.newbroker.module.disvover.college.activity.PortraitVideoPlayActivity",
            "com.anjuke.android.newbroker.module.disvover.commsign.activity.CommExpertApplyListActivity",
            "com.anjuke.android.newbroker.module.disvover.commsign.activity.CommExpertNotPassActivity",
            "com.anjuke.android.newbroker.module.disvover.commsign.activity.CommunityInterpreteListActivity",
            "com.anjuke.android.newbroker.module.disvover.commsign.activity.PublishFirstInterpretActivity",
            "com.anjuke.android.newbroker.module.disvover.commsign.activity.PublishSecondInterpretActivity",
            "com.anjuke.android.newbroker.module.disvover.commsign.activity.SignInCommDetailActivity",
            "com.anjuke.android.newbroker.module.disvover.commsign.activity.SignInCommDetailNewActivity",
            "com.anjuke.android.newbroker.module.disvover.commsign.activity.SignInCommListActivity",
            "com.anjuke.android.newbroker.module.disvover.daikan.activity.EvaluationDetailActivity",
            "com.anjuke.android.newbroker.module.disvover.daikan.activity.InviteConfirmActivity",
            "com.anjuke.android.newbroker.module.disvover.daikan.activity.InviteHistoryDetailActivity",
            "com.anjuke.android.newbroker.module.disvover.daikan.activity.MutiSelectXiaoquActivity",
            "com.anjuke.android.newbroker.module.disvover.daikan.activity.NewAddInviteRecordActivity",
            "com.anjuke.android.newbroker.module.disvover.daikan.activity.NewAddInviteRecordSuccessActivity",
            "com.anjuke.android.newbroker.module.disvover.daikan.activity.NewHouseConfirmActivity",
            "com.anjuke.android.newbroker.module.disvover.daikan.activity.RecordDetailActivity",
            "com.anjuke.android.newbroker.module.disvover.daikan.activity.SelectHouseActivity",
            "com.anjuke.android.newbroker.module.disvover.daikan.activity.SelectInviteRecordActivity",
            "com.anjuke.android.newbroker.module.disvover.daikanji.activity.AssociatedCustomerActivity",
            "com.anjuke.android.newbroker.module.disvover.daikanji.activity.DaiKanJiActivity",
            "com.anjuke.android.newbroker.module.disvover.daikanji.activity.DkjDetailActivity",
            "com.anjuke.android.newbroker.module.disvover.daikanji.activity.DkjSearchLouPanActivity",
            "com.anjuke.android.newbroker.module.disvover.daikanji.activity.PublishDaiKanJiActivity",
            "com.anjuke.android.newbroker.module.disvover.dailtask.DailyTaskActivity",
            "com.anjuke.android.newbroker.module.disvover.douyin.DouyinAuthActivity",
            "com.anjuke.android.newbroker.module.disvover.dynamic.activity.AddDynamicActivity",
            "com.anjuke.android.newbroker.module.disvover.dynamic.activity.DynamicCommunityActivity",
            "com.anjuke.android.newbroker.module.disvover.dynamic.activity.DynamicHomeActivity",
            "com.anjuke.android.newbroker.module.disvover.dynamic.activity.MyDynamicActivity",
            "com.anjuke.android.newbroker.module.disvover.dynamic.activity.SelectHouseActivity",
            "com.anjuke.android.newbroker.module.disvover.dynamic.activity.TopicListActivity",
            "com.anjuke.android.newbroker.module.disvover.home.activity.CommReceiveVisitorHomeActivity",
            "com.anjuke.android.newbroker.module.disvover.livehouse.activity.CoverListActivity",
            "com.anjuke.android.newbroker.module.disvover.livehouse.activity.FollowerActivity",
            "com.anjuke.android.newbroker.module.disvover.livehouse.activity.LiveCommentsActivity",
            "com.anjuke.android.newbroker.module.disvover.livehouse.activity.LiveCreateActivity",
            "com.anjuke.android.newbroker.module.disvover.livehouse.activity.LiveCreateActivity_V2",
            "com.anjuke.android.newbroker.module.disvover.livehouse.activity.LiveDetailActivity",
            "com.anjuke.android.newbroker.module.disvover.livehouse.activity.LiveHistoryActivity",
            "com.anjuke.android.newbroker.module.disvover.livehouse.activity.LiveHistoryViewerActivity",
            "com.anjuke.android.newbroker.module.disvover.livehouse.activity.LiveHomeActivity",
            "com.anjuke.android.newbroker.module.disvover.livehouse.activity.LiveHouseListActivity",
            "com.anjuke.android.newbroker.module.disvover.livehouse.activity.LiveHouseSelectSearchActivity",
            "com.anjuke.android.newbroker.module.disvover.livehouse.activity.LivePusherActivity",
            "com.anjuke.android.newbroker.module.disvover.livehouse.activity.LivePusherActivity_V2",
            "com.anjuke.android.newbroker.module.disvover.livehouse.activity.LiveSelectHouseActivity",
            "com.anjuke.android.newbroker.module.disvover.livehouse.activity.SelectBizActivity",
            "com.anjuke.android.newbroker.module.disvover.livehouse.activity.SelectZfHouseActivity",
            "com.anjuke.android.newbroker.module.disvover.mortgage.activity.CalculateHelpActivity",
            "com.anjuke.android.newbroker.module.disvover.mortgage.activity.LoanCalcHistroyActivity",
            "com.anjuke.android.newbroker.module.disvover.mortgage.activity.LoanDetailsActivity",
            "com.anjuke.android.newbroker.module.disvover.mortgage.activity.MortgageActivity",
            "com.anjuke.android.newbroker.module.disvover.panorama.activity.BusinessPanoSearchActivity",
            "com.anjuke.android.newbroker.module.disvover.panorama.activity.DisconnectReasonActivity",
            "com.anjuke.android.newbroker.module.disvover.panorama.activity.EsfPanoActivity",
            "com.anjuke.android.newbroker.module.disvover.panorama.activity.LocalPanoManageActivity",
            "com.anjuke.android.newbroker.module.disvover.panorama.activity.PanoBuyJointTicketActivity",
            "com.anjuke.android.newbroker.module.disvover.panorama.activity.PanoInfoCreateActivity",
            "com.anjuke.android.newbroker.module.disvover.panorama.activity.PanoJointOrderActivity",
            "com.anjuke.android.newbroker.module.disvover.panorama.activity.PanoJointTicketHistoryActivity",
            "com.anjuke.android.newbroker.module.disvover.panorama.activity.PanoJointTicketListActivity",
            "com.anjuke.android.newbroker.module.disvover.panorama.activity.PanoListActivity",
            "com.anjuke.android.newbroker.module.disvover.panorama.activity.PanoManageDetailActivity",
            "com.anjuke.android.newbroker.module.disvover.panorama.activity.PanoTaoCanActivity",
            "com.anjuke.android.newbroker.module.disvover.panorama.activity.PanoTaocanPayResultActivity",
            "com.anjuke.android.newbroker.module.disvover.panorama.activity.PanoUploadSuccessActivity",
            "com.anjuke.android.newbroker.module.disvover.panorama.activity.PanoramaSelectPropActivity",
            "com.anjuke.android.newbroker.module.disvover.panorama.activity.PanoramaShootEntryActivity",
            "com.anjuke.android.newbroker.module.disvover.panorama.activity.PayPanoResultActivity",
            "com.anjuke.android.newbroker.module.disvover.panorama.activity.SaasPanoListActivity",
            "com.anjuke.android.newbroker.module.disvover.panorama.activity.sasspanodetail.SaasPanoDetailActivity",
            "com.anjuke.android.newbroker.module.disvover.panorama.activity.sasssubmit.SaasSubmitActivity",
            "com.anjuke.android.newbroker.module.disvover.panorama.businesspano.activity.BusinessBindPanoListActivity",
            "com.anjuke.android.newbroker.module.disvover.panorama.businesspano.activity.BusinessBindPropListActivity",
            "com.anjuke.android.newbroker.module.disvover.panorama.businesspano.activity.BusinessLocalPanoManageActivity",
            "com.anjuke.android.newbroker.module.disvover.panorama.businesspano.activity.BusinessPanoInfoCreateActivity",
            "com.anjuke.android.newbroker.module.disvover.panorama.businesspano.activity.BusinessPanoManageActivity",
            "com.anjuke.android.newbroker.module.disvover.panorama.businesspano.activity.PanoGuideActivity",
            "com.anjuke.android.newbroker.module.disvover.panorama.businesspano.activity.PanoTypeSelectActivity",
            "com.anjuke.android.newbroker.module.disvover.panorama.businesspano.activity.PanoUploadActivity",
            "com.anjuke.android.newbroker.module.disvover.panorama.businesspano.activity.businesspanodetail.BusinessPanoDetailActivity",
            "com.anjuke.android.newbroker.module.disvover.panorama.businesspano.activity.businesspanoshootentry.BusinessPanoShootEntryActivity",
            "com.anjuke.android.newbroker.module.disvover.panorama.communitypano.activity.CommunityLocalPanoListActivity",
            "com.anjuke.android.newbroker.module.disvover.panorama.communitypano.activity.CommunityPanoDetailActivity",
            "com.anjuke.android.newbroker.module.disvover.panorama.communitypano.activity.CommunityPanoListActivity",
            "com.anjuke.android.newbroker.module.disvover.panorama.communitypano.activity.CommunityPanoShootActivity",
            "com.anjuke.android.newbroker.module.disvover.panorama.communitypano.activity.CommunityPanoViewActivity",
            "com.anjuke.android.newbroker.module.disvover.panorama.communitypano.activity.SelectCameraTypeActivity",
            "com.anjuke.android.newbroker.module.disvover.tools.ToolsActivity",
            "com.anjuke.android.newbroker.module.disvover.valuation.ValuationMasterActivity",
            "com.anjuke.android.newbroker.module.disvover.video.VideoManagerActivity",
            "com.anjuke.android.newbroker.module.disvover.video.community.ChooseVideoTypeActivity",
            "com.anjuke.android.newbroker.module.disvover.video.community.CommunityHomeActivity",
            "com.anjuke.android.newbroker.module.disvover.video.community.CommunityTextUploadActivity",
            "com.anjuke.android.newbroker.module.disvover.video.community.CommunityUploadActivity",
            "com.anjuke.android.newbroker.module.disvover.video.community.CommunityUploadingActivity",
            "com.anjuke.android.newbroker.module.disvover.video.community.CommunityVideoActivity",
            "com.anjuke.android.newbroker.module.disvover.video.community.CommunityVideoDetailActivity",
            "com.anjuke.android.newbroker.module.disvover.video.community.CommunityVideoListActivity",
            "com.anjuke.android.newbroker.module.disvover.video.community.VideoCourseActivity",
            "com.anjuke.android.newbroker.module.disvover.video.communityold.CommunityVideoConfirmActivity",
            "com.anjuke.android.newbroker.module.disvover.video.communityold.DraftBoxActivity",
            "com.anjuke.android.newbroker.module.disvover.video.communityold.OldChooseVideoTypeActivity",
            "com.anjuke.android.newbroker.module.disvover.video.communityold.OldCommunityUploadActivity",
            "com.anjuke.android.newbroker.module.disvover.video.communityold.OldCommunityVideoActivity",
            "com.anjuke.android.newbroker.module.disvover.video.communityold.OldCommunityVideoListActivity",
            "com.anjuke.android.newbroker.module.disvover.weshopv2.activity.AddDealExperienceActivity",
            "com.anjuke.android.newbroker.module.disvover.weshopv2.activity.AddFollowActivity",
            "com.anjuke.android.newbroker.module.disvover.weshopv2.activity.CropImageActivity",
            "com.anjuke.android.newbroker.module.disvover.weshopv2.activity.DealExperienceListActivity",
            "com.anjuke.android.newbroker.module.disvover.weshopv2.activity.DealExperienceSuccessActivity",
            "com.anjuke.android.newbroker.module.disvover.weshopv2.activity.DouYinChooseVideoMaterialActivity",
            "com.anjuke.android.newbroker.module.disvover.weshopv2.activity.DouYinEntranceActivity",
            "com.anjuke.android.newbroker.module.disvover.weshopv2.activity.HouseTypeChooseActivity",
            "com.anjuke.android.newbroker.module.disvover.weshopv2.activity.MultiPicSharePreviewActivity",
            "com.anjuke.android.newbroker.module.disvover.weshopv2.activity.PictureListActivity",
            "com.anjuke.android.newbroker.module.disvover.weshopv2.activity.PosterPreviewActivity",
            "com.anjuke.android.newbroker.module.disvover.weshopv2.activity.SinglePosterPreviewActivity",
            "com.anjuke.android.newbroker.module.disvover.weshopv2.activity.SkbAddWeshopPropListActivity",
            "com.anjuke.android.newbroker.module.disvover.weshopv2.activity.SkbAddZfListActivity",
            "com.anjuke.android.newbroker.module.disvover.weshopv2.activity.SkbAddressActivity",
            "com.anjuke.android.newbroker.module.disvover.weshopv2.activity.SkbInviteActivity",
            "com.anjuke.android.newbroker.module.disvover.weshopv2.activity.SkbListActivity",
            "com.anjuke.android.newbroker.module.disvover.weshopv2.activity.SkbSendPlatformActivity",
            "com.anjuke.android.newbroker.module.disvover.weshopv2.activity.SkbTaskActivity",
            "com.anjuke.android.newbroker.module.disvover.weshopv2.activity.WSPublishSuccessActivity",
            "com.anjuke.android.newbroker.module.disvover.weshopv2.activity.WeShopLightenSuccessActivity",
            "com.anjuke.android.newbroker.module.disvover.weshopv2.activity.WeShopLightenWeChatActivity",
            "com.anjuke.android.newbroker.module.disvover.weshopv2.activity.WeshopCircleActivity",
            "com.anjuke.android.newbroker.module.disvover.weshopv2.activity.WeshopEsfDetailActivity",
            "com.anjuke.android.newbroker.module.disvover.weshopv2.activity.WeshopNewsH5Activity",
            "com.anjuke.android.newbroker.module.disvover.weshopv2.activity.WeshopPropBatchListActivity",
            "com.anjuke.android.newbroker.module.disvover.weshopv2.activity.WeshopPropListActivity",
            "com.anjuke.android.newbroker.module.disvover.weshopv2.activity.WeshopShareActivity",
            "com.anjuke.android.newbroker.module.disvover.weshopv2.activity.WeshopVisitorActivityV2",
            "com.anjuke.android.newbroker.module.disvover.weshopv2.activity.WeshopVisitorAnalyseActivity",
            "com.anjuke.android.newbroker.module.disvover.weshopv2.activity.WeshopZfDetailActivity",
            "com.anjuke.android.newbroker.module.housing.activity.AjkChoiceManageActivity",
            "com.anjuke.android.newbroker.module.housing.activity.AjkChoiceSetBudgetNewActivity",
            "com.anjuke.android.newbroker.module.housing.activity.AjkSetTopManageActivity",
            "com.anjuke.android.newbroker.module.housing.activity.AjkSetTopPlaceActivity",
            "com.anjuke.android.newbroker.module.housing.activity.BuildingInfoActivity",
            "com.anjuke.android.newbroker.module.housing.activity.BuildingInfoSelectActivity",
            "com.anjuke.android.newbroker.module.housing.activity.CancelTopSuccessActivity",
            "com.anjuke.android.newbroker.module.housing.activity.ChoiceManageActivity",
            "com.anjuke.android.newbroker.module.housing.activity.ChoiceSetActivity",
            "com.anjuke.android.newbroker.module.housing.activity.ChooseEsfFilterActivity",
            "com.anjuke.android.newbroker.module.housing.activity.CommunityInfoActivity",
            "com.anjuke.android.newbroker.module.housing.activity.CreateTopSuccessActivity",
            "com.anjuke.android.newbroker.module.housing.activity.GatherManageActivity",
            "com.anjuke.android.newbroker.module.housing.activity.GatherSettingActivity",
            "com.anjuke.android.newbroker.module.housing.activity.HugEsfBatchActivity",
            "com.anjuke.android.newbroker.module.housing.activity.HugEsfListActivity",
            "com.anjuke.android.newbroker.module.housing.activity.HugEsfListForChatActivity",
            "com.anjuke.android.newbroker.module.housing.activity.HugEsfListForLandlordServiceActivity",
            "com.anjuke.android.newbroker.module.housing.activity.HugLogActivity",
            "com.anjuke.android.newbroker.module.housing.activity.NewPropEditResultActivity",
            "com.anjuke.android.newbroker.module.housing.activity.PanshiSearchActivity",
            "com.anjuke.android.newbroker.module.housing.activity.PanshiSearchForVideoActivity",
            "com.anjuke.android.newbroker.module.housing.activity.PropDetailActivity",
            "com.anjuke.android.newbroker.module.housing.activity.PropEditResultActivity",
            "com.anjuke.android.newbroker.module.housing.activity.PropHandleSuccessActivity",
            "com.anjuke.android.newbroker.module.housing.activity.PropSetTopPlaceActivity",
            "com.anjuke.android.newbroker.module.housing.activity.PropSetTopSingleManageActivity",
            "com.anjuke.android.newbroker.module.housing.activity.RentChoiceManageActivity",
            "com.anjuke.android.newbroker.module.housing.activity.RentSetBudgetActivity",
            "com.anjuke.android.newbroker.module.housing.activity.SetBudgetMultiActivity",
            "com.anjuke.android.newbroker.module.housing.activity.TopStatusActiivty",
            "com.anjuke.android.newbroker.module.housing.activity.XfListForChatActivity",
            "com.anjuke.android.newbroker.module.housing.activity.XfListForSkbActivity",
            "com.anjuke.android.newbroker.module.housing.activity.createtop.CreateTopActivity",
            "com.anjuke.android.newbroker.module.housing.chat.activity.ChoosePropForChatActivity",
            "com.anjuke.android.newbroker.module.housing.companyhouse.CompanyHouseDetailActivity",
            "com.anjuke.android.newbroker.module.housing.companyhouse.CompanyHouseListActivity",
            "com.anjuke.android.newbroker.module.housing.companyhouse.CompanyPropertySearchActivity",
            "com.anjuke.android.newbroker.module.housing.companyhouse.CompanySearchResultActivity",
            "com.anjuke.android.newbroker.module.housing.companyhouse.WeshopCompanySearchActivity",
            "com.anjuke.android.newbroker.module.housing.companyhouse.WeshopImportListActivity",
            "com.anjuke.android.newbroker.module.housing.contract.ContractBindHouseGuidePageActivity",
            "com.anjuke.android.newbroker.module.housing.contract.ContractCaseActivity",
            "com.anjuke.android.newbroker.module.housing.contract.ContractFangbenCaseActivity",
            "com.anjuke.android.newbroker.module.housing.contract.ContractJujianCaseActivity",
            "com.anjuke.android.newbroker.module.housing.contract.ContractListActivity",
            "com.anjuke.android.newbroker.module.housing.contract.ContractUploadActivity",
            "com.anjuke.android.newbroker.module.housing.gethousingresources.activity.EntrustActivity",
            "com.anjuke.android.newbroker.module.housing.gethousingresources.activity.EntrustDetailActivity",
            "com.anjuke.android.newbroker.module.housing.gethousingresources.activity.GetHouseHistoryActivity",
            "com.anjuke.android.newbroker.module.housing.gethousingresources.activity.GetHouseRecordsActivity",
            "com.anjuke.android.newbroker.module.housing.gethousingresources.activity.HouseDetailActivity",
            "com.anjuke.android.newbroker.module.housing.gethousingresources.activity.NewGetHousingResourcesActivity",
            "com.anjuke.android.newbroker.module.housing.gethousingresources.activity.NewRobHousesDetailActivity",
            "com.anjuke.android.newbroker.module.housing.gethousingresources.activity.PicturePreviewActivity",
            "com.anjuke.android.newbroker.module.housing.gethousingresources.activity.RelationPropActivity",
            "com.anjuke.android.newbroker.module.housing.gethousingresources.activity.RushEsfDetailActivity",
            "com.anjuke.android.newbroker.module.housing.gethousingresources.activity.RushRentActivity",
            "com.anjuke.android.newbroker.module.housing.gethousingresources.activity.SetAreaActivity",
            "com.anjuke.android.newbroker.module.housing.gethousingresources.activity.SetPanshiAreaActivity",
            "com.anjuke.android.newbroker.module.housing.government_check.GovernmentCheckActivity",
            "com.anjuke.android.newbroker.module.housing.government_check.HFGovernmentCheckActivity",
            "com.anjuke.android.newbroker.module.housing.lianmai.LianMaiActivity",
            "com.anjuke.android.newbroker.module.housing.lianmai.LianMaiSearchActivity",
            "com.anjuke.android.newbroker.module.housing.lianmai.LianMaiSearchResultActivity",
            "com.anjuke.android.newbroker.module.housing.mvp.prop.allowdelete.AllowDeletePropActivity",
            "com.anjuke.android.newbroker.module.housing.newpublish.activity.AddBuildingInfoActivity",
            "com.anjuke.android.newbroker.module.housing.newpublish.activity.AddBuildingInfoSuccessActivity",
            "com.anjuke.android.newbroker.module.housing.newpublish.activity.esf.BuildingInfoSearchActivity",
            "com.anjuke.android.newbroker.module.housing.newpublish.activity.esf.CommunityBuildingInfoActivity",
            "com.anjuke.android.newbroker.module.housing.newpublish.activity.esf.HugEsfPublishActivity",
            "com.anjuke.android.newbroker.module.housing.owner_confirm.FirstSaleActivity",
            "com.anjuke.android.newbroker.module.housing.owner_confirm.OwnerConfirmActivity",
            "com.anjuke.android.newbroker.module.housing.owner_confirm.OwnerImgUploadActivity",
            "com.anjuke.android.newbroker.module.housing.prop.activity.GuaranteeManageActivity",
            "com.anjuke.android.newbroker.module.housing.prop.activity.PropManageActivity",
            "com.anjuke.android.newbroker.module.housing.prop.activity.PropSearchActivity",
            "com.anjuke.android.newbroker.module.housing.prop.activity.PropertyDetailActivity",
            "com.anjuke.android.newbroker.module.housing.prop.activity.SelectPlatformActivity",
            "com.anjuke.android.newbroker.module.housing.prop.activity.SetBudgetActivity",
            "com.anjuke.android.newbroker.module.housing.prop.activity.SetGuaranteeActivity",
            "com.anjuke.android.newbroker.module.housing.prop.activity.WuBaGanjiDetailActivity",
            "com.anjuke.android.newbroker.module.housing.propertypublish.activity.AjkSearchCommActivity",
            "com.anjuke.android.newbroker.module.housing.propertypublish.activity.InputDescActivity",
            "com.anjuke.android.newbroker.module.housing.propertypublish.activity.InputStructuredDescActivity",
            "com.anjuke.android.newbroker.module.housing.propertypublish.activity.InputTitleActivity",
            "com.anjuke.android.newbroker.module.housing.propertypublish.activity.NewInputTitleActivity",
            "com.anjuke.android.newbroker.module.housing.propertypublish.activity.OnLinePicturesActivity",
            "com.anjuke.android.newbroker.module.housing.propertypublish.activity.WbGjSearchCommActivity",
            "com.anjuke.android.newbroker.module.housing.propertypublish.activity.WriteCommInfoActivity",
            "com.anjuke.android.newbroker.module.housing.video.view.VideoUploadActivity",
            "com.anjuke.android.newbroker.module.housing.weshop.activity.WSEsfPublishActivity",
            "com.anjuke.android.newbroker.module.housing.weshop.activity.WSZfPublishActivity",
            "com.anjuke.android.newbroker.module.rent.activity.HugLogActivity",
            "com.anjuke.android.newbroker.module.rent.activity.HugRentBatchActivity",
            "com.anjuke.android.newbroker.module.rent.activity.HugRentListActivity",
            "com.anjuke.android.newbroker.module.rent.activity.HugZfListForChatActivity",
            "com.anjuke.android.newbroker.module.rent.activity.MortgageRentActivity",
            "com.anjuke.android.newbroker.module.rent.activity.NewPropEditResultActivity",
            "com.anjuke.android.newbroker.module.rent.activity.PropEditResultActivity",
            "com.anjuke.android.newbroker.module.rent.activity.RealRentTipsActivity",
            "com.anjuke.android.newbroker.module.rent.activity.RentingPropDetailActivity",
            "com.anjuke.android.newbroker.module.rent.government_check.GovernmentCheckActivity",
            "com.anjuke.android.newbroker.module.rent.government_check.HFGovernmentCheckActivity",
            "com.anjuke.android.newbroker.module.rent.image.ImageLoadActivity",
            "com.anjuke.android.newbroker.module.rent.newpublish.activity.rent.HugRentPublishActivity",
            "com.anjuke.android.newbroker.module.rent.newpublish.activity.rent.RentRoomInfoActivity",
            "com.anjuke.android.newbroker.module.rent.propertypublish.activity.SelectRentTypeActivity",
            "com.anjuke.android.newbroker.module.rushcustomer.activity.CouponPlatformActivity",
            "com.anjuke.android.newbroker.module.rushcustomer.activity.CustomerCallRecordActivity",
            "com.anjuke.android.newbroker.module.rushcustomer.activity.CustomerFootPrintActivity",
            "com.anjuke.android.newbroker.module.rushcustomer.activity.CustomerInfoActivityV2",
            "com.anjuke.android.newbroker.module.rushcustomer.activity.DailiaoActivity",
            "com.anjuke.android.newbroker.module.rushcustomer.activity.FollowRecordActivity",
            "com.anjuke.android.newbroker.module.rushcustomer.activity.MyChatComboListActivity",
            "com.anjuke.android.newbroker.module.rushcustomer.activity.RobotRushActivity",
            "com.anjuke.android.newbroker.module.rushcustomer.activity.RushCustomerActivity",
            "com.anjuke.android.newbroker.module.rushcustomer.activity.RushSettingActivity",
            "com.anjuke.android.newbroker.module.rushcustomer.activity.SmartAnalysisActivity",
            "com.anjuke.android.newbroker.module.rushcustomer.activity.chatcombo.AjkChatComboOrderActivity",
            "com.anjuke.android.newbroker.module.rushcustomer.activity.chatcombo.AjkChatComboSuccessV2Activity",
            "com.anjuke.android.newbroker.module.rushcustomer.activity.chatcombo.AjkCouponOrderActivity",
            "com.anjuke.android.newbroker.module.rushcustomer.activity.chatcombo.BuyChatComboSuccessActivity",
            "com.anjuke.android.newbroker.module.rushcustomer.activity.chatcombo.ChatComboHistoryActivity",
            "com.anjuke.android.newbroker.module.rushcustomer.activity.chatcombo.ChatComboOnSaleActivity",
            "com.anjuke.android.newbroker.module.rushcustomer.activity.chatcombo.GuideForWbChatComboActivity",
            "com.anjuke.android.newbroker.module.rushcustomer.activity.chatcombo.WbBuyChatComboResultActivity",
            "com.anjuke.android.newbroker.module.rushcustomer.activity.chatcombo.WbChatComboOrderActivity",
            "com.anjuke.android.newbroker.module.rushcustomer.activity.chatcombo.WbChatComboRuleWebViewActivity",
            "com.anjuke.android.newbroker.module.rushcustomer.activity.coupon.SelectCouponActivity",
            "com.anjuke.android.newbroker.module.rushcustomer.activity.qkh2.BillActivity",
            "com.anjuke.android.newbroker.module.rushcustomer.activity.qkh2.BuyTicketFailedActivity",
            "com.anjuke.android.newbroker.module.rushcustomer.activity.qkh2.BuyTicketSuccessActivity",
            "com.anjuke.android.newbroker.module.rushcustomer.activity.qkh2.BuyTicketSuccessV2Activity",
            "com.anjuke.android.newbroker.module.rushcustomer.activity.qkh2.CustomerRangeActivity",
            "com.anjuke.android.newbroker.module.rushcustomer.activity.qkh2.EditCustomerCommercialRangeActivity",
            "com.anjuke.android.newbroker.module.rushcustomer.activity.qkh2.EditCustomerRangeActivity",
            "com.anjuke.android.newbroker.module.rushcustomer.activity.qkh2.EditXfCustomerRangeActivity",
            "com.anjuke.android.newbroker.module.rushcustomer.activity.qkh2.QdKMapActivity",
            "com.anjuke.android.newbroker.module.rushcustomer.activity.qkh2.SelectCommunityActivity",
            "com.anjuke.android.newbroker.module.rushcustomer.activity.qkh2.SelectRentBlockActivity",
            "com.anjuke.android.newbroker.module.rushcustomer.activity.qkh2.ServicedCustomerActivity",
            "com.anjuke.android.newbroker.module.rushcustomer.activity.qkh2.TicketCanUseListActivity",
            "com.anjuke.android.newbroker.module.rushcustomer.activity.qkh2.TicketHistoryActivity",
            "com.anjuke.android.newbroker.module.rushcustomer.activity.qkh2.TicketHistoryNewListActivity",
            "com.anjuke.android.newbroker.module.rushcustomer.activity.qkh2.TicketListActivity",
            "com.anjuke.android.newbroker.module.rushcustomer.activity.qkh2.TicketOnSaleActivity",
            "com.anjuke.android.newbroker.module.rushcustomer.activity.qkh2.TicketRuleActivity",
            "com.anjuke.android.newbroker.module.rushcustomer.activity.vip.CustomerOrderActivity",
            "com.anjuke.android.newbroker.module.rushcustomer.activity.vip.MoneyFlowActivity",
            "com.anjuke.android.newbroker.module.rushcustomer.pano.activity.BindPanoListActivity",
            "com.anjuke.android.newbroker.module.rushcustomer.pano.activity.PanoramaDetailActivity",
            "com.anjuke.android.newbroker.module.rushcustomer.video.activity.LibVideoAddActivity",
            "com.anjuke.android.newbroker.module.rushcustomer.video.activity.LibVideoForBindActivity",
            "com.anjuke.android.newbroker.module.rushcustomer.video.activity.LibVideoListActivity",
            "com.anjuke.android.newbroker.module.rushcustomer.video.activity.NetVideoPlayActivity",
            "com.anjuke.android.newbroker.module.rushcustomer.video.activity.SydcLibVideoAddActivity",
            "com.anjuke.android.newbroker.module.rushcustomer.video.activity.VideoDaiRenShootActivity",
            "com.anjuke.android.newbroker.module.rushcustomer.video.activity.VideoInviteDetailActivity",
            "com.anjuke.android.newbroker.module.rushcustomer.video.activity.VideoSearchResultActivity",
            "com.anjuke.android.newbroker.module.rushcustomer.video.activity.ZFLibVideoAddActivity",
            "com.anjuke.android.newbroker.module.video.activity.CommVideoPlay2Activity",
            "com.anjuke.android.newbroker.module.video.activity.CommVideoPlayActivity",
            "com.anjuke.android.newbroker.module.video.activity.CommunityVideoRecordActivity",
            "com.anjuke.android.newbroker.module.video.activity.InviteVideoRecordActivity",
            "com.anjuke.android.newbroker.module.video.activity.NewCameraActivity",
            "com.anjuke.android.newbroker.module.video.activity.PropVideoRecorderActivity",
            "com.anjuke.android.newbroker.module.video.activity.ShootVideoActivity",
            "com.anjuke.android.newbroker.module.video.activity.TestRecorderActivity",
            "com.anjuke.android.newbroker.module.video.activity.VideoEditorActivity",
            "com.anjuke.android.newbroker.module.video.activity.VideoPlayerActivity",
            "com.anjuke.android.newbroker.module.video.activity.VideoPreviewActivity",
            "com.anjuke.android.newbroker.module.video.gallery.selectview.NetGalleryPickerActivity",
            "com.anjuke.android.newbroker.module.video.joint.DouyinActivity",
            "com.anjuke.android.newbroker.module.video.joint.PostDouyinActivity",
            "com.anjuke.android.newbroker.module.video.joint.PostDouyinSuccessActivity",
            "com.anjuke.android.newbroker.module.video.jonitoffice.JointOfficeMediaDetailActivity",
            "com.anjuke.android.newbroker.module.video.upload.communityold.OldCommunityVideoRecordActivity",
            "com.anjuke.android.newbroker.module.video.upload.communityold.OldVideoEditorActivity",
            "com.anjuke.android.newbroker.module.wchat.activity.AjkGlobalSearchActivity",
            "com.anjuke.android.newbroker.module.wchat.activity.AjkGlobalSearchMoreActivity",
            "com.anjuke.android.newbroker.module.wchat.activity.CommunityGuideActivity",
            "com.anjuke.android.newbroker.module.wchat.activity.ForeignPropertyActivity",
            "com.anjuke.android.newbroker.module.wchat.addbroker.activity.AddBrokerActivity",
            "com.anjuke.android.newbroker.module.wchat.addbroker.activity.NearbyBrokerActivity",
            "com.anjuke.android.newbroker.module.wchat.addbroker.activity.SameBlockActivity",
            "com.anjuke.android.newbroker.module.wchat.addbroker.activity.SameShopActivity",
            "com.anjuke.android.newbroker.module.wchat.callrecord.activity.CallBindRecordActivity",
            "com.anjuke.android.newbroker.module.wchat.callrecord.activity.CallDetailActivity",
            "com.anjuke.android.newbroker.module.wchat.callrecord.activity.CallRecordListActivity",
            "com.anjuke.android.newbroker.module.wchat.callrecord.activity.CallRemarkActivity",
            "com.anjuke.android.newbroker.module.wchat.callrecord.activity.ChooseReportReasonActivity",
            "com.anjuke.android.newbroker.module.wchat.callrecord.activity.InterceptCallActivity",
            "com.anjuke.android.newbroker.module.wchat.callrecord.activity.MissCallActivity",
            "com.anjuke.android.newbroker.module.wchat.callrecord.activity.ReportRecordActivity",
            "com.anjuke.android.newbroker.register.activity.CompanySearchActivity",
            "com.anjuke.android.newbroker.register.activity.FillWorkInfoActivity",
            "com.anjuke.android.newbroker.register.activity.LocationCityListActivity",
            "com.anjuke.android.newbroker.register.activity.NewRegisterActivity",
            "com.anjuke.android.newbroker.register.activity.RegisterSuccessActivity",
            "com.anjuke.android.newbroker.register.activity.SelectBussinessCircleActivity",
            "com.anjuke.android.newbroker.register.activity.StoreSearchActivity",
            "com.anjuke.android.newbroker.splash.activity.AdDetailActivity",
            "com.anjuke.android.newbroker.splash.activity.NewGuideActivity",
            "com.anjuke.android.newbroker.splash.activity.PrivacyActivity",
            "com.anjuke.android.newbroker.splash.activity.ShowAdActivity",
            "com.anjuke.android.newbroker.splash.activity.SplashActivity",
            "com.anjuke.android.newbroker.wbapi.WBShareActivity",
            "com.anjuke.android.newbroker.wxapi.WXEntryActivity",
            "com.anjuke.android.newbroker.wxapi.WXPayEntryActivity",
            "com.anjuke.android.panoplus.panoalbum.PanoAlbumActivity",
            "com.anjuke.android.panoplus.panocreate.PanoCreateActivity",
            "com.anjuke.android.panorama.activity.DisconnectReasonActivity",
            "com.anjuke.android.panorama.activity.PanoEditForTegActivity",
            "com.anjuke.android.panorama.activity.PanoTakePreCheckActivity",
            "com.anjuke.android.panorama.activity.PanoramaShootTipActivity",
            "com.anjuke.android.panorama.activity.PanoshootForTegActivity",
            "com.anjuke.android.smartfield.logic.MapDialog",
            "com.anjuke.android.smartfield.logic.PermissionConfirmBeforeShootActivity",
            "com.anjuke.bizrealvideo.activity.SmartSurveyCommunityActivity",
            "com.anjuke.bizrealvideo.smartsurvey.activity.ConsiderJumpToFormPageActivity",
            "com.anjuke.bizrealvideo.smartsurvey.activity.PageToShootContentActivity",
            "com.anjuke.bizrealvideo.smartsurvey.activity.SmartAddBuildingInfoActivity",
            "com.anjuke.bizrealvideo.smartsurvey.activity.SmartCommunityInfoActivity",
            "com.anjuke.bizrealvideo.smartsurvey.activity.SmartGuideActivity",
            "com.anjuke.bizrealvideo.smartsurvey.activity.SmartGuideListActivity",
            "com.anjuke.bizrealvideo.smartsurvey.activity.SmartPanshiSearchActivity",
            "com.anjuke.bizrealvideo.smartsurvey.activity.SmartSurveyAddActivity",
            "com.anjuke.bizrealvideo.smartsurvey.activity.SmartSurveyBuildingInfoSearchActivity",
            "com.anjuke.bizrealvideo.smartsurvey.activity.SmartSurveyCommunityBuildingInfoActivity",
            "com.anjuke.bizrealvideo.smartsurvey.activity.SmartSurveyContentActivity",
            "com.anjuke.bizrealvideo.smartsurvey.activity.SmartSurveyListActivity",
            "com.anjuke.bizrealvideo.smartsurvey.activity.SmartSurveySearchResultActivity",
            "com.anjuke.bizrealvideo.smartsurvey.activity.SmartSurveyShootFinishedActivity",
            "com.anjuke.bizrealvideo.smartsurvey.activity.SmartSurveyTobeUploadActivity",
            "com.anjuke.bizrealvideo.smartsurvey.activity.SmartSurveyVerifyDetailActivity",
            "com.anjuke.bizrealvideo.smartsurvey.activity.SmartTaskActivity",
            "com.anjuke.bizrealvideo.smartsurvey.activity.SmartVerifyBuildingInfoActivity",
            "com.anjuke.bizrealvideo.smartsurvey.category.SmartSurveyCategoryActivity",
            "com.anjuke.bizrealvideo.smartsurvey.content.ContentActivity",
            "com.anjuke.bizrealvideo.smartsurvey.forward.create.VideoActivity",
            "com.anjuke.bizrealvideo.smartsurvey.task.detail.TaskDetailActivity",
            "com.anjuke.bizrealvideo.smartsurvey.verification.SmartSurveyVerificationDetailActivity",
            "com.anjuke.nmymodule.activity.AccountCenterActivity",
            "com.anjuke.nmymodule.activity.AccountDetailsActivity",
            "com.anjuke.nmymodule.activity.AccountLogDetailActivity",
            "com.anjuke.nmymodule.activity.AccountManageActivity",
            "com.anjuke.nmymodule.activity.AjkAccountLogListActivity",
            "com.anjuke.nmymodule.activity.AppointmentActivity",
            "com.anjuke.nmymodule.activity.AuthCardActivity",
            "com.anjuke.nmymodule.activity.AuthHeadActivity",
            "com.anjuke.nmymodule.activity.AuthIdActivity",
            "com.anjuke.nmymodule.activity.AuthenticationCheckActivity",
            "com.anjuke.nmymodule.activity.BindNewPhoneActivity",
            "com.anjuke.nmymodule.activity.BrokerInfoActivity",
            "com.anjuke.nmymodule.activity.BrokerQRCodeActivity",
            "com.anjuke.nmymodule.activity.BrokerWorkInfoActivity",
            "com.anjuke.nmymodule.activity.BuyComboActivity",
            "com.anjuke.nmymodule.activity.CheckPhoneActivity",
            "com.anjuke.nmymodule.activity.CheckReUploadPremisesPermitActivity",
            "com.anjuke.nmymodule.activity.ContactPhonesActivity",
            "com.anjuke.nmymodule.activity.CouponPackageActivity",
            "com.anjuke.nmymodule.activity.CouponPlatformActivity",
            "com.anjuke.nmymodule.activity.DailiaoActivity",
            "com.anjuke.nmymodule.activity.DiscountActivity",
            "com.anjuke.nmymodule.activity.DiscountDetailActivity",
            "com.anjuke.nmymodule.activity.EnterpriseCertificationActivity",
            "com.anjuke.nmymodule.activity.LogOffFailActivity",
            "com.anjuke.nmymodule.activity.LogOffVerifyActivity",
            "com.anjuke.nmymodule.activity.ModifySafePhoneNumberActivity",
            "com.anjuke.nmymodule.activity.MyAuthenticationActivity",
            "com.anjuke.nmymodule.activity.ProtocalDownloadActivity",
            "com.anjuke.nmymodule.activity.RegisterAuthOkActivity",
            "com.anjuke.nmymodule.activity.RightsDetailActivity",
            "com.anjuke.nmymodule.activity.SetMealForAllNetManageNullActivity",
            "com.anjuke.nmymodule.activity.SetMealManageActivity",
            "com.anjuke.nmymodule.activity.SetMealManageDetailActivity",
            "com.anjuke.nmymodule.activity.SkbDailiaoActivity",
            "com.anjuke.nmymodule.activity.SkbDailiaoEditActivity",
            "com.anjuke.nmymodule.activity.ThreePartyLoginActivity",
            "com.anjuke.nmymodule.activity.VipCenterActivity",
            "com.anjuke.nmymodule.activity.VipCenterRankLogActivity",
            "com.anjuke.nmymodule.activity.WbAccountLogListActivity",
            "com.anjuke.nmymodule.activity.account_relation.NewRegistAndRelationAct",
            "com.anjuke.nmymodule.setting.AboutUsActivity",
            "com.anjuke.nmymodule.setting.SettingActivity",
            "com.anjuke.smartfield.logic.FieldSurveyRecordActivity",
            "com.anjuke.smartfield.logic.NetVideoPlayActivityV2",
            "com.anjuke.smartfield.logic.business.BusinessShootActivity",
            "com.anjuke.smartfield.outer.FieldSurveyProxyActivity",
            "com.bytedance.sdk.open.douyin.ui.DouYinWebAuthorizeActivity",
            "com.facebook.react.devsupport.DevSettingsActivity",
            "com.google.ar.core.InstallActivity",
            "com.huawei.hms.activity.BridgeActivity",
            "com.huawei.hms.activity.EnableServiceActivity",
            "com.huawei.updatesdk.service.otaupdate.AppUpdateActivity",
            "com.huawei.updatesdk.support.pm.PackageInstallerActivity",
            "com.igexin.sdk.GActivity",
            "com.igexin.sdk.PushActivity",
            "com.journeyapps.barcodescanner.CaptureActivity",
            "com.luck.picture.lib.PictureExternalPreviewActivity",
            "com.luck.picture.lib.PicturePlayAudioActivity",
            "com.luck.picture.lib.PicturePreviewActivity",
            "com.luck.picture.lib.PictureSelectorActivity",
            "com.luck.picture.lib.PictureVideoPlayActivity",
            "com.mob.guard.MobTranPullLockActivity",
            "com.mob.guard.MobTranPullUpActivity",
            "com.mob.id.MobIDActivity",
            "com.mob.id.MobIDSYActivity",
            "com.mob.pushsdk.component.MobPushActivity",
            "com.pay58.sdk.logic.contract.ContractActivity",
            "com.pay58.sdk.logic.fail.FailActivity",
            "com.pay58.sdk.logic.pay.PayActivity",
            "com.pay58.sdk.logic.purepay.PurePayActivity",
            "com.pay58.sdk.logic.recharge.RechargeActivity",
            "com.pay58.sdk.logic.success.SuccessActivity",
            "com.qq.e.ads.ADActivity",
            "com.squareup.leakcanary.internal.DisplayLeakActivity",
            "com.squareup.leakcanary.internal.RequestStoragePermissionActivity",
            "com.tencent.bugly.beta.ui.BetaActivity",
            "com.tencent.connect.common.AssistActivity",
            "com.tencent.tauth.AuthActivity",
            "com.wbvideo.editor.wrapper.EditorActivity",
            "com.wbvideo.playerwrapper.SingleVideoActivity",
            "com.wbvideo.pusherwrapper.PusherActivity",
            "com.wbvideo.recorder.wrapper.RecorderActivity",
            "com.webank.facelight.ui.FaceGuideActivity",
            "com.webank.facelight.ui.FaceProtocalActivity",
            "com.webank.facelight.ui.FaceVerifyActivity",
            "com.wuba.android.wrtckit.WRTCRoomActivity",
            "com.wuba.camera.activity.BigPicPreviewActivity",
            "com.wuba.camera.activity.PublishCameraActivity",
            "com.wuba.certify.CertifyActivity",
            "com.wuba.certify.TransActivity",
            "com.wuba.certify.out.CameraActivity",
            "com.wuba.certify.out.IdCameraActivity",
            "com.wuba.certify.out.MediaRecorderActivity",
            "com.wuba.frame.netdiagnose.NetDiagnoseActivity",
            "com.wuba.house.imageselector.CameraAlbumActivity",
            "com.wuba.house.imageselector.CommercialVideoActivity",
            "com.wuba.house.imageselector.albums.PublishChangeAlbumActivity",
            "com.wuba.house.imageselector.camera.CommercialRecordActivity",
            "com.wuba.house.imageselector.camera.PublishCameraActivity",
            "com.wuba.house.imageselector.image.ImagePreviewActivity",
            "com.wuba.house.imageselector.preview.BigPicPreviewActivity",
            "com.wuba.loginsdk.abroad.WeiXinRegisterGuideActivity",
            "com.wuba.loginsdk.activity.OfflineAlertActivity",
            "com.wuba.loginsdk.activity.account.AuthLoginActivity",
            "com.wuba.loginsdk.activity.account.CropImageActivity",
            "com.wuba.loginsdk.activity.account.DialogLoginActivity",
            "com.wuba.loginsdk.activity.account.JumpFunctionActivity",
            "com.wuba.loginsdk.activity.account.PhoneDynamicLoginActivity",
            "com.wuba.loginsdk.activity.account.PhoneRetrievePasswordActivity",
            "com.wuba.loginsdk.activity.account.ResetNickNameActivity",
            "com.wuba.loginsdk.activity.account.SocialBindActivity",
            "com.wuba.loginsdk.activity.account.UserAccountFragmentActivity",
            "com.wuba.loginsdk.activity.account.UserAccountListActivity",
            "com.wuba.loginsdk.activity.account.UserCommonWebActivity",
            "com.wuba.loginsdk.activity.account.VerifyCodeActivity",
            "com.wuba.loginsdk.activity.account.gatewaylogin.GatewayLoginActivity",
            "com.wuba.loginsdk.alert.AlertBusinessActivity",
            "com.wuba.loginsdk.auth.provider.AuthProviderActivity",
            "com.wuba.loginsdk.auth.receiver.AuthReceiverLoginActivity",
            "com.wuba.loginsdk.biometric.guide.GuideBiometricActivity",
            "com.wuba.loginsdk.biometric.login.BiometricLoginActivity",
            "com.wuba.loginsdk.common.CommonWebActivity",
            "com.wuba.loginsdk.enterprise.ChoiceAccountActivity",
            "com.wuba.loginsdk.enterprise.EnterpriseListActivity",
            "com.wuba.loginsdk.profile.PhotoPicker$PickActivity",
            "com.wuba.loginsdk.qr.ui.QRAuthActivity",
            "com.wuba.rn.debug.DevHelperActivity",
            "com.wuba.rn.debug.WubaRNExceptionDetialActivity",
            "com.wuba.rn.support.test.RNTestActivity",
            "com.wuba.rn.support.test.RNTestIPConfigActivity",
            "com.wuba.ui.component.mediapicker.WubaMediaPickerActivity",
            "com.wuba.ui.component.mediapicker.preview.WubaMediaPreviewActivity",
            "com.wuba.wbpush.activity.InterceptActivity",
            "com.wuba.wbpush.activity.WPushGActivity",
            "com.wuba.wsplatformsdk.view.WSPChallengeActivity",
            "com.wuba.wvrchat.kit.WVRChatActivity",
            "com.wuba.xxzl.common.KolkieActivity",
            "com.wuba.xxzl.common.PermissionActivity",
            "com.yalantis.ucrop.PictureMultiCuttingActivity",
            "com.yalantis.ucrop.UCropActivity",
            "com.zxing.activity.CaptureActivity"
        ],
        "services": [
            "com.amap.api.location.APSService",
            "com.android.gmacs.downloader.resumable.TaskGuardianService",
            "com.anjuke.android.newbroker.chat.service.UnreadMsgNotifyService",
            "com.anjuke.android.newbroker.common.image.PhotoService",
            "com.anjuke.android.newbroker.common.location.gps.GPSService",
            "com.anjuke.android.newbroker.common.service.WosPhotoUploadMoreService",
            "com.anjuke.android.newbroker.module.businessCommon.push.BrokerPushService",
            "com.anjuke.android.newbroker.module.disvover.daikanji.service.DkjUploadImageService",
            "com.anjuke.android.newbroker.module.disvover.daikanji.service.DkjWosVideoService",
            "com.anjuke.android.newbroker.module.housing.owner_confirm.service.OwnerConfirmUploadService",
            "com.anjuke.android.newbroker.module.video.service.MusicService",
            "com.anjuke.app.download.DownloadService",
            "com.baidu.location.f",
            "com.ganji.test.LeakUploadService",
            "com.getui.gtc.GtcService",
            "com.heytap.mcssdk.AppPushService",
            "com.huawei.agconnect.core.ServiceDiscovery",
            "com.huawei.hms.support.api.push.service.HmsMsgService",
            "com.igexin.sdk.PushService",
            "com.liulishuo.filedownloader.services.FileDownloadService$SeparateProcessService",
            "com.liulishuo.filedownloader.services.FileDownloadService$SharedMainProcessService",
            "com.mob.MobACService",
            "com.mob.guard.MobGuardPullUpService",
            "com.mob.id.MobIDService",
            "com.mob.pushsdk.impl.MobPushJobService",
            "com.qq.e.comm.DownloadService",
            "com.squareup.leakcanary.DisplayLeakService",
            "com.squareup.leakcanary.internal.HeapAnalyzerService",
            "com.tencent.bugly.beta.tinker.TinkerResultService",
            "com.vivo.push.sdk.service.CommandClientService",
            "com.wbvideo.capture.screen.ScreenCaptureService",
            "com.wuba.android.wrtckit.controller.ChattingForegroundService",
            "com.wuba.certify.PicService",
            "com.wuba.commoncode.network.WriteLogService",
            "com.wuba.frame.netdiagnose.UploadErrLogService",
            "com.wuba.rn.debug.DevHelperService",
            "com.wuba.service.SaveBrowseService",
            "com.wuba.service.SaveCateService",
            "com.wuba.service.SaveDialService",
            "com.wuba.service.SaveRecentFootService",
            "com.wuba.service.SaveSiftService",
            "com.wuba.wbpush.suppliers.getui.GTPushIntentService",
            "com.wuba.wbpush.suppliers.getui.GTPushService",
            "com.wuba.wbpush.suppliers.getui.WBPushIntentService",
            "com.wuba.wbpush.suppliers.hms.HmsPushService",
            "com.wuba.wbpush.suppliers.oppo.COSPushMessageService",
            "com.wuba.wbvrcapture.trackbuild.localbuild.process.LocalBuildOperateService",
            "com.wuba.wbvrcapture.trackbuild.localbuild.process.LocalBuildProcessOperateService",
            "com.wuba.wmda.multiprocess.MainProcessConnectService",
            "com.xiaomi.mipush.sdk.MessageHandleService",
            "com.xiaomi.mipush.sdk.PushMessageHandler",
            "com.xiaomi.push.service.XMJobService",
            "com.xiaomi.push.service.XMPushService"
        ],
        "receivers": [
            "com.anjuke.android.newbroker.service.MediaScannerStartedReceiver",
            "com.anjuke.app.download.DownloadManagerReceiver",
            "com.huawei.hms.support.api.push.PushMsgReceiver",
            "com.huawei.hms.support.api.push.PushReceiver",
            "com.igexin.sdk.PushReceiver",
            "com.wuba.house.imageselector.CommercialVideoActivity$VolumeReceiver",
            "com.wuba.loginsdk.internal.OfflineAlertReceiver",
            "com.wuba.wblog.receiver.WLogCmdBroadcastReceiver",
            "com.wuba.wbpush.receiver.NotificationClickedReceiver",
            "com.wuba.wbpush.suppliers.vivo.VPushMessageReceiver",
            "com.wuba.wbpush.suppliers.xiaomi.XMMessageReceiver",
            "com.wuba.wmda.multiprocess.MainProcessBroadcastReceiver",
            "com.wuba.wmdalite.manager.NetInfoChangeReceiver",
            "com.xiaomi.push.service.receivers.NetworkStatusReceiver",
            "com.xiaomi.push.service.receivers.PingReceiver"
        ]
    },
    "stats": {
        "dex_count": 14,
        "native_lib_count": 296
    },
    "jadx": {
        "status": "ok",
        "duration_sec": 126.94,
        "sources_present": true,
        "java_file_count": 28847
    },
    "ast_analysis": {
        "location": 4,
        "microphone": 5,
        "camera": 225,
        "media_projection": 7,
        "dynamic_load": 0,
        "jni": 176
    },
    "analysis_state": "complete"
}