{
    "apk_name": "3099606646A815E2C764F9DFFCCD8B7EB8CA8C415C2917CE5CD0245E8C287174",
    "sha256": "3099606646a815e2c764f9dffccd8b7eb8ca8c415c2917ce5cd0245e8c287174",
    "metadata": {
        "package_name": "cn.ishansong",
        "version_code": "200",
        "version_name": "6.3.12",
        "min_sdk": "21",
        "target_sdk": "28",
        "permissions": [
            "android.permission.ACCESS_COARSE_LOCATION",
            "android.permission.ACCESS_FINE_LOCATION",
            "android.permission.ACCESS_LOCATION_EXTRA_COMMANDS",
            "android.permission.ACCESS_NETWORK_STATE",
            "android.permission.ACCESS_WIFI_STATE",
            "android.permission.BATTERY_STATS",
            "android.permission.CAMERA",
            "android.permission.CHANGE_NETWORK_STATE",
            "android.permission.CHANGE_WIFI_STATE",
            "android.permission.FLASHLIGHT",
            "android.permission.FOREGROUND_SERVICE",
            "android.permission.GET_TASKS",
            "android.permission.INTERNET",
            "android.permission.KILL_BACKGROUND_PROCESSES",
            "android.permission.READ_CONTACTS",
            "android.permission.READ_EXTERNAL_STORAGE",
            "android.permission.READ_PHONE_STATE",
            "android.permission.REQUEST_INSTALL_PACKAGES",
            "android.permission.SCHEDULE_EXACT_ALARM",
            "android.permission.VIBRATE",
            "android.permission.WRITE_EXTERNAL_STORAGE",
            "android.permission.WRITE_SETTINGS",
            "com.android.launcher.permission.READ_SETTINGS",
            "com.asus.msa.SupplementaryDID.ACCESS",
            "com.huawei.appmarket.service.commondata.permission.GET_COMMON_DATA",
            "com.vivo.notification.permission.BADGE_ICON",
            "freemme.permission.msa",
            "getui.permission.GetuiService.cn.ishansong"
        ],
        "activities": [
            "cmbapi.CMBApiEntryActivity",
            "cn.ishansong.activity.AboutActivity",
            "cn.ishansong.activity.AddressDetailActivity",
            "cn.ishansong.activity.AddressModifyHistoryActivity",
            "cn.ishansong.activity.AddressPoiActivity",
            "cn.ishansong.activity.AgreementActivity",
            "cn.ishansong.activity.AppSettingActivity",
            "cn.ishansong.activity.BusinessCardRecognitionActivity",
            "cn.ishansong.activity.CityListActivity",
            "cn.ishansong.activity.CouponDialogActivity",
            "cn.ishansong.activity.CourierActivity",
            "cn.ishansong.activity.CourierBlackListActivity",
            "cn.ishansong.activity.FeedbackActivity",
            "cn.ishansong.activity.FullTransparentWebActivity",
            "cn.ishansong.activity.GuideActivity",
            "cn.ishansong.activity.GuideTempActivity",
            "cn.ishansong.activity.IndustryActivity",
            "cn.ishansong.activity.InputActivity",
            "cn.ishansong.activity.LogoutActivity",
            "cn.ishansong.activity.MainAddressCompleteActivity",
            "cn.ishansong.activity.MakeOrderActivity",
            "cn.ishansong.activity.MessageCenterActivity",
            "cn.ishansong.activity.ModifyAddressCalculateActivity",
            "cn.ishansong.activity.ModifyMobileActivity",
            "cn.ishansong.activity.ModifyReceiverAddressActivity",
            "cn.ishansong.activity.NoviceGuideActivity",
            "cn.ishansong.activity.OtherPayActivity",
            "cn.ishansong.activity.PermissionTransparentActivity",
            "cn.ishansong.activity.PriceWeightActivity",
            "cn.ishansong.activity.QRCodeScanActivity",
            "cn.ishansong.activity.RemarkActivity",
            "cn.ishansong.activity.ServerSettingActivity",
            "cn.ishansong.activity.SplashActivity",
            "cn.ishansong.activity.TesterActivity",
            "cn.ishansong.activity.UpdateActivity",
            "cn.ishansong.activity.WebActivity",
            "cn.ishansong.activity.login.LoginActivity",
            "cn.ishansong.activity.login.RegisterActivity",
            "cn.ishansong.activity.order.HelpBuyOrderDetailActivity",
            "cn.ishansong.activity.order.OrderDetailActivity",
            "cn.ishansong.activity.order.OrderListActivity",
            "cn.ishansong.activity.order.SearchOrderActivity",
            "cn.ishansong.activity.user.UserActivity",
            "cn.ishansong.address.activity.AddressBookActivity",
            "cn.ishansong.address.activity.AddressEditActivity",
            "cn.ishansong.address.activity.AddressSearchActivity",
            "cn.ishansong.im.ui.ChatActivity",
            "cn.ishansong.im.ui.PrivacyAgreementDialog",
            "cn.ishansong.index.activity.MainActivity",
            "cn.ishansong.order.activity.OrderGoodsInfoActivity",
            "cn.ishansong.sample.IndicatorActivity",
            "cn.ishansong.sample.SampleActivity",
            "com.alipay.sdk.app.AlipayResultActivity",
            "com.alipay.sdk.app.H5AuthActivity",
            "com.alipay.sdk.app.H5PayActivity",
            "com.alipay.sdk.app.PayResultActivity",
            "com.blankj.utilcode.util.UtilsTransActivity",
            "com.blankj.utilcode.util.UtilsTransActivity4MainProcess",
            "com.geetest.onelogin.activity.OneLoginActivity",
            "com.geetest.onelogin.activity.OneLoginWebActivity",
            "com.igexin.sdk.GActivity",
            "com.igexin.sdk.GetuiActivity",
            "com.igexin.sdk.PushActivity",
            "com.ishansong.restructure.sdk.share.ui.WXEntryActivity",
            "com.ishansong.sdk.payment.cmb.CMBPayActivity",
            "com.ishansong.sdk.payment.wxpay.WxActivity",
            "com.luck.picture.lib.PictureExternalPreviewActivity",
            "com.luck.picture.lib.PicturePlayAudioActivity",
            "com.luck.picture.lib.PicturePreviewActivity",
            "com.luck.picture.lib.PictureSelectorActivity",
            "com.luck.picture.lib.PictureSelectorCameraEmptyActivity",
            "com.luck.picture.lib.PictureSelectorPreviewWeChatStyleActivity",
            "com.luck.picture.lib.PictureSelectorWeChatStyleActivity",
            "com.luck.picture.lib.PictureVideoPlayActivity",
            "com.sina.weibo.sdk.share.ShareChatActivity",
            "com.sina.weibo.sdk.share.ShareResultActivity",
            "com.sina.weibo.sdk.share.ShareStoryActivity",
            "com.sina.weibo.sdk.share.ShareTransActivity",
            "com.sina.weibo.sdk.web.WebActivity",
            "com.tencent.connect.common.AssistActivity",
            "com.tencent.tauth.AuthActivity",
            "com.yalantis.ucrop.PictureMultiCuttingActivity",
            "com.yalantis.ucrop.UCropActivity"
        ],
        "services": [
            "cn.ishansong.push.SSPushReceiverIntentService",
            "cn.ishansong.push.SSPushService",
            "cn.ishansong.service.AppService",
            "cn.ishansong.service.UpdateService",
            "com.baidu.location.f",
            "com.blankj.utilcode.util.MessengerUtils$ServerService",
            "com.getui.gtc.GtcService",
            "com.igexin.sdk.GService",
            "com.igexin.sdk.PushService",
            "com.ishansong.restructure.sdk.push.service.ISSSocketService"
        ],
        "receivers": [
            "cn.ishansong.receiver.AlarmClockReceiver",
            "cn.ishansong.receiver.ISSGTReceiver",
            "cn.ishansong.receiver.NotifyReceiver",
            "com.igexin.sdk.PushReceiver",
            "com.ishansong.sdk.sswebsocket.receiver.PushMessageReceiver"
        ]
    },
    "stats": {
        "dex_count": 1,
        "native_lib_count": 32
    },
    "jadx": {
        "status": "ok",
        "duration_sec": 2.63,
        "sources_present": true,
        "java_file_count": 7
    },
    "ast_analysis": {
        "location": 0,
        "microphone": 0,
        "camera": 0,
        "media_projection": 0,
        "dynamic_load": 0,
        "jni": 1
    },
    "analysis_state": "complete"
}