{
    "apk_name": "EE960FA1D8B34A68CE5F9662715E91073A5223A228CCD0BDF740A45545F679FE",
    "sha256": "ee960fa1d8b34a68ce5f9662715e91073a5223a228ccd0bdf740a45545f679fe",
    "metadata": {
        "package_name": "com.atakmap.android.uastool.plugin",
        "version_code": "1749763928",
        "version_name": "12.12.2-playstore (9e18a9ad) - [5.4.0]",
        "min_sdk": "26",
        "target_sdk": "34",
        "permissions": [
            "android.permission.ACCESS_COARSE_LOCATION",
            "android.permission.ACCESS_FINE_LOCATION",
            "android.permission.ACCESS_NETWORK_STATE",
            "android.permission.ACCESS_WIFI_STATE",
            "android.permission.CHANGE_WIFI_MULTICAST_STATE",
            "android.permission.CHANGE_WIFI_STATE",
            "android.permission.INTERNET",
            "android.permission.READ_EXTERNAL_STORAGE",
            "android.permission.READ_PHONE_STATE",
            "android.permission.READ_PRIVILEGED_PHONE_STATE",
            "android.permission.RECORD_AUDIO",
            "android.permission.SET_TIME",
            "android.permission.SET_TIME_ZONE",
            "android.permission.VIBRATE",
            "android.permission.WAKE_LOCK",
            "android.permission.WRITE_EXTERNAL_STORAGE",
            "android.permission.WRITE_SETTINGS",
            "com.android.alarm.permission.SET_ALARM"
        ],
        "activities": [
            "com.atakmap.android.uastool.utils.DummyActivity",
            "com.atakmap.app.component",
            "com.google.android.gms.common.api.GoogleApiActivity",
            "com.parrot.drone.groundsdk.internal.RcAccessoryBootstrapActivity"
        ],
        "services": [
            "androidx.room.MultiInstanceInvalidationService"
        ],
        "receivers": []
    },
    "stats": {
        "dex_count": 5,
        "native_lib_count": 0
    },
    "jadx": {
        "status": "ok",
        "duration_sec": 60.13,
        "sources_present": true,
        "java_file_count": 11986
    },
    "ast_analysis": {
        "location": 4,
        "microphone": 8,
        "camera": 76,
        "media_projection": 8,
        "dynamic_load": 0,
        "jni": 50
    },
    "analysis_state": "complete"
}