{
    "apk_name": "FE1499E01EE5FC73AE9CAAE1ED91EED75BBD373CBCE80BBF1F2CF22AF28EEA4C",
    "sha256": "fe1499e01ee5fc73ae9caae1ed91eed75bbd373cbce80bbf1f2cf22af28eea4c",
    "metadata": {
        "package_name": "network.talker.app",
        "version_code": "149",
        "version_name": "2.0.4",
        "min_sdk": "24",
        "target_sdk": "35",
        "permissions": [
            "android.permission.ACCESS_BACKGROUND_LOCATION",
            "android.permission.ACCESS_COARSE_LOCATION",
            "android.permission.ACCESS_FINE_LOCATION",
            "android.permission.ACCESS_NETWORK_STATE",
            "android.permission.ACCESS_NOTIFICATION_POLICY",
            "android.permission.BLUETOOTH",
            "android.permission.BLUETOOTH_CONNECT",
            "android.permission.CAMERA",
            "android.permission.FOREGROUND_SERVICE",
            "android.permission.FOREGROUND_SERVICE_LOCATION",
            "android.permission.FOREGROUND_SERVICE_SPECIAL_USE",
            "android.permission.GET_ACCOUNTS",
            "android.permission.INTERNET",
            "android.permission.MANAGE_DOCUMENTS",
            "android.permission.MODIFY_AUDIO_SETTINGS",
            "android.permission.POST_NOTIFICATIONS",
            "android.permission.READ_CONTACTS",
            "android.permission.READ_EXTERNAL_STORAGE",
            "android.permission.RECEIVE_BOOT_COMPLETED",
            "android.permission.RECORD_AUDIO",
            "android.permission.REQUEST_IGNORE_BATTERY_OPTIMIZATIONS",
            "android.permission.SCHEDULE_EXACT_ALARM",
            "android.permission.SYSTEM_ALERT_WINDOW",
            "android.permission.USE_FULL_SCREEN_INTENT",
            "android.permission.VIBRATE",
            "android.permission.WAKE_LOCK",
            "android.permission.WRITE_CONTACTS",
            "android.permission.WRITE_EXTERNAL_STORAGE",
            "com.google.android.c2dm.permission.RECEIVE",
            "com.google.android.finsky.permission.BIND_GET_INSTALL_REFERRER_SERVICE",
            "com.google.android.gms.permission.AD_ID",
            "com.google.android.providers.gsf.permission.READ_GSERVICES",
            "network.talker.app.DYNAMIC_RECEIVER_NOT_EXPORTED_PERMISSION"
        ],
        "activities": [
            "com.google.android.gms.common.api.GoogleApiActivity",
            "com.google.firebase.auth.internal.GenericIdpActivity",
            "com.google.firebase.auth.internal.RecaptchaActivity",
            "com.journeyapps.barcodescanner.CaptureActivity",
            "com.network.talker.MainActivity",
            "com.yalantis.ucrop.UCropActivity",
            "io.flutter.plugins.urllauncher.WebViewActivity"
        ],
        "services": [
            "com.baseflow.geolocator.GeolocatorLocationService",
            "com.google.android.datatransport.runtime.backends.TransportBackendDiscovery",
            "com.google.android.datatransport.runtime.scheduling.jobscheduling.JobInfoSchedulerService",
            "com.google.android.gms.measurement.AppMeasurementJobService",
            "com.google.android.gms.measurement.AppMeasurementService",
            "com.google.firebase.components.ComponentDiscoveryService",
            "com.google.firebase.messaging.FirebaseMessagingService",
            "com.smartlook.android.job.worker.internallog.UploadInternalLogJob",
            "com.smartlook.android.job.worker.record.ProcessVideoDataJob",
            "com.smartlook.android.job.worker.record.UploadRecordJob",
            "com.smartlook.android.job.worker.session.UploadSessionJob",
            "id.flutter.flutter_background_service.BackgroundService",
            "io.flutter.plugins.firebase.messaging.FlutterFirebaseMessagingBackgroundService",
            "io.flutter.plugins.firebase.messaging.FlutterFirebaseMessagingService"
        ],
        "receivers": [
            "androidx.profileinstaller.ProfileInstallReceiver",
            "com.dexterous.flutterlocalnotifications.ScheduledNotificationBootReceiver",
            "com.dexterous.flutterlocalnotifications.ScheduledNotificationReceiver",
            "com.google.android.datatransport.runtime.scheduling.jobscheduling.AlarmManagerSchedulerBroadcastReceiver",
            "com.google.android.gms.measurement.AppMeasurementReceiver",
            "com.google.firebase.iid.FirebaseInstanceIdReceiver",
            "com.pravera.flutter_foreground_task.service.BootReceiver",
            "com.pravera.flutter_foreground_task.service.RestartReceiver",
            "id.flutter.flutter_background_service.BootReceiver",
            "id.flutter.flutter_background_service.WatchdogReceiver",
            "io.flutter.plugins.firebase.messaging.FlutterFirebaseMessagingReceiver"
        ]
    },
    "stats": {
        "dex_count": 2,
        "native_lib_count": 0
    },
    "jadx": {
        "status": "ok",
        "duration_sec": 28.5,
        "sources_present": true,
        "java_file_count": 8101
    },
    "ast_analysis": {
        "location": 4,
        "microphone": 7,
        "camera": 10,
        "media_projection": 4,
        "dynamic_load": 0,
        "jni": 3
    },
    "analysis_state": "complete"
}