{
    "java_files": [],
    "ast_hits_by_file": {
        "location": [],
        "microphone": [],
        "camera": [],
        "media_projection": [],
        "dynamic_load": [],
        "jni": []
    },
    "native_libs": [
        "lib/arm64-v8a/libkoom-java.so",
        "lib/arm64-v8a/libhermes-inspector.so",
        "lib/arm64-v8a/libxmffcmd.so",
        "lib/arm64-v8a/libpangleflipped.so",
        "lib/arm64-v8a/libShanYCore.so",
        "lib/arm64-v8a/libmarsxlog.so",
        "lib/arm64-v8a/libgifimage.so",
        "lib/arm64-v8a/libio-canary.so",
        "lib/arm64-v8a/libstretch.so",
        "lib/arm64-v8a/libmmkv.so",
        "lib/arm64-v8a/libnative-filters.so",
        "lib/arm64-v8a/libCtaApiLib.so",
        "lib/arm64-v8a/libxmyoga.so",
        "lib/arm64-v8a/libturingau.so",
        "lib/arm64-v8a/libMMANDKSignature.so",
        "lib/arm64-v8a/libzeus_direct_dex.so",
        "lib/arm64-v8a/libfbjni.so",
        "lib/arm64-v8a/libane.so",
        "lib/arm64-v8a/libencrypt.so",
        "lib/arm64-v8a/libmsaoaidauth.so",
        "lib/arm64-v8a/libZegoLiveRoom.so",
        "lib/arm64-v8a/libdetect.so",
        "lib/arm64-v8a/libreactnativeblob.so",
        "lib/arm64-v8a/libmsaoaidsec.so",
        "lib/arm64-v8a/libnative-imagetranscoder.so",
        "lib/arm64-v8a/libccbccb.so",
        "lib/arm64-v8a/libentryexpro.so",
        "lib/arm64-v8a/libjsc.so",
        "lib/arm64-v8a/libjsijniprofiler.so",
        "lib/arm64-v8a/libBugly_Native.so",
        "lib/arm64-v8a/libjsinspector.so",
        "lib/arm64-v8a/libfolly_json.so",
        "lib/arm64-v8a/libijkplayer.so",
        "lib/arm64-v8a/libglog.so",
        "lib/arm64-v8a/liblocSDK8b.so",
        "lib/arm64-v8a/liblockmonitor-lib.so",
        "lib/arm64-v8a/liblogin_encrypt.so",
        "lib/arm64-v8a/libstatic-webp.so",
        "lib/arm64-v8a/librtmp-jni.so",
        "lib/arm64-v8a/libxmutils.so",
        "lib/arm64-v8a/libimagepipeline.so",
        "lib/arm64-v8a/libxmediaplayer.so",
        "lib/arm64-v8a/libglog_init.so",
        "lib/arm64-v8a/libzxprotect.so",
        "lib/arm64-v8a/libframesequence.so",
        "lib/arm64-v8a/libnativelib.so",
        "lib/arm64-v8a/libxm_ad_so.so",
        "lib/arm64-v8a/libfolly_futures.so",
        "lib/arm64-v8a/libijkffmpeg.so",
        "lib/arm64-v8a/libkoom-thread.so",
        "lib/arm64-v8a/libweibosdkcore.so",
        "lib/arm64-v8a/libhermes-executor-debug.so",
        "lib/arm64-v8a/libucrop.so",
        "lib/arm64-v8a/libhermes.so",
        "lib/arm64-v8a/libc++_shared.so",
        "lib/arm64-v8a/libmediadatacryto.so",
        "lib/arm64-v8a/libwind.so",
        "lib/arm64-v8a/libyaqstub_gdtadv.so",
        "lib/arm64-v8a/libijksdl.so",
        "lib/arm64-v8a/libyaqcore_gdtadv.so",
        "lib/arm64-v8a/libhermes-executor-release.so",
        "lib/arm64-v8a/libttEncrypt.so",
        "lib/arm64-v8a/libcrashsdk.so",
        "lib/arm64-v8a/libflacJNI.so",
        "lib/arm64-v8a/libbytehook.so",
        "lib/arm64-v8a/libfb.so",
        "lib/arm64-v8a/libxm-linear-alloc.so",
        "lib/arm64-v8a/liblive_encrypt.so",
        "lib/arm64-v8a/libdubscore-jni.so",
        "lib/arm64-v8a/libdu.so",
        "lib/arm64-v8a/libkwai-unwind.so",
        "lib/arm64-v8a/libhisound.so",
        "lib/arm64-v8a/libjscexecutor.so",
        "lib/arm64-v8a/libkoom-native.so",
        "lib/arm64-v8a/libGXAnalyzeAndroid.so",
        "lib/arm64-v8a/libedge-vod.so",
        "lib/arm64-v8a/libQt.so",
        "lib/arm64-v8a/libkwai-android-base.so",
        "lib/arm64-v8a/libxmrecorder.so",
        "lib/arm64-v8a/libreactnativejni.so",
        "lib/arm64-v8a/libNewMediaProcessor.so",
        "lib/arm64-v8a/libxhook_lib.so",
        "lib/arm64-v8a/libGXAnalyzeCore.so",
        "lib/arm64-v8a/libyoga.so"
    ],
    "dex_files_count": 22,
    "exported_components": {
        "activities": [
            "cn.android.service.JTransitActivity",
            "cn.com.spdb.spdbpay.XiaoPuPayActivity",
            "cn.jpush.android.service.JNotifyActivity",
            "cn.jpush.android.ui.PopWinActivity",
            "cn.jpush.android.ui.PushActivity",
            "com.alibaba.security.biometrics.activity.ALBiometricsActivity",
            "com.alibaba.security.biometrics.activity.ALModelLoadingActivity",
            "com.alibaba.security.biometrics.face.auth.FaceLivenessActivity",
            "com.alibaba.security.realidentity.activity.RPTakePhotoActivity",
            "com.alibaba.security.realidentity.activity.RPWebViewActivity",
            "com.alibaba.security.rp.activity.RPH5Activity",
            "com.alibaba.security.rp.activity.RPTakePhotoActivity",
            "com.alibaba.wireless.security.framework.SGProxyActivity",
            "com.alibaba.wireless.security.open.middletier.fc.ui.ContainerActivity",
            "com.alipay.sdk.app.AlipayResultActivity",
            "com.alipay.sdk.app.H5AuthActivity",
            "com.alipay.sdk.app.H5PayActivity",
            "com.alipay.sdk.app.PayResultActivity",
            "com.alipay.sdk.auth.AuthActivity",
            "com.bun.miitmdid.utilsforrequestpermission.PermissionTransparentActivity",
            "com.byted.live.lite.Activity_bytelive_singleTask1",
            "com.byted.live.lite.Activity_bytelive_singleTask2",
            "com.byted.live.lite.Activity_bytelive_singleTask3",
            "com.byted.live.lite.Activity_bytelive_singleTask4",
            "com.byted.live.lite.Activity_bytelive_singleTop1",
            "com.byted.live.lite.Activity_bytelive_singleTop2",
            "com.byted.live.lite.Activity_bytelive_singleTop3",
            "com.byted.live.lite.Activity_bytelive_singleTop4",
            "com.byted.live.lite.Activity_bytelive_singleTop5",
            "com.byted.live.lite.Activity_bytelive_singleTop6",
            "com.byted.live.lite.Activity_bytelive_standard",
            "com.byted.live.lite.Activity_bytelive_standard",
            "com.byted.live.lite.Activity_main_singleTask1",
            "com.byted.live.lite.Activity_main_singleTask2",
            "com.byted.live.lite.Activity_main_singleTask3",
            "com.byted.live.lite.Activity_main_singleTask4",
            "com.byted.live.lite.Activity_main_singleTop1",
            "com.byted.live.lite.Activity_main_singleTop2",
            "com.byted.live.lite.Activity_main_singleTop3",
            "com.byted.live.lite.Activity_main_singleTop4",
            "com.byted.live.lite.Activity_main_singleTop5",
            "com.byted.live.lite.Activity_main_singleTop6",
            "com.byted.live.lite.Activity_main_standard",
            "com.byted.live.lite.Activity_main_standard",
            "com.bytedance.android.openliveplugin.stub.activity.DouyinAuthorizeActivityLiveProcessProxy",
            "com.bytedance.android.openliveplugin.stub.activity.DouyinAuthorizeActivityProxy",
            "com.bytedance.sdk.openadsdk.stub.activity.Stub_Activity",
            "com.bytedance.sdk.openadsdk.stub.activity.Stub_SingleTask_Activity",
            "com.bytedance.sdk.openadsdk.stub.activity.Stub_SingleTask_Activity_T",
            "com.bytedance.sdk.openadsdk.stub.activity.Stub_Standard_Activity",
            "com.bytedance.sdk.openadsdk.stub.activity.Stub_Standard_Activity_T",
            "com.bytedance.sdk.openadsdk.stub.activity.Stub_Standard_Landscape_Activity",
            "com.bytedance.sdk.openadsdk.stub.activity.Stub_Standard_Portrait_Activity",
            "com.ccb.longzf.activity.CcbH5PayActivity",
            "com.ccb.longzf.activity.ResultActivity",
            "com.ccbsdk.ui.activity.BaseWebViewActivity",
            "com.ccbsdk.ui.activity.CCBBaseWebViewActivity",
            "com.ccbsdk.ui.activity.CCBDefaultWebViewActivity",
            "com.chuanglan.shanyan_sdk.view.CmccLoginActivity",
            "com.facebook.react.devsupport.DevSettingsActivity",
            "com.gaoding.editor.image.GDImageEditorActivity",
            "com.huawei.hms.activity.BridgeActivity",
            "com.huawei.hms.activity.EnableServiceActivity",
            "com.huawei.hms.support.api.push.TransActivity",
            "com.igexin.sdk.GActivity",
            "com.igexin.sdk.GetuiActivity",
            "com.igexin.sdk.PushActivity",
            "com.io.tl.android.face.MotionDetectActivity",
            "com.io.tl.android.ocr.OcrIdCardActivity",
            "com.io.tl.android.ocr.camera.CameraActivity",
            "com.io.tl.android.ui.activity.LoanHomeAct",
            "com.io.tl.android.ui.activity.ResultActivity",
            "com.io.tl.android.ui.activity.WebAct",
            "com.jd.ad.sdk.bl.adinteraction.deeplink.JADWebViewActivity",
            "com.jdpaysdk.author.AuthorActivity",
            "com.jdpaysdk.author.browser.BrowserActivity",
            "com.kwad.sdk.api.proxy.app.AdWebViewActivity",
            "com.kwad.sdk.api.proxy.app.BaseFragmentActivity$DeveloperConfigActivity",
            "com.kwad.sdk.api.proxy.app.BaseFragmentActivity$EpisodeDetailActivity",
            "com.kwad.sdk.api.proxy.app.BaseFragmentActivity$FragmentActivity1",
            "com.kwad.sdk.api.proxy.app.BaseFragmentActivity$FragmentActivity10",
            "com.kwad.sdk.api.proxy.app.BaseFragmentActivity$FragmentActivity2",
            "com.kwad.sdk.api.proxy.app.BaseFragmentActivity$FragmentActivity3",
            "com.kwad.sdk.api.proxy.app.BaseFragmentActivity$FragmentActivity4",
            "com.kwad.sdk.api.proxy.app.BaseFragmentActivity$FragmentActivity5",
            "com.kwad.sdk.api.proxy.app.BaseFragmentActivity$FragmentActivity6",
            "com.kwad.sdk.api.proxy.app.BaseFragmentActivity$FragmentActivity7",
            "com.kwad.sdk.api.proxy.app.BaseFragmentActivity$FragmentActivity8",
            "com.kwad.sdk.api.proxy.app.BaseFragmentActivity$FragmentActivity9",
            "com.kwad.sdk.api.proxy.app.BaseFragmentActivity$FragmentActivitySingleInstance1",
            "com.kwad.sdk.api.proxy.app.BaseFragmentActivity$FragmentActivitySingleInstance2",
            "com.kwad.sdk.api.proxy.app.BaseFragmentActivity$FragmentActivitySingleTop1",
            "com.kwad.sdk.api.proxy.app.BaseFragmentActivity$FragmentActivitySingleTop2",
            "com.kwad.sdk.api.proxy.app.BaseFragmentActivity$KsTrendsActivity",
            "com.kwad.sdk.api.proxy.app.BaseFragmentActivity$ProfileHomeActivity",
            "com.kwad.sdk.api.proxy.app.BaseFragmentActivity$ProfileVideoDetailActivity",
            "com.kwad.sdk.api.proxy.app.BaseFragmentActivity$TubeDetailActivity",
            "com.kwad.sdk.api.proxy.app.BaseFragmentActivity$TubeProfileActivity",
            "com.kwad.sdk.api.proxy.app.FeedDownloadActivity",
            "com.kwad.sdk.api.proxy.app.KSRewardLandScapeVideoActivity",
            "com.kwad.sdk.api.proxy.app.KsFullScreenLandScapeVideoActivity",
            "com.kwad.sdk.api.proxy.app.KsFullScreenVideoActivity",
            "com.kwad.sdk.api.proxy.app.KsRewardVideoActivity",
            "com.ledong.lib.leto.main.LetoActivity",
            "com.ledong.lib.leto.main.LetoActivityL",
            "com.ledong.lib.leto.main.LetoDownloadActivity",
            "com.ledong.lib.leto.main.LetoWebContainerActivity",
            "com.ledong.lib.leto.main.LockScreenActivity",
            "com.ledong.lib.leto.main.WebPayActivity",
            "com.ledong.lib.leto.main.WebViewActivity",
            "com.ledong.lib.leto.mgc.MeActivity",
            "com.ledong.lib.leto.scancode.ui.activity.ScanCaptureActivity",
            "com.ledong.lib.minigame.AllCategoryActivity",
            "com.ledong.lib.minigame.AllRankingActivity",
            "com.ledong.lib.minigame.FavoriteActivity",
            "com.ledong.lib.minigame.GameCenterActivity",
            "com.ledong.lib.minigame.GameCenterTabActivity",
            "com.ledong.lib.minigame.GameGridActivity",
            "com.ledong.lib.minigame.SearchActivity",
            "com.ledong.lib.minigame.SingleGameListActivity",
            "com.leto.game.base.view.photopicker.PhotoPagerActivity",
            "com.leto.game.base.view.photopicker.PhotoPickerActivity",
            "com.maplehaze.adsdk.AdDialogActivity",
            "com.maplehaze.adsdk.MHFullVideoActivity",
            "com.maplehaze.adsdk.MHRewardVideoActivity",
            "com.maplehaze.adsdk.WebViewActivity",
            "com.maplehaze.adsdk.extra.NSActivity",
            "com.mcto.sspsdk.feedback.FeedBackActivity",
            "com.mcto.sspsdk.ssp.activity.QyDetailPageActivityNew",
            "com.mcto.sspsdk.ssp.activity.QyTrueViewActivity",
            "com.mgc.leto.game.base.login.MgcLoginActivity",
            "com.mgc.leto.game.base.main.LetoRewardedVideoActivity",
            "com.mgc.leto.game.base.main.LetoRewardedVideoActivityL",
            "com.out.UPAuthActivity",
            "com.qq.e.ads.ADActivity",
            "com.qq.e.ads.DialogActivity",
            "com.qq.e.ads.LandscapeADActivity",
            "com.qq.e.ads.PortraitADActivity",
            "com.qq.e.ads.RewardvideoLandscapeADActivity",
            "com.qq.e.ads.RewardvideoPortraitADActivity",
            "com.sina.weibo.sdk.component.WeiboSdkBrowser",
            "com.sina.weibo.sdk.share.ShareChatActivity",
            "com.sina.weibo.sdk.share.ShareResultActivity",
            "com.sina.weibo.sdk.share.ShareStoryActivity",
            "com.sina.weibo.sdk.share.ShareTransActivity",
            "com.sina.weibo.sdk.web.WebActivity",
            "com.ss.android.downloadlib.activity.JumpKllkActivity",
            "com.ss.android.downloadlib.activity.TTDelegateActivity",
            "com.ss.android.downloadlib.addownload.compliance.AppDetailInfoActivity",
            "com.ss.android.downloadlib.addownload.compliance.AppPrivacyPolicyActivity",
            "com.ss.android.socialbase.appdownloader.view.DownloadTaskDeleteActivity",
            "com.ss.android.socialbase.appdownloader.view.JumpUnknownSourceActivity",
            "com.tencent.connect.common.AssistActivity",
            "com.tencent.qqmini.minigame.opensdk.MiniGameOpenSdkLoginActivity",
            "com.tencent.qqmini.minigame.ui.MiniActivity1",
            "com.tencent.qqmini.minigame.ui.MiniActivity2",
            "com.tencent.qqmini.minigame.ui.MiniActivity3",
            "com.tencent.qqmini.sdk.launcher.ui.MiniFragmentActivity",
            "com.tencent.qqmini.sdk.launcher.ui.MiniTranslucentFragmentActivity",
            "com.tencent.qqmini.sdk.ui.InternalMiniActivity",
            "com.tencent.tauth.AuthActivity",
            "com.unionpay.UPPayWapActivity",
            "com.unionpay.uppay.PayActivity",
            "com.vivo.push.sdk.LinkProxyClientActivity",
            "com.xiaomi.account.openauth.AuthorizeActivity",
            "com.xiaomi.assemble.control.DistributeActivity",
            "com.xiaomi.mipush.sdk.NotificationClickedActivity",
            "com.ximalaya.android.liteapp.devsupport.DevLauncherActivity",
            "com.ximalaya.android.liteapp.launcher.LiteAppLauncherActivity",
            "com.ximalaya.android.liteapp.liteprocess.context.LiteProcessActivity",
            "com.ximalaya.android.liteapp.liteprocess.context.LiteProcessActivity1",
            "com.ximalaya.android.liteapp.liteprocess.context.LiteProcessActivity2",
            "com.ximalaya.android.liteapp.liteprocess.context.LiteProcessActivity3",
            "com.ximalaya.android.liteapp.liteprocess.context.LiteProcessActivity4",
            "com.ximalaya.android.liteapp.liteprocess.context.LiteProcessActivity5",
            "com.ximalaya.android.liteapp.services.hostdepend.picker.PickerActivity",
            "com.ximalaya.android.liteapp.services.hostdepend.picker.PreviewActivity",
            "com.ximalaya.reactnative.context.ReactActivity",
            "com.ximalaya.reactnative.debug.DebugRNActivity",
            "com.ximalaya.ting.android.activity.PageInfoShowActivity",
            "com.ximalaya.ting.android.activity.PushRouterActivity",
            "com.ximalaya.ting.android.activity.TranslucentFixPermissionWhiteBugActivity",
            "com.ximalaya.ting.android.activity.account.LoginActivity",
            "com.ximalaya.ting.android.activity.pay.BocPayResultActivity",
            "com.ximalaya.ting.android.activity.pay.SpdbPayActivity",
            "com.ximalaya.ting.android.adsdk.ADActivity",
            "com.ximalaya.ting.android.adsdk.TranslucentThemeAdActivity",
            "com.ximalaya.ting.android.adsdk.aggregationsdk.rewardvideoad.view.CSJDrawAdActivity",
            "com.ximalaya.ting.android.host.activity.AlarmScreenActivity",
            "com.ximalaya.ting.android.host.activity.CSJDrawAdActivity",
            "com.ximalaya.ting.android.host.activity.ChildSleepLockScreenActivity",
            "com.ximalaya.ting.android.host.activity.FixLaunchModeActivity",
            "com.ximalaya.ting.android.host.activity.FixXiaomiInterceptOpenAppActivity",
            "com.ximalaya.ting.android.host.activity.GuideUserActivity",
            "com.ximalaya.ting.android.host.activity.LockScreenActivity",
            "com.ximalaya.ting.android.host.activity.MainActivity",
            "com.ximalaya.ting.android.host.activity.PreInstallBaseModeActivity",
            "com.ximalaya.ting.android.host.activity.PrivacyHintActivity",
            "com.ximalaya.ting.android.host.activity.ShareJumpActivity",
            "com.ximalaya.ting.android.host.activity.SmsLoginDialogActivity",
            "com.ximalaya.ting.android.host.activity.SplashAdActivity",
            "com.ximalaya.ting.android.host.activity.TestActivity",
            "com.ximalaya.ting.android.host.activity.TestDialogActivity",
            "com.ximalaya.ting.android.host.activity.TranslucentEmptyActivity",
            "com.ximalaya.ting.android.host.activity.VideoAdTaskBridgeActivity",
            "com.ximalaya.ting.android.host.activity.login.ChooseCountryActivity",
            "com.ximalaya.ting.android.host.activity.login.LoginActivity",
            "com.ximalaya.ting.android.host.activity.login.LoginGuideActivity",
            "com.ximalaya.ting.android.host.activity.login.SsoAuthorizeActivity",
            "com.ximalaya.ting.android.host.activity.login.ThirdLoginTranslucentActivity",
            "com.ximalaya.ting.android.host.activity.login.XmAuthorizeActivity",
            "com.ximalaya.ting.android.host.activity.multidex.LoadResActivity",
            "com.ximalaya.ting.android.host.activity.web.WebActivity",
            "com.ximalaya.ting.android.host.activity.web.WebActivityDuiBaMall",
            "com.ximalaya.ting.android.host.car.hicar.HiCarActivity",
            "com.ximalaya.ting.android.host.car.samsung.SamsungActivity",
            "com.ximalaya.ting.android.host.car.vivo.VivoActivity",
            "com.ximalaya.ting.android.host.ccb.CCBH5CustomActivity",
            "com.ximalaya.ting.android.host.drivemode.DriveModeActivity",
            "com.ximalaya.ting.android.host.drivemode.DriveModeActivityV2",
            "com.ximalaya.ting.android.host.drivemode.DriveModeActivityV3",
            "com.ximalaya.ting.android.host.manager.ad.thirdgamead.view.ThirdGameLandWebViewActivity",
            "com.ximalaya.ting.android.host.manager.ad.thirdgamead.view.ThirdGameWebViewActivity",
            "com.ximalaya.ting.android.host.manager.ad.videoad.VideoAdActivity",
            "com.ximalaya.ting.android.host.manager.ad.webad.AdWebViewWithVideoPlayerActivity",
            "com.ximalaya.ting.android.host.manager.share.ShareRewardRuleActivity",
            "com.ximalaya.ting.android.host.memory.MemoryMonitorDetailActivity",
            "com.ximalaya.ting.android.host.memory.MemoryMonitorListActivity",
            "com.ximalaya.ting.android.host.push.PlayerTransActivity",
            "com.ximalaya.ting.android.kids.KidsHomeActivity",
            "com.ximalaya.ting.android.kids.activity.HostCompatibleActivity",
            "com.ximalaya.ting.android.main.activity.account.CollectUserActivity",
            "com.ximalaya.ting.android.main.activity.share.PlayShareActivity",
            "com.ximalaya.ting.android.main.activity.share.WBShareActivity",
            "com.ximalaya.ting.android.main.activity.test.TestActivity",
            "com.ximalaya.ting.android.pay.wxpay.XMWXPayEntryActivity",
            "com.ximalaya.ting.android.reactnative.debug.DebugActivity",
            "com.ximalaya.ting.android.read.activity.ImagePreviewActivity",
            "com.ximalaya.ting.android.rnunionpay.ccbsdkpay.CCBSdkPayResultActivity",
            "com.ximalaya.ting.android.rnunionpay.spdbpay.SpdbResultActivity",
            "com.ximalaya.ting.android.shareservice.SinaWBShareActivity",
            "com.ximalaya.ting.android.smartdevice.activity.SmartDeviceMainActivity",
            "com.ximalaya.ting.android.smartdevice.bleconnect.BleWifiConnectActivity",
            "com.ximalaya.ting.android.smartdevice.bleconnect.ScreenAuthorizationActivity",
            "com.ximalaya.ting.android.smartdevice.bleconnect.WifiConnectFailActivity",
            "com.ximalaya.ting.android.smartdevice.bleconnect.newguide.GuideVipActivity",
            "com.ximalaya.ting.android.smartdevice.rubikscube.activity.RubikCubeActivity",
            "com.ximalaya.ting.android.smartdevice.tws.CustomGesturesActivity",
            "com.ximalaya.ting.android.smartdevice.tws.SwitchGlassesFrameActivity",
            "com.ximalaya.ting.android.smartdevice.tws.TwsBaseSetActivity",
            "com.ximalaya.ting.android.smartdevice.tws.TwsBaseSetActivityNew",
            "com.ximalaya.ting.android.smartdevice.tws.TwsBindActivity",
            "com.ximalaya.ting.android.smartdevice.tws.TwsDeviceInfoActivity",
            "com.ximalaya.ting.android.smartdevice.tws.TwsListeningModeActivity",
            "com.ximalaya.ting.android.smartdevice.tws.TwsOtaActivity",
            "com.ximalaya.ting.android.smartdevice.tws.VoiceCommandActivity",
            "com.ximalaya.ting.android.smartdevice.tws.WearAlineActivity",
            "com.ximalaya.ting.android.watch.activity.WatchMainActivity",
            "com.ximalaya.ting.android.wxcallback.wxsharelogin.XMWXEntryActivity",
            "com.ximalaya.ting.android.xmpushservice.getui.GeTuiGuardTempActivity",
            "com.ximalaya.ting.android.xmpushservice.jpush.JPushGuardIgnoreDauActivity",
            "com.xmly.android.abcpaymodule.AbcPayResultActivity",
            "com.xmly.android.ccbpaymodule.CcbResultActivity",
            "com.yalantis.ucrop.UCropActivity",
            "sdk.meizu.auth.ui.AuthActivity"
        ],
        "services": [
            "cn.jpush.android.service.DaemonService",
            "cn.jpush.android.service.JHonorService",
            "cn.jpush.android.service.PluginHuaweiPlatformsService",
            "cn.jpush.android.service.PluginOppoPushService",
            "cn.jpush.android.service.PushService",
            "com.android.inputmethod.pinyin.PinyinDecoderService",
            "com.baidu.location.f",
            "com.getui.gtc.GtcService",
            "com.heytap.msp.push.service.CompatibleDataMessageCallbackService",
            "com.heytap.msp.push.service.DataMessageCallbackService",
            "com.huawei.agconnect.core.ServiceDiscovery",
            "com.huawei.hms.support.api.push.service.HmsMsgService",
            "com.igexin.sdk.GService",
            "com.igexin.sdk.GTIntentService",
            "com.igexin.sdk.PushService",
            "com.kwad.sdk.api.proxy.app.DownloadService",
            "com.kwad.sdk.api.proxy.app.FileDownloadService$SeparateProcessService",
            "com.kwad.sdk.api.proxy.app.FileDownloadService$SharedMainProcessService",
            "com.kwad.sdk.api.proxy.app.ServiceProxyRemote",
            "com.kwai.koom.javaoom.monitor.analysis.HeapAnalysisService",
            "com.ledong.lib.leto.main.LetoService",
            "com.ledong.lib.leto.service.LetoDownloadService",
            "com.mgc.leto.game.base.remote.HostApiService",
            "com.mgc.leto.game.base.service.LetoAdDownloadService",
            "com.q.m.QS",
            "com.qq.e.comm.DownloadService",
            "com.ss.android.socialbase.appdownloader.DownloadHandlerService",
            "com.ss.android.socialbase.appdownloader.RetryJobSchedulerService",
            "com.ss.android.socialbase.downloader.downloader.DownloadService",
            "com.ss.android.socialbase.downloader.downloader.IndependentProcessDownloadService",
            "com.ss.android.socialbase.downloader.downloader.SqlDownloadCacheService",
            "com.ss.android.socialbase.downloader.impls.DownloadHandleService",
            "com.ss.android.socialbase.downloader.notification.DownloadNotificationService",
            "com.taobao.uc.service.GpuProcessService0",
            "com.taobao.uc.service.SandboxedPrivilegedProcessService0",
            "com.taobao.uc.service.SandboxedProcessService0",
            "com.tencent.qqmini.sdk.server.AppMainService",
            "com.tencent.smtt.export.external.DexClassLoaderProviderService",
            "com.vivo.push.sdk.service.CommandClientService",
            "com.xiaomi.mipush.sdk.MessageHandleService",
            "com.xiaomi.mipush.sdk.PushMessageHandler",
            "com.xiaomi.push.service.XMJobService",
            "com.xiaomi.push.service.XMPushService",
            "com.ximalaya.android.liteapp.process.messaging.client.LiteProcessService",
            "com.ximalaya.android.liteapp.process.messaging.client.LiteProcessService1",
            "com.ximalaya.android.liteapp.process.messaging.client.LiteProcessService2",
            "com.ximalaya.android.liteapp.process.messaging.client.LiteProcessService3",
            "com.ximalaya.android.liteapp.process.messaging.client.LiteProcessService4",
            "com.ximalaya.android.liteapp.process.messaging.client.LiteProcessService5",
            "com.ximalaya.android.liteapp.process.messaging.service.LiteMessengerService",
            "com.ximalaya.ting.android.car.ccsdl.SdlService",
            "com.ximalaya.ting.android.car.hicar.huawei.HiCarMediaService",
            "com.ximalaya.ting.android.framework.service.DownloadService",
            "com.ximalaya.ting.android.host.AssistService",
            "com.ximalaya.ting.android.host.XiMaLaYaService",
            "com.ximalaya.ting.android.host.car.hicar.HiCarService",
            "com.ximalaya.ting.android.host.manager.bundleframework.BundleManager.XMPatchResultService",
            "com.ximalaya.ting.android.host.manager.bundleframework.BundleManager.XMPatchService",
            "com.ximalaya.ting.android.host.service.DeviceIntentService",
            "com.ximalaya.ting.android.host.service.DownFileService",
            "com.ximalaya.ting.android.host.service.UpdateService",
            "com.ximalaya.ting.android.host.service.XiaoaiControllService",
            "com.ximalaya.ting.android.host.service.XmRecorderKeepService",
            "com.ximalaya.ting.android.mm.internal.analyzer.XmLeakAnalysisService",
            "com.ximalaya.ting.android.myclub.ForegroundNotificationService",
            "com.ximalaya.ting.android.opensdk.player.service.SustainedListenService",
            "com.ximalaya.ting.android.opensdk.player.service.XmPlayerService",
            "com.ximalaya.ting.android.packetcapture.vpn.processparse.PortHostService",
            "com.ximalaya.ting.android.packetcapture.vpn.service.FirewallVpnService",
            "com.ximalaya.ting.android.smartdevice.service.DmcUpnpService",
            "com.ximalaya.ting.android.voicewake.service.VoiceWakeService",
            "com.ximalaya.ting.android.watchdog.WatchDogService",
            "com.ximalaya.ting.android.xmpushservice.UserAuthenticatorService",
            "com.ximalaya.ting.android.xmpushservice.getui.XmGeTuiIntentService",
            "com.ximalaya.ting.android.xmpushservice.getui.XmGeTuiPushService",
            "com.ximalaya.ting.android.xmpushservice.getui.XmGeTuiRegisterThirdTokenService",
            "com.ximalaya.ting.android.xmpushservice.jpush.XMJCommonService",
            "com.ximalaya.ting.android.xmpushservice.jpush.XMJPushMessageReceiver"
        ],
        "receivers": [
            "cn.jpush.android.asus.AsusPushMessageReceiver",
            "cn.jpush.android.service.AlarmReceiver",
            "cn.jpush.android.service.PluginVivoMessageReceiver",
            "cn.jpush.android.service.PluginXiaomiPlatformsReceiver",
            "cn.jpush.android.service.PushReceiver",
            "cn.jpush.android.service.SchedulerReceiver",
            "com.huawei.hms.support.api.push.PushMsgReceiver",
            "com.huawei.hms.support.api.push.PushReceiver",
            "com.maplehaze.adsdk.WebViewActivity$DownloadReceiver",
            "com.maplehaze.adsdk.comm.NotificationBroadcastReceiver",
            "com.ss.android.downloadlib.core.download.DownloadReceiver",
            "com.tencent.qqmini.minigame.receiver.AppBrandMainReceiver1",
            "com.tencent.qqmini.minigame.receiver.AppBrandMainReceiver2",
            "com.tencent.qqmini.minigame.receiver.AppBrandMainReceiver3",
            "com.tencent.qqmini.sdk.receiver.InternalAppBrandMainReceiver",
            "com.xiaomi.push.service.receivers.PingReceiver",
            "com.ximalaya.ting.android.adsdk.broadcast.XmAdBroadCast",
            "com.ximalaya.ting.android.host.appwidget.HonorCardAudioBookWidget4x2",
            "com.ximalaya.ting.android.host.appwidget.HonorCardBrandCardWidget2x2",
            "com.ximalaya.ting.android.host.appwidget.HonorCardBrandCardWidget4x2",
            "com.ximalaya.ting.android.host.appwidget.HonorCardCrossTalkWidget4x2",
            "com.ximalaya.ting.android.host.appwidget.HonorCardFlatContentWidget2x2",
            "com.ximalaya.ting.android.host.appwidget.HonorCardFlatContentWidget4x2",
            "com.ximalaya.ting.android.host.appwidget.HonorCardHotNewsWidget4x2",
            "com.ximalaya.ting.android.host.manager.freeListen.ListenTaskPushClickReceiver",
            "com.ximalaya.ting.android.host.receiver.AlarmReceiverNew",
            "com.ximalaya.ting.android.host.receiver.ElderCareAssociateReceiver",
            "com.ximalaya.ting.android.host.receiver.GameStateChangeReceiver",
            "com.ximalaya.ting.android.host.widget.HistoryWidgetProvider4x2",
            "com.ximalaya.ting.android.host.widget.SearchWidgetProvider4x1",
            "com.ximalaya.ting.android.host.widget.SignInWidgetProvider2x2",
            "com.ximalaya.ting.android.host.widget.SubscribeWidgetProvider2x2",
            "com.ximalaya.ting.android.host.widget.SubscribeWidgetProvider4x2",
            "com.ximalaya.ting.android.host.widget.XmWidgetAddReceiver",
            "com.ximalaya.ting.android.opensdk.player.appwidget.DailyNewsWidgetProvider4x2",
            "com.ximalaya.ting.android.opensdk.player.appwidget.PlayBoxWidgetProvider2x2",
            "com.ximalaya.ting.android.opensdk.player.appwidget.PlayBoxWidgetProvider4x2",
            "com.ximalaya.ting.android.opensdk.player.appwidget.WidgetProvider",
            "com.ximalaya.ting.android.opensdk.player.receive.PlayerReceiver",
            "com.ximalaya.ting.android.opensdk.player.receive.WireControlReceiver",
            "com.ximalaya.ting.android.opensdk.push.PushNotificationDeleteReceiver",
            "com.ximalaya.ting.android.opensdk.push.PushNotificationReceiver",
            "com.ximalaya.ting.android.remotelog.LogReceiver",
            "com.ximalaya.ting.android.xmpushservice.DelegatePushReceiver",
            "com.ximalaya.ting.android.xmpushservice.jpush.XMJPushWakedResultReceiver"
        ]
    }
}