{
    "apk_name": "30F6E447F1989118547727D0123D948F21A939A2A8325E9E70226929789AE0E4",
    "sha256": "30f6e447f1989118547727d0123d948f21a939a2a8325e9e70226929789ae0e4",
    "metadata": {
        "package_name": "de.kellnertelecom.kellnertelecom",
        "version_code": "73",
        "version_name": "8.3",
        "min_sdk": "25",
        "target_sdk": "35",
        "permissions": [
            "android.permission.ACCESS_COARSE_LOCATION",
            "android.permission.ACCESS_FINE_LOCATION",
            "android.permission.ACCESS_MEDIA_LOCATION",
            "android.permission.ACCESS_NETWORK_STATE",
            "android.permission.ACCESS_WIFI_STATE",
            "android.permission.CAMERA",
            "android.permission.FOREGROUND_SERVICE",
            "android.permission.FOREGROUND_SERVICE_DATA_SYNC",
            "android.permission.GET_ACCOUNTS",
            "android.permission.INTERNET",
            "android.permission.NFC",
            "android.permission.POST_NOTIFICATIONS",
            "android.permission.READ_MEDIA_AUDIO",
            "android.permission.RECEIVE_BOOT_COMPLETED",
            "android.permission.RUN_USER_INITIATED_JOBS",
            "android.permission.WAKE_LOCK",
            "android.permission.WRITE_EXTERNAL_STORAGE",
            "com.google.android.c2dm.permission.RECEIVE",
            "com.google.android.providers.gsf.permission.READ_GSERVICES",
            "de.kellnertelecom.kellnertelecom.permission.C2D_MESSAGE",
            "de.kellnertelecom.kellnertelecom.permission.MAPS_RECEIVE"
        ],
        "activities": [
            "com.google.android.gms.common.api.GoogleApiActivity",
            "crc64aec81fd21968c75b.AppLinksActivity",
            "crc64aec81fd21968c75b.BarcodeCaptureActivity",
            "crc64aec81fd21968c75b.DetailActivity",
            "crc64aec81fd21968c75b.FilterActivity",
            "crc64aec81fd21968c75b.FormActivity",
            "crc64aec81fd21968c75b.FormEntryPrintActivity",
            "crc64aec81fd21968c75b.HistoryActivity",
            "crc64aec81fd21968c75b.IconBoardActivity",
            "crc64aec81fd21968c75b.ImageCaptureActivity",
            "crc64aec81fd21968c75b.ImageCropActivity",
            "crc64aec81fd21968c75b.ImageDisplayActivity",
            "crc64aec81fd21968c75b.ListingActivity",
            "crc64aec81fd21968c75b.LoginActivity",
            "crc64aec81fd21968c75b.MapCaptureActivity",
            "crc64aec81fd21968c75b.MapDisplayActivity",
            "crc64aec81fd21968c75b.MappingActivity",
            "crc64aec81fd21968c75b.SavedEntriesActivity",
            "crc64aec81fd21968c75b.SettingsActivity",
            "crc64aec81fd21968c75b.SketchCaptureActivity",
            "crc64aec81fd21968c75b.StartupActivity",
            "crc64aec81fd21968c75b.TaskDetailsActivity",
            "crc64aec81fd21968c75b.TaskFilesActivity",
            "crc64aec81fd21968c75b.TasksActivity",
            "crc64aec81fd21968c75b.WebDisplayActivity"
        ],
        "services": [
            "androidx.room.MultiInstanceInvalidationService",
            "androidx.work.impl.background.systemalarm.SystemAlarmService",
            "androidx.work.impl.background.systemjob.SystemJobService",
            "androidx.work.impl.foreground.SystemForegroundService",
            "com.appn.backgrounduploader.uploaders.UploadJobService",
            "com.google.android.datatransport.runtime.backends.TransportBackendDiscovery",
            "com.google.android.datatransport.runtime.scheduling.jobscheduling.JobInfoSchedulerService",
            "com.google.firebase.components.ComponentDiscoveryService",
            "com.google.firebase.messaging.FirebaseMessagingService",
            "crc64396a3fe5f8138e3f.KeepAliveService",
            "crc647efc32a77441f1f2.AndroidDownloadJobService",
            "crc647efc32a77441f1f2.AndroidDownloadService",
            "crc647efc32a77441f1f2.AndroidUploadJobService",
            "crc647efc32a77441f1f2.AndroidUploadService",
            "crc647efc32a77441f1f2.FirebaseIIDService",
            "crc647efc32a77441f1f2.FirebaseMService"
        ],
        "receivers": [
            "androidx.work.impl.background.systemalarm.ConstraintProxy$BatteryChargingProxy",
            "androidx.work.impl.background.systemalarm.ConstraintProxy$BatteryNotLowProxy",
            "androidx.work.impl.background.systemalarm.ConstraintProxy$NetworkStateProxy",
            "androidx.work.impl.background.systemalarm.ConstraintProxy$StorageNotLowProxy",
            "androidx.work.impl.background.systemalarm.ConstraintProxyUpdateReceiver",
            "androidx.work.impl.background.systemalarm.RescheduleReceiver",
            "androidx.work.impl.diagnostics.DiagnosticsReceiver",
            "androidx.work.impl.utils.ForceStopRunnable$BroadcastReceiver",
            "com.google.android.datatransport.runtime.scheduling.jobscheduling.AlarmManagerSchedulerBroadcastReceiver",
            "com.google.firebase.iid.FirebaseInstanceIdInternalReceiver",
            "com.google.firebase.iid.FirebaseInstanceIdReceiver"
        ]
    },
    "stats": {
        "dex_count": 1,
        "native_lib_count": 620
    },
    "jadx": {
        "status": "ok",
        "duration_sec": 23.97,
        "sources_present": true,
        "java_file_count": 4698
    },
    "ast_analysis": {
        "location": 12,
        "microphone": 0,
        "camera": 4,
        "media_projection": 0,
        "dynamic_load": 0,
        "jni": 6
    },
    "analysis_state": "complete"
}