{
    "java_files": [
        "a/auu/a.java",
        "com/youdao/translator/R.java",
        "com/netease/nis/wrapper/l.java",
        "com/netease/nis/wrapper/g.java",
        "com/netease/nis/wrapper/d.java",
        "com/netease/nis/wrapper/Utils.java",
        "com/netease/nis/wrapper/k.java",
        "com/netease/nis/wrapper/b.java",
        "com/netease/nis/wrapper/NEDialog.java",
        "com/netease/nis/wrapper/MyApplication.java",
        "com/netease/nis/wrapper/a.java",
        "com/netease/nis/wrapper/e.java",
        "com/netease/nis/wrapper/f.java",
        "com/netease/nis/wrapper/c.java",
        "com/netease/nis/wrapper/MyJni.java",
        "com/netease/nis/wrapper/m.java",
        "com/netease/nis/wrapper/j.java",
        "com/netease/nis/wrapper/Entry.java",
        "com/netease/nis/wrapper/h.java",
        "com/netease/nis/wrapper/i.java",
        "com/netease/nis/wrapper/plugin/g.java",
        "com/netease/nis/wrapper/plugin/d.java",
        "com/netease/nis/wrapper/plugin/InstrumentationProxy.java",
        "com/netease/nis/wrapper/plugin/b.java",
        "com/netease/nis/wrapper/plugin/a.java",
        "com/netease/nis/wrapper/plugin/e.java",
        "com/netease/nis/wrapper/plugin/f.java",
        "com/netease/nis/wrapper/plugin/c.java",
        "com/netease/nis/wrapper/plugin/h.java",
        "com/netease/nis/wrapper/plugin/i.java",
        "kotlin/coroutines/jvm/internal/DebugProbesKt.java",
        "androidx/core/app/CoreComponentFactory.java"
    ],
    "ast_hits_by_file": {
        "location": [],
        "microphone": [],
        "camera": [
            "com/netease/nis/wrapper/MyJni.java",
            "com/netease/nis/wrapper/MyJni.java",
            "com/netease/nis/wrapper/plugin/e.java"
        ],
        "media_projection": [],
        "dynamic_load": [],
        "jni": [
            "com/netease/nis/wrapper/l.java",
            "com/netease/nis/wrapper/l.java",
            "com/netease/nis/wrapper/plugin/a.java"
        ]
    },
    "native_libs": [
        "lib/armeabi-v7a/libBaiduSpeechSDK.so",
        "lib/armeabi-v7a/libCtaApiLib.so",
        "lib/armeabi-v7a/libEncoder.so",
        "lib/armeabi-v7a/libJniBitmapOperator.so",
        "lib/armeabi-v7a/libJniYuvOperator.so",
        "lib/armeabi-v7a/libMMASignature.so",
        "lib/armeabi-v7a/libMNN.so",
        "lib/armeabi-v7a/libNeteaseVad.so",
        "lib/armeabi-v7a/libOboeRecorder.so",
        "lib/armeabi-v7a/libapp.so",
        "lib/armeabi-v7a/libcourse-jni.so",
        "lib/armeabi-v7a/libcrashsdk.so",
        "lib/armeabi-v7a/libdictParser.so",
        "lib/armeabi-v7a/libflutter.so",
        "lib/armeabi-v7a/libgrowease.so",
        "lib/armeabi-v7a/libhigh-available.so",
        "lib/armeabi-v7a/libjpgd.so",
        "lib/armeabi-v7a/libjpge.so",
        "lib/armeabi-v7a/liblanguage_id_jni.so",
        "lib/armeabi-v7a/libmmkv.so",
        "lib/armeabi-v7a/libmsaoaidauth.so",
        "lib/armeabi-v7a/libmsaoaidsec.so",
        "lib/armeabi-v7a/libmsc.so",
        "lib/armeabi-v7a/libne_audio.so",
        "lib/armeabi-v7a/libnesdk.so",
        "lib/armeabi-v7a/libsharewind.so",
        "lib/armeabi-v7a/libtensorflow_inference.so",
        "lib/armeabi-v7a/libtraceroute.so",
        "lib/armeabi-v7a/libtrack.so",
        "lib/armeabi-v7a/libumeng-spy.so",
        "lib/armeabi-v7a/libursandroidcore.so",
        "lib/armeabi-v7a/libvad.dnn.so",
        "lib/armeabi-v7a/libweibosdkcore.so",
        "lib/armeabi-v7a/libyasr.so",
        "lib/armeabi-v7a/libycnn.so",
        "lib/armeabi-v7a/libynmt.so",
        "lib/armeabi-v7a/libyoudaoocr.so",
        "lib/armeabi-v7a/libnesec.so"
    ],
    "dex_files_count": 1,
    "exported_components": {
        "activities": [
            "androidx.compose.ui.tooling.PreviewActivity",
            "com.alipay.sdk.app.AlipayResultActivity",
            "com.alipay.sdk.app.H5AuthActivity",
            "com.alipay.sdk.app.H5PayActivity",
            "com.alipay.sdk.app.PayResultActivity",
            "com.google.android.gms.common.api.GoogleApiActivity",
            "com.huawei.hms.account.internal.ui.activity.AccountSignInHubActivity",
            "com.huawei.hms.activity.BridgeActivity",
            "com.huawei.hms.activity.EnableServiceActivity",
            "com.huawei.hms.hwid.internal.ui.activity.HwIdSignInHubActivity",
            "com.huawei.hms.support.api.push.TransActivity",
            "com.huawei.updatesdk.service.otaupdate.AppUpdateActivity",
            "com.huawei.updatesdk.support.pm.PackageInstallerActivity",
            "com.netease.loginapi.ursuiwidget.activity.WebviewActivity",
            "com.sina.weibo.sdk.share.ShareTransActivity",
            "com.sina.weibo.sdk.web.WebActivity",
            "com.tencent.connect.common.AssistActivity",
            "com.tencent.tauth.AuthActivity",
            "com.vivo.push.sdk.LinkProxyClientActivity",
            "com.xiaomi.mipush.sdk.NotificationClickedActivity",
            "com.youdao.dailysentence.activity.DailySentenceActivity",
            "com.youdao.dailysentence.activity.DailyShareActivity",
            "com.youdao.dict.dialogue.activity.DialogueActivity",
            "com.youdao.dict_flutter_android_bridge.WordBookClockInActivity",
            "com.youdao.dict_flutter_android_bridge.WordBookFlutterActivity",
            "com.youdao.dict_flutter_android_bridge.WordBookTransparentFlutterActivity",
            "com.youdao.dict_flutter_android_bridge.WordBookWebViewActivity",
            "com.youdao.dict_flutter_android_bridge.WordBookWebViewFullScreenActivity",
            "com.youdao.screenwordcapturing.service.ScreenCapturePermissionActivity",
            "com.youdao.sdk.common.YouDaoBrowser",
            "com.youdao.sdk.listvideo.YouDaoListVideoActivity",
            "com.youdao.sdk.nativeads.YouDaoInterstitialActivity",
            "com.youdao.sdk.video.YouDaoVideoActivity",
            "com.youdao.sharesdk.platform.qq.QQCallbackActivity",
            "com.youdao.sharesdk.platform.weibo.SinaCallbackActivity",
            "com.youdao.snapshotshare.SnapshotShareActivity",
            "com.youdao.support.permission.PermissionActivity",
            "com.youdao.translator.activity.CameraActivity",
            "com.youdao.translator.activity.CommonGuideActivity",
            "com.youdao.translator.activity.FeedbackWebViewActivity",
            "com.youdao.translator.activity.FollowReadActivity",
            "com.youdao.translator.activity.GuideActivity",
            "com.youdao.translator.activity.LanguageListActivity",
            "com.youdao.translator.activity.LaunchActivity",
            "com.youdao.translator.activity.NewMainActivity",
            "com.youdao.translator.activity.NotebookActivity",
            "com.youdao.translator.activity.OfflineDictDownloadActivity",
            "com.youdao.translator.activity.PicViewActivity",
            "com.youdao.translator.activity.PrivacyWebViewActivity",
            "com.youdao.translator.activity.SingleLanguageListActivity",
            "com.youdao.translator.activity.UserInfoActivity",
            "com.youdao.translator.activity.WebviewActivity",
            "com.youdao.translator.activity.ZhiXuanWebviewActivity",
            "com.youdao.translator.activity.login.LoginActivity",
            "com.youdao.translator.activity.login.LoginNetEaseActivity",
            "com.youdao.translator.activity.ocr.OCRResultActivity",
            "com.youdao.translator.activity.ocr.OcrTransActivity",
            "com.youdao.translator.activity.ocr.TextEditActivity",
            "com.youdao.translator.activity.proxy.SchemeProxyActivity",
            "com.youdao.translator.activity.setting.AboutActivity",
            "com.youdao.translator.activity.setting.ChooseDefaultBookActivity",
            "com.youdao.translator.activity.setting.CollectSettingActivity",
            "com.youdao.translator.activity.setting.NPSActivity",
            "com.youdao.translator.activity.setting.SettingActivity",
            "com.youdao.translator.activity.test.DevTestActivity",
            "com.youdao.translator.activity.test.TestConfigActivity",
            "com.youdao.translator.activity.trans.ClipboardTransActivity",
            "com.youdao.translator.activity.trans.EmotionTransActivity",
            "com.youdao.translator.activity.trans.FullScreenActivity",
            "com.youdao.translator.activity.trans.QuickTranslateActivity",
            "com.youdao.translator.activity.trans.SmsTransActivity",
            "com.youdao.translator.activity.trans.TransResultActivity",
            "com.youdao.translator.activity.youzan.YouzanBrowserActivity",
            "com.youdao.translator.dialog.AnimalGuideDialog",
            "com.youdao.translator.dialog.FloatWindowPermissionTipsDialog",
            "com.youdao.translator.dialog.OfflineVoiceDialog",
            "com.youdao.translator.usertag.DictUserInfoActivity",
            "com.youdao.translator.wordbook.WordBookDelegateActivity",
            "com.youdao.translator.wxapi.WXEntryActivity",
            "com.youdao.webtrans.WebTransActivity",
            "com.youdao.webtrans.WebTransClipTipActivity",
            "com.youdao.ydaccount.activity.ThirdPartyWebLoginActivity",
            "com.youdao.ydaccount.activity.YDWXEntryActivity",
            "com.youdao.ydaccount.share.ShareLoginActivity",
            "com.youdao.ydaccountshare.wxapi.BaseWXEntryActivity",
            "com.youdao.ydaccountshare.yxapi.BaseYXEntryActivity",
            "com.youdao.ydcropper.CropImageActivity",
            "com.youdao.yddocumenttranslate.activity.DocHistoryActivity",
            "com.youdao.yddocumenttranslate.activity.DocResultActivity",
            "com.youdao.yddocumenttranslate.activity.DocTransActivity",
            "com.youdao.yddocumenttranslate.activity.DocWebActivity",
            "com.youdao.ydpush.huawei.HuaweiPushReceiveActivity",
            "com.youdao.ydpush.oppo.OppoLoadActivity",
            "com.youdao.ydsimultaneous.SimultaneousActivity",
            "com.youdao.ydsimultaneous.SimultaneousLiveCreateActivity"
        ],
        "services": [
            "androidx.room.MultiInstanceInvalidationService",
            "com.baidu.speech.VoiceRecognitionService",
            "com.google.firebase.components.ComponentDiscoveryService",
            "com.heytap.msp.push.service.CompatibleDataMessageCallbackService",
            "com.heytap.msp.push.service.DataMessageCallbackService",
            "com.huawei.agconnect.core.ServiceDiscovery",
            "com.huawei.hms.support.api.push.service.HmsMsgService",
            "com.liulishuo.filedownloader.services.FileDownloadService$SeparateProcessService",
            "com.liulishuo.filedownloader.services.FileDownloadService$SharedMainProcessService",
            "com.netease.nimlib.job.NIMJobService",
            "com.netease.nimlib.service.NimService",
            "com.netease.nimlib.service.NimService$Aux",
            "com.netease.nimlib.service.ResponseService",
            "com.vivo.push.sdk.service.CommandClientService",
            "com.xiaomi.mipush.sdk.MessageHandleService",
            "com.xiaomi.mipush.sdk.PushMessageHandler",
            "com.xiaomi.push.service.XMJobService",
            "com.xiaomi.push.service.XMPushService",
            "com.youdao.downloadprovider.service.DownloadService",
            "com.youdao.sdk.common.YouDaoAppService",
            "com.youdao.translator.service.ClipboardWatcher",
            "com.youdao.translator.service.FloatWindowService",
            "com.youdao.translator.service.QuickTranslateService",
            "com.youdao.yddocumenttranslate.service.DocTransService",
            "com.youdao.ydpush.huawei.HuaweiMessageService"
        ],
        "receivers": [
            "androidx.profileinstaller.ProfileInstallReceiver",
            "com.google.firebase.iid.FirebaseInstanceIdReceiver",
            "com.huawei.hms.support.api.push.PushMsgReceiver",
            "com.huawei.hms.support.api.push.PushReceiver",
            "com.netease.nimlib.service.NimReceiver",
            "com.netease.nimlib.service.ResponseReceiver",
            "com.xiaomi.push.service.receivers.NetworkStatusReceiver",
            "com.xiaomi.push.service.receivers.PingReceiver",
            "com.youdao.dnscache.net.networktype.NetworkStateReceiver",
            "com.youdao.downloadprovider.receiver.DownloadReceiver",
            "com.youdao.translator.push.PushReceiver",
            "com.youdao.translator.receiver.AppInstalledReceiver",
            "com.youdao.translator.receiver.NotificationControlReceiver",
            "com.youdao.ydbundlemanager.AppsReadyReceiver",
            "com.youdao.ydpush.miui.XiaomiPushReceiver",
            "com.youdao.ydpush.vivo.VivoPushReceiver",
            "com.youdao.ydwordbook.WordbookReceiver"
        ]
    }
}