{
    "apk_name": "A9C66F67E9BBE8178B60D7AB328235AB7CBFAC336143DA444B1D77B0E51D3F32",
    "sha256": "a9c66f67e9bbe8178b60d7ab328235ab7cbfac336143da444b1d77b0e51d3f32",
    "metadata": {
        "package_name": "com.formeld.ngerecords",
        "version_code": "8789",
        "version_name": "3.12.1.4",
        "min_sdk": "21",
        "target_sdk": "31",
        "permissions": [
            "android.permission.ACCESS_COARSE_LOCATION",
            "android.permission.ACCESS_FINE_LOCATION",
            "android.permission.ACCESS_NETWORK_STATE",
            "android.permission.ACCESS_WIFI_STATE",
            "android.permission.BIND_APPWIDGET",
            "android.permission.CAMERA",
            "android.permission.FLASHLIGHT",
            "android.permission.INTERNET",
            "android.permission.NFC",
            "android.permission.READ_EXTERNAL_STORAGE",
            "android.permission.VIBRATE",
            "android.permission.WAKE_LOCK",
            "android.permission.WRITE_EXTERNAL_STORAGE",
            "com.samsung.android.providers.context.permission.WRITE_USE_APP_FEATURE_SURVEY"
        ],
        "activities": [
            "crc64348ac3a44d005a41.ScanActivity",
            "crc6454656971fbebf664.MainActivity",
            "crc6454656971fbebf664.SplashActivity",
            "crc646957603ea1820544.MediaPickerActivity"
        ],
        "services": [],
        "receivers": [
            "crc643f46942d9dd1fff9.PowerSaveModeBroadcastReceiver",
            "crc64cea48322b3427ae9.ConnectivityChangeBroadcastReceiver"
        ]
    },
    "stats": {
        "dex_count": 1,
        "native_lib_count": 32
    },
    "jadx": {
        "status": "ok",
        "duration_sec": 13.53,
        "sources_present": true,
        "java_file_count": 1852
    },
    "ast_analysis": {
        "location": 0,
        "microphone": 0,
        "camera": 8,
        "media_projection": 0,
        "dynamic_load": 0,
        "jni": 7
    },
    "analysis_state": "complete"
}