{
    "apk_name": "6F3F2E5B860A2EF45F77834AE3F1903693990DCCE430F7D4CD1974E8D4C79E2A",
    "sha256": "6f3f2e5b860a2ef45f77834ae3f1903693990dcce430f7d4cd1974e8d4c79e2a",
    "metadata": {
        "package_name": "kr.com.wink",
        "version_code": "20230406",
        "version_name": "1.1.25",
        "min_sdk": "16",
        "target_sdk": "31",
        "permissions": [
            "android.permission.ACCESS_COARSE_LOCATION",
            "android.permission.ACCESS_FINE_LOCATION",
            "android.permission.ACCESS_NETWORK_STATE",
            "android.permission.ACCESS_WIFI_STATE",
            "android.permission.BOOT_COMPLETED",
            "android.permission.CALL_PHONE",
            "android.permission.CAMERA",
            "android.permission.CHANGE_NETWORK_STATE",
            "android.permission.CHANGE_WIFI_STATE",
            "android.permission.DELETE_PACKAGES",
            "android.permission.FOREGROUND_SERVICE",
            "android.permission.GET_ACCOUNTS",
            "android.permission.GET_TASKS",
            "android.permission.INSTALL_PACKAGES",
            "android.permission.INTERNET",
            "android.permission.MANAGE_DOCUMENTS",
            "android.permission.QUERY_ALL_PACKAGES",
            "android.permission.READ_EXTERNAL_STORAGE",
            "android.permission.READ_LOGS",
            "android.permission.READ_PHONE_NUMBERS",
            "android.permission.READ_PHONE_STATE",
            "android.permission.RECEIVE_BOOT_COMPLETED",
            "android.permission.REQUEST_DELETE_PACKAGES",
            "android.permission.RESTART_PACKAGES",
            "android.permission.SYSTEM_ALERT_WINDOW",
            "android.permission.USE_BIOMETRIC",
            "android.permission.USE_FINGERPRINT",
            "android.permission.VIBRATE",
            "android.permission.WAKE_LOCK",
            "android.permission.WRITE_EXTERNAL_STORAGE",
            "com.google.android.c2dm.permission.RECEIVE",
            "com.samsung.android.camera.iris.permission.USE_IRIS",
            "com.samsung.android.pass.permissions.MANAGE_PASS_SERVICE",
            "com.samsung.android.pass.permissions.USE_FINGERPRINT",
            "com.samsung.android.pass.permissions.USE_PASS_SERVICE",
            "com.samsung.android.providers.context.permission.WRITE_USE_APP_FEATURE_SURVEY",
            "com.sec.android.fido.uaf.asm.permissions.FIDO_UAF_ASM",
            "kr.com.wink.BroadcastPermission",
            "kr.com.wink.permission.C2D_MESSAGE",
            "org.fidoalliance.uaf.permissions.FIDO_CLIENT"
        ],
        "activities": [
            "com.google.android.gms.common.api.GoogleApiActivity",
            "com.kyobo.android.corelib.tedpermission.TedPermissionActivity",
            "com.kyobo.android.mainlib.PushNotiActivity",
            "com.kyobo.android.mainlib.SmartBaseActivity",
            "com.kyobo.android.mainlib.ocr.CameraPreviewActivity",
            "com.kyobo.android.mainlib.pdf.PdfViewActivity",
            "com.kyobo.android.mainlib.vaccine.ScanActivity",
            "com.kyobo.android.mainlib.view.widget.WidgetConfigure",
            "com.nshc.nfilter.NFilterChar",
            "com.nshc.nfilter.NFilterNum",
            "com.signkorea.certmanager.BillActivity"
        ],
        "services": [
            "com.google.android.datatransport.runtime.backends.TransportBackendDiscovery",
            "com.google.android.datatransport.runtime.scheduling.jobscheduling.JobInfoSchedulerService",
            "com.google.firebase.components.ComponentDiscoveryService",
            "com.google.firebase.messaging.FirebaseMessagingService",
            "com.h2osystech.smartalimi.servicealimi.MessageManager",
            "com.h2osystech.smartalimi.servicealimi.SyncJobService",
            "com.h2osystech.smartalimi.servicealimi.fcm.FCMListenerServiceHandler",
            "com.kyobo.android.mainlib.FIDOService",
            "com.kyobo.android.mainlib.vaccine.RealtimeScanningService",
            "com.kyobo.android.mainlib.view.widget.WidgetListService",
            "com.kyobo.android.mainlib.view.widget.WidgetService",
            "com.stealien.product.appsuit.appsuitextendcore.NLService"
        ],
        "receivers": [
            "com.google.android.datatransport.runtime.scheduling.jobscheduling.AlarmManagerSchedulerBroadcastReceiver",
            "com.google.firebase.iid.FirebaseInstanceIdReceiver",
            "com.h2osystech.smartalimi.servicealimi.NetworkStatusReceiver",
            "com.h2osystech.smartalimi.servicealimi.RestartReceiver",
            "com.kyobo.android.corelib.net.session.NetStateReceiver",
            "com.kyobo.android.mainlib.PushReceiver",
            "com.kyobo.android.mainlib.vaccine.RealtimeScanningReceiver",
            "com.kyobo.android.mainlib.view.widget.Widget2x1Provider",
            "com.kyobo.android.mainlib.view.widget.Widget3x1Provider"
        ],
        "permission_details": {
            "android.permission.ACCESS_COARSE_LOCATION": "dangerous",
            "android.permission.ACCESS_FINE_LOCATION": "dangerous",
            "android.permission.ACCESS_NETWORK_STATE": "normal",
            "android.permission.ACCESS_WIFI_STATE": "normal",
            "android.permission.BOOT_COMPLETED": "unknown",
            "android.permission.CALL_PHONE": "dangerous",
            "android.permission.CAMERA": "dangerous",
            "android.permission.CHANGE_NETWORK_STATE": "normal",
            "android.permission.CHANGE_WIFI_STATE": "normal",
            "android.permission.DELETE_PACKAGES": "unlaballed",
            "android.permission.FOREGROUND_SERVICE": "normal",
            "android.permission.GET_ACCOUNTS": "dangerous",
            "android.permission.GET_TASKS": "unlaballed",
            "android.permission.INSTALL_PACKAGES": "unlaballed",
            "android.permission.INTERNET": "normal",
            "android.permission.MANAGE_DOCUMENTS": "unlaballed",
            "android.permission.QUERY_ALL_PACKAGES": "normal",
            "android.permission.READ_EXTERNAL_STORAGE": "dangerous",
            "android.permission.READ_LOGS": "unlaballed",
            "android.permission.READ_PHONE_NUMBERS": "dangerous",
            "android.permission.READ_PHONE_STATE": "dangerous",
            "android.permission.RECEIVE_BOOT_COMPLETED": "normal",
            "android.permission.REQUEST_DELETE_PACKAGES": "normal",
            "android.permission.RESTART_PACKAGES": "unlaballed",
            "android.permission.SYSTEM_ALERT_WINDOW": "signature",
            "android.permission.USE_BIOMETRIC": "normal",
            "android.permission.USE_FINGERPRINT": "normal",
            "android.permission.VIBRATE": "normal",
            "android.permission.WAKE_LOCK": "normal",
            "android.permission.WRITE_EXTERNAL_STORAGE": "dangerous",
            "com.google.android.c2dm.permission.RECEIVE": "unknown",
            "com.samsung.android.camera.iris.permission.USE_IRIS": "unknown",
            "com.samsung.android.pass.permissions.MANAGE_PASS_SERVICE": "unknown",
            "com.samsung.android.pass.permissions.USE_FINGERPRINT": "normal",
            "com.samsung.android.pass.permissions.USE_PASS_SERVICE": "unknown",
            "com.samsung.android.providers.context.permission.WRITE_USE_APP_FEATURE_SURVEY": "unknown",
            "com.sec.android.fido.uaf.asm.permissions.FIDO_UAF_ASM": "unknown",
            "kr.com.wink.BroadcastPermission": "unknown",
            "kr.com.wink.permission.C2D_MESSAGE": "unknown",
            "org.fidoalliance.uaf.permissions.FIDO_CLIENT": "unknown"
        },
        "risk_counts": {
            "dangerous": 9,
            "normal": 14,
            "unknown": 10,
            "unlaballed": 6,
            "signature": 1
        }
    },
    "stats": {
        "dex_count": 2,
        "native_lib_count": 96
    },
    "jadx": {
        "status": "ok",
        "duration_sec": 39.55,
        "sources_present": true,
        "java_file_count": 7059
    },
    "ast_analysis": {
        "location": 0,
        "microphone": 0,
        "camera": 59,
        "media_projection": 0,
        "dynamic_load": 0,
        "jni": 35
    },
    "analysis_state": "complete"
}