{
    "apk_name": "311BD630A701223225A8405201CC01CC2EC03DAFBBFB5EDBD8A85FD64D7C3499",
    "sha256": "311bd630a701223225a8405201cc01cc2ec03dafbbfb5edbd8a85fd64d7c3499",
    "metadata": {
        "package_name": "com.envoy.app",
        "version_code": "228",
        "version_name": "4.40.0",
        "min_sdk": "24",
        "target_sdk": "31",
        "permissions": [
            "android.permission.ACCESS_BACKGROUND_LOCATION",
            "android.permission.ACCESS_COARSE_LOCATION",
            "android.permission.ACCESS_FINE_LOCATION",
            "android.permission.ACCESS_NETWORK_STATE",
            "android.permission.ACCESS_WIFI_STATE",
            "android.permission.BLUETOOTH",
            "android.permission.BLUETOOTH_ADMIN",
            "android.permission.BLUETOOTH_CONNECT",
            "android.permission.BLUETOOTH_SCAN",
            "android.permission.CAMERA",
            "android.permission.FOREGROUND_SERVICE",
            "android.permission.INTERNET",
            "android.permission.POST_NOTIFICATIONS",
            "android.permission.READ_EXTERNAL_STORAGE",
            "android.permission.READ_PHONE_STATE",
            "android.permission.RECEIVE_BOOT_COMPLETED",
            "android.permission.WAKE_LOCK",
            "android.permission.WRITE_EXTERNAL_STORAGE",
            "com.envoy.app.DYNAMIC_RECEIVER_NOT_EXPORTED_PERMISSION",
            "com.google.android.c2dm.permission.RECEIVE",
            "com.google.android.finsky.permission.BIND_GET_INSTALL_REFERRER_SERVICE",
            "com.google.android.gms.permission.AD_ID"
        ],
        "activities": [
            "com.canhub.cropper.CropImageActivity",
            "com.envoy.app.account.AuthenticatorActivity",
            "com.envoy.app.ui.screens.debug.DebugMenuActivity",
            "com.envoy.app.ui.screens.debug.QrCodeActivity",
            "com.envoy.app.ui.screens.deliveries.DeliveriesActivity",
            "com.envoy.app.ui.screens.deliveries.activities.carrierpicker.CarrierPickerActivity",
            "com.envoy.app.ui.screens.deliveries.activities.deliveryareapicker.DeliveryAreaPickerActivity",
            "com.envoy.app.ui.screens.deliveries.activities.deliverynotes.EditDeliveryNotesActivity",
            "com.envoy.app.ui.screens.deliveries.activities.editdelivery.EditDeliveryActivity",
            "com.envoy.app.ui.screens.directory.activities.DirectoryActivity",
            "com.envoy.app.ui.screens.doors.DoorListActivity",
            "com.envoy.app.ui.screens.envoy.EnvoyActivity",
            "com.envoy.app.ui.screens.home.activities.card.CardActivity",
            "com.envoy.app.ui.screens.info.DefaultInfoActivity",
            "com.envoy.app.ui.screens.locationpicker.LocationPickerActivity",
            "com.envoy.app.ui.screens.onboarding.OnboardingActivity",
            "com.envoy.app.ui.screens.permission.autosignin.activities.AutoSignInActivity",
            "com.envoy.app.ui.screens.permission.permission.activities.PermissionActivity",
            "com.envoy.app.ui.screens.photo.PhotoActivity",
            "com.envoy.app.ui.screens.profile.activities.account.ManageAccountsActivity",
            "com.envoy.app.ui.screens.profile.activities.host.HostNotificationsActivity",
            "com.envoy.app.ui.screens.profile.activities.stamp.StampActivity",
            "com.envoy.app.ui.screens.profile.activities.user.ChangeUserInfoActivity",
            "com.envoy.app.ui.screens.report.ReportActivity",
            "com.envoy.app.ui.screens.room.RoomActivity",
            "com.envoy.app.ui.screens.scan.DeliveryScanActivity",
            "com.envoy.app.ui.screens.userdocument.UserDocumentActivity",
            "com.envoy.app.ui.screens.visitor.VisitorActivity",
            "com.envoy.app.ui.screens.visitor.activities.invitevisitor.InviteVisitorActivity",
            "com.envoy.app.ui.screens.web.WebActivity",
            "com.google.android.gms.common.api.GoogleApiActivity",
            "com.google.android.play.core.common.PlayCoreDialogWrapperActivity",
            "com.google.android.play.core.missingsplits.PlayCoreMissingSplitsActivity",
            "com.instabug.bug.view.reporting.ReportingContainerActivity",
            "com.instabug.chat.ui.ChatActivity",
            "com.instabug.featuresrequest.ui.FeaturesRequestActivity",
            "com.instabug.library.internal.video.RequestPermissionActivity",
            "com.instabug.library.invocation.invocationdialog.InstabugDialogActivity",
            "com.instabug.library.ui.onboarding.OnboardingActivity",
            "com.instabug.survey.announcements.ui.activity.AnnouncementActivity",
            "com.instabug.survey.ui.SurveyActivity",
            "com.jakewharton.processphoenix.ProcessPhoenix"
        ],
        "services": [
            "androidx.camera.core.impl.MetadataHolderService",
            "androidx.room.MultiInstanceInvalidationService",
            "androidx.work.impl.background.systemalarm.SystemAlarmService",
            "androidx.work.impl.background.systemjob.SystemJobService",
            "androidx.work.impl.foreground.SystemForegroundService",
            "com.envoy.app.account.EnvoyAuthenticatorService",
            "com.envoy.app.push.EnvoyFcmService",
            "com.envoy.app.services.EnvoyDoorsService",
            "com.envoy.app.services.EnvoySignInService",
            "com.google.android.datatransport.runtime.backends.TransportBackendDiscovery",
            "com.google.android.datatransport.runtime.scheduling.jobscheduling.JobInfoSchedulerService",
            "com.google.android.gms.measurement.AppMeasurementJobService",
            "com.google.android.gms.measurement.AppMeasurementService",
            "com.google.android.play.core.assetpacks.AssetPackExtractionService",
            "com.google.android.play.core.assetpacks.ExtractionForegroundService",
            "com.google.firebase.components.ComponentDiscoveryService",
            "com.google.firebase.messaging.FirebaseMessagingService",
            "com.google.mlkit.common.internal.MlKitComponentDiscoveryService",
            "com.instabug.library.internal.video.ScreenRecordingService",
            "com.instabug.library.screenshot.ScreenshotCaptureService",
            "com.instabug.terminations.TerminationsDetectorService",
            "org.altbeacon.beacon.BeaconIntentProcessor",
            "org.altbeacon.beacon.service.BeaconService",
            "org.altbeacon.beacon.service.ScanJob",
            "org.altbeacon.bluetooth.BluetoothTestJob"
        ],
        "receivers": [
            "androidx.profileinstaller.ProfileInstallReceiver",
            "androidx.work.impl.background.systemalarm.ConstraintProxy$BatteryChargingProxy",
            "androidx.work.impl.background.systemalarm.ConstraintProxy$BatteryNotLowProxy",
            "androidx.work.impl.background.systemalarm.ConstraintProxy$NetworkStateProxy",
            "androidx.work.impl.background.systemalarm.ConstraintProxy$StorageNotLowProxy",
            "androidx.work.impl.background.systemalarm.ConstraintProxyUpdateReceiver",
            "androidx.work.impl.background.systemalarm.RescheduleReceiver",
            "androidx.work.impl.diagnostics.DiagnosticsReceiver",
            "androidx.work.impl.utils.ForceStopRunnable$BroadcastReceiver",
            "com.envoy.app.geofence.GeofenceBroadcastReceiver",
            "com.google.android.datatransport.runtime.scheduling.jobscheduling.AlarmManagerSchedulerBroadcastReceiver",
            "com.google.android.gms.measurement.AppMeasurementReceiver",
            "com.google.firebase.iid.FirebaseInstanceIdReceiver",
            "org.altbeacon.beacon.startup.StartupBroadcastReceiver"
        ]
    },
    "stats": {
        "dex_count": 5,
        "native_lib_count": 16
    },
    "jadx": {
        "status": "ok",
        "duration_sec": 50.03,
        "sources_present": true,
        "java_file_count": 14905
    },
    "ast_analysis": {
        "location": 8,
        "microphone": 1,
        "camera": 25,
        "media_projection": 4,
        "dynamic_load": 0,
        "jni": 8
    },
    "analysis_state": "complete"
}