{
    "apk_name": "BE0F31B138B75B8A17DEA5E741ACA421F85418FB25A41540F685612ABB5E8546",
    "sha256": "be0f31b138b75b8a17dea5e741aca421f85418fb25a41540f685612abb5e8546",
    "metadata": {
        "package_name": "air.com.musycom.scaleslite",
        "version_code": "1000014",
        "version_name": "1.0.14",
        "min_sdk": "16",
        "target_sdk": "31",
        "permissions": [
            "android.permission.ACCESS_NETWORK_STATE",
            "android.permission.INTERNET",
            "android.permission.WAKE_LOCK"
        ],
        "activities": [
            "air.com.musycom.scaleslite.AppEntry",
            "com.google.android.gms.ads.AdActivity"
        ],
        "services": [
            "androidx.room.MultiInstanceInvalidationService",
            "androidx.work.impl.background.systemalarm.SystemAlarmService",
            "androidx.work.impl.background.systemjob.SystemJobService",
            "com.google.android.gms.ads.AdService"
        ],
        "receivers": [
            "androidx.work.impl.background.systemalarm.ConstraintProxy$BatteryChargingProxy",
            "androidx.work.impl.background.systemalarm.ConstraintProxy$BatteryNotLowProxy",
            "androidx.work.impl.background.systemalarm.ConstraintProxy$NetworkStateProxy",
            "androidx.work.impl.background.systemalarm.ConstraintProxy$StorageNotLowProxy",
            "androidx.work.impl.background.systemalarm.ConstraintProxyUpdateReceiver",
            "androidx.work.impl.background.systemalarm.RescheduleReceiver",
            "androidx.work.impl.utils.ForceStopRunnable$BroadcastReceiver"
        ],
        "permission_details": {
            "android.permission.ACCESS_NETWORK_STATE": "normal",
            "android.permission.INTERNET": "normal",
            "android.permission.WAKE_LOCK": "normal"
        },
        "risk_counts": {
            "normal": 3
        }
    },
    "stats": {
        "dex_count": 2,
        "native_lib_count": 4
    },
    "jadx": {
        "status": "ok",
        "duration_sec": 32.36,
        "sources_present": true,
        "java_file_count": 8000
    },
    "ast_analysis": {
        "location": 2,
        "microphone": 1,
        "camera": 17,
        "media_projection": 0,
        "dynamic_load": 0,
        "jni": 2
    },
    "analysis_state": "complete"
}