{
    "apk_name": "8B09A10A5C2A2CCD197400060E650AFC05ADF840C46FDBA9D8C94D377180F170",
    "sha256": "8b09a10a5c2a2ccd197400060e650afc05adf840c46fdba9d8c94d377180f170",
    "metadata": {
        "package_name": "com.spotify.music",
        "version_code": "14682711",
        "version_name": "6.3.0.882",
        "min_sdk": "15",
        "target_sdk": "23",
        "permissions": [
            "android.permission.ACCESS_NETWORK_STATE",
            "android.permission.ACCESS_WIFI_STATE",
            "android.permission.BLUETOOTH",
            "android.permission.BLUETOOTH_ADMIN",
            "android.permission.BROADCAST_STICKY",
            "android.permission.CHANGE_WIFI_MULTICAST_STATE",
            "android.permission.GET_ACCOUNTS",
            "android.permission.INTERNET",
            "android.permission.MANAGE_ACCOUNTS",
            "android.permission.MODIFY_AUDIO_SETTINGS",
            "android.permission.NFC",
            "android.permission.READ_EXTERNAL_STORAGE",
            "android.permission.READ_PHONE_STATE",
            "android.permission.USE_CREDENTIALS",
            "android.permission.WAKE_LOCK",
            "android.permission.WRITE_EXTERNAL_STORAGE",
            "com.android.vending.BILLING",
            "com.google.android.c2dm.permission.RECEIVE",
            "com.sony.snei.np.android.account.provider.permission.DUID_READ_PROVIDER",
            "com.spotify.music.permission.C2D_MESSAGE",
            "com.spotify.music.permission.INTERNAL_BROADCAST",
            "com.spotify.music.permission.SECURED_BROADCAST"
        ],
        "activities": [
            "com.facebook.CustomTabActivity",
            "com.facebook.FacebookActivity",
            "com.google.android.gms.ads.AdActivity",
            "com.google.android.gms.ads.purchase.InAppPurchaseActivity",
            "com.mixpanel.android.surveys.SurveyActivity",
            "com.sony.snei.np.android.account.oauth.BrowserRedirectReceiverActivity",
            "com.spotify.mobile.android.arsenal.ArsenalActivity",
            "com.spotify.mobile.android.arsenal.ArsenalSSOBrowserActivity",
            "com.spotify.mobile.android.connect.PlayServicesAvailabilityActivity",
            "com.spotify.mobile.android.service.LoginActivity",
            "com.spotify.mobile.android.service.ResetPasswordActivity",
            "com.spotify.mobile.android.service.flow.signup.confirmation.UserDetailsConfirmationActivity",
            "com.spotify.mobile.android.spotlets.ads.BannerAdActivity",
            "com.spotify.mobile.android.spotlets.ads.PromotedTrackModalActivity",
            "com.spotify.mobile.android.spotlets.ads.products.sponsoredsessions.SponsoredSessionAdActivity",
            "com.spotify.mobile.android.spotlets.appprotocol.authenticator.AccountsActivity",
            "com.spotify.mobile.android.spotlets.common.webview.SpotifyWebViewActivity",
            "com.spotify.mobile.android.spotlets.drivingmode.DrivingActivity",
            "com.spotify.mobile.android.spotlets.localfiles.activity.LocalFilesImportActivity",
            "com.spotify.mobile.android.spotlets.openaccess.OpenAccessActivity",
            "com.spotify.mobile.android.spotlets.party.PartySelectFriendsActivity",
            "com.spotify.mobile.android.spotlets.party.PartySetupActivity",
            "com.spotify.mobile.android.spotlets.party.mixify.MixifyActivity",
            "com.spotify.mobile.android.spotlets.player.queue.EditablePlayQueueActivity",
            "com.spotify.mobile.android.spotlets.player.v2.NowPlayingActivity",
            "com.spotify.mobile.android.spotlets.playlist.activity.AddToPlaylistActivity",
            "com.spotify.mobile.android.spotlets.playlist.activity.AnnotateDiscardChangesActivity",
            "com.spotify.mobile.android.spotlets.playlist.activity.AnnotatePlaylistActivity",
            "com.spotify.mobile.android.spotlets.playlist.activity.CreateRenamePlaylistActivity",
            "com.spotify.mobile.android.spotlets.running.auto.TempoDetectionActivity",
            "com.spotify.mobile.android.spotlets.running.manual.ManualTempoActivity",
            "com.spotify.mobile.android.spotlets.running.partners.RunningPartnerUpsellActivity",
            "com.spotify.mobile.android.spotlets.share.MessengerComposeActivity",
            "com.spotify.mobile.android.spotlets.share.MessengerShareActivity",
            "com.spotify.mobile.android.spotlets.share.PostActivity",
            "com.spotify.mobile.android.spotlets.suggestedtweet.SuggestedTweetActivity",
            "com.spotify.mobile.android.spotlets.videoplayer.FullscreenVideoActivity",
            "com.spotify.mobile.android.sso.AuthFlowLoginActivity",
            "com.spotify.mobile.android.sso.AuthorizationActivity",
            "com.spotify.mobile.android.ui.activity.AppRaterActivity",
            "com.spotify.mobile.android.ui.activity.CellularSyncDialogActivity",
            "com.spotify.mobile.android.ui.activity.ConfirmDeletionActivity",
            "com.spotify.mobile.android.ui.activity.CoverImageActivity",
            "com.spotify.mobile.android.ui.activity.DeleteCacheAndSettingsActivity",
            "com.spotify.mobile.android.ui.activity.DeleteCacheAndSettingsConfirmationActivity",
            "com.spotify.mobile.android.ui.activity.DeviceActivity",
            "com.spotify.mobile.android.ui.activity.DeviceMenuActivity",
            "com.spotify.mobile.android.ui.activity.DisableOfflineModeActivity",
            "com.spotify.mobile.android.ui.activity.DiskAlmostFullActivity",
            "com.spotify.mobile.android.ui.activity.FacebookPlaceholderActivity",
            "com.spotify.mobile.android.ui.activity.FacebookWebPermissionsActivity",
            "com.spotify.mobile.android.ui.activity.LastFmLoginDialog",
            "com.spotify.mobile.android.ui.activity.LockScreenActivity",
            "com.spotify.mobile.android.ui.activity.NielsenOcrSettingsActivity",
            "com.spotify.mobile.android.ui.activity.NotificationWebViewActivity",
            "com.spotify.mobile.android.ui.activity.OfflineSyncErrorActivity",
            "com.spotify.mobile.android.ui.activity.PermissionsActivity",
            "com.spotify.mobile.android.ui.activity.PermissionsRequestActivity",
            "com.spotify.mobile.android.ui.activity.PlayerActivity",
            "com.spotify.mobile.android.ui.activity.RemoteEducationalActivity",
            "com.spotify.mobile.android.ui.activity.RemoteOnboardingActivity",
            "com.spotify.mobile.android.ui.activity.RemotePlaybackActivity",
            "com.spotify.mobile.android.ui.activity.RemoveAllEpisodesActivity",
            "com.spotify.mobile.android.ui.activity.ShareActivity",
            "com.spotify.mobile.android.ui.activity.ShareToSpotifyActivity",
            "com.spotify.mobile.android.ui.activity.SoundEffectsWarningActivity",
            "com.spotify.mobile.android.ui.activity.TosTextActivity",
            "com.spotify.mobile.android.ui.activity.UpdateActivity",
            "com.spotify.mobile.android.ui.activity.UpdateNagActivity",
            "com.spotify.mobile.android.ui.activity.VolumeWidgetActivity",
            "com.spotify.mobile.android.ui.activity.dialog.PremiumUpsellInterstitialActivity",
            "com.spotify.mobile.android.ui.activity.dialog.TrialReminderActivity",
            "com.spotify.mobile.android.ui.activity.dialog.trialactivation.TrialActivationActivity",
            "com.spotify.mobile.android.ui.activity.dialog.trialstarted.PortraitFullScreenLocalVideoActivity",
            "com.spotify.mobile.android.ui.activity.dialog.trialstarted.TrialStartedActivity",
            "com.spotify.mobile.android.ui.activity.dynamicupsell.DynamicUpsellDialogActivity",
            "com.spotify.mobile.android.ui.activity.upsell.MarketingOptInActivity",
            "com.spotify.mobile.android.ui.activity.upsell.PremiumSignupActivity",
            "com.spotify.mobile.android.ui.activity.upsell.consumables.ConfirmConsumablePurchaseActivity",
            "com.spotify.mobile.android.ui.activity.upsell.consumables.ConsumablePurchaseFailedActivity",
            "com.spotify.mobile.android.ui.activity.upsell.premiumdestination.PremiumInAppDestinationActivity",
            "com.spotify.mobile.android.util.FragmentTesterActivity",
            "com.spotify.music.MainActivity",
            "com.spotify.music.spotlets.churnlockedstate.ChurnLockedStateActivity",
            "com.spotify.music.spotlets.networkoperatorpremiumactivation.PremiumActivationOptInDialog",
            "com.spotify.music.spotlets.nft.OfflineCellularUpsellActivity",
            "com.spotify.music.spotlets.onboarding.mft.ShufflePlayOverlayActivity",
            "com.spotify.music.spotlets.onboarding.premium.tutorials.view.TutorialsActivity",
            "com.spotify.music.spotlets.onboarding.taste.TasteActivity",
            "com.spotify.music.spotlets.onboarding.taste.TasteToolbarActivity",
            "com.spotify.music.spotlets.storage.MoveCacheConfirmationActivity",
            "com.spotify.music.spotlets.tos.TermsOfServiceChangedActivity",
            "io.intercom.android.sdk.activities.MainActivity",
            "io.intercom.android.sdk.activities.TestActivity",
            "io.intercom.android.sdk.attachments.AttachmentActivity",
            "io.intercom.android.sdk.conversation.lightbox.LightboxActivity"
        ],
        "services": [
            "com.google.android.gms.analytics.CampaignTrackingService",
            "com.spotify.mobile.android.service.BluetoothLoggingService",
            "com.spotify.mobile.android.service.DeviceIdentifierLoggerIntentService",
            "com.spotify.mobile.android.service.SpotifyService",
            "com.spotify.mobile.android.service.feature.FeatureService",
            "com.spotify.mobile.android.service.flow.signup.confirmation.FacebookUserConfirmationIntentService",
            "com.spotify.mobile.android.service.gcm.DelegatingInstanceIDListenerService",
            "com.spotify.mobile.android.service.googlenow.GoogleNowService",
            "com.spotify.mobile.android.service.media.MediaService",
            "com.spotify.mobile.android.service.notifications.SocialErrorNotifier",
            "com.spotify.mobile.android.service.session.SessionStateService",
            "com.spotify.mobile.android.spotlets.airbiquity.AirbiquityService",
            "com.spotify.mobile.android.spotlets.androidauto.SpotifyMediaBrowserService",
            "com.spotify.mobile.android.spotlets.appprotocol.service.AppProtocolBluetoothService",
            "com.spotify.mobile.android.spotlets.appprotocol.service.AppProtocolRemoteService",
            "com.spotify.mobile.android.spotlets.bmw.service.BmwService",
            "com.spotify.mobile.android.spotlets.bundling.placebo.BannerEventService",
            "com.spotify.mobile.android.spotlets.bundling.placebo.PlaceboBannerService",
            "com.spotify.mobile.android.spotlets.collection.service.AnnotateService",
            "com.spotify.mobile.android.spotlets.collection.service.CollectionService",
            "com.spotify.mobile.android.spotlets.party.bluetooth.NearbyAdvertiserService",
            "com.spotify.mobile.android.spotlets.party.bluetooth.NearbyScanningService",
            "com.spotify.mobile.android.spotlets.playlist.service.PlaylistService",
            "com.spotify.mobile.android.spotlets.recentlyplayed.RecentlyPlayedService",
            "com.spotify.mobile.android.spotlets.running.partners.RunningPartnerService",
            "com.spotify.mobile.android.spotlets.running.service.RunningService",
            "com.spotify.mobile.android.spotlets.running.steptracker.StepTrackerService",
            "com.spotify.mobile.android.spotlets.show.service.PlayedStateService",
            "com.spotify.mobile.android.spotlets.smartdevicelink.service.SmartDeviceLinkService",
            "com.spotify.mobile.android.spotlets.waze.WazeService",
            "com.spotify.mobile.android.ui.activity.dynamicupsell.DynamicUpsellDataStoreControlService",
            "com.spotify.mobile.android.ui.activity.dynamicupsell.DynamicUpsellLoggerService",
            "com.spotify.mobile.android.ui.activity.dynamicupsell.services.OnDemandAudioService",
            "com.spotify.mobile.android.ui.activity.upsell.PremiumActivationService",
            "com.spotify.mobile.android.ui.activity.upsell.UpsellService",
            "com.spotify.mobile.android.util.tracking.TrackingService",
            "com.spotify.mobile.android.wear.WearableCommunicationService",
            "com.spotify.music.internal.service.DeleteCacheService",
            "com.spotify.music.spotlets.networkoperatorpremiumactivation.service.PartnerActivationService",
            "com.spotify.music.spotlets.offline.service.OfflineService",
            "com.spotify.music.spotlets.radio.service.RadioActionsService",
            "com.spotify.music.spotlets.situationalcontent.loggers.activityrecognition.ActivityRecognitionIntentService",
            "com.spotify.music.spotlets.storage.CacheMovingIntentService",
            "com.spotify.music.spotlets.tracker.intercom.IntercomService",
            "io.intercom.android.sdk.gcm.GcmIntentService"
        ],
        "receivers": [
            "com.google.android.gms.measurement.AppMeasurementReceiver",
            "com.iterable.iterableapi.IterablePushOpenReceiver",
            "com.iterable.iterableapi.IterablePushReceiver",
            "com.spotify.mobile.android.service.BluetoothServiceManager",
            "com.spotify.mobile.android.spotlets.airbiquity.AirbiquityBroadcastReceiver",
            "com.spotify.mobile.android.spotlets.bmw.registration.ConnectedReceiver",
            "com.spotify.mobile.android.spotlets.bmw.registration.DisconnectedReceiver",
            "com.spotify.mobile.android.spotlets.collection.receiver.ConnectionStateChangedReceiver",
            "com.spotify.mobile.android.spotlets.share.util.ShareResultReceiver",
            "com.spotify.mobile.android.ui.activity.upsell.PremiumActivationNotificationStyleStrategy$NotificationsIntentReceiver",
            "com.spotify.music.internal.receiver.LoggerReceiver",
            "com.spotify.music.internal.receiver.MediaButtonReceiver",
            "com.spotify.music.spotlets.gcm.GcmBroadcastReceiver",
            "com.spotify.music.spotlets.optintrial.TrialAlarmBroadcastReceiver",
            "com.spotify.music.spotlets.tracker.InstallReferrerReceiver",
            "com.spotify.music.spotlets.widget.SpotifyWidget",
            "io.intercom.android.sdk.gcm.GcmBroadcastReceiver"
        ],
        "permission_details": {
            "android.permission.ACCESS_NETWORK_STATE": "normal",
            "android.permission.ACCESS_WIFI_STATE": "normal",
            "android.permission.BLUETOOTH": "normal",
            "android.permission.BLUETOOTH_ADMIN": "normal",
            "android.permission.BROADCAST_STICKY": "normal",
            "android.permission.CHANGE_WIFI_MULTICAST_STATE": "normal",
            "android.permission.GET_ACCOUNTS": "dangerous",
            "android.permission.INTERNET": "normal",
            "android.permission.MANAGE_ACCOUNTS": "unknown",
            "android.permission.MODIFY_AUDIO_SETTINGS": "normal",
            "android.permission.NFC": "normal",
            "android.permission.READ_EXTERNAL_STORAGE": "dangerous",
            "android.permission.READ_PHONE_STATE": "dangerous",
            "android.permission.USE_CREDENTIALS": "unknown",
            "android.permission.WAKE_LOCK": "normal",
            "android.permission.WRITE_EXTERNAL_STORAGE": "dangerous",
            "com.android.vending.BILLING": "unknown",
            "com.google.android.c2dm.permission.RECEIVE": "unknown",
            "com.sony.snei.np.android.account.provider.permission.DUID_READ_PROVIDER": "unknown",
            "com.spotify.music.permission.C2D_MESSAGE": "unknown",
            "com.spotify.music.permission.INTERNAL_BROADCAST": "unknown",
            "com.spotify.music.permission.SECURED_BROADCAST": "unknown"
        },
        "risk_counts": {
            "normal": 10,
            "dangerous": 4,
            "unknown": 8
        }
    },
    "stats": {
        "dex_count": 2,
        "native_lib_count": 3
    },
    "jadx": {
        "status": "ok",
        "duration_sec": 34.94,
        "sources_present": true,
        "java_file_count": 11520
    },
    "ast_analysis": {
        "location": 10,
        "microphone": 0,
        "camera": 11,
        "media_projection": 0,
        "dynamic_load": 0,
        "jni": 4
    },
    "analysis_state": "complete",
    "behavioral_structural_data": {
        "api_inventory": {
            "camera": 0,
            "microphone": 0,
            "location": 1,
            "torch": 0,
            "telephony_ops": 0,
            "system_commands": 1,
            "webview_interop": 14,
            "content_access": 19,
            "audio_control": 5,
            "vibration": 0,
            "network_io": 12,
            "scheduling_apis": 96,
            "dynamic_code": 168
        },
        "execution_context": {
            "in_service": 0,
            "in_receiver": 0,
            "in_activity": 0,
            "in_provider": 0,
            "unknown": 316
        },
        "scheduling_mechanisms": {
            "alarm_manager": 4,
            "handler_loop": 92,
            "job_scheduler": 0
        },
        "trigger_types": {
            "auto_triggered": 12,
            "user_triggered": 4
        },
        "dynamic_features": {
            "jni_usage": 2,
            "dynamic_loading": 2,
            "reflection": 166
        }
    }
}