{
    "apk_name": "571467164D4AFFDCDA66DD90A43B352A65824E937C612247058F8B87771BC1D2",
    "sha256": "571467164d4affdcda66dd90a43b352a65824e937c612247058f8b87771bc1d2",
    "metadata": {
        "package_name": "com.agilx.hornady",
        "version_code": "1022",
        "version_name": "2025.1013.1022",
        "min_sdk": "21",
        "target_sdk": "35",
        "permissions": [
            "android.permission.ACCESS_COARSE_LOCATION",
            "android.permission.ACCESS_FINE_LOCATION",
            "android.permission.ACCESS_NETWORK_STATE",
            "android.permission.ACCESS_WIFI_STATE",
            "android.permission.BLUETOOTH",
            "android.permission.BLUETOOTH_ADMIN",
            "android.permission.BLUETOOTH_ADVERTISE",
            "android.permission.BLUETOOTH_CONNECT",
            "android.permission.BLUETOOTH_SCAN",
            "android.permission.CAMERA",
            "android.permission.GET_ACCOUNTS",
            "android.permission.GET_TASKS",
            "android.permission.INTERNET",
            "android.permission.POST_NOTIFICATIONS",
            "android.permission.READ_EXTERNAL_STORAGE",
            "android.permission.READ_MEDIA_IMAGES",
            "android.permission.VIBRATE",
            "android.permission.WAKE_LOCK",
            "android.permission.WRITE_EXTERNAL_STORAGE",
            "com.agilx.hornady.DYNAMIC_RECEIVER_NOT_EXPORTED_PERMISSION",
            "com.android.vending.BILLING",
            "com.google.android.c2dm.permission.RECEIVE"
        ],
        "activities": [
            "com.android.billingclient.api.ProxyBillingActivity",
            "com.canhub.cropper.CropImageActivity",
            "com.google.android.gms.common.api.GoogleApiActivity",
            "crc6407cb91325d24ceef.CalculateAxialFormFactorActivity",
            "crc6428ddfa386e5ed206.AmmoActivity",
            "crc6428ddfa386e5ed206.FourDofHud2Activity",
            "crc6428ddfa386e5ed206.ShootingAngleActivity",
            "crc643266ec968c13edfb.ImpactLocationActivity",
            "crc643a19bfada2c40e5e.ParameterToggleActivity",
            "crc644195dc68b31cb0cc.ListSelectionActivity",
            "crc644310057f2ce52adb.ImpactLocationCameraActivity",
            "crc644310057f2ce52adb.ImpactLocationRotateActivity",
            "crc644aad7a45d96152a0.ShareFavoriteActivity",
            "crc6468b6408a11370c2f.WebAuthenticatorIntermediateActivity",
            "crc646957603ea1820544.MediaPickerActivity",
            "crc6476a2a9916227f488.ZeroAngleActivity",
            "crc647751b34e3076de8b.AcceptActivity",
            "crc64806bf65a60556bb4.ChooseCalculatorActivity",
            "crc6488b333e751f824ca.SelectBulletActivity",
            "crc648bcac6b52e91a4df.SaveResultsActivity",
            "crc649cf32e2ac0de7e8d.AccountRequiredActivity",
            "crc649e52ba7a2b5c352a.HudPickerActivity",
            "crc64a8d4333c129c5d4e.CustomImpactLocationUnitsActivity",
            "crc64b1c2d1c300a3e222.CustomLoadActivity",
            "crc64b3969395db8260bc.AxialFormFactorTypeActivity",
            "crc64b8ee4e833d22ac1b.TargetDetailsActivity",
            "crc64ba438d8f48cf7e75.IntermediateActivity",
            "crc64be15f463c15d545e.CustomUnitsActivity",
            "crc64d46d6f8923a2ec38.RangeCardActivity",
            "crc64d47b04980809c3fa.CustomImpactUnitsActivity",
            "crc64de1f0bf504d87d22.EnumSelectionActivity",
            "crc64e88328371425f0d8.FavoritePickerActivity",
            "crc64e9652f080fc6a49b.RangeCardsActivity",
            "crc64eec4bbea80c979a9.ScanQrCodeActivity",
            "crc64f1b59a89dee9c0aa.SensitivityFactorActivity",
            "crc64f79b9f8e7e18012e.AxialFormFactorSelectionActivity",
            "crc64fd602bbe88b57267.AddEditFavoriteActivity",
            "crc64fd602bbe88b57267.AdvancedEditActivity",
            "crc64fd602bbe88b57267.AzimuthOfFireActivity",
            "crc64fd602bbe88b57267.BaseActivity",
            "crc64fd602bbe88b57267.EarthLatitudeActivity",
            "crc64fd602bbe88b57267.EditInputActivity",
            "crc64fd602bbe88b57267.FavoriteRifleParametersActivity",
            "crc64fd602bbe88b57267.LoginActivity",
            "crc64fd602bbe88b57267.MainActivity",
            "crc64fd602bbe88b57267.MovingTargetActivity",
            "crc64fd602bbe88b57267.NotificationsDetailsActivity",
            "crc64fd602bbe88b57267.NotificationsDetailsActivity_Offline",
            "crc64fd602bbe88b57267.OnboardingActivity",
            "crc64fd602bbe88b57267.RegisterActivity",
            "crc64fd602bbe88b57267.SetupDeviceActivity",
            "crc64fd602bbe88b57267.SplashActivity",
            "crc64fd602bbe88b57267.TargetDirectionActivity",
            "crc64fd602bbe88b57267.TargetHelpActivity",
            "crc64fd602bbe88b57267.TargetSpeedActivity",
            "crc64fd602bbe88b57267.ViewPhotosActivity",
            "crc64fd602bbe88b57267.ViewTableActivity",
            "crc64fd602bbe88b57267.WindAzimuthActivity",
            "crc64fd602bbe88b57267.WindDirectionActivity"
        ],
        "services": [
            "androidx.camera.core.impl.MetadataHolderService",
            "com.google.android.datatransport.runtime.backends.TransportBackendDiscovery",
            "com.google.android.datatransport.runtime.scheduling.jobscheduling.JobInfoSchedulerService",
            "com.google.firebase.components.ComponentDiscoveryService",
            "com.google.firebase.messaging.FirebaseMessagingService",
            "com.google.mlkit.common.internal.MlKitComponentDiscoveryService",
            "com.microsoft.windowsazure.messaging.notificationhubs.FirebaseReceiver"
        ],
        "receivers": [
            "androidx.profileinstaller.ProfileInstallReceiver",
            "com.google.android.datatransport.runtime.scheduling.jobscheduling.AlarmManagerSchedulerBroadcastReceiver",
            "com.google.firebase.iid.FirebaseInstanceIdReceiver",
            "crc640a8d9a12ddbf2cf2.BatteryBroadcastReceiver",
            "crc640a8d9a12ddbf2cf2.EnergySaverBroadcastReceiver",
            "crc64cea48322b3427ae9.ConnectivityChangeBroadcastReceiver",
            "crc64e53d2f592022988e.ConnectivityBroadcastReceiver",
            "crc64fd602bbe88b57267.PushNotificationBroadcastReceiver"
        ]
    },
    "stats": {
        "dex_count": 3,
        "native_lib_count": 400
    },
    "jadx": {
        "status": "ok",
        "duration_sec": 85.15,
        "sources_present": true,
        "java_file_count": 9756
    },
    "ast_analysis": {
        "location": 9,
        "microphone": 1,
        "camera": 31,
        "media_projection": 0,
        "dynamic_load": 0,
        "jni": 7
    },
    "analysis_state": "complete"
}