{
    "apk_name": "11D4E583A19AB8840226F416750F7EFB169B14707A720009F10C29DDD8BA9884",
    "sha256": "11d4e583a19ab8840226f416750f7efb169b14707a720009f10c29ddd8ba9884",
    "metadata": {
        "package_name": "ae.ac.hct.mobile.myhct",
        "version_code": "77",
        "version_name": "9.2.0",
        "min_sdk": "23",
        "target_sdk": "32",
        "permissions": [
            "android.permission.ACCESS_CHECKIN_PROPERTIES",
            "android.permission.ACCESS_COARSE_LOCATION",
            "android.permission.ACCESS_FINE_LOCATION",
            "android.permission.ACCESS_LOCATION_EXTRA_COMMANDS",
            "android.permission.ACCESS_MOCK_LOCATION",
            "android.permission.ACCESS_NETWORK_STATE",
            "android.permission.ACCESS_WIFI_STATE",
            "android.permission.CAMERA",
            "android.permission.FOREGROUND_SERVICE",
            "android.permission.INTERNET",
            "android.permission.LOCATION_HARDWARE",
            "android.permission.READ_APP_BADGE",
            "android.permission.READ_CALENDAR",
            "android.permission.READ_EXTERNAL_STORAGE",
            "android.permission.READ_PHONE_STATE",
            "android.permission.RECORD_AUDIO",
            "android.permission.USE_BIOMETRIC",
            "android.permission.USE_FINGERPRINT",
            "android.permission.WAKE_LOCK",
            "android.permission.WRITE_CALENDAR",
            "android.permission.WRITE_EXTERNAL_STORAGE",
            "com.anddoes.launcher.permission.UPDATE_COUNT",
            "com.google.android.c2dm.permission.RECEIVE",
            "com.google.android.finsky.permission.BIND_GET_INSTALL_REFERRER_SERVICE",
            "com.google.android.providers.gsf.permission.READ_GSERVICES",
            "com.htc.launcher.permission.READ_SETTINGS",
            "com.htc.launcher.permission.UPDATE_SHORTCUT",
            "com.huawei.android.launcher.permission.CHANGE_BADGE",
            "com.huawei.android.launcher.permission.READ_SETTINGS",
            "com.huawei.android.launcher.permission.WRITE_SETTINGS",
            "com.majeur.launcher.permission.UPDATE_BADGE",
            "com.oppo.launcher.permission.READ_SETTINGS",
            "com.oppo.launcher.permission.WRITE_SETTINGS",
            "com.samsung.android.providers.context.permission.WRITE_USE_APP_FEATURE_SURVEY",
            "com.sec.android.provider.badge.permission.READ",
            "com.sec.android.provider.badge.permission.WRITE",
            "com.sonyericsson.home.permission.BROADCAST_BADGE",
            "com.sonymobile.home.permission.PROVIDER_INSERT_BADGE",
            "me.everything.badger.permission.BADGE_COUNT_READ",
            "me.everything.badger.permission.BADGE_COUNT_WRITE"
        ],
        "activities": [
            "com.customerpulse.customerpulsesurvey.view.WebViewActivity",
            "com.google.android.gms.common.api.GoogleApiActivity",
            "com.google.android.play.core.common.PlayCoreDialogWrapperActivity",
            "com.google.android.play.core.missingsplits.PlayCoreMissingSplitsActivity",
            "com.loyaltio.happinessmeter.SurveyActivity",
            "crc64424a8adc5a1fbe28.FilePickerActivity",
            "crc646957603ea1820544.MediaPickerActivity",
            "crc6480997b3ef81bf9b2.ZxingActivity",
            "crc64a0e0a82d0db9a07d.IntermediateActivity",
            "crc64d9a07beee040924b.MainActivity"
        ],
        "services": [
            "com.google.android.datatransport.runtime.backends.TransportBackendDiscovery",
            "com.google.android.datatransport.runtime.scheduling.jobscheduling.JobInfoSchedulerService",
            "com.google.android.gms.measurement.AppMeasurementJobService",
            "com.google.android.gms.measurement.AppMeasurementService",
            "com.google.android.play.core.assetpacks.AssetPackExtractionService",
            "com.google.firebase.components.ComponentDiscoveryService",
            "com.google.firebase.iid.FirebaseInstanceIdService",
            "com.google.firebase.messaging.FirebaseMessagingService",
            "crc6494e14b9856016c30.PNFirebaseMessagingService"
        ],
        "receivers": [
            "com.google.android.datatransport.runtime.scheduling.jobscheduling.AlarmManagerSchedulerBroadcastReceiver",
            "com.google.android.gms.measurement.AppMeasurementReceiver",
            "com.google.firebase.iid.FirebaseInstanceIdReceiver",
            "crc641758e47582fc4d61.DownloadCompletedBroadcastReceiver",
            "crc643f46942d9dd1fff9.PowerSaveModeBroadcastReceiver",
            "crc6494e14b9856016c30.PushNotificationActionReceiver",
            "crc6494e14b9856016c30.PushNotificationDeletedReceiver"
        ],
        "permission_details": {
            "android.permission.ACCESS_CHECKIN_PROPERTIES": "unlaballed",
            "android.permission.ACCESS_COARSE_LOCATION": "dangerous",
            "android.permission.ACCESS_FINE_LOCATION": "dangerous",
            "android.permission.ACCESS_LOCATION_EXTRA_COMMANDS": "normal",
            "android.permission.ACCESS_MOCK_LOCATION": "unknown",
            "android.permission.ACCESS_NETWORK_STATE": "normal",
            "android.permission.ACCESS_WIFI_STATE": "normal",
            "android.permission.CAMERA": "dangerous",
            "android.permission.FOREGROUND_SERVICE": "normal",
            "android.permission.INTERNET": "normal",
            "android.permission.LOCATION_HARDWARE": "unlaballed",
            "android.permission.READ_APP_BADGE": "unknown",
            "android.permission.READ_CALENDAR": "dangerous",
            "android.permission.READ_EXTERNAL_STORAGE": "dangerous",
            "android.permission.READ_PHONE_STATE": "dangerous",
            "android.permission.RECORD_AUDIO": "dangerous",
            "android.permission.USE_BIOMETRIC": "normal",
            "android.permission.USE_FINGERPRINT": "normal",
            "android.permission.WAKE_LOCK": "normal",
            "android.permission.WRITE_CALENDAR": "dangerous",
            "android.permission.WRITE_EXTERNAL_STORAGE": "dangerous",
            "com.anddoes.launcher.permission.UPDATE_COUNT": "unknown",
            "com.google.android.c2dm.permission.RECEIVE": "unknown",
            "com.google.android.finsky.permission.BIND_GET_INSTALL_REFERRER_SERVICE": "unknown",
            "com.google.android.providers.gsf.permission.READ_GSERVICES": "unknown",
            "com.htc.launcher.permission.READ_SETTINGS": "unknown",
            "com.htc.launcher.permission.UPDATE_SHORTCUT": "unknown",
            "com.huawei.android.launcher.permission.CHANGE_BADGE": "unknown",
            "com.huawei.android.launcher.permission.READ_SETTINGS": "unknown",
            "com.huawei.android.launcher.permission.WRITE_SETTINGS": "signature",
            "com.majeur.launcher.permission.UPDATE_BADGE": "unknown",
            "com.oppo.launcher.permission.READ_SETTINGS": "unknown",
            "com.oppo.launcher.permission.WRITE_SETTINGS": "signature",
            "com.samsung.android.providers.context.permission.WRITE_USE_APP_FEATURE_SURVEY": "unknown",
            "com.sec.android.provider.badge.permission.READ": "unknown",
            "com.sec.android.provider.badge.permission.WRITE": "unknown",
            "com.sonyericsson.home.permission.BROADCAST_BADGE": "unknown",
            "com.sonymobile.home.permission.PROVIDER_INSERT_BADGE": "unknown",
            "me.everything.badger.permission.BADGE_COUNT_READ": "unknown",
            "me.everything.badger.permission.BADGE_COUNT_WRITE": "unknown"
        },
        "risk_counts": {
            "unlaballed": 2,
            "dangerous": 9,
            "normal": 8,
            "unknown": 19,
            "signature": 2
        }
    },
    "stats": {
        "dex_count": 2,
        "native_lib_count": 416
    },
    "jadx": {
        "status": "ok",
        "duration_sec": 25.14,
        "sources_present": true,
        "java_file_count": 5300
    },
    "ast_analysis": {
        "location": 0,
        "microphone": 0,
        "camera": 6,
        "media_projection": 0,
        "dynamic_load": 0,
        "jni": 7
    },
    "analysis_state": "complete"
}