{
    "apk_name": "B6770DD49E680269CC17F8BAE1E7E0C1DC1AE31CA6A2473B6E8C061E49FB813E",
    "sha256": "b6770dd49e680269cc17f8bae1e7e0c1dc1ae31ca6a2473b6e8c061e49fb813e",
    "metadata": {
        "package_name": "io.gitlab.derjosef.jigsaw",
        "version_code": "10002",
        "version_name": "1.0.0",
        "min_sdk": "21",
        "target_sdk": "34",
        "permissions": [],
        "activities": [
            "com.godot.game.GodotApp",
            "org.godotengine.godot.utils.ProcessPhoenix"
        ],
        "services": [
            "org.godotengine.godot.GodotDownloaderService"
        ],
        "receivers": [
            "androidx.profileinstaller.ProfileInstallReceiver"
        ],
        "permission_details": {},
        "risk_counts": {}
    },
    "stats": {
        "dex_count": 1,
        "native_lib_count": 2
    },
    "jadx": {
        "status": "ok",
        "duration_sec": 16.05,
        "sources_present": true,
        "java_file_count": 2048
    },
    "ast_analysis": {
        "location": 8,
        "microphone": 0,
        "camera": 4,
        "media_projection": 0,
        "dynamic_load": 0,
        "jni": 1
    },
    "analysis_state": "complete"
}