{
    "java_files": [
        "com/secneo/apkwrapper/b.java",
        "com/secneo/apkwrapper/H.java",
        "com/secneo/apkwrapper/AW.java",
        "com/secneo/apkwrapper/AP.java",
        "com/secneo/apkwrapper/a.java",
        "com/secneo/apkwrapper/CP.java",
        "com/icbc/im/R.java"
    ],
    "ast_hits_by_file": {
        "location": [],
        "microphone": [],
        "camera": [],
        "media_projection": [],
        "dynamic_load": [],
        "jni": [
            "com/secneo/apkwrapper/AW.java"
        ]
    },
    "native_libs": [
        "lib/armeabi/libAndroidBankCard.so",
        "lib/armeabi/libAndroidIDCard.so",
        "lib/armeabi/libAudioDecoder.so",
        "lib/armeabi/libAudioEffect.so",
        "lib/armeabi/libBaiduMapSDK_base_v4_3_1.so",
        "lib/armeabi/libBaiduMapSDK_base_v5_2_1.so",
        "lib/armeabi/libBaiduMapSDK_map_v4_3_1.so",
        "lib/armeabi/libBaiduMapSDK_map_v5_2_1.so",
        "lib/armeabi/libDeepNetV2.so",
        "lib/armeabi/libDenoise.so",
        "lib/armeabi/libEncrypt.so",
        "lib/armeabi/libInfosec4ICBC.so",
        "lib/armeabi/libPatcher.so",
        "lib/armeabi/lib_blink_so.so",
        "lib/armeabi/libamr-codec.so",
        "lib/armeabi/libaudio_conversion-jni.so",
        "lib/armeabi/libavrecoder.so",
        "lib/armeabi/libc++_shared.so",
        "lib/armeabi/libclientcore.so",
        "lib/armeabi/libcodec_ttt.so",
        "lib/armeabi/libcurl.so",
        "lib/armeabi/libcwAuth.so",
        "lib/armeabi/libcwAuthSdk.so",
        "lib/armeabi/libcwlive.so",
        "lib/armeabi/libdescodejni.so",
        "lib/armeabi/libenc.so",
        "lib/armeabi/libface_detect.so",
        "lib/armeabi/libfb.so",
        "lib/armeabi/libffmpeg.so",
        "lib/armeabi/libfolly_json.so",
        "lib/armeabi/libgifimage.so",
        "lib/armeabi/libglog.so",
        "lib/armeabi/libglog_init.so",
        "lib/armeabi/libgnustl_shared.so",
        "lib/armeabi/libicu_common.so",
        "lib/armeabi/libijkffmpeg.so",
        "lib/armeabi/libijkffmpeg_ttt.so",
        "lib/armeabi/libijkplayer.so",
        "lib/armeabi/libijkplayer_ttt.so",
        "lib/armeabi/libijksdl.so",
        "lib/armeabi/libijksdl_ttt.so",
        "lib/armeabi/libimagepipeline.so",
        "lib/armeabi/libimtools-jni.so",
        "lib/armeabi/libjniPdfium.so",
        "lib/armeabi/libjpegcompressjni.so",
        "lib/armeabi/libjpgt.so",
        "lib/armeabi/libjsc.so",
        "lib/armeabi/libjscexecutor.so",
        "lib/armeabi/libjsinspector.so",
        "lib/armeabi/liblept.so",
        "lib/armeabi/liblocSDK7a.so",
        "lib/armeabi/liblocSDK7b.so",
        "lib/armeabi/liblocal_ivw.so",
        "lib/armeabi/libmodft2.so",
        "lib/armeabi/libmodpdfium.so",
        "lib/armeabi/libmodpng.so",
        "lib/armeabi/libmsCrypto.so",
        "lib/armeabi/libmt_scylla.so",
        "lib/armeabi/libmyaudio_so.so",
        "lib/armeabi/libnative-imagetranscoder.so",
        "lib/armeabi/libnative-lib.so",
        "lib/armeabi/libnetsecsdk-4.1.2.so",
        "lib/armeabi/libnllvm1624013121.so",
        "lib/armeabi/libnllvm1624117532.so",
        "lib/armeabi/libopus.so",
        "lib/armeabi/libpermission-lib.so",
        "lib/armeabi/libpl_droidsonroids_gif.so",
        "lib/armeabi/libpngt.so",
        "lib/armeabi/libqualitycheck-jni.so",
        "lib/armeabi/libreactnativejni.so",
        "lib/armeabi/librecog.so",
        "lib/armeabi/librtmp.so",
        "lib/armeabi/libscreenrecorderrtmp.so",
        "lib/armeabi/libsm_encrypt.so",
        "lib/armeabi/libsqlcipher.so",
        "lib/armeabi/libssl.so",
        "lib/armeabi/libsusie-asvspoof-jni.so",
        "lib/armeabi/libswsoft_engine.so",
        "lib/armeabi/libtensorflowlite_jni.so",
        "lib/armeabi/libtess.so",
        "lib/armeabi/libtongdun.so",
        "lib/armeabi/libv6sdk.so",
        "lib/armeabi/libw_ivw.so",
        "lib/armeabi/libyoga.so",
        "lib/armeabi/libyuv_ttt.so",
        "lib/armeabi/libDexHelper.so",
        "lib/armeabi/libDexHelper-x86.so"
    ],
    "dex_files_count": 1,
    "exported_components": {
        "activities": [
            "com.alipay.sdk.app.AlipayResultActivity",
            "com.alipay.sdk.app.H5AuthActivity",
            "com.alipay.sdk.app.H5PayActivity",
            "com.alipay.sdk.app.PayResultActivity",
            "com.alipay.sdk.auth.AuthActivity",
            "com.detect.ui.AliveActivity",
            "com.ebdp.about.ui.AboutActivity",
            "com.ebdp.about.ui.ContactActivity",
            "com.ebdp.about.ui.WebViewActivity",
            "com.ebdp.qrcode.ui.result.AddressBookResultActivity",
            "com.ebdp.qrcode.ui.result.WifiResultActivity",
            "com.ebdp.scancardnum.ScanCardNumActivity",
            "com.ebdp.share.ui.ShareActivity",
            "com.example.phonecontactlib.EmptyMainActivity",
            "com.example.testavsdk.socialcircles.FullVideoPlayActivity",
            "com.example.testavsdk.socialcircles.PersonalTopicsActivity",
            "com.example.testavsdk.socialcircles.PlayVideoActivity",
            "com.example.testavsdk.socialcircles.PublishTopicActivity",
            "com.example.testavsdk.socialcircles.SocialContentItemActivity",
            "com.example.testavsdk.socialcircles.SocialFriendsActivity",
            "com.example.testavsdk.socialcircles.SocialFriendsDetailActivity",
            "com.example.testavsdk.socialcircles.SocialFriendsNotificationsActivity",
            "com.example.testavsdk.socialcircles.SocialFriendsShareMainfestActivity",
            "com.example.testavsdk.socialcircles.SocialGroupActivity",
            "com.example.testavsdk.socialcircles.SocialImageEditPagerActivity",
            "com.example.testavsdk.socialcircles.SocialLocationChooseActivity",
            "com.example.testavsdk.socialcircles.SocialMsgActivity",
            "com.example.testavsdk.socialcircles.SocialSendFailedActivity",
            "com.example.testavsdk.socialcircles.VideoHistoryActivity",
            "com.example.testavsdk.socialcircles.social.ImagePagerActivity",
            "com.example.testavsdk.socialcircles.social.PrivateListActivity",
            "com.example.testavsdk.socialcircles.social.ReportActivity",
            "com.example.testavsdk.socialcircles.social.SocialFriendActivity",
            "com.example.testavsdk.socialcircles.social.SocialReportOkActivity",
            "com.example.testavsdk.socialcircles.social.VideoPagerActivity",
            "com.facebook.react.devsupport.DevSettingsActivity",
            "com.feinno.cakecalllib.utils.activities.MaskActivity",
            "com.feinno.h5.H5MainActivity",
            "com.feinno.h5.ui.MineTemplateActivity",
            "com.feinno.h5.ui.SelectMusicActivity",
            "com.feinno.h5.ui.TemplateEditActivity",
            "com.feinno.h5.ui.TemplatePreviewActivity",
            "com.feinno.h5.ui.TemplateSelectedActivity",
            "com.feinno.h5.ui.TemplateShareActivity",
            "com.feinno.h5.view.cropview.CropImageActivity",
            "com.gmrz.appsdk.commlib.IntentHelperActivity",
            "com.huawei.hms.activity.BridgeActivity",
            "com.huawei.hms.activity.EnableServiceActivity",
            "com.huawei.updatesdk.service.otaupdate.AppUpdateActivity",
            "com.huawei.updatesdk.support.pm.PackageInstallerActivity",
            "com.icbc.QR.CaptureActivity",
            "com.icbc.QR.NewCaptureActivity",
            "com.icbc.QR.ShowActivity",
            "com.icbc.bas.face.acitivity.BASFaceActivity",
            "com.icbc.bscomponent.atom.ICBCWebViewForAtom",
            "com.icbc.bscomponent.atom.ICBCWebViewForAtomToExternal",
            "com.icbc.bscomponent.facerecognition.ICBCFaceDetectActivity",
            "com.icbc.bscomponent.rn.framework.ReactNativeSplitBundleRouterBuilderActivity",
            "com.icbc.bscomponent.unionlogin.ICBCWebViewForEmallB2C",
            "com.icbc.bscomponent.upload.MultiImageChooserActivity",
            "com.icbc.chat.activity.AlbumActivityForElife",
            "com.icbc.chat.activity.BalanceAdjustActivity",
            "com.icbc.chat.activity.ForwardSelectActivity",
            "com.icbc.chat.activity.ImageViewActivity",
            "com.icbc.chat.activity.MultiWebviewActivity",
            "com.icbc.chat.activity.WebViewActivity",
            "com.icbc.chat.activity.WebViewActivityForELife",
            "com.icbc.chat.activity.WebViewActivityForEMall",
            "com.icbc.chat.activity.WebviewAuthorActivity",
            "com.icbc.chat.activity.webviewtools.signature.WebSignatureActivity",
            "com.icbc.chat.activity.webviewtools.video.MakeVideoActivity",
            "com.icbc.component.SmsLoginNewLoginRealActivity",
            "com.icbc.component.UnionMiddlePageRealActivity",
            "com.icbc.component.face.ePassliveFaceActivity",
            "com.icbc.component.face.ePassliveFaceForProtectActivity",
            "com.icbc.component.fingerprint.CheckFingerprintActivity",
            "com.icbc.component.fingerprint.EpassCheckFingerprintActivity",
            "com.icbc.component.fingerprint.EpassOpenFingerprintActivity",
            "com.icbc.component.fingerprint.OpenFingerprintActivity",
            "com.icbc.component.gesture.EpassDrawGesturePassActivity",
            "com.icbc.component.gesture.EpassGesturePassActivity",
            "com.icbc.component.gesture.NoPerceptionGestureActivity",
            "com.icbc.component.golbalpass.GlobalPassActivity",
            "com.icbc.component.moment.MomentLoginAuthPage",
            "com.icbc.component.ocr.UI.SignatureActivity",
            "com.icbc.component.templatelogin.AuthorizedLoginActivity",
            "com.icbc.component.templatelogin.LoginNameOrCardActivity",
            "com.icbc.component.templatelogin.TemplateLoginActivity",
            "com.icbc.component.unionlogin.CommonNetErrorActivity",
            "com.icbc.component.unionlogin.InnerRelateSuccessActivity",
            "com.icbc.component.unionlogin.OauthFlagLogin",
            "com.icbc.component.unionlogin.OauthFlagVerify",
            "com.icbc.component.unionlogin.QuestionActivity",
            "com.icbc.component.unionlogin.RelateFailedActivity",
            "com.icbc.component.unionlogin.RelateSuccessActivity",
            "com.icbc.component.unionlogin.SMSAuthenNewActivity",
            "com.icbc.component.unionlogin.SmsLoginNewActivity",
            "com.icbc.component.unionlogin.SmsLoginPermissionActivity",
            "com.icbc.component.unionlogin.TradeFailedActivity",
            "com.icbc.component.unionlogin.UnionMiddleLoginPageActivity",
            "com.icbc.component.unionlogin.UniteLogin",
            "com.icbc.component.unionlogin.UniteSMSLogin",
            "com.icbc.component.unionlogin.WebViewLoginActivity",
            "com.icbc.component.unionlogin.ZoneActivity",
            "com.icbc.component.voiceprint.VoicePrintCommonMangerActivity",
            "com.icbc.component.voiceprint.VoicePrintFirstMangerActivity",
            "com.icbc.component.voiceprint.VoicePrintSettingActivity",
            "com.icbc.component.voiceprint.VoiceRegSuccessActivity",
            "com.icbc.component.voiceprint.VoiceVerifySuccessActivity",
            "com.icbc.component.widget.VerifyVoiceActivity",
            "com.icbc.elifelite.activity.AlbumActivity",
            "com.icbc.elifelite.activity.ChooseDistrictActivity",
            "com.icbc.elifelite.activity.ConfirmActivity",
            "com.icbc.elifelite.activity.ETCActivity",
            "com.icbc.elifelite.activity.MainActivity",
            "com.icbc.elifelite.activity.ServiceAuthorizeActivity",
            "com.icbc.elifelite.activity.WebviewActivity",
            "com.icbc.elifelite.wxapi.WXEntryActivity",
            "com.icbc.icbcbasfaceenc.activity.BASFaceNewActivity",
            "com.icbc.ifmp.view.ICBCWebViewForDraw",
            "com.icbc.ifop.ocr.ui.CameraActivity",
            "com.icbc.ifop.ocr.ui.ConfirmIDCardEndActivity",
            "com.icbc.ifop.ocr.ui.ConfirmIDCardFrontActivity",
            "com.icbc.ifop.ocr.ui.ImportRecognizeActivity",
            "com.icbc.im.SplashActivity",
            "com.icbc.im.avplayer.ADVideoPlayer",
            "com.icbc.im.constant.ConstantChooseActivity",
            "com.icbc.im.finance.OldContactClientActivity",
            "com.icbc.im.finance.SocialQueryActivity",
            "com.icbc.im.finance.society.SocietyStateQueryActivity",
            "com.icbc.im.socialSecurityToSDK.SocialSecurityInfoActivity",
            "com.icbc.im.socialSecurityToSDK.SocietyAuthorActivity",
            "com.icbc.im.ui.activity.EditMoasicImageActivity",
            "com.icbc.im.ui.activity.FaceAlive.ui.AliveFaceGrantActivity",
            "com.icbc.im.ui.activity.FaceAlive.ui.AlivePromptActivity",
            "com.icbc.im.ui.activity.GuideActivity",
            "com.icbc.im.ui.activity.LauncherActivity",
            "com.icbc.im.ui.activity.ServiceStatusActivity",
            "com.icbc.im.ui.activity.accountbalance.newsupport.MessageClassifyActivity",
            "com.icbc.im.ui.activity.accountbalance.newsupport.MessageClassifyDetailActivity",
            "com.icbc.im.ui.activity.brchreserve.ui.BDMapActivity",
            "com.icbc.im.ui.activity.brchreserve.ui.BranchReserveAllListActivity",
            "com.icbc.im.ui.activity.brchreserve.ui.BranchReserveMessageCodeActivity",
            "com.icbc.im.ui.activity.brchreserve.ui.BrchLocationListActivity",
            "com.icbc.im.ui.activity.brchreserve.ui.BrchMainActivity",
            "com.icbc.im.ui.activity.brchreserve.ui.BrchReserveActivity",
            "com.icbc.im.ui.activity.brchreserve.ui.BrchReserveOkActivity",
            "com.icbc.im.ui.activity.brchreserve.ui.BrchSubServiceActivity",
            "com.icbc.im.ui.activity.cardpack.ui.CardInvoiceCreateActivity",
            "com.icbc.im.ui.activity.cardpack.ui.CardInvoiceEditActivity",
            "com.icbc.im.ui.activity.cardpack.ui.CardInvoiceInfoCompanyActivity",
            "com.icbc.im.ui.activity.cardpack.ui.CardInvoiceInfoPersonActivity",
            "com.icbc.im.ui.activity.cardpack.ui.CardInvoiceListActivity",
            "com.icbc.im.ui.activity.cardpack.ui.CardPackInvalidListActivity",
            "com.icbc.im.ui.activity.cardpack.ui.CardPackListActivity",
            "com.icbc.im.ui.activity.cardpack.ui.CardPackMainActivity",
            "com.icbc.im.ui.activity.cardpack.ui.CardPackPinMoneyActivity",
            "com.icbc.im.ui.activity.cardpack.ui.CardPackPinMoneyResultActivity",
            "com.icbc.im.ui.activity.cardpack.ui.ClubCardDetails",
            "com.icbc.im.ui.activity.cardpack.ui.MIMSEPayActivity",
            "com.icbc.im.ui.activity.chat.ChatBackgroundActivity",
            "com.icbc.im.ui.activity.chat.ChatBackgroundProcessActivity",
            "com.icbc.im.ui.activity.chat.ChatNoticeActivity",
            "com.icbc.im.ui.activity.chat.ChatSettingActivityGroup",
            "com.icbc.im.ui.activity.chat.ChatSettingActivityPublic",
            "com.icbc.im.ui.activity.chat.ChatSettingActivitySingle",
            "com.icbc.im.ui.activity.chat.ChooseGroupChatTypeActivity",
            "com.icbc.im.ui.activity.chat.CreateGroupChatActivity",
            "com.icbc.im.ui.activity.chat.CreateHobbyGroupActivity",
            "com.icbc.im.ui.activity.chat.ExtendQRCodeActivity",
            "com.icbc.im.ui.activity.chat.FaceToFaceCreateGroup",
            "com.icbc.im.ui.activity.chat.GroupChatActivity",
            "com.icbc.im.ui.activity.chat.GroupMemberActivity",
            "com.icbc.im.ui.activity.chat.GroupMemberChatRecordsActivity",
            "com.icbc.im.ui.activity.chat.GroupMemberListActivity",
            "com.icbc.im.ui.activity.chat.GroupQRCodeActivity",
            "com.icbc.im.ui.activity.chat.GroupSendChatActivity",
            "com.icbc.im.ui.activity.chat.ImageProcessorActivity",
            "com.icbc.im.ui.activity.chat.PublicAccountQrcodeActivity",
            "com.icbc.im.ui.activity.chat.PublicChatActivity",
            "com.icbc.im.ui.activity.chat.RemindFriendActivity",
            "com.icbc.im.ui.activity.chat.SearchChatRecordActivity",
            "com.icbc.im.ui.activity.chat.SelectGroupActivity",
            "com.icbc.im.ui.activity.chat.SingleChatActivity",
            "com.icbc.im.ui.activity.chat.aveselect.SelectGroupMemberActivity",
            "com.icbc.im.ui.activity.chat.complaint.ComplaintActivity",
            "com.icbc.im.ui.activity.chat.complaint.ComplaintChatActivity",
            "com.icbc.im.ui.activity.chat.serviceidiom.ServiceIdiomActivity",
            "com.icbc.im.ui.activity.chat.serviceidiom.ServiceIdiomClickActivity",
            "com.icbc.im.ui.activity.chat.serviceidiom.ServiceIdiomItemDetailActivity",
            "com.icbc.im.ui.activity.chat.serviceidiom.ServiceIdiomItemSelectActivity",
            "com.icbc.im.ui.activity.chat.serviceidiom.ServiceIdiomMasterActivity",
            "com.icbc.im.ui.activity.chat.thirdUsers.ThirdPartyUsersActivity",
            "com.icbc.im.ui.activity.chatrecord.ChatRecordDownloadActivity",
            "com.icbc.im.ui.activity.chatrecord.ChatRecordDownloadSelectActivity",
            "com.icbc.im.ui.activity.chatrecord.ChatRecordDownloadSelectZipActivity",
            "com.icbc.im.ui.activity.chatrecord.ChatRecordListActivity",
            "com.icbc.im.ui.activity.chatrecord.ChatRecordSelectMainActivity",
            "com.icbc.im.ui.activity.chatrecord.ChatRecordUploadActivity",
            "com.icbc.im.ui.activity.chatrecord.ChatRecordZipDownloadActivity",
            "com.icbc.im.ui.activity.contact.AddContactActivity",
            "com.icbc.im.ui.activity.contact.AddContactApplyActivity",
            "com.icbc.im.ui.activity.contact.ContactHeadImageActivity",
            "com.icbc.im.ui.activity.contact.ContactPhoneActivity",
            "com.icbc.im.ui.activity.contact.GroupInfoActivity",
            "com.icbc.im.ui.activity.contact.MobileUserInfoActivity",
            "com.icbc.im.ui.activity.contact.ModifiTagNameDialogActivity",
            "com.icbc.im.ui.activity.contact.MyTagActivity",
            "com.icbc.im.ui.activity.contact.SelectTagFriendActivity",
            "com.icbc.im.ui.activity.contact.TagMaintainActivity",
            "com.icbc.im.ui.activity.contact.ThirdPartyListActivity",
            "com.icbc.im.ui.activity.contact.UserAddFriendLabelActivity",
            "com.icbc.im.ui.activity.contact.UserAlertInfoActivity",
            "com.icbc.im.ui.activity.contact.UserAlertInfoLabelActivity",
            "com.icbc.im.ui.activity.contact.UserInfoActivity",
            "com.icbc.im.ui.activity.contact.UserInfoSettingActivity",
            "com.icbc.im.ui.activity.expressionmall.ui.expression.ExpressionActivity",
            "com.icbc.im.ui.activity.expressionmall.ui.expressionall.ExpressionAllActivity",
            "com.icbc.im.ui.activity.expressionmall.ui.expressiondetail.ExpressionDetailActivity",
            "com.icbc.im.ui.activity.expressionmall.ui.expressionown.ExpressionOwnActivity",
            "com.icbc.im.ui.activity.expressionmall.ui.expressionsort.ExpressionSortActivity",
            "com.icbc.im.ui.activity.file.FileSelectActivity",
            "com.icbc.im.ui.activity.file.GroupFileListActivity",
            "com.icbc.im.ui.activity.file.GroupFileUploadActivity",
            "com.icbc.im.ui.activity.file.OtherAppOpenFileActivity",
            "com.icbc.im.ui.activity.fingerprint.CheckFingerPrintLocalActivity",
            "com.icbc.im.ui.activity.fingerprint.OpenFingerPrintLocalActivity",
            "com.icbc.im.ui.activity.gesturelock.DrawGesturePassActivity",
            "com.icbc.im.ui.activity.gesturelock.GestureLoginTwiceActivity",
            "com.icbc.im.ui.activity.gesturelock.GestureResetPasswordActivity",
            "com.icbc.im.ui.activity.gesturelock.LoginGesturePassActivity",
            "com.icbc.im.ui.activity.gesturelock.SetGestureSwitchActivity",
            "com.icbc.im.ui.activity.h5mark.ui.AchievementSearchActivity",
            "com.icbc.im.ui.activity.h5mark.ui.H5MarkActivityDetails",
            "com.icbc.im.ui.activity.h5mark.ui.H5MarkIndexActivity",
            "com.icbc.im.ui.activity.h5mark.ui.H5MarkSearchActivity",
            "com.icbc.im.ui.activity.h5mark.ui.H5markCollectActivity",
            "com.icbc.im.ui.activity.h5mark.ui.fragment.H5MarkSaveActivity",
            "com.icbc.im.ui.activity.interestgroup.AddInterestGroupActivity",
            "com.icbc.im.ui.activity.interestgroup.JoinGroupApplyActivity",
            "com.icbc.im.ui.activity.logon.AuthICBCLoginActivity",
            "com.icbc.im.ui.activity.logon.BindMobileActivity",
            "com.icbc.im.ui.activity.logon.IMLoginActivity",
            "com.icbc.im.ui.activity.logon.IntoIMActivity",
            "com.icbc.im.ui.activity.logon.LogonActivity",
            "com.icbc.im.ui.activity.logon.LogonWapActivity",
            "com.icbc.im.ui.activity.logon.RegisterActivity",
            "com.icbc.im.ui.activity.logon.ResetPasswordActivity",
            "com.icbc.im.ui.activity.main.MainActivity",
            "com.icbc.im.ui.activity.main.OldMainActivity",
            "com.icbc.im.ui.activity.main.UpdateVersionActivity",
            "com.icbc.im.ui.activity.main.clientmanager.ClientManagerAboutActivity",
            "com.icbc.im.ui.activity.main.clientmanager.CustomerManagementActivity",
            "com.icbc.im.ui.activity.main.clientmanager.manage.RankingListActivity",
            "com.icbc.im.ui.activity.main.clientmanager.manage.statistics.StatisticsActivity",
            "com.icbc.im.ui.activity.main.clientmanager.manage.statistics.StatisticsDetailActivity",
            "com.icbc.im.ui.activity.main.clientmanager.user.ClientGroupCheckActivity",
            "com.icbc.im.ui.activity.main.clientmanager.user.CustomersCheckActivity",
            "com.icbc.im.ui.activity.main.clientmanager.user.FriendsCheckActivity",
            "com.icbc.im.ui.activity.main.clientmanager.user.FriendsGroupCheckActivity",
            "com.icbc.im.ui.activity.main.clientmanager.user.GroupCheckActivity",
            "com.icbc.im.ui.activity.main.clientmanager.user.UserCheckActivity",
            "com.icbc.im.ui.activity.main.clientmanager.userinfo.ClientManagerUserInfoActivity",
            "com.icbc.im.ui.activity.main.clientmanager.userinfo.ClientUserInfoActivity",
            "com.icbc.im.ui.activity.main.clientmanager.userinfo.UserInfoDispatchActivity",
            "com.icbc.im.ui.activity.main.communicate.CommunicateContactActivity",
            "com.icbc.im.ui.activity.main.homepage.allfunctioneditorpage.AllFuncEditorialActivity",
            "com.icbc.im.ui.activity.main.homepage.allfunctionpage.AllFunctionActivity",
            "com.icbc.im.ui.activity.main.homepage.allfunctionpage.service.CreditCardServiceActivity",
            "com.icbc.im.ui.activity.main.homepage.allfunctionpage.service.LivelihoodServiceActivity",
            "com.icbc.im.ui.activity.main.homepage.balance.ui.BalanceListActivity",
            "com.icbc.im.ui.activity.main.homepage.balance.ui.BalanceSelectCategoryActivity",
            "com.icbc.im.ui.activity.main.homepage.balance.ui.HomeBalanceInfoActivity",
            "com.icbc.im.ui.activity.main.homepage.calendar.activity.CalendarActivity",
            "com.icbc.im.ui.activity.main.homepage.calendar.activity.CalendarModifyDiaryActivity",
            "com.icbc.im.ui.activity.main.homepage.messagecenter.MessageCenterActivity",
            "com.icbc.im.ui.activity.main.homepage.messagecenter.NewsMessageActivity",
            "com.icbc.im.ui.activity.main.information.ICBCViewPointActivity",
            "com.icbc.im.ui.activity.main.information.InforHistoryActivity",
            "com.icbc.im.ui.activity.main.information.TabSettingActivity",
            "com.icbc.im.ui.activity.main.letter.protocol.LetterFilterActivity",
            "com.icbc.im.ui.activity.main.letter.protocol.MessageServiceNoActivatedActivity",
            "com.icbc.im.ui.activity.main.letter.protocol.MessengerManagerActivity",
            "com.icbc.im.ui.activity.main.letter.protocol.MessengerProtocolActivity",
            "com.icbc.im.ui.activity.main.letter.protocol.MessengerServiceActivity",
            "com.icbc.im.ui.activity.main.letter.protocol.ServiceLetterActivity",
            "com.icbc.im.ui.activity.main.me.activity.AccountAndSafeActivity",
            "com.icbc.im.ui.activity.main.me.activity.ChatManagerActivity",
            "com.icbc.im.ui.activity.main.me.activity.ChooseSceneActivity",
            "com.icbc.im.ui.activity.main.me.activity.ConcernSceneActivity",
            "com.icbc.im.ui.activity.main.me.activity.DepositActivity",
            "com.icbc.im.ui.activity.main.me.activity.DepositChooseChannelActivity",
            "com.icbc.im.ui.activity.main.me.activity.DepositLogoutActivity",
            "com.icbc.im.ui.activity.main.me.activity.GuideGuestureActivity",
            "com.icbc.im.ui.activity.main.me.activity.MeDefaultTabSettingActivity",
            "com.icbc.im.ui.activity.main.me.activity.MeOpeningSmallChangeActivity",
            "com.icbc.im.ui.activity.main.me.activity.MeSceneManagerActivity",
            "com.icbc.im.ui.activity.main.me.activity.MeSettingActivity",
            "com.icbc.im.ui.activity.main.me.activity.MeSettingNewActivity",
            "com.icbc.im.ui.activity.main.me.activity.MeSmallChangeActivity",
            "com.icbc.im.ui.activity.main.me.activity.MeTicketMenuActivity",
            "com.icbc.im.ui.activity.main.me.activity.MeTravalTicketDetailActivity",
            "com.icbc.im.ui.activity.main.me.activity.MeTravalTicketListActivity",
            "com.icbc.im.ui.activity.main.me.activity.TrafficQRCodeDetailActivity",
            "com.icbc.im.ui.activity.main.myinfo.fansmessage.FansChatMessageListActivity",
            "com.icbc.im.ui.activity.main.scene.ui.SceneActivity",
            "com.icbc.im.ui.activity.main.scene.ui.SceneFuncActivity",
            "com.icbc.im.ui.activity.main.scene.ui.SceneManagementActivity",
            "com.icbc.im.ui.activity.main.scene.ui.SceneMessageAllContentActivity",
            "com.icbc.im.ui.activity.main.scene.ui.SceneSelectListActivity",
            "com.icbc.im.ui.activity.main.scene.ui.SecondSceneFuncActivity",
            "com.icbc.im.ui.activity.main.search.SearchActivity",
            "com.icbc.im.ui.activity.main.search.SearchChatRecordNewActivity",
            "com.icbc.im.ui.activity.main.search.SearchMoreActivity",
            "com.icbc.im.ui.activity.main.search.SearchNetMoreActivity",
            "com.icbc.im.ui.activity.mainframe.BalanceGuideActivity",
            "com.icbc.im.ui.activity.mainframe.ELifePublicActivity",
            "com.icbc.im.ui.activity.mainframe.MyShareNoticeActivity",
            "com.icbc.im.ui.activity.message.ChatRecordSearchResultActivity",
            "com.icbc.im.ui.activity.message.SearchActivity",
            "com.icbc.im.ui.activity.message.SearchMsgListActivity",
            "com.icbc.im.ui.activity.myinfo.AboutICBCInfoActivity",
            "com.icbc.im.ui.activity.myinfo.AboutICBCInfoNewActivity",
            "com.icbc.im.ui.activity.myinfo.AppMarketLoginActivity",
            "com.icbc.im.ui.activity.myinfo.AuxiliaryToolActivity",
            "com.icbc.im.ui.activity.myinfo.CityListActivity",
            "com.icbc.im.ui.activity.myinfo.ContectBlackList",
            "com.icbc.im.ui.activity.myinfo.CreditRiskManageActivity",
            "com.icbc.im.ui.activity.myinfo.CutImageActivityNew",
            "com.icbc.im.ui.activity.myinfo.FingerprintSettingActivity",
            "com.icbc.im.ui.activity.myinfo.GestureSettingActivity",
            "com.icbc.im.ui.activity.myinfo.GroupSendHelperActivity",
            "com.icbc.im.ui.activity.myinfo.MyInfoModifyActivity",
            "com.icbc.im.ui.activity.myinfo.MyInfoModifyView",
            "com.icbc.im.ui.activity.myinfo.MyInfoSignModifyView",
            "com.icbc.im.ui.activity.myinfo.MyPlaceActivity",
            "com.icbc.im.ui.activity.myinfo.MyPopularizeActivity",
            "com.icbc.im.ui.activity.myinfo.MyStorageActivity",
            "com.icbc.im.ui.activity.myinfo.MyStorageDetailFriendsActivity",
            "com.icbc.im.ui.activity.myinfo.MyStorageDetailImageActivity",
            "com.icbc.im.ui.activity.myinfo.MyStorageDetailTextActivity",
            "com.icbc.im.ui.activity.myinfo.MyStorageDetailVideoActivity",
            "com.icbc.im.ui.activity.myinfo.MyStorageDetailVoiceActivity",
            "com.icbc.im.ui.activity.myinfo.MyinfoModifySexActivity",
            "com.icbc.im.ui.activity.myinfo.NewInfoNotifyActivity",
            "com.icbc.im.ui.activity.myinfo.NullStorageActivity",
            "com.icbc.im.ui.activity.myinfo.PasswordSettingLoginActivity",
            "com.icbc.im.ui.activity.myinfo.ProvinceListActivity",
            "com.icbc.im.ui.activity.myinfo.SafeManageActivity",
            "com.icbc.im.ui.activity.myinfo.ServiceTimeSettingActivity",
            "com.icbc.im.ui.activity.myinfo.SettingActivity",
            "com.icbc.im.ui.activity.myinfo.UpdateMobileActivty",
            "com.icbc.im.ui.activity.myinfo.UpdateMobileRealActivity",
            "com.icbc.im.ui.activity.myinfo.favorinfo.MyStorageBigPicShowActivity",
            "com.icbc.im.ui.activity.myinfo.favorinfo.MyStorageFriendImagePagerActivity",
            "com.icbc.im.ui.activity.news.Album.ImageDetailActivity",
            "com.icbc.im.ui.activity.news.Album.ImageGridActivity",
            "com.icbc.im.ui.activity.news.Album.ImageGridExtActivity",
            "com.icbc.im.ui.activity.news.FailedNewsDetailActivity",
            "com.icbc.im.ui.activity.news.NewsCommendPopupActivity",
            "com.icbc.im.ui.activity.news.NewsCommentAttentionListActivity",
            "com.icbc.im.ui.activity.news.NewsDetailActivity",
            "com.icbc.im.ui.activity.news.NewsImageProcessorActivity",
            "com.icbc.im.ui.activity.news.NewsListFragment",
            "com.icbc.im.ui.activity.news.NewsPhotoAlbumActivity",
            "com.icbc.im.ui.activity.news.NewsQrcodeProductsActivity",
            "com.icbc.im.ui.activity.news.NewsQrcodeProductsArea",
            "com.icbc.im.ui.activity.news.NewsQrcodeProductsListActivity",
            "com.icbc.im.ui.activity.news.NewsShareActivity",
            "com.icbc.im.ui.activity.news.image.NewsImageEditPagerActivity",
            "com.icbc.im.ui.activity.news.imagebrowser.ImageBrowserActivity",
            "com.icbc.im.ui.activity.news.imagebrowser.ImagePreviewActivity",
            "com.icbc.im.ui.activity.news.imagebrowser.ImgDealActivity",
            "com.icbc.im.ui.activity.news.videobrower.VideoBrowserActivity",
            "com.icbc.im.ui.activity.notify.HobbiesGroupNotifyActivity",
            "com.icbc.im.ui.activity.publicacgroupsend.ui.SendPicMessageActivity",
            "com.icbc.im.ui.activity.recommend.BuddyRecommendActivity",
            "com.icbc.im.ui.activity.recommend.ClientRecommendActivity",
            "com.icbc.im.ui.activity.redgift.RedGiftCardListActivity",
            "com.icbc.im.ui.activity.redgift.RedGiftCheckInfoActivity",
            "com.icbc.im.ui.activity.redgift.RedGiftOpenEpayActivity",
            "com.icbc.im.ui.activity.redgift.RedGiftRegSuccessActivity",
            "com.icbc.im.ui.activity.redgift.RedGiftSetChangePwdActivity",
            "com.icbc.im.ui.activity.redgift.RedGiftSetOneKeyPayPwdActivity",
            "com.icbc.im.ui.activity.setting.SettingFontActivity",
            "com.icbc.im.ui.activity.setting.SettingFontSizeActivity",
            "com.icbc.im.ui.activity.setting.SettingVideoPlay",
            "com.icbc.im.ui.activity.share.FriendCircleShareActivity",
            "com.icbc.im.ui.activity.share.GoToShareActvity",
            "com.icbc.im.ui.activity.share.IMShareDispatchActivity",
            "com.icbc.im.ui.activity.socailquery.ui.AreaSelectActivity",
            "com.icbc.im.ui.activity.tallybook.activity.AccountBookMainActivity",
            "com.icbc.im.ui.activity.tallybook.activity.AccountBookSettingActivity",
            "com.icbc.im.ui.activity.tallybook.activity.AccountDetailActivity",
            "com.icbc.im.ui.activity.tallybook.activity.AccountMonthReportActivity",
            "com.icbc.im.ui.activity.tallybook.activity.AcctRecordExportActivity",
            "com.icbc.im.ui.activity.tallybook.activity.AcctUpAndDownLoadActivity",
            "com.icbc.im.ui.activity.tallybook.activity.AddAccountDetailActivity",
            "com.icbc.im.ui.activity.tallybook.activity.AddAccountListActivity",
            "com.icbc.im.ui.activity.tallybook.activity.BudgetAddActivity",
            "com.icbc.im.ui.activity.tallybook.activity.BudgetListActivity",
            "com.icbc.im.ui.activity.tallybook.activity.ImprovedRecordListActivity",
            "com.icbc.im.ui.activity.tallybook.activity.OriginalImageActivity",
            "com.icbc.im.ui.activity.tallybook.activity.PagerActivity",
            "com.icbc.im.ui.activity.tallybook.activity.RecordInfoActivity",
            "com.icbc.im.ui.activity.tallybook.activity.ReportRankDetailsActivity",
            "com.icbc.im.ui.activity.tallybook.activity.ShortcutIntentActivity",
            "com.icbc.im.ui.activity.tallybook.activity.TakePenActivity",
            "com.icbc.im.ui.activity.tallybook.activity.TakePenAddTypeActivity",
            "com.icbc.im.ui.activity.tallybook.activity.TakePenEditTypeActivity",
            "com.icbc.im.ui.activity.tallybook.activity.TakePenRemarkActivity",
            "com.icbc.im.ui.activity.transfer.CardInfoActivity",
            "com.icbc.im.ui.activity.transfer.FaceToPayActivity",
            "com.icbc.im.ui.activity.transfer.FaceToPayFailActivity",
            "com.icbc.im.ui.activity.transfer.MyAAPayActivity",
            "com.icbc.im.ui.activity.transfer.MyTransferActivity",
            "com.icbc.im.ui.activity.transfer.MyTransferCardActivity",
            "com.icbc.im.ui.activity.transfer.MyTransferCardListActivity",
            "com.icbc.im.ui.activity.transfer.MyTransferSuccActivity",
            "com.icbc.im.ui.activity.transfer.OneKeyTransferSuccessActivity",
            "com.icbc.im.ui.activity.transfer.PartySchoolPaymentActivity",
            "com.icbc.im.ui.activity.transfer.PayMenuActivity",
            "com.icbc.im.ui.activity.transfer.PaymentManagerMenuActivity",
            "com.icbc.im.ui.activity.transfer.QRCodePayActivity",
            "com.icbc.im.ui.activity.transfer.QRCodePayInfoActivity",
            "com.icbc.im.ui.activity.transfer.QRCodePayListActivity",
            "com.icbc.im.ui.activity.transfer.QRReturnMoneyActivity",
            "com.icbc.im.ui.activity.transfer.RQCodeFaceToPayActivity",
            "com.icbc.im.ui.activity.transfer.SetMoneyFaceToPayActivity",
            "com.icbc.im.ui.activity.wallet.BranchAreaSelectActivity",
            "com.icbc.im.ui.activity.wallet.FoundAddActivity",
            "com.icbc.im.ui.activity.wallet.ManagerServiceActivity",
            "com.icbc.im.ui.activity.wealthcircle.BodyStickImagePreviewActivity",
            "com.icbc.im.ui.chatview.diysmiley.DIYImageManagerActivity",
            "com.icbc.im.ui.chatview.diysmiley.DIYShowImageActivity",
            "com.icbc.im.versionswitch.VersionSwitchActivity",
            "com.icbc.im.wxapi.WXEntryActivity",
            "com.icbc.ndf.jft.PayActivity",
            "com.icbc.ndf.jft.QianBaoActivity",
            "com.icbc.ndf.jft.alipay.AliPayEntryActivity",
            "com.icbc.ndf.jft.icbcPay.PayResultHandler",
            "com.icbc.ndf.jft.wxapi.WXPayEntryActivity",
            "com.icbc.paysdk.PayModeListActivity",
            "com.icbc.paysdk.webview.PayWebView",
            "com.icbc.rn.ifoptideandroid.nosplit.ReactNativeNoSplitDebugActivity",
            "com.icbcappmarketcomponent.AppMarketLoginActivity",
            "com.icbcappmarketcomponent.AppmarketActivity",
            "com.icbcpay.ICBCpayEntranceActivity",
            "com.icbcpay.TestMainActivity",
            "com.icbcpay.epay.EPayByStages",
            "com.icbcpay.epay.EPayByStagesResult",
            "com.icbcpay.epay.EPayInputActivity",
            "com.icbcpay.epay.EPayRegActivity",
            "com.icbcpay.epay.EPayResultActivity",
            "com.icbcpay.mobilebankpay.MobileBankActivity",
            "com.icbcpay.mobilebankpay.MobileBankPayByStages",
            "com.icbcpay.mobilebankpay.MobileBankPayCiphererActivity",
            "com.icbcpay.mobilebankpay.MobileBankPayCommandCardActivity",
            "com.icbcpay.qrcodepay.BarCodeActivity",
            "com.icbcpay.qrcodepay.CardInfoActivity",
            "com.icbcpay.qrcodepay.CardListAvailableManagerActivity",
            "com.icbcpay.qrcodepay.CardListManagerActivity",
            "com.icbcpay.qrcodepay.CheckBankCodeActivity",
            "com.icbcpay.qrcodepay.CheckCardInfoActivity",
            "com.icbcpay.qrcodepay.CheckCardNumActivity",
            "com.icbcpay.qrcodepay.CheckEpayMobileActivity",
            "com.icbcpay.qrcodepay.CheckLoginActivity",
            "com.icbcpay.qrcodepay.CheckMinorsMobileActivity",
            "com.icbcpay.qrcodepay.CheckRegisterInfoActivity",
            "com.icbcpay.qrcodepay.CheckUserInfoForUnrealActivity",
            "com.icbcpay.qrcodepay.ForeignPaySuccessActivity",
            "com.icbcpay.qrcodepay.ICBCWebViewActivity",
            "com.icbcpay.qrcodepay.IsNoQRUerActivity",
            "com.icbcpay.qrcodepay.IsStopQRCodeActivity",
            "com.icbcpay.qrcodepay.PayReturnActivity",
            "com.icbcpay.qrcodepay.PaySuccessActivity",
            "com.icbcpay.qrcodepay.PromptActivity",
            "com.icbcpay.qrcodepay.QRCodeActivity",
            "com.icbcpay.qrcodepay.QRCodeCommonPayActivity",
            "com.icbcpay.qrcodepay.QrCodeSDKFaceDetectActivity",
            "com.icbcpay.qrcodepay.QrCodeWebView",
            "com.icbcpay.qrcodepay.ReleasePassActivity",
            "com.icbcpay.qrcodepay.SubmitOrderFragmentActivity",
            "com.icbcpay.qrcodepay.UnionPayInterworkingErrorActivity",
            "com.icbcpay.qrcodepay.UnionPayInterworkingWebView",
            "com.icbcpay.qrcodepay.UnionPayWebViewActivity",
            "com.icbcpay.qrcodepay.imkeyboard.IMEpayKeyboardConfirmActivity",
            "com.icbcpay.qrcodepay.imkeyboard.IMEpaySetKeyboardActivity",
            "com.icbcpay.qrcodepay.imkeyboard.IMEpaySetKeyboardMBActivity",
            "com.icbcpay.qrcodepay.nine.CheckEpayNineActivity",
            "com.icbcpay.unionpay.QRUnionPayInputActivity",
            "com.icbcpay.unionpay.UnionPayInputActivity",
            "com.icbcpay.unionpay.UnionPayResultActivity",
            "com.live.imkit.FeinnoPlayerActivity",
            "com.live.imkit.ebuyui.ui.LiveAct",
            "com.live.imkit.ebuyui.ui.LiveHelperActivity",
            "com.live.imkit.ebuyui.ui.LiveTipAct",
            "com.live.imkit.ebuyui.ui.LookLiveAct",
            "com.live.imkit.ebuyui.ui.SoftInputActivity",
            "com.live.imkit.ebuyui.ui.SoftLsInputActivity",
            "com.live.imkit.newlivelist.CreateLiveAct",
            "com.live.imkit.newlivelist.LiveGoodsActivity",
            "com.live.imkit.newlivelist.LiveListActivity",
            "com.live.imkit.newlivelist.LiveListNewAct",
            "com.live.imkit.newlivelist.LiveProductEditorAct",
            "com.live.imkit.newlivelist.ui.FinancialLookLiveAct",
            "com.live.imkit.newlivelist.ui.LandscapeLiveAct",
            "com.live.imkit.newlivelist.ui.LiveFinancialAct",
            "com.multiimage.ImageGridActivity",
            "com.picture.PictureExternalPreviewActivity",
            "com.picture.PicturePlayAudioActivity",
            "com.picture.PicturePreviewActivity",
            "com.picture.PictureSelectorActivity",
            "com.picture.PictureVideoPlayActivity",
            "com.sina.weibo.sdk.component.WeiboSdkBrowser",
            "com.suggess.suggess.SuggesstionActivity",
            "com.ucrop.PictureMultiCuttingActivity",
            "com.ucrop.UCropActivity",
            "com.xiaomi.mipush.sdk.NotificationClickedActivity",
            "essclib.esscpermission.bridge.BridgeActivity",
            "hc.mhis.paic.com.essclibrary.activity.ESSCFaceDetectActivity",
            "hc.mhis.paic.com.essclibrary.activity.ESSCMainActivity",
            "hc.mhis.paic.com.essclibrary.activity.ESSCScanCodeActivity",
            "icbcxfvoice.controls.ICBCXVoiceBackgroudActivity",
            "io.rong.imkit.CakeCallActivity",
            "io.rong.imkit.MultiAudioCallActivity",
            "io.rong.imkit.MultiVideoCallActivity",
            "io.rong.imkit.call.SelectServiceIpAct"
        ],
        "services": [
            "com.azx.myandroidscreenrecordandcrop.ScreenCaptureService",
            "com.baidu.location.f",
            "com.example.ifophttpdns.MyIntentService",
            "com.feinno.androidprotocol.KeepAliveService",
            "com.feinno.srtclib_android.service.RFMainService",
            "com.feinno.srtclib_android.service.RFPushService",
            "com.genvict.obusdk.manage.BlueToothService",
            "com.heytap.msp.push.service.CompatibleDataMessageCallbackService",
            "com.heytap.msp.push.service.DataMessageCallbackService",
            "com.huawei.agconnect.core.ServiceDiscovery",
            "com.huawei.hms.support.api.push.service.HmsMsgService",
            "com.icbc.im.core.service.AlarmJobService",
            "com.icbc.im.core.service.CoreService",
            "com.icbc.im.core.service.NotifyJobIntentService",
            "com.icbc.im.receiver.NotifyReceiver$NotifyService",
            "com.icbc.im.service.AIDLService",
            "com.icbc.im.service.AppInitJobIntentService",
            "com.icbc.im.service.HMSPushService",
            "com.icbc.paysdk.ICBCAPI",
            "com.safedemo.catchInfo",
            "com.vivo.push.sdk.service.CommandClientService",
            "com.xiaomi.mipush.sdk.MessageHandleService",
            "com.xiaomi.mipush.sdk.PushMessageHandler",
            "com.xiaomi.push.service.XMJobService",
            "com.xiaomi.push.service.XMPushService",
            "io.rong.imkit.VoipReceiverService",
            "kernal.idcard.android.RecogService"
        ],
        "receivers": [
            "com.feinno.srtclib_android.broadcast.NotifyReceiver",
            "com.feinno.teatalk.receiver.FinAlarmReceiver",
            "com.feinno.teatalk.receiver.NetWorkChangeReceiver",
            "com.huawei.hms.support.api.push.PushMsgReceiver",
            "com.huawei.hms.support.api.push.PushReceiver",
            "com.icbc.elifelite.receiver.UpdateReceiver",
            "com.icbc.im.core.data.AVSessionRecever",
            "com.icbc.im.network.NetWorkChangeReceiver",
            "com.icbc.im.receiver.MiPushReceiver",
            "com.icbc.im.receiver.SampleBootReceiver",
            "com.icbc.im.receiver.ShortcutReceiver",
            "com.icbc.im.receiver.VIVOPushMessageReceiver",
            "com.icbc.im.ui.activity.appwidget.NewAppWidget2X2",
            "com.icbc.im.ui.activity.appwidget.NewAppWidget4X2",
            "com.icbc.im.ui.activity.share.WechatBroadCast",
            "com.safedemo.phoneStateReceiver",
            "com.xiaomi.push.service.receivers.NetworkStatusReceiver",
            "com.xiaomi.push.service.receivers.PingReceiver",
            "com.xiaomi.push.service.receivers.PkgUninstallReceiver",
            "io.rong.imkit.RongCallReceiver",
            "io.rong.imkit.receiver.PhoneCallStateReceiver"
        ]
    }
}