{
    "apk_name": "08BC2B8EA1505349CDD9E27055CB2457D152192FA5F5B8BC9446656B56B14125",
    "sha256": "08bc2b8ea1505349cdd9e27055cb2457d152192fa5f5b8bc9446656b56b14125",
    "metadata": {
        "package_name": "com.rrivenllc.armyfitnessapp",
        "version_code": "68",
        "version_name": "1.4.4",
        "min_sdk": "23",
        "target_sdk": "35",
        "permissions": [
            "android.permission.ACCESS_ADSERVICES_AD_ID",
            "android.permission.ACCESS_ADSERVICES_ATTRIBUTION",
            "android.permission.ACCESS_ADSERVICES_TOPICS",
            "android.permission.ACCESS_NETWORK_STATE",
            "android.permission.FOREGROUND_SERVICE",
            "android.permission.INTERNET",
            "android.permission.POST_NOTIFICATIONS",
            "android.permission.WAKE_LOCK",
            "com.android.vending.BILLING",
            "com.google.android.c2dm.permission.RECEIVE",
            "com.google.android.finsky.permission.BIND_GET_INSTALL_REFERRER_SERVICE",
            "com.google.android.gms.permission.AD_ID",
            "com.google.android.providers.gsf.permission.READ_GSERVICES",
            "com.rrivenllc.armyfitnessapp.DYNAMIC_RECEIVER_NOT_EXPORTED_PERMISSION"
        ],
        "activities": [
            "androidx.credentials.playservices.HiddenActivity",
            "com.android.billingclient.api.ProxyBillingActivity",
            "com.android.billingclient.api.ProxyBillingActivityV2",
            "com.google.android.gms.ads.AdActivity",
            "com.google.android.gms.ads.NotificationHandlerActivity",
            "com.google.android.gms.ads.OutOfContextTestingActivity",
            "com.google.android.gms.auth.api.signin.internal.SignInHubActivity",
            "com.google.android.gms.common.api.GoogleApiActivity",
            "com.google.android.play.core.common.PlayCoreDialogWrapperActivity",
            "com.google.firebase.auth.internal.GenericIdpActivity",
            "com.google.firebase.auth.internal.RecaptchaActivity",
            "com.rrivenllc.armyfitnessapp.ACFT.ACFTActivity",
            "com.rrivenllc.armyfitnessapp.AFT.AFTActivity",
            "com.rrivenllc.armyfitnessapp.AFT.AFTActivity_old",
            "com.rrivenllc.armyfitnessapp.About_Activity",
            "com.rrivenllc.armyfitnessapp.BodyFat.BodyFat",
            "com.rrivenllc.armyfitnessapp.BodyFat.TapeTest",
            "com.rrivenllc.armyfitnessapp.FeedbackActivity",
            "com.rrivenllc.armyfitnessapp.LoginActivity",
            "com.rrivenllc.armyfitnessapp.MainActivity",
            "com.rrivenllc.armyfitnessapp.OPAT.OPAT_main",
            "com.rrivenllc.armyfitnessapp.PT.PTActivity",
            "com.rrivenllc.armyfitnessapp.PT.PTUpdateTaskActivity",
            "com.rrivenllc.armyfitnessapp.RegisterActivity",
            "com.rrivenllc.armyfitnessapp.timerActivity"
        ],
        "services": [
            "androidx.credentials.playservices.CredentialProviderMetadataHolder",
            "androidx.room.MultiInstanceInvalidationService",
            "androidx.work.impl.background.systemalarm.SystemAlarmService",
            "androidx.work.impl.background.systemjob.SystemJobService",
            "androidx.work.impl.foreground.SystemForegroundService",
            "com.google.android.datatransport.runtime.backends.TransportBackendDiscovery",
            "com.google.android.datatransport.runtime.scheduling.jobscheduling.JobInfoSchedulerService",
            "com.google.android.gms.ads.AdService",
            "com.google.android.gms.auth.api.signin.RevocationBoundService",
            "com.google.android.gms.measurement.AppMeasurementJobService",
            "com.google.android.gms.measurement.AppMeasurementService",
            "com.google.firebase.components.ComponentDiscoveryService",
            "com.google.firebase.messaging.FirebaseMessagingService",
            "com.google.firebase.sessions.SessionLifecycleService",
            "com.rrivenllc.armyfitnessapp.utils.MyFirebaseMessagingService"
        ],
        "receivers": [
            "androidx.profileinstaller.ProfileInstallReceiver",
            "androidx.work.impl.background.systemalarm.ConstraintProxy$BatteryChargingProxy",
            "androidx.work.impl.background.systemalarm.ConstraintProxy$BatteryNotLowProxy",
            "androidx.work.impl.background.systemalarm.ConstraintProxy$NetworkStateProxy",
            "androidx.work.impl.background.systemalarm.ConstraintProxy$StorageNotLowProxy",
            "androidx.work.impl.background.systemalarm.ConstraintProxyUpdateReceiver",
            "androidx.work.impl.background.systemalarm.RescheduleReceiver",
            "androidx.work.impl.diagnostics.DiagnosticsReceiver",
            "androidx.work.impl.utils.ForceStopRunnable$BroadcastReceiver",
            "com.google.android.datatransport.runtime.scheduling.jobscheduling.AlarmManagerSchedulerBroadcastReceiver",
            "com.google.android.gms.measurement.AppMeasurementReceiver",
            "com.google.firebase.iid.FirebaseInstanceIdReceiver"
        ]
    },
    "stats": {
        "dex_count": 3,
        "native_lib_count": 0
    },
    "jadx": {
        "status": "ok",
        "duration_sec": 100.75,
        "sources_present": true,
        "java_file_count": 16096
    },
    "ast_analysis": {
        "location": 1,
        "microphone": 0,
        "camera": 12,
        "media_projection": 0,
        "dynamic_load": 0,
        "jni": 0
    },
    "analysis_state": "complete"
}