{
    "apk_name": "CB6DB8C2B852E131D9B9174B661D825F884E8B1660EB59842F25BC8874CD573F",
    "sha256": "cb6db8c2b852e131d9b9174b661d825f884e8b1660eb59842f25bc8874cd573f",
    "metadata": {
        "package_name": "com.tencent.edu",
        "version_code": "412",
        "version_name": "7.2.2.200",
        "min_sdk": "19",
        "target_sdk": "26",
        "permissions": [
            "android.permission.ACCESS_COARSE_LOCATION",
            "android.permission.ACCESS_FINE_LOCATION",
            "android.permission.ACCESS_LOCATION_EXTRA_COMMANDS",
            "android.permission.ACCESS_NETWORK_STATE",
            "android.permission.ACCESS_WIFI_STATE",
            "android.permission.BLUETOOTH",
            "android.permission.BLUETOOTH_ADMIN",
            "android.permission.BROADCAST_STICKY",
            "android.permission.CAMERA",
            "android.permission.CHANGE_NETWORK_STATE",
            "android.permission.CHANGE_WIFI_MULTICAST_STATE",
            "android.permission.CHANGE_WIFI_STATE",
            "android.permission.DISABLE_STATUS_BAR",
            "android.permission.FOREGROUND_SERVICE",
            "android.permission.INTERACT_ACROSS_USERS_FULL",
            "android.permission.INTERNET",
            "android.permission.MODIFY_AUDIO_SETTINGS",
            "android.permission.MOUNT_UNMOUNT_FILESYSTEMS",
            "android.permission.QUERY_ALL_PACKAGES",
            "android.permission.READ_EXTERNAL_STORAGE",
            "android.permission.READ_LOGS",
            "android.permission.READ_PHONE_STATE",
            "android.permission.RECEIVE_USER_PRESENT",
            "android.permission.RECORD_AUDIO",
            "android.permission.REQUEST_INSTALL_PACKAGES",
            "android.permission.RESTART_PACKAGES",
            "android.permission.SCHEDULE_EXACT_ALARM",
            "android.permission.SYSTEM_ALERT_WINDOW",
            "android.permission.VIBRATE",
            "android.permission.WAKE_LOCK",
            "android.permission.WRITE_EXTERNAL_STORAGE",
            "android.permission.WRITE_SETTINGS",
            "com.anddoes.launcher.permission.UPDATE_COUNT",
            "com.android.launcher.permission.READ_SETTINGS",
            "com.asus.msa.SupplementaryDID.ACCESS",
            "com.coloros.mcs.permission.RECIEVE_MCS_MESSAGE",
            "com.heytap.mcs.permission.RECIEVE_MCS_MESSAGE",
            "com.htc.launcher.permission.READ_SETTINGS",
            "com.htc.launcher.permission.UPDATE_SHORTCUT",
            "com.huawei.android.launcher.permission.CHANGE_BADGE",
            "com.huawei.android.launcher.permission.READ_SETTINGS",
            "com.huawei.android.launcher.permission.WRITE_SETTINGS",
            "com.huawei.appmarket.service.commondata.permission.GET_COMMON_DATA",
            "com.lenovo.launcher.permission.BADGE_READ",
            "com.lenovo.launcher.permission.BADGE_WRITE",
            "com.majeur.launcher.permission.UPDATE_BADGE",
            "com.meizu.c2dm.permission.RECEIVE",
            "com.meizu.flyme.permission.PUSH",
            "com.meizu.flyme.push.permission.RECEIVE",
            "com.sec.android.provider.badge.permission.READ",
            "com.sec.android.provider.badge.permission.WRITE",
            "com.sonyericsson.home.permission.BROADCAST_BADGE",
            "com.sonymobile.home.permission.PROVIDER_INSERT_BADGE",
            "com.tencent.edu.module.studytribe.misc.receiver",
            "com.tencent.edu.permission.C2D_MESSAGE",
            "com.tencent.edu.permission.MIPUSH_RECEIVE",
            "com.tencent.edu.permission.PROCESS_PUSH_MSG",
            "com.tencent.edu.permission.PUSH_PROVIDER",
            "com.tencent.edu.permission.TDOS_DIAGNOSE_BROADCAST",
            "com.tencent.edu.permission.TMF_SHARK",
            "com.tencent.edu.permission.XGPUSH_RECEIVE",
            "com.tencent.edu.push.permission.MESSAGE",
            "com.tencent.msg.permission.pushnotify"
        ],
        "activities": [
            "com.huawei.hms.activity.BridgeActivity",
            "com.huawei.hms.activity.EnableServiceActivity",
            "com.huawei.updatesdk.service.otaupdate.AppUpdateActivity",
            "com.huawei.updatesdk.support.pm.PackageInstallerActivity",
            "com.qq.e.tg.ADActivity",
            "com.qq.e.tg.LandscapeADActivity",
            "com.qq.e.tg.PortraitADActivity",
            "com.qq.e.tg.RewardvideoLandscapeADActivity",
            "com.qq.e.tg.RewardvideoPortraitADActivity",
            "com.qq.e.tg.TransPortraitADActivity",
            "com.qq.e.tg.WebAdActivity",
            "com.tencent.android.tpush.InnerTpnsActivity",
            "com.tencent.android.tpush.TpnsActivity",
            "com.tencent.android.tpush.inappmessage.InAppMessageActivity",
            "com.tencent.connect.common.AssistActivity",
            "com.tencent.edu.common.hippy.view.BaseActivity",
            "com.tencent.edu.commonview.activity.BaseActivity",
            "com.tencent.edu.commonview.activity.TransparentActivity",
            "com.tencent.edu.course.lapp.LAppRuntimeActivity",
            "com.tencent.edu.flutter.route.EduFlutterActivity",
            "com.tencent.edu.flutter.route.EduFlutterDialog",
            "com.tencent.edu.flutter.route.VideoFlutterActivity",
            "com.tencent.edu.flutter.route.VideoSearchFlutterActivity",
            "com.tencent.edu.flutter.route.search.SearchFlutterActivity",
            "com.tencent.edu.kernel.tiny.TinyDebugActivity",
            "com.tencent.edu.module.LoginActivity",
            "com.tencent.edu.module.SplashActivity",
            "com.tencent.edu.module.audiovideo.rtmp.EduRtmpActivity",
            "com.tencent.edu.module.audiovideo.widget.EduAVActivity",
            "com.tencent.edu.module.audiovideo.widget.RecruitAvActivity",
            "com.tencent.edu.module.categorydetail.CategoryDetailActivity",
            "com.tencent.edu.module.certificate.CertRegisterWebActivity",
            "com.tencent.edu.module.chat.ChatPrivateActivity",
            "com.tencent.edu.module.codingschool.CodingSchollCourseTaskActivity",
            "com.tencent.edu.module.codingschool.CodingSchoolCourseDetailActivity",
            "com.tencent.edu.module.course.detail.CourseDetailActivity",
            "com.tencent.edu.module.course.detail.EnjoyStudyCardCourseActivity",
            "com.tencent.edu.module.course.detail.operate.pay.PayPageActivity",
            "com.tencent.edu.module.course.flutter.FCourseDetailActivity",
            "com.tencent.edu.module.course.flutter.FCoursePlayLandscapeActivity",
            "com.tencent.edu.module.course.flutter.FEnjoyStudyCardCourseActivity",
            "com.tencent.edu.module.course.flutter.FMiniCourseDetailActivity",
            "com.tencent.edu.module.course.packagedetail.PackageDetailActivity",
            "com.tencent.edu.module.course.task.CourseTaskActivity",
            "com.tencent.edu.module.course.task.QuickLiveCourseTaskActivity",
            "com.tencent.edu.module.course.task.courseware.FilePreviewActivity",
            "com.tencent.edu.module.course.task.courseware.FilePreviewFlutterActivity",
            "com.tencent.edu.module.course.task.courseware.ZipPreviewFlutterActivity",
            "com.tencent.edu.module.course.task.download.CourseTaskDownloadActivity",
            "com.tencent.edu.module.course.task.zuoyebang.HomeWorkWebActivity",
            "com.tencent.edu.module.coursetaskcalendar.CalendarActivity",
            "com.tencent.edu.module.dlna.DLNASearchActivity",
            "com.tencent.edu.module.homepage.newhome.NewHomePageActivity",
            "com.tencent.edu.module.homepage.newhome.mine.EditProfileActivity",
            "com.tencent.edu.module.homepage.newhome.studyplan.pkg.StudyPlanPkgActivity",
            "com.tencent.edu.module.institutiondetail.InstitutionDetailActivity",
            "com.tencent.edu.module.knowledge.KnowledgeFlutterActivity",
            "com.tencent.edu.module.knowledge.KnowledgeSearchPage",
            "com.tencent.edu.module.knowledge.KnowledgeVideoPlayActivity",
            "com.tencent.edu.module.knowledge.KnowledgeWebActivity",
            "com.tencent.edu.module.login.BindPhoneSuccessActivity",
            "com.tencent.edu.module.login.LoginCampusActivity",
            "com.tencent.edu.module.login.LoginDialogActivity",
            "com.tencent.edu.module.login.LoginExpActivity",
            "com.tencent.edu.module.login.LoginMoreWayActivity",
            "com.tencent.edu.module.login.LoginSSOActivity",
            "com.tencent.edu.module.login.LoginSSOAuthActivity",
            "com.tencent.edu.module.login.opt.LoginMobileActivity",
            "com.tencent.edu.module.msgcenter.MsgCenterActivity",
            "com.tencent.edu.module.msgcenter.MsgCenterSettingActivity",
            "com.tencent.edu.module.nextdegree.NextDegreeSubTaskListActivity",
            "com.tencent.edu.module.nextdegree.NextDegreeTaskActivity",
            "com.tencent.edu.module.offlinedownload.DownloadMgrActivity",
            "com.tencent.edu.module.offlinedownload.DownloadTaskMgrActivity",
            "com.tencent.edu.module.personalcenter.PersonalCouponActivity",
            "com.tencent.edu.module.personalcenter.PersonalCourseManageActivity",
            "com.tencent.edu.module.personalcenter.PersonalFavCourseActivity",
            "com.tencent.edu.module.personalcenter.PersonalLearningRecordActivity",
            "com.tencent.edu.module.photo.activity.AlbumListActivity",
            "com.tencent.edu.module.photo.activity.PhotoListActivity",
            "com.tencent.edu.module.photo.activity.PhotoPreviewActivity",
            "com.tencent.edu.module.previewstudymaterials.PreviewStudyMaterialsWebActivity",
            "com.tencent.edu.module.privacy.MyPraiseWebActivity",
            "com.tencent.edu.module.privacy.RecentBrowseActivity",
            "com.tencent.edu.module.privacy.setting.DeviceInfoActivity",
            "com.tencent.edu.module.privacy.setting.PersonalInfoCollectionActivity",
            "com.tencent.edu.module.privacy.setting.PrivacySettingWebActivity",
            "com.tencent.edu.module.push.pushguide.PushGuideActivity",
            "com.tencent.edu.module.ridewind.CreatorCenterWebActivity",
            "com.tencent.edu.module.ridewind.CreatorUploaderWebActivity",
            "com.tencent.edu.module.ridewind.editCover.picchoice.PhotoChoicerActivity",
            "com.tencent.edu.module.ridewind.editCover.piccut.CutCoverActivity",
            "com.tencent.edu.module.series.SeriesVideoActivity",
            "com.tencent.edu.module.setting.AboutAppActivity",
            "com.tencent.edu.module.setting.AccountAndSafeFlutterActivity",
            "com.tencent.edu.module.setting.AccountCancellationActivity",
            "com.tencent.edu.module.setting.AccountCancellationTipActivity",
            "com.tencent.edu.module.setting.CSCDetailActivity",
            "com.tencent.edu.module.setting.CourseFeedbackActivity",
            "com.tencent.edu.module.setting.DebugAppWnsIpSettingActivity",
            "com.tencent.edu.module.setting.DebugDcLogActivity",
            "com.tencent.edu.module.setting.DebugMobileVerifyActivity",
            "com.tencent.edu.module.setting.DirSelecterActivity",
            "com.tencent.edu.module.setting.DocumentCSCActivity",
            "com.tencent.edu.module.setting.DocumentSDActivity",
            "com.tencent.edu.module.setting.Jump2DetailPageActivity",
            "com.tencent.edu.module.setting.KSystemSettingActivity",
            "com.tencent.edu.module.setting.LbsLocationActivity",
            "com.tencent.edu.module.setting.LogToolActivity",
            "com.tencent.edu.module.setting.QrCodeActivity",
            "com.tencent.edu.module.setting.ServiceProtocolActivity",
            "com.tencent.edu.module.setting.SettingEnvActivity",
            "com.tencent.edu.module.setting.SettingKingCardActivity",
            "com.tencent.edu.module.setting.SystemSettingActivity",
            "com.tencent.edu.module.setting.TABContentActivity",
            "com.tencent.edu.module.setting.VersionInfoActivity",
            "com.tencent.edu.module.setting.v2.DebugAppActivityV2",
            "com.tencent.edu.module.shortvideo.ShortVideoActivity",
            "com.tencent.edu.module.shortvideo.ShortVideoLabelWebActivity",
            "com.tencent.edu.module.teacherdetail.TeacherDetailActivity",
            "com.tencent.edu.module.userinterest.FitLoadingActivity",
            "com.tencent.edu.module.userinterest.PreHomePageActivity",
            "com.tencent.edu.module.userinterest.UserInterestGuideActivity",
            "com.tencent.edu.module.vodplayer.FullScreenPlayActivity",
            "com.tencent.edu.module.webapi.WebOpenUrlActivity",
            "com.tencent.edu.module.webinfopages.CommonWebViewActivity",
            "com.tencent.edu.module.webinfopages.TeacherAgencyPageActivity",
            "com.tencent.edu.module.webinfopages.TeacherAgencyPageOriginActivity",
            "com.tencent.edu.module.webinfopages.WebViewAlphaBarActivity",
            "com.tencent.edu.webview.superFileView.FileDisplayActivity",
            "com.tencent.edu.wxapi.WXEntryActivity",
            "com.tencent.qcloud.logutils.LogActivity",
            "com.tencent.tauth.AuthActivity",
            "com.tencent.tinker.loader.hotplug.ActivityStubs$SGTKStub_00",
            "com.tencent.tinker.loader.hotplug.ActivityStubs$SGTKStub_00_T",
            "com.tencent.tinker.loader.hotplug.ActivityStubs$SGTKStub_01",
            "com.tencent.tinker.loader.hotplug.ActivityStubs$SGTKStub_01_T",
            "com.tencent.tinker.loader.hotplug.ActivityStubs$SGTKStub_02",
            "com.tencent.tinker.loader.hotplug.ActivityStubs$SGTKStub_02_T",
            "com.tencent.tinker.loader.hotplug.ActivityStubs$SGTKStub_03",
            "com.tencent.tinker.loader.hotplug.ActivityStubs$SGTKStub_04",
            "com.tencent.tinker.loader.hotplug.ActivityStubs$SGTKStub_05",
            "com.tencent.tinker.loader.hotplug.ActivityStubs$SGTKStub_06",
            "com.tencent.tinker.loader.hotplug.ActivityStubs$SGTKStub_07",
            "com.tencent.tinker.loader.hotplug.ActivityStubs$SGTKStub_08",
            "com.tencent.tinker.loader.hotplug.ActivityStubs$SGTKStub_09",
            "com.tencent.tinker.loader.hotplug.ActivityStubs$SGTStub_00",
            "com.tencent.tinker.loader.hotplug.ActivityStubs$SGTStub_00_T",
            "com.tencent.tinker.loader.hotplug.ActivityStubs$SGTStub_01",
            "com.tencent.tinker.loader.hotplug.ActivityStubs$SGTStub_01_T",
            "com.tencent.tinker.loader.hotplug.ActivityStubs$SGTStub_02",
            "com.tencent.tinker.loader.hotplug.ActivityStubs$SGTStub_02_T",
            "com.tencent.tinker.loader.hotplug.ActivityStubs$SGTStub_03",
            "com.tencent.tinker.loader.hotplug.ActivityStubs$SGTStub_04",
            "com.tencent.tinker.loader.hotplug.ActivityStubs$SGTStub_05",
            "com.tencent.tinker.loader.hotplug.ActivityStubs$SGTStub_06",
            "com.tencent.tinker.loader.hotplug.ActivityStubs$SGTStub_07",
            "com.tencent.tinker.loader.hotplug.ActivityStubs$SGTStub_08",
            "com.tencent.tinker.loader.hotplug.ActivityStubs$SGTStub_09",
            "com.tencent.tinker.loader.hotplug.ActivityStubs$SIStub_00",
            "com.tencent.tinker.loader.hotplug.ActivityStubs$SIStub_00_T",
            "com.tencent.tinker.loader.hotplug.ActivityStubs$SIStub_01",
            "com.tencent.tinker.loader.hotplug.ActivityStubs$SIStub_01_T",
            "com.tencent.tinker.loader.hotplug.ActivityStubs$SIStub_02",
            "com.tencent.tinker.loader.hotplug.ActivityStubs$SIStub_02_T",
            "com.tencent.tinker.loader.hotplug.ActivityStubs$SIStub_03",
            "com.tencent.tinker.loader.hotplug.ActivityStubs$SIStub_04",
            "com.tencent.tinker.loader.hotplug.ActivityStubs$SIStub_05",
            "com.tencent.tinker.loader.hotplug.ActivityStubs$SIStub_06",
            "com.tencent.tinker.loader.hotplug.ActivityStubs$SIStub_07",
            "com.tencent.tinker.loader.hotplug.ActivityStubs$SIStub_08",
            "com.tencent.tinker.loader.hotplug.ActivityStubs$SIStub_09",
            "com.tencent.tinker.loader.hotplug.ActivityStubs$STDStub_00",
            "com.tencent.tinker.loader.hotplug.ActivityStubs$STDStub_00_T",
            "com.tencent.tinker.loader.hotplug.ActivityStubs$STDStub_01",
            "com.tencent.tinker.loader.hotplug.ActivityStubs$STDStub_01_T",
            "com.tencent.tinker.loader.hotplug.ActivityStubs$STDStub_02",
            "com.tencent.tinker.loader.hotplug.ActivityStubs$STDStub_02_T",
            "com.tencent.tinker.loader.hotplug.ActivityStubs$STDStub_03",
            "com.tencent.tinker.loader.hotplug.ActivityStubs$STDStub_04",
            "com.tencent.tinker.loader.hotplug.ActivityStubs$STDStub_05",
            "com.tencent.tinker.loader.hotplug.ActivityStubs$STDStub_06",
            "com.tencent.tinker.loader.hotplug.ActivityStubs$STDStub_07",
            "com.tencent.tinker.loader.hotplug.ActivityStubs$STDStub_08",
            "com.tencent.tinker.loader.hotplug.ActivityStubs$STDStub_09",
            "com.vivo.push.sdk.LinkProxyClientActivity",
            "com.xiaomi.mipush.sdk.NotificationClickedActivity"
        ],
        "services": [
            "com.heytap.msp.push.service.CompatibleDataMessageCallbackService",
            "com.heytap.msp.push.service.DataMessageCallbackService",
            "com.huawei.agconnect.core.ServiceDiscovery",
            "com.huawei.android.hms.tpns.HWHmsMessageService",
            "com.huawei.hms.support.api.push.service.HmsMsgService",
            "com.meizu.cloud.pushsdk.NotificationService",
            "com.qq.e.comm.DownloadService",
            "com.tencent.android.tpush.rpc.XGRemoteService",
            "com.tencent.android.tpush.service.XGVipPushService",
            "com.tencent.edu.arm.player.service.MediaPlayerService",
            "com.tencent.edu.kernel.push.CSPush",
            "com.tencent.edu.kernel.tiny.TinyService",
            "com.tencent.edu.module.vodplayer.VodDownloadService",
            "com.tencent.edu.module.vodplayer.VodPlayService",
            "com.tencent.tinker.lib.service.DefaultTinkerResultService",
            "com.tencent.tinker.lib.service.TinkerPatchForeService",
            "com.tencent.tinker.lib.service.TinkerPatchService",
            "com.tencent.tinker.lib.service.TinkerPatchService$InnerService",
            "com.tencent.tinylogsdk.log.ServiceLogger",
            "com.tencent.tpns.mqttchannel.services.MqttService",
            "com.vivo.push.sdk.service.CommandClientService",
            "com.xiaomi.mipush.sdk.MessageHandleService",
            "com.xiaomi.mipush.sdk.PushMessageHandler",
            "com.xiaomi.push.service.XMJobService",
            "com.xiaomi.push.service.XMPushService",
            "tmsdk.common.KcBaseService"
        ],
        "receivers": [
            "com.huawei.hms.support.api.push.PushMsgReceiver",
            "com.huawei.hms.support.api.push.PushReceiver",
            "com.meizu.cloud.pushsdk.MzPushSystemReceiver",
            "com.tencent.android.mipush.XMPushMessageReceiver",
            "com.tencent.android.mzpush.MZPushMessageReceiver",
            "com.tencent.android.tpush.XGPushReceiver",
            "com.tencent.android.vivopush.VivoPushMessageReceiver",
            "com.tencent.edu.common.misc.NetworkState",
            "com.tencent.edu.module.audiovideo.session.AudioVideoBroadCastReceiver",
            "com.tencent.edu.module.ugcupload.videoupload.impl.TVCNetWorkStateReceiver",
            "com.tencent.edu.proto.push.xg.receiver.XGMessageReceiver",
            "com.tencent.reportsdk.utils.net.NetworkState",
            "com.xiaomi.push.service.receivers.NetworkStatusReceiver",
            "com.xiaomi.push.service.receivers.PingReceiver"
        ]
    },
    "stats": {
        "dex_count": 4,
        "native_lib_count": 58
    },
    "jadx": {
        "status": "ok",
        "duration_sec": 69.73,
        "sources_present": true,
        "java_file_count": 15434
    },
    "ast_analysis": {
        "location": 11,
        "microphone": 10,
        "camera": 101,
        "media_projection": 2,
        "dynamic_load": 0,
        "jni": 94
    },
    "analysis_state": "complete"
}