{
    "apk_name": "ED26FB72C118DA6458EB8A8EBEA9225978880ED610381B8D6E49049CD9AB242A",
    "sha256": "ed26fb72c118da6458eb8a8ebea9225978880ed610381b8d6e49049cd9ab242a",
    "metadata": {
        "package_name": "com.hexin.android.stocktrain",
        "version_code": "108",
        "version_name": "V5.5.3",
        "min_sdk": "21",
        "target_sdk": "26",
        "permissions": [
            "android.permission.ACCESS_COARSE_LOCATION",
            "android.permission.ACCESS_FINE_LOCATION",
            "android.permission.ACCESS_NETWORK_STATE",
            "android.permission.ACCESS_WIFI_STATE",
            "android.permission.BLUETOOTH",
            "android.permission.BROADCAST_STICKY",
            "android.permission.CAMERA",
            "android.permission.CAPTURE_VIDEO_OUTPUT",
            "android.permission.CHANGE_NETWORK_STATE",
            "android.permission.CLEAR_APP_CACHE",
            "android.permission.DELETE_CACHE_FILES",
            "android.permission.DEVICE_POWER",
            "android.permission.DISABLE_KEYGUARD",
            "android.permission.FLASHLIGHT",
            "android.permission.FOREGROUND_SERVICE",
            "android.permission.GET_TASKS",
            "android.permission.INTERNET",
            "android.permission.MODIFY_AUDIO_SETTINGS",
            "android.permission.MOUNT_UNMOUNT_FILESYSTEMS",
            "android.permission.NFC",
            "android.permission.READ_EXTERNAL_STORAGE",
            "android.permission.READ_LOGS",
            "android.permission.READ_PHONE_STATE",
            "android.permission.RECEIVE_BOOT_COMPLETED",
            "android.permission.RECORD_AUDIO",
            "android.permission.REQUEST_INSTALL_PACKAGES",
            "android.permission.RESTART_PACKAGES",
            "android.permission.SYSTEM_ALERT_WINDOW",
            "android.permission.SYSTEM_OVERLAY_WINDOW",
            "android.permission.VIBRATE",
            "android.permission.WAKE_LOCK",
            "android.permission.WRITE_EXTERNAL_STORAGE",
            "android.permission.WRITE_SETTINGS",
            "com.android.launcher.permission.INSTALL_SHORTCUT",
            "com.android.launcher.permission.READ_SETTINGS",
            "com.android.launcher.permission.UNINSTALL_SHORTCUT",
            "com.hexin.android.stocktrain.permission.MESSAGE_RECEIVER",
            "com.hexin.android.stocktrain.permission.MIPUSH_RECEIVE",
            "com.hexin.android.stocktrain.permission.MQTT_RECEIVE",
            "com.hexin.android.stocktrain.permission.NQTT_MESSAGE",
            "com.hexin.android.stocktrain.permission.PROCESS_PUSH_MSG",
            "com.hexin.android.stocktrain.permission.PUSH_PROVIDER",
            "com.huawei.android.launcher.permission.CHANGE_BADGE",
            "com.huawei.appmarket.service.commondata.permission.GET_COMMON_DATA",
            "org.simalliance.openmobileapi.SMARTCARD"
        ],
        "activities": [
            "com.alipay.sdk.app.H5PayActivity",
            "com.blankj.utilcode.util.UtilsTransActivity",
            "com.blankj.utilcode.util.UtilsTransActivity4MainProcess",
            "com.hexin.android.component.pllive.PLFullVideoActivity",
            "com.hexin.android.component.share.SinaWeiBoShare",
            "com.hexin.android.feedback.FeedBackActivity",
            "com.hexin.android.lgt.ShowBigImgActivity",
            "com.hexin.android.radio.LockScreenActivity",
            "com.hexin.android.stocktrain.wxapi.WXEntryActivity",
            "com.hexin.android.stocktrain.wxapi.WXPayEntryActivity",
            "com.hexin.android.weituo.component.SalesDepartmentListMapActivity",
            "com.hexin.b2c.android.liveplayercomponent.LiveActivity",
            "com.hexin.b2c.android.liveplayercomponent.NewAffinityLiveActivity",
            "com.hexin.b2c.android.videoplayer.videodrift.DriftPIPActivity",
            "com.hexin.dumptool.MainActivity",
            "com.hexin.plat.android.AboutUsActivity",
            "com.hexin.plat.android.AndroidLogoActivity",
            "com.hexin.plat.android.FileManagerActivity",
            "com.hexin.plat.android.Hexin",
            "com.hexin.plat.android.LandscapeActivity",
            "com.hexin.plat.android.LoginAndRegisterActivity",
            "com.hexin.plat.android.MiniLogoActivity",
            "com.hexin.plat.android.OpenAccountHelpActivity",
            "com.hexin.plat.android.ShowProtocolActivity",
            "com.hexin.plat.android.ThirdQsAppTransitionActivity",
            "com.hexin.plat.android.WebViewActivity",
            "com.hexin.plat.android.meigukaihu.MeiguKaihuActivity",
            "com.hexin.plat.android.meigukaihu.ShowIDCardImageActivity",
            "com.hexin.plat.android.meigukaihu.takephoto.TakePhotoActivity",
            "com.hexin.plat.kaihu.activity.BrowserActivity",
            "com.hexin.plat.kaihu.activity.ConfigActivity",
            "com.hexin.plat.kaihu.activity.FunctionActi",
            "com.hexin.plat.kaihu.activity.H5KaihuBrowserActi",
            "com.hexin.plat.kaihu.activity.HistoryRecordActi",
            "com.hexin.plat.kaihu.activity.KaihuListActi",
            "com.hexin.plat.kaihu.activity.LiveDetectionActivity",
            "com.hexin.plat.kaihu.activity.MainActi",
            "com.hexin.plat.kaihu.activity.ProvinceChooseActi",
            "com.hexin.plat.kaihu.activity.QsDetailActi",
            "com.hexin.plat.kaihu.activity.QsFilterByProvinceActi",
            "com.hexin.plat.kaihu.activity.QsSearchActivity",
            "com.hexin.plat.kaihu.activity.StartActivity",
            "com.hexin.plat.kaihu.activity.SubCommentActi",
            "com.hexin.plat.kaihu.activity.TakePhotoActivity",
            "com.hexin.plat.kaihu.activity.khstep.VideoActi",
            "com.hexin.plat.kaihu.activity.khstep.WaitingAndVideoActi",
            "com.hexin.plat.kaihu.activity.khstep.ZegoVideoActivity",
            "com.hexin.plat.kaihu.activity.khstep.video.AudioVideoRecordActi",
            "com.hexin.plat.kaihu.activity.khstep.video.TextVideoRecordActi",
            "com.hexin.plat.kaihu.activity.khstep.video.TtsRecordActi",
            "com.hexin.plat.kaihu.activity.khstep.video.VideoRecordAIActi",
            "com.hexin.plat.kaihu.pa.activity.VideoActivity",
            "com.hexin.train.common.PictureViewerActivity",
            "com.hexin.train.im.IMVoiceCallActivity",
            "com.hexin.train.live.WebcastLandscapeActivity",
            "com.hexin.train.locate.activity.CompletePersonalInfoActivity",
            "com.hexin.train.push.HuaweiPushHandleActivity",
            "com.hexin.train.push.OppoPushHandleActivity",
            "com.hexin.train.utils.ScanQrCodeActivity",
            "com.huawei.hms.activity.BridgeActivity",
            "com.huawei.hms.activity.EnableServiceActivity",
            "com.huawei.updatesdk.service.otaupdate.AppUpdateActivity",
            "com.huawei.updatesdk.support.pm.PackageInstallerActivity",
            "com.lzy.imagepicker.ui.FreeCropActivity",
            "com.lzy.imagepicker.ui.ImageBaseActivity",
            "com.lzy.imagepicker.ui.ImageCropActivity",
            "com.lzy.imagepicker.ui.ImageGridActivity",
            "com.lzy.imagepicker.ui.ImagePreviewActivity",
            "com.lzy.imagepicker.ui.ImagePreviewDelActivity",
            "com.ryg.dynamicload.proxy.DLActivityProxy",
            "com.ryg.dynamicload.proxy.DLFragmentActivityProxy",
            "com.sina.weibo.sdk.component.WeiboSdkBrowser",
            "com.tencent.connect.common.AssistActivity",
            "com.tencent.tauth.AuthActivity",
            "com.thinkive.mobile.account_pa.activity.CommonWebActivity",
            "com.thinkive.mobile.account_pa.activity.MainActivity",
            "com.thinkive.mobile.account_pa.activity.WebActivity",
            "com.thinkive.mobile.account_pa.camera.CameraActivity",
            "com.thinkive.mobile.account_pa.camera.CameraFirstHorActivity",
            "com.thinkive.mobile.account_pa.camera.CameraFirstVirActivity",
            "com.thinkive.mobile.account_pa.camera.CameraVirActivity",
            "com.thinkive.mobile.account_pa.image.AdvancedImageUploadAlbumActivity",
            "com.thinkive.mobile.account_pa.image.AdvancedImageUploadCameraActivity",
            "com.thinkive.mobile.account_pa.image.AdvancedImageUploadCameraVirActivity",
            "com.unionpay.uppay.PayActivity",
            "com.uuzuche.lib_zxing.activity.CaptureActivity",
            "exocr.bankcard.CardRecoActivity",
            "exocr.cardrec.CaptureActivity",
            "exocr.idcard.CaptureActivity"
        ],
        "services": [
            "com.baidu.location.f",
            "com.blankj.utilcode.util.MessengerUtils$ServerService",
            "com.hexin.android.component.audio.AudioPlayService",
            "com.hexin.android.component.pllive.PLAudioService",
            "com.hexin.android.pushservice.PushService",
            "com.hexin.android.radio.player.AudioPlayService",
            "com.hexin.android.service.update.AppUpgradeService",
            "com.hexin.android.supprtthirdqs.aidl.QSCommunicationService",
            "com.hexin.imsdk.mq.service.MQService",
            "com.hexin.imsdk.service.HXIMService",
            "com.hexin.plat.android.CommunicationService",
            "com.hexin.plat.android.OdexService",
            "com.hexin.train.im.IMVoiceCallService",
            "com.hexin.train.push.HuaweiMessageService",
            "com.hexin.train.push.OppoCompatMessageService",
            "com.hexin.train.push.OppoMessageService",
            "com.hexin.train.service.WebcastAudioService",
            "com.huawei.agconnect.core.ServiceDiscovery",
            "com.huawei.hms.support.api.push.service.HmsMsgService",
            "com.liulishuo.filedownloader.services.FileDownloadService$SeparateProcessService",
            "com.liulishuo.filedownloader.services.FileDownloadService$SharedMainProcessService",
            "com.myhexin.customSynthesize.library.session.CommunicationService",
            "com.myhexin.recognize.library.longSpeech.session.CommunicationService",
            "com.ryg.dynamicload.proxy.DLServiceProxy",
            "com.xiaomi.mipush.sdk.MessageHandleService",
            "com.xiaomi.mipush.sdk.PushMessageHandler",
            "com.xiaomi.push.service.XMJobService",
            "com.xiaomi.push.service.XMPushService"
        ],
        "receivers": [
            "com.hexin.android.pushservice.MethodReceiver",
            "com.hexin.android.service.update.FileRetryConnectionChangeReceiver",
            "com.hexin.app.QuitWeiTuoReceiver",
            "com.hexin.imsdk.msg.receiver.MessageReceiver",
            "com.hexin.plat.android.ConnectionChangeReceiver",
            "com.hexin.plat.android.JumpFromOtherAppReceiver",
            "com.hexin.plat.android.LanguageChangeReceiver",
            "com.hexin.plat.android.app.SMSReceiver",
            "com.hexin.train.push.PushMessageReceiver",
            "com.hexin.train.push.XiaomiMessageReceiver",
            "com.huawei.hms.support.api.push.PushMsgReceiver",
            "com.huawei.hms.support.api.push.PushReceiver",
            "com.xiaomi.push.service.receivers.NetworkStatusReceiver",
            "com.xiaomi.push.service.receivers.PingReceiver"
        ]
    },
    "stats": {
        "dex_count": 3,
        "native_lib_count": 50
    },
    "jadx": {
        "status": "ok",
        "duration_sec": 48.86,
        "sources_present": true,
        "java_file_count": 17544
    },
    "ast_analysis": {
        "location": 4,
        "microphone": 9,
        "camera": 122,
        "media_projection": 4,
        "dynamic_load": 0,
        "jni": 39
    },
    "analysis_state": "complete"
}