{
    "apk_name": "1BF4C421E7AA2F9266D475ACF0D30421CDF3EFBE90F546DF740BDE92D7EFA254",
    "sha256": "1bf4c421e7aa2f9266d475acf0d30421cdf3efbe90f546df740bde92d7efa254",
    "metadata": {
        "package_name": "com.pearlabyss.pearlapp",
        "version_code": "399",
        "version_name": "2.4.97",
        "min_sdk": "23",
        "target_sdk": "30",
        "permissions": [
            "android.permission.ACCESS_NETWORK_STATE",
            "android.permission.ACCESS_WIFI_STATE",
            "android.permission.INTERNET",
            "android.permission.READ_EXTERNAL_STORAGE",
            "android.permission.RECEIVE_BOOT_COMPLETED",
            "android.permission.USE_FINGERPRINT",
            "android.permission.VIBRATE",
            "android.permission.WAKE_LOCK",
            "android.permission.WRITE_EXTERNAL_STORAGE",
            "com.google.android.c2dm.permission.RECEIVE",
            "com.google.android.finsky.permission.BIND_GET_INSTALL_REFERRER_SERVICE"
        ],
        "activities": [
            "com.facebook.CustomTabActivity",
            "com.facebook.CustomTabMainActivity",
            "com.facebook.FacebookActivity",
            "com.facebook.react.devsupport.DevSettingsActivity",
            "com.google.android.gms.common.api.GoogleApiActivity",
            "com.pearlabyss.pearlapp.MainActivity"
        ],
        "services": [
            "com.google.android.gms.measurement.AppMeasurementJobService",
            "com.google.android.gms.measurement.AppMeasurementService",
            "com.google.firebase.components.ComponentDiscoveryService",
            "com.google.firebase.messaging.FirebaseMessagingService",
            "io.invertase.firebase.messaging.RNFirebaseBackgroundMessagingService",
            "io.invertase.firebase.messaging.RNFirebaseMessagingService"
        ],
        "receivers": [
            "com.facebook.CurrentAccessTokenExpirationBroadcastReceiver",
            "com.google.android.gms.measurement.AppMeasurementInstallReferrerReceiver",
            "com.google.android.gms.measurement.AppMeasurementReceiver",
            "com.google.firebase.iid.FirebaseInstanceIdReceiver",
            "com.learnium.RNDeviceInfo.RNDeviceReceiver",
            "io.invertase.firebase.notifications.RNFirebaseNotificationReceiver",
            "io.invertase.firebase.notifications.RNFirebaseNotificationsRebootReceiver"
        ]
    },
    "stats": {
        "dex_count": 1,
        "native_lib_count": 36
    },
    "jadx": {
        "status": "ok",
        "duration_sec": 2.38,
        "sources_present": true,
        "java_file_count": 12
    },
    "ast_analysis": {
        "location": 0,
        "microphone": 0,
        "camera": 0,
        "media_projection": 0,
        "dynamic_load": 0,
        "jni": 1
    },
    "analysis_state": "complete"
}