{
    "apk_name": "D39156001A7C679C1BCAD8C9C5AB7F262DA39884D09714E46FF0CDF234A40B8F",
    "sha256": "d39156001a7c679c1bcad8c9c5ab7f262da39884d09714e46ff0cdf234a40b8f",
    "metadata": {
        "package_name": "com.dlmetro.app",
        "version_code": "62",
        "version_name": "4.2.1",
        "min_sdk": "21",
        "target_sdk": "26",
        "permissions": [
            "android.permission.ACCESS_BACKGROUND_LOCATION",
            "android.permission.ACCESS_COARSE_LOCATION",
            "android.permission.ACCESS_COARSE_UPDATES",
            "android.permission.ACCESS_DOWNLOAD_MANAGER",
            "android.permission.ACCESS_FINE_LOCATION",
            "android.permission.ACCESS_NETWORK_STATE",
            "android.permission.ACCESS_WIFI_STATE",
            "android.permission.BLUETOOTH",
            "android.permission.BLUETOOTH_ADMIN",
            "android.permission.CALL_PHONE",
            "android.permission.CAMERA",
            "android.permission.CHANGE_NETWORK_STATE",
            "android.permission.CHANGE_WIFI_STATE",
            "android.permission.DISABLE_KEYGUARD",
            "android.permission.DOWNLOAD_WITHOUT_NOTIFICATION",
            "android.permission.FOREGROUND_SERVICE",
            "android.permission.GET_TASKS",
            "android.permission.INSTALL_PACKAGES",
            "android.permission.INTERNET",
            "android.permission.NFC",
            "android.permission.READ_EXTERNAL_STORAGE",
            "android.permission.READ_LOGS",
            "android.permission.READ_PHONE_NUMBERS",
            "android.permission.READ_PHONE_STATE",
            "android.permission.RECEIVE_BOOT_COMPLETED",
            "android.permission.RECEIVE_USER_PRESENT",
            "android.permission.RECORD_AUDIO",
            "android.permission.REQUEST_INSTALL_PACKAGES",
            "android.permission.SYSTEM_OVERLAY_WINDOW",
            "android.permission.USE_FINGERPRINT",
            "android.permission.USE_FULL_SCREEN_INTENT",
            "android.permission.VIBRATE",
            "android.permission.WAKE_LOCK",
            "android.permission.WRITE_EXTERNAL_STORAGE",
            "com.coloros.mcs.permission.RECIEVE_MCS_MESSAGE",
            "com.dlmetro.app.andpermission.bridge",
            "com.dlmetro.app.permission.C2D_MESSAGE",
            "com.dlmetro.app.permission.MIPUSH_RECEIVE",
            "com.dlmetro.app.permission.PROCESS_PUSH_MSG",
            "com.dlmetro.app.permission.PUSH_PROVIDER",
            "com.dlmetro.app.push.permission.MESSAGE",
            "com.heytap.mcs.permission.RECIEVE_MCS_MESSAGE",
            "com.huawei.appmarket.service.commondata.permission.GET_COMMON_DATA",
            "com.meizu.c2dm.permission.RECEIVE",
            "com.meizu.flyme.push.permission.RECEIVE",
            "getui.permission.GetuiService.com.dlmetro.app",
            "org.simalliance.openmobileapi.SMARTCARD"
        ],
        "activities": [
            "bwton.com.bwtonpay.business.aliauthrealname.AliRealNameActivity",
            "bwton.com.bwtonpay.business.parkingpay.ParkingConfirmPayActivity",
            "bwton.com.bwtonpay.business.parkingresult.ParkingResultActivity",
            "bwton.com.bwtonpay.business.pay.ConfirmPayActivity",
            "bwton.com.bwtonpay.business.unionpay.UnionPayActivity",
            "bwton.com.bwtonpay.business.unionpay.UnionPaySignActivity",
            "cmbapi.CMBApiEntryActivity",
            "com.alipay.sdk.app.AlipayResultActivity",
            "com.alipay.sdk.app.H5AuthActivity",
            "com.alipay.sdk.app.H5OpenAuthActivity",
            "com.alipay.sdk.app.H5PayActivity",
            "com.alipay.sdk.app.PayResultActivity",
            "com.bwt.privacy.widget.acitivity.PushConfigListActivity",
            "com.bwt.privacy.widget.acitivity.ThirdAuthPermissionActivity",
            "com.bwton.android.h5.BwtLocalWebActivity",
            "com.bwton.business.views.SearchActivity",
            "com.bwton.business.views.SearchResultActivity",
            "com.bwton.jsbridge.view.BwtWebViewActivity",
            "com.bwton.metro.PushDispatcherActivity",
            "com.bwton.metro.authid.business.accountopen.AccountOpenActivity",
            "com.bwton.metro.authid.business.addbankcard.AddBankActivity",
            "com.bwton.metro.authid.business.autonymverify.AutonymVerifyActivity",
            "com.bwton.metro.authid.business.bankverify.BankVerifyActivity",
            "com.bwton.metro.authid.business.bindcard.BindCardActivity",
            "com.bwton.metro.authid.business.bindcard.PayActivity",
            "com.bwton.metro.authid.business.realnameauth.RealNameAuthVerifyActivity",
            "com.bwton.metro.authid.business.setrealname.SetRealName3EActivity",
            "com.bwton.metro.authid.business.setrealname.SetRealNameActivity",
            "com.bwton.metro.base.PageNotFoundActivity",
            "com.bwton.metro.base.webview.BwtCommonWebviewActivity",
            "com.bwton.metro.base.webview.BwtCustomWebviewActivity",
            "com.bwton.metro.base.webview.BwtLvMaMaWebviewActivity",
            "com.bwton.metro.base.webview.BwtTweetsWebviewActivity",
            "com.bwton.metro.base.webview.BwtWebviewActivity",
            "com.bwton.metro.bwtadui.business.popup.PopDialogFixActivity",
            "com.bwton.metro.city.business.views.CityListActivity",
            "com.bwton.metro.homebusiness.views.BWTHomeMenuEditActivity",
            "com.bwton.metro.language.LanguageActivity",
            "com.bwton.metro.lanuch.LanuchActivity",
            "com.bwton.metro.lanuch.intro.IntroActivity",
            "com.bwton.metro.lanuch.intro.NanJingIntroActivity",
            "com.bwton.metro.message.business.views.MessageListActivity",
            "com.bwton.metro.message.business.views.MessageTypeActivity",
            "com.bwton.metro.mine.common.business.views.AboutUsActivity",
            "com.bwton.metro.mine.common.business.views.FeedbackActivity",
            "com.bwton.metro.mine.common.business.views.InviteActivity",
            "com.bwton.metro.mine.common.business.views.SettingActivity",
            "com.bwton.metro.permission.PermissionActivity",
            "com.bwton.metro.permission.PrivacySettingActivity",
            "com.bwton.metro.push.PushLiveActivity",
            "com.bwton.metro.qrcode.activity.CaptureActivity",
            "com.bwton.metro.qrcode.activity.QrScanActivity",
            "com.bwton.metro.qrcode.activity.ScanCodeErrorResultActivity",
            "com.bwton.metro.ridecode.business.views.RideCodeActivity",
            "com.bwton.metro.ridecode.business.webview.BwtQrCodeWebviewActivity",
            "com.bwton.metro.ridecodebysdk.business.views.InactivatedActivity",
            "com.bwton.metro.ridecodebysdk.business.views.RideCodeActivity",
            "com.bwton.metro.scene.SceneMapActivity",
            "com.bwton.metro.scene.carddetail.CardDetailActivity",
            "com.bwton.metro.scene.carddetail.SiteDetailsActivity",
            "com.bwton.metro.tabindicator.business.GuideActivity",
            "com.bwton.metro.tabindicator.business.MainTabActivity",
            "com.bwton.metro.userinfo.business.views.ChengGuiUserInfoActivity",
            "com.bwton.metro.userinfo.business.views.ModifyMobileActivity",
            "com.bwton.metro.userinfo.business.views.ModifyNicknameActivity",
            "com.bwton.metro.userinfo.business.views.UserInfoActivity",
            "com.bwton.metro.usermanager.business.agreement.AgreementPopDialogActivity",
            "com.bwton.metro.usermanager.business.code.views.VerifyCodeActivity",
            "com.bwton.metro.usermanager.business.login.views.FingerPrintLoginActivity",
            "com.bwton.metro.usermanager.business.login.views.NewPwdLoginActivity",
            "com.bwton.metro.usermanager.business.login.views.PwdLoginActivity",
            "com.bwton.metro.usermanager.business.login.views.QuickLoginActivity",
            "com.bwton.metro.usermanager.business.mobile.views.MobileActivity",
            "com.bwton.metro.usermanager.business.pwd.views.PwdActivity",
            "com.bwton.metro.usermanager.business.pwd.views.RepeatPwdActivity",
            "com.bwton.metro.usermanager.business.register.views.RegisterActivity",
            "com.bwton.metro.usermanager.business.resetpwd.views.ModifyPwdActivity",
            "com.bwton.metro.usermanager.business.resetpwd.views.ResetPwdActivity",
            "com.bwton.metro.wallet.business.bankcard.BankListActivity",
            "com.bwton.metro.wallet.business.bankcard_v2.BankListActivity",
            "com.bwton.metro.wallet.business.coupon.CouponActivity",
            "com.bwton.metro.wallet.business.moneymain.MoneyAccountActivity",
            "com.bwton.metro.wallet.business.payorder.PayOrderActivity",
            "com.bwton.metro.wallet.business.recharge.cardmeal.CardMealActivity",
            "com.bwton.metro.wallet.business.recharge.moneymeal.MoneyMealActivity",
            "com.bwton.metro.wallet.business.recharge.newui.RechargeActivity",
            "com.bwton.metro.wallet.business.refund.refundhistroy.RefundSchduleListActivity",
            "com.bwton.metro.wallet.business.refund.refundschedule.RefundScheduleActivity",
            "com.bwton.metro.wallet.business.refund.refundsubmit.RefundActivity",
            "com.bwton.metro.wallet.business.traderecord.tradedetail.TradeDetailActivity",
            "com.bwton.metro.wallet.business.traderecord.traderecord.TradeRecordActivity",
            "com.bwton.metro.wallet.business.wallet.WalletIndexActivity",
            "com.bwton.pekeyboard.business.BwtonPEKbdActivity",
            "com.bwton.permission.bridge.BridgeActivity",
            "com.bwton.photoalbum.AlbumIndexActivity",
            "com.bwton.photoalbum.album.BwtPicSelectActivity",
            "com.bwton.qrcodepay.business.migrate.changepaypw.views.ChangePayPWActivity",
            "com.bwton.qrcodepay.business.migrate.changepaypw.views.ConfirmPayPwActivity",
            "com.bwton.qrcodepay.business.migrate.initiativescan.views.InitiativeScanActivity",
            "com.bwton.qrcodepay.business.migrate.initiativescan.views.InitiativeScanConfirmActivity",
            "com.bwton.qrcodepay.business.migrate.initiativescan.views.InitiativeScanResultActivity",
            "com.bwton.qrcodepay.business.migrate.passivityscan.views.PassivityScanActivity",
            "com.bwton.qrcodepay.business.migrate.passivityscan.views.PassivityScanBusActivity",
            "com.bwton.qrcodepay.business.migrate.passivityscan.views.PassivityScanResultActivity",
            "com.bwton.qrcodepay.business.migrate.payline.views.PayLineActivity",
            "com.bwton.qrcodepay.business.migrate.paymanager.views.PayManagerActivity",
            "com.bwton.qrcodepay.business.migrate.resetpaypw.views.ResetPayPWActivity",
            "com.bwton.qrcodepay.business.resultsuccess.ResultSuccessActivity",
            "com.bwton.rnbase.view.BwtRNActivity",
            "com.bwton.router.RouteDispatchActivity",
            "com.bwton.sdk.cashier.BwtCashierActivity",
            "com.bwton.yisdk.jsbridge.view.BwtYXHybirdActivity",
            "com.bwton.yisdk.webview.BwtQrCodeWebviewActivity",
            "com.cmic.sso.sdk.activity.LoginAuthActivity",
            "com.csii.powerenter.PEKbdActivity",
            "com.dlmetro.app.MainActivity",
            "com.dlmetro.app.permission.PermissionActivity",
            "com.dlmetro.app.permission.PrivacySettingActivity",
            "com.dlmetro.app.wxapi.CMBPayEntryActivity",
            "com.dlmetro.app.wxapi.WXEntryActivity",
            "com.dlmetro.app.wxapi.WXPayEntryActivity",
            "com.facebook.react.devsupport.DevSettingsActivity",
            "com.huawei.hms.activity.BridgeActivity",
            "com.huawei.hms.activity.EnableServiceActivity",
            "com.huawei.updatesdk.service.otaupdate.AppUpdateActivity",
            "com.huawei.updatesdk.support.pm.PackageInstallerActivity",
            "com.igexin.sdk.GActivity",
            "com.igexin.sdk.PushActivity",
            "com.m7.imkfsdk.MoorWebCenter",
            "com.m7.imkfsdk.RobotActivity",
            "com.m7.imkfsdk.chat.ChatActivity",
            "com.m7.imkfsdk.chat.CommonDetailQuestionActivity",
            "com.m7.imkfsdk.chat.CommonQuestionsActivity",
            "com.m7.imkfsdk.chat.ImageViewLookActivity",
            "com.m7.imkfsdk.chat.OfflineMessageActicity",
            "com.m7.imkfsdk.chat.ScheduleOfflineMessageActivity",
            "com.m7.imkfsdk.chat.YKFVideoActivity",
            "com.mobile.auth.gatewayauth.LoginAuthActivity",
            "com.mobile.auth.gatewayauth.activity.AuthWebVeiwActivity",
            "com.out.UPAuthActivity",
            "com.snpay.sdk.app.H5PayActivity",
            "com.snpay.sdk.app.PayModeSelectActivity",
            "com.snpay.sdk.app.TransparentCallBackActivity",
            "com.tencent.connect.common.AssistActivity",
            "com.tencent.tauth.AuthActivity",
            "com.unionpay.UPPayWapActivity",
            "com.unionpay.uppay.PayActivity"
        ],
        "services": [
            "com.alipay.mobile.common.logging.process.LogServiceInToolsProcess",
            "com.baidu.location.f",
            "com.bwton.metro.push.BwtIntentService",
            "com.bwton.metro.push.BwtPushService",
            "com.bwton.permission.bridge.BridgeService",
            "com.getui.gtc.GtcService",
            "com.huawei.agconnect.core.ServiceDiscovery",
            "com.huawei.hms.support.api.push.service.HmsMsgService",
            "com.igexin.sdk.HmsPushMessageService",
            "com.igexin.sdk.OppoAppPushService",
            "com.igexin.sdk.OppoPushService",
            "com.igexin.sdk.PushService",
            "com.meizu.cloud.pushsdk.NotificationService",
            "com.moor.imkf.service.IMService",
            "com.moor.imkf.websocket.SocketService",
            "com.shmetro.library.service.BlueToothService",
            "com.vivo.push.sdk.service.CommandClientService",
            "com.xiaomi.mipush.sdk.MessageHandleService",
            "com.xiaomi.mipush.sdk.PushMessageHandler",
            "com.xiaomi.push.service.XMJobService",
            "com.xiaomi.push.service.XMPushService"
        ],
        "receivers": [
            "com.huawei.hms.support.api.push.PushMsgReceiver",
            "com.huawei.hms.support.api.push.PushReceiver",
            "com.igexin.sdk.FlymePushReceiver",
            "com.igexin.sdk.MiuiPushReceiver",
            "com.igexin.sdk.PushReceiver",
            "com.igexin.sdk.VivoPushMessageReceiver",
            "com.m7.imkfsdk.receiver.NewMsgReceiver",
            "com.xiaomi.push.service.receivers.NetworkStatusReceiver",
            "com.xiaomi.push.service.receivers.PingReceiver"
        ],
        "permission_details": {
            "android.permission.ACCESS_BACKGROUND_LOCATION": "dangerous",
            "android.permission.ACCESS_COARSE_LOCATION": "dangerous",
            "android.permission.ACCESS_COARSE_UPDATES": "unknown",
            "android.permission.ACCESS_DOWNLOAD_MANAGER": "unknown",
            "android.permission.ACCESS_FINE_LOCATION": "dangerous",
            "android.permission.ACCESS_NETWORK_STATE": "normal",
            "android.permission.ACCESS_WIFI_STATE": "normal",
            "android.permission.BLUETOOTH": "normal",
            "android.permission.BLUETOOTH_ADMIN": "normal",
            "android.permission.CALL_PHONE": "dangerous",
            "android.permission.CAMERA": "dangerous",
            "android.permission.CHANGE_NETWORK_STATE": "normal",
            "android.permission.CHANGE_WIFI_STATE": "normal",
            "android.permission.DISABLE_KEYGUARD": "normal",
            "android.permission.DOWNLOAD_WITHOUT_NOTIFICATION": "unknown",
            "android.permission.FOREGROUND_SERVICE": "normal",
            "android.permission.GET_TASKS": "unlaballed",
            "android.permission.INSTALL_PACKAGES": "unlaballed",
            "android.permission.INTERNET": "normal",
            "android.permission.NFC": "normal",
            "android.permission.READ_EXTERNAL_STORAGE": "dangerous",
            "android.permission.READ_LOGS": "unlaballed",
            "android.permission.READ_PHONE_NUMBERS": "dangerous",
            "android.permission.READ_PHONE_STATE": "dangerous",
            "android.permission.RECEIVE_BOOT_COMPLETED": "normal",
            "android.permission.RECEIVE_USER_PRESENT": "unknown",
            "android.permission.RECORD_AUDIO": "dangerous",
            "android.permission.REQUEST_INSTALL_PACKAGES": "signature",
            "android.permission.SYSTEM_OVERLAY_WINDOW": "unknown",
            "android.permission.USE_FINGERPRINT": "normal",
            "android.permission.USE_FULL_SCREEN_INTENT": "normal",
            "android.permission.VIBRATE": "normal",
            "android.permission.WAKE_LOCK": "normal",
            "android.permission.WRITE_EXTERNAL_STORAGE": "dangerous",
            "com.coloros.mcs.permission.RECIEVE_MCS_MESSAGE": "unknown",
            "com.dlmetro.app.andpermission.bridge": "unknown",
            "com.dlmetro.app.permission.C2D_MESSAGE": "unknown",
            "com.dlmetro.app.permission.MIPUSH_RECEIVE": "unknown",
            "com.dlmetro.app.permission.PROCESS_PUSH_MSG": "unknown",
            "com.dlmetro.app.permission.PUSH_PROVIDER": "unknown",
            "com.dlmetro.app.push.permission.MESSAGE": "unknown",
            "com.heytap.mcs.permission.RECIEVE_MCS_MESSAGE": "unknown",
            "com.huawei.appmarket.service.commondata.permission.GET_COMMON_DATA": "unknown",
            "com.meizu.c2dm.permission.RECEIVE": "unknown",
            "com.meizu.flyme.push.permission.RECEIVE": "unknown",
            "getui.permission.GetuiService.com.dlmetro.app": "unknown",
            "org.simalliance.openmobileapi.SMARTCARD": "unknown"
        },
        "risk_counts": {
            "dangerous": 10,
            "unknown": 18,
            "normal": 15,
            "unlaballed": 3,
            "signature": 1
        }
    },
    "stats": {
        "dex_count": 1,
        "native_lib_count": 80
    },
    "jadx": {
        "status": "ok",
        "duration_sec": 2.84,
        "sources_present": true,
        "java_file_count": 50
    },
    "ast_analysis": {
        "location": 0,
        "microphone": 0,
        "camera": 2,
        "media_projection": 0,
        "dynamic_load": 0,
        "jni": 4
    },
    "analysis_state": "complete"
}