{
    "apk_name": "C45A0A30829109AE647F2F1CEE9729C8532B10ECD555DC45AF95A90F6E8CA10F",
    "sha256": "c45a0a30829109ae647f2f1cee9729c8532b10ecd555dc45af95a90f6e8ca10f",
    "metadata": {
        "package_name": "com.facemoji.lite.xiaomi.gp",
        "version_code": "497",
        "version_name": "2.4.8",
        "min_sdk": "15",
        "target_sdk": "28",
        "permissions": [
            "android.permission.ACCESS_NETWORK_STATE",
            "android.permission.ACCESS_NOTIFICATION_POLICY",
            "android.permission.ACCESS_WIFI_STATE",
            "android.permission.AUTHENTICATE_ACCOUNTS",
            "android.permission.BIND_ACCESSIBILITY_SERVICE",
            "android.permission.GET_ACCOUNTS",
            "android.permission.INTERNET",
            "android.permission.READ_EXTERNAL_STORAGE",
            "android.permission.READ_PROFILE",
            "android.permission.READ_SYNC_SETTINGS",
            "android.permission.READ_USER_DICTIONARY",
            "android.permission.RECEIVE_BOOT_COMPLETED",
            "android.permission.RECORD_AUDIO",
            "android.permission.SYSTEM_ALERT_WINDOW",
            "android.permission.VIBRATE",
            "android.permission.WRITE_EXTERNAL_STORAGE",
            "android.permission.WRITE_SETTINGS",
            "android.permission.WRITE_SYNC_SETTINGS",
            "android.permission.WRITE_USER_DICTIONARY",
            "com.android.launcher.permission.INSTALL_SHORTCUT",
            "com.facemoji.lite.xiaomi.permission.C2D_MESSAGE",
            "com.gbu.facemojiconfigapp.REC_QACOMMAND",
            "com.google.android.finsky.permission.BIND_GET_INSTALL_REFERRER_SERVICE"
        ],
        "activities": [
            "com.android.inputmethod.dictionarypack.DownloadOverMeteredDialog",
            "com.baidu.performance.monitor.block.ui.DisplayActivity",
            "com.baidu.simeji.debug.DebugActivity",
            "com.baidu.simeji.funnyimoji.FunnyImojiActivity",
            "com.baidu.simeji.funnyimoji.FunnyImojiCreateActivity",
            "com.baidu.simeji.funnyimoji.FunnyPreviewActivity",
            "com.baidu.simeji.kdblayout.KbdLayoutActivity",
            "com.baidu.simeji.permission.PermissionActivity",
            "com.baidu.simeji.permission.PermissionGuideActivity",
            "com.baidu.simeji.plutus.business.WebSearchActivity",
            "com.baidu.simeji.ranking.view.container.DicDialogActivity",
            "com.baidu.simeji.ranking.view.container.RankingTagActivity",
            "com.baidu.simeji.ranking.view.container.RankingTipsActivity",
            "com.baidu.simeji.self.SelfActivity",
            "com.baidu.simeji.settings.AgreementActivity",
            "com.baidu.simeji.settings.EmojiStyleSettingActivity",
            "com.baidu.simeji.settings.FaqActivity",
            "com.baidu.simeji.settings.FeedbackActivity",
            "com.baidu.simeji.settings.InputMethodSubtypeSettingActivity",
            "com.baidu.simeji.settings.InvokeIMEActivity",
            "com.baidu.simeji.settings.ManageSpaceActivity",
            "com.baidu.simeji.settings.MixedInputLanguageActivity",
            "com.baidu.simeji.settings.PowerSaveActivity",
            "com.baidu.simeji.settings.PrivacyActivity",
            "com.baidu.simeji.settings.SettingsActivity",
            "com.baidu.simeji.settings.SettingsNoneActivity",
            "com.baidu.simeji.settings.Voice2SettingActivity",
            "com.baidu.simeji.settings.guide.AgreeGuideActivity",
            "com.baidu.simeji.settings.guide.GuideActivateActivity",
            "com.baidu.simeji.settings.guide.GuideSelectLanguageActivity",
            "com.baidu.simeji.settings.guide.GuideSelectSkinActivity",
            "com.baidu.simeji.settings.guide.GuidingForUserActivity",
            "com.baidu.simeji.skins.CustomAreaActivity",
            "com.baidu.simeji.skins.CustomSkinDetailActivity",
            "com.baidu.simeji.skins.MessengerEntryActivity",
            "com.baidu.simeji.skins.SkinCategoryActivity",
            "com.baidu.simeji.skins.SkinCategoryDetailActivity",
            "com.baidu.simeji.skins.SkinDetailActivity",
            "com.baidu.simeji.skins.SkinIndexActivity",
            "com.baidu.simeji.skins.SkinRankingActivity",
            "com.baidu.simeji.skins.customskin.CustomSkinActivity",
            "com.baidu.simeji.skins.customskin.cropper.CropActivity",
            "com.baidu.simeji.skins.customskin.imagepicker.ImagePickerActivity",
            "com.baidu.simeji.sticker.StickerDetailActivity",
            "com.baidu.simeji.sticker.StickerMessengerActivity",
            "com.baidu.simeji.util.MessengerShareActivity",
            "com.facebook.CustomTabActivity",
            "com.facebook.CustomTabMainActivity",
            "com.facebook.FacebookActivity",
            "com.google.android.gms.ads.AdActivity",
            "com.google.android.gms.ads.purchase.InAppPurchaseActivity",
            "com.google.android.gms.auth.api.signin.internal.SignInHubActivity",
            "com.google.android.gms.common.api.GoogleApiActivity",
            "com.simejikeyboard.plutus.activities.EmptyActivity",
            "com.simejikeyboard.plutus.business.data.sug.track.GmLoadingActivity",
            "com.simejikeyboard.plutus.websupport.H5EmptyActivity",
            "com.simejikeyboard.plutus.websupport.JumpHelperActivity",
            "com.simejikeyboard.plutus.websupport.PandoraWebViewActivity"
        ],
        "services": [
            "com.android.inputmethod.dictionarypack.DictionaryService",
            "com.baidu.simeji.SimejiIME",
            "com.baidu.simeji.common.push.MessageService",
            "com.baidu.simeji.common.push.OperationService",
            "com.baidu.simeji.common.statistic.StatisticService",
            "com.baidu.simeji.sync.AuthenticatorService",
            "com.baidu.simeji.sync.SyncService",
            "com.baidu.speech.VoiceRecognitionService",
            "com.google.android.gms.auth.api.signin.RevocationBoundService"
        ],
        "receivers": [
            "com.android.inputmethod.dictionarypack.EventHandler",
            "com.android.inputmethod.latin.personalization.DictionaryDecayBroadcastReciever",
            "com.appsflyer.MultipleInstallBroadcastReceiver",
            "com.baidu.simeji.common.push.WakeupBroadcastReceiver",
            "com.baidu.simeji.common.receivers.NetworkChangeReceiver",
            "com.baidu.simeji.common.scheduler.SchedulerBroadcastReceiver",
            "com.baidu.simeji.common.statistic.GlobalMessageReceiver",
            "com.baidu.simeji.common.statistic.StatisticReceiver",
            "com.baidu.simeji.common.util.ExternalStrageUtil$SdBroadCastReceiver",
            "com.baidu.simeji.debug.DebugReceiver",
            "com.baidu.simeji.dpreference.SharePreferenceReceiver",
            "com.baidu.simeji.inputmethod.subtype.SystemLocaleChangedReceiver",
            "com.baidu.simeji.keyboard.commom.KeyboardGlobalReceiver",
            "com.baidu.simeji.keyboard.commom.PushGlobalReceiver",
            "com.baidu.simeji.keyboard.commom.SkinGlobalReceiver",
            "com.baidu.simeji.skins.ExtSkinBroadcastReceiver",
            "com.baidu.simeji.voice.SuggestionSpanPickedNotificationReceiver"
        ],
        "permission_details": {
            "android.permission.ACCESS_NETWORK_STATE": "normal",
            "android.permission.ACCESS_NOTIFICATION_POLICY": "normal",
            "android.permission.ACCESS_WIFI_STATE": "normal",
            "android.permission.AUTHENTICATE_ACCOUNTS": "unknown",
            "android.permission.BIND_ACCESSIBILITY_SERVICE": "signature",
            "android.permission.GET_ACCOUNTS": "dangerous",
            "android.permission.INTERNET": "normal",
            "android.permission.READ_EXTERNAL_STORAGE": "dangerous",
            "android.permission.READ_PROFILE": "unknown",
            "android.permission.READ_SYNC_SETTINGS": "normal",
            "android.permission.READ_USER_DICTIONARY": "unknown",
            "android.permission.RECEIVE_BOOT_COMPLETED": "normal",
            "android.permission.RECORD_AUDIO": "dangerous",
            "android.permission.SYSTEM_ALERT_WINDOW": "signature",
            "android.permission.VIBRATE": "normal",
            "android.permission.WRITE_EXTERNAL_STORAGE": "dangerous",
            "android.permission.WRITE_SETTINGS": "signature",
            "android.permission.WRITE_SYNC_SETTINGS": "normal",
            "android.permission.WRITE_USER_DICTIONARY": "unknown",
            "com.android.launcher.permission.INSTALL_SHORTCUT": "normal",
            "com.facemoji.lite.xiaomi.permission.C2D_MESSAGE": "unknown",
            "com.gbu.facemojiconfigapp.REC_QACOMMAND": "unknown",
            "com.google.android.finsky.permission.BIND_GET_INSTALL_REFERRER_SERVICE": "unknown"
        },
        "risk_counts": {
            "normal": 9,
            "unknown": 7,
            "signature": 3,
            "dangerous": 4
        }
    },
    "stats": {
        "dex_count": 1,
        "native_lib_count": 26
    },
    "jadx": {
        "status": "ok",
        "duration_sec": 23.68,
        "sources_present": true,
        "java_file_count": 4271
    },
    "ast_analysis": {
        "location": 0,
        "microphone": 1,
        "camera": 25,
        "media_projection": 0,
        "dynamic_load": 0,
        "jni": 13
    },
    "analysis_state": "complete"
}