{
    "apk_name": "8A8CF642B41649004066E0BA9B319A35BA105C565FC60BE20C1F8846E4421189",
    "sha256": "8a8cf642b41649004066e0ba9b319a35ba105c565fc60be20c1f8846e4421189",
    "metadata": {
        "package_name": "com.youxiang.soyoungapp",
        "version_code": "447",
        "version_name": "9.5.2",
        "min_sdk": "21",
        "target_sdk": "29",
        "permissions": [
            "MediaStore.Images.Media.EXTERNAL_CONTENT_URI",
            "MediaStore.Images.Media.INTERNAL_CONTENT_URI",
            "android.permission.ACCESS_COARSE_LOCATION",
            "android.permission.ACCESS_DOWNLOAD_MANAGER",
            "android.permission.ACCESS_FINE_LOCATION",
            "android.permission.ACCESS_NETWORK_STATE",
            "android.permission.CAMERA",
            "android.permission.CHANGE_NETWORK_STATE",
            "android.permission.CHANGE_WIFI_STATE",
            "android.permission.DISABLE_KEYGUARD",
            "android.permission.FLASHLIGHT",
            "android.permission.FOREGROUND_SERVICE",
            "android.permission.GET_TASKS",
            "android.permission.INTERACT_ACROSS_USERS_FULL",
            "android.permission.INTERNET",
            "android.permission.MODIFY_AUDIO_SETTINGS",
            "android.permission.MOUNT_UNMOUNT_FILESYSTEMS",
            "android.permission.READ_CALENDAR",
            "android.permission.READ_EXTERNAL_STORAGE",
            "android.permission.READ_LOGS",
            "android.permission.RECEIVE_USER_PRESENT",
            "android.permission.RECORD_AUDIO",
            "android.permission.REQUEST_INSTALL_PACKAGES",
            "android.permission.SET_ALARM",
            "android.permission.SET_DEBUG_APP",
            "android.permission.SYSTEM_ALERT_WINDOW",
            "android.permission.SYSTEM_OVERLAY_WINDOW",
            "android.permission.VIBRATE",
            "android.permission.WAKE_LOCK",
            "android.permission.WRITE_CALENDAR",
            "android.permission.WRITE_EXTERNAL_STORAGE",
            "android.permission.WRITE_MEDIA_STORAGE",
            "android.permission.WRITE_SETTINGS",
            "com.android.launcher.permission.READ_SETTINGS",
            "com.android.launcher.permission.UNINSTALL_SHORTCUT",
            "com.coloros.mcs.permission.RECIEVE_MCS_MESSAGE",
            "com.heytap.mcs.permission.RECIEVE_MCS_MESSAGE",
            "com.huawei.appmarket.service.commondata.permission.GET_COMMON_DATA",
            "com.soyoung.library_event.permissions.event_broadcast",
            "com.youxiang.soyoungapp.permission.C2D_MESSAGE",
            "com.youxiang.soyoungapp.permission.MIPUSH_RECEIVE",
            "com.youxiang.soyoungapp.permission.PROCESS_PUSH_MSG",
            "com.youxiang.soyoungapp.permission.PUSH_PROVIDER"
        ],
        "activities": [
            "com.alipay.sdk.app.APayEntranceActivity",
            "com.alipay.sdk.app.AlipayResultActivity",
            "com.alipay.sdk.app.H5AuthActivity",
            "com.alipay.sdk.app.H5OpenAuthActivity",
            "com.alipay.sdk.app.H5PayActivity",
            "com.alipay.sdk.app.PayResultActivity",
            "com.bytedance.applog.migrate.MigrateDetectorActivity",
            "com.chuanglan.shanyan_sdk.view.CmccLoginActivity",
            "com.huawei.hms.activity.BridgeActivity",
            "com.huawei.hms.activity.EnableServiceActivity",
            "com.huawei.updatesdk.service.otaupdate.AppUpdateActivity",
            "com.huawei.updatesdk.support.pm.PackageInstallerActivity",
            "com.megvii.meglive_sdk.detect.action.ActionLivenessActivity",
            "com.megvii.meglive_sdk.detect.agreement.UserAgreementActivity",
            "com.megvii.meglive_sdk.detect.color.FmpColorfulActivity",
            "com.megvii.meglive_sdk.detect.fmp.FmpLivenessActivity",
            "com.megvii.meglive_sdk.detect.guide.GrantActivity",
            "com.soyoung.arouter.NotFoundRouterActivity",
            "com.soyoung.arouter.URLReceiveActivity",
            "com.soyoung.athena.AthenaActivity",
            "com.soyoung.athena.AthenaSecondaryActivity",
            "com.soyoung.chat.activity.AttentionActivity",
            "com.soyoung.chat.activity.ChatWindowActivity",
            "com.soyoung.chat.activity.IMSDKDialogActivity",
            "com.soyoung.chat.activity.transparent.ChatWindowActivity",
            "com.soyoung.combination.product.CombinationDetailActivity",
            "com.soyoung.component_data.WxSubscribeActivity",
            "com.soyoung.contrast.cart.ShopingCartContrastActivity",
            "com.soyoung.contrast.home.MidderProductContrastActivity",
            "com.soyoung.contrast.home.ShopContrastActivity",
            "com.soyoung.library_edit.photoalbum.activity.MedicalStickerEditActivity",
            "com.soyoung.library_edit.photoalbum.activity.PhotoAlbumActivity",
            "com.soyoung.library_edit.photoalbum.activity.VideoEditActivity",
            "com.soyoung.library_edit.picture.CustomCameraActivity",
            "com.soyoung.library_edit.picture.edit.EditPictureActivity",
            "com.soyoung.library_edit.picture.edit.PostEditPicActivity",
            "com.soyoung.library_look.look.AfterSurgeryLookPictureActivity",
            "com.soyoung.library_look.look.LookPictureActivity",
            "com.soyoung.library_look.look.PostLookPictureActivity",
            "com.soyoung.library_look.show.DefaultLookPictureActivity",
            "com.soyoung.library_look.show.ImageShoweActivity",
            "com.soyoung.library_look.show.ImageShoweSubcardActivity",
            "com.soyoung.library_look.show.PersonImageShowActivity",
            "com.soyoung.mall.commit.OrderCommitActivity",
            "com.soyoung.mall.commit.ShopCartCommitActivity",
            "com.soyoung.mall.commit.YuehuiBindPhoneActivity",
            "com.soyoung.mall.commit.YuehuiCommitNewActivity",
            "com.soyoung.mall.order.MyYuyueActivity",
            "com.soyoung.mall.pay.PaySuccessActivity",
            "com.soyoung.mall.preferential.activity.PreferentialBindOrderActivity",
            "com.soyoung.mall.preferential.activity.PreferentialChangeHospitalActivity",
            "com.soyoung.mall.preferential.activity.PreferentialHospitalActivity",
            "com.soyoung.mall.preferential.activity.PreferentialOrdersActivity",
            "com.soyoung.mall.preferential.activity.PreferentialPayActivity",
            "com.soyoung.mall.product.ProductDetailActivity",
            "com.soyoung.mall.shopcart.ShoppingCartActivity",
            "com.soyoung.mall.subcard.activity.SubCardProductHospitalList",
            "com.soyoung.mall.subcard.activity.SubcardMainActivity",
            "com.soyoung.minerva.page.common.MinervaCommonActivity",
            "com.soyoung.minerva.page.search.MinervaSearchActivity",
            "com.soyoung.module_acn.c.activity.ACNEvaluationEndTransActivity",
            "com.soyoung.module_acn.c.activity.ACNRecommendEffectListActivity",
            "com.soyoung.module_acn.c.activity.SYACNAnalyzeFaceResultActivity",
            "com.soyoung.module_acn.c.activity.SYACNConsultListActivity",
            "com.soyoung.module_acn.c.activity.SYACNDesignDetailActivity",
            "com.soyoung.module_acn.c.activity.SYACNEvaluateSucceedActivity",
            "com.soyoung.module_acn.c.activity.SYACNGuideActivity",
            "com.soyoung.module_acn.c.activity.SYACNOrganizationDetailActivity",
            "com.soyoung.module_acn.c.activity.SYACNServeProgressActivity",
            "com.soyoung.module_acn.c.activity.SYACNSubmitRobotActivity",
            "com.soyoung.module_acn.c.activity.SYACNTransferPageActivity",
            "com.soyoung.module_acn.c.activity.SYACNUserSubmitActivity",
            "com.soyoung.module_acn.c.activity.SYACNUserSubmitOrShowActivity",
            "com.soyoung.module_acn.common.camera.SYACNCamera3DDetectActivity",
            "com.soyoung.module_acn.medical_chat.activity.SYMCAddGreetedActivity",
            "com.soyoung.module_acn.medical_chat.activity.SYMCAddLabelsActivity",
            "com.soyoung.module_acn.medical_chat.activity.SYMCBeautyAppealListActivity",
            "com.soyoung.module_acn.medical_chat.activity.SYMCBlackListActivity",
            "com.soyoung.module_acn.medical_chat.activity.SYMCChatSettingActivity",
            "com.soyoung.module_acn.medical_chat.activity.SYMCChooseUserActivity",
            "com.soyoung.module_acn.medical_chat.activity.SYMCDocGreetActivity",
            "com.soyoung.module_acn.medical_chat.activity.SYMCFindDoctorsActivity",
            "com.soyoung.module_acn.medical_chat.activity.SYMCGreetedListActivity",
            "com.soyoung.module_acn.medical_chat.activity.SYMCHomeSettingActivity",
            "com.soyoung.module_acn.medical_chat.activity.SYMCInstitutionGreetedListActivity",
            "com.soyoung.module_acn.medical_chat.activity.SYMCLabelManageActivity",
            "com.soyoung.module_acn.medical_chat.activity.SYMCNewLabelActivity",
            "com.soyoung.module_acn.medical_chat.activity.SYMCPreventDisturbActivity",
            "com.soyoung.module_acn.medical_chat.activity.SYMCSearchActivity",
            "com.soyoung.module_acn.medical_chat.activity.SYMCSearchListActivity",
            "com.soyoung.module_acn.medical_chat.activity.SYMCSetRemarksAndLabelsActivity",
            "com.soyoung.module_acn.medical_chat.activity.SYMCSettingLabelActivity",
            "com.soyoung.module_acn.medical_chat.activity.SYMCTransferActivity",
            "com.soyoung.module_acn.medical_chat.activity.SYMCUserGreetChatListActivity",
            "com.soyoung.module_acn.medical_chat.activity.SYMCUserSubmitOrShowActivity",
            "com.soyoung.module_acn.medical_chat.activity.SYMedicalChatHomeActivity",
            "com.soyoung.module_acn.medical_chat.activity.WeChatAlertActivity",
            "com.soyoung.module_acn.mt.MTSelectConsultDoctorActivity",
            "com.soyoung.module_acn.mt.MTWordsListActivity",
            "com.soyoung.module_acn.mt.robot.MTAIChatActivity",
            "com.soyoung.module_acn.p.activity.SYACNAppointDialogActivity",
            "com.soyoung.module_acn.p.activity.SYACNAppointmentHospitalActivity",
            "com.soyoung.module_acn.p.activity.SYACNCitySelectActivity",
            "com.soyoung.module_acn.p.activity.SYACNDoctorRecommendActivity",
            "com.soyoung.module_acn.p.activity.SYACNDoctorStoreActivity",
            "com.soyoung.module_acn.p.activity.SYACNPersonalLetterActivity",
            "com.soyoung.module_acn.p.activity.SYACNUserManagementDetailActivity",
            "com.soyoung.module_acn.p.activity.SYACNUserManagerListActivity",
            "com.soyoung.module_aftersurgery.activity.AfterSurgeryActivity",
            "com.soyoung.module_aftersurgery.activity.AfterSurgeryDetailActivity",
            "com.soyoung.module_aftersurgery.activity.ChooseFollowGroupActivity",
            "com.soyoung.module_aftersurgery.activity.ChooseProjectDateActivity",
            "com.soyoung.module_aftersurgery.activity.InformationConfirmActivity",
            "com.soyoung.module_aftersurgery.activity.MineFollowGroupActivity",
            "com.soyoung.module_ask.activity.AnswerDetailNewActivity",
            "com.soyoung.module_ask.activity.AskPostActivity",
            "com.soyoung.module_ask.activity.AskPostSuccessActivity",
            "com.soyoung.module_ask.activity.AskTagActivity",
            "com.soyoung.module_ask.activity.AskTagChooseActivity",
            "com.soyoung.module_ask.activity.EasyPublisherActivity",
            "com.soyoung.module_ask.activity.HomeQAActivity",
            "com.soyoung.module_ask.activity.InviteUserAnswerActivity",
            "com.soyoung.module_ask.activity.NationAnswerActivity",
            "com.soyoung.module_ask.activity.QaAggregateActivity",
            "com.soyoung.module_ask.activity.QuestionDetailActivity",
            "com.soyoung.module_ask.activity.QuestionSubsetActivity",
            "com.soyoung.module_ask.activity.SelectZoneListActivity",
            "com.soyoung.module_ask.activity.ZoneAskNewActivity",
            "com.soyoung.module_ask.everyone.AskEveryoneListActivity",
            "com.soyoung.module_brand.ui.Brand826MainActivity",
            "com.soyoung.module_brand.ui.Brand845MainActivity",
            "com.soyoung.module_brand.ui.BrandCertifyDetailActivity",
            "com.soyoung.module_brand.ui.BrandDiaryListActivity",
            "com.soyoung.module_brand.ui.BrandDocPageActivity",
            "com.soyoung.module_brand.ui.BrandHubPageActivity",
            "com.soyoung.module_brand.ui.BrandInfo845DetailActivity",
            "com.soyoung.module_brand.ui.BrandNewsActivity",
            "com.soyoung.module_brand.ui.BrandProductActivity",
            "com.soyoung.module_brand.ui.BrandServiceGroupActivity",
            "com.soyoung.module_brand.ui.BrandStarProductActivity",
            "com.soyoung.module_brand.ui.DocUserDiaryActivity",
            "com.soyoung.module_brand.ui.HosCertBrandListActivity",
            "com.soyoung.module_brand.view.BrandAuthHosActivity",
            "com.soyoung.module_brand.view.BrandExperiencePavilionActivity",
            "com.soyoung.module_brand.view.BrandHosSearchActivity",
            "com.soyoung.module_brand.view.BrandListActivity",
            "com.soyoung.module_brand.view.claim.BrandClaimActivity",
            "com.soyoung.module_brand.view.register.BrandRegShowActivity",
            "com.soyoung.module_brand.view.register.BrandUploadActivity",
            "com.soyoung.module_chat.activity.AlertDialog",
            "com.soyoung.module_chat.activity.ChatDoctorProductListActivity",
            "com.soyoung.module_chat.activity.ChatMessageListNoBarActivity",
            "com.soyoung.module_chat.activity.ChatQuickReplyActivity",
            "com.soyoung.module_chat.activity.ChoosePostActivity",
            "com.soyoung.module_chat.activity.CouponListActivity",
            "com.soyoung.module_chat.activity.FullScreenVideoActivity",
            "com.soyoung.module_chat.activity.InteractionMessageActivity",
            "com.soyoung.module_chat.activity.InteractionNewsActivity",
            "com.soyoung.module_chat.activity.InterrogationCardActivity",
            "com.soyoung.module_chat.activity.MessageActivity",
            "com.soyoung.module_chat.activity.MessageInteractionNewsActivity",
            "com.soyoung.module_chat.activity.OfficialAccountNumberListActivity",
            "com.soyoung.module_chat.activity.RedBagSuccessActivity",
            "com.soyoung.module_chat.activity.UserInfoByMsgActivity",
            "com.soyoung.module_chat.activity.UserMarkInfoActivity",
            "com.soyoung.module_chat.activity.case_list.MyCaseListActivity",
            "com.soyoung.module_chat.activity.post.ChatChoosePostActivity",
            "com.soyoung.module_comment.activity.CommentActivity",
            "com.soyoung.module_comment.activity.CommentListActivity",
            "com.soyoung.module_comment.activity.QuickCommentActivity",
            "com.soyoung.module_comment.activity.ReplyDetailActivity",
            "com.soyoung.module_comment.picture.CommentAlbumActivity",
            "com.soyoung.module_comment.picture.CommentPicturePreviewActivity",
            "com.soyoung.module_community.circle.ExperienceCircleListActivity",
            "com.soyoung.module_community.community.CircleJoinListActivity",
            "com.soyoung.module_community.community.circle.CommunityCircleActivity",
            "com.soyoung.module_community.community.newuser.NewUserExclusiveActivity",
            "com.soyoung.module_community.creator.CreatorCenterHomeActivity",
            "com.soyoung.module_community.experience.ExperienceDetailActivity",
            "com.soyoung.module_community.experience.ExperienceHomeActivity",
            "com.soyoung.module_community.experience.ExperienceLevelDetailActivity",
            "com.soyoung.module_community.experience.ShowExperienceUpgradeLevelDialogActivity",
            "com.soyoung.module_community.home.ProductLibraryDetailActivity",
            "com.soyoung.module_community.home.ProductLibraryPKActivity",
            "com.soyoung.module_community.home.ProductLibraryPKListActivity",
            "com.soyoung.module_community.home.categoryedit.HomeCategoryEditActivity",
            "com.soyoung.module_community.home.publish.HomePublishDialogActivity",
            "com.soyoung.module_community.userfocused.MangerFollowActivity",
            "com.soyoung.module_community.userfocused.picture.AtlasImageActivity",
            "com.soyoung.module_community.userfocused.picture.AttentionLookImageActivity",
            "com.soyoung.module_community.userfocused.picture.PostHorizontalActivity",
            "com.soyoung.module_complaint.mvp.ui.ComplaintAddActivity",
            "com.soyoung.module_complaint.mvp.ui.ComplaintAppendActivity",
            "com.soyoung.module_complaint.mvp.ui.ComplaintAssessActivity",
            "com.soyoung.module_complaint.mvp.ui.ComplaintDetailActivity",
            "com.soyoung.module_complaint.mvp.ui.ComplaintListActivity",
            "com.soyoung.module_complaint.mvp.ui.ComplaintMyAssessActivity",
            "com.soyoung.module_complaint.mvp.ui.ComplaintSuccesActivity",
            "com.soyoung.module_diary.diary_home.HomeDiaryFeedActivity",
            "com.soyoung.module_diary.diary_new.FaceDetectActivity",
            "com.soyoung.module_diary.diary_pics.DiaryPicsActivity",
            "com.soyoung.module_diary.postoperative_care.view.CalendarCreateComfireActivity",
            "com.soyoung.module_diary.postoperative_care.view.CalendarNursingConfirmActivity",
            "com.soyoung.module_diary.postoperative_care.view.CalendarNursingDetailActivity",
            "com.soyoung.module_diary.postoperative_care.view.CalendarNursingListActivity",
            "com.soyoung.module_diary.postoperative_care.view.ReadDiaryCalendar2Activity",
            "com.soyoung.module_diary.selector_pic.NewEditionPicturePreviewActivity",
            "com.soyoung.module_diary.selector_pic.PictureSelectorPostActivity",
            "com.soyoung.module_diary.selector_pic.PostPicturePreviewActivity",
            "com.soyoung.module_doc.dochosabout.SelectHospitalDoctorDiary",
            "com.soyoung.module_doc.dochosabout.dochos.DoctorHosListActivity",
            "com.soyoung.module_doc.doctorsay.DoctorSayAddTagsActivity",
            "com.soyoung.module_doc.main.AllDynamicActivity",
            "com.soyoung.module_doc.main.DiagnosticListActivity",
            "com.soyoung.module_doc.main.DocMyReservationActivity",
            "com.soyoung.module_doc.main.DoctorInformationMainActivity",
            "com.soyoung.module_doc.main.DoctorProfileActivity",
            "com.soyoung.module_doc.main.DoctorVideoFaceActivity",
            "com.soyoung.module_doc.main.LicsencedHosActivity",
            "com.soyoung.module_doc.main.LookForDoctorActivity",
            "com.soyoung.module_doc.main.SyCertificationInstructionsActivity",
            "com.soyoung.module_doc.map.DoctorMapActivity",
            "com.soyoung.module_doc.map.DoctorMapSearchActivity",
            "com.soyoung.module_doc.map.MedicineCabinetCommentActivity",
            "com.soyoung.module_doc.map.MedicineCabinetHomeActivity",
            "com.soyoung.module_doc.map.MedicineCabinetImageActivity",
            "com.soyoung.module_doc.map.SearchMapIndextForDoctorActivity",
            "com.soyoung.module_doc.pay.OrderPaySuccessActivity",
            "com.soyoung.module_doc.school.DoctorCourseDetailActivity",
            "com.soyoung.module_doc.sign.SignInActivity",
            "com.soyoung.module_doc.work.ui.OrderVerifyActivity",
            "com.soyoung.module_doc.work.ui.OrderVerifyInfoActivity",
            "com.soyoung.module_doc.work.ui.WorkOrderInfoActivity",
            "com.soyoung.module_doc.work.ui.WorkProductActivity",
            "com.soyoung.module_doc.work.ui.WorkYuyueActivity",
            "com.soyoung.module_home.NewCollegeActivity",
            "com.soyoung.module_home.NewCollegeDialogActivity",
            "com.soyoung.module_hospital.activity.BrandHospitalListActivity",
            "com.soyoung.module_hospital.activity.ClueFormActivity",
            "com.soyoung.module_hospital.activity.HospitalActivity",
            "com.soyoung.module_hospital.activity.HospitalBrandListActivity",
            "com.soyoung.module_hospital.activity.HospitalCertifiedActivity",
            "com.soyoung.module_hospital.activity.HospitalContrastActivity",
            "com.soyoung.module_hospital.activity.HospitalDoctorListActivity",
            "com.soyoung.module_hospital.activity.HospitalListActivity",
            "com.soyoung.module_hospital.activity.HospitalMemberActivity",
            "com.soyoung.module_hospital.activity.HospitalPictureActivity",
            "com.soyoung.module_hospital.activity.LivingBeautyBrandStoryActivity",
            "com.soyoung.module_hospital.activity.SchemeRecommendActivity",
            "com.soyoung.module_hospital.commenlist.CommonListActivity",
            "com.soyoung.module_hospital.hospital_search.SearchHospitalActivity",
            "com.soyoung.module_hospital.product.RecommendProductActivity",
            "com.soyoung.module_login.activity.NewInterestTagActivity",
            "com.soyoung.module_login.activity.NewLoginActivity",
            "com.soyoung.module_login.activity.NewLoginActivity1",
            "com.soyoung.module_login.activity.NewUserGenderBirthdayActivity",
            "com.soyoung.module_login.activity.RegisterPhoneActivity",
            "com.soyoung.module_login.activity.RestPwdActivity",
            "com.soyoung.module_login.activity.TransitActivity",
            "com.soyoung.module_login.activity.VerifyCodeActivity",
            "com.soyoung.module_login.quicklogin.view.LoadingActivity",
            "com.soyoung.module_login.quicklogin.view.ProhibitDialog",
            "com.soyoung.module_main.ui.ClipBoardDialogActivity",
            "com.soyoung.module_main.ui.MainActivity",
            "com.soyoung.module_main.ui.MainActivityV2",
            "com.soyoung.module_main.ui.MedicalCheckMainActivityV2",
            "com.soyoung.module_main.ui.PrivacyDialogActivity",
            "com.soyoung.module_main.ui.PrivacyWarningActivity",
            "com.soyoung.module_main.ui.SplashActivity",
            "com.soyoung.module_main.ui.TeenagerActivity",
            "com.soyoung.module_main.ui.TeenagerPrivacyActivity",
            "com.soyoung.module_main.ui.TestMainActivity",
            "com.soyoung.module_map.WalkRouteActivity",
            "com.soyoung.module_map.city_list.CityFilterActivity",
            "com.soyoung.module_medical_check.ui.MedicalBrandDetailActivity",
            "com.soyoung.module_medical_check.ui.MedicalBrandProActivity",
            "com.soyoung.module_medical_check.ui.MedicalCertificationHosActivity",
            "com.soyoung.module_medical_check.ui.MedicalCertificationPhotoActivity",
            "com.soyoung.module_medical_check.ui.MedicalCheckDocListActivity",
            "com.soyoung.module_medical_check.ui.MedicalCheckZxingResultActivity",
            "com.soyoung.module_medical_check.ui.MedicalComplaintListActivity",
            "com.soyoung.module_medical_check.ui.MiddleMedicalDetailActivity",
            "com.soyoung.module_medical_check.ui.MiddleMedicalDoctorDetailActivity",
            "com.soyoung.module_medical_check.ui.MiddleMedicalPhotoActivity",
            "com.soyoung.module_medical_check.ui.main.MiddleMedicalMainActivity",
            "com.soyoung.module_medical_check.ui.search.MedicalSearchMainActivity",
            "com.soyoung.module_medical_check.ui.search.MedicalSearchSuggestMainActivity",
            "com.soyoung.module_medical_check.ymc.YmcDocDetailsActivity",
            "com.soyoung.module_medical_check.ymc.YmcHosDetailsActivity",
            "com.soyoung.module_medical_check.ymc.YmcProductDetailActivity",
            "com.soyoung.module_post.case_diary.activity.CaseDetailsActivity",
            "com.soyoung.module_post.case_diary.activity.CaseSelectCollectionActivity",
            "com.soyoung.module_post.collection.Activity.PostCollectionNewActivity",
            "com.soyoung.module_post.collection.Activity.SelectPostActivity",
            "com.soyoung.module_post.comment.EvaluationActivity",
            "com.soyoung.module_post.comment.ProductCommentListActivity",
            "com.soyoung.module_post.creation_center.CreationCenterActivity",
            "com.soyoung.module_post.detail.collect.PostCollectNewActivity",
            "com.soyoung.module_post.detail.post_old.BeautyContentNewActivity",
            "com.soyoung.module_post.detail.post_old.BeautyContentPrivacyActivity",
            "com.soyoung.module_post.detail.post_old.BeautyContentYoungActivity",
            "com.soyoung.module_post.detail.video.PostVideoActivity",
            "com.soyoung.module_post.detail.video.PropMiddlePageActivity",
            "com.soyoung.module_post.diary.ReadDiaryList743Activity",
            "com.soyoung.module_post.fans.Activity.ContentManagerActivity",
            "com.soyoung.module_post.fans.Activity.FansManagerActivity",
            "com.soyoung.module_post.fans.Activity.FansTagEditActivity",
            "com.soyoung.module_post.judge.activity.ComplaintReasonActivity",
            "com.soyoung.module_post.judge.activity.ComplaintsPostActivity",
            "com.soyoung.module_post.judge.activity.ProofActivity",
            "com.soyoung.module_post.new_edition_pictrue.NewEditionCameraActivity",
            "com.soyoung.module_post.new_edition_pictrue.NewEditionPictureActivity",
            "com.soyoung.module_post.new_edition_tag.NewEditionTagIndexActivity",
            "com.soyoung.module_post.publish.activity.CompareContentAndFaceImageActivity",
            "com.soyoung.module_post.publish.activity.DiaryTypeActivity",
            "com.soyoung.module_post.publish.activity.DraftListActivity",
            "com.soyoung.module_post.publish.activity.SendPostAtUserActivity",
            "com.soyoung.module_post.publish.activity.SendPostSelectTopicActivity",
            "com.soyoung.module_post.publish.activity.TestActivity",
            "com.soyoung.module_post.publish.activity.VerifyUserPhoneDialogActivity",
            "com.soyoung.module_post.publish.activity.VideoCoverSelectActivity",
            "com.soyoung.module_post.reward.ReceiveAwardsActivity",
            "com.soyoung.module_post.reward.RewardActivity",
            "com.soyoung.module_post.reward.RewardListActivity",
            "com.soyoung.module_post.reward.activity.AwardsOrderListActivity",
            "com.soyoung.module_post.reward.activity.HundredsOfMillionsRewardListActivity",
            "com.soyoung.module_post.shortcomment.activity.CollapsedPostListActivity",
            "com.soyoung.module_post.shortcomment.activity.ShortCommentRiskTipsActivity",
            "com.soyoung.module_post.topic.activity.DiscoverTopicCollectActivity",
            "com.soyoung.module_post.topic.activity.DiscoverTopicNewActivity1",
            "com.soyoung.module_post.topic.activity.PunchTheClockActivity",
            "com.soyoung.module_post.topic.activity.PunchTheClockDetailActivity",
            "com.soyoung.module_post.topic.activity.TopicSquareActivity",
            "com.soyoung.module_post.topic.activity.VoteDetailActivity",
            "com.soyoung.module_post.videochannel.VideoChannelListActivity",
            "com.soyoung.module_post.videodetail.VideoDetailActivity",
            "com.soyoung.module_post.vote.VoteAllReasonsActivity",
            "com.soyoung.module_post.wiget.ShowTaskToastActivity",
            "com.soyoung.module_publisher.activity.CaseDiaryPublishStepOneActivity",
            "com.soyoung.module_publisher.activity.CaseDiaryPublishStepTwoActivity",
            "com.soyoung.module_publisher.activity.CaseProjectActivity",
            "com.soyoung.module_publisher.activity.DiaryPublishActivity",
            "com.soyoung.module_publisher.activity.DoctorPostSelectHospitalActivity",
            "com.soyoung.module_publisher.activity.EasyDiaryPublishActivity",
            "com.soyoung.module_publisher.activity.HosSelectDocActivity",
            "com.soyoung.module_publisher.activity.PostPublishActivity",
            "com.soyoung.module_publisher.activity.PostShortCommentDoctorActivity",
            "com.soyoung.module_publisher.activity.PostShortCommentHosActivity",
            "com.soyoung.module_publisher.activity.SendPostSelectCardActivity",
            "com.soyoung.module_publisher.activity.collection.AddCollectionActivity",
            "com.soyoung.module_publisher.activity.collection.AddCollectionListActivity",
            "com.soyoung.module_publisher.activity.collection.AddCollectionNewActivity",
            "com.soyoung.module_publisher.activity.collection.AddCollectionTinyActivity",
            "com.soyoung.module_publisher.activity.collection.CollectionHosListActivity",
            "com.soyoung.module_search.NewMainSearchActivity",
            "com.soyoung.module_search.SearchMapIndextActivity",
            "com.soyoung.module_search.SearchMapResultActivity",
            "com.soyoung.module_setting.AboutHelpFeedbackActivity",
            "com.soyoung.module_setting.AboutSoyoungActivity",
            "com.soyoung.module_setting.AccountAndSecurityActivity",
            "com.soyoung.module_setting.ChangeDetailsActivity",
            "com.soyoung.module_setting.ChangeNameActivity",
            "com.soyoung.module_setting.HelpFeedBackActivity",
            "com.soyoung.module_setting.NickChangeDialogActivity",
            "com.soyoung.module_setting.PersonalInfoDownloadActivity",
            "com.soyoung.module_setting.PersonalInfoOtherActivity",
            "com.soyoung.module_setting.PersonalInfoViewActivity",
            "com.soyoung.module_setting.PrivacySettingActivity",
            "com.soyoung.module_setting.SettingActivity",
            "com.soyoung.module_setting.SettingTeenagerActivity",
            "com.soyoung.module_setting.TeenagerPwdActivity",
            "com.soyoung.module_setting.UnBindAuthenticationActivity",
            "com.soyoung.module_setting.UnbindIDCardActivity",
            "com.soyoung.module_setting.UpdatePwdActivity",
            "com.soyoung.module_setting.UpdateUserInfoActivity",
            "com.soyoung.module_setting.find_account.CheckAuthenticationActivity",
            "com.soyoung.module_setting.find_account.ComplaintDataSubmitActivity",
            "com.soyoung.module_setting.find_account.QuestionActivity",
            "com.soyoung.module_setting.find_account.SearchAccountByNickActivity",
            "com.soyoung.module_setting.find_account.UserAccountFindActivity",
            "com.soyoung.module_setting.mytrace.MyTraceActivity",
            "com.soyoung.module_setting.phone.ChangePhoneActivity",
            "com.soyoung.module_setting.phone.ChangePhoneFailActivity",
            "com.soyoung.module_setting.privacy_setting.ClipPrivacyActivity",
            "com.soyoung.module_setting.privacy_setting.FunctionSettingActivity",
            "com.soyoung.module_setting.privacy_setting.InformationGatheringActivity",
            "com.soyoung.module_setting.privacy_setting.PersonalizedTagsActivity",
            "com.soyoung.module_setting.privacy_setting.PrivacyListActivity",
            "com.soyoung.module_setting.privacy_setting.PrivacySettingListActivity",
            "com.soyoung.module_setting.pushsetting.PushNoticeSettingActivity",
            "com.soyoung.module_setting.pushsetting.PushSettingActivity",
            "com.soyoung.module_setting.verification.SmCodeVerificationActivity",
            "com.soyoung.module_setting.verification.WebVerificationActivity",
            "com.soyoung.module_share.PostAfterGuideActivity",
            "com.soyoung.module_share.PostVideoShareInfoActivity",
            "com.soyoung.module_share.ShareInfoActivity",
            "com.soyoung.module_share.ShareMagazinesActivity",
            "com.soyoung.module_task.ConversionRecordActivity",
            "com.soyoung.module_task.MyNewTaskLevelActitivity",
            "com.soyoung.module_task.MyTaskActivity",
            "com.soyoung.module_task.RedBagDetailActivity",
            "com.soyoung.module_task.TaskLevelPrivilegeDetailActivity",
            "com.soyoung.module_task.UserIntegralActivity",
            "com.soyoung.module_task.YoungScoreMallActivity",
            "com.soyoung.module_tiktok.TiktokCameraActivity",
            "com.soyoung.module_usercenter.DoctorMineInfoActivity",
            "com.soyoung.module_usercenter.SpecialUserMineInfoActivity",
            "com.soyoung.module_usercenter.choose_time.VideoChooseTimeActivity",
            "com.soyoung.module_usercenter.collect.CollectActivity",
            "com.soyoung.module_usercenter.follow_fans.FansActivity",
            "com.soyoung.module_usercenter.follow_fans.UserTopicActivity",
            "com.soyoung.module_video_diagnose.acn.DiagnoseEndACNNodeActivity",
            "com.soyoung.module_video_diagnose.activity.ConsultationNewListActivity",
            "com.soyoung.module_video_diagnose.activity.ConsultationTransferActivity",
            "com.soyoung.module_video_diagnose.activity.DiagnoseCallbackActivity",
            "com.soyoung.module_video_diagnose.activity.DiagnoseCaseActivity",
            "com.soyoung.module_video_diagnose.activity.DiagnoseConfirmOrderActivity",
            "com.soyoung.module_video_diagnose.activity.DiagnoseConfirmOrderNewActivity",
            "com.soyoung.module_video_diagnose.activity.DiagnoseDoctorListActivity",
            "com.soyoung.module_video_diagnose.activity.DiagnoseEvaluateActivity",
            "com.soyoung.module_video_diagnose.activity.DiagnoseHospitalMainActivity",
            "com.soyoung.module_video_diagnose.activity.DiagnoseImageTextOrderConfirmSuccessActivity",
            "com.soyoung.module_video_diagnose.activity.DiagnoseOrderDialog",
            "com.soyoung.module_video_diagnose.activity.DiagnoseOrderDialogNew",
            "com.soyoung.module_video_diagnose.activity.DiagnoseOrderTakingMoreActivity",
            "com.soyoung.module_video_diagnose.activity.DiagnoseProductSearchActivity",
            "com.soyoung.module_video_diagnose.activity.DiagnoseReportTipActivity",
            "com.soyoung.module_video_diagnose.activity.DiagnoseRobotChatActivity",
            "com.soyoung.module_video_diagnose.activity.DiagnoseSearchActivity",
            "com.soyoung.module_video_diagnose.activity.DiagnoseSecondaryCallActivity",
            "com.soyoung.module_video_diagnose.activity.DiagnoseSelectConsultModeActivity",
            "com.soyoung.module_video_diagnose.activity.DiagnoseSendCallHintActivity",
            "com.soyoung.module_video_diagnose.activity.DiagnoseSendCallHintResultActivity",
            "com.soyoung.module_video_diagnose.activity.PayForDiagnoseActivity",
            "com.soyoung.module_video_diagnose.doctor.add_reservation.AddReservationActivity",
            "com.soyoung.module_video_diagnose.doctor.add_reservation.AddReservationListActivity",
            "com.soyoung.module_video_diagnose.doctor.reservation.ReservationActivity",
            "com.soyoung.module_video_diagnose.doctor.reservation.ReservationCardActivity",
            "com.soyoung.module_video_diagnose.live.SYLiveActivity",
            "com.soyoung.module_video_diagnose.mt.diagnosepopup.MTVideoTalkActivity",
            "com.soyoung.module_video_diagnose.newdiagnose.comments.DiagnoseCommentsListActivity",
            "com.soyoung.module_video_diagnose.newdiagnose.initiate_diagnose.StartDiagnoseActivity",
            "com.soyoung.module_video_diagnose.newdiagnose.ui.AppointmentDiagnoseActivity",
            "com.soyoung.module_video_diagnose.newdiagnose.ui.DiagnoseAIVideoActivity",
            "com.soyoung.module_video_diagnose.newdiagnose.ui.DiagnoseAddFaceReportActivity",
            "com.soyoung.module_video_diagnose.newdiagnose.ui.DiagnoseAgoraOpenLiveActivity",
            "com.soyoung.module_video_diagnose.newdiagnose.ui.DiagnoseCallWayTransferActivity",
            "com.soyoung.module_video_diagnose.newdiagnose.ui.DiagnoseFaceReportActivity",
            "com.soyoung.module_video_diagnose.newdiagnose.ui.DiagnoseFaceReportIndicationActivity",
            "com.soyoung.module_video_diagnose.newdiagnose.ui.DiagnoseFaceReportResultActivity",
            "com.soyoung.module_video_diagnose.newdiagnose.ui.DiagnoseForeCastCreateActivity",
            "com.soyoung.module_video_diagnose.newdiagnose.ui.DiagnoseForeCastListActivity",
            "com.soyoung.module_video_diagnose.newdiagnose.ui.DiagnoseImageTextSendCallActivity",
            "com.soyoung.module_video_diagnose.newdiagnose.ui.DiagnoseLiveChannelActivity",
            "com.soyoung.module_video_diagnose.newdiagnose.ui.DiagnoseMainActivity",
            "com.soyoung.module_video_diagnose.newdiagnose.ui.DiagnoseOneToOneActivity",
            "com.soyoung.module_video_diagnose.newdiagnose.ui.DiagnoseRedeployActivity",
            "com.soyoung.module_video_diagnose.newdiagnose.ui.DiagnoseReservationListActivity",
            "com.soyoung.module_video_diagnose.newdiagnose.ui.DiagnoseReservationOrderActivity",
            "com.soyoung.module_video_diagnose.onetoone.activity.DiagnoseComplaintActivity",
            "com.soyoung.module_video_diagnose.onetoone.activity.DiagnoseSendCallActivity",
            "com.soyoung.module_video_diagnose.pay.FaceReportActivity",
            "com.soyoung.module_video_diagnose.pay.PayForFaceSuccessActivity",
            "com.soyoung.module_video_diagnose.pay.order.OrderDetailFaceActivity",
            "com.soyoung.module_workspace.ui.AppealActivity",
            "com.soyoung.module_workspace.ui.ClassifiedLabelsActivity",
            "com.soyoung.module_workspace.ui.CountryCodeActivity",
            "com.soyoung.module_workspace.ui.DocAddMultiPracticeActivity",
            "com.soyoung.module_workspace.ui.DocAuthorizationActivity",
            "com.soyoung.module_workspace.ui.DocCaseAuthActivity",
            "com.soyoung.module_workspace.ui.DocConsultingHeadChangeImageActivity",
            "com.soyoung.module_workspace.ui.DocConsultingHeadImageActivity",
            "com.soyoung.module_workspace.ui.DocConsultingHeadImageShowActivity",
            "com.soyoung.module_workspace.ui.DocInformationMangerActivity",
            "com.soyoung.module_workspace.ui.DocMzImgPhotoActivity",
            "com.soyoung.module_workspace.ui.DocSearchNameActivity",
            "com.soyoung.module_workspace.ui.DoctorAptitudeActivity",
            "com.soyoung.module_workspace.ui.DoctorAptitudeOthersActivity",
            "com.soyoung.module_workspace.ui.DoctorCourseListActivity",
            "com.soyoung.module_workspace.ui.DoctorCourseSearchActivity",
            "com.soyoung.module_workspace.ui.DoctorFillInformationActivity",
            "com.soyoung.module_workspace.ui.DoctorFillInformationEditActivity",
            "com.soyoung.module_workspace.ui.DoctorInformationShowActivity",
            "com.soyoung.module_workspace.ui.LevelQuityActivity",
            "com.soyoung.module_workspace.ui.ProfessionalAttesActivity",
            "com.soyoung.module_workspace.ui.ProfessionalAttesShowActivity",
            "com.soyoung.module_workspace.ui.ResumeInformationActivity",
            "com.soyoung.module_workspace.ui.ResumeItemPageActivity",
            "com.soyoung.module_workspace.ui.SYSuperuserListActivity",
            "com.soyoung.module_workspace.ui.SearchAssociativeHosActivity",
            "com.soyoung.module_workspace.ui.ServiceSetPriceActivity",
            "com.soyoung.module_workspace.ui.VideoFaceAuthOpenActivity",
            "com.soyoung.module_workspace.ui.VideoFaceTagActivity",
            "com.soyoung.module_workspace.ui.VideoFunctionActivity",
            "com.soyoung.order.detail.OrderDetailsActivity",
            "com.soyoung.paycenter.PaymentActivity",
            "com.soyoung.paycenter.ResultHandlerActivity",
            "com.soyoung.picture.activity.PictureBaseActivity",
            "com.soyoung.picture.activity.PictureExternalPreviewActivity",
            "com.soyoung.picture.activity.PicturePlayAudioActivity",
            "com.soyoung.picture.activity.PicturePreviewActivity",
            "com.soyoung.picture.activity.PictureSelectorActivity",
            "com.soyoung.picture.activity.PictureSelectorBeautyActivity",
            "com.soyoung.picture.activity.PictureSelectorFaceActivity",
            "com.soyoung.picture.activity.PictureVideoPlayActivity",
            "com.soyoung.ranking.activity.RankingActivity",
            "com.soyoung.scheme.dialog.SchemeDeepPriceActivity",
            "com.soyoung.scheme.ui.detail.Scheme827DetailActivity",
            "com.soyoung.scheme.ui.detail.SchemeDetailActivity",
            "com.soyoung.scheme.ui.detail.SchemeEffectDetailActivity",
            "com.soyoung.scheme.ui.detail.SchemeMaterialDetailActivity",
            "com.soyoung.scheme.ui.detail.SchemeNewDetailActivity",
            "com.soyoung.scheme.ui.detail.SchemeProductDetailsActivity",
            "com.soyoung.scheme.ui.doctor.SchemeDoctorListActivity",
            "com.soyoung.scheme.ui.errorcorrection.PostOrgErrorActivity",
            "com.soyoung.scheme.ui.errorcorrection.SchemeOrgErrorActivity",
            "com.soyoung.scheme.ui.home.SchemeActivity",
            "com.soyoung.scheme.ui.hospital.SchemeHospitalListActivity",
            "com.soyoung.scheme.ui.hospital.SchemeHospitalSelectActivity",
            "com.soyoung.scheme.ui.hospital.SchemeNewHospitalListActivity",
            "com.soyoung.scheme.ui.mobile.MobileChangeActivity",
            "com.soyoung.scheme.ui.pk.ReservationSuccessActivity",
            "com.soyoung.scheme.ui.pk.SchemeLevelLinkageActivity",
            "com.soyoung.scheme.ui.pk.SchemePKListActivity",
            "com.soyoung.scheme.ui.pk.SchemePkActivity",
            "com.soyoung.scheme.ui.pk.SchemePkDetailActivity",
            "com.soyoung.scheme.ui.product.Scheme828ForProduct",
            "com.soyoung.scheme.ui.project.ProjectListActivity",
            "com.soyoung.scheme.ui.project.Scheme827ProjectListActivity",
            "com.soyoung.scheme.ui.reviews.DoctorReviewsActivity",
            "com.soyoung.scheme.ui.stage.SchemeStageActivity",
            "com.soyoung.scheme.ui.stage.SchemeStageSuccessActivity",
            "com.soyoung.shop.channel.ShopChannelActivity",
            "com.soyoung.shop.home.ShopCustomMadeActivity",
            "com.soyoung.social.qq.uikit.QQActionActivity",
            "com.soyoung.social.wb.uikit.WbActionActivity",
            "com.soyoung.social.wx.uikit.WxActionActivity",
            "com.soyoung.svip.SVipHomeActivity",
            "com.soyoung.svip.SVipHospitalListActivity",
            "com.soyoung.tooth.ui.brand.ToothBrandActivity",
            "com.soyoung.tooth.ui.doctor_list.DoctorListActivity",
            "com.soyoung.tooth.ui.home.ToothHomeActivity",
            "com.soyoung.tooth.ui.hospital.ToothHospitalActivity",
            "com.soyoung.tooth.ui.project_list.ToothProjectListActivity",
            "com.soyoung.tooth.ui.ranking.RankingActivity",
            "com.soyoung.verifyorder.ui.VerifyDetailActivity",
            "com.soyoung.verifyorder.ui.VerifyOrderActivity",
            "com.soyoung.verifyorder.ui.VerifyUserActivity",
            "com.soyoung.vipcard.activity.BlackCardActivity",
            "com.soyoung.vipcard.activity.BlackCardButlerActivity",
            "com.soyoung.vipcard.activity.BlackCardPayActivity",
            "com.soyoung.vipcard.activity.BlackCardPayRedeemCodeActivity",
            "com.soyoung.wallet.MyFenQiActivity",
            "com.soyoung.wallet.TransferCashActivity",
            "com.soyoung.wallet.TransferInfoActivity",
            "com.soyoung.wallet.TransferSuccessActivity",
            "com.soyoung.wallet.WalletActivity",
            "com.soyoung.web.activity.WebComponentActivity",
            "com.soyoung.x.module.userauth.activity.AuthenticationActivity",
            "com.soyoung.x.module.userauth.activity.AuthenticationFaceDetectActivity",
            "com.soyoung.x.module.userauth.activity.AuthenticationFaceDetectResultActivity",
            "com.soyoung.x.module.userauth.activity.AuthenticationFindAccountActivity",
            "com.soyoung.x.module.userauth.activity.AuthenticationResultActivity",
            "com.soyoung.x.module.userauth.activity.AuthorizationCardActivity",
            "com.soyoung.x.module.userauth.activity.UnsealAccountResultActivity",
            "com.soyoung.yuehui.SecKillSpecialFieldActivity",
            "com.soyoung.yuehui.test.WebviewTestActivity",
            "com.soyoung.zxing.activity.BrandVerificationActivity",
            "com.soyoung.zxing.activity.BrandVerificationHistoryActivity",
            "com.soyoung.zxing.activity.SyZxingActivity",
            "com.soyoung.zxing.activity.SyZxingTransitActivity",
            "com.soyoung.zxing.activity.ZxingResultActivity",
            "com.soyoungapp.module_userprofile.PersonPageActivity",
            "com.soyoungapp.module_userprofile.UserProfileActivity",
            "com.soyoungapp.module_userprofile.UserProfileNewActivity",
            "com.soyoungapp.module_userprofile.activity.MCNMangerActivity",
            "com.soyoungapp.module_userprofile.activity.MCNSearchActivity",
            "com.soyoungapp.module_userprofile.activity.MyFavoriteActivity",
            "com.soyoungapp.module_userprofile.activity.MyParticipateActivity",
            "com.soyoungapp.module_userprofile.activity.SupplyCardActivity",
            "com.soyoungapp.module_userprofile.activity.UserProfileAuthActivity",
            "com.soyoungapp.module_userprofile.activity.UserProfileBoostPopActivity",
            "com.tencent.connect.common.AssistActivity",
            "com.tencent.tauth.AuthActivity",
            "com.yalantis.ucrop.PictureMultiCuttingActivity",
            "com.yalantis.ucrop.UCropActivity",
            "com.youxiang.library_face.acn.ACNCameraActivity",
            "com.youxiang.library_face.acn.ACNLoadingActivity",
            "com.youxiang.module_hair.Loading2DHairActivity",
            "com.youxiang.module_hair.Result2DHairActivity",
            "com.youxiang.module_hair.Share2DHairActivity",
            "com.youxiang.module_simulate.MakeUpLoadingActivity",
            "com.youxiang.module_simulate.MakeUpReportActivity",
            "com.youxiang.module_simulate.SimulateDistributeActivity",
            "com.youxiang.module_simulate.SimulateNewActivity",
            "com.youxiang.module_simulate.SimulateNewReportActivity",
            "com.youxiang.module_simulate.SimulateReportActivity",
            "com.youxiang.module_simulate.SimulateStyleReportActivity",
            "com.youxiang.soyoungapp.message.push.PushRedirectActivity",
            "com.youxiang.soyoungapp.module_face.activity.AiMainActivity",
            "com.youxiang.soyoungapp.module_face.activity.AiMainHistoryActivity",
            "com.youxiang.soyoungapp.module_face.activity.DrawEyebrowActivity",
            "com.youxiang.soyoungapp.module_face.activity.EyebrowResultActivity",
            "com.youxiang.soyoungapp.module_face.activity.FaceBeautySignInActivity",
            "com.youxiang.soyoungapp.module_face.activity.FaceCameraActivity",
            "com.youxiang.soyoungapp.module_face.activity.FaceIconSetsActivity",
            "com.youxiang.soyoungapp.module_face.activity.FaceIndexActivity",
            "com.youxiang.soyoungapp.module_face.activity.ResultSkinDetect2Activity",
            "com.youxiang.soyoungapp.module_face.activity.ShareMagazinesBAiActivity",
            "com.youxiang.soyoungapp.module_face.activity.SkinCareLoadingActivity",
            "com.youxiang.soyoungapp.module_face.activity.private_msg.PrivateMsgCameraActivity",
            "com.youxiang.soyoungapp.module_face.activity.private_msg.PrivateMsgLoadingActivity",
            "com.youxiang.soyoungapp.module_face.activity.private_msg.PrivateMsgTransitActivity",
            "com.youxiang.soyoungapp.ui.CheckUrlParameterSdkActivity",
            "com.youxiang.soyoungapp.ui.ReadyDeletedWebPageActivity",
            "com.youxiang.soyoungapp.wxapi.WXEntryActivity",
            "com.youxiang.soyoungapp.wxapi.WXMiniprogramActivity",
            "com.youxiang.soyoungapp.wxapi.WXPayEntryActivity"
        ],
        "services": [
            "androidx.room.MultiInstanceInvalidationService",
            "androidx.work.impl.background.systemalarm.SystemAlarmService",
            "androidx.work.impl.background.systemjob.SystemJobService",
            "androidx.work.impl.foreground.SystemForegroundService",
            "com.amap.api.location.APSService",
            "com.huawei.agconnect.core.ServiceDiscovery",
            "com.huawei.hms.support.api.push.service.HmsMsgService",
            "com.soyoung.library_diagnose.download.FUDownloadService",
            "com.soyoung.module_doc.service.AppLinksService",
            "com.soyoung.module_video_diagnose.newdiagnose.service.One2OneNoticeService",
            "com.soyoung.push.huawei.SyHmsMessageService",
            "com.soyoung.push.oppo.AppPushMessageService",
            "com.soyoung.push.oppo.PushMessageService",
            "com.soyoung.statistic_library.StatisticMessageService",
            "com.soyoung.update.service.DownloadService",
            "com.vivo.push.sdk.service.CommandClientService",
            "com.volcengine.onekit.component.ComponentDiscoveryService",
            "com.xiaomi.mipush.sdk.MessageHandleService",
            "com.xiaomi.mipush.sdk.PushMessageHandler",
            "com.xiaomi.push.service.XMJobService",
            "com.xiaomi.push.service.XMPushService"
        ],
        "receivers": [
            "androidx.work.impl.background.systemalarm.ConstraintProxy$BatteryChargingProxy",
            "androidx.work.impl.background.systemalarm.ConstraintProxy$BatteryNotLowProxy",
            "androidx.work.impl.background.systemalarm.ConstraintProxy$NetworkStateProxy",
            "androidx.work.impl.background.systemalarm.ConstraintProxy$StorageNotLowProxy",
            "androidx.work.impl.background.systemalarm.ConstraintProxyUpdateReceiver",
            "androidx.work.impl.background.systemalarm.RescheduleReceiver",
            "androidx.work.impl.diagnostics.DiagnosticsReceiver",
            "androidx.work.impl.utils.ForceStopRunnable$BroadcastReceiver",
            "com.bytedance.applog.collector.Collector",
            "com.huawei.hms.support.api.push.PushMsgReceiver",
            "com.huawei.hms.support.api.push.PushReceiver",
            "com.soyoung.library_diagnose.receiver.AlarmReceiver",
            "com.soyoung.library_diagnose.receiver.ClanderReceiver",
            "com.soyoung.push.CustomPushReceiver",
            "com.soyoung.push.vivo.VivoPushMessageReceiverImpl",
            "com.soyoung.push.xiaomi.XiaomiMessageReceiver",
            "com.xiaomi.push.service.receivers.PingReceiver"
        ],
        "permission_details": {
            "MediaStore.Images.Media.EXTERNAL_CONTENT_URI": "unknown",
            "MediaStore.Images.Media.INTERNAL_CONTENT_URI": "unknown",
            "android.permission.ACCESS_COARSE_LOCATION": "dangerous",
            "android.permission.ACCESS_DOWNLOAD_MANAGER": "unknown",
            "android.permission.ACCESS_FINE_LOCATION": "dangerous",
            "android.permission.ACCESS_NETWORK_STATE": "normal",
            "android.permission.CAMERA": "dangerous",
            "android.permission.CHANGE_NETWORK_STATE": "normal",
            "android.permission.CHANGE_WIFI_STATE": "normal",
            "android.permission.DISABLE_KEYGUARD": "normal",
            "android.permission.FLASHLIGHT": "unknown",
            "android.permission.FOREGROUND_SERVICE": "normal",
            "android.permission.GET_TASKS": "unlaballed",
            "android.permission.INTERACT_ACROSS_USERS_FULL": "unknown",
            "android.permission.INTERNET": "normal",
            "android.permission.MODIFY_AUDIO_SETTINGS": "normal",
            "android.permission.MOUNT_UNMOUNT_FILESYSTEMS": "unlaballed",
            "android.permission.READ_CALENDAR": "dangerous",
            "android.permission.READ_EXTERNAL_STORAGE": "dangerous",
            "android.permission.READ_LOGS": "unlaballed",
            "android.permission.RECEIVE_USER_PRESENT": "unknown",
            "android.permission.RECORD_AUDIO": "dangerous",
            "android.permission.REQUEST_INSTALL_PACKAGES": "signature",
            "android.permission.SET_ALARM": "normal",
            "android.permission.SET_DEBUG_APP": "unlaballed",
            "android.permission.SYSTEM_ALERT_WINDOW": "signature",
            "android.permission.SYSTEM_OVERLAY_WINDOW": "unknown",
            "android.permission.VIBRATE": "normal",
            "android.permission.WAKE_LOCK": "normal",
            "android.permission.WRITE_CALENDAR": "dangerous",
            "android.permission.WRITE_EXTERNAL_STORAGE": "dangerous",
            "android.permission.WRITE_MEDIA_STORAGE": "unknown",
            "android.permission.WRITE_SETTINGS": "signature",
            "com.android.launcher.permission.READ_SETTINGS": "unknown",
            "com.android.launcher.permission.UNINSTALL_SHORTCUT": "unlaballed",
            "com.coloros.mcs.permission.RECIEVE_MCS_MESSAGE": "unknown",
            "com.heytap.mcs.permission.RECIEVE_MCS_MESSAGE": "unknown",
            "com.huawei.appmarket.service.commondata.permission.GET_COMMON_DATA": "unknown",
            "com.soyoung.library_event.permissions.event_broadcast": "unknown",
            "com.youxiang.soyoungapp.permission.C2D_MESSAGE": "unknown",
            "com.youxiang.soyoungapp.permission.MIPUSH_RECEIVE": "unknown",
            "com.youxiang.soyoungapp.permission.PROCESS_PUSH_MSG": "unknown",
            "com.youxiang.soyoungapp.permission.PUSH_PROVIDER": "unknown"
        },
        "risk_counts": {
            "unknown": 17,
            "dangerous": 8,
            "normal": 10,
            "unlaballed": 5,
            "signature": 3
        }
    },
    "stats": {
        "dex_count": 1,
        "native_lib_count": 54
    },
    "jadx": {
        "status": "ok",
        "duration_sec": 16.81,
        "sources_present": true,
        "java_file_count": 2681
    },
    "ast_analysis": {
        "location": 1,
        "microphone": 0,
        "camera": 20,
        "media_projection": 0,
        "dynamic_load": 0,
        "jni": 8
    },
    "analysis_state": "complete"
}