{
    "apk_name": "55D04BC6C33923741A5850DD76856A625063A1BA01ACD426DFB46254D9BF0B9F",
    "sha256": "55d04bc6c33923741a5850dd76856a625063a1ba01acd426dfb46254d9bf0b9f",
    "metadata": {
        "package_name": "com.ccb.longjiLife",
        "version_code": "33",
        "version_name": "1.1.7",
        "min_sdk": "19",
        "target_sdk": "27",
        "permissions": [
            "android.permission.ACCESS_COARSE_LOCATION",
            "android.permission.ACCESS_FINE_LOCATION",
            "android.permission.ACCESS_NETWORK_STATE",
            "android.permission.ACCESS_WIFI_STATE",
            "android.permission.AUTHENTICATE_ACCOUNTS",
            "android.permission.BLUETOOTH",
            "android.permission.BLUETOOTH_ADMIN",
            "android.permission.BROADCAST_STICKY",
            "android.permission.CALL_PHONE",
            "android.permission.CAMERA",
            "android.permission.CHANGE_NETWORK_STATE",
            "android.permission.CHANGE_WIFI_STATE",
            "android.permission.FLASHLIGHT",
            "android.permission.FOREGROUND_SERVICE",
            "android.permission.GET_ACCOUNTS",
            "android.permission.GET_PACKAGE_SIZE",
            "android.permission.GET_TASKS",
            "android.permission.INTERNET",
            "android.permission.KILL_BACKGROUND_PROCESSES",
            "android.permission.MANAGE_ACCOUNTS",
            "android.permission.MANAGE_FINGERPRINT",
            "android.permission.MODIFY_AUDIO_SETTINGS",
            "android.permission.MOUNT_UNMOUNT_FILESYSTEMS",
            "android.permission.READ_CONTACTS",
            "android.permission.READ_EXTERNAL_STORAGE",
            "android.permission.READ_LOGS",
            "android.permission.READ_PHONE_STATE",
            "android.permission.READ_SMS",
            "android.permission.RECEIVE_SMS",
            "android.permission.RECORD_AUDIO",
            "android.permission.REORDER_TASKS",
            "android.permission.REQUEST_IGNORE_BATTERY_OPTIMIZATIONS",
            "android.permission.REQUEST_INSTALL_PACKAGES",
            "android.permission.SEND_SMS",
            "android.permission.SENSOR_ENABLE",
            "android.permission.SENSOR_INFO",
            "android.permission.SET_DEBUG_APP",
            "android.permission.SYSTEM_ALERT_WINDOW",
            "android.permission.SYSTEM_OVERLAY_WINDOW",
            "android.permission.USE_BIOMETRIC",
            "android.permission.USE_CREDENTIALS",
            "android.permission.USE_FINGERPRINT",
            "android.permission.VIBRATE",
            "android.permission.WAKE_LOCK",
            "android.permission.WRITE_APN_SETTINGS",
            "android.permission.WRITE_CONTACTS",
            "android.permission.WRITE_EXTERNAL_STORAGE",
            "android.permission.WRITE_SETTINGS",
            "android.permission.WRITE_SMS",
            "com.anddoes.launcher.permission.READ_SETTINGS",
            "com.anddoes.launcher.permission.WRITE_SETTINGS",
            "com.android.launcher.permission.INSTALL_SHORTCUT",
            "com.android.launcher.permission.READ_SETTINGS",
            "com.android.launcher.permission.UNINSTALL_SHORTCUT",
            "com.android.launcher.permission.WRITE_SETTINGS",
            "com.android.launcher2.permission.READ_SETTINGS",
            "com.android.launcher2.permission.WRITE_SETTINGS",
            "com.android.launcher3.permission.READ_SETTINGS",
            "com.android.launcher3.permission.WRITE_SETTINGS",
            "com.android.mylauncher.permission.READ_SETTINGS",
            "com.android.mylauncher.permission.WRITE_SETTINGS",
            "com.ccb.longjiLife.jump.rxpermission.bridge",
            "com.ccb.longjiLife.permission.MIPUSH_RECEIVE",
            "com.ccb.longjiLife.permission.PROCESS_PUSH_MSG",
            "com.ccb.longjiLife.permission.PUSH_PROVIDER",
            "com.coloros.mcs.permission.RECIEVE_MCS_MESSAGE",
            "com.ebproductions.android.launcher.permission.READ_SETTINGS",
            "com.ebproductions.android.launcher.permission.WRITE_SETTINGS",
            "com.fede.launcher.permission.READ_SETTINGS",
            "com.fede.launcher.permission.WRITE_SETTINGS",
            "com.heytap.mcs.permission.RECIEVE_MCS_MESSAGE",
            "com.htc.launcher.permission.READ_SETTINGS",
            "com.htc.launcher.permission.WRITE_SETTINGS",
            "com.huawei.android.launcher.permission.READ_SETTINGS",
            "com.huawei.android.launcher.permission.WRITE_SETTINGS",
            "com.huawei.appmarket.service.commondata.permission.GET_COMMON_DATA",
            "com.huawei.authentication.HW_ACCESS_AUTH_SERVICE",
            "com.huawei.launcher2.permission.READ_SETTINGS",
            "com.huawei.launcher2.permission.WRITE_SETTINGS",
            "com.huawei.launcher3.permission.READ_SETTINGS",
            "com.huawei.launcher3.permission.WRITE_SETTINGS",
            "com.lge.launcher.permission.READ_SETTINGS",
            "com.lge.launcher.permission.WRITE_SETTINGS",
            "com.miui.mihome2.permission.READ_SETTINGS",
            "com.miui.mihome2.permission.WRITE_SETTINGS",
            "com.oppo.launcher.permission.READ_SETTINGS",
            "com.oppo.launcher.permission.WRITE_SETTINGS",
            "com.qihoo360.launcher.permission.READ_SETTINGS",
            "com.qihoo360.launcher.permission.WRITE_SETTINGS",
            "com.samsung.android.providers.context.permission.WRITE_USE_APP_FEATURE_SURVEY",
            "com.sec.android.app.twlauncher.settings.READ_SETTINGS",
            "com.sec.android.app.twlauncher.settings.WRITE_SETTINGS",
            "com.tencent.qqlauncher.permission.READ_SETTINGS",
            "com.tencent.qqlauncher.permission.WRITE_SETTINGS",
            "dianxin.permission.ACCESS_LAUNCHER_DATA",
            "net.qihoo.launcher.permission.READ_SETTINGS",
            "net.qihoo.launcher.permission.WRITE_SETTINGS",
            "org.adw.launcher.permission.READ_SETTINGS",
            "org.adw.launcher.permission.WRITE_SETTINGS",
            "org.adw.launcher_donut.permission.READ_SETTINGS",
            "org.adw.launcher_donut.permission.WRITE_SETTINGS",
            "org.adwfreak.launcher.permission.READ_SETTINGS",
            "org.adwfreak.launcher.permission.WRITE_SETTINGS",
            "telecom.mdesk.permission.READ_SETTINGS",
            "telecom.mdesk.permission.WRITE_SETTINGS"
        ],
        "activities": [
            "com.bangcle.everisk.core.c",
            "com.bangcle.everisk00.core.c",
            "com.ccb.ccbnetpay.activity.CcbH5PayActivity",
            "com.ccb.ccbnetpay.activity.CcbUnionPayActivity",
            "com.ccb.ccbnetpay.activity.appresult.ResultActivity",
            "com.ccb.cloudmerchant.applet.expandApi.CashierActivity",
            "com.ccb.cloudmerchant.customerService.CustomerCentreActivity",
            "com.ccb.cloudmerchant.framework.permission.CcbRequestPermissionAct",
            "com.ccb.cloudmerchant.login.AccountsAndSecuriyActivity",
            "com.ccb.cloudmerchant.login.ForgetPassWordActivity",
            "com.ccb.cloudmerchant.login.LoginGuideSettingActivity",
            "com.ccb.cloudmerchant.ocr.intsigocr.IDCardRecognitionActivity",
            "com.ccb.cloudmerchant.push.ui.MessageCentreActivity",
            "com.ccb.cloudmerchant.view.AuthorizationActivity",
            "com.ccb.cloudmerchant.view.BNaviGuideActivity",
            "com.ccb.cloudmerchant.view.DeeplinkActivity",
            "com.ccb.cloudmerchant.view.ErrorActivity",
            "com.ccb.cloudmerchant.view.LoginActivity",
            "com.ccb.cloudmerchant.view.MapActivity",
            "com.ccb.cloudmerchant.view.MapLowCarbonActivity",
            "com.ccb.cloudmerchant.view.ProtocolActivity",
            "com.ccb.cloudmerchant.view.ProtocolListActivity",
            "com.ccb.cloudmerchant.view.RealAuthorizationActivity",
            "com.ccb.cloudmerchant.view.ScanActivity",
            "com.ccb.cloudmerchant.view.ShareActivity",
            "com.ccb.cloudmerchant.view.UnionPayWebActivity",
            "com.ccb.cloudmerchant.view.WNaviGuideActivity",
            "com.ccb.cloudmerchant.view.WalletPayAciivity",
            "com.ccb.cloudmerchant.view.WebViewActivity",
            "com.ccb.cloudmerchant.view.transporation.TransportationActivity",
            "com.ccb.cloudmerchant.wallet.WalletActivity",
            "com.ccb.cloudmerchant.wallet.WalletActivity2",
            "com.ccb.cloudmerchant.wallet.code.PassViewActivity",
            "com.ccb.cloudmerchant.wallet.newOne.WalletActivity",
            "com.ccb.cloudmerchant.wallet.newOne.code.PassViewActivity",
            "com.ccb.cloudmerchant.wallet.newOne.transactions.TransactionsActivity",
            "com.ccb.cloudmerchant.wallet.newOne.transactions.TransactionsActivity2",
            "com.ccb.cloudmerchant.wallet.newOne.transactions.TransactionsDetailActivity",
            "com.ccb.cloudmerchant.wallet.newOne.transactions.WalletTransactionsActivity",
            "com.ccb.cloudmerchant.wallet.newOne.transactions.WalletTransactionsActivity2",
            "com.ccb.cloudmerchant.wallet.newOne.transactions.WalletTransactionsDetailActivity",
            "com.ccb.cloudmerchant.wallet.newOne.view.AddCardActivity",
            "com.ccb.cloudmerchant.wallet.newOne.view.BalanceActivity",
            "com.ccb.cloudmerchant.wallet.newOne.view.BankCardListActivity",
            "com.ccb.cloudmerchant.wallet.newOne.view.CodeActivity",
            "com.ccb.cloudmerchant.wallet.newOne.view.CodeActivity2",
            "com.ccb.cloudmerchant.wallet.newOne.view.CodeResultActivity",
            "com.ccb.cloudmerchant.wallet.newOne.view.CutPaymentActivity",
            "com.ccb.cloudmerchant.wallet.newOne.view.DepositActivity2",
            "com.ccb.cloudmerchant.wallet.newOne.view.EditPwdActivity",
            "com.ccb.cloudmerchant.wallet.newOne.view.PaymentDialogActivity",
            "com.ccb.cloudmerchant.wallet.newOne.view.RechargeActivity2",
            "com.ccb.cloudmerchant.wallet.newOne.view.RechargeResultActivity",
            "com.ccb.cloudmerchant.wallet.newOne.view.SetPwdActivity",
            "com.ccb.cloudmerchant.wallet.newOne.view.SettingActivity",
            "com.ccb.cloudmerchant.wallet.newOne.view.WalletUpgradeActivity",
            "com.ccb.cloudmerchant.wallet.transactions.TransactionsActivity",
            "com.ccb.cloudmerchant.wallet.transactions.TransactionsActivity2",
            "com.ccb.cloudmerchant.wallet.transactions.TransactionsDetailActivity",
            "com.ccb.cloudmerchant.wallet.transactions.WalletTransactionsActivity",
            "com.ccb.cloudmerchant.wallet.transactions.WalletTransactionsActivity2",
            "com.ccb.cloudmerchant.wallet.transactions.WalletTransactionsDetailActivity",
            "com.ccb.cloudmerchant.wallet.view.AddCardActivity",
            "com.ccb.cloudmerchant.wallet.view.AvoidPayActivity",
            "com.ccb.cloudmerchant.wallet.view.BalanceActivity",
            "com.ccb.cloudmerchant.wallet.view.BankCardListActivity",
            "com.ccb.cloudmerchant.wallet.view.CodeActivity2",
            "com.ccb.cloudmerchant.wallet.view.CodeResultActivity",
            "com.ccb.cloudmerchant.wallet.view.CutPaymentActivity",
            "com.ccb.cloudmerchant.wallet.view.DepositActivity2",
            "com.ccb.cloudmerchant.wallet.view.EditPwdActivity",
            "com.ccb.cloudmerchant.wallet.view.PaymentDialogActivity",
            "com.ccb.cloudmerchant.wallet.view.RechargeActivity2",
            "com.ccb.cloudmerchant.wallet.view.RechargeResultActivity",
            "com.ccb.cloudmerchant.wallet.view.SetPwdActivity",
            "com.ccb.cloudmerchant.wallet.view.SettingActivity",
            "com.ccb.cloudmerchant.wallet.view.WalletUpgradeActivity",
            "com.ccb.facelib.CcbIntentActivity",
            "com.ccb.feepaysdk.activity.ResultActivity",
            "com.ccb.framework.app.TitledActivity",
            "com.ccb.framework.crop.CcbCropActivity",
            "com.ccb.framework.funhide.FunHideHomeAct",
            "com.ccb.framework.permission.CcbRequestPermissionAct",
            "com.ccb.framework.scan.google.zxing.ScanMainAct",
            "com.ccb.framework.share.view.SharePreviewActivity",
            "com.ccb.framework.ui.component.area.AreaSelectorActivity",
            "com.ccb.framework.ui.component.calendar.CalendarActivity",
            "com.ccb.framework.ui.widget.CcbNotOpenedActivity",
            "com.ccb.framework.ui.widget.webview.CcbWebViewActivity",
            "com.ccb.longjiLife.MainActivity",
            "com.ccb.longjiLife.wxapi.WXEntryActivity",
            "com.ccb.longjiLife.wxapi.WXPayEntryActivity",
            "com.ccbft.platform.jump.engine.mp.core.MpActivity",
            "com.ccbft.platform.jump.engine.mp.core.MultiActivity$FifthCase",
            "com.ccbft.platform.jump.engine.mp.core.MultiActivity$FirstCase",
            "com.ccbft.platform.jump.engine.mp.core.MultiActivity$FourthCase",
            "com.ccbft.platform.jump.engine.mp.core.MultiActivity$SecondCase",
            "com.ccbft.platform.jump.engine.mp.core.MultiActivity$ThirdCase",
            "com.ccbft.platform.jump.lib.permission.bridge.BridgeActivity",
            "com.ccbft.platform.jump.lib.permission.bridge.MultiBridgeActivity$FifthBridge",
            "com.ccbft.platform.jump.lib.permission.bridge.MultiBridgeActivity$FirstBridge",
            "com.ccbft.platform.jump.lib.permission.bridge.MultiBridgeActivity$FourthBridge",
            "com.ccbft.platform.jump.lib.permission.bridge.MultiBridgeActivity$SecondBridge",
            "com.ccbft.platform.jump.lib.permission.bridge.MultiBridgeActivity$ThirdBridge",
            "com.ccbft.platform.jump.lib.picker.easyphotos.ui.EasyPhotosActivity",
            "com.ccbft.platform.jump.lib.picker.easyphotos.ui.PreviewActivity",
            "com.ccbft.platform.jump.lib.picker.easyphotos.ui.PuzzleActivity",
            "com.ccbft.platform.jump.lib.picker.easyphotos.ui.PuzzleSelectorActivity",
            "com.ccbft.platform.jump.lib.scancode.ui.ScanActivity",
            "com.chinamworld.main.wxapi.WXEntryActivity",
            "com.huawei.hms.activity.BridgeActivity",
            "com.huawei.hms.activity.EnableServiceActivity",
            "com.huawei.updatesdk.service.otaupdate.AppUpdateActivity",
            "com.huawei.updatesdk.support.pm.PackageInstallerActivity",
            "com.intsig.ccrengine.ISCardScanActivity",
            "com.purse.ccbsharedpursesdk.activity.CcbH5PayActivity",
            "com.tencent.connect.common.AssistActivity",
            "com.tencent.tauth.AuthActivity",
            "com.tendyron.liveness.ui.MotionLivenessActivity",
            "com.umeng.socialize.editorpage.ShareActivity",
            "com.vivo.push.sdk.LinkProxyClientActivity"
        ],
        "services": [
            "com.baidu.location.f",
            "com.baidu.trace.LBSTraceService",
            "com.ccb.cloudmerchant.push.NotificationProfile",
            "com.ccbft.platform.jump.core.api.ExtendApiService",
            "com.ccbft.platform.jump.lib.permission.bridge.BridgeService",
            "com.feinno.cake.pushoppo.ModuleService",
            "com.feinno.cake.pushoppo.PushMessageService",
            "com.feinno.cake.pushvivo.ModuleService",
            "com.feinno.cake.pushxiaomi.ModuleService",
            "com.feinno.pushhuaweihms.HMSPushService",
            "com.feinno.pushhuaweihms.ModuleService",
            "com.heytap.msp.push.service.CompatibleDataMessageCallbackService",
            "com.heytap.msp.push.service.DataMessageCallbackService",
            "com.huawei.agconnect.core.ServiceDiscovery",
            "com.huawei.hms.support.api.push.service.HmsMsgService",
            "com.vivo.push.sdk.service.CommandClientService",
            "com.xiaomi.mipush.sdk.MessageHandleService",
            "com.xiaomi.mipush.sdk.PushMessageHandler",
            "com.xiaomi.push.service.XMJobService",
            "com.xiaomi.push.service.XMPushService",
            "yx.feinno.teatalkavsdk.NotificationService",
            "yx.feinno.teatalkavsdk.service.CoreService",
            "yx.feinno.teatalkavsdk.service.Keep2",
            "yx.feinno.teatalkavsdk.service.KeepExist"
        ],
        "receivers": [
            "com.ccb.cloudmerchant.push.UINotifyReceiver",
            "com.feinno.cake.pushvivo.PushMessageReceiverImpl",
            "com.feinno.cake.pushxiaomi.MiPushReceiver",
            "com.huawei.hms.support.api.push.PushMsgReceiver",
            "com.huawei.hms.support.api.push.PushReceiver",
            "com.xiaomi.push.service.receivers.NetworkStatusReceiver",
            "com.xiaomi.push.service.receivers.PingReceiver",
            "yx.feinno.teatalk.receiver.FinAlarmReceiver",
            "yx.feinno.teatalk.receiver.NetWorkChangeReceiver",
            "yx.feinno.teatalk.receiver.NotificationReceiver"
        ]
    },
    "stats": {
        "dex_count": 3,
        "native_lib_count": 75
    },
    "jadx": {
        "status": "ok",
        "duration_sec": 7.56,
        "sources_present": true,
        "java_file_count": 589
    },
    "ast_analysis": {
        "location": 1,
        "microphone": 0,
        "camera": 5,
        "media_projection": 0,
        "dynamic_load": 0,
        "jni": 2
    },
    "analysis_state": "complete"
}