{
    "apk_name": "3EA8969E96A4B03755AC89E024214109E44DA090F5201A440D4A8D78F4A4B244",
    "sha256": "3ea8969e96a4b03755ac89e024214109e44da090f5201a440d4a8d78f4a4b244",
    "metadata": {
        "package_name": "com.concapps.assurantieinapp",
        "version_code": "230928",
        "version_name": "230928",
        "min_sdk": "23",
        "target_sdk": "33",
        "permissions": [
            "android.permission.ACCESS_COARSE_LOCATION",
            "android.permission.ACCESS_FINE_LOCATION",
            "android.permission.ACCESS_NETWORK_STATE",
            "android.permission.ACCESS_NOTIFICATION_POLICY",
            "android.permission.BLUETOOTH",
            "android.permission.CALL_PHONE",
            "android.permission.CAMERA",
            "android.permission.GET_ACCOUNTS",
            "android.permission.INTERNET",
            "android.permission.POST_NOTIFICATIONS",
            "android.permission.READ_CALENDAR",
            "android.permission.READ_EXTERNAL_STORAGE",
            "android.permission.READ_PHONE_STATE",
            "android.permission.RECEIVE_BOOT_COMPLETED",
            "android.permission.RECORD_AUDIO",
            "android.permission.USE_BIOMETRIC",
            "android.permission.USE_FINGERPRINT",
            "android.permission.WAKE_LOCK",
            "android.permission.WRITE_CALENDAR",
            "android.permission.WRITE_EXTERNAL_STORAGE",
            "com.android.launcher.permission.INSTALL_SHORTCUT",
            "com.android.launcher.permission.UNINSTALL_SHORTCUT",
            "com.google.android.c2dm.permission.RECEIVE",
            "com.google.android.finsky.permission.BIND_GET_INSTALL_REFERRER_SERVICE",
            "com.google.android.gms.permission.AD_ID"
        ],
        "activities": [
            "com.google.android.gms.common.api.GoogleApiActivity",
            "crc6429d86df1c0d40854.SelectPictureActivity",
            "crc6429d86df1c0d40854.TakePictureActivity",
            "crc646024c5c344344629.ContainerActivity",
            "crc646024c5c344344629.MediaPickerActivity",
            "crc646024c5c344344629.TakePictureActivity",
            "crc6480997b3ef81bf9b2.ZxingActivity",
            "crc6489a9a45e4c8cafda.PCLActivity",
            "crc64a0e0a82d0db9a07d.IntermediateActivity",
            "crc64a68f049e5274c760.IFilePickerImpl_FilePickerActivity",
            "crc64a6e810e2100a497c.MainActivity",
            "crc64ed1888fb4925e3b7.AuthenticationAgentActivity",
            "crc64f98dd38067c0c88b.FormAuthenticatorActivity",
            "crc64f98dd38067c0c88b.WebAuthenticatorActivity",
            "crc64f98dd38067c0c88b.WebAuthenticatorNativeBrowserActivity",
            "crc64f98dd38067c0c88b.WebViewActivity",
            "microsoft.identity.client.AuthenticationActivity"
        ],
        "services": [
            "com.google.android.datatransport.runtime.backends.TransportBackendDiscovery",
            "com.google.android.datatransport.runtime.scheduling.jobscheduling.JobInfoSchedulerService",
            "com.google.android.gms.measurement.AppMeasurementJobService",
            "com.google.android.gms.measurement.AppMeasurementService",
            "com.google.firebase.components.ComponentDiscoveryService",
            "com.google.firebase.messaging.FirebaseMessagingService",
            "crc64396a3fe5f8138e3f.KeepAliveService",
            "crc6494e14b9856016c30.PNFirebaseMessagingService",
            "crc64a6e177913d80b8e2.BusinessAppsFirebaseService"
        ],
        "receivers": [
            "com.google.android.datatransport.runtime.scheduling.jobscheduling.AlarmManagerSchedulerBroadcastReceiver",
            "com.google.android.gms.measurement.AppMeasurementReceiver",
            "com.google.firebase.iid.FirebaseInstanceIdInternalReceiver",
            "com.google.firebase.iid.FirebaseInstanceIdReceiver",
            "crc643f46942d9dd1fff9.PowerSaveModeBroadcastReceiver",
            "crc6494e14b9856016c30.PushNotificationActionReceiver",
            "crc6494e14b9856016c30.PushNotificationDeletedReceiver",
            "crc64a0e0a82d0db9a07d.ConnectivityBroadcastReceiver",
            "crc64f98dd38067c0c88b.CustomTabsActionsBroadcastReceiver"
        ]
    },
    "stats": {
        "dex_count": 2,
        "native_lib_count": 14
    },
    "jadx": {
        "status": "ok",
        "duration_sec": 23.64,
        "sources_present": true,
        "java_file_count": 5250
    },
    "ast_analysis": {
        "location": 8,
        "microphone": 0,
        "camera": 27,
        "media_projection": 0,
        "dynamic_load": 0,
        "jni": 7
    },
    "analysis_state": "complete"
}