{
    "apk_name": "7FCF30A57455FD044FEF8042B03D2B7B1C882189267148E527F2ED97CE188972",
    "sha256": "7fcf30a57455fd044fef8042b03d2b7b1c882189267148e527f2ed97ce188972",
    "metadata": {
        "package_name": "com.leicacamera.leicaballistics.ab",
        "version_code": "325",
        "version_name": "3.1.1",
        "min_sdk": "28",
        "target_sdk": "35",
        "permissions": [
            "android.permission.ACCESS_COARSE_LOCATION",
            "android.permission.ACCESS_FINE_LOCATION",
            "android.permission.ACCESS_NETWORK_STATE",
            "android.permission.ACCESS_WIFI_STATE",
            "android.permission.BLUETOOTH",
            "android.permission.BLUETOOTH_ADMIN",
            "android.permission.BLUETOOTH_CONNECT",
            "android.permission.BLUETOOTH_SCAN",
            "android.permission.FOREGROUND_SERVICE",
            "android.permission.FOREGROUND_SERVICE_CONNECTED_DEVICE",
            "android.permission.INTERNET",
            "android.permission.READ_EXTERNAL_STORAGE",
            "android.permission.RECEIVE_BOOT_COMPLETED",
            "android.permission.WAKE_LOCK",
            "android.permission.WRITE_EXTERNAL_STORAGE",
            "com.android.vending.BILLING",
            "com.google.android.c2dm.permission.RECEIVE",
            "com.google.android.gms.permission.AD_ID",
            "com.leicacamera.leicaballistics.ab.DYNAMIC_RECEIVER_NOT_EXPORTED_PERMISSION"
        ],
        "activities": [
            "androidx.core.splashscreen.test.SplashScreenAppCompatTestActivity",
            "com.android.billingclient.api.ProxyBillingActivity",
            "com.android.billingclient.api.ProxyBillingActivityV2",
            "com.facebook.CustomTabActivity",
            "com.facebook.FacebookActivity",
            "com.firebase.ui.auth.KickoffActivity",
            "com.firebase.ui.auth.ui.credentials.CredentialSaveActivity",
            "com.firebase.ui.auth.ui.email.EmailActivity",
            "com.firebase.ui.auth.ui.email.EmailLinkCatcherActivity",
            "com.firebase.ui.auth.ui.email.EmailLinkErrorRecoveryActivity",
            "com.firebase.ui.auth.ui.email.RecoverPasswordActivity",
            "com.firebase.ui.auth.ui.email.WelcomeBackEmailLinkPrompt",
            "com.firebase.ui.auth.ui.email.WelcomeBackPasswordPrompt",
            "com.firebase.ui.auth.ui.idp.AuthMethodPickerActivity",
            "com.firebase.ui.auth.ui.idp.SingleSignInActivity",
            "com.firebase.ui.auth.ui.idp.WelcomeBackIdpPrompt",
            "com.firebase.ui.auth.ui.phone.PhoneActivity",
            "com.google.android.gms.auth.api.signin.internal.SignInHubActivity",
            "com.google.android.gms.common.api.GoogleApiActivity",
            "com.google.android.play.core.common.PlayCoreDialogWrapperActivity",
            "com.google.firebase.auth.internal.GenericIdpActivity",
            "com.google.firebase.auth.internal.RecaptchaActivity",
            "com.leicacamera.leicaballistics.ab.AmmoSelectBullet",
            "com.leicacamera.leicaballistics.ab.AmmoSelectCaliber",
            "com.leicacamera.leicaballistics.ab.AmmoSelectManufacturer",
            "com.leicacamera.leicaballistics.ab.BLE.FirmwareNotificationActivity",
            "com.leicacamera.leicaballistics.ab.Calibration",
            "com.leicacamera.leicaballistics.ab.Eula.AmplitudeOptInActivity",
            "com.leicacamera.leicaballistics.ab.Eula.EulaActivity",
            "com.leicacamera.leicaballistics.ab.Eula.EulaLoading",
            "com.leicacamera.leicaballistics.ab.LeicaCOMFirmware",
            "com.leicacamera.leicaballistics.ab.LeicaCompassCalibration",
            "com.leicacamera.leicaballistics.ab.LeicaCompassTest",
            "com.leicacamera.leicaballistics.ab.LeicaFirmware",
            "com.leicacamera.leicaballistics.ab.LeicaGpsTracking",
            "com.leicacamera.leicaballistics.ab.LeicaGunProfileEdit",
            "com.leicacamera.leicaballistics.ab.LeicaHunting",
            "com.leicacamera.leicaballistics.ab.LeicaMain",
            "com.leicacamera.leicaballistics.ab.LeicaPICFirmware",
            "com.leicacamera.leicaballistics.ab.LeicaPairing",
            "com.leicacamera.leicaballistics.ab.LeicaProfiles",
            "com.leicacamera.leicaballistics.ab.LeicaRangecard",
            "com.leicacamera.leicaballistics.ab.LeicaUpgrade",
            "com.leicacamera.leicaballistics.ab.LeicaVideo",
            "com.leicacamera.leicaballistics.ab.LeicaWEZSettings",
            "com.leicacamera.leicaballistics.ab.Reticle.LeicaReticleSelectReticle",
            "com.leicacamera.leicaballistics.ab.Reticle.LeicaReticleSelectScope",
            "com.leicacamera.leicaballistics.ab.Settings.AppSettings",
            "com.leicacamera.leicaballistics.ab.Settings.DisplayCustomizationSettings",
            "com.leicacamera.leicaballistics.ab.Settings.DisplayOrderSettings",
            "com.leicacamera.leicaballistics.ab.Settings.GenericSettings",
            "com.leicacamera.leicaballistics.ab.Settings.LeicaUnitsSettings",
            "com.leicacamera.leicaballistics.ab.Settings.RangefinderSettingsCRFMax",
            "com.leicacamera.leicaballistics.ab.Settings.RangefinderSettingsUniversal",
            "com.leicacamera.leicaballistics.ab.Settings.SelectList",
            "com.leicacamera.leicaballistics.ab.SplashScreen_old",
            "com.leicacamera.leicaballistics.ab.calibration.CRFMaxCalibration",
            "com.leicacamera.leicaballistics.ab.calibration.CRFProCalibration",
            "com.leicacamera.leicaballistics.ab.onx.OnXPromoDialogActivity",
            "com.nvisti.common.Eula.EulaActivity",
            "com.nvisti.common.Eula.EulaLoading",
            "com.nvisti.common.Reticle.ReticleSelectBrand",
            "com.nvisti.common.Reticle.ReticleSelectReticle",
            "com.nvisti.common.Reticle.ReticleSelectScope",
            "com.nvisti.common.auth.SignOn",
            "com.nvisti.common.bulletlibrary.AmmoSelectAbxBullet",
            "com.nvisti.common.bulletlibrary.AmmoSelectBullet",
            "com.nvisti.common.bulletlibrary.AmmoSelectCaliber",
            "com.nvisti.common.bulletlibrary.AmmoSelectManufacturer",
            "com.nvisti.common.profile.ProfileDiffActivity",
            "com.nvisti.common.profile.ProfileEditorActivity",
            "com.nvisti.common.profile.ProfileListActivity",
            "com.nvisti.common.profile.ProfileSelectActivity"
        ],
        "services": [
            "androidx.room.MultiInstanceInvalidationService",
            "androidx.work.impl.background.systemalarm.SystemAlarmService",
            "androidx.work.impl.background.systemjob.SystemJobService",
            "androidx.work.impl.foreground.SystemForegroundService",
            "com.google.android.datatransport.runtime.backends.TransportBackendDiscovery",
            "com.google.android.datatransport.runtime.scheduling.jobscheduling.JobInfoSchedulerService",
            "com.google.android.gms.auth.api.signin.RevocationBoundService",
            "com.google.firebase.components.ComponentDiscoveryService",
            "com.google.firebase.messaging.FirebaseMessagingService",
            "com.leicacamera.leicaballistics.ab.BLE.BluetoothLeFirmwareService",
            "com.leicacamera.leicaballistics.ab.BLE.FirmwareUpdateService",
            "com.leicacamera.leicaballistics.ab.BLE.LeicaBluetoothLeService",
            "com.nvisti.common.auth.ABFirebaseTokenService",
            "com.nvisti.common.bluetooth.BluetoothLeService"
        ],
        "receivers": [
            "androidx.profileinstaller.ProfileInstallReceiver",
            "androidx.work.impl.background.systemalarm.ConstraintProxy$BatteryChargingProxy",
            "androidx.work.impl.background.systemalarm.ConstraintProxy$BatteryNotLowProxy",
            "androidx.work.impl.background.systemalarm.ConstraintProxy$NetworkStateProxy",
            "androidx.work.impl.background.systemalarm.ConstraintProxy$StorageNotLowProxy",
            "androidx.work.impl.background.systemalarm.ConstraintProxyUpdateReceiver",
            "androidx.work.impl.background.systemalarm.RescheduleReceiver",
            "androidx.work.impl.diagnostics.DiagnosticsReceiver",
            "androidx.work.impl.utils.ForceStopRunnable$BroadcastReceiver",
            "com.google.android.datatransport.runtime.scheduling.jobscheduling.AlarmManagerSchedulerBroadcastReceiver",
            "com.google.firebase.iid.FirebaseInstanceIdReceiver"
        ],
        "permission_details": {
            "android.permission.ACCESS_COARSE_LOCATION": "dangerous",
            "android.permission.ACCESS_FINE_LOCATION": "dangerous",
            "android.permission.ACCESS_NETWORK_STATE": "normal",
            "android.permission.ACCESS_WIFI_STATE": "normal",
            "android.permission.BLUETOOTH": "normal",
            "android.permission.BLUETOOTH_ADMIN": "normal",
            "android.permission.BLUETOOTH_CONNECT": "dangerous",
            "android.permission.BLUETOOTH_SCAN": "dangerous",
            "android.permission.FOREGROUND_SERVICE": "normal",
            "android.permission.FOREGROUND_SERVICE_CONNECTED_DEVICE": "normal",
            "android.permission.INTERNET": "normal",
            "android.permission.READ_EXTERNAL_STORAGE": "dangerous",
            "android.permission.RECEIVE_BOOT_COMPLETED": "normal",
            "android.permission.WAKE_LOCK": "normal",
            "android.permission.WRITE_EXTERNAL_STORAGE": "dangerous",
            "com.android.vending.BILLING": "unknown",
            "com.google.android.c2dm.permission.RECEIVE": "unknown",
            "com.google.android.gms.permission.AD_ID": "unknown",
            "com.leicacamera.leicaballistics.ab.DYNAMIC_RECEIVER_NOT_EXPORTED_PERMISSION": "unknown"
        },
        "risk_counts": {
            "dangerous": 6,
            "normal": 9,
            "unknown": 4
        }
    },
    "stats": {
        "dex_count": 3,
        "native_lib_count": 0
    },
    "jadx": {
        "status": "ok",
        "duration_sec": 42.0,
        "sources_present": true,
        "java_file_count": 8909
    },
    "ast_analysis": {
        "location": 30,
        "microphone": 0,
        "camera": 15,
        "media_projection": 0,
        "dynamic_load": 0,
        "jni": 1
    },
    "analysis_state": "complete"
}