{
    "apk_name": "E5B6BF0D7E3CFF2C788335464E376EA531E0CFBC5AE5E30443F45CC5BA458037",
    "sha256": "e5b6bf0d7e3cff2c788335464e376ea531e0cfbc5ae5e30443f45cc5ba458037",
    "metadata": {
        "package_name": "org.telegram.messenger",
        "version_code": "8213",
        "version_name": "3.10.1",
        "min_sdk": "14",
        "target_sdk": "23",
        "permissions": [
            "android.permission.ACCESS_COARSE_LOCATION",
            "android.permission.ACCESS_FINE_LOCATION",
            "android.permission.ACCESS_NETWORK_STATE",
            "android.permission.ACCESS_WIFI_STATE",
            "android.permission.AUTHENTICATE_ACCOUNTS",
            "android.permission.GET_ACCOUNTS",
            "android.permission.INSTALL_SHORTCUT",
            "android.permission.INTERNET",
            "android.permission.MANAGE_ACCOUNTS",
            "android.permission.READ_CONTACTS",
            "android.permission.READ_EXTERNAL_STORAGE",
            "android.permission.READ_PHONE_STATE",
            "android.permission.READ_PROFILE",
            "android.permission.READ_SYNC_SETTINGS",
            "android.permission.RECEIVE_BOOT_COMPLETED",
            "android.permission.RECORD_AUDIO",
            "android.permission.SYSTEM_ALERT_WINDOW",
            "android.permission.USE_FINGERPRINT",
            "android.permission.VIBRATE",
            "android.permission.WAKE_LOCK",
            "android.permission.WRITE_CONTACTS",
            "android.permission.WRITE_EXTERNAL_STORAGE",
            "android.permission.WRITE_SYNC_SETTINGS",
            "com.android.launcher.permission.INSTALL_SHORTCUT",
            "com.android.launcher.permission.UNINSTALL_SHORTCUT"
        ],
        "activities": [
            "org.telegram.messenger.OpenChatReceiver",
            "org.telegram.ui.IntroActivity",
            "org.telegram.ui.LaunchActivity",
            "org.telegram.ui.ManageSpaceActivity",
            "org.telegram.ui.PopupNotificationActivity"
        ],
        "services": [
            "org.telegram.messenger.AuthenticatorService",
            "org.telegram.messenger.ClearCacheService",
            "org.telegram.messenger.ContactsSyncAdapterService",
            "org.telegram.messenger.MusicBrowserService",
            "org.telegram.messenger.MusicPlayerService",
            "org.telegram.messenger.NotificationRepeat",
            "org.telegram.messenger.NotificationsService",
            "org.telegram.messenger.TgChooserTargetService",
            "org.telegram.messenger.VideoEncodingService"
        ],
        "receivers": [
            "org.telegram.messenger.AppStartReceiver",
            "org.telegram.messenger.AutoMessageHeardReceiver",
            "org.telegram.messenger.AutoMessageReplyReceiver",
            "org.telegram.messenger.CallReceiver",
            "org.telegram.messenger.MusicPlayerReceiver",
            "org.telegram.messenger.NetworkAlarm",
            "org.telegram.messenger.NotificationDismissReceiver",
            "org.telegram.messenger.ShareBroadcastReceiver",
            "org.telegram.messenger.WearReplyReceiver"
        ],
        "permission_details": {
            "android.permission.ACCESS_COARSE_LOCATION": "dangerous",
            "android.permission.ACCESS_FINE_LOCATION": "dangerous",
            "android.permission.ACCESS_NETWORK_STATE": "normal",
            "android.permission.ACCESS_WIFI_STATE": "normal",
            "android.permission.AUTHENTICATE_ACCOUNTS": "unknown",
            "android.permission.GET_ACCOUNTS": "dangerous",
            "android.permission.INSTALL_SHORTCUT": "normal",
            "android.permission.INTERNET": "normal",
            "android.permission.MANAGE_ACCOUNTS": "unknown",
            "android.permission.READ_CONTACTS": "dangerous",
            "android.permission.READ_EXTERNAL_STORAGE": "dangerous",
            "android.permission.READ_PHONE_STATE": "dangerous",
            "android.permission.READ_PROFILE": "unknown",
            "android.permission.READ_SYNC_SETTINGS": "normal",
            "android.permission.RECEIVE_BOOT_COMPLETED": "normal",
            "android.permission.RECORD_AUDIO": "dangerous",
            "android.permission.SYSTEM_ALERT_WINDOW": "signature",
            "android.permission.USE_FINGERPRINT": "normal",
            "android.permission.VIBRATE": "normal",
            "android.permission.WAKE_LOCK": "normal",
            "android.permission.WRITE_CONTACTS": "dangerous",
            "android.permission.WRITE_EXTERNAL_STORAGE": "dangerous",
            "android.permission.WRITE_SYNC_SETTINGS": "normal",
            "com.android.launcher.permission.INSTALL_SHORTCUT": "normal",
            "com.android.launcher.permission.UNINSTALL_SHORTCUT": "unlaballed"
        },
        "risk_counts": {
            "dangerous": 9,
            "normal": 11,
            "unknown": 3,
            "signature": 1,
            "unlaballed": 1
        }
    },
    "stats": {
        "dex_count": 1,
        "native_lib_count": 3
    },
    "jadx": {
        "status": "ok",
        "duration_sec": 17.64,
        "sources_present": true,
        "java_file_count": 1561
    },
    "ast_analysis": {
        "location": 2,
        "microphone": 4,
        "camera": 36,
        "media_projection": 0,
        "dynamic_load": 0,
        "jni": 0
    },
    "analysis_state": "complete"
}