{
    "apk_name": "B02D1271D0A861953B6A6138AF2D2F493A79B5BA7A943871DA3E61B79F31CC0C",
    "sha256": "b02d1271d0a861953b6a6138af2d2f493a79b5ba7a943871da3e61b79f31cc0c",
    "metadata": {
        "package_name": "com.atakmap.android.takchat.plugin",
        "version_code": "1746947627",
        "version_name": "1.11 (b2b6fb11) - [5.4.0]",
        "min_sdk": "21",
        "target_sdk": "34",
        "permissions": [
            "android.permission.FOREGROUND_SERVICE",
            "android.permission.POST_NOTIFICATIONS"
        ],
        "activities": [
            "com.atakmap.app.component"
        ],
        "services": [
            "com.atakmap.android.takchat.notification.TAKNotificationService"
        ],
        "receivers": []
    },
    "stats": {
        "dex_count": 1,
        "native_lib_count": 0
    },
    "jadx": {
        "status": "ok",
        "duration_sec": 15.09,
        "sources_present": true,
        "java_file_count": 3242
    },
    "ast_analysis": {
        "location": 0,
        "microphone": 0,
        "camera": 2,
        "media_projection": 0,
        "dynamic_load": 0,
        "jni": 0
    },
    "analysis_state": "complete"
}