{
    "apk_name": "5F9306DDF7F9A7DDA1CB1082BADAECDC0001548BD40CC75B345F42C0C53BBE1C",
    "sha256": "5f9306ddf7f9a7dda1cb1082badaecdc0001548bd40cc75b345f42c0c53bbe1c",
    "metadata": {
        "package_name": "fr.archimed.elisemobile",
        "version_code": "227",
        "version_name": "1.2.5",
        "min_sdk": "21",
        "target_sdk": "34",
        "permissions": [
            "android.permission.ACCESS_NETWORK_STATE",
            "android.permission.INTERNET",
            "android.permission.READ_EXTERNAL_STORAGE",
            "android.permission.WRITE_EXTERNAL_STORAGE"
        ],
        "activities": [
            "crc640f26c88a89b28414.SplashScreen",
            "crc644637f32502e01bb2.DocumentFragment",
            "crc644637f32502e01bb2.DocumentsFragment",
            "crc644637f32502e01bb2.LoginView",
            "crc644637f32502e01bb2.MailboxSelectionView",
            "crc644637f32502e01bb2.MainContainerView",
            "crc644637f32502e01bb2.SearchDocumentsFragment",
            "crc644637f32502e01bb2.SettingsView",
            "crc644637f32502e01bb2.SplashScreenView",
            "crc648316b0a9aa8cfd61.BrowserTabActivity",
            "crc64a0e0a82d0db9a07d.IntermediateActivity",
            "crc64a0e0a82d0db9a07d.WebAuthenticatorIntermediateActivity",
            "crc64ed1888fb4925e3b7.AuthenticationAgentActivity",
            "microsoft.identity.client.AuthenticationActivity"
        ],
        "services": [
            "crc64396a3fe5f8138e3f.KeepAliveService"
        ],
        "receivers": [
            "crc6400f122608ac8a302.ConnectivityChangeBroadcastReceiver",
            "crc64a0e0a82d0db9a07d.BatteryBroadcastReceiver",
            "crc64a0e0a82d0db9a07d.ConnectivityBroadcastReceiver",
            "crc64a0e0a82d0db9a07d.EnergySaverBroadcastReceiver"
        ],
        "permission_details": {
            "android.permission.ACCESS_NETWORK_STATE": "normal",
            "android.permission.INTERNET": "normal",
            "android.permission.READ_EXTERNAL_STORAGE": "dangerous",
            "android.permission.WRITE_EXTERNAL_STORAGE": "dangerous"
        },
        "risk_counts": {
            "normal": 2,
            "dangerous": 2
        }
    },
    "stats": {
        "dex_count": 2,
        "native_lib_count": 32
    },
    "jadx": {
        "status": "ok",
        "duration_sec": 25.42,
        "sources_present": true,
        "java_file_count": 3683
    },
    "ast_analysis": {
        "location": 8,
        "microphone": 0,
        "camera": 2,
        "media_projection": 0,
        "dynamic_load": 0,
        "jni": 6
    },
    "analysis_state": "complete"
}