{
    "apk_name": "7B5324144BE6BFB69F04B1F046844B855C9CE90804E58CE3BBFFFEA72E9A1D89",
    "sha256": "7b5324144be6bfb69f04b1f046844b855c9ce90804e58ce3bbfffea72e9a1d89",
    "metadata": {
        "package_name": "pt.bluecover.gpsegnos",
        "version_code": "314",
        "version_name": "3.17",
        "min_sdk": "23",
        "target_sdk": "36",
        "permissions": [
            "android.permission.ACCESS_ADSERVICES_AD_ID",
            "android.permission.ACCESS_ADSERVICES_ATTRIBUTION",
            "android.permission.ACCESS_ADSERVICES_TOPICS",
            "android.permission.ACCESS_BACKGROUND_LOCATION",
            "android.permission.ACCESS_COARSE_LOCATION",
            "android.permission.ACCESS_FINE_LOCATION",
            "android.permission.ACCESS_NETWORK_STATE",
            "android.permission.BLUETOOTH",
            "android.permission.BLUETOOTH_ADMIN",
            "android.permission.BLUETOOTH_ADVERTISE",
            "android.permission.BLUETOOTH_CONNECT",
            "android.permission.BLUETOOTH_SCAN",
            "android.permission.FOREGROUND_SERVICE",
            "android.permission.FOREGROUND_SERVICE_LOCATION",
            "android.permission.INTERNET",
            "android.permission.POST_NOTIFICATIONS",
            "android.permission.READ_MEDIA_AUDIO",
            "android.permission.READ_MEDIA_IMAGES",
            "android.permission.READ_MEDIA_VIDEO",
            "android.permission.WAKE_LOCK",
            "android.permission.WRITE_EXTERNAL_STORAGE",
            "com.android.vending.BILLING",
            "com.google.android.gms.permission.AD_ID",
            "pt.bluecover.gpsegnos.DYNAMIC_RECEIVER_NOT_EXPORTED_PERMISSION"
        ],
        "activities": [
            "com.android.billingclient.api.ProxyBillingActivity",
            "com.android.billingclient.api.ProxyBillingActivityV2",
            "com.google.android.gms.ads.AdActivity",
            "com.google.android.gms.ads.NotificationHandlerActivity",
            "com.google.android.gms.ads.OutOfContextTestingActivity",
            "com.google.android.gms.common.api.GoogleApiActivity",
            "pt.bluecover.gpsegnos.MainActivity",
            "pt.bluecover.gpsegnos.about.AboutActivity",
            "pt.bluecover.gpsegnos.enterprise.EnterpriseActivity",
            "pt.bluecover.gpsegnos.eoimages.EOProductActivity",
            "pt.bluecover.gpsegnos.geoitems.GeoItemsActivity",
            "pt.bluecover.gpsegnos.geoitems.PathChartActivity",
            "pt.bluecover.gpsegnos.maintab.MainTabActivity",
            "pt.bluecover.gpsegnos.map.MapActivity",
            "pt.bluecover.gpsegnos.settings.DiscoveryBLEActivity",
            "pt.bluecover.gpsegnos.settings.DiscoveryBTActivity",
            "pt.bluecover.gpsegnos.settings.DiscoveryUSBActivity",
            "pt.bluecover.gpsegnos.settings.SettingsActivity"
        ],
        "services": [
            "androidx.room.MultiInstanceInvalidationService",
            "androidx.work.impl.background.systemalarm.SystemAlarmService",
            "androidx.work.impl.background.systemjob.SystemJobService",
            "androidx.work.impl.foreground.SystemForegroundService",
            "com.google.android.datatransport.runtime.backends.TransportBackendDiscovery",
            "com.google.android.datatransport.runtime.scheduling.jobscheduling.JobInfoSchedulerService",
            "com.google.android.gms.ads.AdService",
            "pt.bluecover.gpsegnos.common.FetchAddressIntentService",
            "pt.bluecover.gpsegnos.gpsservice.GPSService"
        ],
        "receivers": [
            "androidx.profileinstaller.ProfileInstallReceiver",
            "androidx.work.impl.background.systemalarm.ConstraintProxy$BatteryChargingProxy",
            "androidx.work.impl.background.systemalarm.ConstraintProxy$BatteryNotLowProxy",
            "androidx.work.impl.background.systemalarm.ConstraintProxy$NetworkStateProxy",
            "androidx.work.impl.background.systemalarm.ConstraintProxy$StorageNotLowProxy",
            "androidx.work.impl.background.systemalarm.ConstraintProxyUpdateReceiver",
            "androidx.work.impl.background.systemalarm.RescheduleReceiver",
            "androidx.work.impl.diagnostics.DiagnosticsReceiver",
            "androidx.work.impl.utils.ForceStopRunnable$BroadcastReceiver",
            "com.google.android.datatransport.runtime.scheduling.jobscheduling.AlarmManagerSchedulerBroadcastReceiver"
        ],
        "permission_details": {
            "android.permission.ACCESS_ADSERVICES_AD_ID": "unknown",
            "android.permission.ACCESS_ADSERVICES_ATTRIBUTION": "unknown",
            "android.permission.ACCESS_ADSERVICES_TOPICS": "unknown",
            "android.permission.ACCESS_BACKGROUND_LOCATION": "dangerous",
            "android.permission.ACCESS_COARSE_LOCATION": "dangerous",
            "android.permission.ACCESS_FINE_LOCATION": "dangerous",
            "android.permission.ACCESS_NETWORK_STATE": "normal",
            "android.permission.BLUETOOTH": "normal",
            "android.permission.BLUETOOTH_ADMIN": "normal",
            "android.permission.BLUETOOTH_ADVERTISE": "dangerous",
            "android.permission.BLUETOOTH_CONNECT": "dangerous",
            "android.permission.BLUETOOTH_SCAN": "dangerous",
            "android.permission.FOREGROUND_SERVICE": "normal",
            "android.permission.FOREGROUND_SERVICE_LOCATION": "normal",
            "android.permission.INTERNET": "normal",
            "android.permission.POST_NOTIFICATIONS": "dangerous",
            "android.permission.READ_MEDIA_AUDIO": "dangerous",
            "android.permission.READ_MEDIA_IMAGES": "dangerous",
            "android.permission.READ_MEDIA_VIDEO": "dangerous",
            "android.permission.WAKE_LOCK": "normal",
            "android.permission.WRITE_EXTERNAL_STORAGE": "dangerous",
            "com.android.vending.BILLING": "unknown",
            "com.google.android.gms.permission.AD_ID": "unknown",
            "pt.bluecover.gpsegnos.DYNAMIC_RECEIVER_NOT_EXPORTED_PERMISSION": "unknown"
        },
        "risk_counts": {
            "unknown": 6,
            "dangerous": 11,
            "normal": 7
        }
    },
    "stats": {
        "dex_count": 4,
        "native_lib_count": 0
    },
    "jadx": {
        "status": "ok",
        "duration_sec": 53.81,
        "sources_present": true,
        "java_file_count": 14325
    },
    "ast_analysis": {
        "location": 24,
        "microphone": 0,
        "camera": 22,
        "media_projection": 0,
        "dynamic_load": 0,
        "jni": 0
    },
    "analysis_state": "complete"
}