{
    "apk_name": "3AF8B0419585D2F02D30883A181BF6130FF6A66FBA83CEAA5F7A879F0EC70FE1",
    "sha256": "3af8b0419585d2f02d30883a181bf6130ff6a66fba83ceaa5f7a879f0ec70fe1",
    "metadata": {
        "package_name": "hu.linistry.qr.prod",
        "version_code": "63",
        "version_name": "1.1.7",
        "min_sdk": "23",
        "target_sdk": "30",
        "permissions": [
            "android.permission.ACCESS_COARSE_LOCATION",
            "android.permission.ACCESS_FINE_LOCATION",
            "android.permission.ACCESS_LOCATION_EXTRA_COMMANDS",
            "android.permission.ACCESS_MOCK_LOCATION",
            "android.permission.ACCESS_NETWORK_STATE",
            "android.permission.ACCESS_WIFI_STATE",
            "android.permission.BATTERY_STATS",
            "android.permission.BIND_NOTIFICATION_LISTENER_SERVICE",
            "android.permission.CAMERA",
            "android.permission.FLASHLIGHT",
            "android.permission.FOREGROUND_SERVICE",
            "android.permission.INTERNET",
            "android.permission.RECEIVE_BOOT_COMPLETED",
            "android.permission.VIBRATE",
            "android.permission.WAKE_LOCK",
            "android.permission.WRITE_EXTERNAL_STORAGE",
            "com.google.android.providers.gsf.permission.READ_GSERVICES"
        ],
        "activities": [
            "crc643d8bbf4045ba3673.MainActivity",
            "crc643d8bbf4045ba3673.SplashActivity",
            "crc6480997b3ef81bf9b2.ZxingActivity"
        ],
        "services": [],
        "receivers": [
            "crc643f46942d9dd1fff9.PowerSaveModeBroadcastReceiver",
            "crc64a0e0a82d0db9a07d.ConnectivityBroadcastReceiver"
        ],
        "permission_details": {
            "android.permission.ACCESS_COARSE_LOCATION": "dangerous",
            "android.permission.ACCESS_FINE_LOCATION": "dangerous",
            "android.permission.ACCESS_LOCATION_EXTRA_COMMANDS": "normal",
            "android.permission.ACCESS_MOCK_LOCATION": "unknown",
            "android.permission.ACCESS_NETWORK_STATE": "normal",
            "android.permission.ACCESS_WIFI_STATE": "normal",
            "android.permission.BATTERY_STATS": "signature",
            "android.permission.BIND_NOTIFICATION_LISTENER_SERVICE": "signature",
            "android.permission.CAMERA": "dangerous",
            "android.permission.FLASHLIGHT": "unknown",
            "android.permission.FOREGROUND_SERVICE": "normal",
            "android.permission.INTERNET": "normal",
            "android.permission.RECEIVE_BOOT_COMPLETED": "normal",
            "android.permission.VIBRATE": "normal",
            "android.permission.WAKE_LOCK": "normal",
            "android.permission.WRITE_EXTERNAL_STORAGE": "dangerous",
            "com.google.android.providers.gsf.permission.READ_GSERVICES": "unknown"
        },
        "risk_counts": {
            "dangerous": 4,
            "normal": 8,
            "unknown": 3,
            "signature": 2
        }
    },
    "stats": {
        "dex_count": 1,
        "native_lib_count": 16
    },
    "jadx": {
        "status": "ok",
        "duration_sec": 15.35,
        "sources_present": true,
        "java_file_count": 2203
    },
    "ast_analysis": {
        "location": 3,
        "microphone": 0,
        "camera": 2,
        "media_projection": 0,
        "dynamic_load": 0,
        "jni": 6
    },
    "analysis_state": "complete"
}