{
    "java_files": [
        "a/auu/a.java",
        "com/nprathv/maa/Zdjbcdg/g.java",
        "com/nprathv/maa/Zdjbcdg/d.java",
        "com/nprathv/maa/Zdjbcdg/Utils.java",
        "com/nprathv/maa/Zdjbcdg/k.java",
        "com/nprathv/maa/Zdjbcdg/b.java",
        "com/nprathv/maa/Zdjbcdg/NEDialog.java",
        "com/nprathv/maa/Zdjbcdg/MyApplication.java",
        "com/nprathv/maa/Zdjbcdg/a.java",
        "com/nprathv/maa/Zdjbcdg/e.java",
        "com/nprathv/maa/Zdjbcdg/f.java",
        "com/nprathv/maa/Zdjbcdg/c.java",
        "com/nprathv/maa/Zdjbcdg/MyJni.java",
        "com/nprathv/maa/Zdjbcdg/j.java",
        "com/nprathv/maa/Zdjbcdg/Entry.java",
        "com/nprathv/maa/Zdjbcdg/h.java",
        "com/nprathv/maa/Zdjbcdg/i.java",
        "com/nprathv/maa/Zdjbcdg/plugin/g.java",
        "com/nprathv/maa/Zdjbcdg/plugin/d.java",
        "com/nprathv/maa/Zdjbcdg/plugin/InstrumentationProxy.java",
        "com/nprathv/maa/Zdjbcdg/plugin/b.java",
        "com/nprathv/maa/Zdjbcdg/plugin/a.java",
        "com/nprathv/maa/Zdjbcdg/plugin/e.java",
        "com/nprathv/maa/Zdjbcdg/plugin/f.java",
        "com/nprathv/maa/Zdjbcdg/plugin/c.java",
        "com/nprathv/maa/Zdjbcdg/plugin/h.java",
        "com/nprathv/maa/Zdjbcdg/plugin/i.java",
        "androidx/core/app/CoreComponentFactory.java"
    ],
    "ast_hits_by_file": {
        "location": [],
        "microphone": [],
        "camera": [
            "com/nprathv/maa/Zdjbcdg/MyJni.java",
            "com/nprathv/maa/Zdjbcdg/MyJni.java",
            "com/nprathv/maa/Zdjbcdg/plugin/e.java"
        ],
        "media_projection": [],
        "dynamic_load": [],
        "jni": [
            "com/nprathv/maa/Zdjbcdg/j.java",
            "com/nprathv/maa/Zdjbcdg/j.java",
            "com/nprathv/maa/Zdjbcdg/plugin/a.java"
        ]
    },
    "native_libs": [
        "assets/libscorpion_bin.so",
        "lib/arm64-v8a/libads-ac.so",
        "lib/arm64-v8a/libijkplayer.so",
        "lib/arm64-v8a/libBugly-ext.so",
        "lib/arm64-v8a/libijksdl.so",
        "lib/arm64-v8a/libtitan.so",
        "lib/arm64-v8a/libopluslog.so",
        "lib/arm64-v8a/libxp2p.so",
        "lib/arm64-v8a/libavmdlbase.so",
        "lib/arm64-v8a/libsecsdk.so",
        "lib/arm64-v8a/libEncryptorP.so",
        "lib/arm64-v8a/libpcdn_acc.so",
        "lib/arm64-v8a/libijkffmpeg.so",
        "lib/arm64-v8a/libttcrypto.so",
        "lib/arm64-v8a/libttffmpeg.so",
        "lib/arm64-v8a/libscorpion.so",
        "lib/arm64-v8a/libtnet-3.1.14.so",
        "lib/arm64-v8a/libttmplayer.so",
        "lib/arm64-v8a/libalicomphonenumberauthsdk_core.so",
        "lib/arm64-v8a/libauth_number_product-9.5.1.2-log-online-v9-release_alijtca_plus.so",
        "lib/arm64-v8a/libMMASignature.so",
        "lib/arm64-v8a/libumeng-spy.so",
        "lib/arm64-v8a/libdecjni.so",
        "lib/arm64-v8a/libvcn.so",
        "lib/arm64-v8a/libvcnverifylite.so",
        "lib/arm64-v8a/libweibosdkcore.so",
        "lib/arm64-v8a/libpl_droidsonroids_gif.so",
        "lib/arm64-v8a/libWasusdk45.so",
        "lib/arm64-v8a/libvcnverify.so",
        "lib/arm64-v8a/libavmdl.so",
        "lib/arm64-v8a/libttboringssl.so",
        "lib/arm64-v8a/libttmverifylite.so",
        "lib/arm64-v8a/liblocSDK6a.so",
        "lib/arm64-v8a/libvideodec.so",
        "lib/arm64-v8a/libwz265.so",
        "lib/arm64-v8a/libttmverify.so",
        "lib/arm64-v8a/libttlicense2.so",
        "lib/arm64-v8a/libed25519.so",
        "lib/arm64-v8a/libwind.so",
        "lib/arm64-v8a/libads-c.so",
        "lib/armeabi-v7a/libads-ac.so",
        "lib/armeabi-v7a/libijkplayer.so",
        "lib/armeabi-v7a/libBugly-ext.so",
        "lib/armeabi-v7a/libijksdl.so",
        "lib/armeabi-v7a/libtitan.so",
        "lib/armeabi-v7a/libopluslog.so",
        "lib/armeabi-v7a/libxp2p.so",
        "lib/armeabi-v7a/libavmdlbase.so",
        "lib/armeabi-v7a/libsecsdk.so",
        "lib/armeabi-v7a/libEncryptorP.so",
        "lib/armeabi-v7a/libpcdn_acc.so",
        "lib/armeabi-v7a/libijkffmpeg.so",
        "lib/armeabi-v7a/libttcrypto.so",
        "lib/armeabi-v7a/libttffmpeg.so",
        "lib/armeabi-v7a/libscorpion.so",
        "lib/armeabi-v7a/libtnet-3.1.14.so",
        "lib/armeabi-v7a/libttmplayer.so",
        "lib/armeabi-v7a/libalicomphonenumberauthsdk_core.so",
        "lib/armeabi-v7a/libauth_number_product-9.5.1.2-log-online-v9-release_alijtca_plus.so",
        "lib/armeabi-v7a/libMMASignature.so",
        "lib/armeabi-v7a/libumeng-spy.so",
        "lib/armeabi-v7a/libdecjni.so",
        "lib/armeabi-v7a/libvcn.so",
        "lib/armeabi-v7a/libvcnverifylite.so",
        "lib/armeabi-v7a/libweibosdkcore.so",
        "lib/armeabi-v7a/libndkbitmap.so",
        "lib/armeabi-v7a/libpl_droidsonroids_gif.so",
        "lib/armeabi-v7a/libWasusdk45.so",
        "lib/armeabi-v7a/libvcnverify.so",
        "lib/armeabi-v7a/libavmdl.so",
        "lib/armeabi-v7a/libttboringssl.so",
        "lib/armeabi-v7a/libttmverifylite.so",
        "lib/armeabi-v7a/liblocSDK6a.so",
        "lib/armeabi-v7a/libvideodec.so",
        "lib/armeabi-v7a/libwz265.so",
        "lib/armeabi-v7a/libttmverify.so",
        "lib/armeabi-v7a/libttlicense2.so",
        "lib/armeabi-v7a/libed25519.so",
        "lib/armeabi-v7a/libwind.so",
        "lib/armeabi-v7a/libads-c.so",
        "lib/armeabi-v7a/libeZuez.so",
        "lib/arm64-v8a/libeZuez.so",
        "lib/armeabi-v7a/libeZuez-x86.so",
        "lib/arm64-v8a/libeZuez-x86.so"
    ],
    "dex_files_count": 1,
    "exported_components": {
        "activities": [
            "com.alibaba.sdk.android.feedback.impl.ErrorPageActivity",
            "com.alibaba.sdk.android.feedback.windvane.CustomHybirdActivity",
            "com.alipay.sdk.app.APayEntranceActivity",
            "com.alipay.sdk.app.AlipayResultActivity",
            "com.alipay.sdk.app.H5AuthActivity",
            "com.alipay.sdk.app.H5OpenAuthActivity",
            "com.alipay.sdk.app.H5PayActivity",
            "com.alipay.sdk.app.PayResultActivity",
            "com.babycloud.hanju.contribute.ui.ContributionSubmitActivity",
            "com.babycloud.hanju.contribute.ui.DraftNetConnectionTipActivity",
            "com.babycloud.hanju.contribute.ui.LinkContributionInputActivity",
            "com.babycloud.hanju.contribute.ui.SimpleWebViewActivity",
            "com.babycloud.hanju.contribute.ui.VideoDraftManageActivity",
            "com.babycloud.hanju.contribute.ui.VideoDraftPreviewActivity",
            "com.babycloud.hanju.contribute.ui.VideoDraftSelectActivity",
            "com.babycloud.hanju.contribute.ui.VideoDraftSubmitActivity",
            "com.babycloud.hanju.homepage.ModifyHomepageBackgroundActivity",
            "com.babycloud.hanju.homepage.PersonalHomePageActivity",
            "com.babycloud.hanju.media.activity.TopicVideoPreviewActivity",
            "com.babycloud.hanju.media.activity.VideoLiveActivity",
            "com.babycloud.hanju.media.activity.VideoMVActivity",
            "com.babycloud.hanju.media.activity.VideoPoiActivity",
            "com.babycloud.hanju.media.activity.VideoSearchPlayActivity",
            "com.babycloud.hanju.media.activity.VideoShortTopPlayActivity",
            "com.babycloud.hanju.media.activity.VideoStarLiveActivity",
            "com.babycloud.hanju.media.activity.VideoStarLiveActivity2",
            "com.babycloud.hanju.media.activity.VideoWebAdvActivity",
            "com.babycloud.hanju.pay.PaymentRealResultActivity",
            "com.babycloud.hanju.permission.PermissionUtils$PermissionActivity",
            "com.babycloud.hanju.point.PointBillsActivity",
            "com.babycloud.hanju.point.TaskActivity",
            "com.babycloud.hanju.question.QuestionActivity",
            "com.babycloud.hanju.search.activity.SearchActivity",
            "com.babycloud.hanju.search.activity.SearchResultActivity",
            "com.babycloud.hanju.search.activity.SearchResultActivity2",
            "com.babycloud.hanju.search.activity.SearchResultActivity3",
            "com.babycloud.hanju.seriesRank.NewSeriesRankActivity2",
            "com.babycloud.hanju.ui.activity.AccountSecurityCenterActivity",
            "com.babycloud.hanju.ui.activity.BBSActivity",
            "com.babycloud.hanju.ui.activity.BBSDetailActivity",
            "com.babycloud.hanju.ui.activity.CacheSettingActivity",
            "com.babycloud.hanju.ui.activity.CacheSpaceNotEnoughTipActivity",
            "com.babycloud.hanju.ui.activity.CancelAccountFeedBackActivity",
            "com.babycloud.hanju.ui.activity.CancelAccountNotifyActivity",
            "com.babycloud.hanju.ui.activity.CancelAccountReasonActivity",
            "com.babycloud.hanju.ui.activity.CategoryDetailActivity",
            "com.babycloud.hanju.ui.activity.ChangePhoneActivity",
            "com.babycloud.hanju.ui.activity.ChannelActivity",
            "com.babycloud.hanju.ui.activity.ClassicStyleSettingActivity",
            "com.babycloud.hanju.ui.activity.ConfirmQRCodeLoginActivity",
            "com.babycloud.hanju.ui.activity.ConversationActivity",
            "com.babycloud.hanju.ui.activity.CreateTopicActivity",
            "com.babycloud.hanju.ui.activity.CreateTopicShareImageActivity",
            "com.babycloud.hanju.ui.activity.CreateTopicVoteActivity",
            "com.babycloud.hanju.ui.activity.CutPhotoActivity",
            "com.babycloud.hanju.ui.activity.DirectionalPushActivity",
            "com.babycloud.hanju.ui.activity.DlnaSearchActivity",
            "com.babycloud.hanju.ui.activity.DraftSearchActivity",
            "com.babycloud.hanju.ui.activity.DramaActivity",
            "com.babycloud.hanju.ui.activity.EditHobbyActivity",
            "com.babycloud.hanju.ui.activity.EditMyDataActivity",
            "com.babycloud.hanju.ui.activity.EditNickNameActivity",
            "com.babycloud.hanju.ui.activity.EditProfessionActivity",
            "com.babycloud.hanju.ui.activity.FansAssistActivity",
            "com.babycloud.hanju.ui.activity.FansContributionActivity",
            "com.babycloud.hanju.ui.activity.FollowActivity",
            "com.babycloud.hanju.ui.activity.GalleryBigImageActivity",
            "com.babycloud.hanju.ui.activity.HanjuCategoryActivity",
            "com.babycloud.hanju.ui.activity.HanjuDetailActivity",
            "com.babycloud.hanju.ui.activity.HanjuDetailEntranceActivity",
            "com.babycloud.hanju.ui.activity.HanjuDetailIntroActivity",
            "com.babycloud.hanju.ui.activity.HanjuFamineActivity",
            "com.babycloud.hanju.ui.activity.HanjuHomeActivity",
            "com.babycloud.hanju.ui.activity.HanjuSeriesActivity",
            "com.babycloud.hanju.ui.activity.HotSubCategoryVideoActivity",
            "com.babycloud.hanju.ui.activity.LiveStationsActivity",
            "com.babycloud.hanju.ui.activity.LoginActivity",
            "com.babycloud.hanju.ui.activity.MagicWindowActivity",
            "com.babycloud.hanju.ui.activity.MediaBlockActivity",
            "com.babycloud.hanju.ui.activity.MessageFoldDetailActivity",
            "com.babycloud.hanju.ui.activity.MessageSettingActivity",
            "com.babycloud.hanju.ui.activity.MultiSelectPictureActivity",
            "com.babycloud.hanju.ui.activity.MyChaseDramaActivity",
            "com.babycloud.hanju.ui.activity.MyCollectionActivity",
            "com.babycloud.hanju.ui.activity.MyMessageV2Activity",
            "com.babycloud.hanju.ui.activity.MySettingActivity",
            "com.babycloud.hanju.ui.activity.NetConnectivityTipActivity",
            "com.babycloud.hanju.ui.activity.OfflineCacheActivity",
            "com.babycloud.hanju.ui.activity.OtherQRcodeActivity",
            "com.babycloud.hanju.ui.activity.PersonalIntroActivity",
            "com.babycloud.hanju.ui.activity.PlayHistoryActivity2",
            "com.babycloud.hanju.ui.activity.PreViewPictureActivity",
            "com.babycloud.hanju.ui.activity.RecommendHanjuActivity",
            "com.babycloud.hanju.ui.activity.ScanQRcodeActivity",
            "com.babycloud.hanju.ui.activity.SearchStarActivity",
            "com.babycloud.hanju.ui.activity.SecondaryTopicPostActivity",
            "com.babycloud.hanju.ui.activity.SecondaryVideoPostActivity",
            "com.babycloud.hanju.ui.activity.ShortVideoReportActivity",
            "com.babycloud.hanju.ui.activity.SimplePreViewPictureActivity",
            "com.babycloud.hanju.ui.activity.SplashActivity",
            "com.babycloud.hanju.ui.activity.StarBillsActivity",
            "com.babycloud.hanju.ui.activity.StarDetailActivity",
            "com.babycloud.hanju.ui.activity.StarLiveListActivity",
            "com.babycloud.hanju.ui.activity.StarRankActivity",
            "com.babycloud.hanju.ui.activity.SystemImageChooseMultiSelectActivity",
            "com.babycloud.hanju.ui.activity.SystemImageScanActivity",
            "com.babycloud.hanju.ui.activity.TabCategoryActivity",
            "com.babycloud.hanju.ui.activity.ThirdSdkSettingActivity",
            "com.babycloud.hanju.ui.activity.TopicDetailActivity",
            "com.babycloud.hanju.ui.activity.TopicImageScanActivity",
            "com.babycloud.hanju.ui.activity.TopicOperateActivity",
            "com.babycloud.hanju.ui.activity.TopicSelectVideoActivity",
            "com.babycloud.hanju.ui.activity.TopicSquareActivity",
            "com.babycloud.hanju.ui.activity.TransactionRecordActivity",
            "com.babycloud.hanju.ui.activity.UserFansActivity",
            "com.babycloud.hanju.ui.activity.VerticalFullScreenVideoActivity",
            "com.babycloud.hanju.ui.activity.VideoCacheItemActivity",
            "com.babycloud.hanju.ui.activity.VideoCacheMoreActivity",
            "com.babycloud.hanju.ui.activity.VideoDraftManagerActivity2",
            "com.babycloud.hanju.ui.activity.VideoFlowActivity",
            "com.babycloud.hanju.ui.activity.VipAutoPayActivity",
            "com.babycloud.hanju.ui.activity.VipExchangeCodeActivity",
            "com.babycloud.hanju.ui.activity.VipPayActivity",
            "com.babycloud.hanju.ui.activity.VipPrivilegesDetailActivity",
            "com.babycloud.hanju.ui.activity.WelcomeActivity",
            "com.babycloud.hanju.ui.activity.browser.BrowserActivity",
            "com.babycloud.hanju.ui.activity.browser.PtMallBrowserActivity",
            "com.babycloud.hanju.ui.activity.browser.UnCacheFinishActivity",
            "com.babycloud.hanju.ui.activity.browser.VideoBrowserActivity",
            "com.babycloud.hanju.ui.activity.browser.WorksBrowserActivity",
            "com.babycloud.hanju.updateSchedule.UpdateScheduleActivity",
            "com.babycloud.hanju.wxapi.WXEntryActivity",
            "com.babycloud.hanju.wxapi.WXPayEntryActivity",
            "com.babycloud.hanju.youngmode.YoungModeInputPasswordActivity",
            "com.babycloud.hanju.youngmode.YoungModeRelieveLimitActivity",
            "com.babycloud.hanju.youngmode.YoungModeSeriesActivity",
            "com.babycloud.hanju.youngmode.YoungModeSettingActivity",
            "com.babycloud.hanju.youngmode.YoungModelShortVideoPlayActivity",
            "com.babycloud.thirdparty.aliyun.AliyunFeedbackActivity",
            "com.baoyun.common.advertisement.bridge.BridgeBrowserActivity",
            "com.baoyun.common.share.activity.WBCallbackActivity",
            "com.bytedance.applog.migrate.MigrateDetectorActivity",
            "com.hpplay.sdk.source.permission.PermissionBridgeActivity",
            "com.opos.cmn.an.transactivity.api.TransActivity",
            "com.opos.cmn.biz.web.activity.apiimpl.AdWebActivity",
            "com.opos.mobad.activity.AdActivity",
            "com.opos.mobad.activity.VideoActivity",
            "com.qq.e.ads.ADActivity",
            "com.qq.e.ads.DialogActivity",
            "com.qq.e.ads.LandscapeADActivity",
            "com.qq.e.ads.PortraitADActivity",
            "com.qq.e.ads.RewardvideoLandscapeADActivity",
            "com.qq.e.ads.RewardvideoPortraitADActivity",
            "com.sina.weibo.sdk.share.ShareChatActivity",
            "com.sina.weibo.sdk.share.ShareResultActivity",
            "com.sina.weibo.sdk.share.ShareStoryActivity",
            "com.sina.weibo.sdk.share.ShareTransActivity",
            "com.sina.weibo.sdk.web.WebActivity",
            "com.tencent.connect.common.AssistActivity",
            "com.tencent.tauth.AuthActivity",
            "com.umeng.message.UmengNotificationClickActivity",
            "com.umeng.message.notify.UPushMessageNotifyActivity",
            "com.umeng.union.component.UMDownloadActivity",
            "com.umeng.union.component.UMDownloadHoldActivity",
            "com.umeng.union.component.UMUnionActivity",
            "com.umeng.union.component.UMWebViewActivity",
            "com.wapp.active.components.LhActivity",
            "com.xiaomi.mipush.sdk.NotificationClickedActivity",
            "com.yanzhenjie.permission.bridge.BridgeActivity"
        ],
        "services": [
            "androidx.room.MultiInstanceInvalidationService",
            "com.babycloud.hanju.contribute.model.VideoDraftService",
            "com.babycloud.hanju.dlna.AutoCastService",
            "com.babycloud.hanju.ui.services.VideoDownloadService",
            "com.hpplay.sdk.source.process.LelinkSdkService",
            "com.opos.mobad.service.AdService",
            "com.opos.mobad.service.DownloadService",
            "com.qq.e.comm.DownloadService",
            "com.taobao.accs.ChannelService",
            "com.taobao.accs.ChannelService$KernelService",
            "com.taobao.accs.data.MsgDistributeService",
            "com.taobao.accs.internal.AccsJobService",
            "com.umeng.message.UmengDownloadResourceService",
            "com.umeng.message.UmengIntentService",
            "com.umeng.message.UmengMessageCallbackHandlerService",
            "com.umeng.message.UmengMessageIntentReceiverService",
            "com.umeng.message.XiaomiIntentService",
            "com.volcengine.onekit.component.ComponentDiscoveryService",
            "com.wapp.active.components.GuardCancelService",
            "com.wapp.active.components.GuardService",
            "com.xiaomi.mipush.sdk.MessageHandleService",
            "com.xiaomi.mipush.sdk.PushMessageHandler",
            "com.xiaomi.push.service.XMJobService",
            "com.xiaomi.push.service.XMPushService",
            "com.yanzhenjie.permission.bridge.BridgeService",
            "org.android.agoo.accs.AgooService"
        ],
        "receivers": [
            "com.babycloud.hanju.push.XiaomiMessageReceiver",
            "com.baoyun.common.advertisement.util.NotifyBroadcastReceiver",
            "com.bytedance.applog.collector.Collector",
            "com.hpplay.sdk.source.process.LelinkReceiver",
            "com.taobao.accs.EventReceiver",
            "com.taobao.accs.ServiceReceiver",
            "com.taobao.agoo.AgooCommondReceiver",
            "com.tonyodev.fetch2.FetchNotificationBroadcastReceiver",
            "com.umeng.message.NotificationProxyBroadcastReceiver",
            "com.umeng.message.UmengNotificationReceiver",
            "com.umeng.union.common.downloader.UMDownloadReceiver",
            "com.umeng.union.component.UMUnionReceiver",
            "com.wapp.active.components.GuardBrocastReceiver",
            "com.xiaomi.push.service.receivers.NetworkStatusReceiver",
            "com.xiaomi.push.service.receivers.PingReceiver"
        ]
    }
}