{
    "apk_name": "13A797679774A901069EC31289BE49C08ACA4C499105C0B9ABCA25ECEDFC5102",
    "sha256": "13a797679774a901069ec31289be49c08aca4c499105c0b9abca25ecedfc5102",
    "metadata": {
        "package_name": "com.babycloud.hanju",
        "version_code": "5996",
        "version_name": "5.9.12",
        "min_sdk": "19",
        "target_sdk": "26",
        "permissions": [
            "android.permission.ACCESS_BACKGROUND_LOCATION",
            "android.permission.ACCESS_FINE_LOCATION",
            "android.permission.ACCESS_NETWORK_STATE",
            "android.permission.ACCESS_WIFI_STATE",
            "android.permission.BLUETOOTH",
            "android.permission.BROADCAST_PACKAGE_ADDED",
            "android.permission.BROADCAST_PACKAGE_CHANGED",
            "android.permission.BROADCAST_PACKAGE_INSTALL",
            "android.permission.BROADCAST_PACKAGE_REPLACED",
            "android.permission.CAMERA",
            "android.permission.CHANGE_NETWORK_STATE",
            "android.permission.CHANGE_WIFI_MULTICAST_STATE",
            "android.permission.CHANGE_WIFI_STATE",
            "android.permission.DISABLE_KEYGUARD",
            "android.permission.FLASHLIGHT",
            "android.permission.FOREGROUND_SERVICE",
            "android.permission.GET_TASKS",
            "android.permission.INTERNET",
            "android.permission.MODIFY_AUDIO_SETTINGS",
            "android.permission.READ_EXTERNAL_STORAGE",
            "android.permission.READ_SETTINGS",
            "android.permission.RECEIVE_BOOT_COMPLETED",
            "android.permission.REORDER_TASKS",
            "android.permission.REQUEST_INSTALL_PACKAGES",
            "android.permission.SYSTEM_ALERT_WINDOW",
            "android.permission.VIBRATE",
            "android.permission.WAKE_LOCK",
            "android.permission.WRITE_EXTERNAL_STORAGE",
            "com.android.launcher.permission.READ_SETTINGS",
            "com.asus.msa.SupplementaryDID.ACCESS",
            "com.babycloud.hanju.andpermission.bridge",
            "com.babycloud.hanju.heytap.msp.mobad.BROADCAST_PERMISSION",
            "com.babycloud.hanju.permission.MIPUSH_RECEIVE",
            "freemme.permission.msa",
            "org.simalliance.openmobileapi.SMARTCARD"
        ],
        "activities": [
            "com.alibaba.sdk.android.feedback.impl.ErrorPageActivity",
            "com.alibaba.sdk.android.feedback.windvane.CustomHybirdActivity",
            "com.alipay.sdk.app.APayEntranceActivity",
            "com.alipay.sdk.app.AlipayResultActivity",
            "com.alipay.sdk.app.H5AuthActivity",
            "com.alipay.sdk.app.H5OpenAuthActivity",
            "com.alipay.sdk.app.H5PayActivity",
            "com.alipay.sdk.app.PayResultActivity",
            "com.babycloud.hanju.contribute.ui.ContributionSubmitActivity",
            "com.babycloud.hanju.contribute.ui.DraftNetConnectionTipActivity",
            "com.babycloud.hanju.contribute.ui.LinkContributionInputActivity",
            "com.babycloud.hanju.contribute.ui.SimpleWebViewActivity",
            "com.babycloud.hanju.contribute.ui.VideoDraftManageActivity",
            "com.babycloud.hanju.contribute.ui.VideoDraftPreviewActivity",
            "com.babycloud.hanju.contribute.ui.VideoDraftSelectActivity",
            "com.babycloud.hanju.contribute.ui.VideoDraftSubmitActivity",
            "com.babycloud.hanju.homepage.ModifyHomepageBackgroundActivity",
            "com.babycloud.hanju.homepage.PersonalHomePageActivity",
            "com.babycloud.hanju.media.activity.TopicVideoPreviewActivity",
            "com.babycloud.hanju.media.activity.VideoLiveActivity",
            "com.babycloud.hanju.media.activity.VideoMVActivity",
            "com.babycloud.hanju.media.activity.VideoPoiActivity",
            "com.babycloud.hanju.media.activity.VideoSearchPlayActivity",
            "com.babycloud.hanju.media.activity.VideoShortTopPlayActivity",
            "com.babycloud.hanju.media.activity.VideoStarLiveActivity",
            "com.babycloud.hanju.media.activity.VideoStarLiveActivity2",
            "com.babycloud.hanju.media.activity.VideoWebAdvActivity",
            "com.babycloud.hanju.pay.PaymentRealResultActivity",
            "com.babycloud.hanju.permission.PermissionUtils$PermissionActivity",
            "com.babycloud.hanju.point.PointBillsActivity",
            "com.babycloud.hanju.point.TaskActivity",
            "com.babycloud.hanju.question.QuestionActivity",
            "com.babycloud.hanju.search.activity.SearchActivity",
            "com.babycloud.hanju.search.activity.SearchResultActivity",
            "com.babycloud.hanju.search.activity.SearchResultActivity2",
            "com.babycloud.hanju.search.activity.SearchResultActivity3",
            "com.babycloud.hanju.seriesRank.NewSeriesRankActivity2",
            "com.babycloud.hanju.ui.activity.AccountSecurityCenterActivity",
            "com.babycloud.hanju.ui.activity.BBSActivity",
            "com.babycloud.hanju.ui.activity.BBSDetailActivity",
            "com.babycloud.hanju.ui.activity.CacheSettingActivity",
            "com.babycloud.hanju.ui.activity.CacheSpaceNotEnoughTipActivity",
            "com.babycloud.hanju.ui.activity.CancelAccountFeedBackActivity",
            "com.babycloud.hanju.ui.activity.CancelAccountNotifyActivity",
            "com.babycloud.hanju.ui.activity.CancelAccountReasonActivity",
            "com.babycloud.hanju.ui.activity.CategoryDetailActivity",
            "com.babycloud.hanju.ui.activity.ChangePhoneActivity",
            "com.babycloud.hanju.ui.activity.ChannelActivity",
            "com.babycloud.hanju.ui.activity.ClassicStyleSettingActivity",
            "com.babycloud.hanju.ui.activity.ConfirmQRCodeLoginActivity",
            "com.babycloud.hanju.ui.activity.ConversationActivity",
            "com.babycloud.hanju.ui.activity.CreateTopicActivity",
            "com.babycloud.hanju.ui.activity.CreateTopicShareImageActivity",
            "com.babycloud.hanju.ui.activity.CreateTopicVoteActivity",
            "com.babycloud.hanju.ui.activity.CutPhotoActivity",
            "com.babycloud.hanju.ui.activity.DirectionalPushActivity",
            "com.babycloud.hanju.ui.activity.DlnaSearchActivity",
            "com.babycloud.hanju.ui.activity.DraftSearchActivity",
            "com.babycloud.hanju.ui.activity.DramaActivity",
            "com.babycloud.hanju.ui.activity.EditHobbyActivity",
            "com.babycloud.hanju.ui.activity.EditMyDataActivity",
            "com.babycloud.hanju.ui.activity.EditNickNameActivity",
            "com.babycloud.hanju.ui.activity.EditProfessionActivity",
            "com.babycloud.hanju.ui.activity.FansAssistActivity",
            "com.babycloud.hanju.ui.activity.FansContributionActivity",
            "com.babycloud.hanju.ui.activity.FollowActivity",
            "com.babycloud.hanju.ui.activity.GalleryBigImageActivity",
            "com.babycloud.hanju.ui.activity.HanjuCategoryActivity",
            "com.babycloud.hanju.ui.activity.HanjuDetailActivity",
            "com.babycloud.hanju.ui.activity.HanjuDetailEntranceActivity",
            "com.babycloud.hanju.ui.activity.HanjuDetailIntroActivity",
            "com.babycloud.hanju.ui.activity.HanjuFamineActivity",
            "com.babycloud.hanju.ui.activity.HanjuHomeActivity",
            "com.babycloud.hanju.ui.activity.HanjuSeriesActivity",
            "com.babycloud.hanju.ui.activity.HotSubCategoryVideoActivity",
            "com.babycloud.hanju.ui.activity.LiveStationsActivity",
            "com.babycloud.hanju.ui.activity.LoginActivity",
            "com.babycloud.hanju.ui.activity.MagicWindowActivity",
            "com.babycloud.hanju.ui.activity.MediaBlockActivity",
            "com.babycloud.hanju.ui.activity.MessageFoldDetailActivity",
            "com.babycloud.hanju.ui.activity.MessageSettingActivity",
            "com.babycloud.hanju.ui.activity.MultiSelectPictureActivity",
            "com.babycloud.hanju.ui.activity.MyChaseDramaActivity",
            "com.babycloud.hanju.ui.activity.MyCollectionActivity",
            "com.babycloud.hanju.ui.activity.MyMessageV2Activity",
            "com.babycloud.hanju.ui.activity.MySettingActivity",
            "com.babycloud.hanju.ui.activity.NetConnectivityTipActivity",
            "com.babycloud.hanju.ui.activity.OfflineCacheActivity",
            "com.babycloud.hanju.ui.activity.OtherQRcodeActivity",
            "com.babycloud.hanju.ui.activity.PersonalIntroActivity",
            "com.babycloud.hanju.ui.activity.PlayHistoryActivity2",
            "com.babycloud.hanju.ui.activity.PreViewPictureActivity",
            "com.babycloud.hanju.ui.activity.RecommendHanjuActivity",
            "com.babycloud.hanju.ui.activity.ScanQRcodeActivity",
            "com.babycloud.hanju.ui.activity.SearchStarActivity",
            "com.babycloud.hanju.ui.activity.SecondaryTopicPostActivity",
            "com.babycloud.hanju.ui.activity.SecondaryVideoPostActivity",
            "com.babycloud.hanju.ui.activity.ShortVideoReportActivity",
            "com.babycloud.hanju.ui.activity.SimplePreViewPictureActivity",
            "com.babycloud.hanju.ui.activity.SplashActivity",
            "com.babycloud.hanju.ui.activity.StarBillsActivity",
            "com.babycloud.hanju.ui.activity.StarDetailActivity",
            "com.babycloud.hanju.ui.activity.StarLiveListActivity",
            "com.babycloud.hanju.ui.activity.StarRankActivity",
            "com.babycloud.hanju.ui.activity.SystemImageChooseMultiSelectActivity",
            "com.babycloud.hanju.ui.activity.SystemImageScanActivity",
            "com.babycloud.hanju.ui.activity.TabCategoryActivity",
            "com.babycloud.hanju.ui.activity.ThirdSdkSettingActivity",
            "com.babycloud.hanju.ui.activity.TopicDetailActivity",
            "com.babycloud.hanju.ui.activity.TopicImageScanActivity",
            "com.babycloud.hanju.ui.activity.TopicOperateActivity",
            "com.babycloud.hanju.ui.activity.TopicSelectVideoActivity",
            "com.babycloud.hanju.ui.activity.TopicSquareActivity",
            "com.babycloud.hanju.ui.activity.TransactionRecordActivity",
            "com.babycloud.hanju.ui.activity.UserFansActivity",
            "com.babycloud.hanju.ui.activity.VerticalFullScreenVideoActivity",
            "com.babycloud.hanju.ui.activity.VideoCacheItemActivity",
            "com.babycloud.hanju.ui.activity.VideoCacheMoreActivity",
            "com.babycloud.hanju.ui.activity.VideoDraftManagerActivity2",
            "com.babycloud.hanju.ui.activity.VideoFlowActivity",
            "com.babycloud.hanju.ui.activity.VipAutoPayActivity",
            "com.babycloud.hanju.ui.activity.VipExchangeCodeActivity",
            "com.babycloud.hanju.ui.activity.VipPayActivity",
            "com.babycloud.hanju.ui.activity.VipPrivilegesDetailActivity",
            "com.babycloud.hanju.ui.activity.WelcomeActivity",
            "com.babycloud.hanju.ui.activity.browser.BrowserActivity",
            "com.babycloud.hanju.ui.activity.browser.PtMallBrowserActivity",
            "com.babycloud.hanju.ui.activity.browser.UnCacheFinishActivity",
            "com.babycloud.hanju.ui.activity.browser.VideoBrowserActivity",
            "com.babycloud.hanju.ui.activity.browser.WorksBrowserActivity",
            "com.babycloud.hanju.updateSchedule.UpdateScheduleActivity",
            "com.babycloud.hanju.wxapi.WXEntryActivity",
            "com.babycloud.hanju.wxapi.WXPayEntryActivity",
            "com.babycloud.hanju.youngmode.YoungModeInputPasswordActivity",
            "com.babycloud.hanju.youngmode.YoungModeRelieveLimitActivity",
            "com.babycloud.hanju.youngmode.YoungModeSeriesActivity",
            "com.babycloud.hanju.youngmode.YoungModeSettingActivity",
            "com.babycloud.hanju.youngmode.YoungModelShortVideoPlayActivity",
            "com.babycloud.thirdparty.aliyun.AliyunFeedbackActivity",
            "com.baoyun.common.advertisement.bridge.BridgeBrowserActivity",
            "com.baoyun.common.share.activity.WBCallbackActivity",
            "com.bytedance.applog.migrate.MigrateDetectorActivity",
            "com.hpplay.sdk.source.permission.PermissionBridgeActivity",
            "com.opos.cmn.an.transactivity.api.TransActivity",
            "com.opos.cmn.biz.web.activity.apiimpl.AdWebActivity",
            "com.opos.mobad.activity.AdActivity",
            "com.opos.mobad.activity.VideoActivity",
            "com.qq.e.ads.ADActivity",
            "com.qq.e.ads.DialogActivity",
            "com.qq.e.ads.LandscapeADActivity",
            "com.qq.e.ads.PortraitADActivity",
            "com.qq.e.ads.RewardvideoLandscapeADActivity",
            "com.qq.e.ads.RewardvideoPortraitADActivity",
            "com.sina.weibo.sdk.share.ShareChatActivity",
            "com.sina.weibo.sdk.share.ShareResultActivity",
            "com.sina.weibo.sdk.share.ShareStoryActivity",
            "com.sina.weibo.sdk.share.ShareTransActivity",
            "com.sina.weibo.sdk.web.WebActivity",
            "com.tencent.connect.common.AssistActivity",
            "com.tencent.tauth.AuthActivity",
            "com.umeng.message.UmengNotificationClickActivity",
            "com.umeng.message.notify.UPushMessageNotifyActivity",
            "com.umeng.union.component.UMDownloadActivity",
            "com.umeng.union.component.UMDownloadHoldActivity",
            "com.umeng.union.component.UMUnionActivity",
            "com.umeng.union.component.UMWebViewActivity",
            "com.wapp.active.components.LhActivity",
            "com.xiaomi.mipush.sdk.NotificationClickedActivity",
            "com.yanzhenjie.permission.bridge.BridgeActivity"
        ],
        "services": [
            "androidx.room.MultiInstanceInvalidationService",
            "com.babycloud.hanju.contribute.model.VideoDraftService",
            "com.babycloud.hanju.dlna.AutoCastService",
            "com.babycloud.hanju.ui.services.VideoDownloadService",
            "com.hpplay.sdk.source.process.LelinkSdkService",
            "com.opos.mobad.service.AdService",
            "com.opos.mobad.service.DownloadService",
            "com.qq.e.comm.DownloadService",
            "com.taobao.accs.ChannelService",
            "com.taobao.accs.ChannelService$KernelService",
            "com.taobao.accs.data.MsgDistributeService",
            "com.taobao.accs.internal.AccsJobService",
            "com.umeng.message.UmengDownloadResourceService",
            "com.umeng.message.UmengIntentService",
            "com.umeng.message.UmengMessageCallbackHandlerService",
            "com.umeng.message.UmengMessageIntentReceiverService",
            "com.umeng.message.XiaomiIntentService",
            "com.volcengine.onekit.component.ComponentDiscoveryService",
            "com.wapp.active.components.GuardCancelService",
            "com.wapp.active.components.GuardService",
            "com.xiaomi.mipush.sdk.MessageHandleService",
            "com.xiaomi.mipush.sdk.PushMessageHandler",
            "com.xiaomi.push.service.XMJobService",
            "com.xiaomi.push.service.XMPushService",
            "com.yanzhenjie.permission.bridge.BridgeService",
            "org.android.agoo.accs.AgooService"
        ],
        "receivers": [
            "com.babycloud.hanju.push.XiaomiMessageReceiver",
            "com.baoyun.common.advertisement.util.NotifyBroadcastReceiver",
            "com.bytedance.applog.collector.Collector",
            "com.hpplay.sdk.source.process.LelinkReceiver",
            "com.taobao.accs.EventReceiver",
            "com.taobao.accs.ServiceReceiver",
            "com.taobao.agoo.AgooCommondReceiver",
            "com.tonyodev.fetch2.FetchNotificationBroadcastReceiver",
            "com.umeng.message.NotificationProxyBroadcastReceiver",
            "com.umeng.message.UmengNotificationReceiver",
            "com.umeng.union.common.downloader.UMDownloadReceiver",
            "com.umeng.union.component.UMUnionReceiver",
            "com.wapp.active.components.GuardBrocastReceiver",
            "com.xiaomi.push.service.receivers.NetworkStatusReceiver",
            "com.xiaomi.push.service.receivers.PingReceiver"
        ]
    },
    "stats": {
        "dex_count": 1,
        "native_lib_count": 84
    },
    "jadx": {
        "status": "ok",
        "duration_sec": 3.03,
        "sources_present": true,
        "java_file_count": 28
    },
    "ast_analysis": {
        "location": 0,
        "microphone": 0,
        "camera": 3,
        "media_projection": 0,
        "dynamic_load": 0,
        "jni": 3
    },
    "analysis_state": "complete"
}