{
    "apk_name": "76DB90DF00C2803F516D68A6596F0F1C6A640E45761ADFDAFA477F7795CA240E",
    "sha256": "76db90df00c2803f516d68a6596f0f1c6a640e45761adfdafa477f7795ca240e",
    "metadata": {
        "package_name": "com.easyrecrue.liver",
        "version_code": "1010202",
        "version_name": "1.1.2",
        "min_sdk": "23",
        "target_sdk": "30",
        "permissions": [
            "android.permission.ACCESS_NETWORK_STATE",
            "android.permission.ACCESS_WIFI_STATE",
            "android.permission.BATTERY_STATS",
            "android.permission.BLUETOOTH",
            "android.permission.BROADCAST_STICKY",
            "android.permission.CAMERA",
            "android.permission.INTERNET",
            "android.permission.MODIFY_AUDIO_SETTINGS",
            "android.permission.READ_EXTERNAL_STORAGE",
            "android.permission.READ_PHONE_STATE",
            "android.permission.RECORD_AUDIO",
            "android.permission.WAKE_LOCK",
            "android.permission.WRITE_EXTERNAL_STORAGE",
            "com.easyrecrue.liver.permission.C2D_MESSAGE",
            "com.google.android.c2dm.permission.RECEIVE"
        ],
        "activities": [
            "crc64573ad80d08c7c386.MainActivity"
        ],
        "services": [
            "com.google.firebase.iid.FirebaseInstanceIdService",
            "com.google.firebase.messaging.FirebaseMessagingService",
            "crc640921eac73192168e.PNIIDService",
            "crc640921eac73192168e.PNMessagingService",
            "crc64a98abb514ffad9f1.KeepAliveService"
        ],
        "receivers": [
            "com.google.firebase.iid.FirebaseInstanceIdInternalReceiver",
            "com.google.firebase.iid.FirebaseInstanceIdReceiver",
            "com.google.firebase.iid.FirebaseInstanceIdReceiver",
            "crc640921eac73192168e.PushNotificationActionReceiver",
            "crc640921eac73192168e.PushNotificationDeletedReceiver",
            "crc643f46942d9dd1fff9.PowerSaveModeBroadcastReceiver",
            "crc64a0e0a82d0db9a07d.BatteryBroadcastReceiver",
            "crc64a0e0a82d0db9a07d.ConnectivityBroadcastReceiver",
            "crc64a0e0a82d0db9a07d.EnergySaverBroadcastReceiver",
            "crc64cea48322b3427ae9.ConnectivityChangeBroadcastReceiver"
        ]
    },
    "stats": {
        "dex_count": 1,
        "native_lib_count": 26
    },
    "jadx": {
        "status": "ok",
        "duration_sec": 19.56,
        "sources_present": true,
        "java_file_count": 2739
    },
    "ast_analysis": {
        "location": 0,
        "microphone": 5,
        "camera": 14,
        "media_projection": 4,
        "dynamic_load": 0,
        "jni": 8
    },
    "analysis_state": "complete"
}