{
    "apk_name": "23ABB478CD2E0F6639D790FE89F7CCA1A900BBA2D6544D60D5D477E07307D1BB",
    "sha256": "23abb478cd2e0f6639d790fe89f7cca1a900bba2d6544d60d5d477e07307d1bb",
    "metadata": {
        "package_name": "appinventor.ai_rociobibiano2017.CHIHUAHUAmovil",
        "version_code": "3",
        "version_name": "CHIHUAHUAmovil",
        "min_sdk": "7",
        "target_sdk": "31",
        "permissions": [
            "android.permission.ACCESS_COARSE_LOCATION",
            "android.permission.ACCESS_FINE_LOCATION",
            "android.permission.ACCESS_LOCATION_EXTRA_COMMANDS",
            "android.permission.ACCESS_MOCK_LOCATION",
            "android.permission.INTERNET",
            "android.permission.READ_EXTERNAL_STORAGE"
        ],
        "activities": [
            "appinventor.ai_rociobibiano2017.CHIHUAHUAmovil.Acerca",
            "appinventor.ai_rociobibiano2017.CHIHUAHUAmovil.CIUDAD",
            "appinventor.ai_rociobibiano2017.CHIHUAHUAmovil.ConsultaPredio",
            "appinventor.ai_rociobibiano2017.CHIHUAHUAmovil.Contacto",
            "appinventor.ai_rociobibiano2017.CHIHUAHUAmovil.Convenios",
            "appinventor.ai_rociobibiano2017.CHIHUAHUAmovil.Datos",
            "appinventor.ai_rociobibiano2017.CHIHUAHUAmovil.METRICA",
            "appinventor.ai_rociobibiano2017.CHIHUAHUAmovil.OVIE",
            "appinventor.ai_rociobibiano2017.CHIHUAHUAmovil.SIGMUN",
            "appinventor.ai_rociobibiano2017.CHIHUAHUAmovil.Screen1",
            "com.google.appinventor.components.runtime.ListPickerActivity"
        ],
        "services": [],
        "receivers": [],
        "permission_details": {
            "android.permission.ACCESS_COARSE_LOCATION": "dangerous",
            "android.permission.ACCESS_FINE_LOCATION": "dangerous",
            "android.permission.ACCESS_LOCATION_EXTRA_COMMANDS": "normal",
            "android.permission.ACCESS_MOCK_LOCATION": "unknown",
            "android.permission.INTERNET": "normal",
            "android.permission.READ_EXTERNAL_STORAGE": "dangerous"
        },
        "risk_counts": {
            "dangerous": 3,
            "normal": 2,
            "unknown": 1
        }
    },
    "stats": {
        "dex_count": 2,
        "native_lib_count": 0
    },
    "jadx": {
        "status": "ok",
        "duration_sec": 17.59,
        "sources_present": true,
        "java_file_count": 1686
    },
    "ast_analysis": {
        "location": 1,
        "microphone": 0,
        "camera": 5,
        "media_projection": 0,
        "dynamic_load": 0,
        "jni": 0
    },
    "analysis_state": "complete"
}