{
    "apk_name": "3B6435F6FBA05145E9A4AC34614667C5FCAD8902210BB1956AE03BF203F3CD93",
    "sha256": "3b6435f6fba05145e9a4ac34614667c5fcad8902210bb1956ae03bf203f3cd93",
    "metadata": {
        "package_name": "com.bang_olufsen.OneApp",
        "version_code": "58855",
        "version_name": "5.6.0.231219-54530",
        "min_sdk": "28",
        "target_sdk": "33",
        "permissions": [
            "android.permission.ACCESS_COARSE_LOCATION",
            "android.permission.ACCESS_FINE_LOCATION",
            "android.permission.ACCESS_NETWORK_STATE",
            "android.permission.ACCESS_WIFI_STATE",
            "android.permission.BLUETOOTH",
            "android.permission.BLUETOOTH_ADMIN",
            "android.permission.BLUETOOTH_CONNECT",
            "android.permission.BLUETOOTH_SCAN",
            "android.permission.CAMERA",
            "android.permission.CHANGE_NETWORK_STATE",
            "android.permission.CHANGE_WIFI_MULTICAST_STATE",
            "android.permission.CHANGE_WIFI_STATE",
            "android.permission.FOREGROUND_SERVICE",
            "android.permission.INTERNET",
            "android.permission.MEDIA_CONTENT_CONTROL",
            "android.permission.POST_NOTIFICATIONS",
            "android.permission.READ_EXTERNAL_STORAGE",
            "android.permission.RECEIVE_BOOT_COMPLETED",
            "android.permission.VIBRATE",
            "android.permission.WAKE_LOCK",
            "android.permission.WRITE_EXTERNAL_STORAGE",
            "android.permission.WRITE_SETTINGS",
            "com.bang_olufsen.OneApp.DYNAMIC_RECEIVER_NOT_EXPORTED_PERMISSION",
            "com.google.android.c2dm.permission.RECEIVE"
        ],
        "activities": [
            "com.bang_olufsen.OneApp.redirecting_activity",
            "com.bang_olufsen.OneApp.wxapi.WXEntryActivity",
            "com.google.android.gms.auth.api.signin.internal.SignInHubActivity",
            "com.google.android.gms.common.api.GoogleApiActivity",
            "crc6409e8e2f75d6516ca.FallbackFragmentContainerView",
            "crc64a0e0a82d0db9a07d.WebAuthenticatorIntermediateActivity",
            "crc64ca4b5f30746aea4d.MasterView",
            "crc64ca4b5f30746aea4d.SplashScreenView",
            "crc64d6fc8eb32a1bf05c.WebAuthenticationCallbackActivity",
            "crc64f98dd38067c0c88b.FormAuthenticatorActivity",
            "crc64f98dd38067c0c88b.WebAuthenticatorActivity",
            "crc64f98dd38067c0c88b.WebAuthenticatorNativeBrowserActivity",
            "crc64f98dd38067c0c88b.WebViewActivity"
        ],
        "services": [
            "androidx.room.MultiInstanceInvalidationService",
            "androidx.work.impl.background.systemalarm.SystemAlarmService",
            "androidx.work.impl.background.systemjob.SystemJobService",
            "androidx.work.impl.foreground.SystemForegroundService",
            "com.bang_olufsen.OneApp.BeaconService",
            "com.google.android.datatransport.runtime.backends.TransportBackendDiscovery",
            "com.google.android.datatransport.runtime.scheduling.jobscheduling.JobInfoSchedulerService",
            "com.google.android.gms.auth.api.signin.RevocationBoundService",
            "com.google.firebase.components.ComponentDiscoveryService",
            "com.google.firebase.messaging.FirebaseMessagingService",
            "crc641f964ecf1f9d50d5.PushNotificationMessagingService",
            "crc64396a3fe5f8138e3f.KeepAliveService",
            "crc646e364d2ff34954e7.MediaBrowserService",
            "crc64edd26a96adcb1428.MediaPlayerService"
        ],
        "receivers": [
            "androidx.work.impl.background.systemalarm.ConstraintProxy$BatteryChargingProxy",
            "androidx.work.impl.background.systemalarm.ConstraintProxy$BatteryNotLowProxy",
            "androidx.work.impl.background.systemalarm.ConstraintProxy$NetworkStateProxy",
            "androidx.work.impl.background.systemalarm.ConstraintProxy$StorageNotLowProxy",
            "androidx.work.impl.background.systemalarm.ConstraintProxyUpdateReceiver",
            "androidx.work.impl.background.systemalarm.RescheduleReceiver",
            "androidx.work.impl.diagnostics.DiagnosticsReceiver",
            "androidx.work.impl.utils.ForceStopRunnable$BroadcastReceiver",
            "com.bang_olufsen.OneApp.BeaconRestarterBroadcastReceiver",
            "com.google.android.datatransport.runtime.scheduling.jobscheduling.AlarmManagerSchedulerBroadcastReceiver",
            "com.google.firebase.iid.FirebaseInstanceIdInternalReceiver",
            "com.google.firebase.iid.FirebaseInstanceIdReceiver",
            "crc6408f0009ad2b3e898.InfoCenterReceiver",
            "crc643f46942d9dd1fff9.PowerSaveModeBroadcastReceiver",
            "crc64cea48322b3427ae9.ConnectivityChangeBroadcastReceiver",
            "crc64f98dd38067c0c88b.CustomTabsActionsBroadcastReceiver"
        ]
    },
    "stats": {
        "dex_count": 2,
        "native_lib_count": 14
    },
    "jadx": {
        "status": "ok",
        "duration_sec": 36.77,
        "sources_present": true,
        "java_file_count": 7943
    },
    "ast_analysis": {
        "location": 9,
        "microphone": 0,
        "camera": 45,
        "media_projection": 0,
        "dynamic_load": 0,
        "jni": 7
    },
    "analysis_state": "complete"
}