{
    "java_files": [
        "com/secneo/apkwrapper/b.java",
        "com/secneo/apkwrapper/H.java",
        "com/secneo/apkwrapper/AW.java",
        "com/secneo/apkwrapper/AP.java",
        "com/secneo/apkwrapper/a.java",
        "com/secneo/apkwrapper/c.java",
        "com/secneo/apkwrapper/CP.java",
        "com/ddsy/songyao/R.java"
    ],
    "ast_hits_by_file": {
        "location": [],
        "microphone": [],
        "camera": [],
        "media_projection": [],
        "dynamic_load": [],
        "jni": [
            "com/secneo/apkwrapper/AW.java"
        ]
    },
    "native_libs": [
        "lib/arm64-v8a/libBaiduMapSDK_base_v7_4_2.so",
        "lib/arm64-v8a/libBaiduMapSDK_map_v7_4_2.so",
        "lib/arm64-v8a/libCtaApiLib.so",
        "lib/arm64-v8a/libNoodleMD5.so",
        "lib/arm64-v8a/libQPlayer.so",
        "lib/arm64-v8a/libShanYCore.so",
        "lib/arm64-v8a/libVhallDispatchSwitch.so",
        "lib/arm64-v8a/libVhallLiveApi.so",
        "lib/arm64-v8a/libbrcrash.so",
        "lib/arm64-v8a/libbrcrash_dumper.so",
        "lib/arm64-v8a/libbronlinetracking.so",
        "lib/arm64-v8a/libentryexpro.so",
        "lib/arm64-v8a/libglide-webp.so",
        "lib/arm64-v8a/libgnustl_shared.so",
        "lib/arm64-v8a/libjcore324.so",
        "lib/arm64-v8a/libjgloader.so",
        "lib/arm64-v8a/liblocSDK8a.so",
        "lib/arm64-v8a/libmsaoaidauth.so",
        "lib/arm64-v8a/libmsaoaidsec.so",
        "lib/arm64-v8a/libpl_droidsonroids_gif.so",
        "lib/arm64-v8a/libqndroid_rtc.so",
        "lib/arm64-v8a/libuptsmaddon.so",
        "lib/arm64-v8a/libuptsmaddonmi.so",
        "lib/arm64-v8a/libvhffmpeg.so",
        "lib/armeabi-v7a/libBaiduMapSDK_base_v7_4_2.so",
        "lib/armeabi-v7a/libBaiduMapSDK_map_v7_4_2.so",
        "lib/armeabi-v7a/libCtaApiLib.so",
        "lib/armeabi-v7a/libNoodleMD5.so",
        "lib/armeabi-v7a/libQPlayer.so",
        "lib/armeabi-v7a/libShanYCore.so",
        "lib/armeabi-v7a/libVhallDispatchSwitch.so",
        "lib/armeabi-v7a/libVhallLiveApi.so",
        "lib/armeabi-v7a/libbrcrash.so",
        "lib/armeabi-v7a/libbrcrash_dumper.so",
        "lib/armeabi-v7a/libbronlinetracking.so",
        "lib/armeabi-v7a/libentryexpro.so",
        "lib/armeabi-v7a/libglide-webp.so",
        "lib/armeabi-v7a/libgnustl_shared.so",
        "lib/armeabi-v7a/libjcore324.so",
        "lib/armeabi-v7a/libjgloader.so",
        "lib/armeabi-v7a/liblocSDK8a.so",
        "lib/armeabi-v7a/libmsaoaidauth.so",
        "lib/armeabi-v7a/libmsaoaidsec.so",
        "lib/armeabi-v7a/libpl_droidsonroids_gif.so",
        "lib/armeabi-v7a/libqndroid_rtc.so",
        "lib/armeabi-v7a/libuptsmaddon.so",
        "lib/armeabi-v7a/libuptsmaddonmi.so",
        "lib/armeabi-v7a/libvhffmpeg.so",
        "lib/arm64-v8a/libDexHelper-x86.so",
        "lib/arm64-v8a/libDexHelper.so",
        "lib/arm64-v8a/libdexjni.so",
        "lib/armeabi-v7a/libDexHelper-x86.so",
        "lib/armeabi-v7a/libDexHelper.so",
        "lib/armeabi-v7a/libdexjni.so"
    ],
    "dex_files_count": 1,
    "exported_components": {
        "activities": [
            "cn.android.service.JTransitActivity",
            "cn.jpush.android.service.DActivity",
            "cn.jpush.android.service.JNotifyActivity",
            "cn.jpush.android.ui.PopWinActivity",
            "cn.jpush.android.ui.PushActivity",
            "com.alipay.sdk.app.AlipayResultActivity",
            "com.alipay.sdk.app.H5AuthActivity",
            "com.alipay.sdk.app.H5PayActivity",
            "com.alipay.sdk.app.PayResultActivity",
            "com.bilibili.boxing_impl.ui.BoxingActivity",
            "com.bilibili.boxing_impl.ui.BoxingBottomSheetActivity",
            "com.bilibili.boxing_impl.ui.BoxingViewActivity",
            "com.ccb.ccbnetpay.activity.CcbH5PayActivity",
            "com.ccb.ccbnetpay.activity.CcbUnionPayActivity",
            "com.ccb.ccbnetpay.activity.appresult.ResultActivity",
            "com.chuanglan.shanyan_sdk.view.CmccLoginActivity",
            "com.ddky.wear.TakeDrugsRemindActivity",
            "com.ddsy.songyao.PhotoOrder.photoimage.ImagePagerActivity",
            "com.ddsy.songyao.activity.B2cZongHeFenLeiListActivity",
            "com.ddsy.songyao.activity.BuyListActivity",
            "com.ddsy.songyao.activity.BuyListNewActivity",
            "com.ddsy.songyao.activity.CMSActivity",
            "com.ddsy.songyao.activity.ChuFangQuestionActivity",
            "com.ddsy.songyao.activity.CouponListActivity",
            "com.ddsy.songyao.activity.IDVerifyActivity",
            "com.ddsy.songyao.activity.InvoiceInfoActivity",
            "com.ddsy.songyao.activity.KTActivity",
            "com.ddsy.songyao.activity.MainActivity",
            "com.ddsy.songyao.activity.MyAccountActivity",
            "com.ddsy.songyao.activity.OrderReverseSubmitActivity",
            "com.ddsy.songyao.activity.OrderReverseTypeActivity",
            "com.ddsy.songyao.activity.PayPasswordManagerActivity",
            "com.ddsy.songyao.activity.PhoneVerifyActivity",
            "com.ddsy.songyao.activity.PhotoOrderActivity",
            "com.ddsy.songyao.activity.PopGeneDetectionActivity",
            "com.ddsy.songyao.activity.PopShopInfoActivity",
            "com.ddsy.songyao.activity.ProductListActivity",
            "com.ddsy.songyao.activity.PushActionActivity",
            "com.ddsy.songyao.activity.ReplaceSuccessActivity",
            "com.ddsy.songyao.activity.ResetActivity",
            "com.ddsy.songyao.activity.SearchListActivity",
            "com.ddsy.songyao.activity.SearchListPlusActivity",
            "com.ddsy.songyao.activity.SelectPhotoActivity",
            "com.ddsy.songyao.activity.ServiceActivity",
            "com.ddsy.songyao.activity.SettingActivity",
            "com.ddsy.songyao.activity.SettingNotificationActivity",
            "com.ddsy.songyao.activity.ShopCategoryActivity",
            "com.ddsy.songyao.activity.ShopInfoActivity",
            "com.ddsy.songyao.activity.ShopProductListActivity",
            "com.ddsy.songyao.activity.ShopSearchActivity",
            "com.ddsy.songyao.activity.ShopSearchListActivity",
            "com.ddsy.songyao.activity.SplashActivity",
            "com.ddsy.songyao.activity.SwitchActivity",
            "com.ddsy.songyao.activity.TakePhotoActivity",
            "com.ddsy.songyao.activity.UpdateLoginPhoneNewActivity",
            "com.ddsy.songyao.activity.VideoWelcomeActivity",
            "com.ddsy.songyao.activity.VoucherCenterActivity",
            "com.ddsy.songyao.activity.VoucherForProductActivity",
            "com.ddsy.songyao.activity.VoucherGetActivity",
            "com.ddsy.songyao.activity.VoucherHistoryActivity",
            "com.ddsy.songyao.activity.VoucherNewActivity",
            "com.ddsy.songyao.activity.VoucherTabActivity",
            "com.ddsy.songyao.activity.WebActionActivity",
            "com.ddsy.songyao.activity.WelcomeActivity",
            "com.ddsy.songyao.activity.ZongHeFenLeiListActivity",
            "com.ddsy.songyao.address.AddressAddActivity",
            "com.ddsy.songyao.address.AddressDetailActivity",
            "com.ddsy.songyao.address.AddressListActivity",
            "com.ddsy.songyao.advertise.AdvertiseActivity",
            "com.ddsy.songyao.brows.BrowsHistoryActivity",
            "com.ddsy.songyao.detail.PatientDescriptionActivity",
            "com.ddsy.songyao.detail.PatientEditActivity",
            "com.ddsy.songyao.detail.PatientListActivity",
            "com.ddsy.songyao.detail.ProductDetailActivity",
            "com.ddsy.songyao.detail.VideoPlayerActivity",
            "com.ddsy.songyao.favorite.FavoriteActivity",
            "com.ddsy.songyao.home.DingDangHomeActivity",
            "com.ddsy.songyao.home.DingDangPopHomeActivity",
            "com.ddsy.songyao.home.SupportSendCityActivity",
            "com.ddsy.songyao.live.CategoryVideoListActivity",
            "com.ddsy.songyao.live.VideoDetailActivity",
            "com.ddsy.songyao.live.VideoListActivity",
            "com.ddsy.songyao.location.CityListActivity",
            "com.ddsy.songyao.location.LocationActivity",
            "com.ddsy.songyao.location.MapLocationFromOrderActivity",
            "com.ddsy.songyao.location.MapLocationNormalActivity",
            "com.ddsy.songyao.location.MapPickActivity",
            "com.ddsy.songyao.login.LoginActivity",
            "com.ddsy.songyao.login.LoginForgetPwdActivity",
            "com.ddsy.songyao.login.RegisterActivity",
            "com.ddsy.songyao.mall.AccordingToSymptomFindMedicineActivity",
            "com.ddsy.songyao.mall.DingDangMallActivity",
            "com.ddsy.songyao.mall.DingDangPopMallActivity",
            "com.ddsy.songyao.mall.UEUGActivity",
            "com.ddsy.songyao.me.ArticleCollectionActivity",
            "com.ddsy.songyao.me.AskDoctorListActivity",
            "com.ddsy.songyao.me.ChooseAvatarActivity",
            "com.ddsy.songyao.me.InviteFriendActivity",
            "com.ddsy.songyao.me.MessageListActivity",
            "com.ddsy.songyao.me.MyActivity",
            "com.ddsy.songyao.me.MyPushActivity",
            "com.ddsy.songyao.me.RealNameActivity",
            "com.ddsy.songyao.me.ReservationActivity",
            "com.ddsy.songyao.me.SuggestionsActivity",
            "com.ddsy.songyao.me.UpdateLoginPhoneActivity",
            "com.ddsy.songyao.me.UpdateNickActivity",
            "com.ddsy.songyao.news.AudioPlayDetailActivity",
            "com.ddsy.songyao.news.DingDangNewsActivity",
            "com.ddsy.songyao.order.BindMedicalCardActivity",
            "com.ddsy.songyao.order.CashierVoucherListActivity",
            "com.ddsy.songyao.order.CommentDetailActivity",
            "com.ddsy.songyao.order.ComplaintActivity",
            "com.ddsy.songyao.order.ComplaintDetailActivity",
            "com.ddsy.songyao.order.ComplaintOrderListActivity",
            "com.ddsy.songyao.order.DeliveryDetailActivity",
            "com.ddsy.songyao.order.OrderDetailActivity",
            "com.ddsy.songyao.order.OrderEvaluationDetailActivity",
            "com.ddsy.songyao.order.OrderListActivity",
            "com.ddsy.songyao.order.OrderListSearchActivity",
            "com.ddsy.songyao.order.OrderPingJiaActivity",
            "com.ddsy.songyao.order.OrderPingJiaDoubleActivity",
            "com.ddsy.songyao.order.OrderStatusActivity",
            "com.ddsy.songyao.order.OrderTrackActivity",
            "com.ddsy.songyao.order.ReviewListActivity",
            "com.ddsy.songyao.order.RewardActivity",
            "com.ddsy.songyao.order.RewardSuccessActivity",
            "com.ddsy.songyao.order.SelectMedicalCardActivity",
            "com.ddsy.songyao.order.SubmitOrderSuccessActivity",
            "com.ddsy.songyao.payment.MultipleCashierActivity",
            "com.ddsy.songyao.payment.OnlinePaymentActivity",
            "com.ddsy.songyao.payment.OrderShopMapActivity",
            "com.ddsy.songyao.payment.UploadIDCardActivity",
            "com.ddsy.songyao.product.AttributeActivity",
            "com.ddsy.songyao.qrcode.zxing.libs.CaptureActivity",
            "com.ddsy.songyao.rtc.RTCActivity",
            "com.ddsy.songyao.sale.SaleActivity",
            "com.ddsy.songyao.search.SearchH5Activity",
            "com.ddsy.songyao.shopcar.CouDanActivity",
            "com.ddsy.songyao.shopcar.DingDangShopCarActivity",
            "com.ddsy.songyao.shopcar.HuanGouActivity",
            "com.ddsy.songyao.webview.WebViewActivity",
            "com.ddsy.songyao.wxapi.WXEntryActivity",
            "com.ddsy.songyao.wxapi.WXPayEntryActivity",
            "com.ddsy.songyao.xllib.location.CityListActivity",
            "com.ddsy.songyao.xllib.location.MapLocationFromOrderActivity",
            "com.ddsy.songyao.xllib.location.MapLocationNormalXLActivity",
            "com.ddsy.songyao.xllib.location.MapPickXLActivity",
            "com.ddsy.songyao.xllib.location.XLLocationActivity",
            "com.ddsy.songyao.xllib.ui.XLAddressAddActivity",
            "com.ddsy.songyao.xllib.ui.XLAddressDetailActivity",
            "com.ddsy.songyao.xllib.ui.XLAddressListActivity",
            "com.ddsy.songyao.xllib.ui.XLCashierVoucherListActivity",
            "com.ddsy.songyao.xllib.ui.XLClassifyListActivity",
            "com.ddsy.songyao.xllib.ui.XLCouDanActivity",
            "com.ddsy.songyao.xllib.ui.XLHuanGouActivity",
            "com.ddsy.songyao.xllib.ui.XLLoginActivity",
            "com.ddsy.songyao.xllib.ui.XLMainActivity",
            "com.ddsy.songyao.xllib.ui.XLMultipleCashierActivity",
            "com.ddsy.songyao.xllib.ui.XLPayActivity",
            "com.ddsy.songyao.xllib.ui.XLPaySuccessActivity",
            "com.ddsy.songyao.xllib.ui.XLProductDetailsActivity",
            "com.ddsy.songyao.xllib.ui.XLSearchActivity",
            "com.ddsy.songyao.xllib.ui.XLSearchListActivity",
            "com.ddsy.songyao.xllib.ui.XLShopCarActivity",
            "com.ddsy.songyao.xllib.ui.XLShopInfoActivity",
            "com.ddsy.songyao.xllib.ui.XLTakePhotoActivity",
            "com.ddsy.songyao.xllib.ui.XLUploadIDCardActivity",
            "com.ddsy.songyao.xllib.ui.XLWebViewActivity",
            "com.ddsy.songyao.xllib.ui.XMDemoActivity",
            "com.ddsy.songyao.xllib.ui.order.XLOrderDetailActivity",
            "com.ddsy.songyao.xllib.ui.order.XLOrderListActivity",
            "com.ddsy.songyao.xllib.ui.order.XLOrderStatusActivity",
            "com.huawei.hms.activity.BridgeActivity",
            "com.huawei.hms.activity.EnableServiceActivity",
            "com.huawei.hms.support.api.push.TransActivity",
            "com.huawei.wearengine.ClientHubActivity",
            "com.kuaiqian.feifanpay.sdk.FeiFanH5PayActivity",
            "com.kuaiqian.fusedpay.sdk.FusedPayEntryActivity",
            "com.noodle.activity.VideoWebViewActivity",
            "com.sobot.chat.activity.SobotCameraActivity",
            "com.sobot.chat.activity.SobotChooseCityActivity",
            "com.sobot.chat.activity.SobotChooseFileActivity",
            "com.sobot.chat.activity.SobotConsultationListActivity",
            "com.sobot.chat.activity.SobotCusFieldActivity",
            "com.sobot.chat.activity.SobotDiagnosticActivity",
            "com.sobot.chat.activity.SobotFileDetailActivity",
            "com.sobot.chat.activity.SobotHelpCenterActivity",
            "com.sobot.chat.activity.SobotPhotoActivity",
            "com.sobot.chat.activity.SobotPhotoListActivity",
            "com.sobot.chat.activity.SobotPostCategoryActivity",
            "com.sobot.chat.activity.SobotPostLeaveMsgActivity",
            "com.sobot.chat.activity.SobotPostMsgActivity",
            "com.sobot.chat.activity.SobotProblemCategoryActivity",
            "com.sobot.chat.activity.SobotProblemDetailActivity",
            "com.sobot.chat.activity.SobotQueryFromActivity",
            "com.sobot.chat.activity.SobotReplyTicketActivity",
            "com.sobot.chat.activity.SobotSkillGroupActivity",
            "com.sobot.chat.activity.SobotTicketDetailActivity",
            "com.sobot.chat.activity.SobotVideoActivity",
            "com.sobot.chat.activity.WebViewActivity",
            "com.sobot.chat.conversation.SobotChatActivity",
            "com.unionpay.UPPayWapActivity",
            "com.unionpay.uppay.PayActivity",
            "com.vhall.appui.baselib.baseutil.base.BaseActivity",
            "com.vhall.appui.baselib.baseutil.webview.VhallWebviewActivity",
            "com.vhall.appui.baselib.chat.biz.ChatActivity",
            "com.vhall.appui.baselib.imageselector.ClipImageActivity",
            "com.vhall.appui.baselib.imageselector.HPreviewActivity",
            "com.vhall.appui.baselib.imageselector.ImageSelectorActivity",
            "com.vhall.appui.baselib.imageselector.PreviewActivity",
            "com.vhall.appui.baselib.imageselector.SelectPreviewActivity",
            "com.vhall.appui.baselib.livepreview.LivePreviewActivity",
            "com.vhall.appui.baselib.notice.ui.ViewerNoticeListActivity",
            "com.vhall.appui.baselib.watchverticallive.WatchVerticalLiveActivity",
            "com.vivo.push.sdk.LinkProxyClientActivity"
        ],
        "services": [
            "androidx.room.MultiInstanceInvalidationService",
            "cn.jpush.android.service.DaemonService",
            "cn.jpush.android.service.PluginHuaweiPlatformsService",
            "cn.jpush.android.service.PluginOppoPushService",
            "cn.jpush.android.service.PushService",
            "com.baidu.location.f",
            "com.ddsy.songyao.location.LocationService",
            "com.ddsy.songyao.news.AudioPlayService",
            "com.ddsy.songyao.push.DDPushService",
            "com.heytap.msp.push.service.CompatibleDataMessageCallbackService",
            "com.heytap.msp.push.service.DataMessageCallbackService",
            "com.huawei.agconnect.core.ServiceDiscovery",
            "com.huawei.hms.support.api.push.service.HmsMsgService",
            "com.sobot.chat.core.channel.SobotTCPServer",
            "com.sobot.chat.server.SobotSessionServer",
            "com.vhall.framework.connect.VhallConnectService",
            "com.vhall.lss.push.VHScreenRecordService",
            "com.vivo.push.sdk.service.CommandClientService",
            "com.xiaomi.mipush.sdk.MessageHandleService",
            "com.xiaomi.mipush.sdk.PushMessageHandler",
            "com.xiaomi.push.service.XMJobService",
            "com.xiaomi.push.service.XMPushService"
        ],
        "receivers": [
            "cn.jpush.android.asus.AsusPushMessageReceiver",
            "cn.jpush.android.service.AlarmReceiver",
            "cn.jpush.android.service.PluginVivoMessageReceiver",
            "cn.jpush.android.service.PluginXiaomiPlatformsReceiver",
            "cn.jpush.android.service.PushReceiver",
            "cn.jpush.android.service.SchedulerReceiver",
            "com.ddsy.songyao.push.DDJPushMessageReceiver",
            "com.ddsy.songyao.push.SobotReviewReceiver",
            "com.huawei.hms.support.api.push.PushMsgReceiver",
            "com.huawei.hms.support.api.push.PushReceiver",
            "com.xiaomi.push.service.receivers.NetworkStatusReceiver",
            "com.xiaomi.push.service.receivers.PingReceiver"
        ]
    }
}