{
    "apk_name": "B2DA99D6FFC2EA6A69FADA040009E11AB12AAB3429449B72836F179140B00FD1",
    "sha256": "b2da99d6ffc2ea6a69fada040009e11ab12aab3429449b72836f179140b00fd1",
    "metadata": {
        "package_name": "com.verizon.pushtotalkplus",
        "version_code": "4102",
        "version_name": "13.00.01.11",
        "min_sdk": "29",
        "target_sdk": "36",
        "permissions": [
            "android.permission.ACCESS_BACKGROUND_LOCATION",
            "android.permission.ACCESS_COARSE_LOCATION",
            "android.permission.ACCESS_FINE_LOCATION",
            "android.permission.ACCESS_NETWORK_STATE",
            "android.permission.ACCESS_WIFI_STATE",
            "android.permission.ANSWER_PHONE_CALLS",
            "android.permission.AUTHENTICATE_ACCOUNTS",
            "android.permission.BLUETOOTH",
            "android.permission.BLUETOOTH_ADMIN",
            "android.permission.BLUETOOTH_CONNECT",
            "android.permission.BLUETOOTH_SCAN",
            "android.permission.BROADCAST_STICKY",
            "android.permission.CALL_PHONE",
            "android.permission.CAMERA",
            "android.permission.CHANGE_NETWORK_STATE",
            "android.permission.CHANGE_WIFI_STATE",
            "android.permission.CONNECTIVITY_INTERNAL",
            "android.permission.CONNECTIVITY_USE_RESTRICTED_NETWORKS",
            "android.permission.EXPAND_STATUS_BAR",
            "android.permission.FOREGROUND_SERVICE",
            "android.permission.FOREGROUND_SERVICE_CAMERA",
            "android.permission.FOREGROUND_SERVICE_LOCATION",
            "android.permission.FOREGROUND_SERVICE_MICROPHONE",
            "android.permission.FOREGROUND_SERVICE_PHONE_CALL",
            "android.permission.GET_ACCOUNTS",
            "android.permission.INTERNET",
            "android.permission.MANAGE_ACCOUNTS",
            "android.permission.MANAGE_OWN_CALLS",
            "android.permission.MODIFY_AUDIO_SETTINGS",
            "android.permission.POST_NOTIFICATIONS",
            "android.permission.READ_CONTACTS",
            "android.permission.READ_PHONE_STATE",
            "android.permission.RECEIVE_BOOT_COMPLETED",
            "android.permission.RECORD_AUDIO",
            "android.permission.REQUEST_IGNORE_BATTERY_OPTIMIZATIONS",
            "android.permission.SEND_SMS",
            "android.permission.SYSTEM_ALERT_WINDOW",
            "android.permission.USE_FULL_SCREEN_INTENT",
            "android.permission.VIBRATE",
            "android.permission.WAKE_LOCK",
            "android.permission.WRITE_CONTACTS",
            "android.permission.WRITE_EXTERNAL_STORAGE",
            "android.permission.WRITE_SETTINGS",
            "android.permission.WRITE_SYNC_SETTINGS",
            "com.verizon.ptt.API_ACCESS",
            "com.verizon.ptt.LITE_ACCESS",
            "com.verizon.pushtotalkplus.DYNAMIC_RECEIVER_NOT_EXPORTED_PERMISSION"
        ],
        "activities": [
            "com.google.android.gms.common.api.GoogleApiActivity",
            "com.verizon.pushtotalkplus.LaunchCallActivityFromExternal",
            "com.verizon.pushtotalkplus.OIDCViewController",
            "com.verizon.pushtotalkplus.StartupActivity"
        ],
        "services": [
            "com.kodiak.ble.BluetoothLeService",
            "com.kodiak.kap.accessory.AccessoryAckService",
            "com.kodiak.kap.accessory.AccessoryIntentService",
            "com.kodiak.persondownloneworker.PersonDownDetectionService",
            "com.kodiak.pim.contacts.contactsSyncService",
            "com.kodiak.ui.receivers.NetworkListenerService",
            "com.kodiak.ui.util.logger.AutoLogPublisherIntentService",
            "com.verizon.pushtotalkplus.AppHeartbeatService",
            "com.verizon.pushtotalkplus.PTTApplicationService",
            "com.verizon.pushtotalkplus.PttCallService"
        ],
        "receivers": [
            "androidx.profileinstaller.ProfileInstallReceiver",
            "com.kodiak.geofence.GeofenceReceiver",
            "com.kodiak.ui.HeadsetControlEventReceiver",
            "com.kodiak.ui.receivers.ActivationTimeOutReceiver",
            "com.kodiak.ui.receivers.AlarmReceiver",
            "com.kodiak.ui.receivers.AlertRepeateReceiver",
            "com.kodiak.ui.receivers.AppRestartAlarmReceivcer",
            "com.kodiak.ui.receivers.BatteryIntentReceiver",
            "com.kodiak.ui.receivers.EmergencyAlertBCReceiver",
            "com.kodiak.ui.receivers.EndCallKeyBCReceiver",
            "com.kodiak.ui.receivers.ForceDataAlarmReceiver",
            "com.kodiak.ui.receivers.LocationUpdateAlarmReceiver",
            "com.kodiak.ui.receivers.MobileAPIReceiver",
            "com.kodiak.ui.receivers.PttKeyIntentReceiver",
            "com.kodiak.ui.receivers.SelectedIndexIntentReceiver",
            "com.kodiak.ui.receivers.TimerExpiryReceiver",
            "com.kodiak.ui.receivers.ToneAlertRepeateReceiver",
            "com.verizon.pushtotalkplus.receivers.AppAutostartMgr",
            "com.verizon.pushtotalkplus.receivers.HBReceiver"
        ]
    },
    "stats": {
        "dex_count": 2,
        "native_lib_count": 0
    },
    "jadx": {
        "status": "ok",
        "duration_sec": 33.25,
        "sources_present": true,
        "java_file_count": 5521
    },
    "ast_analysis": {
        "location": 21,
        "microphone": 0,
        "camera": 27,
        "media_projection": 0,
        "dynamic_load": 0,
        "jni": 8
    },
    "analysis_state": "complete"
}