{
    "apk_name": "46846A3DF30796A76B9457113450418A62AE22D5BD365FFED887E3B03F3CA0CE",
    "sha256": "46846a3df30796a76b9457113450418a62ae22d5bd365ffed887e3b03f3ca0ce",
    "metadata": {
        "package_name": "com.kwai.videoeditor",
        "version_code": "558002",
        "version_name": "5.58.0.558002",
        "min_sdk": "22",
        "target_sdk": "27",
        "permissions": [
            "MediaStore.Images.Media.EXTERNAL_CONTENT_URI",
            "MediaStore.Images.Media.INTERNAL_CONTENT_URI",
            "android.permission.ACCESS_NETWORK_STATE",
            "android.permission.ACCESS_WIFI_STATE",
            "android.permission.BLUETOOTH",
            "android.permission.CAMERA",
            "android.permission.CHANGE_WIFI_STATE",
            "android.permission.DEVICE_POWER",
            "android.permission.FOREGROUND_SERVICE",
            "android.permission.GET_TASKS",
            "android.permission.INTERNET",
            "android.permission.MODIFY_AUDIO_SETTINGS",
            "android.permission.MOUNT_UNMOUNT_FILESYSTEMS",
            "android.permission.QUERY_ALL_PACKAGES",
            "android.permission.RAISED_THREAD_PRIORITY",
            "android.permission.READ_APP_BADGE",
            "android.permission.READ_EXTERNAL_STORAGE",
            "android.permission.READ_LOGS",
            "android.permission.READ_PHONE_STATE",
            "android.permission.RECORD_AUDIO",
            "android.permission.RECORD_VIDEO",
            "android.permission.REORDER_TASKS",
            "android.permission.REQUEST_INSTALL_PACKAGES",
            "android.permission.SYSTEM_ALERT_WINDOW",
            "android.permission.VIBRATE",
            "android.permission.WAKE_LOCK",
            "android.permission.WRITE_EXTERNAL_STORAGE",
            "com.anddoes.launcher.permission.UPDATE_COUNT",
            "com.android.vending.CHECK_LICENSE",
            "com.asus.msa.SupplementaryDID.ACCESS",
            "com.coloros.mcs.permission.RECIEVE_MCS_MESSAGE",
            "com.heytap.mcs.permission.RECIEVE_MCS_MESSAGE",
            "com.htc.launcher.permission.READ_SETTINGS",
            "com.htc.launcher.permission.UPDATE_SHORTCUT",
            "com.huawei.android.launcher.permission.CHANGE_BADGE",
            "com.huawei.android.launcher.permission.READ_SETTINGS",
            "com.huawei.android.launcher.permission.WRITE_SETTINGS",
            "com.huawei.appmarket.service.commondata.permission.GET_COMMON_DATA",
            "com.huawei.launcher2.permission.WRITE_SETTINGS",
            "com.huawei.launcher3.permission.WRITE_SETTINGS",
            "com.kwai.videoeditor.permission.C2D_MESSAGE",
            "com.kwai.videoeditor.permission.MIPUSH_RECEIVE",
            "com.kwai.videoeditor.permission.PROCESS_PUSH_MSG",
            "com.kwai.videoeditor.permission.PUSH_PROVIDER",
            "com.kwai.videoeditor.push.permission.MESSAGE",
            "com.kwai.videoeditor.refreshToken.ALLOW_RECEIVED",
            "com.majeur.launcher.permission.UPDATE_BADGE",
            "com.meizu.c2dm.permission.RECEIVE",
            "com.meizu.flyme.permission.PUSH",
            "com.meizu.flyme.push.permission.RECEIVE",
            "com.oppo.launcher.permission.READ_SETTINGS",
            "com.oppo.launcher.permission.WRITE_SETTINGS",
            "com.sec.android.provider.badge.permission.READ",
            "com.sec.android.provider.badge.permission.WRITE",
            "com.sonyericsson.home.permission.BROADCAST_BADGE",
            "com.sonymobile.home.permission.PROVIDER_INSERT_BADGE",
            "com.vivo.notification.permission.BADGE_ICON",
            "freemme.permission.msa",
            "me.everything.badger.permission.BADGE_COUNT_READ",
            "me.everything.badger.permission.BADGE_COUNT_WRITE"
        ],
        "activities": [
            "cn.sharesdk.framework.loopshare.RestoreTempActivity",
            "cn.sharesdk.loopshare.LoopShareActivity",
            "cn.sharesdk.tencent.qq.ReceiveActivity",
            "cn.sharesdk.tencent.qq.ReceiveActivity",
            "com.alipay.sdk.app.APayEntranceActivity",
            "com.alipay.sdk.app.AlipayResultActivity",
            "com.alipay.sdk.app.H5AuthActivity",
            "com.alipay.sdk.app.H5OpenAuthActivity",
            "com.alipay.sdk.app.H5PayActivity",
            "com.alipay.sdk.app.PayResultActivity",
            "com.example.operationview.OperationViewTestActivity",
            "com.example.widget.activity.FilterDemoActivity",
            "com.facebook.imagepipeline.backends.okhttp.SingleDraweeViewActivity",
            "com.huawei.hms.activity.BridgeActivity",
            "com.huawei.hms.activity.EnableServiceActivity",
            "com.huawei.updatesdk.service.otaupdate.AppUpdateActivity",
            "com.huawei.updatesdk.support.pm.PackageInstallerActivity",
            "com.kuaishou.krn.page.KrnActivity",
            "com.kuaishou.tachikoma.api.container.debug.consolelog.ui.TKConsoleLogActivity",
            "com.kwai.ad.biz.award.AwardVideoPlayActivity",
            "com.kwai.ad.biz.download.AdDownloadCenterV2Activity",
            "com.kwai.ad.biz.feed.detail.FeedDetailActivity",
            "com.kwai.ad.framework.report.ReportYodaActivity",
            "com.kwai.ad.framework.webview.AdYodaActivity",
            "com.kwai.ad.framework.webview.KwaiYodaWebViewActivity",
            "com.kwai.android.register.core.notification.fall_ground.PassThroughFallToGroundActivity",
            "com.kwai.auth.login.kwailogin.applogin.RouteHandlerActivity",
            "com.kwai.auth.login.kwailogin.h5login.KwaiH5LoginActivity",
            "com.kwai.hotfix.loader.hotplug.ActivityStubs$SGTKStub_00",
            "com.kwai.hotfix.loader.hotplug.ActivityStubs$SGTKStub_00_T",
            "com.kwai.hotfix.loader.hotplug.ActivityStubs$SGTKStub_01",
            "com.kwai.hotfix.loader.hotplug.ActivityStubs$SGTKStub_01_T",
            "com.kwai.hotfix.loader.hotplug.ActivityStubs$SGTKStub_02",
            "com.kwai.hotfix.loader.hotplug.ActivityStubs$SGTKStub_02_T",
            "com.kwai.hotfix.loader.hotplug.ActivityStubs$SGTKStub_03",
            "com.kwai.hotfix.loader.hotplug.ActivityStubs$SGTKStub_04",
            "com.kwai.hotfix.loader.hotplug.ActivityStubs$SGTKStub_05",
            "com.kwai.hotfix.loader.hotplug.ActivityStubs$SGTKStub_06",
            "com.kwai.hotfix.loader.hotplug.ActivityStubs$SGTKStub_07",
            "com.kwai.hotfix.loader.hotplug.ActivityStubs$SGTKStub_08",
            "com.kwai.hotfix.loader.hotplug.ActivityStubs$SGTKStub_09",
            "com.kwai.hotfix.loader.hotplug.ActivityStubs$SGTStub_00",
            "com.kwai.hotfix.loader.hotplug.ActivityStubs$SGTStub_00_T",
            "com.kwai.hotfix.loader.hotplug.ActivityStubs$SGTStub_01",
            "com.kwai.hotfix.loader.hotplug.ActivityStubs$SGTStub_01_T",
            "com.kwai.hotfix.loader.hotplug.ActivityStubs$SGTStub_02",
            "com.kwai.hotfix.loader.hotplug.ActivityStubs$SGTStub_02_T",
            "com.kwai.hotfix.loader.hotplug.ActivityStubs$SGTStub_03",
            "com.kwai.hotfix.loader.hotplug.ActivityStubs$SGTStub_04",
            "com.kwai.hotfix.loader.hotplug.ActivityStubs$SGTStub_05",
            "com.kwai.hotfix.loader.hotplug.ActivityStubs$SGTStub_06",
            "com.kwai.hotfix.loader.hotplug.ActivityStubs$SGTStub_07",
            "com.kwai.hotfix.loader.hotplug.ActivityStubs$SGTStub_08",
            "com.kwai.hotfix.loader.hotplug.ActivityStubs$SGTStub_09",
            "com.kwai.hotfix.loader.hotplug.ActivityStubs$SIStub_00",
            "com.kwai.hotfix.loader.hotplug.ActivityStubs$SIStub_00_T",
            "com.kwai.hotfix.loader.hotplug.ActivityStubs$SIStub_01",
            "com.kwai.hotfix.loader.hotplug.ActivityStubs$SIStub_01_T",
            "com.kwai.hotfix.loader.hotplug.ActivityStubs$SIStub_02",
            "com.kwai.hotfix.loader.hotplug.ActivityStubs$SIStub_02_T",
            "com.kwai.hotfix.loader.hotplug.ActivityStubs$SIStub_03",
            "com.kwai.hotfix.loader.hotplug.ActivityStubs$SIStub_04",
            "com.kwai.hotfix.loader.hotplug.ActivityStubs$SIStub_05",
            "com.kwai.hotfix.loader.hotplug.ActivityStubs$SIStub_06",
            "com.kwai.hotfix.loader.hotplug.ActivityStubs$SIStub_07",
            "com.kwai.hotfix.loader.hotplug.ActivityStubs$SIStub_08",
            "com.kwai.hotfix.loader.hotplug.ActivityStubs$SIStub_09",
            "com.kwai.hotfix.loader.hotplug.ActivityStubs$STDStub_00",
            "com.kwai.hotfix.loader.hotplug.ActivityStubs$STDStub_00_T",
            "com.kwai.hotfix.loader.hotplug.ActivityStubs$STDStub_01",
            "com.kwai.hotfix.loader.hotplug.ActivityStubs$STDStub_01_T",
            "com.kwai.hotfix.loader.hotplug.ActivityStubs$STDStub_02",
            "com.kwai.hotfix.loader.hotplug.ActivityStubs$STDStub_02_T",
            "com.kwai.hotfix.loader.hotplug.ActivityStubs$STDStub_03",
            "com.kwai.hotfix.loader.hotplug.ActivityStubs$STDStub_04",
            "com.kwai.hotfix.loader.hotplug.ActivityStubs$STDStub_05",
            "com.kwai.hotfix.loader.hotplug.ActivityStubs$STDStub_06",
            "com.kwai.hotfix.loader.hotplug.ActivityStubs$STDStub_07",
            "com.kwai.hotfix.loader.hotplug.ActivityStubs$STDStub_08",
            "com.kwai.hotfix.loader.hotplug.ActivityStubs$STDStub_09",
            "com.kwai.kanas.debug.DebugLoggerActivity",
            "com.kwai.krn.KrnKyActivity",
            "com.kwai.kxb.update.mock.KxbMockUpdateActivity",
            "com.kwai.opensdk.sdk.LoadingActivity",
            "com.kwai.opensdk.sdk.openapi.KwaiHandlerActivity",
            "com.kwai.opensdk.sdk.openapi.KwaiRouterActivity",
            "com.kwai.settings.SettingsActivity",
            "com.kwai.video.devicepersona.baseinfo.GpuInfoToolActivity",
            "com.kwai.video.ui.VideoEditorAboutActivity",
            "com.kwai.videoeditor.activity.AdSplashActivity",
            "com.kwai.videoeditor.activity.CameraCompleteActivity",
            "com.kwai.videoeditor.activity.CameraMvCompleteActivity",
            "com.kwai.videoeditor.activity.EditorActivity",
            "com.kwai.videoeditor.activity.EditorCourseActivity",
            "com.kwai.videoeditor.activity.EmptyActivity",
            "com.kwai.videoeditor.activity.ExportActivity",
            "com.kwai.videoeditor.activity.GameHighlightsEditActivity",
            "com.kwai.videoeditor.activity.KrnMaterialCenterPreviewActivity",
            "com.kwai.videoeditor.activity.MainActivity",
            "com.kwai.videoeditor.activity.MainPreviewActivity",
            "com.kwai.videoeditor.activity.MainRouteActivity",
            "com.kwai.videoeditor.activity.MaterialSelectionActivity",
            "com.kwai.videoeditor.activity.MediaRecognizeActivity",
            "com.kwai.videoeditor.activity.ModifyNickNameActivity",
            "com.kwai.videoeditor.activity.PhotoPickPreviewActivity",
            "com.kwai.videoeditor.activity.RouterActivity",
            "com.kwai.videoeditor.activity.ScreenRecordActivity",
            "com.kwai.videoeditor.activity.ScreenRecordProxyActivity",
            "com.kwai.videoeditor.activity.SettingActivity",
            "com.kwai.videoeditor.activity.SparkEditActivity",
            "com.kwai.videoeditor.activity.SparkExportActivity",
            "com.kwai.videoeditor.activity.SparkListActivity",
            "com.kwai.videoeditor.activity.StartCreateActivity",
            "com.kwai.videoeditor.activity.TextLineEditActivity",
            "com.kwai.videoeditor.activity.TextVideoActivityV2",
            "com.kwai.videoeditor.activity.TextVideoCoverEditActivity",
            "com.kwai.videoeditor.activity.TextVideoPickerActivity",
            "com.kwai.videoeditor.activity.TextVideoPickerPreviewActivity",
            "com.kwai.videoeditor.activity.TextVideoTrailerEditActivity",
            "com.kwai.videoeditor.activity.TrailerSetActivity",
            "com.kwai.videoeditor.activity.TransparentJumpActivity",
            "com.kwai.videoeditor.activity.WebActivity",
            "com.kwai.videoeditor.activity.WebPrivacyActivity",
            "com.kwai.videoeditor.cover.activity.CoverBaseImageActivity",
            "com.kwai.videoeditor.cover.activity.CoverEditorActivity",
            "com.kwai.videoeditor.ksad.SdkSplashActivity",
            "com.kwai.videoeditor.music.NewMusicActivity",
            "com.kwai.videoeditor.musicMv.activity.MusicMvAlbumSelectionActivity",
            "com.kwai.videoeditor.musicMv.activity.MusicMvEditActivity",
            "com.kwai.videoeditor.musicMv.activity.MusicMvPreviewActivity",
            "com.kwai.videoeditor.musicMv.export.MusicMvExportActivity",
            "com.kwai.videoeditor.musicMv.export.MusicMvExportedPreviewActivity",
            "com.kwai.videoeditor.mvpPresenter.editorpresenter.sticker.search.LoginTraslucentActivity",
            "com.kwai.videoeditor.mvpPresenter.editorpresenter.subtitle.BatchEditTextActivity",
            "com.kwai.videoeditor.setting.activity.LogReportActivity",
            "com.kwai.videoeditor.textToVideo.TTVPreviewActivity",
            "com.kwai.videoeditor.textToVideo.TTVTextEditActivity",
            "com.kwai.videoeditor.userprofile.AccountManageActivity",
            "com.kwai.videoeditor.userprofile.AvatarModifyActivity",
            "com.kwai.videoeditor.userprofile.BindPhoneActivity",
            "com.kwai.videoeditor.userprofile.UserInfoSettingActivity",
            "com.kwai.videoeditor.userprofile.VerifyPhoneActivity",
            "com.kwai.videoeditor.userprofile.login.ChangeNameActivity",
            "com.kwai.videoeditor.userprofile.login.LoginActivity",
            "com.kwai.videoeditor.vega.album.VegaMediaPickActivity",
            "com.kwai.videoeditor.vega.album.VegaMediaReplaceActivity",
            "com.kwai.videoeditor.vega.collection.detail.CollectionDetailActivity",
            "com.kwai.videoeditor.vega.crop.ImageCropActivity",
            "com.kwai.videoeditor.vega.crop.VideoCropActivity",
            "com.kwai.videoeditor.vega.game.GameHighlightActivity",
            "com.kwai.videoeditor.vega.game.GameHighlightReplaceActivity",
            "com.kwai.videoeditor.vega.materials.MaterialsEditActivity",
            "com.kwai.videoeditor.vega.oneshot.VegaOneStepActivity",
            "com.kwai.videoeditor.vega.preview.SparkPreviewActivity",
            "com.kwai.videoeditor.vega.profile.ProfileActivity",
            "com.kwai.videoeditor.vega.search.TemplateSearchActivity",
            "com.kwai.videoeditor.vega.similar.activity.SimilarMusicTemplateActivity",
            "com.kwai.videoeditor.vega.similar.activity.SimilarTypeTemplateActivity",
            "com.kwai.videoeditor.vega.similar.activity.TemplateFilterActivity",
            "com.kwai.videoeditor.vega.slideplay.SecondShareSlidePlayActivity",
            "com.kwai.videoeditor.vega.slideplay.SinglePlayActivity",
            "com.kwai.videoeditor.vega.slideplay.SlidePlayActivity",
            "com.kwai.videoeditor.wxapi.WXEntryActivity",
            "com.kwai.yoda.v2.YodaWebViewActivity",
            "com.mob.MobTranUpActivity",
            "com.mob.guard.MobTranPullLockActivity",
            "com.mob.tools.MobUIShell",
            "com.sina.weibo.sdk.share.ShareChatActivity",
            "com.sina.weibo.sdk.share.ShareResultActivity",
            "com.sina.weibo.sdk.share.ShareStoryActivity",
            "com.sina.weibo.sdk.share.ShareTransActivity",
            "com.sina.weibo.sdk.web.WebActivity",
            "com.smile.gifmaker.mvps.debug.DebugRelativeInfoActivity",
            "com.tencent.connect.common.AssistActivity",
            "com.tencent.tauth.AuthActivity",
            "com.vivo.push.sdk.LinkProxyClientActivity",
            "com.yxcorp.gateway.pay.activity.AuthThirdActivity",
            "com.yxcorp.gateway.pay.activity.GatewayH5PayActivity",
            "com.yxcorp.gateway.pay.activity.GatewayOrderPrepayActivity",
            "com.yxcorp.gateway.pay.activity.GatewayPayActivity",
            "com.yxcorp.gateway.pay.activity.GatewayPayOrderActivity",
            "com.yxcorp.gateway.pay.activity.GatewayPayOrderV2Activity",
            "com.yxcorp.gateway.pay.activity.PayWebViewActivity",
            "com.yxcorp.gateway.pay.activity.PayYodaWebViewActivity",
            "com.yxcorp.gateway.pay.activity.UriRouterActivity",
            "com.yxcorp.gateway.pay.activity.WXPayEntryActivity",
            "com.yxcorp.gateway.pay.activity.WechatAuthActivity",
            "com.yxcorp.gateway.pay.activity.WechatSSOActivity",
            "com.yxcorp.gateway.pay.activity.WithDrawBindActivity",
            "com.yxcorp.gifshow.album.AlbumActivity",
            "com.yxcorp.gifshow.album.preview.MediaPreviewActivity",
            "com.yxcorp.gifshow.imagecrop.ImageCropActivity",
            "com.yxcorp.gifshow.log.activity.StartScreenshotActivity",
            "com.yxcorp.gifshow.push.huawei.HuaweiPushActivity",
            "com.yxcorp.gifshow.push.oppo.OppoRouterActivity",
            "com.yxcorp.gifshow.push.vivo.VivoPushActivity",
            "pub.devrel.easypermissions.AppSettingsDialogHolderActivity",
            "zlc.season.rxdownload3.extension.ApkInstallExtension$ApkInstallActivity"
        ],
        "services": [
            "androidx.room.MultiInstanceInvalidationService",
            "com.heytap.mcssdk.AppPushService",
            "com.heytap.mcssdk.PushService",
            "com.huawei.agconnect.core.ServiceDiscovery",
            "com.huawei.hms.support.api.push.service.HmsMsgService",
            "com.kuaishou.dfp.DfpAssistService",
            "com.kuaishou.weapon.WeaponJS",
            "com.kwai.ad.biz.vpn.AdDownloadService",
            "com.kwai.android.longinus.AdamService",
            "com.kwai.android.longinus.InsuranceAdamService",
            "com.kwai.android.longinus.InsuranceLilithService",
            "com.kwai.android.longinus.LilithService",
            "com.kwai.android.register.processor.services.MainProcessorService",
            "com.kwai.android.register.processor.services.SuicideProcessorService",
            "com.kwai.chat.kwailink.service.KwaiLinkService",
            "com.kwai.chat.kwailink.service.NewKwaiLinkService",
            "com.kwai.hotfix.lib.service.DefaultHotfixResultService",
            "com.kwai.hotfix.lib.service.ExternalLogService",
            "com.kwai.hotfix.lib.service.HotFixPatchService",
            "com.kwai.hotfix.lib.service.HotFixPatchService$InnerService",
            "com.kwai.hotfix.lib.service.HotfixForgService",
            "com.kwai.kanas.services.KanasService",
            "com.kwai.logger.internal.LogService",
            "com.kwai.performance.stability.oom.monitor.analysis.HeapAnalysisService",
            "com.kwai.plugin.dva.hook.component.service.container.DvaContainerServiceMainProcess",
            "com.kwai.plugin.dva.install.remote.PluginInstallService",
            "com.kwai.video.clipkit.benchmark.BenchmarkTestService",
            "com.kwai.video.devicepersona.benchmark.DPBenchmarkTestService",
            "com.kwai.video.kscamerakit.hardware.HardwareEncodeTestService",
            "com.kwai.videoeditor.longinus.SpearService",
            "com.kwai.videoeditor.mediapreprocess.transcode.service.TransCodeService",
            "com.kwai.videoeditor.musicMv.export.MusicMvExportService",
            "com.kwai.videoeditor.mvpPresenter.editorpresenter.screenrecord.ScreenRecordFloatViewService",
            "com.kwai.videoeditor.mvpPresenter.preSynthesize.manager.PreSynthesisCacheService",
            "com.kwai.videoeditor.screenrecord.ScreenRecordService",
            "com.kwai.videoeditor.service.AdSplashDownloadJobService",
            "com.kwai.videoeditor.service.AppUpgradeAdvanceService",
            "com.kwai.videoeditor.service.BenchMarkService",
            "com.kwai.videoeditor.service.ExportService",
            "com.kwai.videoeditor.service.LoginSyncService",
            "com.kwai.videoeditor.service.MediaCodecSetService",
            "com.meizu.cloud.pushsdk.NotificationService",
            "com.mob.guard.MobGuardUpService",
            "com.vivo.push.sdk.service.CommandClientService",
            "com.xiaomi.mipush.sdk.MessageHandleService",
            "com.xiaomi.mipush.sdk.PushMessageHandler",
            "com.xiaomi.push.service.XMJobService",
            "com.xiaomi.push.service.XMPushService",
            "com.yxcorp.gifshow.log.service.LogJobService",
            "com.yxcorp.gifshow.log.service.LogService",
            "com.yxcorp.gifshow.push.huawei.HuaweiPushMessageService",
            "com.yxcorp.patch.log.MainProcessResultService",
            "zlc.season.rxdownload3.core.DownloadService"
        ],
        "receivers": [
            "com.huawei.hms.support.api.push.PushMsgReceiver",
            "com.huawei.hms.support.api.push.PushReceiver",
            "com.kuaishou.weapon.WeaponRECE",
            "com.kwai.ad.framework.download.nofication.NotifyClickReceiver",
            "com.kwai.chat.kwailink.client.KwaiLinkNotifyClientBroadcastReceiver",
            "com.kwai.chat.kwailink.receiver.AlarmReceiver",
            "com.kwai.yoda.event.YodaPhoneCallReceiver",
            "com.meizu.cloud.pushsdk.MzPushSystemReceiver",
            "com.mob.guard.MobGuardCommonIdBCReceiver",
            "com.xiaomi.push.service.receivers.NetworkStatusReceiver",
            "com.xiaomi.push.service.receivers.PingReceiver",
            "com.yxcorp.download.DownloadReceiver",
            "com.yxcorp.gifshow.push.meizu.MeizuPushReceiver",
            "com.yxcorp.gifshow.push.vivo.VivoPushReceiver",
            "com.yxcorp.gifshow.push.xiaomi.XiaomiPushReceiver"
        ]
    },
    "stats": {
        "dex_count": 9,
        "native_lib_count": 101
    },
    "jadx": {
        "status": "ok",
        "duration_sec": 190.01,
        "sources_present": true,
        "java_file_count": 28828
    },
    "ast_analysis": {
        "location": 0,
        "microphone": 13,
        "camera": 122,
        "media_projection": 3,
        "dynamic_load": 0,
        "jni": 192
    },
    "analysis_state": "complete"
}