{
    "apk_name": "1DE8877D129351D5F3D99769D370BCE7B7FB92283440CCE59EECDD2A999F2E3F",
    "sha256": "1de8877d129351d5f3d99769d370bce7b7fb92283440cce59eecdd2a999f2e3f",
    "metadata": {
        "package_name": "com.app4joy.senegal_free",
        "version_code": "500",
        "version_name": "5.0.0",
        "min_sdk": "24",
        "target_sdk": "36",
        "permissions": [
            "android.permission.ACCESS_ADSERVICES_AD_ID",
            "android.permission.ACCESS_ADSERVICES_ATTRIBUTION",
            "android.permission.ACCESS_ADSERVICES_TOPICS",
            "android.permission.ACCESS_NETWORK_STATE",
            "android.permission.FOREGROUND_SERVICE",
            "android.permission.INTERNET",
            "android.permission.READ_EXTERNAL_STORAGE",
            "android.permission.READ_MEDIA_AUDIO",
            "android.permission.WAKE_LOCK",
            "android.permission.WRITE_EXTERNAL_STORAGE",
            "com.app4joy.senegal_free.DYNAMIC_RECEIVER_NOT_EXPORTED_PERMISSION",
            "com.google.android.gms.permission.AD_ID"
        ],
        "activities": [
            "com.app4joy.senegal_free.Flag3D",
            "com.app4joy.senegal_free.FlagColor",
            "com.app4joy.senegal_free.FlagDraw",
            "com.app4joy.senegal_free.FlagListPref",
            "com.app4joy.senegal_free.FlagStart",
            "com.app4joy.senegal_free.FlagWaverActivity",
            "com.app4joy.senegal_free.FontSelectActivity",
            "com.app4joy.senegal_free.ImagePickerActivity",
            "com.app4joy.senegal_free.OptionActivity",
            "com.app4joy.senegal_free.SetMusic",
            "com.app4joy.senegal_free.Settings",
            "com.app4joy.senegal_free.ShowWikiActivity",
            "com.app4joy.senegal_free.SplashActivity",
            "com.app4joy.senegal_free.WaverSettings",
            "com.github.drjacky.imagepicker.ImagePickerActivity",
            "com.google.android.gms.ads.AdActivity",
            "com.google.android.gms.ads.NotificationHandlerActivity",
            "com.google.android.gms.ads.OutOfContextTestingActivity",
            "com.google.android.gms.common.api.GoogleApiActivity",
            "com.samadhi.filelist.FileListActivity",
            "com.yalantis.ucrop.UCropActivity"
        ],
        "services": [
            "androidx.room.MultiInstanceInvalidationService",
            "androidx.work.impl.background.systemalarm.SystemAlarmService",
            "androidx.work.impl.background.systemjob.SystemJobService",
            "androidx.work.impl.foreground.SystemForegroundService",
            "com.app4joy.senegal_free.BGService",
            "com.app4joy.senegal_free.BOService",
            "com.app4joy.senegal_free.LWPService2",
            "com.google.android.gms.ads.AdService"
        ],
        "receivers": [
            "androidx.profileinstaller.ProfileInstallReceiver",
            "androidx.work.impl.background.systemalarm.ConstraintProxy$BatteryChargingProxy",
            "androidx.work.impl.background.systemalarm.ConstraintProxy$BatteryNotLowProxy",
            "androidx.work.impl.background.systemalarm.ConstraintProxy$NetworkStateProxy",
            "androidx.work.impl.background.systemalarm.ConstraintProxy$StorageNotLowProxy",
            "androidx.work.impl.background.systemalarm.ConstraintProxyUpdateReceiver",
            "androidx.work.impl.background.systemalarm.RescheduleReceiver",
            "androidx.work.impl.diagnostics.DiagnosticsReceiver",
            "androidx.work.impl.utils.ForceStopRunnable$BroadcastReceiver"
        ]
    },
    "stats": {
        "dex_count": 1,
        "native_lib_count": 4
    },
    "jadx": {
        "status": "ok",
        "duration_sec": 26.27,
        "sources_present": true,
        "java_file_count": 5318
    },
    "ast_analysis": {
        "location": 0,
        "microphone": 1,
        "camera": 8,
        "media_projection": 0,
        "dynamic_load": 0,
        "jni": 4
    },
    "analysis_state": "complete"
}