{
    "apk_name": "9C1C9DD12DDC05B8B6232C0E0BDCD22C12972901694A3352BEF859A3BC2BAAD2",
    "sha256": "9c1c9dd12ddc05b8b6232c0e0bdcd22c12972901694a3352bef859a3bc2baad2",
    "metadata": {
        "package_name": "android.zhibo8",
        "version_code": "253",
        "version_name": "6.2.8",
        "min_sdk": "21",
        "target_sdk": "28",
        "permissions": [
            "android.permission.ACCESS_DOWNLOAD_MANAGER",
            "android.permission.ACCESS_NETWORK_STATE",
            "android.permission.ACCESS_WIFI_STATE",
            "android.permission.ACTIVITY_RECOGNITION",
            "android.permission.BLUETOOTH_CONNECT",
            "android.permission.BROADCAST_STICKY",
            "android.permission.CAMERA",
            "android.permission.CHANGE_CONFIGURATION",
            "android.permission.CHANGE_NETWORK_STATE",
            "android.permission.CHANGE_WIFI_MULTICAST_STATE",
            "android.permission.CHANGE_WIFI_STATE",
            "android.permission.FOREGROUND_SERVICE",
            "android.permission.GET_PACKAGE_SIZE",
            "android.permission.GET_TASKS",
            "android.permission.INTERACT_ACROSS_USERS_FULL",
            "android.permission.INTERNET",
            "android.permission.MODIFY_AUDIO_SETTINGS",
            "android.permission.MOUNT_UNMOUNT_FILESYSTEMS",
            "android.permission.POST_NOTIFICATIONS",
            "android.permission.QUERY_ALL_PACKAGES",
            "android.permission.READ_CALENDAR",
            "android.permission.READ_EXTERNAL_STORAGE",
            "android.permission.READ_LOGS",
            "android.permission.READ_PHONE_STATE",
            "android.permission.RECEIVE_USER_PRESENT",
            "android.permission.RECORD_AUDIO",
            "android.permission.REORDER_TASKS",
            "android.permission.REQUEST_INSTALL_PACKAGES",
            "android.permission.SYSTEM_ALERT_WINDOW",
            "android.permission.VIBRATE",
            "android.permission.WAKE_LOCK",
            "android.permission.WRITE_CALENDAR",
            "android.permission.WRITE_EXTERNAL_STORAGE",
            "android.permission.WRITE_SETTINGS",
            "android.zhibo8.openadsdk.permission.TT_PANGOLIN",
            "android.zhibo8.permission.C2D_MESSAGE",
            "android.zhibo8.permission.JPUSH_MESSAGE",
            "android.zhibo8.permission.MIPUSH_RECEIVE",
            "android.zhibo8.permission.PROCESS_PUSH_MSG",
            "android.zhibo8.permission.PUSH_PROVIDER",
            "android.zhibo8.push.permission.MESSAGE",
            "com.android.launcher.permission.INSTALL_SHORTCUT",
            "com.asus.msa.SupplementaryDID.ACCESS",
            "com.coloros.mcs.permission.RECIEVE_MCS_MESSAGE",
            "com.heytap.mcs.permission.RECIEVE_MCS_MESSAGE",
            "com.hihonor.permission.MANAGE_FOLD_SCREEN",
            "com.hihonor.permission.MANAGE_FOLD_SCREEN_PRIVILEGED",
            "com.huawei.android.launcher.permission.CHANGE_BADGE",
            "com.huawei.appmarket.service.commondata.permission.GET_COMMON_DATA",
            "com.meizu.c2dm.permission.RECEIVE",
            "com.meizu.flyme.permission.PUSH",
            "com.meizu.flyme.push.permission.RECEIVE",
            "com.vivo.notification.permission.BADGE_ICON",
            "freemme.permission.msa"
        ],
        "activities": [
            "android.zhibo8.socialize.uikit.ActionActivity",
            "android.zhibo8.ui.contollers.adv.LoadActivity",
            "android.zhibo8.ui.contollers.adv.LoadGdtActivity",
            "android.zhibo8.ui.contollers.adv.LoadTelActivity",
            "android.zhibo8.ui.contollers.adv.VideoAdvActivity",
            "android.zhibo8.ui.contollers.ai.CameraXLivePreviewActivity",
            "android.zhibo8.ui.contollers.ai.PoseBasketBallHomeActivity",
            "android.zhibo8.ui.contollers.ai.PoseMineActivity",
            "android.zhibo8.ui.contollers.ai.PosePreviewActivity",
            "android.zhibo8.ui.contollers.ai.PoseTrainAnalyseActivity",
            "android.zhibo8.ui.contollers.ai.PoseTrainRecordActivity",
            "android.zhibo8.ui.contollers.ai.PoseTrainReportActivity",
            "android.zhibo8.ui.contollers.ai.PoseTrainStaticsActivity",
            "android.zhibo8.ui.contollers.apk.ApkListActivity",
            "android.zhibo8.ui.contollers.bbs.FFavActivity",
            "android.zhibo8.ui.contollers.bbs.FMessageActivity",
            "android.zhibo8.ui.contollers.bbs.FPostActivity",
            "android.zhibo8.ui.contollers.bbs.FPublishActivity",
            "android.zhibo8.ui.contollers.bbs.FPublishVideoActivity",
            "android.zhibo8.ui.contollers.bbs.FThemeActivity",
            "android.zhibo8.ui.contollers.bbs.FTopicActivity",
            "android.zhibo8.ui.contollers.bbs.FTopicSearchActivity",
            "android.zhibo8.ui.contollers.bbs.ForumActivity",
            "android.zhibo8.ui.contollers.bbs.file.ImageChoseActivity",
            "android.zhibo8.ui.contollers.bbs.file.ImageGalleryActivity",
            "android.zhibo8.ui.contollers.bbs.file.VideoChoseActivity",
            "android.zhibo8.ui.contollers.common.DeeplinkActivity",
            "android.zhibo8.ui.contollers.common.FragmentProxyActivity",
            "android.zhibo8.ui.contollers.common.FragmentProxyViewPagerActivity",
            "android.zhibo8.ui.contollers.common.TipActivity",
            "android.zhibo8.ui.contollers.common.Zhibo8PushActivity",
            "android.zhibo8.ui.contollers.common.webview.PPWebActivity",
            "android.zhibo8.ui.contollers.common.webview.PlayWebActivity",
            "android.zhibo8.ui.contollers.common.webview.WebActivity",
            "android.zhibo8.ui.contollers.data.activity.ChinaDataActivity",
            "android.zhibo8.ui.contollers.data.activity.CoachHomeActivity",
            "android.zhibo8.ui.contollers.data.activity.DataGroupActivity",
            "android.zhibo8.ui.contollers.data.activity.KOGHeroHomeActivity",
            "android.zhibo8.ui.contollers.data.activity.KOGHeroStrategyActivity",
            "android.zhibo8.ui.contollers.data.activity.KOGPlayerHomeActivity",
            "android.zhibo8.ui.contollers.data.activity.KOGTeamHomeActivity",
            "android.zhibo8.ui.contollers.data.activity.LOLHeroHomeActivity",
            "android.zhibo8.ui.contollers.data.activity.LOLHeroStrategyActivity",
            "android.zhibo8.ui.contollers.data.activity.LPLPlayerHomeActivity",
            "android.zhibo8.ui.contollers.data.activity.LPLTeamHomeActivity",
            "android.zhibo8.ui.contollers.data.activity.NBACoachHomeActivity",
            "android.zhibo8.ui.contollers.data.activity.NbaPlayerLeagueRankActivity",
            "android.zhibo8.ui.contollers.data.activity.NbaSeriesActivity",
            "android.zhibo8.ui.contollers.data.activity.NbaTeamLeagueRankActivity",
            "android.zhibo8.ui.contollers.data.activity.NewFootBallPlayerHomeActivity",
            "android.zhibo8.ui.contollers.data.activity.NewFootBallTeamHomeActivity",
            "android.zhibo8.ui.contollers.data.activity.NewNBAPlayerHomeActivity",
            "android.zhibo8.ui.contollers.data.activity.NewNBATeamHomeActivity",
            "android.zhibo8.ui.contollers.data.activity.OlympicPlayerActivity",
            "android.zhibo8.ui.contollers.detail.AtFriendActivity",
            "android.zhibo8.ui.contollers.detail.DetailActivity",
            "android.zhibo8.ui.contollers.detail.DiscussActivity",
            "android.zhibo8.ui.contollers.detail.DiscussDetailActivity",
            "android.zhibo8.ui.contollers.detail.NewsWeiboDetailActivity",
            "android.zhibo8.ui.contollers.detail.PostDiscussDetailActivity",
            "android.zhibo8.ui.contollers.detail.ReportActivity",
            "android.zhibo8.ui.contollers.detail.ShareDiscussImgActivity",
            "android.zhibo8.ui.contollers.detail.SharePosterImgActivity",
            "android.zhibo8.ui.contollers.detail.ShareWebImgActivity",
            "android.zhibo8.ui.contollers.detail.SubjectActivity",
            "android.zhibo8.ui.contollers.detail.count.game.GameDataMoreActivity",
            "android.zhibo8.ui.contollers.detail.index.basketball.IndexDetailActivity",
            "android.zhibo8.ui.contollers.equipment.EquipmentDetailActivity",
            "android.zhibo8.ui.contollers.equipment.EquipmentListActivity",
            "android.zhibo8.ui.contollers.equipment.EquipmentPublishActivity",
            "android.zhibo8.ui.contollers.equipment.sale.activity.CustomerServiceActivity",
            "android.zhibo8.ui.contollers.equipment.sale.activity.SaleAddAddressActivity",
            "android.zhibo8.ui.contollers.equipment.sale.activity.SaleAddressActivity",
            "android.zhibo8.ui.contollers.equipment.sale.activity.SaleCalendarActivity",
            "android.zhibo8.ui.contollers.equipment.sale.activity.SaleCalendarDetailActivity",
            "android.zhibo8.ui.contollers.equipment.sale.activity.SaleCartActivity",
            "android.zhibo8.ui.contollers.equipment.sale.activity.SaleCollectActivity",
            "android.zhibo8.ui.contollers.equipment.sale.activity.SaleComplainActivity",
            "android.zhibo8.ui.contollers.equipment.sale.activity.SaleCouponHistoryActivity",
            "android.zhibo8.ui.contollers.equipment.sale.activity.SaleCouponLeftActivity",
            "android.zhibo8.ui.contollers.equipment.sale.activity.SaleDetailActivity",
            "android.zhibo8.ui.contollers.equipment.sale.activity.SaleFaultConfirmWebActivity",
            "android.zhibo8.ui.contollers.equipment.sale.activity.SaleFootprintActivity",
            "android.zhibo8.ui.contollers.equipment.sale.activity.SaleGoodsActivity",
            "android.zhibo8.ui.contollers.equipment.sale.activity.SaleGoodsEquipRelateActivity",
            "android.zhibo8.ui.contollers.equipment.sale.activity.SaleHistoryActivity",
            "android.zhibo8.ui.contollers.equipment.sale.activity.SaleHomeActivity",
            "android.zhibo8.ui.contollers.equipment.sale.activity.SaleImageBrowserActivity",
            "android.zhibo8.ui.contollers.equipment.sale.activity.SaleInfoActivity",
            "android.zhibo8.ui.contollers.equipment.sale.activity.SaleMessageCenterActivity",
            "android.zhibo8.ui.contollers.equipment.sale.activity.SaleMonitorActivity",
            "android.zhibo8.ui.contollers.equipment.sale.activity.SaleMyPurchaseActivity",
            "android.zhibo8.ui.contollers.equipment.sale.activity.SaleOpenBoxActivity",
            "android.zhibo8.ui.contollers.equipment.sale.activity.SaleOrderConfirmActivity",
            "android.zhibo8.ui.contollers.equipment.sale.activity.SaleOrderPayFromH5Activity",
            "android.zhibo8.ui.contollers.equipment.sale.activity.SaleOrderPayResultActivity",
            "android.zhibo8.ui.contollers.equipment.sale.activity.SaleOrderPurchaserDetailActivity",
            "android.zhibo8.ui.contollers.equipment.sale.activity.SaleOrderPurchaserPayActivity",
            "android.zhibo8.ui.contollers.equipment.sale.activity.SaleOrderSellerDetailActivity",
            "android.zhibo8.ui.contollers.equipment.sale.activity.SaleOrderSellerPayActivity",
            "android.zhibo8.ui.contollers.equipment.sale.activity.SaleOrderTraceDetailActivity",
            "android.zhibo8.ui.contollers.equipment.sale.activity.SalePublishEvalActivity",
            "android.zhibo8.ui.contollers.equipment.sale.activity.SaleReFundCommitActivity",
            "android.zhibo8.ui.contollers.equipment.sale.activity.SaleReFundSelectStyleActivity",
            "android.zhibo8.ui.contollers.equipment.sale.activity.SaleRefundDetailActivity",
            "android.zhibo8.ui.contollers.equipment.sale.activity.SaleSearchNoticeShowActivity",
            "android.zhibo8.ui.contollers.equipment.sale.activity.SaleSearchResultActivity",
            "android.zhibo8.ui.contollers.equipment.sale.activity.SaleShareImgActivity",
            "android.zhibo8.ui.contollers.equipment.sale.activity.SaleShieldActivity",
            "android.zhibo8.ui.contollers.equipment.sale.activity.SaleShopAttentionActivity",
            "android.zhibo8.ui.contollers.equipment.sale.activity.SaleShowAllEvaActivity",
            "android.zhibo8.ui.contollers.equipment.sale.activity.SaleStoreActivity",
            "android.zhibo8.ui.contollers.equipment.sale.activity.SaleSubscribeActivity",
            "android.zhibo8.ui.contollers.equipment.sale.activity.SaleWalletActivity",
            "android.zhibo8.ui.contollers.equipment.sale.activity.SaleWalletWithDrawalActivity",
            "android.zhibo8.ui.contollers.equipment.sale.activity.SaleZoneActivity",
            "android.zhibo8.ui.contollers.game.GameCenterActivity",
            "android.zhibo8.ui.contollers.guess.GuessTeamRecordActivity",
            "android.zhibo8.ui.contollers.guess2.ChangeIndexHomeActivity",
            "android.zhibo8.ui.contollers.guess2.EpPlanActivity",
            "android.zhibo8.ui.contollers.guess2.EpPlanCenterActivity",
            "android.zhibo8.ui.contollers.guess2.EpPlanDetailActivity",
            "android.zhibo8.ui.contollers.guess2.EpSubscribeListActivity",
            "android.zhibo8.ui.contollers.guess2.EpSubscribePayActivity",
            "android.zhibo8.ui.contollers.guess2.EpSubscribedListActivity",
            "android.zhibo8.ui.contollers.guess2.GuessArticleRecordActivity",
            "android.zhibo8.ui.contollers.guess2.GuessCardBoughtListActivity",
            "android.zhibo8.ui.contollers.guess2.GuessCardListActivity",
            "android.zhibo8.ui.contollers.guess2.GuessCouponActivity",
            "android.zhibo8.ui.contollers.guess2.GuessDigitalModelActivity",
            "android.zhibo8.ui.contollers.guess2.GuessEnterMessageActivity",
            "android.zhibo8.ui.contollers.guess2.GuessExpertLeagueActivity",
            "android.zhibo8.ui.contollers.guess2.GuessExpertListActivity",
            "android.zhibo8.ui.contollers.guess2.GuessForecastActivity",
            "android.zhibo8.ui.contollers.guess2.GuessForecastBasketballActivity",
            "android.zhibo8.ui.contollers.guess2.GuessForecastBasketballDetailActivity",
            "android.zhibo8.ui.contollers.guess2.GuessForecastDiffActivity",
            "android.zhibo8.ui.contollers.guess2.GuessForecastDiffDetailActivity",
            "android.zhibo8.ui.contollers.guess2.GuessForecastNoticeActivity",
            "android.zhibo8.ui.contollers.guess2.GuessForecastPoissonActivity",
            "android.zhibo8.ui.contollers.guess2.GuessForecastPoissonDetailActivity",
            "android.zhibo8.ui.contollers.guess2.GuessFreeSchemeActivity",
            "android.zhibo8.ui.contollers.guess2.GuessHasBuyActivity",
            "android.zhibo8.ui.contollers.guess2.GuessHomeActivity",
            "android.zhibo8.ui.contollers.guess2.GuessKingHomeActivity",
            "android.zhibo8.ui.contollers.guess2.GuessMemberActivity",
            "android.zhibo8.ui.contollers.guess2.GuessMemberLevelActivity",
            "android.zhibo8.ui.contollers.guess2.GuessModelDetailActivity",
            "android.zhibo8.ui.contollers.guess2.GuessMySubscribeActivity",
            "android.zhibo8.ui.contollers.guess2.GuessRankingListActivity",
            "android.zhibo8.ui.contollers.guess2.GuessReadRecommendActivity",
            "android.zhibo8.ui.contollers.guess2.GuessRecordListActivity",
            "android.zhibo8.ui.contollers.guess2.GuessUpsetIndexDetailActivity",
            "android.zhibo8.ui.contollers.guess2.UpsetIndexDetailActivity",
            "android.zhibo8.ui.contollers.guess2.UpsetIndexHomeActivity",
            "android.zhibo8.ui.contollers.identify.activity.ChooseSneakersActivity",
            "android.zhibo8.ui.contollers.identify.activity.ComplementGraphActivity",
            "android.zhibo8.ui.contollers.identify.activity.ConfirmPictureActivity",
            "android.zhibo8.ui.contollers.identify.activity.IdentificationTeamActivity",
            "android.zhibo8.ui.contollers.identify.activity.IdentifierDataActivity",
            "android.zhibo8.ui.contollers.identify.activity.IdentifierHomeActivity",
            "android.zhibo8.ui.contollers.identify.activity.IdentifierHomeActivityNew",
            "android.zhibo8.ui.contollers.identify.activity.IdentifyCameraActivity",
            "android.zhibo8.ui.contollers.identify.activity.IdentifyHomeActivity",
            "android.zhibo8.ui.contollers.identify.activity.IdentifyOwnerHomeActivity",
            "android.zhibo8.ui.contollers.identify.activity.MyIdentifyActivity",
            "android.zhibo8.ui.contollers.identify.activity.MyIdentifyDetailActivity",
            "android.zhibo8.ui.contollers.identify.activity.PublicIdentificationActivity",
            "android.zhibo8.ui.contollers.identify.activity.PublicIdentifyResultActivity",
            "android.zhibo8.ui.contollers.image.GifPreviewActivity",
            "android.zhibo8.ui.contollers.image.ImagePreviewActivity",
            "android.zhibo8.ui.contollers.image.PictureActivity",
            "android.zhibo8.ui.contollers.live.all.AllCommonSettingActivity",
            "android.zhibo8.ui.contollers.live.all.CommonDateMatchActivity",
            "android.zhibo8.ui.contollers.live.all.MatchGoalFilterActivity",
            "android.zhibo8.ui.contollers.live.all.MatchLetGoalFilterActivity",
            "android.zhibo8.ui.contollers.live.all.MatchScheduleFilterActivity",
            "android.zhibo8.ui.contollers.live.worldcup.WorldCupDataActivity",
            "android.zhibo8.ui.contollers.live.worldcup.WorldCupSubjectActivity",
            "android.zhibo8.ui.contollers.main.LaunchActivity",
            "android.zhibo8.ui.contollers.main.MainActivity",
            "android.zhibo8.ui.contollers.main.SplashActivity",
            "android.zhibo8.ui.contollers.main.TVMainTabActivity",
            "android.zhibo8.ui.contollers.market.MallContentActivity",
            "android.zhibo8.ui.contollers.market.MarketRecActivity",
            "android.zhibo8.ui.contollers.menu.CoinActivity",
            "android.zhibo8.ui.contollers.menu.MenuActivity",
            "android.zhibo8.ui.contollers.menu.OpActivity",
            "android.zhibo8.ui.contollers.menu.PostShortVideoActivity",
            "android.zhibo8.ui.contollers.menu.PreviewPostVideoActivity",
            "android.zhibo8.ui.contollers.menu.PreviewVideoActivity",
            "android.zhibo8.ui.contollers.menu.account.AccountActivity",
            "android.zhibo8.ui.contollers.menu.account.AccountBottomDialogActivity",
            "android.zhibo8.ui.contollers.menu.account.AccountDialogActivity",
            "android.zhibo8.ui.contollers.menu.account.AccountLoadingActivity",
            "android.zhibo8.ui.contollers.menu.account.AccountOldActivity",
            "android.zhibo8.ui.contollers.menu.account.BBSAccountActivity",
            "android.zhibo8.ui.contollers.menu.account.BindNameActivity",
            "android.zhibo8.ui.contollers.menu.account.ChangePhoneHintActivity",
            "android.zhibo8.ui.contollers.menu.account.ChangePhoneNumberActivity",
            "android.zhibo8.ui.contollers.menu.account.CheckAuthCodeActivity",
            "android.zhibo8.ui.contollers.menu.account.CheckPhoneCodeActivity",
            "android.zhibo8.ui.contollers.menu.account.QQWebAauthActivity",
            "android.zhibo8.ui.contollers.menu.account.RegisterActivity",
            "android.zhibo8.ui.contollers.menu.account.SecurityActivity",
            "android.zhibo8.ui.contollers.menu.account.UserDefaultAvatarActivity",
            "android.zhibo8.ui.contollers.menu.attention.AttentionActivity",
            "android.zhibo8.ui.contollers.menu.download.DownloadActivity",
            "android.zhibo8.ui.contollers.menu.download.DownloadSettingActivity",
            "android.zhibo8.ui.contollers.menu.favorite.FavoriteActivity",
            "android.zhibo8.ui.contollers.menu.feedback.ChatActivity",
            "android.zhibo8.ui.contollers.menu.feedback.NetworkDiagnosisActivity",
            "android.zhibo8.ui.contollers.menu.like.LikeSportsActivity",
            "android.zhibo8.ui.contollers.menu.reward.RewardDetailActivity",
            "android.zhibo8.ui.contollers.menu.scanner.ScannerActivity",
            "android.zhibo8.ui.contollers.menu.setting.ContentSettingActivity",
            "android.zhibo8.ui.contollers.menu.setting.FontSizeSettingActivity",
            "android.zhibo8.ui.contollers.menu.setting.SettingActivity",
            "android.zhibo8.ui.contollers.menu.setting.SpeechSettingActivity",
            "android.zhibo8.ui.contollers.menu.setting.TimeZoneActivity",
            "android.zhibo8.ui.contollers.menu.setting.TimeZoneSettingActivity",
            "android.zhibo8.ui.contollers.menu.setting.TipSettingActivity",
            "android.zhibo8.ui.contollers.menu.setting.blacklist.BlacklistActivity",
            "android.zhibo8.ui.contollers.other.ScreenShotActivity",
            "android.zhibo8.ui.contollers.pay.PayCompleteActivity",
            "android.zhibo8.ui.contollers.pay.PayContentActivity",
            "android.zhibo8.ui.contollers.pay.PayDetailActivity",
            "android.zhibo8.ui.contollers.pay.PayHistoryActivity",
            "android.zhibo8.ui.contollers.pay.PayOrderActivity",
            "android.zhibo8.ui.contollers.platform.MatchCityActivity",
            "android.zhibo8.ui.contollers.platform.MatchDetailActivity",
            "android.zhibo8.ui.contollers.platform.MatchIndexActivity",
            "android.zhibo8.ui.contollers.platform.MatchIndexDataActivity",
            "android.zhibo8.ui.contollers.platform.MatchIndexNewsActivity",
            "android.zhibo8.ui.contollers.platform.MatchManageActivity",
            "android.zhibo8.ui.contollers.platform.MatchManageAddNewsActivity",
            "android.zhibo8.ui.contollers.platform.MatchManageAddTeamActivity",
            "android.zhibo8.ui.contollers.platform.MatchManageAddVideosActivity",
            "android.zhibo8.ui.contollers.platform.MatchManageModifyScoreActivity",
            "android.zhibo8.ui.contollers.platform.MatchManageNewsActivity",
            "android.zhibo8.ui.contollers.platform.MatchManageScheduleActivity",
            "android.zhibo8.ui.contollers.platform.MatchManageTeamActivity",
            "android.zhibo8.ui.contollers.platform.MatchManageVideosActivity",
            "android.zhibo8.ui.contollers.platform.MatchNewsDetailActivity",
            "android.zhibo8.ui.contollers.platform.MatchPlayerActivity",
            "android.zhibo8.ui.contollers.platform.MatchPlayerLeagueActivity",
            "android.zhibo8.ui.contollers.platform.MatchPlayerTeamActivity",
            "android.zhibo8.ui.contollers.platform.MatchScheduleModifyActivity",
            "android.zhibo8.ui.contollers.platform.MatchSearchActivity",
            "android.zhibo8.ui.contollers.platform.MatchSquareActivity",
            "android.zhibo8.ui.contollers.platform.MatchTeamActivity",
            "android.zhibo8.ui.contollers.platform.MatchTeamDataActivity",
            "android.zhibo8.ui.contollers.platform.MatchTeamMemberActivity",
            "android.zhibo8.ui.contollers.platform.MatchTeamScheduleActivity",
            "android.zhibo8.ui.contollers.play.BaiduVideoViewActivity",
            "android.zhibo8.ui.contollers.play.SysVideoViewActivity",
            "android.zhibo8.ui.contollers.play.control.method.webview.PlayActivity",
            "android.zhibo8.ui.contollers.search.SearchActivity",
            "android.zhibo8.ui.contollers.space.BindPhoneActivity",
            "android.zhibo8.ui.contollers.space.BindPhoneDialogActivity",
            "android.zhibo8.ui.contollers.space.MessageActivity",
            "android.zhibo8.ui.contollers.space.MessageActivityV2",
            "android.zhibo8.ui.contollers.space.MessageDetailActivity",
            "android.zhibo8.ui.contollers.space.MsgActivity",
            "android.zhibo8.ui.contollers.space.ReplyActivity",
            "android.zhibo8.ui.contollers.space.SpaceActivity",
            "android.zhibo8.ui.contollers.space.UserCenterActivity",
            "android.zhibo8.ui.contollers.streaming.LivePlayerActivity",
            "android.zhibo8.ui.contollers.streaming.LivePlayerListActivity",
            "android.zhibo8.ui.contollers.streaming.LivePushActivity",
            "android.zhibo8.ui.contollers.streaming.StarCardActivity",
            "android.zhibo8.ui.contollers.teen.MinimalistModeActivity",
            "android.zhibo8.ui.contollers.teen.MinimalistModeExplainActivity",
            "android.zhibo8.ui.contollers.teen.TeenDelayActivity",
            "android.zhibo8.ui.contollers.teen.TeenMainActivity",
            "android.zhibo8.ui.contollers.teen.TeenModeSettingActivity",
            "android.zhibo8.ui.contollers.teen.TeenPasswordActivity",
            "android.zhibo8.ui.contollers.video.ShortVideoCollectionPortraitActivity",
            "android.zhibo8.ui.contollers.video.ShortVideoDetailActivity",
            "android.zhibo8.ui.contollers.video.ShortVideoListActivity",
            "android.zhibo8.ui.contollers.video.ShortVideoPortraitActivity",
            "android.zhibo8.ui.contollers.video.ShortVideoRelationActivity",
            "android.zhibo8.ui.contollers.video.ShortVideoRelationPortraitActivity",
            "android.zhibo8.ui.contollers.video.ShortVideoUserCenterActivity",
            "android.zhibo8.ui.contollers.wallet.WalletBillActivity",
            "android.zhibo8.ui.contollers.wallet.WalletBillDetailActivity",
            "android.zhibo8.ui.contollers.wallet.WalletBindAliPayActivity",
            "android.zhibo8.ui.contollers.wallet.WalletDepositActivity",
            "android.zhibo8.ui.contollers.wallet.WalletIndexActivity",
            "android.zhibo8.ui.contollers.wallet.WalletRechargeActivity",
            "android.zhibo8.ui.contollers.wemedia.ArticleActivity",
            "android.zhibo8.ui.contollers.wemedia.DraftActivity",
            "android.zhibo8.ui.receiver.JKeepAlive",
            "android.zhibo8.ui.receiver.JKeepAlive2",
            "android.zhibo8.ui.receiver.JKeepAlive3",
            "android.zhibo8.ui.receiver.JKeepAlive4",
            "android.zhibo8.ui.receiver.JKeepAlive5",
            "android.zhibo8.ui.views.imagebrowser.AlbumPreviewActivity",
            "android.zhibo8.ui.views.imagebrowser.BBSImageBrowserActivity",
            "android.zhibo8.ui.views.imagebrowser.GifFootballBrowserActivity",
            "android.zhibo8.ui.views.imagebrowser.ImageBrowserActvity",
            "cn.android.service.JTransitActivity",
            "cn.jiguang.verifysdk.CtLoginActivity",
            "cn.jpush.android.service.DActivity",
            "cn.jpush.android.service.JNotifyActivity",
            "cn.jpush.android.ui.PopWinActivity",
            "cn.jpush.android.ui.PushActivity",
            "com.alimm.tanx.core.ad.browser.TanxBrowserActivity",
            "com.alimm.tanx.ui.ad.express.reward.RewardVideoPortraitActivity",
            "com.alipay.sdk.app.APayEntranceActivity",
            "com.alipay.sdk.app.AlipayResultActivity",
            "com.alipay.sdk.app.H5AuthActivity",
            "com.alipay.sdk.app.H5OpenAuthActivity",
            "com.alipay.sdk.app.H5PayActivity",
            "com.alipay.sdk.app.PayResultActivity",
            "com.apm.applog.migrate.MigrateDetectorActivity",
            "com.baidu.mobads.sdk.api.AppActivity",
            "com.baidu.mobads.sdk.api.BdShellActivity",
            "com.baidu.mobads.sdk.api.MobRewardVideoActivity",
            "com.bytedance.applog.migrate.MigrateDetectorActivity",
            "com.bytedance.ies.xbridge.system.activity.GetPermissionActivity",
            "com.bytedance.novel.channel.NovelWebActivity",
            "com.bytedance.novel.view.NovelReaderActivity",
            "com.bytedance.sdk.openadsdk.stub.activity.Stub_Activity",
            "com.bytedance.sdk.openadsdk.stub.activity.Stub_SingleTask_Activity",
            "com.bytedance.sdk.openadsdk.stub.activity.Stub_SingleTask_Activity_T",
            "com.bytedance.sdk.openadsdk.stub.activity.Stub_Standard_Activity",
            "com.bytedance.sdk.openadsdk.stub.activity.Stub_Standard_Activity_T",
            "com.bytedance.sdk.openadsdk.stub.activity.Stub_Standard_Landscape_Activity",
            "com.bytedance.sdk.openadsdk.stub.activity.Stub_Standard_Portrait_Activity",
            "com.bytedance.ttnet.debug.TTnetDebugActivity",
            "com.cmic.sso.sdk.activity.LoginAuthActivity",
            "com.cmic.sso.sdk.activity.OAuthActivity",
            "com.google.android.gms.common.api.GoogleApiActivity",
            "com.huawei.hms.activity.BridgeActivity",
            "com.huawei.hms.activity.EnableServiceActivity",
            "com.huawei.openalliance.ad.activity.AgProtocolActivity",
            "com.huawei.openalliance.ad.activity.PPSBridgeActivity",
            "com.huawei.openalliance.ad.activity.PPSLauncherActivity",
            "com.huawei.openalliance.ad.activity.PPSNotificationActivity",
            "com.huawei.updatesdk.service.otaupdate.AppUpdateActivity",
            "com.huawei.updatesdk.support.pm.PackageInstallerActivity",
            "com.qq.e.ads.ADActivity",
            "com.qq.e.ads.DialogActivity",
            "com.qq.e.ads.LandscapeADActivity",
            "com.qq.e.ads.PortraitADActivity",
            "com.qq.e.ads.RewardvideoLandscapeADActivity",
            "com.qq.e.ads.RewardvideoPortraitADActivity",
            "com.sina.weibo.sdk.share.WbShareToStoryActivity",
            "com.sina.weibo.sdk.share.WbShareTransActivity",
            "com.sina.weibo.sdk.web.WeiboSdkWebActivity",
            "com.ss.android.downloadlib.activity.JumpKllkActivity",
            "com.ss.android.downloadlib.activity.TTDelegateActivity",
            "com.ss.android.downloadlib.addownload.compliance.AppDetailInfoActivity",
            "com.ss.android.downloadlib.addownload.compliance.AppPrivacyPolicyActivity",
            "com.ss.android.socialbase.appdownloader.view.DownloadTaskDeleteActivity",
            "com.ss.android.socialbase.appdownloader.view.JumpUnknownSourceActivity",
            "com.tencent.connect.common.AssistActivity",
            "com.tencent.klevin.ads.nativ.view.NativeAdDetailActivity",
            "com.tencent.klevin.ads.view.InteractiveActivity",
            "com.tencent.klevin.ads.view.InterstitialAdActivity",
            "com.tencent.klevin.ads.view.InterstitialWebAdActivity",
            "com.tencent.klevin.ads.view.LandingPageActivity",
            "com.tencent.klevin.ads.view.RewardAdActivity",
            "com.tencent.klevin.download.apkdownloader.view.CancelDownloadActivity",
            "com.tencent.klevin.download.apkdownloader.view.ComplianceActivity",
            "com.tencent.klevin.download.apkdownloader.view.InstallTipActivity",
            "com.tencent.klevin.download.apkdownloader.view.NetworkTipActivity",
            "com.tencent.qcloud.logutils.LogActivity",
            "com.tencent.tauth.AuthActivity",
            "com.xiaomi.mipush.sdk.NotificationClickedActivity",
            "com.yanzhenjie.permission.PermissionActivity"
        ],
        "services": [
            "android.zhibo8.ui.contollers.push.jiguang.JiguangPushService",
            "android.zhibo8.ui.service.DownloadService",
            "android.zhibo8.ui.service.FUploadVideoService",
            "android.zhibo8.ui.service.NewsSpeechService",
            "android.zhibo8.ui.service.UploadVideoService",
            "cn.jpush.android.service.DaemonService",
            "cn.jpush.android.service.PluginHuaweiPlatformsService",
            "cn.jpush.android.service.PluginOppoPushService",
            "cn.jpush.android.service.PushService",
            "com.android.cast.dlna.dmc.DLNACastService",
            "com.baidu.speech.VoiceRecognitionService",
            "com.bytedance.org.chromium.content.app.SandboxedProcessService0",
            "com.bytedance.org.chromium.content.app.SandboxedProcessService1",
            "com.bytedance.org.chromium.content.app.SandboxedProcessService2",
            "com.bytedance.org.chromium.content.app.SandboxedProcessService3",
            "com.bytedance.org.chromium.content.app.SandboxedProcessService4",
            "com.bytedance.org.chromium.content.app.SandboxedProcessService5",
            "com.bytedance.org.chromium.content.app.SandboxedProcessService6",
            "com.bytedance.org.chromium.content.app.SandboxedProcessService7",
            "com.bytedance.org.chromium.content.app.SandboxedProcessService8",
            "com.bytedance.org.chromium.content.app.SandboxedProcessService9",
            "com.google.android.datatransport.runtime.backends.TransportBackendDiscovery",
            "com.google.android.datatransport.runtime.scheduling.jobscheduling.JobInfoSchedulerService",
            "com.google.mlkit.common.internal.MlKitComponentDiscoveryService",
            "com.heytap.msp.push.service.CompatibleDataMessageCallbackService",
            "com.heytap.msp.push.service.DataMessageCallbackService",
            "com.huawei.agconnect.core.ServiceDiscovery",
            "com.huawei.hms.support.api.push.service.HmsMsgService",
            "com.meizu.cloud.pushsdk.NotificationService",
            "com.qq.e.comm.DownloadService",
            "com.ss.android.socialbase.appdownloader.DownloadHandlerService",
            "com.ss.android.socialbase.appdownloader.RetryJobSchedulerService",
            "com.ss.android.socialbase.downloader.downloader.DownloadService",
            "com.ss.android.socialbase.downloader.downloader.IndependentProcessDownloadService",
            "com.ss.android.socialbase.downloader.downloader.SqlDownloadCacheService",
            "com.ss.android.socialbase.downloader.impls.DownloadHandleService",
            "com.ss.android.socialbase.downloader.notification.DownloadNotificationService",
            "com.volcengine.onekit.component.ComponentDiscoveryService",
            "com.xiaomi.mipush.sdk.MessageHandleService",
            "com.xiaomi.mipush.sdk.PushMessageHandler",
            "com.xiaomi.push.service.XMJobService",
            "com.xiaomi.push.service.XMPushService"
        ],
        "receivers": [
            "android.zhibo8.ui.contollers.push.jiguang.JGPushMessageReceiver",
            "android.zhibo8.ui.receiver.AlarmReceiver",
            "android.zhibo8.ui.receiver.TimeZoneChangeReceiver",
            "android.zhibo8.ui.receiver.Zhibo8WakedResultReceiver",
            "android.zhibo8.utils.videoupload.impl.TVCNetWorkStateReceiver",
            "cn.jpush.android.asus.AsusPushMessageReceiver",
            "cn.jpush.android.service.AlarmReceiver",
            "cn.jpush.android.service.PluginMeizuPlatformsReceiver",
            "cn.jpush.android.service.PluginXiaomiPlatformsReceiver",
            "cn.jpush.android.service.PushReceiver",
            "cn.jpush.android.service.SchedulerReceiver",
            "com.bytedance.applog.collector.Collector",
            "com.google.android.datatransport.runtime.scheduling.jobscheduling.AlarmManagerSchedulerBroadcastReceiver",
            "com.huawei.hms.support.api.push.PushMsgReceiver",
            "com.huawei.hms.support.api.push.PushReceiver",
            "com.meizu.cloud.pushsdk.MzPushSystemReceiver",
            "com.ss.android.downloadlib.core.download.DownloadReceiver",
            "com.xiaomi.push.service.receivers.PingReceiver"
        ],
        "permission_details": {
            "android.permission.ACCESS_DOWNLOAD_MANAGER": "unknown",
            "android.permission.ACCESS_NETWORK_STATE": "normal",
            "android.permission.ACCESS_WIFI_STATE": "normal",
            "android.permission.ACTIVITY_RECOGNITION": "dangerous",
            "android.permission.BLUETOOTH_CONNECT": "dangerous",
            "android.permission.BROADCAST_STICKY": "normal",
            "android.permission.CAMERA": "dangerous",
            "android.permission.CHANGE_CONFIGURATION": "signature",
            "android.permission.CHANGE_NETWORK_STATE": "normal",
            "android.permission.CHANGE_WIFI_MULTICAST_STATE": "normal",
            "android.permission.CHANGE_WIFI_STATE": "normal",
            "android.permission.FOREGROUND_SERVICE": "normal",
            "android.permission.GET_PACKAGE_SIZE": "normal",
            "android.permission.GET_TASKS": "unlaballed",
            "android.permission.INTERACT_ACROSS_USERS_FULL": "unknown",
            "android.permission.INTERNET": "normal",
            "android.permission.MODIFY_AUDIO_SETTINGS": "normal",
            "android.permission.MOUNT_UNMOUNT_FILESYSTEMS": "unlaballed",
            "android.permission.POST_NOTIFICATIONS": "dangerous",
            "android.permission.QUERY_ALL_PACKAGES": "normal",
            "android.permission.READ_CALENDAR": "dangerous",
            "android.permission.READ_EXTERNAL_STORAGE": "dangerous",
            "android.permission.READ_LOGS": "unlaballed",
            "android.permission.READ_PHONE_STATE": "dangerous",
            "android.permission.RECEIVE_USER_PRESENT": "unknown",
            "android.permission.RECORD_AUDIO": "dangerous",
            "android.permission.REORDER_TASKS": "normal",
            "android.permission.REQUEST_INSTALL_PACKAGES": "signature",
            "android.permission.SYSTEM_ALERT_WINDOW": "signature",
            "android.permission.VIBRATE": "normal",
            "android.permission.WAKE_LOCK": "normal",
            "android.permission.WRITE_CALENDAR": "dangerous",
            "android.permission.WRITE_EXTERNAL_STORAGE": "dangerous",
            "android.permission.WRITE_SETTINGS": "signature",
            "android.zhibo8.openadsdk.permission.TT_PANGOLIN": "unknown",
            "android.zhibo8.permission.C2D_MESSAGE": "unknown",
            "android.zhibo8.permission.JPUSH_MESSAGE": "unknown",
            "android.zhibo8.permission.MIPUSH_RECEIVE": "unknown",
            "android.zhibo8.permission.PROCESS_PUSH_MSG": "unknown",
            "android.zhibo8.permission.PUSH_PROVIDER": "unknown",
            "android.zhibo8.push.permission.MESSAGE": "unknown",
            "com.android.launcher.permission.INSTALL_SHORTCUT": "normal",
            "com.asus.msa.SupplementaryDID.ACCESS": "unknown",
            "com.coloros.mcs.permission.RECIEVE_MCS_MESSAGE": "unknown",
            "com.heytap.mcs.permission.RECIEVE_MCS_MESSAGE": "unknown",
            "com.hihonor.permission.MANAGE_FOLD_SCREEN": "unknown",
            "com.hihonor.permission.MANAGE_FOLD_SCREEN_PRIVILEGED": "unknown",
            "com.huawei.android.launcher.permission.CHANGE_BADGE": "unknown",
            "com.huawei.appmarket.service.commondata.permission.GET_COMMON_DATA": "unknown",
            "com.meizu.c2dm.permission.RECEIVE": "unknown",
            "com.meizu.flyme.permission.PUSH": "unknown",
            "com.meizu.flyme.push.permission.RECEIVE": "unknown",
            "com.vivo.notification.permission.BADGE_ICON": "unknown",
            "freemme.permission.msa": "unknown"
        },
        "risk_counts": {
            "unknown": 22,
            "normal": 15,
            "dangerous": 10,
            "signature": 4,
            "unlaballed": 3
        }
    },
    "stats": {
        "dex_count": 2,
        "native_lib_count": 85
    },
    "jadx": {
        "status": "ok",
        "duration_sec": 7.25,
        "sources_present": true,
        "java_file_count": 142
    },
    "ast_analysis": {
        "location": 0,
        "microphone": 0,
        "camera": 3,
        "media_projection": 0,
        "dynamic_load": 0,
        "jni": 3
    },
    "analysis_state": "complete"
}