{
    "apk_name": "31954D550037734268B00B73237F4E966010FA555E627BB5C970CAC364C69BCB",
    "sha256": "31954d550037734268b00b73237f4e966010fa555e627bb5c970cac364c69bcb",
    "metadata": {
        "package_name": "com.flightmanager.view",
        "version_code": "253",
        "version_name": "8.2.8",
        "min_sdk": "19",
        "target_sdk": "26",
        "permissions": [
            "android.permission.ACCESS_BACKGROUND_LOCATION",
            "android.permission.ACCESS_COARSE_LOCATION",
            "android.permission.ACCESS_FINE_LOCATION",
            "android.permission.ACCESS_LOCATION_EXTRA_COMMANDS",
            "android.permission.ACCESS_NETWORK_STATE",
            "android.permission.ACCESS_WIFI_STATE",
            "android.permission.CAMERA",
            "android.permission.CHANGE_NETWORK_STATE",
            "android.permission.CHANGE_WIFI_STATE",
            "android.permission.DISABLE_KEYGUARD",
            "android.permission.FLASHLIGHT",
            "android.permission.INTERNET",
            "android.permission.MODIFY_AUDIO_SETTINGS",
            "android.permission.NFC",
            "android.permission.QUERY_ALL_PACKAGES",
            "android.permission.R",
            "android.permission.READ_CALENDAR",
            "android.permission.READ_CONTACTS",
            "android.permission.READ_EXTERNAL_STORAGE",
            "android.permission.READ_PHONE_STATE",
            "android.permission.RECEIVE_BOOT_COMPLETED",
            "android.permission.RECORD_AUDIO",
            "android.permission.REORDER_TASKS",
            "android.permission.REQUEST_INSTALL_PACKAGES",
            "android.permission.VIBRATE",
            "android.permission.WAKE_LOCK",
            "android.permission.WRITE_CALENDAR",
            "android.permission.WRITE_EXTERNAL_STORAGE",
            "android.permission.WRITE_SETTINGS",
            "com.asus.msa.SupplementaryDID.ACCESS",
            "com.coloros.mcs.permission.RECIEVE_MCS_MESSAGE",
            "com.flightmanager.view.permission.MIPUSH_RECEIVE",
            "com.heytap.mcs.permission.RECIEVE_MCS_MESSAGE",
            "com.huawei.appmarket.service.commondata.permission.GET_COMMON_DATA",
            "org.simalliance.openmobileapi.SMARTCARD"
        ],
        "activities": [
            "cn.com.spdb.spdbpay.XiaoPuPayActivity",
            "com.alipay.sdk.app.AlipayResultActivity",
            "com.alipay.sdk.app.H5AuthActivity",
            "com.alipay.sdk.app.H5PayActivity",
            "com.alipay.sdk.app.PayResultActivity",
            "com.alipay.sdk.auth.AuthActivity",
            "com.biyao.hongyuan.sdk.ui.BaseHyActivity",
            "com.biyao.hongyuan.sdk.ui.CommonWVActivity",
            "com.biyao.hongyuan.sdk.ui.HongyuanActivity",
            "com.ccb.ccbnetpay.activity.CcbH5PayActivity",
            "com.ccb.ccbnetpay.activity.CcbUnionPayActivity",
            "com.ccb.ccbnetpay.activity.appresult.ResultActivity",
            "com.flightmanager.hb.main.personal.PersonCenterAbout",
            "com.flightmanager.hb.main.personal.PersonCenterMore",
            "com.flightmanager.hb.main.personal.PersonalCenterActivity",
            "com.flightmanager.hb.main.personal.view.BalanceForCashActivity",
            "com.flightmanager.hb.main.personal.view.BalanceForCashMethodActivity",
            "com.flightmanager.hb.main.personal.view.BalanceForCashSuccessActivity",
            "com.flightmanager.hb.main.personal.view.BindingAccountActivity",
            "com.flightmanager.hb.main.trip.view.DynamicOfflineActivity",
            "com.flightmanager.hb.main.trip.view.TripAddPersonActivity",
            "com.flightmanager.hb.main.trip.view.TripHistoryActivity",
            "com.flightmanager.hb.main.trip.view.TripMainActivity",
            "com.flightmanager.hb.main.trip.view.TripShareActivity",
            "com.flightmanager.hb.tweet.media.CameraSurfaceViewActivity",
            "com.flightmanager.hb.tweet.media.SelectImageActivity",
            "com.flightmanager.hb.tweet.view.TweetChooseImageActivity",
            "com.flightmanager.hb.tweet.view.TweetChooseImageFolderActivity",
            "com.flightmanager.hb.tweet.view.TweetDetailsActivity",
            "com.flightmanager.hb.tweet.view.TweetMainActivity",
            "com.flightmanager.hb.tweet.view.TweetMessageListActivity",
            "com.flightmanager.hb.tweet.view.TweetPhotoListActivity",
            "com.flightmanager.hb.tweet.view.TweetPublishActivity",
            "com.flightmanager.hb.tweet.view.TweetReportActivity",
            "com.flightmanager.hb.tweet.view.TweetSelectLocationActivity",
            "com.flightmanager.hb.tweet.view.TweetUserActivity",
            "com.flightmanager.hb.view.GTloginRelpyActivity",
            "com.flightmanager.hb.view.HbHomePageActivity",
            "com.flightmanager.hb.view.HpgMoreTravelActivity",
            "com.flightmanager.hb.view.Loading",
            "com.flightmanager.hb.view.ScanQRCodeActivity",
            "com.flightmanager.hb.view.TicketMainActivityV2",
            "com.flightmanager.hb.view.TicketMainForOldVersionActivity",
            "com.flightmanager.hb.view.VersionUpdate",
            "com.flightmanager.hb.view.pay.TrainTicketPayActivity",
            "com.flightmanager.hb.view.user.AccountPointsActivity",
            "com.flightmanager.hb.view.user.AccountPointsDetailActivity",
            "com.flightmanager.hb.view.user.AccountSecurityActivity",
            "com.flightmanager.hb.view.user.AccountSettingActivity",
            "com.flightmanager.hb.view.user.AccountVerifyActivity",
            "com.flightmanager.hb.view.user.BindingWeiXinActivity",
            "com.flightmanager.hb.view.user.ChangePhoneGetVerifyCodeActivity",
            "com.flightmanager.hb.view.user.HBLoginActivity",
            "com.flightmanager.hb.view.user.InputIdentifyCode",
            "com.flightmanager.hb.view.user.MergeAccountPhoneActivity",
            "com.flightmanager.hb.view.user.MergeAccountWXActivity",
            "com.flightmanager.hb.view.user.NFCRechargeActivity",
            "com.flightmanager.hb.view.user.Profile",
            "com.flightmanager.hb.view.user.ProfileChangeMailActivity",
            "com.flightmanager.hb.view.user.ProfileChangeUserNameActivity",
            "com.flightmanager.hb.view.user.SelectLoginActivity",
            "com.flightmanager.hb.view.user.SetGesturePasswordActivity",
            "com.flightmanager.hb.view.user.VerifyGesturePasswordActivity",
            "com.flightmanager.jrpc.BottomSheetWebViewActivity",
            "com.flightmanager.jrpc.HBLocationChooseActivity",
            "com.flightmanager.jrpc.JSNativeWebViewActivity",
            "com.flightmanager.jrpc.NativeMapPoiSearchActivity",
            "com.flightmanager.view.AddPassengerActivity",
            "com.flightmanager.view.CredentialAuthActivity",
            "com.flightmanager.view.DouYinEntryActivity",
            "com.flightmanager.view.ExternalWebViewActivity",
            "com.flightmanager.view.Main",
            "com.flightmanager.view.PhotoPreviewActivity",
            "com.flightmanager.view.SelectCityActivity",
            "com.flightmanager.view.SelectContactActivity",
            "com.flightmanager.view.SpeechVerifyCodeActivity",
            "com.flightmanager.view.TicketOrderListActivity",
            "com.flightmanager.view.VoyageBoardingAddActivity",
            "com.flightmanager.view.alipay.AliPayEntryActivity",
            "com.flightmanager.view.credential.BankCardCredentialActivity",
            "com.flightmanager.view.credential.BindingCardListActivity",
            "com.flightmanager.view.credential.BindingCredentialSuccessActivity",
            "com.flightmanager.view.credential.BindingCredentialWXSuccessActivity",
            "com.flightmanager.view.credential.ProfileBindingCredentialPromptActivity",
            "com.flightmanager.view.credential.WeixinCredentialActivity",
            "com.flightmanager.view.ddshare.DDShareActivity",
            "com.flightmanager.view.dynamic.AddTelActivity",
            "com.flightmanager.view.dynamic.AirportDynamicIndoorMapActivity",
            "com.flightmanager.view.dynamic.AirportSearchActivity",
            "com.flightmanager.view.dynamic.ChooseDateActivity",
            "com.flightmanager.view.dynamic.DynamicAirlineActivity",
            "com.flightmanager.view.dynamic.DynamicDetailsActivity",
            "com.flightmanager.view.dynamic.DynamicDiscernSmsActivity",
            "com.flightmanager.view.dynamic.DynamicFlightBigScreenActivity",
            "com.flightmanager.view.dynamic.DynamicFlightFeedbackActivity",
            "com.flightmanager.view.dynamic.DynamicFlightFeedbackSuccessActivity",
            "com.flightmanager.view.dynamic.DynamicFlightSpecialInfoActivity",
            "com.flightmanager.view.dynamic.DynamicGlobalAirportsActivity",
            "com.flightmanager.view.dynamic.DynamicHotFlightActivity",
            "com.flightmanager.view.dynamic.DynamicNewHxActivity",
            "com.flightmanager.view.dynamic.DynamicPreFlightActivity",
            "com.flightmanager.view.dynamic.DynamicPreFlightInfoActivity",
            "com.flightmanager.view.dynamic.DynamicRealtimeMessageActivity",
            "com.flightmanager.view.dynamic.DynamicSearchFlightMainActivity",
            "com.flightmanager.view.dynamic.DynamicSearchFlightResultActivity",
            "com.flightmanager.view.dynamic.DynamicSearchHomeActivity",
            "com.flightmanager.view.dynamic.DynamicSearchMainActivity",
            "com.flightmanager.view.dynamic.DynamicSearchMainActivityNew",
            "com.flightmanager.view.dynamic.DynamicSmsSubscribeActivity",
            "com.flightmanager.view.dynamic.DynamicSuggestFlightActivity",
            "com.flightmanager.view.dynamic.DynamicTikTokShareActivity",
            "com.flightmanager.view.dynamic.DynamicTimeAnalysisActivity",
            "com.flightmanager.view.dynamic.DynamicTimeRankActivity",
            "com.flightmanager.view.dynamic.HbAddrPoiSearchActivity",
            "com.flightmanager.view.dynamic.HbPersonalTripActivity",
            "com.flightmanager.view.dynamic.HbRouteActivity",
            "com.flightmanager.view.dynamic.HbRouteShowOnMapActivity",
            "com.flightmanager.view.dynamic.SearchAirportActivity",
            "com.flightmanager.view.dynamic.SearchConditionActivity",
            "com.flightmanager.view.dynamic.SubscribedTripListActivity",
            "com.flightmanager.view.dynamic.VideoSettingActivity",
            "com.flightmanager.view.dynamic.airport.DynamicAirportHomeActivity",
            "com.flightmanager.view.dynamic.airport.DynamicAirportInfoActivityNew",
            "com.flightmanager.view.dynamic.airport.DynamicAirportLastOut",
            "com.flightmanager.view.dynamic.airport.DynamicAirportMessageActivity",
            "com.flightmanager.view.dynamic.airport.HotAirportActivity",
            "com.flightmanager.view.dynamic.airport.radar.AirportRadarActivity",
            "com.flightmanager.view.dynamic.travel.TripSummaryActivity",
            "com.flightmanager.view.helpcenter.AppInfoActivity",
            "com.flightmanager.view.helpcenter.FeedbackEditorActivity",
            "com.flightmanager.view.helpcenter.HelpFeedbackActivity",
            "com.flightmanager.view.helpcenter.TestInfoActivity",
            "com.flightmanager.view.hotelmap.HotelMapActivity",
            "com.flightmanager.view.icbcPay.PayResultHandler",
            "com.flightmanager.view.media.ActivityTransitionToActivity",
            "com.flightmanager.view.pay.ABCPayEntryActivity",
            "com.flightmanager.view.pay.AddNewBankCardActivity",
            "com.flightmanager.view.pay.BankCardListActivity",
            "com.flightmanager.view.pay.BookProductAliWapPayActivity",
            "com.flightmanager.view.pay.BookProductSuccessActivity",
            "com.flightmanager.view.pay.CCBankWebViewActivity",
            "com.flightmanager.view.pay.CMBankPayActivity",
            "com.flightmanager.view.pay.EWalletPayListActivity",
            "com.flightmanager.view.pay.EditNewBankCardActivity",
            "com.flightmanager.view.pay.FlyPayAttentionActivity",
            "com.flightmanager.view.pay.FlyPayBankCardListActivity",
            "com.flightmanager.view.pay.FlyPayEditBankCardActivity",
            "com.flightmanager.view.pay.ICBCWapPayActivity",
            "com.flightmanager.view.pay.NativeWebProductPayActivity",
            "com.flightmanager.view.pay.OtherProductPayActivity",
            "com.flightmanager.view.pay.PayConnectorActivity",
            "com.flightmanager.view.pay.PayOrderBankSmsVerifyActivity",
            "com.flightmanager.view.pay.PayOrderEditRemarkActivity",
            "com.flightmanager.view.pay.SFYWapPayActivity",
            "com.flightmanager.view.pay.VerifySmsCodeActivity",
            "com.flightmanager.view.ticket.AddEmailAddressActivity",
            "com.flightmanager.view.ticket.AddOrEditPassenger",
            "com.flightmanager.view.ticket.AddOrderShareAccountActivity",
            "com.flightmanager.view.ticket.AddPassenger",
            "com.flightmanager.view.ticket.AddPassengerTelActivity",
            "com.flightmanager.view.ticket.BottomSheetCustomTimeActivity",
            "com.flightmanager.view.ticket.BottomSheetDatePickerActivity",
            "com.flightmanager.view.ticket.BottomSheetSaleDatePickerActivity",
            "com.flightmanager.view.ticket.ChangeTicketConfirmActivity",
            "com.flightmanager.view.ticket.ChangeTicketPayActivity",
            "com.flightmanager.view.ticket.ChangeTicketSubmitSuccessActivity",
            "com.flightmanager.view.ticket.ChooseChaneOrRefundPassenger",
            "com.flightmanager.view.ticket.ChooseFlightReplace",
            "com.flightmanager.view.ticket.CustomTimeActivity",
            "com.flightmanager.view.ticket.DatePickerActivity",
            "com.flightmanager.view.ticket.DatePickerActivityFromBottom",
            "com.flightmanager.view.ticket.DatePickerActivityTrans",
            "com.flightmanager.view.ticket.DelayProofActivity",
            "com.flightmanager.view.ticket.EditInputInvoiceActivity",
            "com.flightmanager.view.ticket.FlightChangeActivity",
            "com.flightmanager.view.ticket.GrabTicketDetailActivity",
            "com.flightmanager.view.ticket.GrabTicketPayActivity",
            "com.flightmanager.view.ticket.GrabTicketPriceDeatilActivity",
            "com.flightmanager.view.ticket.HbRouteRcdActivity",
            "com.flightmanager.view.ticket.IdentityAuthenticationActivity",
            "com.flightmanager.view.ticket.InputInvoiceActivity",
            "com.flightmanager.view.ticket.InputInvoiceListActivity",
            "com.flightmanager.view.ticket.InputPaperInfoActivity",
            "com.flightmanager.view.ticket.InputPassengerPinyinActivity",
            "com.flightmanager.view.ticket.InternationalTicketDetailActivity",
            "com.flightmanager.view.ticket.InternationalTicketList",
            "com.flightmanager.view.ticket.InternationalTicketOrderActivity",
            "com.flightmanager.view.ticket.InternationalTicketOrderChangePriceActivity",
            "com.flightmanager.view.ticket.KTpaperForGTActivity",
            "com.flightmanager.view.ticket.ModifyPinyinActivity",
            "com.flightmanager.view.ticket.NewInternationalRtLst",
            "com.flightmanager.view.ticket.NewResultList",
            "com.flightmanager.view.ticket.NewReturnTicketList",
            "com.flightmanager.view.ticket.NoteLinkAcyivity",
            "com.flightmanager.view.ticket.NoticePurchaserActivity",
            "com.flightmanager.view.ticket.OrderAuthShareActivity",
            "com.flightmanager.view.ticket.OrderAuthShareExplainActivity",
            "com.flightmanager.view.ticket.PapersAddorEditPassenge",
            "com.flightmanager.view.ticket.PlaneStructureActivity",
            "com.flightmanager.view.ticket.PostAddressOperateActivity",
            "com.flightmanager.view.ticket.PrivacyDescActivity",
            "com.flightmanager.view.ticket.ReceiptDataErrorActivity",
            "com.flightmanager.view.ticket.RecommendRuleSortActivity",
            "com.flightmanager.view.ticket.RefundChangeEmptyActivity",
            "com.flightmanager.view.ticket.RefundOrChangeRuleActivity",
            "com.flightmanager.view.ticket.RefundOrChangeTicketActivity",
            "com.flightmanager.view.ticket.RefundTicketConfirmActivity",
            "com.flightmanager.view.ticket.RefundTicketSubmitSuccessActivity",
            "com.flightmanager.view.ticket.ResendReimburseActivity",
            "com.flightmanager.view.ticket.ScanPassportActivity",
            "com.flightmanager.view.ticket.SearchCityActivity",
            "com.flightmanager.view.ticket.SearchCityActivityForTicketMain",
            "com.flightmanager.view.ticket.SearchTicketOrderActivity",
            "com.flightmanager.view.ticket.SearchTicketOrderResultActivity",
            "com.flightmanager.view.ticket.SelectContactPhoneActivity",
            "com.flightmanager.view.ticket.SelectNationalityActivity",
            "com.flightmanager.view.ticket.SelectPostAddressActivity",
            "com.flightmanager.view.ticket.SelectRefundChangeFlightActivity",
            "com.flightmanager.view.ticket.SelectRefundChangeTicketActionActivity",
            "com.flightmanager.view.ticket.SelfAddrActivity",
            "com.flightmanager.view.ticket.ShoppingLstActivity",
            "com.flightmanager.view.ticket.TicketDetailActivity",
            "com.flightmanager.view.ticket.TicketOrderActivity",
            "com.flightmanager.view.ticket.TicketOrderDetailPage",
            "com.flightmanager.view.ticket.TicketOrderDetailPriceActivity",
            "com.flightmanager.view.ticket.TicketOrderPassengerActivity",
            "com.flightmanager.view.ticket.TicketOrderPayActivity",
            "com.flightmanager.view.ticket.TicketOrderPayActivityForKt",
            "com.flightmanager.view.ticket.TicketOrderPayNewAcitvity",
            "com.flightmanager.view.ticket.TicketOrderPaySuccessActivity",
            "com.flightmanager.view.ticket.TicketOrderReceiptActivity",
            "com.flightmanager.view.ticket.TicketOrderSeatActivity",
            "com.flightmanager.view.ticket.TicketOrderSelectionActivity",
            "com.flightmanager.view.ticket.TicketOrderStateActivity",
            "com.flightmanager.view.ticket.TicketSubscribeListActivity",
            "com.flightmanager.view.ticket.TicketSubscribeOperateActivity",
            "com.flightmanager.view.ticket.TotalPayPriceDetail",
            "com.flightmanager.view.ticket.TransParentActivity",
            "com.flightmanager.view.ticket.TranslucentInfoActivity",
            "com.flightmanager.view.ticket.TranslucentTicketOrderDetailActivity",
            "com.flightmanager.view.weex.BottomCommonWeexActivity",
            "com.flightmanager.view.weex.CommonWeexActivity",
            "com.flightmanager.view.weex.WeexDebugScanActivity",
            "com.flightmanager.view.wxapi.WXEntryActivity",
            "com.flightmanager.view.wxapi.WXPayEntryActivity",
            "com.flightmanager.zhuanche.DriverLocationActivity",
            "com.geetest.onelogin.activity.OneLoginActivity",
            "com.geetest.onelogin.activity.OneLoginWebActivity",
            "com.gtgj.control.QRCode.activity.QRCodeScanActivity",
            "com.gtgj.fetcher.gtclient.activity.GrubContactAddActivity",
            "com.gtgj.fetcher.gtclient.activity.GrubContactSelectActivity",
            "com.gtgj.remind.activity.GTRemindListActivity",
            "com.gtgj.silent.SilentLivenessActivity",
            "com.gtgj.view.AddPassengerActivity",
            "com.gtgj.view.BindMobileVerifyBySMS",
            "com.gtgj.view.BindWeixinActivity",
            "com.gtgj.view.CommonSelectionActivity",
            "com.gtgj.view.CommonWebViewActivity",
            "com.gtgj.view.DateSelectionActivity",
            "com.gtgj.view.FindPasswordActivity",
            "com.gtgj.view.GTAccountCouponChangeActivity",
            "com.gtgj.view.GTAccountPassengerDetailActivity",
            "com.gtgj.view.GTAccountPassengerManualInputActivity",
            "com.gtgj.view.GTAccountPassengerSelectionActivity",
            "com.gtgj.view.GTAddCommentActivity",
            "com.gtgj.view.GTAllAccountManageActivity",
            "com.gtgj.view.GTCommentDetailActivity",
            "com.gtgj.view.GTCommentListActivity",
            "com.gtgj.view.GTConsumerServicePhotoActivity",
            "com.gtgj.view.GTDateSelectionActivityV2",
            "com.gtgj.view.GTHongBaoListActivity",
            "com.gtgj.view.GTInnerAccountCouponActivity",
            "com.gtgj.view.GTInnerAccountCouponDetailActivity",
            "com.gtgj.view.GTInnerAccountCouponExtendsActivity",
            "com.gtgj.view.GTPassengerSelectAddOrModifyActivity",
            "com.gtgj.view.GTPassengerSelectionActivity",
            "com.gtgj.view.GTPassengersManageActivity",
            "com.gtgj.view.GTPayRecordActivity",
            "com.gtgj.view.GTPostAddressListActivity",
            "com.gtgj.view.GTPostAddressManageActivity",
            "com.gtgj.view.GTStationDetailActivity",
            "com.gtgj.view.GTTTAccountManagerActivity",
            "com.gtgj.view.GTTTPassengerSelectionActivity",
            "com.gtgj.view.GTTicketBookSuccessActivity",
            "com.gtgj.view.GTTicketChooseSeatGuideActivity",
            "com.gtgj.view.GTTicketMainActivity",
            "com.gtgj.view.GTTicketMainActivityV2",
            "com.gtgj.view.GTTicketOrdersActivityV2",
            "com.gtgj.view.GTTicketRemindGuideActivity",
            "com.gtgj.view.GTTicketReplenishmentGuideActivity",
            "com.gtgj.view.HybridTicketOrderDetailActivity",
            "com.gtgj.view.ImportTrainRouteActivity",
            "com.gtgj.view.LoginActivity",
            "com.gtgj.view.ModifyPassengerInfoActivity",
            "com.gtgj.view.NetworkDiagnoseActivity",
            "com.gtgj.view.NetworkDiagnoseSolutionActivity",
            "com.gtgj.view.PayWebViewActivity",
            "com.gtgj.view.RegisterActivity",
            "com.gtgj.view.RegisterSuccessActivity",
            "com.gtgj.view.SelectBeginEndStationActivity",
            "com.gtgj.view.SimpleIdCardRegisterActivity",
            "com.gtgj.view.StationSelectionActivity",
            "com.gtgj.view.TTPassengerDeleteActivity",
            "com.gtgj.view.TTPassengerSelectAddOrModifyActivity",
            "com.gtgj.view.TTStationSellTimeActivity",
            "com.gtgj.view.TTTicketOrderDetailActivity",
            "com.gtgj.view.TTTicketOrdersHistoryActivity",
            "com.gtgj.view.TakePictureActivity",
            "com.gtgj.view.TicketBookActivity",
            "com.gtgj.view.TicketBookActivityV2",
            "com.gtgj.view.TicketBookBankCardPayActivity",
            "com.gtgj.view.TicketBookServiceActivity",
            "com.gtgj.view.TicketBookStatusActivity",
            "com.gtgj.view.TicketBookSuccessCouponSelectionActivity",
            "com.gtgj.view.TicketDetailActivity",
            "com.gtgj.view.TicketListActivity",
            "com.gtgj.view.TicketMapActivity",
            "com.gtgj.view.TicketPaySuccessActivityV2",
            "com.gtgj.view.TicketRefundActivity",
            "com.gtgj.view.TicketReplenishDetailActivity",
            "com.gtgj.view.TicketReplenishmentV2Activity",
            "com.gtgj.view.TicketReplenishmentV3Activity",
            "com.gtgj.view.TicketResignActivity",
            "com.gtgj.view.TimeTableStationsListActivity",
            "com.gtgj.view.TimetableAddAttentionActivity",
            "com.gtgj.view.TimetableAmapActivity",
            "com.gtgj.view.TimetableHistoryActivityV2",
            "com.gtgj.view.TimetableTrainInfoDetailActivity",
            "com.gtgj.view.TrainDelayInfoListActivity",
            "com.gtgj.view.TrainGrubSelectionListActivity",
            "com.gtgj.view.TrainRouteDetailActivityV4",
            "com.gtgj.view.TrainSelectionListActivity",
            "com.gtgj.view.TrainTimerMessageActivity",
            "com.gtgj.view.TrainTimetableSimpleActivity",
            "com.gtgj.view.VerticalSelectBeginEndStationActivity",
            "com.gtgj.view.transit.GTTransitDetailActivity",
            "com.gtgj.weex.view.CommonWeexActivity",
            "com.huawei.hms.activity.BridgeActivity",
            "com.huawei.hms.activity.EnableServiceActivity",
            "com.huawei.updatesdk.service.otaupdate.AppUpdateActivity",
            "com.huawei.updatesdk.support.pm.PackageInstallerActivity",
            "com.huoli.dache.view.ClusterCarMainActivityDetail",
            "com.huoli.dache.view.ClusterCarMainActivityProcessing",
            "com.huoli.gtlib.flutter.GTFlutterActivity",
            "com.icbc.paysdk.PayModeListActivity",
            "com.icbc.paysdk.webview.PayWebView",
            "com.jdpaysdk.author.AuthorActivity",
            "com.jdpaysdk.author.browser.BrowserActivity",
            "com.previewlibrary.GPVideoPlayerActivity",
            "com.previewlibrary.GPreviewActivity",
            "com.sina.weibo.sdk.share.WbShareToStoryActivity",
            "com.sina.weibo.sdk.share.WbShareTransActivity",
            "com.sina.weibo.sdk.web.WeiboSdkWebActivity",
            "com.tencent.connect.common.AssistActivity",
            "com.tencent.tauth.AuthActivity",
            "com.unionpay.UPPayWapActivity",
            "com.unionpay.uppay.PayActivity",
            "com.vfuchongAPI.WebActivity",
            "com.vivo.push.sdk.LinkProxyClientActivity",
            "com.webank.facelight.ui.FaceGuideActivity",
            "com.webank.facelight.ui.FaceProtocalActivity",
            "com.webank.facelight.ui.FaceVerifyActivity",
            "io.card.payment.CardIOActivity",
            "io.card.payment.DataEntryActivity"
        ],
        "services": [
            "com.alibaba.android.bindingx.plugin.weex.WXBindingXModuleService",
            "com.amap.api.location.APSService",
            "com.flightmanager.hb.service.DownloadService",
            "com.flightmanager.hb.tweet.service.TweetPublishService",
            "com.gtgj.service.FetchTimeListService",
            "com.heytap.msp.push.service.CompatibleDataMessageCallbackService",
            "com.heytap.msp.push.service.DataMessageCallbackService",
            "com.huawei.agconnect.core.ServiceDiscovery",
            "com.huawei.android.pushagent.PushService",
            "com.huoli.dache.service.DaCheNotificationService",
            "com.vivo.push.sdk.service.CommandClientService",
            "com.xiaomi.mipush.sdk.MessageHandleService",
            "com.xiaomi.mipush.sdk.PushMessageHandler",
            "com.xiaomi.push.service.XMJobService",
            "com.xiaomi.push.service.XMPushService"
        ],
        "receivers": [
            "com.flightmanager.hb.dynamic.widget.AppWidgetMedium",
            "com.flightmanager.hb.dynamic.widget.AppWidgetSmall",
            "com.flightmanager.hb.push.receiver.HWPushMessageReceiver",
            "com.flightmanager.hb.push.receiver.VivoPushMessageReceiver",
            "com.flightmanager.hb.push.receiver.XiaoMiPushMessageReceiver",
            "com.flightmanager.hb.receiver.ReviewReceiver",
            "com.flightmanager.hb.receiver.StartOnBootReceiver",
            "com.huawei.android.pushagent.PushBootReceiver",
            "com.huawei.android.pushagent.PushEventReceiver",
            "com.taobao.weex.WXGlobalEventReceiver",
            "com.xiaomi.push.service.receivers.NetworkStatusReceiver",
            "com.xiaomi.push.service.receivers.PingReceiver"
        ],
        "permission_details": {
            "android.permission.ACCESS_BACKGROUND_LOCATION": "dangerous",
            "android.permission.ACCESS_COARSE_LOCATION": "dangerous",
            "android.permission.ACCESS_FINE_LOCATION": "dangerous",
            "android.permission.ACCESS_LOCATION_EXTRA_COMMANDS": "normal",
            "android.permission.ACCESS_NETWORK_STATE": "normal",
            "android.permission.ACCESS_WIFI_STATE": "normal",
            "android.permission.CAMERA": "dangerous",
            "android.permission.CHANGE_NETWORK_STATE": "normal",
            "android.permission.CHANGE_WIFI_STATE": "normal",
            "android.permission.DISABLE_KEYGUARD": "normal",
            "android.permission.FLASHLIGHT": "unknown",
            "android.permission.INTERNET": "normal",
            "android.permission.MODIFY_AUDIO_SETTINGS": "normal",
            "android.permission.NFC": "normal",
            "android.permission.QUERY_ALL_PACKAGES": "normal",
            "android.permission.R": "unknown",
            "android.permission.READ_CALENDAR": "dangerous",
            "android.permission.READ_CONTACTS": "dangerous",
            "android.permission.READ_EXTERNAL_STORAGE": "dangerous",
            "android.permission.READ_PHONE_STATE": "dangerous",
            "android.permission.RECEIVE_BOOT_COMPLETED": "normal",
            "android.permission.RECORD_AUDIO": "dangerous",
            "android.permission.REORDER_TASKS": "normal",
            "android.permission.REQUEST_INSTALL_PACKAGES": "signature",
            "android.permission.VIBRATE": "normal",
            "android.permission.WAKE_LOCK": "normal",
            "android.permission.WRITE_CALENDAR": "dangerous",
            "android.permission.WRITE_EXTERNAL_STORAGE": "dangerous",
            "android.permission.WRITE_SETTINGS": "signature",
            "com.asus.msa.SupplementaryDID.ACCESS": "unknown",
            "com.coloros.mcs.permission.RECIEVE_MCS_MESSAGE": "unknown",
            "com.flightmanager.view.permission.MIPUSH_RECEIVE": "unknown",
            "com.heytap.mcs.permission.RECIEVE_MCS_MESSAGE": "unknown",
            "com.huawei.appmarket.service.commondata.permission.GET_COMMON_DATA": "unknown",
            "org.simalliance.openmobileapi.SMARTCARD": "unknown"
        },
        "risk_counts": {
            "dangerous": 11,
            "normal": 14,
            "unknown": 8,
            "signature": 2
        }
    },
    "stats": {
        "dex_count": 2,
        "native_lib_count": 38
    },
    "jadx": {
        "status": "ok",
        "duration_sec": 4.54,
        "sources_present": true,
        "java_file_count": 12
    },
    "ast_analysis": {
        "location": 0,
        "microphone": 0,
        "camera": 0,
        "media_projection": 0,
        "dynamic_load": 0,
        "jni": 1
    },
    "analysis_state": "complete"
}