{
    "apk_name": "A336614C0DD3FBE7B2D8177E26BDD06732F9B292AAFE0D46A14F26883E722857",
    "sha256": "a336614c0dd3fbe7b2d8177e26bdd06732f9b292aafe0d46a14f26883e722857",
    "metadata": {
        "package_name": "it.metalcald.MetalCald",
        "version_code": "111",
        "version_name": "1.1.1",
        "min_sdk": "21",
        "target_sdk": "34",
        "permissions": [
            "android.permission.ACCESS_COARSE_LOCATION",
            "android.permission.ACCESS_FINE_LOCATION",
            "android.permission.ACCESS_NETWORK_STATE",
            "android.permission.ACCESS_WIFI_STATE",
            "android.permission.CHANGE_NETWORK_STATE",
            "android.permission.CHANGE_WIFI_STATE",
            "android.permission.INTERNET",
            "android.permission.WRITE_EXTERNAL_STORAGE"
        ],
        "activities": [
            "crc64a0e0a82d0db9a07d.IntermediateActivity",
            "crc64afd4d944c56bdc36.MainActivity"
        ],
        "services": [],
        "receivers": [
            "crc643f46942d9dd1fff9.PowerSaveModeBroadcastReceiver"
        ],
        "permission_details": {
            "android.permission.ACCESS_COARSE_LOCATION": "dangerous",
            "android.permission.ACCESS_FINE_LOCATION": "dangerous",
            "android.permission.ACCESS_NETWORK_STATE": "normal",
            "android.permission.ACCESS_WIFI_STATE": "normal",
            "android.permission.CHANGE_NETWORK_STATE": "normal",
            "android.permission.CHANGE_WIFI_STATE": "normal",
            "android.permission.INTERNET": "normal",
            "android.permission.WRITE_EXTERNAL_STORAGE": "dangerous"
        },
        "risk_counts": {
            "dangerous": 3,
            "normal": 5
        }
    },
    "stats": {
        "dex_count": 1,
        "native_lib_count": 28
    },
    "jadx": {
        "status": "ok",
        "duration_sec": 11.78,
        "sources_present": true,
        "java_file_count": 1614
    },
    "ast_analysis": {
        "location": 0,
        "microphone": 0,
        "camera": 1,
        "media_projection": 0,
        "dynamic_load": 0,
        "jni": 6
    },
    "analysis_state": "complete"
}