{
    "apk_name": "433122ED32EAEBEB0AD199072C6ED049B9587AE0C0991FEF8EAF3A2CDC6D2B1F",
    "sha256": "433122ed32eaebeb0ad199072c6ed049b9587ae0c0991fef8eaf3a2cdc6d2b1f",
    "metadata": {
        "package_name": "com.csii.zbdirect",
        "version_code": "122",
        "version_name": "5.1.9",
        "min_sdk": "21",
        "target_sdk": "30",
        "permissions": [
            "android.permission.ACCESS_COARSE_LOCATION",
            "android.permission.ACCESS_COARSE_UPDATES",
            "android.permission.ACCESS_FINE_LOCATION",
            "android.permission.ACCESS_LOCATION_EXTRA_COMMANDS",
            "android.permission.ACCESS_NETWORK_STATE",
            "android.permission.ACCESS_WIFI_STATE",
            "android.permission.BATTERY_STATS",
            "android.permission.BLUETOOTH",
            "android.permission.BROADCAST_PACKAGE_ADDED",
            "android.permission.BROADCAST_PACKAGE_CHANGED",
            "android.permission.BROADCAST_PACKAGE_INSTALL",
            "android.permission.BROADCAST_PACKAGE_REPLACED",
            "android.permission.CALL_PHONE",
            "android.permission.CAMERA",
            "android.permission.CHANGE_NETWORK_STATE",
            "android.permission.CHANGE_WIFI_STATE",
            "android.permission.FLASHLIGHT",
            "android.permission.FOREGROUND_SERVICE",
            "android.permission.GET_INSTALLED_APPS",
            "android.permission.GET_TASKS",
            "android.permission.INTERNET",
            "android.permission.KILL_BACKGROUND_PROCESSES",
            "android.permission.MODIFY_AUDIO_SETTINGS",
            "android.permission.MOUNT_UNMOUNT_FILESYSTEMS",
            "android.permission.QUERY_ALL_PACKAGES",
            "android.permission.READ_EXTERNAL_STORAGE",
            "android.permission.READ_LOGS",
            "android.permission.READ_PHONE_STATE",
            "android.permission.RECEIVE_BOOT_COMPLETED",
            "android.permission.RECORD_AUDIO",
            "android.permission.RECORD_VIDEO",
            "android.permission.REQUEST_INSTALL_PACKAGES",
            "android.permission.USE_FINGERPRINT",
            "android.permission.USE_FINGERPRINT ",
            "android.permission.VIBRATE",
            "android.permission.WAKE_LOCK",
            "android.permission.WRITE_EXTERNAL_STORAGE",
            "android.permission.WRITE_SETTINGS",
            "com.android.launcher.permission.INSTALL_SHORTCUT",
            "com.android.launcher.permission.READ_SETTINGS",
            "com.android.launcher.permission.UNINSTALL_SHORTCUT",
            "com.coloros.mcs.permission.RECIEVE_MCS_MESSAGE",
            "com.csii.zbdirect.permission.C2D_MESSAGE",
            "com.csii.zbdirect.permission.MIPUSH_RECEIVE",
            "com.csii.zbdirect.permission.PROCESS_PUSH_MSG",
            "com.csii.zbdirect.permission.PUSH_PROVIDER",
            "com.csii.zbdirect.push.permission.MESSAGE",
            "com.fingerprints.service.ACCESS_FINGERPRINT_MANAGER",
            "com.heytap.mcs.permission.RECIEVE_MCS_MESSAGE",
            "com.huawei.appmarket.service.commondata.permission.GET_COMMON_DATA",
            "com.meizu.c2dm.permission.RECEIVE",
            "com.meizu.flyme.permission.PUSH",
            "com.meizu.flyme.push.permission.RECEIVE",
            "com.samsung.android.providers.context.permission.WRITE_USE_APP_FEATURE_SURVEY",
            "com.vivo.notification.permission.BADGE_ICON"
        ],
        "activities": [
            "cn.com.union.fido.ui.TCInfoActivity",
            "cn.com.union.fido.ui.finger.FingerActivity",
            "cn.com.union.fido.ui.finger.MeiFingerActivity",
            "cn.com.union.fido.ui.finger.SanFingerActivity",
            "cn.com.union.fido.ui.pin.InputPWDActivity",
            "cn.com.union.fido.ui.selection.AuthenticatorSelectionActivity",
            "cn.com.union.fido.ui.selection.UserSelectionActivity",
            "cn.com.union.fido.ui.voice.VoiceTrainActivity",
            "cn.com.union.fido.ui.voice.VoiceVerifyActivity",
            "com.baidu.liantian.LiantianActivity",
            "com.cmic.sso.sdk.activity.LoginAuthActivity",
            "com.csii.powerenter.PEKbdActivity",
            "com.csii.zbdirect.ui.asset_management_fees.activity.BusinessCollectDetailActivity",
            "com.csii.zbdirect.ui.asset_management_fees.activity.BusinessCollectDetailListActivity",
            "com.csii.zbdirect.ui.asset_management_fees.activity.BusinessCollectionResultActivity",
            "com.csii.zbdirect.ui.asset_management_fees.activity.PaymentCompanyPickingActivity",
            "com.csii.zbdirect.ui.authentication.activity.CloudWitnessOpenActivity",
            "com.csii.zbdirect.ui.authentication.activity.FingerprintPayActivity",
            "com.csii.zbdirect.ui.authentication.activity.SaveCertificateActivity",
            "com.csii.zbdirect.ui.bank_card.activity.AccountPreViewActivity",
            "com.csii.zbdirect.ui.bank_card.activity.AddCreditCardActivity",
            "com.csii.zbdirect.ui.bank_card.activity.AddElecAccoManualActivity",
            "com.csii.zbdirect.ui.bank_card.activity.AddElecAccountActivity",
            "com.csii.zbdirect.ui.bank_card.activity.BangCardDetailActivity",
            "com.csii.zbdirect.ui.bank_card.activity.BindCardAddActivity",
            "com.csii.zbdirect.ui.bank_card.activity.BindCardDetailActivity",
            "com.csii.zbdirect.ui.bank_card.activity.CreditCardManageActivity",
            "com.csii.zbdirect.ui.bank_card.activity.CreditCardRepayListActivity",
            "com.csii.zbdirect.ui.bank_card.activity.CreditCardRepaymentActivity",
            "com.csii.zbdirect.ui.bank_card.activity.CreditRepayRecordActivity",
            "com.csii.zbdirect.ui.bank_card.activity.EPlatformAddActivity",
            "com.csii.zbdirect.ui.bank_card.activity.EPlatformDetailActivity",
            "com.csii.zbdirect.ui.bank_card.activity.EPlatformDetailListActivity",
            "com.csii.zbdirect.ui.bank_card.activity.EPlatformListActivity",
            "com.csii.zbdirect.ui.bank_card.activity.ElecAccoDetailAddActivity",
            "com.csii.zbdirect.ui.bank_card.activity.ElecAccountDetailOtherActivity",
            "com.csii.zbdirect.ui.bank_card.activity.ElectAccountDetailActivity",
            "com.csii.zbdirect.ui.bank_card.activity.ElectAcctDetailZxdActivity",
            "com.csii.zbdirect.ui.bank_card.activity.ElectBindWeChatActivity",
            "com.csii.zbdirect.ui.bank_card.activity.InterestsDetailsActivity",
            "com.csii.zbdirect.ui.bank_card.activity.MobileCardAddActivity",
            "com.csii.zbdirect.ui.bank_card.activity.MobileCardDetailActivity",
            "com.csii.zbdirect.ui.bank_card.activity.MobileCardSetAliasActivity",
            "com.csii.zbdirect.ui.bank_card.activity.MoreEquityActivity",
            "com.csii.zbdirect.ui.bank_card.activity.MyBankCardNewActivity",
            "com.csii.zbdirect.ui.bank_card.activity.ReplaceBankCardActivity",
            "com.csii.zbdirect.ui.bank_card.activity.ReplaceBankCardNewActivity",
            "com.csii.zbdirect.ui.bank_card.activity.ZbbChannelTurnOutActivity",
            "com.csii.zbdirect.ui.bind_wx.BindResultActivity",
            "com.csii.zbdirect.ui.bind_wx.BindWeChatActivity",
            "com.csii.zbdirect.ui.bond.activity.BondBeansActivity",
            "com.csii.zbdirect.ui.cancel_account.activity.CancelAccountActivity",
            "com.csii.zbdirect.ui.cancel_account.activity.CancelAccountFailActivity",
            "com.csii.zbdirect.ui.channel_platform.activity.PlatformServiceAreaActivity",
            "com.csii.zbdirect.ui.channel_platform.activity.PlatformServiceInvitationActivity",
            "com.csii.zbdirect.ui.channel_platform.activity.PlatformServiceProductActivity",
            "com.csii.zbdirect.ui.cloud_room_video.activity.CloudRoomMainActivity",
            "com.csii.zbdirect.ui.cloud_room_video.activity.CloudRoomVideActivity",
            "com.csii.zbdirect.ui.common.activity.CommonSendMsgActivity",
            "com.csii.zbdirect.ui.common.activity.ImageCropActivity",
            "com.csii.zbdirect.ui.common.activity.LargeAmountTurnGuideActivity",
            "com.csii.zbdirect.ui.common.activity.SelectCreditItemActivity",
            "com.csii.zbdirect.ui.common.activity.SelectItemActivity",
            "com.csii.zbdirect.ui.common.activity.SelectItemNoIndexActivity",
            "com.csii.zbdirect.ui.common.activity.SelectItemWithSearchActivity",
            "com.csii.zbdirect.ui.common.activity.SignProtocolActivity",
            "com.csii.zbdirect.ui.copy.TestActivity",
            "com.csii.zbdirect.ui.coupon.activity.GiftCardCouponListActivity",
            "com.csii.zbdirect.ui.coupon.activity.GiftCardCouponOverdueListActivity",
            "com.csii.zbdirect.ui.coupon.activity.MyCardCouponAddressDetailActivity",
            "com.csii.zbdirect.ui.coupon.activity.MyCardCouponDetailActivity",
            "com.csii.zbdirect.ui.coupon.activity.MyCardCouponDetailOldAct",
            "com.csii.zbdirect.ui.coupon.activity.MyCardCouponNewActivity",
            "com.csii.zbdirect.ui.coupon.activity.MyDiscountCouponsListActivity",
            "com.csii.zbdirect.ui.coupon.activity.MyExperienceMoneyActivity",
            "com.csii.zbdirect.ui.coupon.activity.MyFinancialCouponListActivity",
            "com.csii.zbdirect.ui.coupon.activity.MyFinancialCouponUsedActivity",
            "com.csii.zbdirect.ui.coupon.activity.MyLoseEfficacyDiscountCouponsListActivity",
            "com.csii.zbdirect.ui.coupon.activity.MyTimeDepositExperienceMoneyActivity",
            "com.csii.zbdirect.ui.coupon.activity.ReceiveCouponAddressActivity",
            "com.csii.zbdirect.ui.coupon.activity.ReceiveCouponCommonActivity",
            "com.csii.zbdirect.ui.coupon.activity.ReceiveCouponOnlineActivity",
            "com.csii.zbdirect.ui.coupon.activity.ReceiveCouponPhoneActivity",
            "com.csii.zbdirect.ui.coupon.activity.ReceiveCouponResultActivity",
            "com.csii.zbdirect.ui.coupon.activity.TimeDepositExperienceDetailActivity",
            "com.csii.zbdirect.ui.coupon.activity.TimeDepositExperienceIntroduceActivity",
            "com.csii.zbdirect.ui.coupon.activity.TimeDepositExperienceProgressActivity",
            "com.csii.zbdirect.ui.coupon.activity.user.ModifyUserGoodsAddressActivity",
            "com.csii.zbdirect.ui.coupon.activity.user.UserGoodsManageAddressListActivity",
            "com.csii.zbdirect.ui.current_account.activity.CurrentAccountActivity",
            "com.csii.zbdirect.ui.direct_invest.activity.AuditPassActivity",
            "com.csii.zbdirect.ui.direct_invest.activity.BLYFinancingInfoActivity",
            "com.csii.zbdirect.ui.direct_invest.activity.BLYProjectInfoActivity",
            "com.csii.zbdirect.ui.direct_invest.activity.BLYUnderwritingInfoActivity",
            "com.csii.zbdirect.ui.direct_invest.activity.CompanyServListActivity",
            "com.csii.zbdirect.ui.direct_invest.activity.DirectInvestBuyActivity",
            "com.csii.zbdirect.ui.direct_invest.activity.DirectInvestDetailActivity",
            "com.csii.zbdirect.ui.direct_invest.activity.DirectInvestListActivity",
            "com.csii.zbdirect.ui.direct_invest.activity.DirectInvestResultActivity",
            "com.csii.zbdirect.ui.direct_invest.activity.HoldingDetailsActivity",
            "com.csii.zbdirect.ui.direct_invest.activity.InvitationCodeActivity",
            "com.csii.zbdirect.ui.direct_invest.activity.MyDirectInvestActivity",
            "com.csii.zbdirect.ui.direct_invest.activity.MyDirectInvestBLYActivity",
            "com.csii.zbdirect.ui.direct_invest.activity.MyDirectInvestDetailActivity",
            "com.csii.zbdirect.ui.direct_invest.activity.ProjectInfoActivity",
            "com.csii.zbdirect.ui.direct_invest.activity.TransactionRecordActivity",
            "com.csii.zbdirect.ui.direct_invest.activity.UnderwritingInfoActivity",
            "com.csii.zbdirect.ui.direct_invest.activity.ZtFinancingInfoActivity",
            "com.csii.zbdirect.ui.duo_bang_li.activity.DblDepositActivity",
            "com.csii.zbdirect.ui.duo_bang_li.activity.DblDepositResultActivity",
            "com.csii.zbdirect.ui.duo_bang_li.activity.DblDrawActivity",
            "com.csii.zbdirect.ui.duo_bang_li.activity.DblDrawResultActivity",
            "com.csii.zbdirect.ui.duo_bang_li.activity.DblMainActivity",
            "com.csii.zbdirect.ui.duo_bang_li.activity.DblPeriodicalListActivity",
            "com.csii.zbdirect.ui.duo_bang_li.activity.DblPeriodicalListNewActivity",
            "com.csii.zbdirect.ui.duo_bang_li.activity.DblPlusDepositActivity",
            "com.csii.zbdirect.ui.duo_bang_li.activity.DblPlusMainActivity",
            "com.csii.zbdirect.ui.duo_bang_li.activity.DblTradeRecordActivity",
            "com.csii.zbdirect.ui.duo_bang_li.activity.DblTradeRecordDetailActivity",
            "com.csii.zbdirect.ui.duo_bang_li.activity.DblVipDetailActivity",
            "com.csii.zbdirect.ui.duo_bang_li.activity.MyDblActivity",
            "com.csii.zbdirect.ui.exclusive_rights.activity.CardDetailsActivity",
            "com.csii.zbdirect.ui.exclusive_rights.activity.CardReceiveOrUseActivity",
            "com.csii.zbdirect.ui.exclusive_rights.activity.ExclusiveExchangeRecordActivity",
            "com.csii.zbdirect.ui.exclusive_rights.activity.ExclusiveMyBangdouActivity",
            "com.csii.zbdirect.ui.exclusive_rights.activity.ExclusiveRightsDetailActivity",
            "com.csii.zbdirect.ui.exclusive_rights.activity.ExclusiveRightsPayActivity",
            "com.csii.zbdirect.ui.exclusive_rights.activity.ExclusiveRightsPayResultActivity",
            "com.csii.zbdirect.ui.exclusive_rights.activity.ExclusiveTastCenterActivity",
            "com.csii.zbdirect.ui.exclusive_rights.activity.VIPClubActivity",
            "com.csii.zbdirect.ui.face.FaceCheckResultActivity",
            "com.csii.zbdirect.ui.face.FaceLivenessExpActivity",
            "com.csii.zbdirect.ui.face.FaceRecognitionActivity",
            "com.csii.zbdirect.ui.fast_payment.FastPaymentMainActivity",
            "com.csii.zbdirect.ui.fast_payment.FastPaymentUnionPayActivity",
            "com.csii.zbdirect.ui.fast_payment.FastPaymentWeChatActivity",
            "com.csii.zbdirect.ui.fast_payment.OneBindCardActivity",
            "com.csii.zbdirect.ui.fast_payment.OneBindCardSignActivity",
            "com.csii.zbdirect.ui.financial_product.activity.FinancialProductBuyActivity",
            "com.csii.zbdirect.ui.financial_product.activity.FinancialProductCancelResultActivity",
            "com.csii.zbdirect.ui.financial_product.activity.FinancialProductDetailActivity",
            "com.csii.zbdirect.ui.financial_product.activity.FinancialProductIncomeActivity",
            "com.csii.zbdirect.ui.financial_product.activity.FinancialProductIntroduceActivity",
            "com.csii.zbdirect.ui.financial_product.activity.FinancialProductListActivity",
            "com.csii.zbdirect.ui.financial_product.activity.FinancialProductPDFActivity",
            "com.csii.zbdirect.ui.financial_product.activity.FinancialProductRecordActivity",
            "com.csii.zbdirect.ui.financial_product.activity.FinancialProductRedeemActivity",
            "com.csii.zbdirect.ui.financial_product.activity.FinancialProductResultActivity",
            "com.csii.zbdirect.ui.financial_product.activity.FinancialProductValueActivity",
            "com.csii.zbdirect.ui.financial_product.activity.MyFinancialProductActivity",
            "com.csii.zbdirect.ui.financial_product.activity.MyFinancialProductDetailActivity",
            "com.csii.zbdirect.ui.financial_product.activity.MyFinancialProductListActivity",
            "com.csii.zbdirect.ui.financial_product.activity.MyFinishedFinancialProductActivity",
            "com.csii.zbdirect.ui.financial_product.activity.MyProcessingFinancialProductActivity",
            "com.csii.zbdirect.ui.financial_product.activity.MyRedemptionFinancialProductActivity",
            "com.csii.zbdirect.ui.financial_product.activity.MySubscribingFinancialProductActivity",
            "com.csii.zbdirect.ui.financial_product.risk.FinancialRiskAssessmentActivity",
            "com.csii.zbdirect.ui.financial_product.risk.FinancialRiskInfoActivity",
            "com.csii.zbdirect.ui.fund.activity.FundBuyActivity",
            "com.csii.zbdirect.ui.fund.activity.FundBuyResultActivity",
            "com.csii.zbdirect.ui.fund.activity.FundBuyingListActivity",
            "com.csii.zbdirect.ui.fund.activity.FundDetailActivity",
            "com.csii.zbdirect.ui.fund.activity.FundHistoricalNetValueActivity",
            "com.csii.zbdirect.ui.fund.activity.FundInvestDetailActivity",
            "com.csii.zbdirect.ui.fund.activity.FundInvestManagerActivity",
            "com.csii.zbdirect.ui.fund.activity.FundListActivity",
            "com.csii.zbdirect.ui.fund.activity.FundRedeemActivity",
            "com.csii.zbdirect.ui.fund.activity.FundRedeemListActivity",
            "com.csii.zbdirect.ui.fund.activity.FundRegularInvestActivity",
            "com.csii.zbdirect.ui.fund.activity.FundRegularInvestResultActivity",
            "com.csii.zbdirect.ui.fund.activity.FundRiskAssessmentActivity",
            "com.csii.zbdirect.ui.fund.activity.FundTradeRecordActivity",
            "com.csii.zbdirect.ui.fund.activity.FundTradeRuleActivity",
            "com.csii.zbdirect.ui.fund.activity.MyFundActivity",
            "com.csii.zbdirect.ui.fund.activity.MyFundDetailActivity",
            "com.csii.zbdirect.ui.jd.activity.JDMainActivity",
            "com.csii.zbdirect.ui.loan.activity.LoanMainActivity",
            "com.csii.zbdirect.ui.loan.house_mortgage.activity.HouseDrawMoneyActivity",
            "com.csii.zbdirect.ui.loan.house_mortgage.activity.HouseDrawMoneyRecordActivity",
            "com.csii.zbdirect.ui.loan.house_mortgage.activity.HouseLendingApplyRecordActivity",
            "com.csii.zbdirect.ui.loan.house_mortgage.activity.HouseLoanApplyActivity",
            "com.csii.zbdirect.ui.loan.house_mortgage.activity.HouseLoanBorrowerActivity",
            "com.csii.zbdirect.ui.loan.house_mortgage.activity.HouseLoanBorrowerRelationActivity",
            "com.csii.zbdirect.ui.loan.house_mortgage.activity.HouseLoanBorrowerRelationProtocolActivity",
            "com.csii.zbdirect.ui.loan.house_mortgage.activity.HouseLoanCreditAuthorizationProtocolActivity",
            "com.csii.zbdirect.ui.loan.house_mortgage.activity.HouseLoanGuaranteeActivity",
            "com.csii.zbdirect.ui.loan.house_mortgage.activity.HouseLoanGuaranteeProtocolActivity",
            "com.csii.zbdirect.ui.loan.house_mortgage.activity.HouseLoanInfoConfirmActivity",
            "com.csii.zbdirect.ui.loan.house_mortgage.activity.HouseLoanMainActivity",
            "com.csii.zbdirect.ui.loan.house_mortgage.activity.HouseLoanMortgagorActivity",
            "com.csii.zbdirect.ui.loan.house_mortgage.activity.HouseLoanMortgagorProtocolActivity",
            "com.csii.zbdirect.ui.loan.house_mortgage.activity.HouseLoanMortgagorRelationActivity",
            "com.csii.zbdirect.ui.loan.house_mortgage.activity.HouseLoanMortgagorRelationProtocolActivity",
            "com.csii.zbdirect.ui.loan.house_mortgage.activity.HouseRepaymentPlanActivity",
            "com.csii.zbdirect.ui.loan.house_mortgage.activity.LoanPublicMicroActivity",
            "com.csii.zbdirect.ui.loan.house_mortgage.activity.LoanPublicMicroWithdrawalActivity",
            "com.csii.zbdirect.ui.loan.house_mortgage.activity.PublicMicroBankSelectActivity",
            "com.csii.zbdirect.ui.loan.house_mortgage.activity.PublicMicroCertificateActivity",
            "com.csii.zbdirect.ui.loan.house_mortgage.activity.PublicMicroContractPreviewActivity",
            "com.csii.zbdirect.ui.loan.house_mortgage.activity.PublicMicroLoadingActivity",
            "com.csii.zbdirect.ui.loan.house_mortgage.activity.PublicMicroLoanDetailsActivity",
            "com.csii.zbdirect.ui.loan.house_mortgage.activity.PublicMicroLoanListActivity",
            "com.csii.zbdirect.ui.loan.house_mortgage.activity.PublicMicroPrepaymentActivity",
            "com.csii.zbdirect.ui.loan.house_mortgage.activity.PublicMicroRepaymentPlanActivity",
            "com.csii.zbdirect.ui.loan.house_mortgage.activity.PublicMicroWithdrawalUploadActivity",
            "com.csii.zbdirect.ui.loan.order_car.activity.DcdActivity",
            "com.csii.zbdirect.ui.loan.order_car.activity.DcdApplyActivity",
            "com.csii.zbdirect.ui.loan.order_car.activity.DcdFinancingApplyActivity",
            "com.csii.zbdirect.ui.loan.order_car.activity.DcdFinancingListActivity",
            "com.csii.zbdirect.ui.loan.order_car.activity.DcdLoanListActivity",
            "com.csii.zbdirect.ui.loan.public_tax.activity.LoanPublicDrawMoney",
            "com.csii.zbdirect.ui.loan.public_tax.activity.LoanPublicTaxActivity",
            "com.csii.zbdirect.ui.loan.public_tax.activity.PubTaxUploadCertificateActivity",
            "com.csii.zbdirect.ui.loan.public_tax.activity.PublicTaxRepaymentActivity",
            "com.csii.zbdirect.ui.loan.public_tax.activity.PublicTaxRepaymentPlanActivity",
            "com.csii.zbdirect.ui.loan.salary.activity.SalaryDrawMoneyActivity",
            "com.csii.zbdirect.ui.loan.salary.activity.SalaryLoanActivity",
            "com.csii.zbdirect.ui.loan.salary.activity.SalaryLoanApplyActivity",
            "com.csii.zbdirect.ui.loan.salary.activity.SalaryLoanDetailActivity",
            "com.csii.zbdirect.ui.loan.salary.activity.SalaryRePayPlanActivity",
            "com.csii.zbdirect.ui.loan.tour.activity.TourELoanActivity",
            "com.csii.zbdirect.ui.loan.tour.activity.TourELoanApplyActivity",
            "com.csii.zbdirect.ui.loan.tour.activity.TourLoanDetailActivity",
            "com.csii.zbdirect.ui.loan.tour.activity.TourRePayPlanActivity",
            "com.csii.zbdirect.ui.loan.well_paid.activity.MyWellPaidLoanActivity",
            "com.csii.zbdirect.ui.loan.well_paid.activity.WellPaidLendingDetailActivity",
            "com.csii.zbdirect.ui.loan.well_paid.activity.WellPaidLoanActivity",
            "com.csii.zbdirect.ui.loan.well_paid.activity.WellPaidLoanApplyActivity",
            "com.csii.zbdirect.ui.loan.well_paid.activity.WellPaidLoanApplyConfirmActivity",
            "com.csii.zbdirect.ui.loan.well_paid.activity.WellPaidLoanApplyResultActivity",
            "com.csii.zbdirect.ui.loan.well_paid.activity.WellPaidRePayPlanActivity",
            "com.csii.zbdirect.ui.loan.well_paid.activity.WellPaidRepayDetailActivity",
            "com.csii.zbdirect.ui.loan.zbb.activity.DrawMoneyActivity",
            "com.csii.zbdirect.ui.loan.zbb.activity.EarlyRepaymentActivity",
            "com.csii.zbdirect.ui.loan.zbb.activity.LendingDetailActivity",
            "com.csii.zbdirect.ui.loan.zbb.activity.LoanInfoActivity",
            "com.csii.zbdirect.ui.loan.zbb.activity.LoanInfoNewActivity",
            "com.csii.zbdirect.ui.loan.zbb.activity.RepaymentPlanActivity",
            "com.csii.zbdirect.ui.loan.zbb.activity.ZbbLoanApplyInfoActivity",
            "com.csii.zbdirect.ui.loan.zbb.activity.ZbbLoanApplyProtocolActivity",
            "com.csii.zbdirect.ui.loan.zbb.activity.ZbbLoanFailTipActivity",
            "com.csii.zbdirect.ui.loan.zbb.activity.ZbbLoanSignProtocolActivity",
            "com.csii.zbdirect.ui.loan.zbb.activity.ZbbLoanUploadVoucherActivity",
            "com.csii.zbdirect.ui.loan.zbb.activity.ZbbPayOffDetailActivity",
            "com.csii.zbdirect.ui.loan.zbb.activity.ZbbPayOffListActivity",
            "com.csii.zbdirect.ui.loan.zbb.activity.ZbbPayOffProveImgActivity",
            "com.csii.zbdirect.ui.login.activity.BindDeviceFacePreActivity",
            "com.csii.zbdirect.ui.main.activity.AccountBalanceActivity",
            "com.csii.zbdirect.ui.main.activity.AccountInfoActivity",
            "com.csii.zbdirect.ui.main.activity.AdvertDetailActivity",
            "com.csii.zbdirect.ui.main.activity.AllMenuActivity",
            "com.csii.zbdirect.ui.main.activity.BangIntegralListActivity",
            "com.csii.zbdirect.ui.main.activity.BankSavingsActivity",
            "com.csii.zbdirect.ui.main.activity.BankSavingsIntroduceActivity",
            "com.csii.zbdirect.ui.main.activity.DoubleCardProductListActivity",
            "com.csii.zbdirect.ui.main.activity.FunctionNavigationActivity",
            "com.csii.zbdirect.ui.main.activity.IntentParseActivity",
            "com.csii.zbdirect.ui.main.activity.LoveLifeActivity",
            "com.csii.zbdirect.ui.main.activity.MainActivity",
            "com.csii.zbdirect.ui.main.activity.MessageCenterActivity",
            "com.csii.zbdirect.ui.main.activity.MessageCenterDetailActivity",
            "com.csii.zbdirect.ui.main.activity.MoveableMainActivity",
            "com.csii.zbdirect.ui.main.activity.NewHandGuideActivity",
            "com.csii.zbdirect.ui.main.activity.PrintTradeWaterAct",
            "com.csii.zbdirect.ui.main.activity.PrintWaterRecordAct",
            "com.csii.zbdirect.ui.main.activity.PrintWaterResultAct",
            "com.csii.zbdirect.ui.main.activity.TradeRecordActivity",
            "com.csii.zbdirect.ui.main.activity.TradeRecordDetailActivity",
            "com.csii.zbdirect.ui.main.activity.TradeRecordDetailTransferActivity",
            "com.csii.zbdirect.ui.main.activity.TradeRecordFanDetailActivity",
            "com.csii.zbdirect.ui.main.activity.TradeRecordNewActivity",
            "com.csii.zbdirect.ui.main.activity.VersionSwitchActivity",
            "com.csii.zbdirect.ui.main.activity.ZbankNewsActivity",
            "com.csii.zbdirect.ui.open_account.activity.ChannelOpenAuditResultActivity",
            "com.csii.zbdirect.ui.open_account.activity.LoanVerificationIdCheckActivity",
            "com.csii.zbdirect.ui.open_account.activity.OpenAcResultActivity",
            "com.csii.zbdirect.ui.open_account.activity.OpenAcSetPswActivity",
            "com.csii.zbdirect.ui.open_account.activity.OpenAccPrepareTip",
            "com.csii.zbdirect.ui.open_account.activity.OpenAccountActivity",
            "com.csii.zbdirect.ui.open_account.activity.OpenAccountAuditActivity",
            "com.csii.zbdirect.ui.open_account.activity.OpenAccountAuditFailActivity",
            "com.csii.zbdirect.ui.open_account.activity.OpenAccountPrepareActivity",
            "com.csii.zbdirect.ui.open_account.activity.OpenAccountSecuriteActivity",
            "com.csii.zbdirect.ui.open_account.activity.OpenFacePreActivity",
            "com.csii.zbdirect.ui.open_account.activity.OpenIdCheckAddSelect",
            "com.csii.zbdirect.ui.open_account.activity.OpenIdentityCheckActivity",
            "com.csii.zbdirect.ui.open_account.activity.OpenPreAuditResultActivity",
            "com.csii.zbdirect.ui.open_account.activity.PubTaxOpenAccActivity",
            "com.csii.zbdirect.ui.open_account.activity.SuperOpenAcResultActivity",
            "com.csii.zbdirect.ui.open_account.activity.SuperOpenLoginResultActivity",
            "com.csii.zbdirect.ui.other.activity.AddReceivingInfoActivity",
            "com.csii.zbdirect.ui.other.activity.AddReceivingInfoSuccessActivity",
            "com.csii.zbdirect.ui.other.activity.AddSpikeReceivingInfoActivity",
            "com.csii.zbdirect.ui.other.activity.AddSpikeReceivingInfoResultActivity",
            "com.csii.zbdirect.ui.other.activity.ExperienceMoneyRulesActivity",
            "com.csii.zbdirect.ui.other.activity.LiShengxianActivity",
            "com.csii.zbdirect.ui.other.activity.LoveSelectActivity",
            "com.csii.zbdirect.ui.other.activity.MyCardCouponActivity",
            "com.csii.zbdirect.ui.other.activity.MyCardCouponCommonTipActivity",
            "com.csii.zbdirect.ui.other.activity.MyCardCouponExpireActivity",
            "com.csii.zbdirect.ui.other.activity.MyCardCouponSXCodeActivity",
            "com.csii.zbdirect.ui.other.activity.MyCardCouponTip",
            "com.csii.zbdirect.ui.other.activity.MyCardCouponTip2",
            "com.csii.zbdirect.ui.other.activity.MyCardCouponUsedActivity",
            "com.csii.zbdirect.ui.other.activity.ZBVoiceActivity",
            "com.csii.zbdirect.ui.other.activity.ZBVoiceSafeActivity",
            "com.csii.zbdirect.ui.pocket_money.activity.PocketMoneyDepositActivity",
            "com.csii.zbdirect.ui.pocket_money.activity.PocketMoneyDepositResultActivity",
            "com.csii.zbdirect.ui.pocket_money.activity.PocketMoneyDetailActivity",
            "com.csii.zbdirect.ui.pocket_money.activity.PocketMoneyDrawActivity",
            "com.csii.zbdirect.ui.pocket_money.activity.PocketMoneyDrawResultActivity",
            "com.csii.zbdirect.ui.pocket_money.activity.PocketMoneyHistoryActivity",
            "com.csii.zbdirect.ui.pocket_money.activity.PocketMoneyInterestActivity",
            "com.csii.zbdirect.ui.pocket_money.activity.PocketMoneyIntroduceActivity",
            "com.csii.zbdirect.ui.pocket_money.activity.PocketMoneyMainActivity",
            "com.csii.zbdirect.ui.pocket_money_salary.activity.PocketMoneySalaryClaimCardActivity",
            "com.csii.zbdirect.ui.pocket_money_salary.activity.PocketMoneySalaryMainActivity",
            "com.csii.zbdirect.ui.pocket_money_salary.activity.PocketMoneySalaryOpenActivity",
            "com.csii.zbdirect.ui.pocket_money_salary.activity.PocketMoneyUpgradeActivity",
            "com.csii.zbdirect.ui.pocket_money_salary.activity.SalaryCardItemListActivity",
            "com.csii.zbdirect.ui.pocket_money_salary.activity.SalaryCardMainDetailActivity",
            "com.csii.zbdirect.ui.privilege_zone.activity.PrivilegeZoneListActivity",
            "com.csii.zbdirect.ui.prove.activity.CommitSuccessActivity",
            "com.csii.zbdirect.ui.prove.activity.DepositProofActivity",
            "com.csii.zbdirect.ui.prove.activity.IssueProofActivity",
            "com.csii.zbdirect.ui.prove.activity.OpenerElecProofActivity",
            "com.csii.zbdirect.ui.prove.activity.OpenerProofResultActivity",
            "com.csii.zbdirect.ui.prove.activity.ProofHistoryActivity",
            "com.csii.zbdirect.ui.prove.activity.ProofMoneyActivity",
            "com.csii.zbdirect.ui.prove.activity.ProofTypeActivity",
            "com.csii.zbdirect.ui.prove.activity.ProveListActivity",
            "com.csii.zbdirect.ui.prove.activity.ResultsDetailsActivity",
            "com.csii.zbdirect.ui.prove.activity.SettlementProofActivity",
            "com.csii.zbdirect.ui.prove.activity.SettlementProofListActivity",
            "com.csii.zbdirect.ui.push_msg.activity.MsgCenterActivity",
            "com.csii.zbdirect.ui.push_msg.activity.MsgDetailActivity",
            "com.csii.zbdirect.ui.push_msg.activity.MsgListActivity",
            "com.csii.zbdirect.ui.receive_and_payment.activity.BarNumberActivity",
            "com.csii.zbdirect.ui.receive_and_payment.activity.JSScanCodeConfirmActivity",
            "com.csii.zbdirect.ui.receive_and_payment.activity.JSScanCodeNetLoadActivity",
            "com.csii.zbdirect.ui.receive_and_payment.activity.PaymentCodeConfirmActivity",
            "com.csii.zbdirect.ui.receive_and_payment.activity.PaymentCodeResultActivity",
            "com.csii.zbdirect.ui.receive_and_payment.activity.PaymentPswVerificationActivity",
            "com.csii.zbdirect.ui.receive_and_payment.activity.ReceiptRecordActivity",
            "com.csii.zbdirect.ui.receive_and_payment.activity.ReceiveAlterPayActivity",
            "com.csii.zbdirect.ui.receive_and_payment.activity.ReceiveAndPaymentActivity",
            "com.csii.zbdirect.ui.receive_and_payment.activity.ReceiveCheckForgetActivity",
            "com.csii.zbdirect.ui.receive_and_payment.activity.ReceiveCheckResultActivity",
            "com.csii.zbdirect.ui.receive_and_payment.activity.ReceiveCheckSeePayActivity",
            "com.csii.zbdirect.ui.receive_and_payment.activity.ReceiveFacePayActivity",
            "com.csii.zbdirect.ui.receive_and_payment.activity.ReceiveForgetActivity",
            "com.csii.zbdirect.ui.receive_and_payment.activity.ReceiveInstallActivity",
            "com.csii.zbdirect.ui.receive_and_payment.activity.ReceiveOverActivity",
            "com.csii.zbdirect.ui.receive_and_payment.activity.ReceivePaymentExplanationActivity",
            "com.csii.zbdirect.ui.receive_and_payment.activity.ReceiveSetAmountActivity",
            "com.csii.zbdirect.ui.receive_and_payment.activity.ReceiveSetPayActivity",
            "com.csii.zbdirect.ui.receive_and_payment.activity.ReceiveSettingActivity",
            "com.csii.zbdirect.ui.receive_and_payment.activity.ReceiveTableActivity",
            "com.csii.zbdirect.ui.receive_and_payment.activity.ScanCodeConfirmActivity",
            "com.csii.zbdirect.ui.receive_and_payment.activity.ScanCodeResultActivity",
            "com.csii.zbdirect.ui.recommended.RecommendedPoliteActivity",
            "com.csii.zbdirect.ui.red_envelopes.activity.RedEnvelopesListDetailActivity",
            "com.csii.zbdirect.ui.red_envelopes.activity.RedEnvelopesRecordListActivity",
            "com.csii.zbdirect.ui.red_envelopes.activity.RobRedEnvelopesSendActivity",
            "com.csii.zbdirect.ui.red_envelopes.activity.SendRedEnvelopesDetailActivity",
            "com.csii.zbdirect.ui.red_envelopes.activity.SendRedEnvelopesMultipleActivity",
            "com.csii.zbdirect.ui.red_envelopes.activity.SendRedEnvelopesSingleActivity",
            "com.csii.zbdirect.ui.repayment_housekeeper.activity.RepayHistoryTurnoutPlanActivity",
            "com.csii.zbdirect.ui.repayment_housekeeper.activity.RepayHousekeeperListActivity",
            "com.csii.zbdirect.ui.repayment_housekeeper.activity.RepaymentHistoryPlanListActivity",
            "com.csii.zbdirect.ui.repayment_housekeeper.activity.RepaymentHousekeeperActivity",
            "com.csii.zbdirect.ui.repayment_housekeeper.activity.RepaymentModifyActivity",
            "com.csii.zbdirect.ui.repayment_housekeeper.activity.RepaymentSetResultActivity",
            "com.csii.zbdirect.ui.repayment_housekeeper.activity.RepaymentSettingActivity",
            "com.csii.zbdirect.ui.repayment_housekeeper.activity.RepaymentTurnoutPlanActivity",
            "com.csii.zbdirect.ui.repayment_housekeeper.activity.SaveWorryDepositActivity",
            "com.csii.zbdirect.ui.repayment_housekeeper.activity.SaveWorryDepositRecordListActivity",
            "com.csii.zbdirect.ui.repayment_housekeeper.activity.SaveWorryDepositResultActivity",
            "com.csii.zbdirect.ui.risk.activity.RiskAssessmentActivity",
            "com.csii.zbdirect.ui.risk.activity.RiskInfoActivity",
            "com.csii.zbdirect.ui.setting.activity.AboutActivity",
            "com.csii.zbdirect.ui.setting.activity.CommonProblemActivity",
            "com.csii.zbdirect.ui.setting.activity.CommonProblemDetailActivity",
            "com.csii.zbdirect.ui.setting.activity.CommonProblemTypeActivity",
            "com.csii.zbdirect.ui.setting.activity.EntryOrModifyProfessionalActivity",
            "com.csii.zbdirect.ui.setting.activity.FeedbackActivity",
            "com.csii.zbdirect.ui.setting.activity.FeedbackListActivity",
            "com.csii.zbdirect.ui.setting.activity.FontSizeChangeActivity",
            "com.csii.zbdirect.ui.setting.activity.HelpAndFeedbackActivity",
            "com.csii.zbdirect.ui.setting.activity.MyCustomerServiceActivity",
            "com.csii.zbdirect.ui.setting.activity.NewSettingActivity",
            "com.csii.zbdirect.ui.setting.activity.PersonInfoCompleteActivity",
            "com.csii.zbdirect.ui.setting.activity.PersonalInfoActivity",
            "com.csii.zbdirect.ui.setting.activity.PersonalInfoAddressModifyActivity",
            "com.csii.zbdirect.ui.setting.activity.PersonalInfoModifyActivity",
            "com.csii.zbdirect.ui.setting.activity.PersonalInfoYearIncomeModifyActivity",
            "com.csii.zbdirect.ui.setting.activity.PrivatePolicyActivity",
            "com.csii.zbdirect.ui.setting.activity.RecommendFriendsActivity",
            "com.csii.zbdirect.ui.setting.activity.ServiceAgreementActivity",
            "com.csii.zbdirect.ui.setting.phone_change.activity.AccPhoneChangeActivity",
            "com.csii.zbdirect.ui.setting.phone_change.activity.PhoneChangeActivity",
            "com.csii.zbdirect.ui.setting.phone_change.activity.PhoneChangeNewActivity",
            "com.csii.zbdirect.ui.setting.phone_change.activity.PhoneNumDetailActivity",
            "com.csii.zbdirect.ui.setting.save_center.activity.FreeSecretSetActivity",
            "com.csii.zbdirect.ui.setting.save_center.activity.SaveCenterActivity",
            "com.csii.zbdirect.ui.setting.save_center.activity.TransferLimitSetActivity",
            "com.csii.zbdirect.ui.splash.SplashActivity",
            "com.csii.zbdirect.ui.splash.ViewPagerActivity",
            "com.csii.zbdirect.ui.structural_deposit.activity.MyStructuralDepositActivity",
            "com.csii.zbdirect.ui.structural_deposit.activity.MyStructuralDepositDetailActivity",
            "com.csii.zbdirect.ui.structural_deposit.activity.StructDepositProjectDecActivity",
            "com.csii.zbdirect.ui.structural_deposit.activity.StructuralDepositBuyActivity",
            "com.csii.zbdirect.ui.structural_deposit.activity.StructuralDepositDetailActivity",
            "com.csii.zbdirect.ui.structural_deposit.activity.StructuralDepositListActivity",
            "com.csii.zbdirect.ui.structural_deposit.activity.StructuralDepositResultActivity",
            "com.csii.zbdirect.ui.sui_xin_ying.activity.MySxyListActivity",
            "com.csii.zbdirect.ui.sui_xin_ying.activity.MyZrcListActivity",
            "com.csii.zbdirect.ui.sui_xin_ying.activity.SxyDepositActivity",
            "com.csii.zbdirect.ui.sui_xin_ying.activity.SxyDepositResultActivity",
            "com.csii.zbdirect.ui.sui_xin_ying.activity.SxyDetailActivity",
            "com.csii.zbdirect.ui.sui_xin_ying.activity.SxyDetailNoviceActivity",
            "com.csii.zbdirect.ui.sui_xin_ying.activity.SxyDrawActivity",
            "com.csii.zbdirect.ui.sui_xin_ying.activity.SxyDrawPreDetailActivity",
            "com.csii.zbdirect.ui.sui_xin_ying.activity.SxyDrawResultActivity",
            "com.csii.zbdirect.ui.sui_xin_ying.activity.SxyGroupDepositActivity",
            "com.csii.zbdirect.ui.sui_xin_ying.activity.SxyGroupDescriptionActivity",
            "com.csii.zbdirect.ui.sui_xin_ying.activity.SxyGroupDetailActivity",
            "com.csii.zbdirect.ui.sui_xin_ying.activity.SxyGroupInitiateResultActivity",
            "com.csii.zbdirect.ui.sui_xin_ying.activity.SxyGroupMemberDepositResultActivity",
            "com.csii.zbdirect.ui.sui_xin_ying.activity.SxyGroupRulesActivity",
            "com.csii.zbdirect.ui.sui_xin_ying.activity.SxyListActivity",
            "com.csii.zbdirect.ui.time_deposit.activity.CallDepositsListActivity",
            "com.csii.zbdirect.ui.time_deposit.activity.MyTimeDepositDetailActivity",
            "com.csii.zbdirect.ui.time_deposit.activity.MyTimeDepositListActivity",
            "com.csii.zbdirect.ui.time_deposit.activity.MyTimeDepositSevenListActivity",
            "com.csii.zbdirect.ui.time_deposit.activity.ObtainBangListActivity",
            "com.csii.zbdirect.ui.time_deposit.activity.TimeDepositDepositActivity",
            "com.csii.zbdirect.ui.time_deposit.activity.TimeDepositDepositResultActivity",
            "com.csii.zbdirect.ui.time_deposit.activity.TimeDepositDepositX2Activity",
            "com.csii.zbdirect.ui.time_deposit.activity.TimeDepositDetailActivity",
            "com.csii.zbdirect.ui.time_deposit.activity.TimeDepositDetailNewActivity",
            "com.csii.zbdirect.ui.time_deposit.activity.TimeDepositDetailNoviceActivity",
            "com.csii.zbdirect.ui.time_deposit.activity.TimeDepositDetailWorryFreeActivity",
            "com.csii.zbdirect.ui.time_deposit.activity.TimeDepositDrawActivity",
            "com.csii.zbdirect.ui.time_deposit.activity.TimeDepositDrawResultActivity",
            "com.csii.zbdirect.ui.time_deposit.activity.TimeDepositListActivity",
            "com.csii.zbdirect.ui.time_deposit.activity.TimeDepositProductRecordActivity",
            "com.csii.zbdirect.ui.time_deposit.activity.TimeDepositProductSevenRecordActivity",
            "com.csii.zbdirect.ui.time_deposit.activity.TimeWorryFreeNoviceDetailActivity",
            "com.csii.zbdirect.ui.trade_psw.activity.ModifyTradePswActivity",
            "com.csii.zbdirect.ui.trade_psw.activity.ResetTradePswActivity",
            "com.csii.zbdirect.ui.trade_psw.activity.ResetTradePswConfirmActivity",
            "com.csii.zbdirect.ui.trade_psw.activity.TradePswManagerActivity",
            "com.csii.zbdirect.ui.transfer.activity.CloudFlashPayBindAct",
            "com.csii.zbdirect.ui.transfer.activity.CloudFlashPaySwitchAct",
            "com.csii.zbdirect.ui.transfer.activity.CloudFlashPayTransferAct",
            "com.csii.zbdirect.ui.transfer.activity.TransferActivity",
            "com.csii.zbdirect.ui.transfer.activity.TransferAddPayeeActivity",
            "com.csii.zbdirect.ui.transfer.activity.TransferErrorResultActivity",
            "com.csii.zbdirect.ui.transfer.activity.TransferMainActivity",
            "com.csii.zbdirect.ui.transfer.activity.TransferPayeeListActivity",
            "com.csii.zbdirect.ui.transfer.activity.TransferPhoneInputActivity",
            "com.csii.zbdirect.ui.transfer.activity.TransferPhoneMsgActivity",
            "com.csii.zbdirect.ui.transfer.activity.TransferPhonePayeeActivity",
            "com.csii.zbdirect.ui.transfer.activity.TransferPhoneResultActivity",
            "com.csii.zbdirect.ui.transfer.activity.TransferPhoneSetActivity",
            "com.csii.zbdirect.ui.transfer.activity.TransferPhoneSheSuccActivity",
            "com.csii.zbdirect.ui.transfer.activity.TransferPhoneSuperwebLoadActivity",
            "com.csii.zbdirect.ui.transfer.activity.TransferPhoneWxNotfiyActivity",
            "com.csii.zbdirect.ui.transfer.activity.TransferPhoneselectActivity",
            "com.csii.zbdirect.ui.transfer.activity.TransferPhonesheyesActivity",
            "com.csii.zbdirect.ui.transfer.activity.TransferPhoneyesActivity",
            "com.csii.zbdirect.ui.transfer.activity.TransferRecordActivity",
            "com.csii.zbdirect.ui.transfer.activity.TransferRecordDetailActivity",
            "com.csii.zbdirect.ui.transfer.activity.TransferResultActivity",
            "com.csii.zbdirect.ui.transfer.activity.TransferSelectBankActivity",
            "com.csii.zbdirect.ui.transfer.activity.TransferSelectBranchBankActivity",
            "com.csii.zbdirect.ui.transfer.activity.TransferStrategyActivity",
            "com.csii.zbdirect.ui.transfer.activity.TransferSuperwebLoadActivity",
            "com.csii.zbdirect.ui.transfer.activity.TransferWxNotifyPayeeActivity",
            "com.csii.zbdirect.ui.transfer.activity.UnionSignResultAct",
            "com.csii.zbdirect.ui.turn.activity.TourInPauseSolutionActivity",
            "com.csii.zbdirect.ui.turn.activity.TuenInSignSendMsgActivity",
            "com.csii.zbdirect.ui.turn.activity.TurnErrorResultActivity",
            "com.csii.zbdirect.ui.turn.activity.TurnInActivity",
            "com.csii.zbdirect.ui.turn.activity.TurnOutActivity",
            "com.csii.zbdirect.ui.turn.activity.TurnOutResultActivity",
            "com.csii.zbdirect.ui.turn.activity.TurnOutSuperNetLoadActivity",
            "com.csii.zbdirect.ui.turn.activity.TurnResultActivity",
            "com.csii.zbdirect.ui.upload_id.activity.HoldIdImgUploadActivity",
            "com.csii.zbdirect.ui.upload_id.activity.IdSupplementUploadActivity",
            "com.csii.zbdirect.ui.upload_id.activity.LoanVerificationUploadActivity",
            "com.csii.zbdirect.ui.upload_id.activity.MyUploadIdImgActivity",
            "com.csii.zbdirect.ui.upload_id.activity.UploadIdImgActivity",
            "com.csii.zbdirect.ui.upload_id.activity.UploadIdImgAgainActivity",
            "com.csii.zbdirect.ui.upload_id.activity.UploadIdImgResultActivity",
            "com.csii.zbdirect.ui.vip_area.activity.BangFlowerDetailActivity",
            "com.csii.zbdirect.ui.vip_area.activity.BangInterestsDetailActivity",
            "com.csii.zbdirect.ui.vip_area.activity.MyPrivilegeListDetailActivity",
            "com.csii.zbdirect.ui.vip_area.activity.VipAreaMainActivity",
            "com.csii.zbdirect.ui.vip_area.activity.VipLevelActivity",
            "com.csii.zbdirect.ui.vip_area.activity.VipProductListActivity",
            "com.csii.zbdirect.ui.vip_area.activity.VipRightsDetailActivity",
            "com.csii.zbdirect.ui.vip_area.activity.VipRuleDescriptionActivity",
            "com.csii.zbdirect.ui.vip_area.activity.VipUpgradeStrategyActivity",
            "com.csii.zbdirect.ui.wages_finance.activity.MyWagesFinanceActivity",
            "com.csii.zbdirect.ui.wages_finance.activity.WagesFinanceActivity",
            "com.csii.zbdirect.ui.wages_finance.activity.WagesFinanceResulActivity",
            "com.csii.zbdirect.ui.web.CommonWebViewActivity",
            "com.csii.zbdirect.ui.web.CommonWebViewWithTipActivity",
            "com.csii.zbdirect.ui.web.ExclusiveRightsWebActivity",
            "com.csii.zbdirect.ui.web.ExclusiveRightsWebViewActivity",
            "com.csii.zbdirect.ui.web.JSScanPayWebViewAct",
            "com.csii.zbdirect.ui.web.MineLoanWebViewActivity",
            "com.csii.zbdirect.ui.web.MyWebViewActivity",
            "com.csii.zbdirect.ui.web.PrivacyPolicyActivity",
            "com.csii.zbdirect.ui.web.ZlcSpikeWebViewActivity",
            "com.csii.zbdirect.ui.wholesale.activity.BuyReceiptAct",
            "com.csii.zbdirect.ui.wholesale.activity.ForceSaveListActivity",
            "com.csii.zbdirect.ui.wholesale.activity.LargeDepDepositActivity",
            "com.csii.zbdirect.ui.wholesale.activity.LargeDepDepositResultActivity",
            "com.csii.zbdirect.ui.wholesale.activity.LargeDepositDetailActivity",
            "com.csii.zbdirect.ui.wholesale.activity.LargeDepositDrawActivity",
            "com.csii.zbdirect.ui.wholesale.activity.LargeDepositDrawResultActivity",
            "com.csii.zbdirect.ui.wholesale.activity.LargeDepositProductFilesActivity",
            "com.csii.zbdirect.ui.wholesale.activity.LargeDepositSlipsMainActivity",
            "com.csii.zbdirect.ui.wholesale.activity.LargeDepositTransferAListActivity",
            "com.csii.zbdirect.ui.wholesale.activity.LargeDepositTransferBuyActivity",
            "com.csii.zbdirect.ui.wholesale.activity.LargeDepositTransferDetailActivity",
            "com.csii.zbdirect.ui.wholesale.activity.LargeDepositTransferListActivity",
            "com.csii.zbdirect.ui.wholesale.activity.LargeDepositTransferResultActivity",
            "com.csii.zbdirect.ui.wholesale.activity.LargeDepositWithdrawResultActivity",
            "com.csii.zbdirect.ui.wholesale.activity.MyLargeCancelBookingResultActivity",
            "com.csii.zbdirect.ui.wholesale.activity.MyLargeDepositBookingActivity",
            "com.csii.zbdirect.ui.wholesale.activity.MyLargeDepositBookingDetailActivity",
            "com.csii.zbdirect.ui.wholesale.activity.MyLargeDepositHoldDetailActivity",
            "com.csii.zbdirect.ui.wholesale.activity.MyLargeDepositInterestListActivity",
            "com.csii.zbdirect.ui.wholesale.activity.MyLargeDepositListActivity",
            "com.csii.zbdirect.ui.wholesale.activity.MyLargeDepositPlusListActivity",
            "com.csii.zbdirect.ui.wholesale.activity.MyLargeDepositTransferProcessActivity",
            "com.csii.zbdirect.ui.wholesale.activity.MyLargeDepositTransferringActivity",
            "com.csii.zbdirect.ui.zero_buy.activity.ZeroBuyInputActivity",
            "com.csii.zbdirect.ui.zero_buy.activity.ZeroBuyInputConfirmActivity",
            "com.csii.zbdirect.ui.zero_buy.activity.ZeroBuyOrderDetailActivity",
            "com.csii.zbdirect.ui.zero_buy.activity.ZeroBuyPhoneActivity",
            "com.csii.zbdirect.ui.zero_buy.activity.ZeroBuyPhoneDetailActivity",
            "com.csii.zbdirect.ui.zero_buy.activity.ZeroBuyProtocolActivity",
            "com.csii.zbdirect.ui.zero_buy.activity.ZeroBuyResultActivity",
            "com.csii.zbdirect.ui.zhong_bang_bao.activity.MyZbbActivity",
            "com.csii.zbdirect.ui.zhong_bang_bao.activity.ZbbAutomaticDepositActivity",
            "com.csii.zbdirect.ui.zhong_bang_bao.activity.ZbbDepositActivity",
            "com.csii.zbdirect.ui.zhong_bang_bao.activity.ZbbDepositResultActivity",
            "com.csii.zbdirect.ui.zhong_bang_bao.activity.ZbbDrawActivity",
            "com.csii.zbdirect.ui.zhong_bang_bao.activity.ZbbDrawResultActivity",
            "com.csii.zbdirect.ui.zhong_bang_bao.activity.ZbbMainActivity",
            "com.csii.zbdirect.ui.zhong_bang_bao.activity.ZbbMainNoviceActivity",
            "com.csii.zbdirect.ui.zhong_bang_bao.activity.ZbbOtherDrawResultActivity",
            "com.csii.zbdirect.ui.zhong_bang_bao.activity.ZbbResultActivity",
            "com.csii.zbdirect.ui.zhong_bang_bao.activity.ZbbTradeRecordActivity",
            "com.csii.zbdirect.ui.zhong_bang_bao.activity.ZbbTradeRecordDetailActivity",
            "com.csii.zbdirect.ui.zhong_hui_cun.activity.MyZhcActivity",
            "com.csii.zbdirect.ui.zhong_hui_cun.activity.MyZhcDetailActivity",
            "com.csii.zbdirect.ui.zhong_hui_cun.activity.ZhcDepositActivity",
            "com.csii.zbdirect.ui.zhong_hui_cun.activity.ZhcDepositResultActivity",
            "com.csii.zbdirect.ui.zhong_hui_cun.activity.ZhcDetailActivity",
            "com.csii.zbdirect.ui.zhong_hui_cun.activity.ZhcDetailNewActivity",
            "com.csii.zbdirect.ui.zhong_hui_cun.activity.ZhcDetailNoviceActivity",
            "com.csii.zbdirect.ui.zhong_hui_cun.activity.ZhcDrawActivity",
            "com.csii.zbdirect.ui.zhong_hui_cun.activity.ZhcDrawResultActivity",
            "com.csii.zbdirect.ui.zhong_hui_cun.activity.ZhcInterestActivity",
            "com.csii.zbdirect.ui.zhong_hui_cun.activity.ZhcListActivity",
            "com.csii.zbdirect.ui.zhong_li_cun.activity.AcceleratorCardActivity",
            "com.csii.zbdirect.ui.zhong_li_cun.activity.MyZlcActivity",
            "com.csii.zbdirect.ui.zhong_li_cun.activity.MyZlcBlockDetailActivity",
            "com.csii.zbdirect.ui.zhong_li_cun.activity.MyZlcBlockListActivity",
            "com.csii.zbdirect.ui.zhong_li_cun.activity.MyZlcCanTransferDetailActivity",
            "com.csii.zbdirect.ui.zhong_li_cun.activity.MyZlcTransferringDetailActivity",
            "com.csii.zbdirect.ui.zhong_li_cun.activity.ZLcVipListActivity",
            "com.csii.zbdirect.ui.zhong_li_cun.activity.ZlcCancelTransferResultActivity",
            "com.csii.zbdirect.ui.zhong_li_cun.activity.ZlcDepositResultActivity",
            "com.csii.zbdirect.ui.zhong_li_cun.activity.ZlcDetailActivity",
            "com.csii.zbdirect.ui.zhong_li_cun.activity.ZlcDetailNewActivity",
            "com.csii.zbdirect.ui.zhong_li_cun.activity.ZlcDrawActivity",
            "com.csii.zbdirect.ui.zhong_li_cun.activity.ZlcDrawResultActivity",
            "com.csii.zbdirect.ui.zhong_li_cun.activity.ZlcEnterpriseListActivity",
            "com.csii.zbdirect.ui.zhong_li_cun.activity.ZlcListActivity",
            "com.csii.zbdirect.ui.zhong_li_cun.activity.ZlcMainDepositActivity",
            "com.csii.zbdirect.ui.zhong_li_cun.activity.ZlcMainDetailActivity",
            "com.csii.zbdirect.ui.zhong_li_cun.activity.ZlcProductRecordActivity",
            "com.csii.zbdirect.ui.zhong_li_cun.activity.ZlcSpikeDetailActivity",
            "com.csii.zbdirect.ui.zhong_li_cun.activity.ZlcSpikeListActivity",
            "com.csii.zbdirect.ui.zhong_li_cun.activity.ZlcSpikeMainDetail",
            "com.csii.zbdirect.ui.zhong_li_cun.activity.ZlcTransferActivity",
            "com.csii.zbdirect.ui.zhong_li_cun.activity.ZlcTransferDepositActivity",
            "com.csii.zbdirect.ui.zhong_li_cun.activity.ZlcTransferDepositResultActivity",
            "com.csii.zbdirect.ui.zhong_li_cun.activity.ZlcTransferDetailActivity",
            "com.csii.zbdirect.ui.zhong_li_cun.activity.ZlcTransferResultActivity",
            "com.csii.zbdirect.ui.zhong_li_cun.activity.ZlcTransferringDetailActivity",
            "com.csii.zbdirect.ui.zhong_li_cun.activity.ZlcTransferringListActivity",
            "com.csii.zbdirect.ui.zlc_scroll.activity.MyZlcScrollActivity",
            "com.csii.zbdirect.ui.zlc_scroll.activity.ZlcScrollApplyingActivity",
            "com.csii.zbdirect.ui.zlc_scroll.activity.ZlcScrollCancelApplyResultActivity",
            "com.csii.zbdirect.ui.zlc_scroll.activity.ZlcScrollDepositActivity",
            "com.csii.zbdirect.ui.zlc_scroll.activity.ZlcScrollDepositResultActivity",
            "com.csii.zbdirect.ui.zlc_scroll.activity.ZlcScrollDrawActivity",
            "com.csii.zbdirect.ui.zlc_scroll.activity.ZlcScrollDrawResultActivity",
            "com.csii.zbdirect.ui.zlc_scroll.activity.ZlcScrollHoldDetailActivity",
            "com.csii.zbdirect.ui.zlc_scroll.activity.ZlcScrollListActivity",
            "com.csii.zbdirect.ui.zlc_scroll.activity.ZlcScrollMainDetailActivity",
            "com.csii.zbdirect.ui.zlc_scroll.activity.ZlcScrollMainDetailNewActivity",
            "com.csii.zbdirect.ui.zlc_scroll.activity.ZlcScrollRedemptionActivity",
            "com.csii.zbdirect.ui.zlc_scroll.activity.ZlcScrollRedemptionResultActivity",
            "com.csii.zbdirect.umeng.MfrMessageActivity",
            "com.csii.zbdirect.webplugin.WebViewH5TrsPswActivity",
            "com.csii.zbdirect.wxapi.WXEntryActivity",
            "com.huawei.hms.activity.BridgeActivity",
            "com.huawei.hms.activity.EnableServiceActivity",
            "com.huawei.hms.support.api.push.TransActivity",
            "com.huawei.updatesdk.service.otaupdate.AppUpdateActivity",
            "com.huawei.updatesdk.support.pm.PackageInstallerActivity",
            "com.megvii.demo.activity.IDCardDetectActivity",
            "com.megvii.livenesslib.LivenessActivity",
            "com.mobile.auth.gatewayauth.LoginAuthActivity",
            "com.mobile.auth.gatewayauth.activity.AuthWebVeiwActivity",
            "com.montnets.allnetlogin.sdk.activity.LoginAuthActivity",
            "com.montnets.allnetlogin.sdk.activity.MnWebActivity",
            "com.sina.weibo.sdk.share.ShareTransActivity",
            "com.sina.weibo.sdk.web.WebActivity",
            "com.tencent.connect.common.AssistActivity",
            "com.tencent.tauth.AuthActivity",
            "com.umeng.message.UmengNotificationClickActivity",
            "com.umeng.message.notify.UPushMessageNotifyActivity",
            "com.umeng.union.component.UMDownloadActivity",
            "com.umeng.union.component.UMDownloadHoldActivity",
            "com.umeng.union.component.UMUnionActivity",
            "com.umeng.union.component.UMWebViewActivity",
            "com.xiaomi.mipush.sdk.NotificationClickedActivity",
            "com.yzq.zxinglibrary.android.CaptureActivity",
            "com.zbank.commonui.base.CommonResultActivity",
            "com.zbank.commonui.base.CommonResultNewActivity",
            "com.zbank.login.activity.PswManagerActivity",
            "com.zbank.login.activity.bindDevice.BindDeviceFaceFailActivity",
            "com.zbank.login.activity.bindDevice.BindDeviceIdCheckActivity",
            "com.zbank.login.activity.bindDevice.BindDeviceVerificationPasswordActivity",
            "com.zbank.login.activity.gesture.CreateGestureActivity",
            "com.zbank.login.activity.gesture.GestureLoginActivity",
            "com.zbank.login.activity.gesture.GestureSettingActivity",
            "com.zbank.login.activity.login.ChannelAccountLoginResultAvtivity",
            "com.zbank.login.activity.login.ChannelLoginAccountListActivity",
            "com.zbank.login.activity.login.ChannelLoginIdVerificationActivity",
            "com.zbank.login.activity.login.ChannelLoginMsgVerificationActivity",
            "com.zbank.login.activity.login.CreateFingerprintLoginActivity",
            "com.zbank.login.activity.login.FingerprintLoginActivity",
            "com.zbank.login.activity.login.LoginActivity",
            "com.zbank.login.activity.login.LoginCooperationActivity",
            "com.zbank.login.activity.login.LoginDeviceBindActivity",
            "com.zbank.login.activity.login.LoginMainActivity",
            "com.zbank.login.activity.login.LoginPswChangeResultActivity",
            "com.zbank.login.activity.login.ModifyLoginPswActivity",
            "com.zbank.login.activity.login.RegisterAgreementActivity",
            "com.zbank.login.activity.login.ResetLoginPswActivity",
            "com.zbank.login.activity.login.ResetLoginPswCheckInfoActivity",
            "com.zbank.login.activity.login.ResetLoginPswConfirmActivity",
            "com.zbank.login.activity.register.RegisterActivity",
            "com.zbank.login.activity.register.RegisterResultActivity",
            "com.zbank.login.activity.register.RegisterSendMsgActivity",
            "com.zbank.login.activity.register.RegisterSetPswActivity",
            "com.zbank.webmanager.container.CommonH5FragmentActivity"
        ],
        "services": [
            "com.baidu.liantian.LiantianService",
            "com.baidu.location.f",
            "com.heytap.msp.push.service.CompatibleDataMessageCallbackService",
            "com.heytap.msp.push.service.DataMessageCallbackService",
            "com.huawei.agconnect.core.ServiceDiscovery",
            "com.huawei.hms.support.api.push.service.HmsMsgService",
            "com.meizu.cloud.pushsdk.NotificationService",
            "com.montnets.allnetlogin.sdk.RefreshService",
            "com.taobao.accs.ChannelService",
            "com.taobao.accs.ChannelService$KernelService",
            "com.taobao.accs.data.MsgDistributeService",
            "com.taobao.accs.internal.AccsJobService",
            "com.umeng.message.UmengDownloadResourceService",
            "com.umeng.message.UmengIntentService",
            "com.umeng.message.UmengMessageCallbackHandlerService",
            "com.umeng.message.UmengMessageIntentReceiverService",
            "com.umeng.message.XiaomiIntentService",
            "com.vivo.push.sdk.service.CommandClientService",
            "com.xiaomi.mipush.sdk.MessageHandleService",
            "com.xiaomi.mipush.sdk.PushMessageHandler",
            "com.xiaomi.push.service.XMJobService",
            "com.xiaomi.push.service.XMPushService",
            "org.android.agoo.accs.AgooService",
            "org.android.agoo.huawei.HuaweiPushMessageService"
        ],
        "receivers": [
            "com.csii.zbdirect.umeng.MfrMzMessageReceiver",
            "com.huawei.hms.support.api.push.PushMsgReceiver",
            "com.huawei.hms.support.api.push.PushReceiver",
            "com.meizu.cloud.pushsdk.MzPushSystemReceiver",
            "com.taobao.accs.EventReceiver",
            "com.taobao.accs.ServiceReceiver",
            "com.taobao.agoo.AgooCommondReceiver",
            "com.umeng.message.UmengNotificationReceiver",
            "com.umeng.union.common.downloader.UMDownloadReceiver",
            "com.umeng.union.component.UMUnionReceiver",
            "com.xiaomi.push.service.receivers.NetworkStatusReceiver",
            "com.xiaomi.push.service.receivers.PingReceiver",
            "org.android.agoo.vivo.PushMessageReceiverImpl",
            "org.android.agoo.xiaomi.MiPushBroadcastReceiver"
        ]
    },
    "stats": {
        "dex_count": 1,
        "native_lib_count": 44
    },
    "jadx": {
        "status": "ok",
        "duration_sec": 2.93,
        "sources_present": true,
        "java_file_count": 8
    },
    "ast_analysis": {
        "location": 0,
        "microphone": 0,
        "camera": 0,
        "media_projection": 0,
        "dynamic_load": 0,
        "jni": 1
    },
    "analysis_state": "complete"
}