{
    "java_files": [
        "com/stub/StubApp.java",
        "com/fenbi/android/gaozhong/R.java",
        "gnohzoag/diordna/ibnef/moc/Configuration.java",
        "gnohzoag/diordna/ibnef/moc/a.java",
        "gnohzoag/diordna/ibnef/moc/DtcLoader.java",
        "kotlin/coroutines/jvm/internal/DebugProbesKt.java"
    ],
    "ast_hits_by_file": {
        "location": [],
        "microphone": [],
        "camera": [
            "gnohzoag/diordna/ibnef/moc/a.java",
            "gnohzoag/diordna/ibnef/moc/a.java"
        ],
        "media_projection": [],
        "dynamic_load": [],
        "jni": [
            "gnohzoag/diordna/ibnef/moc/a.java",
            "gnohzoag/diordna/ibnef/moc/DtcLoader.java"
        ]
    },
    "native_libs": [
        "assets/libjiagu.so",
        "assets/libjiagu_vip_a64.so",
        "assets/libjiagu_vip_x64.so",
        "lib/arm64-v8a/libEnCompositionDetector.so",
        "lib/arm64-v8a/libImageEncoder.so",
        "lib/arm64-v8a/libRSSupport.so",
        "lib/arm64-v8a/libRequestEncoder.so",
        "lib/arm64-v8a/libSolarRequestEncoder.so",
        "lib/arm64-v8a/libanimation-decoder-gif.so",
        "lib/arm64-v8a/libapecrypto.so",
        "lib/arm64-v8a/libapetex.so",
        "lib/arm64-v8a/libaudioenc.so",
        "lib/arm64-v8a/libbsPatch.so",
        "lib/arm64-v8a/libc++_shared.so",
        "lib/arm64-v8a/libcocos2dlua.so",
        "lib/arm64-v8a/libdigitalink.so",
        "lib/arm64-v8a/libeffect.so",
        "lib/arm64-v8a/libeffect_proxy.so",
        "lib/arm64-v8a/libengine_jni.so",
        "lib/arm64-v8a/libglide-webp.so",
        "lib/arm64-v8a/libhyphenate.so",
        "lib/arm64-v8a/libijkffmpeg.so",
        "lib/arm64-v8a/libijkplayer.so",
        "lib/arm64-v8a/libijksdl.so",
        "lib/arm64-v8a/libjgdtc.so",
        "lib/arm64-v8a/libkoom-java.so",
        "lib/arm64-v8a/libkwai-linker.so",
        "lib/arm64-v8a/libmmkv.so",
        "lib/arm64-v8a/libmsaoaidauth.so",
        "lib/arm64-v8a/libmsaoaidsec.so",
        "lib/arm64-v8a/libmupdf_java.so",
        "lib/arm64-v8a/libopenal.so",
        "lib/arm64-v8a/libpl_droidsonroids_gif.so",
        "lib/arm64-v8a/librsjni.so",
        "lib/arm64-v8a/librsjni_androidx.so",
        "lib/arm64-v8a/libsentry-android.so",
        "lib/arm64-v8a/libsentry.so",
        "lib/arm64-v8a/libsqlcipher.so",
        "lib/arm64-v8a/libweibosdkcore.so",
        "lib/arm64-v8a/libxhook_lib.so"
    ],
    "dex_files_count": 1,
    "exported_components": {
        "activities": [
            "com.alipay.sdk.app.APayEntranceActivity",
            "com.alipay.sdk.app.AlipayResultActivity",
            "com.alipay.sdk.app.H5AuthActivity",
            "com.alipay.sdk.app.H5OpenAuthActivity",
            "com.alipay.sdk.app.H5PayActivity",
            "com.alipay.sdk.app.PayResultActivity",
            "com.cmic.sso.sdk.activity.LoginAuthActivity",
            "com.cmic.sso.sdk.activity.OAuthActivity",
            "com.fenbi.android.gaozhong.wxapi.WXEntryActivity",
            "com.fenbi.android.s.activity.misc.AboutActivity",
            "com.fenbi.android.s.activity.misc.CitySettingActivity",
            "com.fenbi.android.s.activity.misc.ClipAvatarActivity",
            "com.fenbi.android.s.activity.misc.EditNickActivity",
            "com.fenbi.android.s.activity.misc.EditPasswordActivity",
            "com.fenbi.android.s.activity.misc.FontSizeSettingActivity",
            "com.fenbi.android.s.activity.misc.GradeSettingActivity",
            "com.fenbi.android.s.activity.misc.PersonalInfoActivity",
            "com.fenbi.android.s.activity.misc.ProvinceSettingActivity",
            "com.fenbi.android.s.activity.misc.SchoolSettingActivity",
            "com.fenbi.android.s.activity.misc.SettingsActivity",
            "com.fenbi.android.s.activity.portal.ConfigureTestEnvironmentActivity",
            "com.fenbi.android.s.activity.portal.HomeActivity",
            "com.fenbi.android.s.activity.portal.InputCaptchaActivity",
            "com.fenbi.android.s.activity.portal.LoadResActivity",
            "com.fenbi.android.s.activity.portal.LoginActivity",
            "com.fenbi.android.s.activity.portal.SplashActivity",
            "com.fenbi.android.s.activity.portal.UserPrivacyAgreementActivity",
            "com.fenbi.android.s.activity.portal.UserPrivacyAgreementDetailActivity",
            "com.fenbi.android.s.activity.portal.UserPrivacyAgreementListActivity",
            "com.fenbi.android.s.activity.portal.VisitorHomeActivity",
            "com.fenbi.android.s.activity.portal.VisitorModeSwitchActivity",
            "com.fenbi.android.s.activity.portal.WelcomeActivity",
            "com.fenbi.android.s.activity.portal.YouthProtectionActivity",
            "com.fenbi.android.s.activity.practice.SubjectSettingActivity",
            "com.fenbi.android.s.exercisehistory.ExerciseHistoryActivity",
            "com.fenbi.android.s.game.activity.GameContentActivity",
            "com.fenbi.android.s.game.activity.GameHomeActivity",
            "com.fenbi.android.s.game.activity.GameResultActivity",
            "com.fenbi.android.s.game.activity.GameWebActivity",
            "com.fenbi.android.s.game.activity.PlayGameActivity",
            "com.fenbi.android.s.game.activity.RandomPlayerMatchActivity",
            "com.fenbi.android.s.game.activity.WordBlankFillingGameGuideActivity",
            "com.fenbi.android.s.homework.HomeworkGroupInfoActivity",
            "com.fenbi.android.s.homework.HomeworkGroupListActivity",
            "com.fenbi.android.s.homework.HomeworkGroupMemberListActivity",
            "com.fenbi.android.s.homework.HomeworkGroupNameCardActivity",
            "com.fenbi.android.s.homework.HomeworkGroupRankChangeActivity",
            "com.fenbi.android.s.homework.HomeworkGroupRankListActivity",
            "com.fenbi.android.s.homework.HomeworkListActivity",
            "com.fenbi.android.s.homework.HomeworkQuestionActivity",
            "com.fenbi.android.s.jam.JamTipActivity",
            "com.fenbi.android.s.jam.UniJamActivity",
            "com.fenbi.android.s.lockscreen.LockScreenActivity",
            "com.fenbi.android.s.lockscreen.LockScreenSettingActivity",
            "com.fenbi.android.s.lockscreen.LockScreenSolutionActivity",
            "com.fenbi.android.s.lockscreen.LockScreenStarterActivity",
            "com.fenbi.android.s.lockscreen.LockScreenSubjectSelectActivity",
            "com.fenbi.android.s.markedquestion.MarkedQuestionSubjectListActivity",
            "com.fenbi.android.s.markedquestion.browse.KeypointMarkedQuestionsActivity",
            "com.fenbi.android.s.markedquestion.browse.MarkedQuestionBrowseActivity",
            "com.fenbi.android.s.markedquestion.browse.MarkedQuestionsActivity",
            "com.fenbi.android.s.markedquestion.browse.NoteDetailBrowseActivity",
            "com.fenbi.android.s.message.MessageListActivity",
            "com.fenbi.android.s.oraltemplate.activity.OralTemplateQuestionActivity",
            "com.fenbi.android.s.oraltemplate.activity.OralTemplateReportActivity",
            "com.fenbi.android.s.oraltemplate.activity.OralTemplateSolutionActivity",
            "com.fenbi.android.s.outline.activity.ErrorQuestionActivity",
            "com.fenbi.android.s.outline.activity.GiantKeypointListActivity",
            "com.fenbi.android.s.outline.activity.GiantQuestionBrowseActivity",
            "com.fenbi.android.s.outline.activity.GiantQuestionListActivity",
            "com.fenbi.android.s.outline.activity.OutlineCitySettingActivity",
            "com.fenbi.android.s.outline.activity.OutlineExamSettingActivity",
            "com.fenbi.android.s.outline.activity.OutlineExerciseSolutionActivity",
            "com.fenbi.android.s.outline.activity.OutlineKeypointListActivity",
            "com.fenbi.android.s.outline.activity.OutlineOralTemplateActivity",
            "com.fenbi.android.s.outline.activity.OutlineOralTemplateSettingActivity",
            "com.fenbi.android.s.outline.activity.OutlineProvinceSettingActivity",
            "com.fenbi.android.s.outline.activity.OutlineQuestionActivity",
            "com.fenbi.android.s.outline.activity.OutlineTextbookSettingActivity",
            "com.fenbi.android.s.paper.activity.PaperIntroductionActivity",
            "com.fenbi.android.s.paper.activity.PaperListActivity",
            "com.fenbi.android.s.paper.activity.PaperLocalSearchActivity",
            "com.fenbi.android.s.paper.activity.PaperRemoteSearchActivity",
            "com.fenbi.android.s.pdf.activity.PdfPreviewActivity",
            "com.fenbi.android.s.question.activity.HomeworkSolutionActivity",
            "com.fenbi.android.s.question.activity.UniExerciseSolutionActivity",
            "com.fenbi.android.s.question.activity.UniQuestionActivity",
            "com.fenbi.android.s.question.activity.WordRelatedQuestionSolutionActivity",
            "com.fenbi.android.s.question.activity.WorkbookExerciseSolutionActivity",
            "com.fenbi.android.s.questionsearch.activity.CaptchaActivity",
            "com.fenbi.android.s.questionsearch.activity.QuestionSearchCameraMultiPurposeActivity",
            "com.fenbi.android.s.questionsearch.activity.QuestionSearchCropImageActivity",
            "com.fenbi.android.s.questionsearch.activity.QuestionSearchMultiAnswerQueryActivity",
            "com.fenbi.android.s.questionsearch.activity.QuestionSearchSearchCropActivity",
            "com.fenbi.android.s.report.activity.SubmitOrderActivity",
            "com.fenbi.android.s.report.activity.UniReportActivity",
            "com.fenbi.android.s.topic.activity.TopicExerciseSolutionActivity",
            "com.fenbi.android.s.topic.activity.TopicGroupActivity",
            "com.fenbi.android.s.topic.activity.TopicMarkedQuestionBrowseActivity",
            "com.fenbi.android.s.topic.activity.TopicMarkedQuestionListActivity",
            "com.fenbi.android.s.topic.activity.TopicPaperListActivity",
            "com.fenbi.android.s.topic.activity.TopicPuzzleQuestionActivity",
            "com.fenbi.android.s.topic.activity.TopicQuestionActivity",
            "com.fenbi.android.s.web.WebBrowseActivity",
            "com.fenbi.android.s.workbook.activity.WorkbookOralTemplateChapterListActivity",
            "com.fenbi.android.s.workbook.activity.WorkbookOralTemplateExerciseHistoryActivity",
            "com.fenbi.android.s.workbook.activity.WorkbookOralTemplatePaperIntroductionActivity",
            "com.fenbi.android.s.workbook.activity.WorkbookOralTemplatePaperListActivity",
            "com.fenbi.android.solar.common.activity.ImagePreviewActivity",
            "com.fenbi.android.solar.common.activity.SolarWebPageActivity",
            "com.fenbi.android.solar.mall.activity.AddressChooseActivity",
            "com.fenbi.android.solar.mall.activity.AddressEditActivity",
            "com.fenbi.android.solar.mall.activity.AddressListActivity",
            "com.fenbi.android.solar.mall.activity.CouponListActivity",
            "com.fenbi.android.solar.mall.activity.MallCartActivity",
            "com.fenbi.android.solar.mall.activity.MallCategoryActivity",
            "com.fenbi.android.solar.mall.activity.MallChannelActivity",
            "com.fenbi.android.solar.mall.activity.MallQrCodePayActivity",
            "com.fenbi.android.solar.mall.activity.MallUniformRecommendActivity",
            "com.fenbi.android.solar.mall.activity.MallWebDetailActivity",
            "com.fenbi.android.solar.mall.activity.OrderConfirmActivity",
            "com.fenbi.android.solar.mall.activity.OrderDetailActivity",
            "com.fenbi.android.solar.mall.activity.OrderListActivity",
            "com.fenbi.android.solar.mall.activity.PayResultActivity",
            "com.fenbi.android.solar.mall.activity.PaymentActivity",
            "com.fenbi.android.solar.mall.activity.ProductDetailActivity",
            "com.fenbi.android.solar.mall.chat.ChatActivity",
            "com.fenbi.android.solar.push.huawei.HuaweiDeepLinkActivity",
            "com.fenbi.android.solar.push.oppo.component.OppoLoadActivity",
            "com.fenbi.android.solar.share.dingding.DDShareActivity",
            "com.fenbi.android.solar.share.dingding.DDShareFileRouterActivity",
            "com.fenbi.android.solar.share.qq.QQFileShareRouterActivity",
            "com.fenbi.android.solar.share.qq.QQShareRouterActivity",
            "com.fenbi.android.solar.share.wechat.WXEntryActivity",
            "com.fenbi.android.uni.activity.addon.ErrorTipActivity",
            "com.fenbi.android.uni.activity.addon.SuccessTipActivity",
            "com.fenbi.android.uni.activity.profile.CorrectionSolutionActivity",
            "com.fenbi.android.uni.lotterycard.AwardCardApplyActivity",
            "com.fenbi.android.uni.lotterycard.LotteryCardImageActivity",
            "com.fenbi.android.uni.wxapi.WXEntryActivity",
            "com.fenbi.payment.PaymentActivity",
            "com.fenbi.permission.android.leo.activity.PermissionRequestActivity",
            "com.fenbi.tutor.exercise.webview.activity.ExerciseWebViewActivity",
            "com.fenbi.tutor.exercise.webview.activity.LandExerciseWebViewActivity",
            "com.fenbi.tutor.live.activity.ConfirmDialogActivity",
            "com.fenbi.tutor.live.common.base.ReusingActivity",
            "com.fenbi.tutor.live.common.base.ReusingLandscapeFullscreenActivity",
            "com.fenbi.tutor.live.module.fullwidthinput.FullWidthInputActivity",
            "com.fenbi.tutor.live.room.container.RoomActivity",
            "com.fenbi.tutor.live.room.livesell.LiveSellRoomActivity",
            "com.fenbi.tutor.module.question.TutorHomeworkQuestionActivity",
            "com.fenbi.tutor.qqwalletapi.QQWalletPayEntryActivity",
            "com.fenbi.tutor.wxapi.WXPayEntryActivity",
            "com.google.android.gms.common.api.GoogleApiActivity",
            "com.huawei.hms.activity.BridgeActivity",
            "com.huawei.hms.activity.EnableServiceActivity",
            "com.huawei.updatesdk.service.otaupdate.AppUpdateActivity",
            "com.huawei.updatesdk.support.pm.PackageInstallerActivity",
            "com.hyphenate.helpdesk.easeui.ui.BaseChatActivity",
            "com.hyphenate.helpdesk.easeui.ui.ImageGridActivity",
            "com.hyphenate.helpdesk.easeui.ui.RecorderVideoActivity",
            "com.hyphenate.helpdesk.easeui.ui.ShowBigImageActivity",
            "com.hyphenate.helpdesk.easeui.ui.ShowNormalFileActivity",
            "com.hyphenate.helpdesk.easeui.ui.ShowVideoActivity",
            "com.journeyapps.barcodescanner.CaptureActivity",
            "com.sina.weibo.sdk.component.WeiboSdkBrowser",
            "com.tencent.connect.common.AssistActivity",
            "com.tencent.tauth.AuthActivity",
            "com.tencent.tinker.loader.hotplug.ActivityStubs$SGTKStub_00",
            "com.tencent.tinker.loader.hotplug.ActivityStubs$SGTKStub_00_T",
            "com.tencent.tinker.loader.hotplug.ActivityStubs$SGTKStub_01",
            "com.tencent.tinker.loader.hotplug.ActivityStubs$SGTKStub_01_T",
            "com.tencent.tinker.loader.hotplug.ActivityStubs$SGTKStub_02",
            "com.tencent.tinker.loader.hotplug.ActivityStubs$SGTKStub_02_T",
            "com.tencent.tinker.loader.hotplug.ActivityStubs$SGTKStub_03",
            "com.tencent.tinker.loader.hotplug.ActivityStubs$SGTKStub_04",
            "com.tencent.tinker.loader.hotplug.ActivityStubs$SGTKStub_05",
            "com.tencent.tinker.loader.hotplug.ActivityStubs$SGTKStub_06",
            "com.tencent.tinker.loader.hotplug.ActivityStubs$SGTKStub_07",
            "com.tencent.tinker.loader.hotplug.ActivityStubs$SGTKStub_08",
            "com.tencent.tinker.loader.hotplug.ActivityStubs$SGTKStub_09",
            "com.tencent.tinker.loader.hotplug.ActivityStubs$SGTStub_00",
            "com.tencent.tinker.loader.hotplug.ActivityStubs$SGTStub_00_T",
            "com.tencent.tinker.loader.hotplug.ActivityStubs$SGTStub_01",
            "com.tencent.tinker.loader.hotplug.ActivityStubs$SGTStub_01_T",
            "com.tencent.tinker.loader.hotplug.ActivityStubs$SGTStub_02",
            "com.tencent.tinker.loader.hotplug.ActivityStubs$SGTStub_02_T",
            "com.tencent.tinker.loader.hotplug.ActivityStubs$SGTStub_03",
            "com.tencent.tinker.loader.hotplug.ActivityStubs$SGTStub_04",
            "com.tencent.tinker.loader.hotplug.ActivityStubs$SGTStub_05",
            "com.tencent.tinker.loader.hotplug.ActivityStubs$SGTStub_06",
            "com.tencent.tinker.loader.hotplug.ActivityStubs$SGTStub_07",
            "com.tencent.tinker.loader.hotplug.ActivityStubs$SGTStub_08",
            "com.tencent.tinker.loader.hotplug.ActivityStubs$SGTStub_09",
            "com.tencent.tinker.loader.hotplug.ActivityStubs$SIStub_00",
            "com.tencent.tinker.loader.hotplug.ActivityStubs$SIStub_00_T",
            "com.tencent.tinker.loader.hotplug.ActivityStubs$SIStub_01",
            "com.tencent.tinker.loader.hotplug.ActivityStubs$SIStub_01_T",
            "com.tencent.tinker.loader.hotplug.ActivityStubs$SIStub_02",
            "com.tencent.tinker.loader.hotplug.ActivityStubs$SIStub_02_T",
            "com.tencent.tinker.loader.hotplug.ActivityStubs$SIStub_03",
            "com.tencent.tinker.loader.hotplug.ActivityStubs$SIStub_04",
            "com.tencent.tinker.loader.hotplug.ActivityStubs$SIStub_05",
            "com.tencent.tinker.loader.hotplug.ActivityStubs$SIStub_06",
            "com.tencent.tinker.loader.hotplug.ActivityStubs$SIStub_07",
            "com.tencent.tinker.loader.hotplug.ActivityStubs$SIStub_08",
            "com.tencent.tinker.loader.hotplug.ActivityStubs$SIStub_09",
            "com.tencent.tinker.loader.hotplug.ActivityStubs$STDStub_00",
            "com.tencent.tinker.loader.hotplug.ActivityStubs$STDStub_00_T",
            "com.tencent.tinker.loader.hotplug.ActivityStubs$STDStub_01",
            "com.tencent.tinker.loader.hotplug.ActivityStubs$STDStub_01_T",
            "com.tencent.tinker.loader.hotplug.ActivityStubs$STDStub_02",
            "com.tencent.tinker.loader.hotplug.ActivityStubs$STDStub_02_T",
            "com.tencent.tinker.loader.hotplug.ActivityStubs$STDStub_03",
            "com.tencent.tinker.loader.hotplug.ActivityStubs$STDStub_04",
            "com.tencent.tinker.loader.hotplug.ActivityStubs$STDStub_05",
            "com.tencent.tinker.loader.hotplug.ActivityStubs$STDStub_06",
            "com.tencent.tinker.loader.hotplug.ActivityStubs$STDStub_07",
            "com.tencent.tinker.loader.hotplug.ActivityStubs$STDStub_08",
            "com.tencent.tinker.loader.hotplug.ActivityStubs$STDStub_09",
            "com.vivo.push.sdk.LinkProxyClientActivity",
            "com.yuanfudao.android.vgo.virtual.env.kit.activity.VirtualEnvListActivity",
            "com.yuanfudao.android.vgo.webapp.GeneralShareWebAppActivity",
            "com.yuanfudao.customerservice.EaseShowBigImageActivity",
            "com.yuanfudao.customerservice.LandEaseShowBigImageActivity",
            "com.yuanfudao.tutor.android.live.sdk.internal.enterroom.RouterActivity",
            "com.yuanfudao.tutor.infra.activity.LandReusingActivity",
            "com.yuanfudao.tutor.infra.activity.ReusingActivity",
            "com.yuanfudao.tutor.infra.activity.ReusingLandscapeFullscreenActivity",
            "com.yuanfudao.tutor.infra.activity.ReusingLandscapeLockedFullScreenActivity",
            "com.yuanfudao.tutor.infra.activity.ReusingOrientationActivity",
            "com.yuanfudao.tutor.infra.activity.ReusingOrientationLockedActivity",
            "com.yuanfudao.tutor.infra.activity.TransparentReusingActivity",
            "com.yuanfudao.tutor.infra.share.support.LandReusingShareActivity",
            "com.yuanfudao.tutor.infra.share.support.ReusingShareActivity",
            "com.yuantiku.android.common.comment.activity.CommentScoreListActivity",
            "com.yuantiku.android.common.comment.activity.MyCommentScoreActivity",
            "com.yuantiku.android.common.compositionocr.activity.CompositionOCRCameraActivity",
            "com.yuantiku.android.common.compositionocr.activity.CompositionOCRCropActivity",
            "com.yuantiku.android.common.compositionocr.activity.CompositionOCRGuideActivity",
            "com.yuantiku.android.common.compositionocr.activity.CompositionOCRQueryActivity",
            "com.yuantiku.android.common.compositionocr.activity.CompositionOCRRecognitionActivity",
            "com.yuantiku.android.common.feedback.activity.FeedbackDetailActivity",
            "com.yuantiku.android.common.feedback.activity.FeedbackListActivity",
            "com.yuantiku.android.common.feedback.activity.FeedbackSubmitActivity",
            "com.yuantiku.android.common.imagecrop.CropImageActivity",
            "com.yuantiku.android.common.imgactivity.activity.GalleryActivity",
            "com.yuantiku.android.common.imgactivity.activity.ImageActivity",
            "com.yuantiku.android.common.nps.activity.NpsActivity",
            "com.yuantiku.android.common.oralenglish.activity.OralEnglishQuestionActivity",
            "com.yuantiku.android.common.oralenglish.activity.OralEnglishReportActivity",
            "com.yuantiku.android.common.oralenglish.activity.OralEnglishSolutionActivity",
            "com.yuantiku.android.common.poetry.activity.PoetryArticleSearchActivity_",
            "com.yuantiku.android.common.poetry.activity.PoetryDetailActivity_",
            "com.yuantiku.android.common.poetry.activity.PoetryFamousSentenceListActivity_",
            "com.yuantiku.android.common.poetry.activity.PoetryFunctionWordListActivity_",
            "com.yuantiku.android.common.poetry.activity.PoetryHomeActivity_",
            "com.yuantiku.android.common.poetry.activity.PoetryNotionalWordListActivity_",
            "com.yuantiku.android.common.poetry.activity.PoetryNotionalWordSearchActivity_",
            "com.yuantiku.android.common.poetry.activity.PoetryParagraphSelectActivity_",
            "com.yuantiku.android.common.poetry.activity.PoetryReciteActivity_",
            "com.yuantiku.android.common.poetry.activity.PoetryReportActivity_",
            "com.yuantiku.android.common.poetry.activity.PoetrySettingActivity_",
            "com.yuantiku.android.common.poetry.activity.PoetryWordDetailActivity_",
            "com.yuantiku.android.common.question.activity.ExerciseSolutionActivity",
            "com.yuantiku.android.common.question.activity.SheetSolutionActivity",
            "com.yuantiku.android.common.question.jam.activity.JamExerciseSolutionActivity",
            "com.yuantiku.android.common.question.jam.activity.JamSheetSolutionActivity",
            "com.yuantiku.android.common.question.note.EditNoteActivity",
            "com.yuantiku.android.common.question.report.activity.ReportActivity",
            "com.yuantiku.tutor.WBShareActivity",
            "com.yuantiku.tutor.wxapi.WXEntryActivity",
            "com.zhihu.matisse.internal.ui.AlbumPreviewActivity",
            "com.zhihu.matisse.internal.ui.SelectedPreviewActivity",
            "com.zhihu.matisse.ui.MatisseActivity",
            "pub.devrel.easypermissions.AppSettingsDialogHolderActivity"
        ],
        "services": [
            "androidx.room.MultiInstanceInvalidationService",
            "androidx.work.impl.background.systemalarm.SystemAlarmService",
            "androidx.work.impl.background.systemjob.SystemJobService",
            "androidx.work.impl.foreground.SystemForegroundService",
            "com.amap.api.location.APSService",
            "com.fenbi.android.solar.push.huawei.HuaweiPushMessageService",
            "com.fenbi.android.solar.push.oppo.component.AppPushMessageService",
            "com.fenbi.android.solar.push.oppo.component.PushMessageService",
            "com.fenbi.tutor.hybrid.webapp.download.webapp.BsPatchService",
            "com.fenbi.tutor.live.module.notification.LiveNotificationListenerService",
            "com.google.android.datatransport.runtime.backends.TransportBackendDiscovery",
            "com.google.android.datatransport.runtime.scheduling.jobscheduling.JobInfoSchedulerService",
            "com.google.mlkit.common.internal.MlKitComponentDiscoveryService",
            "com.heytap.msp.push.service.CompatibleDataMessageCallbackService",
            "com.heytap.msp.push.service.DataMessageCallbackService",
            "com.huawei.agconnect.core.ServiceDiscovery",
            "com.huawei.hms.support.api.push.service.HmsMsgService",
            "com.hyphenate.chat.EMChatService",
            "com.hyphenate.chat.EMJobService",
            "com.kwai.koom.javaoom.analysis.HeapAnalyzeService",
            "com.tencent.smtt.export.external.DexClassLoaderProviderService",
            "com.tencent.tinker.lib.service.DefaultTinkerResultService",
            "com.tencent.tinker.lib.service.TinkerPatchForeService",
            "com.tencent.tinker.lib.service.TinkerPatchService",
            "com.tencent.tinker.lib.service.TinkerPatchService$InnerService",
            "com.vivo.push.sdk.service.CommandClientService",
            "com.xiaomi.mipush.sdk.MessageHandleService",
            "com.xiaomi.mipush.sdk.PushMessageHandler",
            "com.xiaomi.push.service.XMJobService",
            "com.xiaomi.push.service.XMPushService",
            "com.yuanfudao.android.frog.FrogService",
            "com.yuanfudao.tutor.module.littleteacher.ScreenRecorderService",
            "com.yuanfudao.tutor.module.offlinecache.service.OfflineCacheService",
            "com.yuantiku.android.common.media.play.MediaPlayService",
            "com.yuantiku.android.common.media.record.VoiceRecordService"
        ],
        "receivers": [
            "androidx.work.impl.background.systemalarm.ConstraintProxy$BatteryChargingProxy",
            "androidx.work.impl.background.systemalarm.ConstraintProxy$BatteryNotLowProxy",
            "androidx.work.impl.background.systemalarm.ConstraintProxy$NetworkStateProxy",
            "androidx.work.impl.background.systemalarm.ConstraintProxy$StorageNotLowProxy",
            "androidx.work.impl.background.systemalarm.ConstraintProxyUpdateReceiver",
            "androidx.work.impl.background.systemalarm.RescheduleReceiver",
            "androidx.work.impl.diagnostics.DiagnosticsReceiver",
            "androidx.work.impl.utils.ForceStopRunnable$BroadcastReceiver",
            "com.fenbi.android.solar.push.vivo.component.PushMessageReceiverImpl",
            "com.fenbi.android.solar.push.xiaomi.MiPushMessageReceiver",
            "com.google.android.datatransport.runtime.scheduling.jobscheduling.AlarmManagerSchedulerBroadcastReceiver",
            "com.huawei.hms.support.api.push.PushMsgReceiver",
            "com.huawei.hms.support.api.push.PushReceiver",
            "com.hyphenate.chat.EMMonitorReceiver",
            "com.xiaomi.push.service.receivers.NetworkStatusReceiver",
            "com.xiaomi.push.service.receivers.PingReceiver"
        ]
    }
}