{
    "java_files": [
        "com/secneo/apkwrapper/b.java",
        "com/secneo/apkwrapper/H.java",
        "com/secneo/apkwrapper/AW.java",
        "com/secneo/apkwrapper/AP.java",
        "com/secneo/apkwrapper/a.java",
        "com/secneo/apkwrapper/c.java",
        "com/secneo/apkwrapper/CP.java",
        "vz/com/R.java"
    ],
    "ast_hits_by_file": {
        "location": [],
        "microphone": [],
        "camera": [],
        "media_projection": [],
        "dynamic_load": [],
        "jni": [
            "com/secneo/apkwrapper/AW.java"
        ]
    },
    "native_libs": [
        "lib/armeabi-v7a/libalicomphonenumberauthsdk_core.so",
        "lib/armeabi-v7a/libAMapSDK_MAP_v9_1_0.so",
        "lib/armeabi-v7a/libapp.so",
        "lib/armeabi-v7a/libauth_number_product-2.12.3-nolog-online-standard-channel_alijtca_plus.so",
        "lib/armeabi-v7a/libavmdl_lite.so",
        "lib/armeabi-v7a/libBaiduMapSDK_base_v7_5_0.so",
        "lib/armeabi-v7a/libBaiduMapSDK_map_v7_5_0.so",
        "lib/armeabi-v7a/libbuffer_pg.so",
        "lib/armeabi-v7a/libBugly-ext.so",
        "lib/armeabi-v7a/libc++_shared.so",
        "lib/armeabi-v7a/libDexHelper-x86.so",
        "lib/armeabi-v7a/libDexHelper.so",
        "lib/armeabi-v7a/libdexjni.so",
        "lib/armeabi-v7a/libEncryptor.so",
        "lib/armeabi-v7a/libfile_lock_pg.so",
        "lib/armeabi-v7a/libflutter.so",
        "lib/armeabi-v7a/libgnustl_shared.so",
        "lib/armeabi-v7a/libindoor.so",
        "lib/armeabi-v7a/liblocSDK8b.so",
        "lib/armeabi-v7a/libluajava.so",
        "lib/armeabi-v7a/libmoormp3.so",
        "lib/armeabi-v7a/libmsaoaidauth.so",
        "lib/armeabi-v7a/libmsaoaidsec.so",
        "lib/armeabi-v7a/libNatciml.so",
        "lib/armeabi-v7a/libopencv_tinyworld.so",
        "lib/armeabi-v7a/libPglmetasec_ml.so",
        "lib/armeabi-v7a/librtmp-jni.so",
        "lib/armeabi-v7a/libscannative.so",
        "lib/armeabi-v7a/libsharewind.so",
        "lib/armeabi-v7a/libsqlcipher.so",
        "lib/armeabi-v7a/libtobEmbedEncrypt.so",
        "lib/armeabi-v7a/libttmplayer_lite.so",
        "lib/armeabi-v7a/libumeng-spy.so",
        "lib/armeabi-v7a/libweibosdkcore.so",
        "lib/armeabi-v7a/libYTImageRefiner.so"
    ],
    "dex_files_count": 1,
    "exported_components": {
        "activities": [
            "com.alipay.sdk.app.APayEntranceActivity",
            "com.alipay.sdk.app.AlipayResultActivity",
            "com.alipay.sdk.app.H5AuthActivity",
            "com.alipay.sdk.app.H5OpenAuthActivity",
            "com.alipay.sdk.app.H5PayActivity",
            "com.alipay.sdk.app.PayResultActivity",
            "com.baidu.mobads.sdk.api.AppActivity",
            "com.baidu.mobads.sdk.api.BdShellActivity",
            "com.baidu.mobads.sdk.api.MobRewardVideoActivity",
            "com.bytedance.sdk.openadsdk.adapter.activity.TTStandardActivity",
            "com.bytedance.sdk.openadsdk.adapter.activity.TTStandardDelegateActivity",
            "com.bytedance.sdk.openadsdk.adapter.activity.TTStandardLandscapeActivity",
            "com.bytedance.sdk.openadsdk.adapter.activity.TTStandardOrientationActivity",
            "com.bytedance.sdk.openadsdk.adapter.activity.TTStandardPortraitActivity",
            "com.cmic.sso.sdk.activity.LoginAuthActivity",
            "com.feeyo.vz.activity.PurchaseResultActivity",
            "com.feeyo.vz.activity.VZAboutActivity",
            "com.feeyo.vz.activity.VZAirportFlowActivity",
            "com.feeyo.vz.activity.VZAirportTelsListActivity",
            "com.feeyo.vz.activity.VZAirportTrafficAirportBusActivity",
            "com.feeyo.vz.activity.VZAirportTrafficBusActivity",
            "com.feeyo.vz.activity.VZAirportTrafficCoachActivity",
            "com.feeyo.vz.activity.VZAirportTrafficDetailActivity",
            "com.feeyo.vz.activity.VZAirportTrafficDetailCoachActivity",
            "com.feeyo.vz.activity.VZAirportTrafficsActivity",
            "com.feeyo.vz.activity.VZAirportWeatherActivity",
            "com.feeyo.vz.activity.VZAirportWeatherRadarActivity",
            "com.feeyo.vz.activity.VZAlbumPreviewActivity",
            "com.feeyo.vz.activity.VZBaseScanActivity",
            "com.feeyo.vz.activity.VZBigPicInfoActivity",
            "com.feeyo.vz.activity.VZBoardingCardScanActivity",
            "com.feeyo.vz.activity.VZBoardingPassScanActivity",
            "com.feeyo.vz.activity.VZBoutiqueAppListActivity",
            "com.feeyo.vz.activity.VZCdmInfoActivity",
            "com.feeyo.vz.activity.VZCountryMobileCodeListActivity",
            "com.feeyo.vz.activity.VZDelayAnalyzeActivity",
            "com.feeyo.vz.activity.VZFeedbackActivity",
            "com.feeyo.vz.activity.VZFindPassWordActivity",
            "com.feeyo.vz.activity.VZFlightAdditionalActivity",
            "com.feeyo.vz.activity.VZFlightCommentEmptyActivity",
            "com.feeyo.vz.activity.VZFlightMemoActivity",
            "com.feeyo.vz.activity.VZFlightOrderSuccessActivity",
            "com.feeyo.vz.activity.VZHistoryPrateAnalyzeActivity",
            "com.feeyo.vz.activity.VZImageCropActivity",
            "com.feeyo.vz.activity.VZInsureOrderManagerActivity",
            "com.feeyo.vz.activity.VZLaunchActivity",
            "com.feeyo.vz.activity.VZLaunchAdH5Activity",
            "com.feeyo.vz.activity.VZLocalAlbumActivity",
            "com.feeyo.vz.activity.VZLocalAlbumDetailActivity",
            "com.feeyo.vz.activity.VZLoginActivity",
            "com.feeyo.vz.activity.VZLookPositionChartInfoActivity",
            "com.feeyo.vz.activity.VZNetworkDiagnosisActivity",
            "com.feeyo.vz.activity.VZNewsCenterNewActivity",
            "com.feeyo.vz.activity.VZNewsCenterPubBigImagesActivity",
            "com.feeyo.vz.activity.VZPickPushOrderManagerActivity",
            "com.feeyo.vz.activity.VZPrateRankActivity",
            "com.feeyo.vz.activity.VZQRScanActivity",
            "com.feeyo.vz.activity.VZQrLoginConfirmActivity",
            "com.feeyo.vz.activity.VZRegistrationActivity",
            "com.feeyo.vz.activity.VZRegistrationSuccessActivity",
            "com.feeyo.vz.activity.VZResetPassWordActivity",
            "com.feeyo.vz.activity.VZSMSCaptchaFindPassActivity",
            "com.feeyo.vz.activity.VZSearchResultListActivity",
            "com.feeyo.vz.activity.VZSendSMSVerificationCodeActivity",
            "com.feeyo.vz.activity.VZSettingsNotificationActivity",
            "com.feeyo.vz.activity.VZUploadBoardingPassActivity",
            "com.feeyo.vz.activity.VZUserChangeMobileStep1",
            "com.feeyo.vz.activity.VZUserChangeMobileStep2",
            "com.feeyo.vz.activity.VZUserChangeNickActivity",
            "com.feeyo.vz.activity.VZUserChangePwdActivity",
            "com.feeyo.vz.activity.VZUserHeaderPreviewActivity",
            "com.feeyo.vz.activity.VZUserHeartActivity",
            "com.feeyo.vz.activity.VZUserInfoActivity",
            "com.feeyo.vz.activity.VZUserOrderVipActivity",
            "com.feeyo.vz.activity.activities.VZNewActivitiesCenterActivity",
            "com.feeyo.vz.activity.airport.VZAirportListActivity",
            "com.feeyo.vz.activity.airportbigscreen.VZAirportBigScreenBetterActivity",
            "com.feeyo.vz.activity.airporttraffic.VZBusRouteDetailActivity",
            "com.feeyo.vz.activity.airporttraffic.VZPoiPathActivity",
            "com.feeyo.vz.activity.airporttraffic.VZPoiSearchActivity",
            "com.feeyo.vz.activity.attention.VZAttentionSuccessActivity",
            "com.feeyo.vz.activity.attention.VZFlightAttentionSuccessActivity",
            "com.feeyo.vz.activity.calendar.VZCalendarActivity",
            "com.feeyo.vz.activity.calendarmulti.VZMultiCalendarActivity",
            "com.feeyo.vz.activity.camera.VZDiscernCameraActivity",
            "com.feeyo.vz.activity.camera.VZDiscernResultTrainActivity",
            "com.feeyo.vz.activity.car.VZCarAttentionActivity",
            "com.feeyo.vz.activity.car.VZCarFullMapActivity",
            "com.feeyo.vz.activity.car.VZCarInfoActivity",
            "com.feeyo.vz.activity.car.VZCarMemoActivity",
            "com.feeyo.vz.activity.certificates.VZAlipayVerifyActivity",
            "com.feeyo.vz.activity.certificates.VZAlipayVerifySuccessActivity",
            "com.feeyo.vz.activity.certificates.VZCertificatesImageActivity",
            "com.feeyo.vz.activity.certificates.VZCertificatesListActivity",
            "com.feeyo.vz.activity.certificates.VZCertificatesNameHelpActivity",
            "com.feeyo.vz.activity.certificates.VZCertificatesParamsActivity",
            "com.feeyo.vz.activity.certificates.VZCertificatesPicChoiceActivity",
            "com.feeyo.vz.activity.certificates.VZCertificatesTypeChoiceActivity",
            "com.feeyo.vz.activity.certificates.VZCertificatesTypeListActivity",
            "com.feeyo.vz.activity.certificates.VZWeiXinAuthActivity",
            "com.feeyo.vz.activity.certificates.VZWeiXinAuthSuccessActivity",
            "com.feeyo.vz.activity.certificates.VZWxIdAuthCompatActivity",
            "com.feeyo.vz.activity.certificates.VZWxIdAuthSuccessCompatActivity",
            "com.feeyo.vz.activity.city.commoncity.VZCommonCitySelectActivity",
            "com.feeyo.vz.activity.city.commoncity.VZCommonCitySelectActivity412",
            "com.feeyo.vz.activity.city.ticketcity.VZTicketCityListActivity",
            "com.feeyo.vz.activity.comment.VZCommentImagePagerActivity",
            "com.feeyo.vz.activity.comment.VZFlightCommentListActivity",
            "com.feeyo.vz.activity.comment.VZFlightCommentListNotifActivity",
            "com.feeyo.vz.activity.comment.VZTicketFlightCommentListActivity",
            "com.feeyo.vz.activity.commoninfo.CCarAddressActivity",
            "com.feeyo.vz.activity.commoninfo.VZCommonAddressInfoActivity",
            "com.feeyo.vz.activity.commoninfo.VZCommonAddressListActivity",
            "com.feeyo.vz.activity.commoninfo.VZCommonEmailInfoActivity",
            "com.feeyo.vz.activity.commoninfo.VZCommonEmailListActivity",
            "com.feeyo.vz.activity.commoninfo.VZCommonInfoActivity",
            "com.feeyo.vz.activity.commoninfo.VZCommonInvoiceDetailActivity",
            "com.feeyo.vz.activity.commoninfo.VZCommonInvoiceInfoActivity",
            "com.feeyo.vz.activity.commoninfo.VZCommonInvoiceListActivity",
            "com.feeyo.vz.activity.commoninfo.VZCommonPassengerInfoActivity",
            "com.feeyo.vz.activity.commoninfo.VZCommonPassengerListActivity",
            "com.feeyo.vz.activity.companion.VZAddCompanionActivity",
            "com.feeyo.vz.activity.companion.VZCompanionListActivity",
            "com.feeyo.vz.activity.companion.VZCompanionLogActivity",
            "com.feeyo.vz.activity.companion.VZDeleteCompanionActivity",
            "com.feeyo.vz.activity.companion.VZSearchCompanionActivity",
            "com.feeyo.vz.activity.companion.VZSelectCompanionActivity",
            "com.feeyo.vz.activity.compat.VZAirportOutQueueActivityCompat",
            "com.feeyo.vz.activity.compat.VZCarDetailActivityCompat",
            "com.feeyo.vz.activity.compat.VZCarHomeActivityCompat",
            "com.feeyo.vz.activity.compat.VZCarInfoActivityCompat",
            "com.feeyo.vz.activity.compat.VZCarPayActivityCompat",
            "com.feeyo.vz.activity.compat.VZCertificatesListActivityCompat",
            "com.feeyo.vz.activity.compat.VZCertificatesTypeChoiceActivityCompat",
            "com.feeyo.vz.activity.compat.VZCheckinRecordActivityCompat",
            "com.feeyo.vz.activity.compat.VZCouponListActivityCompat",
            "com.feeyo.vz.activity.compat.VZEventInfoActivityCompat",
            "com.feeyo.vz.activity.compat.VZFFCListActivityCompat",
            "com.feeyo.vz.activity.compat.VZFeedbackActivityCompat",
            "com.feeyo.vz.activity.compat.VZLuaCheckinActivityCompat",
            "com.feeyo.vz.activity.compat.VZLuaCheckinReActivityCompat",
            "com.feeyo.vz.activity.compat.VZPreFlightActivityCompat",
            "com.feeyo.vz.activity.compat.VZTrain12306ListActivityCompat",
            "com.feeyo.vz.activity.compat.VZTrainInfoActivityCompat",
            "com.feeyo.vz.activity.coupon.VZCouponExchangeActivity",
            "com.feeyo.vz.activity.coupon.VZCouponListActivity",
            "com.feeyo.vz.activity.delayanalyse.VZFlightDelayAnalyseActivity",
            "com.feeyo.vz.activity.delayanalyse.VZSimilarFlightActivity",
            "com.feeyo.vz.activity.delayrisk.VZApplayClaimsSuccessActivity",
            "com.feeyo.vz.activity.delayrisk.VZApplyClaimsActivity",
            "com.feeyo.vz.activity.delayrisk.VZApplyClaimsStepOneActivity",
            "com.feeyo.vz.activity.delayrisk.VZApplyClaimsStepTwoActivity",
            "com.feeyo.vz.activity.delayrisk.VZBankListActivity",
            "com.feeyo.vz.activity.delayrisk.VZDelayRiskInfoActivity",
            "com.feeyo.vz.activity.delayrisk.VZDelayRiskListActivity",
            "com.feeyo.vz.activity.delayrisk.VZSearchBankBranchActivity",
            "com.feeyo.vz.activity.event.VZEventFullMapActivity",
            "com.feeyo.vz.activity.event.VZEventInfoEditActivity",
            "com.feeyo.vz.activity.event.VZEventMemoActivity",
            "com.feeyo.vz.activity.ffc.VZFFCDetailActivity",
            "com.feeyo.vz.activity.ffc.VZFFCListActivity",
            "com.feeyo.vz.activity.ffc.VZFFCPlanActivity",
            "com.feeyo.vz.activity.ffc.VZFFCPlanLoginActivity",
            "com.feeyo.vz.activity.flightinfov4.VZAttentionToOtherFillActivityV4",
            "com.feeyo.vz.activity.flightinfov4.VZAttentionToOtherListActivityV4",
            "com.feeyo.vz.activity.flightinfov4.VZStopAlternateActivity",
            "com.feeyo.vz.activity.flightpicture.VZFlightPictureDetailActivity",
            "com.feeyo.vz.activity.flightpicture.VZFlightPicturesActivity",
            "com.feeyo.vz.activity.flightsearch.VZSearchFlightResultActivity",
            "com.feeyo.vz.activity.flightsearch.VZTrainMemoActivity",
            "com.feeyo.vz.activity.flightsearch.VZTrainSelectArrStationActivity",
            "com.feeyo.vz.activity.flightsearch.VZTrainStationListActivity",
            "com.feeyo.vz.activity.flyrecords.VZHomeFlyRecordsActivity",
            "com.feeyo.vz.activity.guidepages.VZGuideNewPageActivity",
            "com.feeyo.vz.activity.guidepages.VZGuidePagesActivity",
            "com.feeyo.vz.activity.h5.SimpleH5Activity",
            "com.feeyo.vz.activity.h5.VZCarActivityH5Activity",
            "com.feeyo.vz.activity.h5.VZCtripTicketBackH5Activity",
            "com.feeyo.vz.activity.h5.VZGuideH5Activity",
            "com.feeyo.vz.activity.h5.VZIntegralMallH5Activity",
            "com.feeyo.vz.activity.h5.VZRefreshH5Activity",
            "com.feeyo.vz.activity.h5.VZZhongXinH5Activity",
            "com.feeyo.vz.activity.h5.base.VZBaseH5Activity",
            "com.feeyo.vz.activity.h5.base.VZH5Activity",
            "com.feeyo.vz.activity.homepage.activity.VZHomeActivity",
            "com.feeyo.vz.activity.homepage.activity.VZNewsListActivityCompat",
            "com.feeyo.vz.activity.homepage.activity.VZTravelReminderH5Activity",
            "com.feeyo.vz.activity.homepage.activity.VZTravelReminderOldH5Activity",
            "com.feeyo.vz.activity.homepage.activity.VZTripHistoryActivity",
            "com.feeyo.vz.activity.hotel.VZHotelFullMapActivity",
            "com.feeyo.vz.activity.hotel.VZHotelInfoActivity",
            "com.feeyo.vz.activity.hotel.VZHotelMemoActivity",
            "com.feeyo.vz.activity.hotel.VZHotelSearchByKeyActivity",
            "com.feeyo.vz.activity.hotel.VZHotelSearchByKeyActivity414",
            "com.feeyo.vz.activity.login.VZBindPhoneActivity",
            "com.feeyo.vz.activity.login.VZLoginBySmsActivity",
            "com.feeyo.vz.activity.login.VZLoginBySmsVerfCodeActivity",
            "com.feeyo.vz.activity.mate10ad.VZMate10GetGiftActivity",
            "com.feeyo.vz.activity.mate10ad.VZMate10GetGiftSuccessActivity",
            "com.feeyo.vz.activity.mate10ad.VZMate10HasGotGiftActivity",
            "com.feeyo.vz.activity.mate10ad.VZMate10HasGotGiftWithCardActivity",
            "com.feeyo.vz.activity.ordermanager.VZApplyInvoiceActivity",
            "com.feeyo.vz.activity.ordermanager.VZInvoiceDetailActivity",
            "com.feeyo.vz.activity.ordermanager.VZInvoiceOrderListActivity",
            "com.feeyo.vz.activity.ordermanager.VZInvoiceRecordActivity",
            "com.feeyo.vz.activity.ordermanager.VZOrderCarActivity",
            "com.feeyo.vz.activity.ordermanager.VZOrderManagerActivity",
            "com.feeyo.vz.activity.privacy.VZPrivacyPolicyActivity",
            "com.feeyo.vz.activity.radar.VZAirportRadarActivity",
            "com.feeyo.vz.activity.radar.VZRealFlyActivity",
            "com.feeyo.vz.activity.records.VZAddNewRecordsActivity",
            "com.feeyo.vz.activity.records.VZAddRouteActivity",
            "com.feeyo.vz.activity.records.VZFFCActivity",
            "com.feeyo.vz.activity.records.VZFlightRecordManageActivity",
            "com.feeyo.vz.activity.records.VZFlyRecordInfoActivity",
            "com.feeyo.vz.activity.records.VZFlyRecordMonthRankActivity",
            "com.feeyo.vz.activity.records.VZFlyRecordMonthRankDetailActivity",
            "com.feeyo.vz.activity.records.VZFlyRecordVerifyPickerActivity",
            "com.feeyo.vz.activity.records.VZImportFormFFPActivity",
            "com.feeyo.vz.activity.records.VZImportFormFFPDetailActivity",
            "com.feeyo.vz.activity.records.VZRecordAddTrainSearchActivity",
            "com.feeyo.vz.activity.records.VZRecordAddTrainSearchResultActivity",
            "com.feeyo.vz.activity.records.VZRecordAddTrainStationListActivity",
            "com.feeyo.vz.activity.records.VZRouteListActivity",
            "com.feeyo.vz.activity.records.VZRouteSearchActivity",
            "com.feeyo.vz.activity.setup.VZPushSettingsActivity",
            "com.feeyo.vz.activity.setup.VZSettingsActivity",
            "com.feeyo.vz.activity.ticket.CtripTicketOrderInfoActivity",
            "com.feeyo.vz.activity.ticket.VZTicketDetailActivity",
            "com.feeyo.vz.activity.train.activity.VZTrainCityListActivity",
            "com.feeyo.vz.activity.train.activity.VZTrainNumberSearchResultActivity",
            "com.feeyo.vz.activity.train.activity.VZTrainSearchResultListActivityV4",
            "com.feeyo.vz.activity.train.activity.VZTrainSearchResultListActivityV5",
            "com.feeyo.vz.activity.trip.newscenter.VZTripNewsCenterActivity",
            "com.feeyo.vz.activity.usecar.VZAddContactActivity",
            "com.feeyo.vz.activity.usecar.VZUseCarOrderSuccessActivity",
            "com.feeyo.vz.activity.usecar.newcar.CDetailActivity",
            "com.feeyo.vz.activity.usecar.newcar.CPoiLocSearchActivity",
            "com.feeyo.vz.activity.usecar.newcar.CPoiSearchActivity",
            "com.feeyo.vz.activity.usecar.newcar.v2.CCarHomeActivity",
            "com.feeyo.vz.activity.usecar.newcar.v2.CPrePayActivity",
            "com.feeyo.vz.activity.usecar.newcar.v2.flight.CSelectFlightActivity",
            "com.feeyo.vz.activity.usecar.v2.VZPoiSearchActivityV2",
            "com.feeyo.vz.activity.usecar.v2.VZSearchAirportActivity",
            "com.feeyo.vz.activity.usecar.v2.VZSelectCouponActivity",
            "com.feeyo.vz.activity.usecar.v2.authpay.VZWeChatAuthPayActivity",
            "com.feeyo.vz.activity.usecar.v2.flight.VZSearchCarFlightResultActivity",
            "com.feeyo.vz.activity.usecar.v2.pickcar.VZPickCarTypeActivity",
            "com.feeyo.vz.activity.usecar.v2.pickcar.VZSpaceInstructionsActivity",
            "com.feeyo.vz.activity.user.VZChangeMobileSmsVerifyActivity",
            "com.feeyo.vz.activity.user.VZChangeMobileVerifyActivity",
            "com.feeyo.vz.activity.youritinerary412.VZAddItineraryActivity412",
            "com.feeyo.vz.activity.youritinerary412.VZEventAddressSelectActivity412",
            "com.feeyo.vz.activity.youritinerary412.VZEventEndTimeSelectActivity",
            "com.feeyo.vz.activity.youritinerary412.VZEventReminderTimeSelectActivity",
            "com.feeyo.vz.activity.youritinerary412.VZEventStartTimeSelectActivity",
            "com.feeyo.vz.activity.youritinerary412.VZTrain12306BindActivity",
            "com.feeyo.vz.activity.youritinerary412.VZTrain12306ListActivity",
            "com.feeyo.vz.ad.v2.xiaoman.XiaomanActivity",
            "com.feeyo.vz.airplanemode.VZAirplaneModeActivity",
            "com.feeyo.vz.airplanemode.VZAirplaneModeReviewActivity",
            "com.feeyo.vz.airport.VZAirportDetailActivityCompatV2",
            "com.feeyo.vz.airport.VZAirportDetailActivityCompatV6",
            "com.feeyo.vz.airport.VZAirportFlowActivityV4",
            "com.feeyo.vz.airport.VZAirportScreenActivity",
            "com.feeyo.vz.callcenter.VZCallCenterH5Activity",
            "com.feeyo.vz.circle.activity.FCDetailActivity",
            "com.feeyo.vz.circle.activity.FCH5Activity",
            "com.feeyo.vz.circle.activity.FCMediaHomepageActivity",
            "com.feeyo.vz.circle.activity.FCSubscribeManageActivity",
            "com.feeyo.vz.circle.activity.FCVideoDetailActivity",
            "com.feeyo.vz.circle.view.dragphoto.ImagesViewerActivity",
            "com.feeyo.vz.flutter.FlutterEmbeddingActivity",
            "com.feeyo.vz.hotel.activity.detail.VZHotelDetailActivity",
            "com.feeyo.vz.hotel.activity.pic.VZHotelDetailCheckBigPictureActivity",
            "com.feeyo.vz.hotel.activity.pic.VZHotelDetailPictureActivity",
            "com.feeyo.vz.hotel.activity.search.VZHotelSearchActivity",
            "com.feeyo.vz.hotel.v2.activity.common.HCommonListInvoiceActivity",
            "com.feeyo.vz.hotel.v2.activity.common.HCommonListPassengerActivity",
            "com.feeyo.vz.hotel.v2.activity.invoice.HInvoiceActivity",
            "com.feeyo.vz.hotel.v2.activity.invoice.HInvoicePatchActivity",
            "com.feeyo.vz.hotel.v3.activity.HCityActivity",
            "com.feeyo.vz.hotel.v3.activity.HCollectListActivity",
            "com.feeyo.vz.hotel.v3.activity.HCommentListActivity",
            "com.feeyo.vz.hotel.v3.activity.HDetailFacilityActivity",
            "com.feeyo.vz.hotel.v3.activity.HDetailMapActivity",
            "com.feeyo.vz.hotel.v3.activity.HHomeActivity",
            "com.feeyo.vz.hotel.v3.activity.HKeyActivity",
            "com.feeyo.vz.hotel.v3.activity.HListActivity",
            "com.feeyo.vz.hotel.v3.activity.HMapListActivity",
            "com.feeyo.vz.hotel.v3.activity.HPaySuccessActivity",
            "com.feeyo.vz.hotel.v3.activity.orderfill.HotelCouponActivity",
            "com.feeyo.vz.hotel.v3.activity.orderfill.HotelOrderFillActivity",
            "com.feeyo.vz.indoormap.activity.VZIndoorBdMapActivity",
            "com.feeyo.vz.indoormap.activity.VZIndoorBdMapFlightActivity",
            "com.feeyo.vz.lua.activity.LuaAutoCheckEditActivity",
            "com.feeyo.vz.lua.activity.LuaAutoCheckHomeActivity",
            "com.feeyo.vz.lua.activity.LuaAutoCheckinResultActivity",
            "com.feeyo.vz.lua.activity.LuaAutoCheckinSettingsActivity",
            "com.feeyo.vz.lua.activity.LuaCancelCheckinResultActivity",
            "com.feeyo.vz.lua.activity.LuaCancelCheckinVerifyActivity",
            "com.feeyo.vz.lua.activity.LuaCheckInH5Activity",
            "com.feeyo.vz.lua.activity.LuaCheckInRecordNewActivity",
            "com.feeyo.vz.lua.activity.LuaCheckinResultActivity",
            "com.feeyo.vz.lua.activity.LuaCheckinSuccessActivity",
            "com.feeyo.vz.lua.activity.LuaChooseFFCActivity",
            "com.feeyo.vz.lua.activity.LuaFlightListActivity",
            "com.feeyo.vz.lua.activity.LuaFrequentPassagerEditActivity",
            "com.feeyo.vz.lua.activity.LuaH5Activity",
            "com.feeyo.vz.lua.activity.LuaReservedListActivity",
            "com.feeyo.vz.lua.activity.LuaSeatInfoActivity",
            "com.feeyo.vz.lua.activity.LuaUnsupportCheckinActivity",
            "com.feeyo.vz.lua.activity.LuaUserLoginHistoryActivity",
            "com.feeyo.vz.lua.activity.VZCheckinQRCodeActivity",
            "com.feeyo.vz.lua.activity.airplane.LuaAirplaneSelectActivity",
            "com.feeyo.vz.lua.activity.login.LuaUserLoginActivity",
            "com.feeyo.vz.lua.activity.re.LuaReVerifyActivity",
            "com.feeyo.vz.lua.city.LuaCityActivity",
            "com.feeyo.vz.lua.dialog.LuaPassagerCertificateDialog",
            "com.feeyo.vz.lua.home.LuaHomeActivity",
            "com.feeyo.vz.lua.meal.MealCancelSuccessActivity",
            "com.feeyo.vz.lua.meal.MealHistoryActivity",
            "com.feeyo.vz.lua.meal.MealInputActivity",
            "com.feeyo.vz.lua.meal.MealListActivity",
            "com.feeyo.vz.lua.meal.MealSuccessActivity",
            "com.feeyo.vz.lua.meal.MealVerifyActivity",
            "com.feeyo.vz.lua.threerows.LuaThirdServiceAgreeActivity",
            "com.feeyo.vz.lua.threerows.LuaThreeRowsAddPassengerActivity",
            "com.feeyo.vz.lua.threerows.LuaThreeRowsBuyActivity",
            "com.feeyo.vz.lua.threerows.LuaThreeRowsCancelCheckinFinishActivity",
            "com.feeyo.vz.lua.threerows.LuaThreeRowsFlightSeatImageActivity",
            "com.feeyo.vz.lua.threerows.LuaThreeRowsMultiCancelCheckinActivity",
            "com.feeyo.vz.lua.threerows.LuaThreeRowsOrderDetailActivity",
            "com.feeyo.vz.lua.threerows.LuaThreeRowsOrderSuccessActivity",
            "com.feeyo.vz.lua.xproduct.XProductsPayActivity",
            "com.feeyo.vz.pay.ui.SpaceHolderActivity",
            "com.feeyo.vz.pay.ui.VZPayActivity",
            "com.feeyo.vz.permission.VZSettingsPermissionsActivity",
            "com.feeyo.vz.push2.InterfaceActivity",
            "com.feeyo.vz.push2.VZPushDialogActivity",
            "com.feeyo.vz.screenshot.VZScreenshotObserverActivity",
            "com.feeyo.vz.service.loadtrip.VZLoadTripDialogActivity",
            "com.feeyo.vz.social.pay.cmb.VZCMBH5Activity",
            "com.feeyo.vz.social.pay.jd.JDPayEntryActivity",
            "com.feeyo.vz.ticket.calendar.TCalendarActivity",
            "com.feeyo.vz.ticket.places.TPlacesActivity",
            "com.feeyo.vz.ticket.v4.activity.TCabinsActivity",
            "com.feeyo.vz.ticket.v4.activity.TFlightsActivity",
            "com.feeyo.vz.ticket.v4.activity.THoldingActivity",
            "com.feeyo.vz.ticket.v4.activity.THoldingActivity2",
            "com.feeyo.vz.ticket.v4.activity.THomeActivity",
            "com.feeyo.vz.ticket.v4.activity.THomeEntrancesActivity",
            "com.feeyo.vz.ticket.v4.activity.TOrderFillActivity",
            "com.feeyo.vz.ticket.v4.activity.TPaySuccessActivity",
            "com.feeyo.vz.ticket.v4.activity.TTestActivity",
            "com.feeyo.vz.ticket.v4.activity.comm.TAddressFillActivity",
            "com.feeyo.vz.ticket.v4.activity.comm.TAddressListActivity",
            "com.feeyo.vz.ticket.v4.activity.comm.TContactFillActivity",
            "com.feeyo.vz.ticket.v4.activity.comm.TContactListActivity",
            "com.feeyo.vz.ticket.v4.activity.comm.TCouponExchangeActivity",
            "com.feeyo.vz.ticket.v4.activity.comm.TCouponListActivity",
            "com.feeyo.vz.ticket.v4.activity.comm.TEmailFillActivity",
            "com.feeyo.vz.ticket.v4.activity.comm.TEmailListActivity",
            "com.feeyo.vz.ticket.v4.activity.comm.TInvoiceHeadFillActivity",
            "com.feeyo.vz.ticket.v4.activity.comm.TInvoiceHeadListActivity",
            "com.feeyo.vz.ticket.v4.activity.comm.TLoginActivity",
            "com.feeyo.vz.ticket.v4.activity.comm.TMobileContactListActivity",
            "com.feeyo.vz.ticket.v4.activity.comm.TOcrResultActivity",
            "com.feeyo.vz.ticket.v4.activity.comm.TOcrScanActivity",
            "com.feeyo.vz.ticket.v4.activity.international.TICabinsActivity",
            "com.feeyo.vz.ticket.v4.activity.international.TIContactActivity",
            "com.feeyo.vz.ticket.v4.activity.international.TIContactListActivity",
            "com.feeyo.vz.ticket.v4.activity.international.TIFlightsActivity",
            "com.feeyo.vz.ticket.v4.activity.international.TIOrderFillActivity",
            "com.feeyo.vz.ticket.v4.activity.transfer.TSmartHomeActivity",
            "com.feeyo.vz.ticket.v4.activity.transfer.TSmartsActivity",
            "com.feeyo.vz.ticket.v4.activity.transfer.TTransferDetailActivity2",
            "com.feeyo.vz.ticket.v4.activity.transfer.TTransferOrderDetailActivity",
            "com.feeyo.vz.ticket.v4.activity.transfer.TTransferOrderFillActivity",
            "com.feeyo.vz.ticket.v4.h5.TInsuranceH5Activity",
            "com.feeyo.vz.ticket.v4.h5.TVipScaleH5Activity",
            "com.feeyo.vz.ticket.v4.h5.TrainInsuranceH5Activity",
            "com.feeyo.vz.timezone.VZTimeZoneSelectedActivity",
            "com.feeyo.vz.tjb.activity.WBankInfoActivity",
            "com.feeyo.vz.tjb.activity.WBillDetailActivity",
            "com.feeyo.vz.tjb.activity.WBillListActivity",
            "com.feeyo.vz.tjb.activity.WCheckIdentityActivity",
            "com.feeyo.vz.tjb.activity.WFindPwdActivity",
            "com.feeyo.vz.tjb.activity.WHomeV2Activity",
            "com.feeyo.vz.tjb.activity.WModifyPwdActivity",
            "com.feeyo.vz.tjb.activity.WModifyPwdHomeActivity",
            "com.feeyo.vz.tjb.activity.WMoneyActivity",
            "com.feeyo.vz.tjb.activity.WOpenAccountActivity",
            "com.feeyo.vz.tjb.activity.WPayActivity",
            "com.feeyo.vz.tjb.activity.WPwdConfirmActivity",
            "com.feeyo.vz.tjb.activity.WPwdForNormalActivity",
            "com.feeyo.vz.tjb.activity.WPwdForSmsActivity",
            "com.feeyo.vz.tjb.activity.WTurnInActivity",
            "com.feeyo.vz.tjb.activity.WTurnInSuccessActivity",
            "com.feeyo.vz.tjb.activity.WTurnOutActivity",
            "com.feeyo.vz.tjb.activity.WTurnOutSuccessActivity",
            "com.feeyo.vz.train.activity.VZTrainTicketSearchActivity",
            "com.feeyo.vz.train.activity.comm.VZTrainContactFillActivity",
            "com.feeyo.vz.train.activity.comm.VZTrainContactListActivity",
            "com.feeyo.vz.train.v2.support.luacore.ext.LuaPayActivity",
            "com.feeyo.vz.train.v2.ui.coupon.CouponListActivity",
            "com.feeyo.vz.train.v2.ui.grab.TrainGrabOptionActivity",
            "com.feeyo.vz.train.v2.ui.login.VZTrainLoginActivity",
            "com.feeyo.vz.train.v2.ui.mobilecheck.VZTrainMobileCheckActivity",
            "com.feeyo.vz.train.v2.ui.orderdetail.VZTrainOrderDetailsActivity",
            "com.feeyo.vz.train.v2.ui.orderdetail.grab.GrabOrderDetailActivity",
            "com.feeyo.vz.train.v2.ui.orderdetail.grab.VZTrainGrabOrderDetailActivity",
            "com.feeyo.vz.train.v2.ui.orderdetail.ticketchange.VZTrainTicketChangeOrderDetailsActivity",
            "com.feeyo.vz.train.v2.ui.orderfill.VZTrainOrderFillActivity",
            "com.feeyo.vz.train.v2.ui.orderlist.VZTrainOrderListActivity",
            "com.feeyo.vz.train.v2.ui.ticketchange.ResignActivity",
            "com.feeyo.vz.train.v2.ui.ticketchange.ResignSubmitActivity",
            "com.feeyo.vz.train.v2.ui.ticketreturn.VZTrainReturnTicketActivity",
            "com.feeyo.vz.train.v2.ui.ticketstatus.VZTrainTicketStatusActivity",
            "com.feeyo.vz.train.v2.ui.traindetail.search.VZTrainDetailActivity",
            "com.feeyo.vz.train.v2.ui.traindetail.ticketchange.VZTrainDetailActivity2",
            "com.feeyo.vz.train.v2.ui.trains.pick.VZTrainsPickActivity",
            "com.feeyo.vz.train.v2.ui.trains.search.VZTrainsActivity",
            "com.feeyo.vz.train.v2.ui.trains.ticketchange.VZTrainsActivity2",
            "com.feeyo.vz.train.v3.activity.Train12306AccountFillActivity",
            "com.feeyo.vz.train.v3.activity.Train12306AccountVerifiyActivity",
            "com.feeyo.vz.train.v3.activity.Train12306AccountsActivity",
            "com.feeyo.vz.trip.activity.VZAirportSpecialCustomActivity",
            "com.feeyo.vz.trip.activity.VZFlightSearchResultActivity",
            "com.feeyo.vz.trip.activity.VZLVDepTimeActivity",
            "com.feeyo.vz.trip.activity.VZPickUpCardActivity",
            "com.feeyo.vz.trip.activity.VZRouteFlowActivity",
            "com.feeyo.vz.trip.activity.VZSingleTopRouteActivity",
            "com.feeyo.vz.trip.activity.VZTripFlightInfoActivity",
            "com.feeyo.vz.trip.activity.VZTripFlightPlaybackActivity",
            "com.feeyo.vz.trip.activity.VZTripFlightTakeoffTimeActivity",
            "com.feeyo.vz.utils.analytics.ULoginTransparentActivity",
            "com.feeyo.vz.utils.analytics.VZLaunchSuggestLoginActivity",
            "com.feeyo.vz.verhzhunad.activity.VZRecommendServiceActivity",
            "com.huawei.hms.activity.BridgeActivity",
            "com.huawei.hms.activity.EnableServiceActivity",
            "com.huawei.hms.hmsscankit.ScanKitActivity",
            "com.huawei.updatesdk.service.otaupdate.AppUpdateActivity",
            "com.huawei.updatesdk.support.pm.PackageInstallerActivity",
            "com.huawei.wearengine.ClientHubActivity",
            "com.igexin.sdk.GActivity",
            "com.igexin.sdk.GetuiActivity",
            "com.igexin.sdk.PushActivity",
            "com.jdpaysdk.author.AuthorActivity",
            "com.jdpaysdk.author.browser.BrowserActivity",
            "com.m7.imkfsdk.MoorWebCenter",
            "com.m7.imkfsdk.chat.ChatActivity",
            "com.m7.imkfsdk.chat.CommonDetailQuestionActivity",
            "com.m7.imkfsdk.chat.CommonQuestionsActivity",
            "com.m7.imkfsdk.chat.ImageViewLookActivity",
            "com.m7.imkfsdk.chat.OfflineMessageActicity",
            "com.m7.imkfsdk.chat.ScheduleOfflineMessageActivity",
            "com.m7.imkfsdk.chat.YKFVideoActivity",
            "com.mobile.auth.gatewayauth.LoginAuthActivity",
            "com.mobile.auth.gatewayauth.activity.AuthWebVeiwActivity",
            "com.qq.e.ads.ADActivity",
            "com.qq.e.ads.LandscapeADActivity",
            "com.qq.e.ads.PortraitADActivity",
            "com.qq.e.ads.RewardvideoLandscapeADActivity",
            "com.qq.e.ads.RewardvideoPortraitADActivity",
            "com.sina.weibo.sdk.share.ShareTransActivity",
            "com.sina.weibo.sdk.web.WebActivity",
            "com.ss.android.downloadlib.activity.JumpKllkActivity",
            "com.ss.android.downloadlib.activity.TTDelegateActivity",
            "com.ss.android.downloadlib.addownload.compliance.AppDetailInfoActivity",
            "com.ss.android.downloadlib.addownload.compliance.AppPrivacyPolicyActivity",
            "com.ss.android.socialbase.appdownloader.view.DownloadTaskDeleteActivity",
            "com.ss.android.socialbase.appdownloader.view.JumpUnknownSourceActivity",
            "com.tencent.connect.common.AssistActivity",
            "com.tencent.ocr.sdk.activity.OcrDetectActivity",
            "com.tencent.tauth.AuthActivity",
            "vz.com.wxapi.WXEntryActivity",
            "vz.com.wxapi.WXPayEntryActivity"
        ],
        "services": [
            "androidx.room.MultiInstanceInvalidationService",
            "androidx.work.impl.background.systemalarm.SystemAlarmService",
            "androidx.work.impl.background.systemjob.SystemJobService",
            "com.amap.api.location.APSService",
            "com.baidu.location.f",
            "com.bytedance.sdk.openadsdk.multipro.aidl.BinderPoolService",
            "com.feeyo.vz.activity.weatherradar.VZLoadWeaRadarImageService",
            "com.feeyo.vz.push.service.VZCorePushService",
            "com.feeyo.vz.push2.VZCorePushReceiverService",
            "com.feeyo.vz.service.VZUpdateAppService",
            "com.feeyo.vz.service.loadtrip.VZTripSMSListenerService",
            "com.feeyo.vz.train.v2.ui.orderdetail.LuaSyncService",
            "com.feeyo.vz.trip.widget.VZAppWidgetTickJobService",
            "com.feeyo.vz.trip.widget.VZAppWidgetUpdateIntentService",
            "com.getui.gtc.GtcService",
            "com.huawei.agconnect.core.ServiceDiscovery",
            "com.huawei.hms.support.api.push.service.HmsMsgService",
            "com.igexin.sdk.GService",
            "com.igexin.sdk.HmsPushMessageService",
            "com.igexin.sdk.OppoAppPushService",
            "com.igexin.sdk.OppoPushService",
            "com.igexin.sdk.PushService",
            "com.meizu.cloud.pushsdk.NotificationService",
            "com.moor.imkf.service.IMService",
            "com.moor.imkf.websocket.SocketService",
            "com.qq.e.comm.DownloadService",
            "com.ss.android.socialbase.appdownloader.DownloadHandlerService",
            "com.ss.android.socialbase.appdownloader.RetryJobSchedulerService",
            "com.ss.android.socialbase.downloader.downloader.DownloadService",
            "com.ss.android.socialbase.downloader.downloader.IndependentProcessDownloadService",
            "com.ss.android.socialbase.downloader.downloader.SqlDownloadCacheService",
            "com.ss.android.socialbase.downloader.impls.DownloadHandleService",
            "com.ss.android.socialbase.downloader.notification.DownloadNotificationService",
            "com.tencent.smtt.export.external.DexClassLoaderProviderService",
            "com.vivo.push.sdk.service.CommandClientService",
            "com.xiaomi.mipush.sdk.MessageHandleService",
            "com.xiaomi.mipush.sdk.PushMessageHandler"
        ],
        "receivers": [
            "androidx.work.impl.background.systemalarm.ConstraintProxy$BatteryChargingProxy",
            "androidx.work.impl.background.systemalarm.ConstraintProxy$BatteryNotLowProxy",
            "androidx.work.impl.background.systemalarm.ConstraintProxy$NetworkStateProxy",
            "androidx.work.impl.background.systemalarm.ConstraintProxy$StorageNotLowProxy",
            "androidx.work.impl.background.systemalarm.ConstraintProxyUpdateReceiver",
            "androidx.work.impl.background.systemalarm.RescheduleReceiver",
            "androidx.work.impl.utils.ForceStopRunnable$BroadcastReceiver",
            "com.bytedance.embedapplog.collector.Collector",
            "com.feeyo.vz.beacon.BeaconBarrierReceiver",
            "com.feeyo.vz.hms.VZHMSLocationBarrierReceiver",
            "com.feeyo.vz.trip.widget.VZAppWidget22",
            "com.feeyo.vz.trip.widget.VZAppWidget42",
            "com.feeyo.vz.trip.widget.VZAppWidgetStatistics",
            "com.huawei.hms.analytics.receiver.HiAnalyticsSvcEvtReceiver",
            "com.huawei.hms.support.api.push.PushMsgReceiver",
            "com.huawei.hms.support.api.push.PushReceiver",
            "com.igexin.sdk.FlymePushReceiver",
            "com.igexin.sdk.MiuiPushReceiver",
            "com.igexin.sdk.PushReceiver",
            "com.igexin.sdk.VivoPushMessageReceiver",
            "com.m7.imkfsdk.receiver.NewMsgReceiver",
            "com.meizu.cloud.pushsdk.MzPushSystemReceiver",
            "com.ss.android.downloadlib.core.download.DownloadReceiver",
            "com.xiaomi.push.service.receivers.NetworkStatusReceiver"
        ]
    }
}