{
    "apk_name": "593E98C0BAC386C3742659C40CF273823BFF69FA50391965AB4A477F5FBE5046",
    "sha256": "593e98c0bac386c3742659c40cf273823bff69fa50391965ab4a477f5fbe5046",
    "metadata": {
        "package_name": "com.elbit.italk.dispatcher",
        "version_code": "4100018",
        "version_name": "4.10.0.18",
        "min_sdk": "22",
        "target_sdk": "30",
        "permissions": [
            "android.permission.ACCESS_COARSE_LOCATION",
            "android.permission.ACCESS_FINE_LOCATION",
            "android.permission.ACCESS_NETWORK_STATE",
            "android.permission.ACCESS_WIFI_STATE",
            "android.permission.AUTHENTICATE_ACCOUNTS",
            "android.permission.BLUETOOTH",
            "android.permission.BLUETOOTH_ADMIN",
            "android.permission.BROADCAST_STICKY",
            "android.permission.CAMERA",
            "android.permission.DISABLE_KEYGUARD",
            "android.permission.FOREGROUND_SERVICE",
            "android.permission.GET_ACCOUNTS",
            "android.permission.INTERNET",
            "android.permission.MANAGE_ACCOUNTS",
            "android.permission.MODIFY_AUDIO_SETTINGS",
            "android.permission.RAISED_THREAD_PRIORITY",
            "android.permission.READ_APP_BADGE",
            "android.permission.READ_CONTACTS",
            "android.permission.READ_EXTERNAL_STORAGE",
            "android.permission.READ_PHONE_STATE",
            "android.permission.READ_PROFILE",
            "android.permission.RECEIVE_BOOT_COMPLETED",
            "android.permission.RECORD_AUDIO",
            "android.permission.USE_CREDENTIALS",
            "android.permission.VIBRATE",
            "android.permission.WAKE_LOCK",
            "android.permission.WRITE_CONTACTS",
            "android.permission.WRITE_EXTERNAL_STORAGE",
            "com.anddoes.launcher.permission.UPDATE_COUNT",
            "com.google.android.c2dm.permission.RECEIVE",
            "com.google.android.finsky.permission.BIND_GET_INSTALL_REFERRER_SERVICE",
            "com.google.android.gms.permission.ACTIVITY_RECOGNITION",
            "com.google.android.providers.gsf.permission.READ_GSERVICES",
            "com.htc.launcher.permission.READ_SETTINGS",
            "com.htc.launcher.permission.UPDATE_SHORTCUT",
            "com.huawei.android.launcher.permission.CHANGE_BADGE",
            "com.huawei.android.launcher.permission.READ_SETTINGS",
            "com.huawei.android.launcher.permission.WRITE_SETTINGS",
            "com.majeur.launcher.permission.UPDATE_BADGE",
            "com.oppo.launcher.permission.READ_SETTINGS",
            "com.oppo.launcher.permission.WRITE_SETTINGS",
            "com.sec.android.provider.badge.permission.READ",
            "com.sec.android.provider.badge.permission.WRITE",
            "com.sonyericsson.home.permission.BROADCAST_BADGE",
            "com.sonymobile.home.permission.PROVIDER_INSERT_BADGE",
            "me.everything.badger.permission.BADGE_COUNT_READ",
            "me.everything.badger.permission.BADGE_COUNT_WRITE"
        ],
        "activities": [
            "com.elbit.italk.gui.activities.AttachmentPreviewActivity_",
            "com.elbit.italk.gui.activities.BaseActivity_",
            "com.elbit.italk.gui.activities.CameraActivity_",
            "com.elbit.italk.gui.activities.ExitActivity",
            "com.elbit.italk.gui.activities.LoginActivity_",
            "com.elbit.italk.gui.activities.LuncherActivity_",
            "com.elbit.italk.gui.activities.OtpActivity_",
            "com.elbit.italk.gui.activities.PermissionsActivity_",
            "com.elbit.italk.gui.activities.PhoneCodesActivity_",
            "com.elbit.italk.gui.activities.PrivacyPolicyActivity_",
            "com.elbit.italk.gui.activities.SettingsActivity_",
            "com.elbit.italk.gui.activities.SplashActivity_",
            "com.elbit.italk.gui.activities.StartActivity_",
            "com.elbit.italk.gui.activities.TechnicianSettingsActivity_",
            "com.google.android.gms.common.api.GoogleApiActivity",
            "com.google.firebase.auth.internal.FederatedSignInActivity",
            "com.theartofdev.edmodo.cropper.CropImageActivity"
        ],
        "services": [
            "com.elbit.italk.service.iTalkService_",
            "com.google.android.datatransport.runtime.backends.TransportBackendDiscovery",
            "com.google.android.datatransport.runtime.scheduling.jobscheduling.JobInfoSchedulerService",
            "com.google.android.gms.measurement.AppMeasurementJobService",
            "com.google.android.gms.measurement.AppMeasurementService",
            "com.google.firebase.components.ComponentDiscoveryService",
            "com.mapbox.android.telemetry.errors.ErrorReporterJobIntentService",
            "io.nlopez.smartlocation.activity.providers.ActivityGooglePlayServicesProvider$ActivityRecognitionService",
            "io.nlopez.smartlocation.geocoding.providers.AndroidGeocodingProvider$AndroidGeocodingService",
            "io.nlopez.smartlocation.geofencing.providers.GeofencingGooglePlayServicesProvider$GeofencingService"
        ],
        "receivers": [
            "com.elbit.italk.service.receiver.AndroidNotificationReceiver_",
            "com.elbit.italk.service.receiver.BootBroadcastReceiver",
            "com.elbit.italk.service.receiver.LocaleChangeReceiver_",
            "com.google.android.datatransport.runtime.scheduling.jobscheduling.AlarmManagerSchedulerBroadcastReceiver",
            "com.google.android.gms.measurement.AppMeasurementReceiver",
            "com.google.firebase.iid.FirebaseInstanceIdReceiver",
            "com.widebridge.sdk.receivers.ExternalButtonsReceiver_"
        ]
    },
    "stats": {
        "dex_count": 3,
        "native_lib_count": 0
    },
    "jadx": {
        "status": "ok",
        "duration_sec": 74.26,
        "sources_present": true,
        "java_file_count": 10465
    },
    "ast_analysis": {
        "location": 38,
        "microphone": 1,
        "camera": 30,
        "media_projection": 0,
        "dynamic_load": 0,
        "jni": 4
    },
    "analysis_state": "complete"
}