{
    "apk_name": "7EF92586ABDFAE6AF25C6206F31DF576D1361088D8DBB8FECF4B4D2AAD8E60DB",
    "sha256": "7ef92586abdfae6af25c6206f31df576d1361088d8dbb8fecf4b4d2aad8e60db",
    "metadata": {
        "package_name": "com.lemon.lv",
        "version_code": "82016",
        "version_name": "8.2.0",
        "min_sdk": "21",
        "target_sdk": "30",
        "permissions": [
            "android.permission.ACCESS_NETWORK_STATE",
            "android.permission.ACCESS_WIFI_STATE",
            "android.permission.BROADCAST_PACKAGE_ADDED",
            "android.permission.BROADCAST_PACKAGE_CHANGED",
            "android.permission.BROADCAST_PACKAGE_INSTALL",
            "android.permission.BROADCAST_PACKAGE_REPLACED",
            "android.permission.CAMERA",
            "android.permission.FOREGROUND_SERVICE",
            "android.permission.INTERNET",
            "android.permission.MODIFY_AUDIO_SETTINGS",
            "android.permission.QUERY_ALL_PACKAGES",
            "android.permission.READ_APP_BADGE",
            "android.permission.READ_CALENDAR",
            "android.permission.READ_EXTERNAL_STORAGE",
            "android.permission.RECEIVE_BOOT_COMPLETED",
            "android.permission.RECORD_AUDIO",
            "android.permission.REQUEST_INSTALL_PACKAGES",
            "android.permission.SYSTEM_ALERT_WINDOW",
            "android.permission.UPDATE_APP_BADGE",
            "android.permission.VIBRATE",
            "android.permission.WAKE_LOCK",
            "android.permission.WRITE_CALENDAR",
            "android.permission.WRITE_EXTERNAL_STORAGE",
            "com.anddoes.launcher.permission.UPDATE_COUNT",
            "com.android.launcher.permission.INSTALL_SHORTCUT",
            "com.android.launcher.permission.READ_SETTINGS",
            "com.android.launcher.permission.UNINSTALL_SHORTCUT",
            "com.android.launcher.permission.WRITE_SETTINGS",
            "com.asus.msa.SupplementaryDID.ACCESS",
            "com.htc.launcher.permission.READ_SETTINGS",
            "com.htc.launcher.permission.UPDATE_SHORTCUT",
            "com.huawei.android.launcher.permission.CHANGE_BADGE",
            "com.huawei.android.launcher.permission.READ_SETTINGS",
            "com.huawei.android.launcher.permission.WRITE_SETTINGS",
            "com.huawei.appmarket.service.commondata.permission.GET_COMMON_DATA",
            "com.lemon.lv.openadsdk.permission.TT_PANGOLIN",
            "com.lemon.lv.permission.C2D_MESSAGE",
            "com.lemon.lv.permission.MIPUSH_RECEIVE",
            "com.lemon.lv.permission.PROCESS_PUSH_MSG",
            "com.lemon.lv.permission.PUSH_PROVIDER",
            "com.lemon.lv.push.permission.MESSAGE",
            "com.majeur.launcher.permission.UPDATE_BADGE",
            "com.meizu.c2dm.permission.RECEIVE",
            "com.meizu.flyme.push.permission.RECEIVE",
            "com.oppo.launcher.permission.READ_SETTINGS",
            "com.oppo.launcher.permission.WRITE_SETTINGS",
            "com.sec.android.provider.badge.permission.READ",
            "com.sec.android.provider.badge.permission.WRITE",
            "com.sonyericsson.home.permission.BROADCAST_BADGE",
            "com.sonymobile.home.permission.PROVIDER_INSERT_BADGE",
            "com.vivo.notification.permission.BADGE_ICON",
            "me.everything.badger.permission.BADGE_COUNT_READ",
            "me.everything.badger.permission.BADGE_COUNT_WRITE",
            "mediatek.permission.ACCESS_APU_SYS"
        ],
        "activities": [
            "com.alipay.sdk.app.APayEntranceActivity",
            "com.alipay.sdk.app.AlipayResultActivity",
            "com.alipay.sdk.app.H5AuthActivity",
            "com.alipay.sdk.app.H5OpenAuthActivity",
            "com.alipay.sdk.app.H5PayActivity",
            "com.alipay.sdk.app.PayResultActivity",
            "com.android.ttcjpaysdk.integrated.counter.activity.CJPayCounterActivity",
            "com.android.ttcjpaysdk.integrated.counter.activity.CJPayOuterCounterActivity",
            "com.android.ttcjpaysdk.ttcjpayactivity.TTCJPayTransActivity",
            "com.bytedance.crashtrigger.view.TriggerDialog",
            "com.bytedance.heycan.publish.PublishActivity",
            "com.bytedance.heycan.publish.upload.PublishUploadActivity",
            "com.bytedance.heycan.vcselector.CoverSelectActivity",
            "com.bytedance.mira.MiraErrorBackupActivity",
            "com.bytedance.mira.MiraPluginListActivity",
            "com.bytedance.mira.stub.PluginLoaderActivity",
            "com.bytedance.mira.stub.RedirectActivity",
            "com.bytedance.mira.stub.p0.StubSingleInstanceActivity1",
            "com.bytedance.mira.stub.p0.StubSingleInstanceActivity2",
            "com.bytedance.mira.stub.p0.StubSingleInstanceActivity3",
            "com.bytedance.mira.stub.p0.StubSingleInstanceActivity4",
            "com.bytedance.mira.stub.p0.StubSingleInstanceActivity5",
            "com.bytedance.mira.stub.p0.StubSingleTaskActivity1",
            "com.bytedance.mira.stub.p0.StubSingleTaskActivity2",
            "com.bytedance.mira.stub.p0.StubSingleTaskActivity3",
            "com.bytedance.mira.stub.p0.StubSingleTaskActivity4",
            "com.bytedance.mira.stub.p0.StubSingleTaskActivity5",
            "com.bytedance.mira.stub.p0.StubSingleTopActivity1",
            "com.bytedance.mira.stub.p0.StubSingleTopActivity2",
            "com.bytedance.mira.stub.p0.StubSingleTopActivity3",
            "com.bytedance.mira.stub.p0.StubSingleTopActivity4",
            "com.bytedance.mira.stub.p0.StubSingleTopActivity5",
            "com.bytedance.mira.stub.p0.StubStandardActivity1",
            "com.bytedance.mira.stub.p0.StubStandardActivity10",
            "com.bytedance.mira.stub.p0.StubStandardActivity2",
            "com.bytedance.mira.stub.p0.StubStandardActivity3",
            "com.bytedance.mira.stub.p0.StubStandardActivity4",
            "com.bytedance.mira.stub.p0.StubStandardActivity5",
            "com.bytedance.mira.stub.p0.StubStandardActivity6",
            "com.bytedance.mira.stub.p0.StubStandardActivity7",
            "com.bytedance.mira.stub.p0.StubStandardActivity8",
            "com.bytedance.mira.stub.p0.StubStandardActivity9",
            "com.bytedance.mira.stub.p0.StubTranslucentActivity",
            "com.bytedance.mira.stub.p1.StubSingleInstanceActivity1",
            "com.bytedance.mira.stub.p1.StubSingleInstanceActivity2",
            "com.bytedance.mira.stub.p1.StubSingleInstanceActivity3",
            "com.bytedance.mira.stub.p1.StubSingleTaskActivity1",
            "com.bytedance.mira.stub.p1.StubSingleTaskActivity2",
            "com.bytedance.mira.stub.p1.StubSingleTaskActivity3",
            "com.bytedance.mira.stub.p1.StubSingleTopActivity1",
            "com.bytedance.mira.stub.p1.StubSingleTopActivity2",
            "com.bytedance.mira.stub.p1.StubSingleTopActivity3",
            "com.bytedance.mira.stub.p1.StubStandardActivity1",
            "com.bytedance.mira.stub.p1.StubStandardActivity2",
            "com.bytedance.mira.stub.p1.StubStandardActivity3",
            "com.bytedance.mira.stub.p1.StubStandardActivity4",
            "com.bytedance.mira.stub.p1.StubStandardActivity5",
            "com.bytedance.mira.stub.p1.StubTranslucentActivity",
            "com.bytedance.praisedialoglib.ui.PraiseDialogActivity",
            "com.bytedance.push.notification.PassThoughActivity",
            "com.bytedance.push.notification.PushActivity",
            "com.bytedance.sdk.open.douyin.ui.DouYinWebAuthorizeActivity",
            "com.bytedance.sdk.openadsdk.stub.activity.Stub_Activity",
            "com.bytedance.sdk.openadsdk.stub.activity.Stub_SingleTask_Activity",
            "com.bytedance.sdk.openadsdk.stub.activity.Stub_SingleTask_Activity_T",
            "com.bytedance.sdk.openadsdk.stub.activity.Stub_Standard_Activity",
            "com.bytedance.sdk.openadsdk.stub.activity.Stub_Standard_Activity_T",
            "com.bytedance.sdk.openadsdk.stub.activity.Stub_Standard_Landscape_Activity",
            "com.bytedance.sdk.openadsdk.stub.activity.Stub_Standard_Portrait_Activity",
            "com.google.ar.core.InstallActivity",
            "com.huawei.android.pushagent.permission.PermissionsMgrActivity",
            "com.huawei.hms.activity.BridgeActivity",
            "com.huawei.hms.activity.EnableServiceActivity",
            "com.huawei.updatesdk.service.otaupdate.AppUpdateActivity",
            "com.huawei.updatesdk.support.pm.PackageInstallerActivity",
            "com.lemon.account.LoginActivity",
            "com.lemon.faceuassist.FaceuAssistMainActivity",
            "com.lemon.lv.bdopen.BdEntryActivity",
            "com.lemon.lv.wxapi.WXEntryActivity",
            "com.lemon.lv.wxapi.WXPayEntryActivity",
            "com.lm.components.announce.view.AnnounceActivity",
            "com.lm.components.h5pay.TtPayWebViewActivity",
            "com.lm.components.lynx.debug.DebugToolActivity",
            "com.lm.components.lynx.debug.JSONViewerActivity",
            "com.lm.components.permission.PermissionGuideActivity",
            "com.lm.components.permission.PermissionProxyActivity",
            "com.ss.android.ShowDialogActivity",
            "com.ss.android.article.base.feature.app.jsbridge.alipay.AlipayResultActivity",
            "com.ss.android.article.base.feature.app.jsbridge.alipay.base.AlipayEntryActivity",
            "com.ss.android.caijing.cjpay.env.permission.PermissionHandlerActivity",
            "com.ss.android.deviceregister.AActivity",
            "com.ss.android.downloadlib.activity.JumpKllkActivity",
            "com.ss.android.downloadlib.activity.TTDelegateActivity",
            "com.ss.android.downloadlib.addownload.compliance.AppDetailInfoActivity",
            "com.ss.android.downloadlib.addownload.compliance.AppPrivacyPolicyActivity",
            "com.ss.android.message.sswo.SswoActivity",
            "com.ss.android.socialbase.appdownloader.view.DownloadTaskDeleteActivity",
            "com.ss.android.socialbase.appdownloader.view.JumpUnknownSourceActivity",
            "com.tencent.connect.common.AssistActivity",
            "com.tencent.tauth.AuthActivity",
            "com.vega.audio.library.AddAudioActivity",
            "com.vega.audio.library.CheckAudioActivity",
            "com.vega.audio.musicimport.extract.ExtractGalleryMusicActivity",
            "com.vega.business.splash.SplashAdActivity",
            "com.vega.business.view.TestAdActivity",
            "com.vega.business.web.AdBrowserActivity",
            "com.vega.cloud.upload.view.UploadDebugActivity",
            "com.vega.cloud.upload.view.UploadListActivity",
            "com.vega.edit.EditActivity",
            "com.vega.edit.TextToVideoEditActivity",
            "com.vega.edit.TextToVideoRecordActivity",
            "com.vega.edit.TextToVideoReplaceActivity",
            "com.vega.edit.muxer.view.PipSelectActivity",
            "com.vega.edit.video.view.ReplaceVideoSelectActivity",
            "com.vega.edit.video.view.activity.VideoFrameAdjustActivity",
            "com.vega.exort.template.TemplateExportActivity",
            "com.vega.export.edit.view.ExportActivity",
            "com.vega.export.template.view.TemplateExportActivity",
            "com.vega.feedback.FeedbackActivity",
            "com.vega.feedback.FeedbackTagActivity",
            "com.vega.feedback.myfeedback.MyFeedbackActivity",
            "com.vega.feedx.follow.ui.FollowActivity",
            "com.vega.feedx.homepage.UserActivity",
            "com.vega.feedx.homepage.black.BlackListActivity",
            "com.vega.feedx.homepage.bought.BoughtRecordActivity",
            "com.vega.feedx.homepage.order.OrderActivity",
            "com.vega.feedx.information.ui.FeedAvatarActivity",
            "com.vega.feedx.information.ui.FeedAvatarCropActivity",
            "com.vega.feedx.information.ui.FeedUserEditActivity",
            "com.vega.feedx.information.ui.FeedUserEditDescriptionActivity",
            "com.vega.feedx.information.ui.FeedUserEditUniqueIDActivity",
            "com.vega.feedx.information.ui.UserEditLiveFollowActivity",
            "com.vega.feedx.main.ui.preview.MultiFeedPreviewActivity",
            "com.vega.feedx.main.ui.preview.SingleFeedPreviewActivity",
            "com.vega.feedx.main.ui.preview.SingleFeedPreviewBridgeActivity",
            "com.vega.feedx.main.ui.preview.VideoPreviewActivity",
            "com.vega.feedx.main.ui.searchbylink.SearchByLinkActivity",
            "com.vega.feedx.recommend.FeedRecommendActivity",
            "com.vega.feedx.replicate.FeedReplicateActivity",
            "com.vega.feedx.search.ui.SearchActivity",
            "com.vega.gallery.GalleryActivity",
            "com.vega.gallery.activity.MediaSelectActivity",
            "com.vega.gallery.ui.SingleImageGalleryActivity",
            "com.vega.heycan.RecipeEditActivity",
            "com.vega.heycan.RecipePublishActivity",
            "com.vega.heycan.RecipeSelectActivity",
            "com.vega.im.biz.chat.ChatRoomActivity",
            "com.vega.im.biz.chat.group.detail.ChatGroupDetailActivity",
            "com.vega.im.biz.chat.group.detail.ChatGroupNameEditActivity",
            "com.vega.im.biz.chat.group.detail.ChatGroupNoticeEditActivity",
            "com.vega.im.biz.conversation.ConversationListActivity",
            "com.vega.launcher.init.core.NotifyActivity",
            "com.vega.launcher.precondition.DeeplinkActivity",
            "com.vega.libcutsame.activity.CutSameLoadDraftActivity",
            "com.vega.libcutsame.activity.CutSamePreviewActivity",
            "com.vega.libcutsame.activity.CutSameReplaceMediaActivity",
            "com.vega.libcutsame.select.view.CutSameSelectMediaActivity",
            "com.vega.libcutsame.select.view.TemplateScriptSelectMediaActivity",
            "com.vega.libvideoedit.activity.CutSameEditActivity",
            "com.vega.libvideoedit.alive.ExportNotificationDispatchActivity",
            "com.vega.main.FullScreenLynxActivity",
            "com.vega.main.LynxActivity",
            "com.vega.main.MainActivity",
            "com.vega.main.TransLynxActivity",
            "com.vega.main.cloud.group.view.CloudCreateGroupActivity",
            "com.vega.main.cloud.group.view.GroupManagerActivity",
            "com.vega.main.cloud.group.view.GroupMemberListActivity",
            "com.vega.main.cloud.preview.CloudMaterialPreviewActivity",
            "com.vega.main.cloud.view.CloudDraftManagerActivity",
            "com.vega.main.cloud.view.SelectDraftToLoadActivity",
            "com.vega.main.cloud.view.SelectMaterialToUploadActivity",
            "com.vega.main.draft.SelectDraftActivity",
            "com.vega.main.draft.SelectDraftForTopicActivity",
            "com.vega.main.home.SelectPhotoActivity",
            "com.vega.main.tutorial.FunctionTutorialActivity",
            "com.vega.main.wantcut.view.WantCutAndDraftActivity",
            "com.vega.main.xigua.TrainWorkSelectActivity",
            "com.vega.message.ui.MessageActivity",
            "com.vega.message.ui.MessageDetailActivity",
            "com.vega.multicutsame.view.MultiCutSamePreviewActivity",
            "com.vega.nativesettings.BaseNewDeveloperActivity",
            "com.vega.nativesettings.SettingActivity",
            "com.vega.nativesettings.language.AppLanguageChooseActivity",
            "com.vega.openlive.TutorialLivePlayerActivity",
            "com.vega.publish.template.publish.view.ExtractCoverActivity",
            "com.vega.publish.template.publish.view.ManageTutorialMaterialsActivity",
            "com.vega.publish.template.publish.view.PublishSelectActivity",
            "com.vega.publish.template.publish.view.SelectTutorialMaterialsActivity",
            "com.vega.publish.template.publish.view.TemplatePublishActivity",
            "com.vega.publishshare.ChooseCourseActivity",
            "com.vega.publishshare.ChooseTemplateActivity",
            "com.vega.recorder.LVSinglePlayActivity",
            "com.vega.recorder.LvRecordActivity",
            "com.vega.recorder.MainCameraSelectActivity",
            "com.vega.recorder.effect.props.view.GreenScreenMediaActivity",
            "com.vega.recorder.media.player.LocalVideoPlayerActivity",
            "com.vega.recorder.media.player.PreviewPlayActivity",
            "com.vega.recorderprompt.ui.RecorderPromptDraftActivity",
            "com.vega.recorderprompt.ui.RecorderPromptEditActivity",
            "com.vega.recordsame.view.RSTemplateSelectActivity",
            "com.vega.screenrecord.RecordProxyActivity",
            "com.vega.screenrecord.ScreenRecordActivity",
            "com.vega.script.ui.ScriptDetailActivity",
            "com.vega.script.ui.ScriptEditActivity",
            "com.vega.script.ui.ScriptPreviewActivity",
            "com.vega.script.ui.ScriptPublishEditActivity",
            "com.vega.script.ui.ScriptReplaceMediaActivity",
            "com.vega.script.ui.select.ScriptCutDurationActivity",
            "com.vega.script.ui.select.ScriptSelectMediaActivity",
            "com.vega.share.bdopen.BdEntryActivity",
            "com.vega.share.bdopen.ProxyActivity",
            "com.vega.share.xigua.account.XGLoginActivity",
            "com.vega.share.xigua.account.XGRewardProjectLoginActivity",
            "com.vega.share.xigua.activity.WebBridgeActivity",
            "com.vega.share.xigua.activity.XGEntryActivity",
            "com.vega.share.xigua.activity.XGPublishActivity",
            "com.vega.share.xigua.activity.XGPublishDelayLoginActivity",
            "com.vega.share.xigua.mediachooser.XiguaMediaChooseActivity",
            "com.vega.subscribe.SubscribeMainActivity",
            "com.vega.texttovideo.main.ui.EditArticleActivity",
            "com.vega.texttovideo.main.ui.TextToVideoHomeActivity",
            "com.vega.texttovideo.main.ui.UrlToArticleActivity",
            "com.vega.ttv.edit.TextToVideoAddActivity",
            "com.vega.ttv.edit.TextToVideoEditActivity",
            "com.vega.ttv.edit.TextToVideoRecordActivity",
            "com.vega.ttv.edit.TextToVideoReplaceActivity",
            "com.vega.web.PreviewPhotoActivity",
            "com.vega.web.ResearchActivity",
            "com.vega.web.WebActivity",
            "com.vivo.push.sdk.LinkProxyClientActivity",
            "com.xiaomi.mipush.sdk.NotificationClickedActivity"
        ],
        "services": [
            "androidx.room.MultiInstanceInvalidationService",
            "com.bytedance.common.process.service.CrossProcessServiceForMain",
            "com.bytedance.common.process.service.CrossProcessServiceForPush",
            "com.bytedance.common.process.service.CrossProcessServiceForPushService",
            "com.bytedance.common.process.service.CrossProcessServiceForSmp",
            "com.bytedance.common.wschannel.client.WsClientService",
            "com.bytedance.common.wschannel.server.WsChannelService",
            "com.bytedance.crashtrigger.factory.crash.anr.ANRService",
            "com.bytedance.heycan.publish.upload.task.PublishService",
            "com.bytedance.ies.xelement.defaultimpl.player.impl.plugin.mediasession.session.MediaSessionService",
            "com.bytedance.mira.am.KeepAlive",
            "com.bytedance.mira.am.KeepAlive$InnerService",
            "com.bytedance.mira.stub.RedirectService",
            "com.bytedance.mira.stub.p0.StubService1",
            "com.bytedance.mira.stub.p0.StubService2",
            "com.bytedance.mira.stub.p0.StubService3",
            "com.bytedance.mira.stub.p0.StubService4",
            "com.bytedance.mira.stub.p1.StubService1",
            "com.bytedance.mira.stub.p1.StubService2",
            "com.bytedance.push.alive.ForegroundService",
            "com.heytap.msp.push.service.CompatibleDataMessageCallbackService",
            "com.heytap.msp.push.service.DataMessageCallbackService",
            "com.huawei.MessageService",
            "com.huawei.agconnect.core.ServiceDiscovery",
            "com.huawei.hms.support.api.push.service.HmsMsgService",
            "com.lm.components.push.internal.MessageHandler",
            "com.meizu.cloud.pushsdk.NotificationService",
            "com.ss.android.message.NotifyIntentService",
            "com.ss.android.message.NotifyService",
            "com.ss.android.message.PushJobService",
            "com.ss.android.message.log.LogService",
            "com.ss.android.newmedia.redbadge.RedBadgePushProcessService",
            "com.ss.android.newmedia.redbadge.RedbadgeHandler",
            "com.ss.android.push.DefaultService",
            "com.ss.android.push.daemon.PushProcessService",
            "com.ss.android.push.daemon.PushService",
            "com.ss.android.socialbase.appdownloader.DownloadHandlerService",
            "com.ss.android.socialbase.appdownloader.RetryJobSchedulerService",
            "com.ss.android.socialbase.downloader.downloader.DownloadService",
            "com.ss.android.socialbase.downloader.downloader.IndependentProcessDownloadService",
            "com.ss.android.socialbase.downloader.downloader.SqlDownloadCacheService",
            "com.ss.android.socialbase.downloader.impls.DownloadHandleService",
            "com.ss.android.socialbase.downloader.notification.DownloadNotificationService",
            "com.taobao.accs.ChannelService",
            "com.taobao.accs.ChannelService$KernelService",
            "com.taobao.accs.data.MsgDistributeService",
            "com.taobao.accs.internal.AccsJobService",
            "com.umeng.UmengMessageHandler",
            "com.umeng.message.UmengDownloadResourceService",
            "com.umeng.message.UmengIntentService",
            "com.umeng.message.UmengMessageCallbackHandlerService",
            "com.umeng.message.UmengMessageIntentReceiverService",
            "com.umeng.message.XiaomiIntentService",
            "com.vega.alive.service.KeepAliveService",
            "com.vega.libvideoedit.service.LogicDispatchService",
            "com.vega.screenrecord.ScreenRecordService",
            "com.vivo.push.sdk.service.CommandClientService",
            "com.xiaomi.mipush.sdk.MessageHandleService",
            "com.xiaomi.mipush.sdk.PushMessageHandler",
            "com.xiaomi.push.service.XMJobService",
            "com.xiaomi.push.service.XMPushService",
            "org.android.agoo.accs.AgooService"
        ],
        "receivers": [
            "com.bytedance.crashtrigger.factory.crash.anr.ANRBroader",
            "com.bytedance.ies.xelement.defaultimpl.player.impl.plugin.mediasession.MediaSessionReceiver",
            "com.bytedance.push.notification.NotificationDeleteBroadcastReceiver",
            "com.huawei.hms.support.api.push.PushMsgReceiver",
            "com.huawei.hms.support.api.push.PushReceiver",
            "com.meizu.cloud.pushsdk.SystemReceiver",
            "com.meizu.message.MzMessageReceiver",
            "com.ss.android.downloadlib.core.download.DownloadReceiver",
            "com.ss.android.message.MessageReceiver",
            "com.ss.android.message.sswo.SswoReceiver",
            "com.ss.android.push.DefaultReceiver",
            "com.ss.android.push.daemon.PushReceiver",
            "com.taobao.accs.EventReceiver",
            "com.taobao.accs.ServiceReceiver",
            "com.taobao.agoo.AgooCommondReceiver",
            "com.umeng.message.NotificationProxyBroadcastReceiver",
            "com.vivo.VivoPushMessageReceiver",
            "com.xiaomi.push.service.receivers.MIPushMessageHandler",
            "com.xiaomi.push.service.receivers.NetworkStatusReceiver",
            "com.xiaomi.push.service.receivers.PingReceiver"
        ]
    },
    "stats": {
        "dex_count": 8,
        "native_lib_count": 86
    },
    "jadx": {
        "status": "ok",
        "duration_sec": 145.22,
        "sources_present": true,
        "java_file_count": 30540
    },
    "ast_analysis": {
        "location": 0,
        "microphone": 7,
        "camera": 357,
        "media_projection": 2,
        "dynamic_load": 0,
        "jni": 217
    },
    "analysis_state": "complete"
}