{
    "apk_name": "0F0CA54DD42298DFDA7F0AF611948FD9CD44B2373DBAEAF4946E770782ADCB55",
    "sha256": "0f0ca54dd42298dfda7f0af611948fd9cd44b2373dbaeaf4946e770782adcb55",
    "metadata": {
        "package_name": "in.mfile",
        "version_code": "200230",
        "version_name": "1.12.4",
        "min_sdk": "23",
        "target_sdk": "32",
        "permissions": [
            "android.permission.ACCESS_NETWORK_STATE",
            "android.permission.FOREGROUND_SERVICE",
            "android.permission.INTERNET",
            "android.permission.MANAGE_EXTERNAL_STORAGE",
            "android.permission.QUERY_ALL_PACKAGES",
            "android.permission.READ_EXTERNAL_STORAGE",
            "android.permission.REQUEST_DELETE_PACKAGES",
            "android.permission.REQUEST_INSTALL_PACKAGES",
            "android.permission.VIBRATE",
            "android.permission.WAKE_LOCK",
            "android.permission.WRITE_EXTERNAL_STORAGE",
            "org.chromium.arc.file_system.permission.CHROME_STORAGE"
        ],
        "activities": [
            "com.nmmedit.aterm.ATermActivity",
            "com.nmmedit.aterm.ATermIntentHandler",
            "com.nmmedit.aterm.ATermSettingsActivity",
            "com.nmmedit.aterm.CustomExtraKeysActivity",
            "com.nmmedit.files.ui.FileManagerActivity",
            "com.nmmedit.files.ui.FileManagerSettingsActivity",
            "com.nmmedit.hexedit.HexEditActivity",
            "com.nmmedit.nmm.CustomFunctionActivity",
            "com.nmmedit.nmm.TextEditorActivity",
            "com.nmmedit.nmm.TextEditorSettingsActivity",
            "com.nmmedit.nmm.diff.DiffTextActivity",
            "com.nmmedit.plugin.ftp.FtpServerConfigActivity",
            "com.nmmedit.plugin.httpd.HttpServerConfigActivity",
            "com.nmmedit.plugin.imageviewer.ImageViewerActivity"
        ],
        "services": [
            "androidx.room.MultiInstanceInvalidationService",
            "com.google.android.datatransport.runtime.backends.TransportBackendDiscovery",
            "com.google.android.datatransport.runtime.scheduling.jobscheduling.JobInfoSchedulerService",
            "com.google.firebase.components.ComponentDiscoveryService",
            "com.nmmedit.aterm.ATermService",
            "com.nmmedit.files.operations.OperationService",
            "com.nmmedit.plugin.ftp.FtpService",
            "com.nmmedit.plugin.httpd.NanoHttpdService"
        ],
        "receivers": [
            "com.google.android.datatransport.runtime.scheduling.jobscheduling.AlarmManagerSchedulerBroadcastReceiver",
            "com.nmmedit.files.ui.AppChangesReceiver"
        ],
        "permission_details": {
            "android.permission.ACCESS_NETWORK_STATE": "normal",
            "android.permission.FOREGROUND_SERVICE": "normal",
            "android.permission.INTERNET": "normal",
            "android.permission.MANAGE_EXTERNAL_STORAGE": "signature",
            "android.permission.QUERY_ALL_PACKAGES": "normal",
            "android.permission.READ_EXTERNAL_STORAGE": "dangerous",
            "android.permission.REQUEST_DELETE_PACKAGES": "normal",
            "android.permission.REQUEST_INSTALL_PACKAGES": "signature",
            "android.permission.VIBRATE": "normal",
            "android.permission.WAKE_LOCK": "normal",
            "android.permission.WRITE_EXTERNAL_STORAGE": "dangerous",
            "org.chromium.arc.file_system.permission.CHROME_STORAGE": "unknown"
        },
        "risk_counts": {
            "normal": 7,
            "signature": 2,
            "dangerous": 2,
            "unknown": 1
        }
    },
    "stats": {
        "dex_count": 1,
        "native_lib_count": 16
    },
    "jadx": {
        "status": "ok",
        "duration_sec": 18.2,
        "sources_present": true,
        "java_file_count": 3517
    },
    "ast_analysis": {
        "location": 0,
        "microphone": 0,
        "camera": 28,
        "media_projection": 0,
        "dynamic_load": 0,
        "jni": 14
    },
    "analysis_state": "complete"
}