{
    "apk_name": "FB35EF3FD16DA23A45C7673DCE3CCED8056D72BFC692A56596035219CCD92E4E",
    "sha256": "fb35ef3fd16da23a45c7673dce3cced8056d72bfc692a56596035219ccd92e4e",
    "metadata": {
        "package_name": "de.grozbeckert.kv365",
        "version_code": "10",
        "version_name": "1.08",
        "min_sdk": "23",
        "target_sdk": "33",
        "permissions": [
            "android.hardware.camera",
            "android.hardware.camera.autofocus",
            "android.permission.ACCESS_COARSE_LOCATION",
            "android.permission.ACCESS_COARSE_UPDATES",
            "android.permission.ACCESS_NETWORK_STATE",
            "android.permission.ACCESS_WIFI_STATE",
            "android.permission.BIND_WALLPAPER",
            "android.permission.CALL_PHONE",
            "android.permission.CAMERA",
            "android.permission.CHANGE_NETWORK_STATE",
            "android.permission.FLASHLIGHT",
            "android.permission.FOREGROUND_SERVICE",
            "android.permission.INTERNET",
            "android.permission.NFC",
            "android.permission.POST_NOTIFICATIONS",
            "android.permission.READ_APP_BADGE",
            "android.permission.READ_EXTERNAL_STORAGE",
            "android.permission.READ_MEDIA_IMAGES",
            "android.permission.READ_PHONE_STATE",
            "android.permission.RECEIVE_BOOT_COMPLETED",
            "android.permission.SCHEDULE_EXACT_ALARM",
            "android.permission.SET_WALLPAPER",
            "android.permission.USE_BIOMETRIC",
            "android.permission.USE_FINGERPRINT",
            "android.permission.VIBRATE",
            "android.permission.WAKE_LOCK",
            "android.permission.WRITE_EXTERNAL_STORAGE",
            "com.anddoes.launcher.permission.UPDATE_COUNT",
            "com.google.android.c2dm.permission.RECEIVE",
            "com.google.android.finsky.permission.BIND_GET_INSTALL_REFERRER_SERVICE",
            "com.htc.launcher.permission.READ_SETTINGS",
            "com.htc.launcher.permission.UPDATE_SHORTCUT",
            "com.huawei.android.launcher.permission.CHANGE_BADGE",
            "com.huawei.android.launcher.permission.READ_SETTINGS",
            "com.huawei.android.launcher.permission.WRITE_SETTINGS",
            "com.huawei.launcher2.permission.READ_SETTINGS",
            "com.huawei.launcher3.permission.READ_SETTINGS",
            "com.huawei.launcher3.permission.WRITE_SETTINGS",
            "com.majeur.launcher.permission.UPDATE_BADGE",
            "com.oppo.launcher.permission.READ_SETTINGS",
            "com.oppo.launcher.permission.WRITE_SETTINGS",
            "com.sec.android.provider.badge.permission.READ",
            "com.sec.android.provider.badge.permission.WRITE",
            "com.sonyericsson.home.permission.BROADCAST_BADGE",
            "com.sonymobile.home.permission.PROVIDER_INSERT_BADGE",
            "de.grozbeckert.kv365.DYNAMIC_RECEIVER_NOT_EXPORTED_PERMISSION",
            "de.grozbeckert.kv365.permission.C2D_MESSAGE",
            "me.everything.badger.permission.BADGE_COUNT_READ",
            "me.everything.badger.permission.BADGE_COUNT_WRITE"
        ],
        "activities": [
            "com.google.android.gms.common.api.GoogleApiActivity",
            "com.jwetherell.quick_response_code.CaptureActivity",
            "de.grozbeckert.kv365.address",
            "de.grozbeckert.kv365.allconversations",
            "de.grozbeckert.kv365.aservice",
            "de.grozbeckert.kv365.aubelegupload",
            "de.grozbeckert.kv365.aucam",
            "de.grozbeckert.kv365.auchildsick",
            "de.grozbeckert.kv365.aupruefung",
            "de.grozbeckert.kv365.bankaccountoverview",
            "de.grozbeckert.kv365.bankaccounts",
            "de.grozbeckert.kv365.barmenia",
            "de.grozbeckert.kv365.bkkanmeldung",
            "de.grozbeckert.kv365.bonusbook",
            "de.grozbeckert.kv365.bonusbookbertelsmann",
            "de.grozbeckert.kv365.bonusmain",
            "de.grozbeckert.kv365.bonusmaintui",
            "de.grozbeckert.kv365.changename",
            "de.grozbeckert.kv365.chatbot",
            "de.grozbeckert.kv365.clientadvisor",
            "de.grozbeckert.kv365.closeappinfo",
            "de.grozbeckert.kv365.contact",
            "de.grozbeckert.kv365.contactsettings",
            "de.grozbeckert.kv365.contactsurvey",
            "de.grozbeckert.kv365.customersurvey",
            "de.grozbeckert.kv365.dashboard",
            "de.grozbeckert.kv365.eau",
            "de.grozbeckert.kv365.editimage",
            "de.grozbeckert.kv365.egk",
            "de.grozbeckert.kv365.egkfotoupload",
            "de.grozbeckert.kv365.egkpin",
            "de.grozbeckert.kv365.egkrequest",
            "de.grozbeckert.kv365.egktreatmentcertificate",
            "de.grozbeckert.kv365.eid",
            "de.grozbeckert.kv365.epaident",
            "de.grozbeckert.kv365.externlink",
            "de.grozbeckert.kv365.family",
            "de.grozbeckert.kv365.faq",
            "de.grozbeckert.kv365.foreignhealthcertificate",
            "de.grozbeckert.kv365.formmanager",
            "de.grozbeckert.kv365.formsandpayment",
            "de.grozbeckert.kv365.healthcalendar",
            "de.grozbeckert.kv365.htmlinfo",
            "de.grozbeckert.kv365.internalsearch",
            "de.grozbeckert.kv365.itan",
            "de.grozbeckert.kv365.jsonmenulist",
            "de.grozbeckert.kv365.login",
            "de.grozbeckert.kv365.main",
            "de.grozbeckert.kv365.membershipcertificate",
            "de.grozbeckert.kv365.messages",
            "de.grozbeckert.kv365.messagethemegroup",
            "de.grozbeckert.kv365.mydata",
            "de.grozbeckert.kv365.mytakepicture",
            "de.grozbeckert.kv365.newbankaccount",
            "de.grozbeckert.kv365.newbonus",
            "de.grozbeckert.kv365.newdevice",
            "de.grozbeckert.kv365.newprogram",
            "de.grozbeckert.kv365.newprogrambertelsmann",
            "de.grozbeckert.kv365.newprogramtui",
            "de.grozbeckert.kv365.newregister",
            "de.grozbeckert.kv365.news",
            "de.grozbeckert.kv365.newthemestart",
            "de.grozbeckert.kv365.offices",
            "de.grozbeckert.kv365.passback",
            "de.grozbeckert.kv365.passwordforgot",
            "de.grozbeckert.kv365.patientreceipt",
            "de.grozbeckert.kv365.payment",
            "de.grozbeckert.kv365.process",
            "de.grozbeckert.kv365.programs",
            "de.grozbeckert.kv365.programsbertelsmann",
            "de.grozbeckert.kv365.refreshpass",
            "de.grozbeckert.kv365.returncall",
            "de.grozbeckert.kv365.scanner",
            "de.grozbeckert.kv365.settings",
            "de.grozbeckert.kv365.sickpaycert",
            "de.grozbeckert.kv365.student",
            "de.grozbeckert.kv365.studentadvertises",
            "de.grozbeckert.kv365.studentfaq",
            "de.grozbeckert.kv365.studentimmatrikulation",
            "de.grozbeckert.kv365.studentsignin",
            "de.grozbeckert.kv365.tanentry",
            "de.grozbeckert.kv365.transition",
            "de.grozbeckert.kv365.vaccination",
            "de.grozbeckert.kv365.vaccinationbook",
            "de.grozbeckert.kv365.vaccinationcalendar",
            "de.grozbeckert.kv365.vaccinationoverlay",
            "ice.zxing.CaptureActivity"
        ],
        "services": [
            "anywheresoftware.b4a.objects.FirebaseNotificationsService",
            "com.google.android.gms.measurement.AppMeasurementJobService",
            "com.google.android.gms.measurement.AppMeasurementService",
            "com.google.firebase.components.ComponentDiscoveryService",
            "com.google.firebase.iid.FirebaseInstanceIdService",
            "com.google.firebase.messaging.FirebaseMessagingService",
            "de.grozbeckert.kv365.httputils2service",
            "de.grozbeckert.kv365.serviceadresschange",
            "de.grozbeckert.kv365.serviceappcode",
            "de.grozbeckert.kv365.serviceattachment",
            "de.grozbeckert.kv365.serviceaubelegupload",
            "de.grozbeckert.kv365.serviceausweisident",
            "de.grozbeckert.kv365.servicebankaccount",
            "de.grozbeckert.kv365.servicebarmenia",
            "de.grozbeckert.kv365.servicebkkanmeldung",
            "de.grozbeckert.kv365.servicebonuscancel",
            "de.grozbeckert.kv365.servicebonusupload",
            "de.grozbeckert.kv365.servicecall",
            "de.grozbeckert.kv365.servicechangename",
            "de.grozbeckert.kv365.servicechatbot",
            "de.grozbeckert.kv365.servicechecktan",
            "de.grozbeckert.kv365.servicechildauupload",
            "de.grozbeckert.kv365.serviceconnectionstate",
            "de.grozbeckert.kv365.servicecontact",
            "de.grozbeckert.kv365.servicecustomersurvey",
            "de.grozbeckert.kv365.servicedatadownload",
            "de.grozbeckert.kv365.servicedataupdate",
            "de.grozbeckert.kv365.servicedeletebankaccounts",
            "de.grozbeckert.kv365.servicedsgvocert",
            "de.grozbeckert.kv365.serviceegkfotoupload",
            "de.grozbeckert.kv365.serviceegkrequest",
            "de.grozbeckert.kv365.serviceegktreatment",
            "de.grozbeckert.kv365.serviceeid",
            "de.grozbeckert.kv365.serviceepaident",
            "de.grozbeckert.kv365.serviceforeignhealthcertificate",
            "de.grozbeckert.kv365.serviceformmanagerdoc",
            "de.grozbeckert.kv365.servicegetegkpinoffices",
            "de.grozbeckert.kv365.servicegetsingelprocess",
            "de.grozbeckert.kv365.servicegettan",
            "de.grozbeckert.kv365.servicehealthcalendar",
            "de.grozbeckert.kv365.serviceinternalsearch",
            "de.grozbeckert.kv365.servicelogerror",
            "de.grozbeckert.kv365.servicelogin",
            "de.grozbeckert.kv365.servicemembershipcertificate",
            "de.grozbeckert.kv365.servicemobileregister",
            "de.grozbeckert.kv365.servicepassback",
            "de.grozbeckert.kv365.servicepasswordconfig",
            "de.grozbeckert.kv365.servicepasswordforgot",
            "de.grozbeckert.kv365.servicepatientreceipt",
            "de.grozbeckert.kv365.servicepayment",
            "de.grozbeckert.kv365.serviceprocess",
            "de.grozbeckert.kv365.serviceprocessback",
            "de.grozbeckert.kv365.servicepublicnews",
            "de.grozbeckert.kv365.servicerefreshpass",
            "de.grozbeckert.kv365.serviceregister",
            "de.grozbeckert.kv365.serviceregtan",
            "de.grozbeckert.kv365.servicesearch",
            "de.grozbeckert.kv365.servicesendegkpinappointment",
            "de.grozbeckert.kv365.servicesendmessage",
            "de.grozbeckert.kv365.servicesetitan",
            "de.grozbeckert.kv365.servicesetloginnews",
            "de.grozbeckert.kv365.servicesickpaycert",
            "de.grozbeckert.kv365.servicestudentadvertises",
            "de.grozbeckert.kv365.servicestudentimmatrikulation",
            "de.grozbeckert.kv365.servicestudentsignin",
            "de.grozbeckert.kv365.servicetan",
            "de.grozbeckert.kv365.servicetoken",
            "de.grozbeckert.kv365.servicetransmitdata",
            "de.grozbeckert.kv365.serviceupdatemessagestatus",
            "de.grozbeckert.kv365.serviceusersettings",
            "de.grozbeckert.kv365.servicevaccination",
            "de.grozbeckert.kv365.servicevaccinationbook",
            "de.grozbeckert.kv365.starter"
        ],
        "receivers": [
            "com.google.android.gms.measurement.AppMeasurementReceiver",
            "com.google.firebase.iid.FirebaseInstanceIdInternalReceiver",
            "com.google.firebase.iid.FirebaseInstanceIdReceiver",
            "de.grozbeckert.kv365.firebasemessaging",
            "de.grozbeckert.kv365.httputils2service$httputils2service_BR",
            "de.grozbeckert.kv365.serviceadresschange$serviceadresschange_BR",
            "de.grozbeckert.kv365.serviceappcode$serviceappcode_BR",
            "de.grozbeckert.kv365.serviceattachment$serviceattachment_BR",
            "de.grozbeckert.kv365.serviceaubelegupload$serviceaubelegupload_BR",
            "de.grozbeckert.kv365.serviceausweisident$serviceausweisident_BR",
            "de.grozbeckert.kv365.servicebankaccount$servicebankaccount_BR",
            "de.grozbeckert.kv365.servicebarmenia$servicebarmenia_BR",
            "de.grozbeckert.kv365.servicebkkanmeldung$servicebkkanmeldung_BR",
            "de.grozbeckert.kv365.servicebonuscancel$servicebonuscancel_BR",
            "de.grozbeckert.kv365.servicebonusupload$servicebonusupload_BR",
            "de.grozbeckert.kv365.servicecall$servicecall_BR",
            "de.grozbeckert.kv365.servicechangename$servicechangename_BR",
            "de.grozbeckert.kv365.servicechatbot$servicechatbot_BR",
            "de.grozbeckert.kv365.servicechecktan$servicechecktan_BR",
            "de.grozbeckert.kv365.servicechildauupload$servicechildauupload_BR",
            "de.grozbeckert.kv365.serviceconnectionstate$serviceconnectionstate_BR",
            "de.grozbeckert.kv365.servicecontact$servicecontact_BR",
            "de.grozbeckert.kv365.servicecustomersurvey$servicecustomersurvey_BR",
            "de.grozbeckert.kv365.servicedatadownload$servicedatadownload_BR",
            "de.grozbeckert.kv365.servicedataupdate$servicedataupdate_BR",
            "de.grozbeckert.kv365.servicedeletebankaccounts$servicedeletebankaccounts_BR",
            "de.grozbeckert.kv365.servicedsgvocert$servicedsgvocert_BR",
            "de.grozbeckert.kv365.serviceegkfotoupload$serviceegkfotoupload_BR",
            "de.grozbeckert.kv365.serviceegkrequest$serviceegkrequest_BR",
            "de.grozbeckert.kv365.serviceegktreatment$serviceegktreatment_BR",
            "de.grozbeckert.kv365.serviceeid$serviceeid_BR",
            "de.grozbeckert.kv365.serviceepaident$serviceepaident_BR",
            "de.grozbeckert.kv365.serviceforeignhealthcertificate$serviceforeignhealthcertificate_BR",
            "de.grozbeckert.kv365.serviceformmanagerdoc$serviceformmanagerdoc_BR",
            "de.grozbeckert.kv365.servicegetegkpinoffices$servicegetegkpinoffices_BR",
            "de.grozbeckert.kv365.servicegetsingelprocess$servicegetsingelprocess_BR",
            "de.grozbeckert.kv365.servicegettan$servicegettan_BR",
            "de.grozbeckert.kv365.servicehealthcalendar$servicehealthcalendar_BR",
            "de.grozbeckert.kv365.serviceinternalsearch$serviceinternalsearch_BR",
            "de.grozbeckert.kv365.servicelogerror$servicelogerror_BR",
            "de.grozbeckert.kv365.servicelogin$servicelogin_BR",
            "de.grozbeckert.kv365.servicemembershipcertificate$servicemembershipcertificate_BR",
            "de.grozbeckert.kv365.servicemobileregister$servicemobileregister_BR",
            "de.grozbeckert.kv365.servicepassback$servicepassback_BR",
            "de.grozbeckert.kv365.servicepasswordconfig$servicepasswordconfig_BR",
            "de.grozbeckert.kv365.servicepasswordforgot$servicepasswordforgot_BR",
            "de.grozbeckert.kv365.servicepatientreceipt$servicepatientreceipt_BR",
            "de.grozbeckert.kv365.servicepayment$servicepayment_BR",
            "de.grozbeckert.kv365.serviceprocess$serviceprocess_BR",
            "de.grozbeckert.kv365.serviceprocessback$serviceprocessback_BR",
            "de.grozbeckert.kv365.servicepublicnews$servicepublicnews_BR",
            "de.grozbeckert.kv365.servicerefreshpass$servicerefreshpass_BR",
            "de.grozbeckert.kv365.serviceregister$serviceregister_BR",
            "de.grozbeckert.kv365.serviceregtan$serviceregtan_BR",
            "de.grozbeckert.kv365.servicesearch$servicesearch_BR",
            "de.grozbeckert.kv365.servicesendegkpinappointment$servicesendegkpinappointment_BR",
            "de.grozbeckert.kv365.servicesendmessage$servicesendmessage_BR",
            "de.grozbeckert.kv365.servicesetitan$servicesetitan_BR",
            "de.grozbeckert.kv365.servicesetloginnews$servicesetloginnews_BR",
            "de.grozbeckert.kv365.servicesickpaycert$servicesickpaycert_BR",
            "de.grozbeckert.kv365.servicestudentadvertises$servicestudentadvertises_BR",
            "de.grozbeckert.kv365.servicestudentimmatrikulation$servicestudentimmatrikulation_BR",
            "de.grozbeckert.kv365.servicestudentsignin$servicestudentsignin_BR",
            "de.grozbeckert.kv365.servicetan$servicetan_BR",
            "de.grozbeckert.kv365.servicetoken$servicetoken_BR",
            "de.grozbeckert.kv365.servicetransmitdata$servicetransmitdata_BR",
            "de.grozbeckert.kv365.serviceupdatemessagestatus$serviceupdatemessagestatus_BR",
            "de.grozbeckert.kv365.serviceusersettings$serviceusersettings_BR",
            "de.grozbeckert.kv365.servicevaccination$servicevaccination_BR",
            "de.grozbeckert.kv365.servicevaccinationbook$servicevaccinationbook_BR",
            "de.grozbeckert.kv365.starter$starter_BR"
        ],
        "permission_details": {
            "android.hardware.camera": "unknown",
            "android.hardware.camera.autofocus": "unknown",
            "android.permission.ACCESS_COARSE_LOCATION": "dangerous",
            "android.permission.ACCESS_COARSE_UPDATES": "unknown",
            "android.permission.ACCESS_NETWORK_STATE": "normal",
            "android.permission.ACCESS_WIFI_STATE": "normal",
            "android.permission.BIND_WALLPAPER": "signature",
            "android.permission.CALL_PHONE": "dangerous",
            "android.permission.CAMERA": "dangerous",
            "android.permission.CHANGE_NETWORK_STATE": "normal",
            "android.permission.FLASHLIGHT": "unknown",
            "android.permission.FOREGROUND_SERVICE": "normal",
            "android.permission.INTERNET": "normal",
            "android.permission.NFC": "normal",
            "android.permission.POST_NOTIFICATIONS": "dangerous",
            "android.permission.READ_APP_BADGE": "unknown",
            "android.permission.READ_EXTERNAL_STORAGE": "dangerous",
            "android.permission.READ_MEDIA_IMAGES": "dangerous",
            "android.permission.READ_PHONE_STATE": "dangerous",
            "android.permission.RECEIVE_BOOT_COMPLETED": "normal",
            "android.permission.SCHEDULE_EXACT_ALARM": "signature",
            "android.permission.SET_WALLPAPER": "normal",
            "android.permission.USE_BIOMETRIC": "normal",
            "android.permission.USE_FINGERPRINT": "normal",
            "android.permission.VIBRATE": "normal",
            "android.permission.WAKE_LOCK": "normal",
            "android.permission.WRITE_EXTERNAL_STORAGE": "dangerous",
            "com.anddoes.launcher.permission.UPDATE_COUNT": "unknown",
            "com.google.android.c2dm.permission.RECEIVE": "unknown",
            "com.google.android.finsky.permission.BIND_GET_INSTALL_REFERRER_SERVICE": "unknown",
            "com.htc.launcher.permission.READ_SETTINGS": "unknown",
            "com.htc.launcher.permission.UPDATE_SHORTCUT": "unknown",
            "com.huawei.android.launcher.permission.CHANGE_BADGE": "unknown",
            "com.huawei.android.launcher.permission.READ_SETTINGS": "unknown",
            "com.huawei.android.launcher.permission.WRITE_SETTINGS": "signature",
            "com.huawei.launcher2.permission.READ_SETTINGS": "unknown",
            "com.huawei.launcher3.permission.READ_SETTINGS": "unknown",
            "com.huawei.launcher3.permission.WRITE_SETTINGS": "signature",
            "com.majeur.launcher.permission.UPDATE_BADGE": "unknown",
            "com.oppo.launcher.permission.READ_SETTINGS": "unknown",
            "com.oppo.launcher.permission.WRITE_SETTINGS": "signature",
            "com.sec.android.provider.badge.permission.READ": "unknown",
            "com.sec.android.provider.badge.permission.WRITE": "unknown",
            "com.sonyericsson.home.permission.BROADCAST_BADGE": "unknown",
            "com.sonymobile.home.permission.PROVIDER_INSERT_BADGE": "unknown",
            "de.grozbeckert.kv365.DYNAMIC_RECEIVER_NOT_EXPORTED_PERMISSION": "unknown",
            "de.grozbeckert.kv365.permission.C2D_MESSAGE": "unknown",
            "me.everything.badger.permission.BADGE_COUNT_READ": "unknown",
            "me.everything.badger.permission.BADGE_COUNT_WRITE": "unknown"
        },
        "risk_counts": {
            "unknown": 24,
            "dangerous": 8,
            "normal": 12,
            "signature": 5
        }
    },
    "stats": {
        "dex_count": 7,
        "native_lib_count": 45
    },
    "jadx": {
        "status": "ok",
        "duration_sec": 46.45,
        "sources_present": true,
        "java_file_count": 6624
    },
    "ast_analysis": {
        "location": 8,
        "microphone": 0,
        "camera": 58,
        "media_projection": 0,
        "dynamic_load": 0,
        "jni": 82
    },
    "analysis_state": "complete"
}