{
    "apk_name": "E05CFA5B6F48F8F6921135E71C5AF9305A9C10D0709F853C50A1DD573D1A19E2",
    "sha256": "e05cfa5b6f48f8f6921135e71c5af9305a9c10d0709f853c50a1dd573d1a19e2",
    "metadata": {
        "package_name": "com.bushnell.ballistics.ab",
        "version_code": "260",
        "version_name": "260.0.0",
        "min_sdk": "29",
        "target_sdk": "34",
        "permissions": [
            "android.permission.ACCESS_COARSE_LOCATION",
            "android.permission.ACCESS_FINE_LOCATION",
            "android.permission.ACCESS_NETWORK_STATE",
            "android.permission.ACCESS_WIFI_STATE",
            "android.permission.BLUETOOTH",
            "android.permission.BLUETOOTH_ADMIN",
            "android.permission.BLUETOOTH_CONNECT",
            "android.permission.BLUETOOTH_SCAN",
            "android.permission.FOREGROUND_SERVICE",
            "android.permission.INTERNET",
            "android.permission.READ_EXTERNAL_STORAGE",
            "android.permission.READ_PHONE_STATE",
            "android.permission.RECEIVE_BOOT_COMPLETED",
            "android.permission.WAKE_LOCK",
            "android.permission.WRITE_EXTERNAL_STORAGE",
            "com.android.vending.BILLING",
            "com.bushnell.ballistics.ab.DYNAMIC_RECEIVER_NOT_EXPORTED_PERMISSION",
            "com.google.android.c2dm.permission.RECEIVE"
        ],
        "activities": [
            "com.android.billingclient.api.ProxyBillingActivity",
            "com.bushnell.ballistics.ab.AmmoSelectBullet",
            "com.bushnell.ballistics.ab.AmmoSelectCaliber",
            "com.bushnell.ballistics.ab.AmmoSelectManufacturer",
            "com.bushnell.ballistics.ab.Calibration",
            "com.bushnell.ballistics.ab.DeviceActivity",
            "com.bushnell.ballistics.ab.Environment",
            "com.bushnell.ballistics.ab.GunAndBullet",
            "com.bushnell.ballistics.ab.Main",
            "com.bushnell.ballistics.ab.PairingComplete",
            "com.bushnell.ballistics.ab.ProfilesActivity",
            "com.bushnell.ballistics.ab.RangeCardSettings",
            "com.bushnell.ballistics.ab.ScopeFamilySelection",
            "com.bushnell.ballistics.ab.ScopeSelection",
            "com.bushnell.ballistics.ab.Settings",
            "com.bushnell.ballistics.ab.SplashScreen",
            "com.bushnell.ballistics.ab.WindSelection",
            "com.bushnell.ballistics.ab.YmodemActivity",
            "com.facebook.CustomTabActivity",
            "com.facebook.FacebookActivity",
            "com.firebase.ui.auth.KickoffActivity",
            "com.firebase.ui.auth.ui.credentials.CredentialSaveActivity",
            "com.firebase.ui.auth.ui.email.EmailActivity",
            "com.firebase.ui.auth.ui.email.EmailLinkCatcherActivity",
            "com.firebase.ui.auth.ui.email.EmailLinkErrorRecoveryActivity",
            "com.firebase.ui.auth.ui.email.RecoverPasswordActivity",
            "com.firebase.ui.auth.ui.email.WelcomeBackEmailLinkPrompt",
            "com.firebase.ui.auth.ui.email.WelcomeBackPasswordPrompt",
            "com.firebase.ui.auth.ui.idp.AuthMethodPickerActivity",
            "com.firebase.ui.auth.ui.idp.SingleSignInActivity",
            "com.firebase.ui.auth.ui.idp.WelcomeBackIdpPrompt",
            "com.firebase.ui.auth.ui.phone.PhoneActivity",
            "com.google.android.gms.auth.api.signin.internal.SignInHubActivity",
            "com.google.android.gms.common.api.GoogleApiActivity",
            "com.google.android.play.core.common.PlayCoreDialogWrapperActivity",
            "com.google.firebase.auth.internal.GenericIdpActivity",
            "com.google.firebase.auth.internal.RecaptchaActivity",
            "com.nvisti.common.Eula.EulaActivity",
            "com.nvisti.common.Eula.EulaLoading",
            "com.nvisti.common.auth.SignOn",
            "com.nvisti.common.bulletlibrary.AmmoSelectAbxBullet",
            "com.nvisti.common.bulletlibrary.AmmoSelectBullet",
            "com.nvisti.common.bulletlibrary.AmmoSelectCaliber",
            "com.nvisti.common.bulletlibrary.AmmoSelectManufacturer",
            "com.nvisti.common.firmware.FirmwareUpdater",
            "com.nvisti.common.profile.ProfileDiffActivity",
            "com.nvisti.common.profile.ProfileEditorActivity",
            "com.nvisti.common.profile.ProfileListActivity",
            "com.nvisti.common.profile.ProfileSelectActivity",
            "net.openid.appauth.AuthorizationManagementActivity",
            "net.openid.appauth.RedirectUriReceiverActivity"
        ],
        "services": [
            "androidx.room.MultiInstanceInvalidationService",
            "androidx.work.impl.background.systemalarm.SystemAlarmService",
            "androidx.work.impl.background.systemjob.SystemJobService",
            "androidx.work.impl.foreground.SystemForegroundService",
            "com.bushnell.ballistics.ab.BluetoothLeService",
            "com.google.android.datatransport.runtime.backends.TransportBackendDiscovery",
            "com.google.android.datatransport.runtime.scheduling.jobscheduling.JobInfoSchedulerService",
            "com.google.android.gms.auth.api.signin.RevocationBoundService",
            "com.google.firebase.components.ComponentDiscoveryService",
            "com.google.firebase.messaging.FirebaseMessagingService",
            "com.nvisti.common.auth.ABFirebaseTokenService",
            "com.nvisti.common.bluetooth.BluetoothLeService",
            "com.nvisti.common.firmware.BluetoothLeFirmwareService",
            "com.nvisti.common.firmware.FirmwareUpdateService"
        ],
        "receivers": [
            "androidx.profileinstaller.ProfileInstallReceiver",
            "androidx.work.impl.background.systemalarm.ConstraintProxy$BatteryChargingProxy",
            "androidx.work.impl.background.systemalarm.ConstraintProxy$BatteryNotLowProxy",
            "androidx.work.impl.background.systemalarm.ConstraintProxy$NetworkStateProxy",
            "androidx.work.impl.background.systemalarm.ConstraintProxy$StorageNotLowProxy",
            "androidx.work.impl.background.systemalarm.ConstraintProxyUpdateReceiver",
            "androidx.work.impl.background.systemalarm.RescheduleReceiver",
            "androidx.work.impl.diagnostics.DiagnosticsReceiver",
            "androidx.work.impl.utils.ForceStopRunnable$BroadcastReceiver",
            "com.google.android.datatransport.runtime.scheduling.jobscheduling.AlarmManagerSchedulerBroadcastReceiver",
            "com.google.firebase.iid.FirebaseInstanceIdReceiver"
        ],
        "permission_details": {
            "android.permission.ACCESS_COARSE_LOCATION": "dangerous",
            "android.permission.ACCESS_FINE_LOCATION": "dangerous",
            "android.permission.ACCESS_NETWORK_STATE": "normal",
            "android.permission.ACCESS_WIFI_STATE": "normal",
            "android.permission.BLUETOOTH": "normal",
            "android.permission.BLUETOOTH_ADMIN": "normal",
            "android.permission.BLUETOOTH_CONNECT": "dangerous",
            "android.permission.BLUETOOTH_SCAN": "dangerous",
            "android.permission.FOREGROUND_SERVICE": "normal",
            "android.permission.INTERNET": "normal",
            "android.permission.READ_EXTERNAL_STORAGE": "dangerous",
            "android.permission.READ_PHONE_STATE": "dangerous",
            "android.permission.RECEIVE_BOOT_COMPLETED": "normal",
            "android.permission.WAKE_LOCK": "normal",
            "android.permission.WRITE_EXTERNAL_STORAGE": "dangerous",
            "com.android.vending.BILLING": "unknown",
            "com.bushnell.ballistics.ab.DYNAMIC_RECEIVER_NOT_EXPORTED_PERMISSION": "unknown",
            "com.google.android.c2dm.permission.RECEIVE": "unknown"
        },
        "risk_counts": {
            "dangerous": 7,
            "normal": 8,
            "unknown": 3
        }
    },
    "stats": {
        "dex_count": 2,
        "native_lib_count": 0
    },
    "jadx": {
        "status": "ok",
        "duration_sec": 41.79,
        "sources_present": true,
        "java_file_count": 8137
    },
    "ast_analysis": {
        "location": 24,
        "microphone": 0,
        "camera": 9,
        "media_projection": 0,
        "dynamic_load": 0,
        "jni": 0
    },
    "analysis_state": "complete"
}