{
    "apk_name": "6BFE5D49BB8AF94F2F9045257050702DFB0BA306BA5B3EB275A5B47BA2E9AF98",
    "sha256": "6bfe5d49bb8af94f2f9045257050702dfb0ba306ba5b3eb275a5b47ba2e9af98",
    "metadata": {
        "package_name": "com.zxmsoft.pft_calculator",
        "version_code": "5",
        "version_name": "1.0.0",
        "min_sdk": "29",
        "target_sdk": "35",
        "permissions": [
            "android.permission.READ_EXTERNAL_STORAGE",
            "android.permission.WRITE_EXTERNAL_STORAGE",
            "com.zxmsoft.pft_calculator.DYNAMIC_RECEIVER_NOT_EXPORTED_PERMISSION"
        ],
        "activities": [
            "com.zxmsoft.pft_calculator.MainActivity"
        ],
        "services": [],
        "receivers": [
            "androidx.profileinstaller.ProfileInstallReceiver",
            "dev.fluttercommunity.plus.share.SharePlusPendingIntent"
        ],
        "permission_details": {
            "android.permission.READ_EXTERNAL_STORAGE": "dangerous",
            "android.permission.WRITE_EXTERNAL_STORAGE": "dangerous",
            "com.zxmsoft.pft_calculator.DYNAMIC_RECEIVER_NOT_EXPORTED_PERMISSION": "unknown"
        },
        "risk_counts": {
            "dangerous": 2,
            "unknown": 1
        }
    },
    "stats": {
        "dex_count": 1,
        "native_lib_count": 0
    },
    "jadx": {
        "status": "ok",
        "duration_sec": 6.65,
        "sources_present": true,
        "java_file_count": 1032
    },
    "ast_analysis": {
        "location": 0,
        "microphone": 0,
        "camera": 4,
        "media_projection": 0,
        "dynamic_load": 0,
        "jni": 1
    },
    "analysis_state": "complete",
    "behavioral_structural_data": {
        "api_inventory": {
            "camera": 0,
            "microphone": 0,
            "location": 0,
            "torch": 0,
            "telephony_ops": 0,
            "system_commands": 7,
            "webview_interop": 0,
            "content_access": 1,
            "audio_control": 0,
            "vibration": 0,
            "network_io": 0,
            "scheduling_apis": 2,
            "dynamic_code": 55
        },
        "execution_context": {
            "in_service": 0,
            "in_receiver": 0,
            "in_activity": 0,
            "in_provider": 0,
            "unknown": 65
        },
        "scheduling_mechanisms": {
            "alarm_manager": 0,
            "handler_loop": 2,
            "job_scheduler": 0
        },
        "trigger_types": {
            "auto_triggered": 0,
            "user_triggered": 0
        },
        "dynamic_features": {
            "jni_usage": 1,
            "dynamic_loading": 0,
            "reflection": 54
        }
    }
}