{
    "apk_name": "711446097DB10C395E37CAA281D494631A21ECFBDD585517A02D1D8178390E3A",
    "sha256": "711446097db10c395e37caa281d494631a21ecfbdd585517a02d1d8178390e3a",
    "metadata": {
        "package_name": "com.nkhome.link.ballistics",
        "version_code": "335",
        "version_name": "1.3.8",
        "min_sdk": "21",
        "target_sdk": "34",
        "permissions": [
            "android.permission.ACCESS_ADSERVICES_AD_ID",
            "android.permission.ACCESS_ADSERVICES_ATTRIBUTION",
            "android.permission.ACCESS_COARSE_LOCATION",
            "android.permission.ACCESS_FINE_LOCATION",
            "android.permission.ACCESS_NETWORK_STATE",
            "android.permission.BLUETOOTH",
            "android.permission.BLUETOOTH_ADMIN",
            "android.permission.BLUETOOTH_CONNECT",
            "android.permission.BLUETOOTH_SCAN",
            "android.permission.INTERNET",
            "android.permission.NFC",
            "android.permission.READ_EXTERNAL_STORAGE",
            "android.permission.REORDER_TASKS",
            "android.permission.WAKE_LOCK",
            "android.permission.WRITE_EXTERNAL_STORAGE",
            "com.google.android.finsky.permission.BIND_GET_INSTALL_REFERRER_SERVICE",
            "com.google.android.gms.permission.AD_ID",
            "com.nkhome.link.ballistics.DYNAMIC_RECEIVER_NOT_EXPORTED_PERMISSION"
        ],
        "activities": [
            "androidx.test.core.app.InstrumentationActivityInvoker$BootstrapActivity",
            "androidx.test.core.app.InstrumentationActivityInvoker$EmptyActivity",
            "androidx.test.core.app.InstrumentationActivityInvoker$EmptyFloatingActivity",
            "com.google.android.gms.common.api.GoogleApiActivity",
            "com.nkhome.link.ballistics.AmmoSelectActivity",
            "com.nkhome.link.ballistics.AmmoTypeSelectActivity",
            "com.nkhome.link.ballistics.AmmoVendorSelectActivity",
            "com.nkhome.link.ballistics.BleScanActivity",
            "com.nkhome.link.ballistics.CartridgeSelectActivity",
            "com.nkhome.link.ballistics.CompassCalibrationActivity",
            "com.nkhome.link.ballistics.FwUpgradeActivity",
            "com.nkhome.link.ballistics.ImageActivity",
            "com.nkhome.link.ballistics.MainActivity",
            "com.nkhome.link.ballistics.MultiTargetActivity",
            "com.nkhome.link.ballistics.ProductLineSelectActivity",
            "com.nkhome.link.ballistics.ProfileEditorActivity",
            "com.nkhome.link.ballistics.ProfileListActivity",
            "com.nkhome.link.ballistics.ProfileWizardAmmoSelectActivity",
            "com.nkhome.link.ballistics.ProfileWizardMissingAmmoActivity",
            "com.nkhome.link.ballistics.ProfileWizardMissingRifleActivity",
            "com.nkhome.link.ballistics.ProfileWizardRifleSelectActivity",
            "com.nkhome.link.ballistics.ProfileWizardSightInfoActivity",
            "com.nkhome.link.ballistics.QuickPrefsActivity",
            "com.nkhome.link.ballistics.SensFactorListActivity",
            "com.nkhome.link.ballistics.SingleTargetActivity",
            "com.nkhome.link.ballistics.SingleTargetActivity2700",
            "com.nkhome.link.ballistics.modelupgrade.ModelUpgradeActivity",
            "com.nkhome.link.ballistics.mvcalibration.MvCalibrationActivity",
            "com.nkhome.link.ballistics.sectors.SectorsActivity"
        ],
        "services": [
            "androidx.room.MultiInstanceInvalidationService",
            "com.google.android.datatransport.runtime.backends.TransportBackendDiscovery",
            "com.google.android.datatransport.runtime.scheduling.jobscheduling.JobInfoSchedulerService",
            "com.google.android.gms.measurement.AppMeasurementJobService",
            "com.google.android.gms.measurement.AppMeasurementService",
            "com.google.android.gms.metadata.ModuleDependencies",
            "com.google.firebase.components.ComponentDiscoveryService",
            "com.google.firebase.sessions.SessionLifecycleService",
            "com.nkhome.link.ballistics.BluetoothLeService"
        ],
        "receivers": [
            "androidx.profileinstaller.ProfileInstallReceiver",
            "com.google.android.datatransport.runtime.scheduling.jobscheduling.AlarmManagerSchedulerBroadcastReceiver",
            "com.google.android.gms.measurement.AppMeasurementReceiver"
        ],
        "permission_details": {
            "android.permission.ACCESS_ADSERVICES_AD_ID": "unknown",
            "android.permission.ACCESS_ADSERVICES_ATTRIBUTION": "unknown",
            "android.permission.ACCESS_COARSE_LOCATION": "dangerous",
            "android.permission.ACCESS_FINE_LOCATION": "dangerous",
            "android.permission.ACCESS_NETWORK_STATE": "normal",
            "android.permission.BLUETOOTH": "normal",
            "android.permission.BLUETOOTH_ADMIN": "normal",
            "android.permission.BLUETOOTH_CONNECT": "dangerous",
            "android.permission.BLUETOOTH_SCAN": "dangerous",
            "android.permission.INTERNET": "normal",
            "android.permission.NFC": "normal",
            "android.permission.READ_EXTERNAL_STORAGE": "dangerous",
            "android.permission.REORDER_TASKS": "normal",
            "android.permission.WAKE_LOCK": "normal",
            "android.permission.WRITE_EXTERNAL_STORAGE": "dangerous",
            "com.google.android.finsky.permission.BIND_GET_INSTALL_REFERRER_SERVICE": "unknown",
            "com.google.android.gms.permission.AD_ID": "unknown",
            "com.nkhome.link.ballistics.DYNAMIC_RECEIVER_NOT_EXPORTED_PERMISSION": "unknown"
        },
        "risk_counts": {
            "unknown": 5,
            "dangerous": 6,
            "normal": 7
        }
    },
    "stats": {
        "dex_count": 2,
        "native_lib_count": 0
    },
    "jadx": {
        "status": "ok",
        "duration_sec": 20.21,
        "sources_present": true,
        "java_file_count": 6094
    },
    "ast_analysis": {
        "location": 0,
        "microphone": 0,
        "camera": 5,
        "media_projection": 0,
        "dynamic_load": 0,
        "jni": 1
    },
    "analysis_state": "complete"
}