{
    "apk_name": "1465D832C23A2D13A5405DB9FFB98EC108D04E820C67030A9414606D746551AD",
    "sha256": "1465d832c23a2d13a5405db9ffb98ec108d04e820c67030a9414606d746551ad",
    "metadata": {
        "package_name": "app.BallisticsBuddy",
        "version_code": "35",
        "version_name": "35",
        "min_sdk": "21",
        "target_sdk": "35",
        "permissions": [
            "android.permission.ACCESS_COARSE_LOCATION",
            "android.permission.ACCESS_FINE_LOCATION",
            "android.permission.INTERNET",
            "app.BallisticsBuddy.DYNAMIC_RECEIVER_NOT_EXPORTED_PERMISSION"
        ],
        "activities": [
            "app.BallisticsBuddy.DataListActivityNew",
            "app.BallisticsBuddy.DropActivityNew",
            "app.BallisticsBuddy.ExtraTools.BcFinderActivity",
            "app.BallisticsBuddy.ExtraTools.DensityActivity",
            "app.BallisticsBuddy.ExtraTools.ExtraToolsActivity",
            "app.BallisticsBuddy.ExtraTools.MuzzleVelFinderActivity",
            "app.BallisticsBuddy.ExtraTools.RangeActivity",
            "app.BallisticsBuddy.ExtraTools.SightingActivity",
            "app.BallisticsBuddy.Feedback.ContactActivity",
            "app.BallisticsBuddy.Feedback.FeedbackActivity",
            "app.BallisticsBuddy.Feedback.RateActivity",
            "app.BallisticsBuddy.FirstRunActivity",
            "app.BallisticsBuddy.InfoPages.InfoBCActivity",
            "app.BallisticsBuddy.InfoPages.InfoDensityActivity",
            "app.BallisticsBuddy.InfoPages.InfoDropNewActivity",
            "app.BallisticsBuddy.InfoPages.InfoExtraToolsActivity",
            "app.BallisticsBuddy.InfoPages.InfoLocationsActivity",
            "app.BallisticsBuddy.InfoPages.InfoMainActivity",
            "app.BallisticsBuddy.InfoPages.InfoMuzzleVelActivity",
            "app.BallisticsBuddy.InfoPages.InfoRangeActivity",
            "app.BallisticsBuddy.InfoPages.InfoRifleNewActivity",
            "app.BallisticsBuddy.InfoPages.InfoSightingActivity",
            "app.BallisticsBuddy.InfoPages.InfoTrackerActivity",
            "app.BallisticsBuddy.MainActivity",
            "app.BallisticsBuddy.Popups.DensityPopActivity",
            "app.BallisticsBuddy.Popups.PopActivity",
            "app.BallisticsBuddy.Popups.PopActivityNew",
            "app.BallisticsBuddy.Preferences.PreferencesActivity",
            "app.BallisticsBuddy.RifleActivityNew",
            "app.BallisticsBuddy.SearchRifleActivityNew",
            "app.BallisticsBuddy.Tracking.LocationsActivity",
            "app.BallisticsBuddy.Tracking.TrackerActivityNew"
        ],
        "services": [
            "app.BallisticsBuddy.Tracking.GPS_Service"
        ],
        "receivers": [
            "androidx.profileinstaller.ProfileInstallReceiver"
        ]
    },
    "stats": {
        "dex_count": 1,
        "native_lib_count": 0
    },
    "jadx": {
        "status": "ok",
        "duration_sec": 19.55,
        "sources_present": true,
        "java_file_count": 1247
    },
    "ast_analysis": {
        "location": 2,
        "microphone": 0,
        "camera": 0,
        "media_projection": 0,
        "dynamic_load": 0,
        "jni": 0
    },
    "analysis_state": "complete"
}