{
    "apk_name": "544A721DF336C038CBD2BD2A62B7D834BD9C45E1EACDFA8B7C11DDD261A5B877",
    "sha256": "544a721df336c038cbd2bd2a62b7d834bd9c45e1eacdfa8b7c11ddd261a5b877",
    "metadata": {
        "package_name": "com.sinyee.babybus.born",
        "version_code": "9621020",
        "version_name": "9.62.10.20",
        "min_sdk": "19",
        "target_sdk": "28",
        "permissions": [
            "android.permission.ACCESS_NETWORK_STATE",
            "android.permission.ACCESS_WIFI_STATE",
            "android.permission.CHANGE_NETWORK_STATE",
            "android.permission.CHANGE_WIFI_STATE",
            "android.permission.FOREGROUND_SERVICE",
            "android.permission.INTERNET",
            "android.permission.READ_EXTERNAL_STORAGE",
            "android.permission.READ_PHONE_STATE",
            "android.permission.REQUEST_INSTALL_PACKAGES",
            "android.permission.VIBRATE",
            "android.permission.WAKE_LOCK",
            "android.permission.WRITE_EXTERNAL_STORAGE",
            "com.android.permission.GET_INSTALLED_APPS",
            "com.asus.msa.SupplementaryDID.ACCESS",
            "com.sinyee.babybus.born.openadsdk.permission.TT_PANGOLIN",
            "freemme.permission.msa"
        ],
        "activities": [
            "com.alipay.sdk.app.AlipayResultActivity",
            "com.alipay.sdk.app.H5AuthActivity",
            "com.alipay.sdk.app.H5PayActivity",
            "com.alipay.sdk.app.PayResultActivity",
            "com.babybus.activity.CommonActivePageActivity",
            "com.babybus.activity.CommonActivePageLandscapeActivity",
            "com.babybus.activity.CommonWebViewActivity",
            "com.babybus.activity.CommonWebViewLandscapeActivity",
            "com.babybus.activity.UnifyWebViewLandscapeActivity",
            "com.babybus.activity.UnifyWebViewPortraitActivity",
            "com.babybus.base.BaseSchemeActivity",
            "com.babybus.base.webview.PushWebViewActivity",
            "com.babybus.base.webview.ShoppingWebViewActivity",
            "com.babybus.plugin.adbase.interstitial.NativeInterstitialActivity",
            "com.babybus.plugin.admanager.test.AdTestActivity",
            "com.babybus.plugin.admanager.test.AdTestBannerActivity",
            "com.babybus.plugin.admanager.test.TestNativeActivity",
            "com.babybus.plugin.alarm.activity.HintActivity",
            "com.babybus.plugin.babybusad.activity.RequestOppoMarketDataActivity",
            "com.babybus.plugin.babybusad.activity.WebAdActivity",
            "com.babybus.plugin.babybusad.activity.WebAdLandscapeActivity",
            "com.babybus.plugin.babybusupdate.activity.UpdateActivity",
            "com.babybus.plugin.box.activity.LocalBoxActivity",
            "com.babybus.plugin.magicview.campaign.welcomeInterstitial.WelcomeInterstitialActivity",
            "com.babybus.plugin.magicview.common.CommonUnNetworkActivity",
            "com.babybus.plugin.magicview.rate.RateGuideActivity",
            "com.babybus.plugin.magicview.startwindowslinks.insufficientspace.InsufficientSpaceActivity",
            "com.babybus.plugin.membercenter.ui.activity.MemberCenterActivity",
            "com.babybus.plugin.membercenter.ui.activity.MemberQuestionActivity",
            "com.babybus.plugin.membercenter.ui.activity.MyCouponListActivity",
            "com.babybus.plugin.membercenter.ui.activity.RedeemCodeWebViewActivity",
            "com.babybus.plugin.membercenter.ui.activity.TransactionRecordsActivity",
            "com.babybus.plugin.membercenter.ui.activity.WarningActivity",
            "com.babybus.plugin.parentcenter.dialog.MiniProgramDialog",
            "com.babybus.plugin.parentcenter.ui.activity.AdPersonalizedRecommendationActivity",
            "com.babybus.plugin.parentcenter.ui.activity.FeedbackActivity",
            "com.babybus.plugin.parentcenter.ui.activity.GuideActivity",
            "com.babybus.plugin.parentcenter.ui.activity.ParentCenterActivity",
            "com.babybus.plugin.parentcenter.ui.activity.WebViewActivity",
            "com.babybus.plugin.parentcenter.ui.activity.WebViewLandscapeActivity",
            "com.babybus.plugin.payview.activity.PayMethodCouponActivity",
            "com.babybus.plugin.payview.activity.PayMethodMemberActivity",
            "com.babybus.plugin.payview.activity.PayMethodNormalActivity",
            "com.babybus.plugin.payview.activity.PayMethodPurchasingActivity",
            "com.babybus.plugin.permissionsdialog.activity.SDCardDialogActivity",
            "com.babybus.plugin.rest.activity.RestActivity",
            "com.babybus.plugin.rest.activity.RestDialogActivity",
            "com.babybus.plugin.shutdown.activity.AdExitActivity",
            "com.babybus.plugin.shutdown.activity.DefaultExitActivity",
            "com.babybus.plugin.shutdown.activity.LocalApkExitActivity",
            "com.babybus.plugin.shutdown.activity.MediaExitActivity",
            "com.babybus.plugin.startupview.ui.LandscapeStartupActivity",
            "com.babybus.plugin.startupview.ui.PortraitStartupActivity",
            "com.babybus.plugin.verify.activity.FlowRemindSettingActivity",
            "com.babybus.plugin.verify.activity.VerifyActivity",
            "com.babybus.plugin.videool.activity.IqiyiVideoActivity",
            "com.babybus.plugin.videoview.activity.NormalVideoActivity",
            "com.babybus.plugin.webview.activity.WebBoxActivity",
            "com.babybus.plugin.webview.activity.WebViewActivity",
            "com.baidu.mobads.sdk.api.AppActivity",
            "com.baidu.mobads.sdk.api.BdShellActivity",
            "com.baidu.mobads.sdk.api.MobRewardVideoActivity",
            "com.bytedance.sdk.openadsdk.stub.activity.Stub_Activity",
            "com.bytedance.sdk.openadsdk.stub.activity.Stub_SingleTask_Activity",
            "com.bytedance.sdk.openadsdk.stub.activity.Stub_SingleTask_Activity_T",
            "com.bytedance.sdk.openadsdk.stub.activity.Stub_Standard_Activity",
            "com.bytedance.sdk.openadsdk.stub.activity.Stub_Standard_Activity_T",
            "com.bytedance.sdk.openadsdk.stub.activity.Stub_Standard_Landscape_Activity",
            "com.bytedance.sdk.openadsdk.stub.activity.Stub_Standard_Portrait_Activity",
            "com.chuanglan.shanyan_sdk.view.CmccLoginActivity",
            "com.kwad.sdk.api.proxy.app.AdWebViewActivity",
            "com.kwad.sdk.api.proxy.app.BaseFragmentActivity$ChannelDetailActivity",
            "com.kwad.sdk.api.proxy.app.BaseFragmentActivity$DeveloperConfigActivity",
            "com.kwad.sdk.api.proxy.app.BaseFragmentActivity$EpisodeDetailActivity",
            "com.kwad.sdk.api.proxy.app.BaseFragmentActivity$FragmentActivity1",
            "com.kwad.sdk.api.proxy.app.BaseFragmentActivity$FragmentActivity10",
            "com.kwad.sdk.api.proxy.app.BaseFragmentActivity$FragmentActivity2",
            "com.kwad.sdk.api.proxy.app.BaseFragmentActivity$FragmentActivity3",
            "com.kwad.sdk.api.proxy.app.BaseFragmentActivity$FragmentActivity4",
            "com.kwad.sdk.api.proxy.app.BaseFragmentActivity$FragmentActivity5",
            "com.kwad.sdk.api.proxy.app.BaseFragmentActivity$FragmentActivity6",
            "com.kwad.sdk.api.proxy.app.BaseFragmentActivity$FragmentActivity7",
            "com.kwad.sdk.api.proxy.app.BaseFragmentActivity$FragmentActivity8",
            "com.kwad.sdk.api.proxy.app.BaseFragmentActivity$FragmentActivity9",
            "com.kwad.sdk.api.proxy.app.BaseFragmentActivity$FragmentActivitySingleInstance1",
            "com.kwad.sdk.api.proxy.app.BaseFragmentActivity$FragmentActivitySingleInstance2",
            "com.kwad.sdk.api.proxy.app.BaseFragmentActivity$FragmentActivitySingleTop1",
            "com.kwad.sdk.api.proxy.app.BaseFragmentActivity$FragmentActivitySingleTop2",
            "com.kwad.sdk.api.proxy.app.BaseFragmentActivity$GoodsPlayBackActivity",
            "com.kwad.sdk.api.proxy.app.BaseFragmentActivity$KsTrendsActivity",
            "com.kwad.sdk.api.proxy.app.BaseFragmentActivity$LandscapeFragmentActivity",
            "com.kwad.sdk.api.proxy.app.BaseFragmentActivity$LandscapeFragmentActivitySingleInstance1",
            "com.kwad.sdk.api.proxy.app.BaseFragmentActivity$LandscapeFragmentActivitySingleInstance2",
            "com.kwad.sdk.api.proxy.app.BaseFragmentActivity$LandscapeFragmentActivitySingleTask1",
            "com.kwad.sdk.api.proxy.app.BaseFragmentActivity$LandscapeFragmentActivitySingleTask2",
            "com.kwad.sdk.api.proxy.app.BaseFragmentActivity$LandscapeFragmentActivitySingleTop1",
            "com.kwad.sdk.api.proxy.app.BaseFragmentActivity$LandscapeFragmentActivitySingleTop2",
            "com.kwad.sdk.api.proxy.app.BaseFragmentActivity$ProfileHomeActivity",
            "com.kwad.sdk.api.proxy.app.BaseFragmentActivity$ProfileVideoDetailActivity",
            "com.kwad.sdk.api.proxy.app.BaseFragmentActivity$RequestInstallPermissionActivity",
            "com.kwad.sdk.api.proxy.app.BaseFragmentActivity$TubeDetailActivity",
            "com.kwad.sdk.api.proxy.app.BaseFragmentActivity$TubeProfileActivity",
            "com.kwad.sdk.api.proxy.app.FeedDownloadActivity",
            "com.kwad.sdk.api.proxy.app.KSRewardLandScapeVideoActivity",
            "com.kwad.sdk.api.proxy.app.KsFullScreenLandScapeVideoActivity",
            "com.kwad.sdk.api.proxy.app.KsFullScreenVideoActivity",
            "com.kwad.sdk.api.proxy.app.KsRewardVideoActivity",
            "com.qq.e.ads.ADActivity",
            "com.qq.e.ads.DialogActivity",
            "com.qq.e.ads.LandscapeADActivity",
            "com.qq.e.ads.PortraitADActivity",
            "com.qq.e.ads.RewardvideoLandscapeADActivity",
            "com.qq.e.ads.RewardvideoPortraitADActivity",
            "com.sina.weibo.sdk.share.ShareChatActivity",
            "com.sina.weibo.sdk.share.ShareResultActivity",
            "com.sina.weibo.sdk.share.ShareStoryActivity",
            "com.sina.weibo.sdk.share.ShareTransActivity",
            "com.sina.weibo.sdk.web.WebActivity",
            "com.sinyee.babybus.Main",
            "com.sinyee.babybus.SplashAct",
            "com.sinyee.babybus.account.shanyan.activity.OneKeyLoginActivity",
            "com.sinyee.babybus.agreement.core.activity.AgreementConfirmationActivity",
            "com.sinyee.babybus.agreement.core.activity.AgreementConfirmationPortraitActivity",
            "com.sinyee.babybus.agreement.core.activity.AgreementPermissionConfirmationActivity",
            "com.sinyee.babybus.agreement.core.activity.AgreementPermissionConfirmationPortraitActivity",
            "com.sinyee.babybus.agreement.core.activity.AgreementTitleActivity",
            "com.sinyee.babybus.agreement.core.activity.AgreementTitlePortraitActivity",
            "com.sinyee.babybus.agreement.core.activity.AgreementTitleVipActivity",
            "com.sinyee.babybus.born.wxapi.WXEntryActivity",
            "com.sinyee.babybus.born.wxapi.WXPayEntryActivity",
            "com.sinyee.babybus.ds.ui.activity.DsHomeActivity",
            "com.sinyee.babybus.pay.wechat.BabyBusWXEntryActivity",
            "com.sinyee.babybus.pay.wechat.BabyBusWXPayEntryActivity",
            "com.sinyee.babybus.verify.activity.image.ImageVerifyActivity",
            "com.sinyee.babybus.verify.activity.multi.MultiVerifyActivity",
            "com.sinyee.babybus.verify.activity.multi.inland.InLandMultiVerifyActivity",
            "com.ss.android.downloadlib.activity.JumpKllkActivity",
            "com.ss.android.downloadlib.activity.TTDelegateActivity",
            "com.ss.android.downloadlib.addownload.compliance.AppDetailInfoActivity",
            "com.ss.android.downloadlib.addownload.compliance.AppPrivacyPolicyActivity",
            "com.ss.android.socialbase.appdownloader.view.DownloadTaskDeleteActivity",
            "com.ss.android.socialbase.appdownloader.view.JumpUnknownSourceActivity",
            "com.tencent.connect.common.AssistActivity",
            "com.tencent.tauth.AuthActivity"
        ],
        "services": [
            "androidx.room.MultiInstanceInvalidationService",
            "com.babybus.plugin.notification.service.ClickService",
            "com.babybus.plugin.notification.service.SelfPushClickService",
            "com.babybus.plugin.parentcenter.service.UpdateAbilityService",
            "com.kwad.sdk.api.proxy.app.DownloadService",
            "com.kwad.sdk.api.proxy.app.FileDownloadService$SeparateProcessService",
            "com.kwad.sdk.api.proxy.app.FileDownloadService$SharedMainProcessService",
            "com.kwad.sdk.api.proxy.app.ServiceProxyRemote",
            "com.liulishuo.filedownloader.services.FileDownloadService$SeparateProcessService",
            "com.liulishuo.filedownloader.services.FileDownloadService$SharedMainProcessService",
            "com.qq.e.comm.DownloadService",
            "com.ss.android.socialbase.appdownloader.DownloadHandlerService",
            "com.ss.android.socialbase.appdownloader.RetryJobSchedulerService",
            "com.ss.android.socialbase.downloader.downloader.DownloadService",
            "com.ss.android.socialbase.downloader.downloader.IndependentProcessDownloadService",
            "com.ss.android.socialbase.downloader.downloader.SqlDownloadCacheService",
            "com.ss.android.socialbase.downloader.impls.DownloadHandleService",
            "com.ss.android.socialbase.downloader.notification.DownloadNotificationService",
            "com.tencent.smtt.export.external.DexClassLoaderProviderService"
        ],
        "receivers": [
            "com.kuaishou.weapon.p0.receiver.WeaponRECE",
            "com.sinyee.android.account.personalcenter.CheckOnlyDeviceReceiver",
            "com.sinyee.babybus.pay.wechat.WeChatPayRegisterReceiver",
            "com.ss.android.downloadlib.core.download.DownloadReceiver"
        ]
    },
    "stats": {
        "dex_count": 8,
        "native_lib_count": 36
    },
    "jadx": {
        "status": "ok",
        "duration_sec": 69.75,
        "sources_present": true,
        "java_file_count": 15612
    },
    "ast_analysis": {
        "location": 0,
        "microphone": 2,
        "camera": 104,
        "media_projection": 0,
        "dynamic_load": 0,
        "jni": 45
    },
    "analysis_state": "complete"
}