{
    "apk_name": "40A46CD9B50A1CCED0AD50AB27D4BAB6C1475D0306C3A201A73ED54CAD283482",
    "sha256": "40a46cd9b50a1cced0ad50ab27d4bab6c1475d0306c3a201a73ed54cad283482",
    "metadata": {
        "package_name": "com.microsoft.office.excel",
        "version_code": "2002343673",
        "version_name": "16.0.7329.1015",
        "min_sdk": "19",
        "target_sdk": "23",
        "permissions": [
            "android.permission.ACCESS_NETWORK_STATE",
            "android.permission.ACCESS_WIFI_STATE",
            "android.permission.AUTHENTICATE_ACCOUNTS",
            "android.permission.GET_ACCOUNTS",
            "android.permission.GET_PACKAGE_SIZE",
            "android.permission.INTERNET",
            "android.permission.MANAGE_ACCOUNTS",
            "android.permission.READ_CONTACTS",
            "android.permission.READ_EXTERNAL_STORAGE",
            "android.permission.RECEIVE_BOOT_COMPLETED",
            "android.permission.USE_CREDENTIALS",
            "android.permission.WAKE_LOCK",
            "android.permission.WRITE_EXTERNAL_STORAGE",
            "com.android.launcher.permission.INSTALL_SHORTCUT",
            "com.android.vending.CHECK_LICENSE",
            "com.google.android.c2dm.permission.RECEIVE",
            "com.microsoft.office.excel.permission.C2D_MESSAGE"
        ],
        "activities": [
            "com.dropbox.client2.android.AuthActivity",
            "com.microsoft.aad.adal.AuthenticationActivity",
            "com.microsoft.intune.mam.client.app.data.WipeUserDataActivity",
            "com.microsoft.intune.mam.client.app.offline.OfflineInstallCompanyPortalDialogActivity",
            "com.microsoft.intune.mam.client.app.offline.OfflineStartupBlockedActivity",
            "com.microsoft.intune.mam.client.app.resolver.MAMResolverActivity",
            "com.microsoft.intune.mam.client.app.startup.MAMStartupActivity",
            "com.microsoft.o365suite.o365shell.applauncher.activities.AppLauncherActivity",
            "com.microsoft.office.apphost.LaunchActivity",
            "com.microsoft.office.excel.excelMainActivity",
            "com.microsoft.office.identity.idcrl.IDCRLAuthenticationActivity",
            "com.microsoft.office.identity.oauth2.OAuth2AuthenticationActivity",
            "com.microsoft.office.msohttp.AddAccountInSettingsActivity",
            "net.hockeyapp.android.FeedbackActivity",
            "net.hockeyapp.android.UpdateActivity"
        ],
        "services": [
            "com.google.android.gms.analytics.AnalyticsService",
            "com.google.android.gms.analytics.CampaignTrackingService",
            "com.microsoft.intune.mam.client.notification.CompanyPortalInstallHandler",
            "com.microsoft.intune.mam.client.notification.MAMNotificationReceiverService",
            "com.microsoft.intune.mam.client.service.MAMBackgroundService",
            "com.microsoft.office.BackgroundTaskHost.BackgroundService",
            "com.microsoft.office.msohttp.keystore.OfficeAuthenticationService",
            "com.microsoft.office.notification.NotificationService",
            "com.microsoft.office.onepipe.OnepipeGcmIntentService",
            "com.microsoft.office.playStoreDownloadManager.DownloaderServiceImp",
            "com.microsoft.tokenshare.TokenSharingService"
        ],
        "receivers": [
            "com.google.android.gms.analytics.CampaignTrackingReceiver",
            "com.microsoft.aad.adal.ApplicationReceiver",
            "com.microsoft.intune.mam.client.service.MAMBackgroundReceiver",
            "com.microsoft.office.BackgroundTaskHost.SystemBroadcastReceiver",
            "com.microsoft.office.asyncdatapointreporting.InstallBroadcastReceiver",
            "com.microsoft.office.notification.SystemBroadcastReceiver",
            "com.microsoft.office.officehub.util.OHubBroadcastReceiver",
            "com.microsoft.office.onepipe.OnepipeGcmReceiver",
            "com.microsoft.office.playStoreDownloadManager.BroadcastReceiverImp",
            "com.microsoft.tokenshare.AccountChangeReceiver"
        ],
        "permission_details": {
            "android.permission.ACCESS_NETWORK_STATE": "normal",
            "android.permission.ACCESS_WIFI_STATE": "normal",
            "android.permission.AUTHENTICATE_ACCOUNTS": "unknown",
            "android.permission.GET_ACCOUNTS": "dangerous",
            "android.permission.GET_PACKAGE_SIZE": "normal",
            "android.permission.INTERNET": "normal",
            "android.permission.MANAGE_ACCOUNTS": "unknown",
            "android.permission.READ_CONTACTS": "dangerous",
            "android.permission.READ_EXTERNAL_STORAGE": "dangerous",
            "android.permission.RECEIVE_BOOT_COMPLETED": "normal",
            "android.permission.USE_CREDENTIALS": "unknown",
            "android.permission.WAKE_LOCK": "normal",
            "android.permission.WRITE_EXTERNAL_STORAGE": "dangerous",
            "com.android.launcher.permission.INSTALL_SHORTCUT": "normal",
            "com.android.vending.CHECK_LICENSE": "unknown",
            "com.google.android.c2dm.permission.RECEIVE": "unknown",
            "com.microsoft.office.excel.permission.C2D_MESSAGE": "unknown"
        },
        "risk_counts": {
            "normal": 7,
            "unknown": 6,
            "dangerous": 4
        }
    },
    "stats": {
        "dex_count": 2,
        "native_lib_count": 4
    },
    "jadx": {
        "status": "ok",
        "duration_sec": 24.42,
        "sources_present": true,
        "java_file_count": 5530
    },
    "ast_analysis": {
        "location": 13,
        "microphone": 0,
        "camera": 33,
        "media_projection": 0,
        "dynamic_load": 0,
        "jni": 49
    },
    "analysis_state": "complete",
    "behavioral_structural_data": {
        "api_inventory": {
            "camera": 0,
            "microphone": 0,
            "location": 0,
            "torch": 0,
            "telephony_ops": 0,
            "system_commands": 2,
            "webview_interop": 9,
            "content_access": 11,
            "audio_control": 0,
            "vibration": 0,
            "network_io": 8,
            "scheduling_apis": 40,
            "dynamic_code": 73
        },
        "execution_context": {
            "in_service": 0,
            "in_receiver": 0,
            "in_activity": 0,
            "in_provider": 0,
            "unknown": 143
        },
        "scheduling_mechanisms": {
            "alarm_manager": 7,
            "handler_loop": 33,
            "job_scheduler": 0
        },
        "trigger_types": {
            "auto_triggered": 0,
            "user_triggered": 0
        },
        "dynamic_features": {
            "jni_usage": 2,
            "dynamic_loading": 2,
            "reflection": 71
        }
    }
}