{
    "java_files": [],
    "ast_hits_by_file": {
        "location": [],
        "microphone": [],
        "camera": [],
        "media_projection": [],
        "dynamic_load": [],
        "jni": []
    },
    "native_libs": [],
    "dex_files_count": 1,
    "exported_components": {
        "activities": [
            "com.canhub.cropper.CropImageActivity",
            "com.google.android.gms.common.api.GoogleApiActivity",
            "com.slacorp.eptt.android.PttActivity",
            "com.slacorp.eptt.android.dpad.DpadPttActivity",
            "com.slacorp.eptt.android.ui.ViewHandlerActivity"
        ],
        "services": [
            "androidx.room.MultiInstanceInvalidationService",
            "androidx.work.impl.background.systemalarm.SystemAlarmService",
            "androidx.work.impl.background.systemjob.SystemJobService",
            "androidx.work.impl.foreground.SystemForegroundService",
            "com.slacorp.eptt.android.service.ESChatService",
            "org.acra.scheduler.RestartingService",
            "org.acra.sender.JobSenderService",
            "org.acra.sender.LegacySenderService"
        ],
        "receivers": [
            "androidx.media.session.MediaButtonReceiver",
            "androidx.profileinstaller.ProfileInstallReceiver",
            "androidx.work.impl.background.systemalarm.ConstraintProxy$BatteryChargingProxy",
            "androidx.work.impl.background.systemalarm.ConstraintProxy$BatteryNotLowProxy",
            "androidx.work.impl.background.systemalarm.ConstraintProxy$NetworkStateProxy",
            "androidx.work.impl.background.systemalarm.ConstraintProxy$StorageNotLowProxy",
            "androidx.work.impl.background.systemalarm.ConstraintProxyUpdateReceiver",
            "androidx.work.impl.background.systemalarm.RescheduleReceiver",
            "androidx.work.impl.diagnostics.DiagnosticsReceiver",
            "androidx.work.impl.utils.ForceStopRunnable$BroadcastReceiver",
            "com.slacorp.eptt.android.aosp.location.LocationUpdatesBroadcastReceiver",
            "com.slacorp.eptt.android.common.audio.RemoteControlReceiver",
            "com.slacorp.eptt.android.gps.location.LocationUpdatesBroadcastReceiver",
            "com.slacorp.eptt.android.service.AlarmReceiver",
            "com.slacorp.eptt.android.service.BootReceiver",
            "com.slacorp.eptt.android.service.KyoceraNewButtonReceiver",
            "com.slacorp.eptt.android.service.McpttIntentButtonReceiver",
            "com.slacorp.eptt.android.service.SamsungNewButtonReceiver",
            "com.slacorp.eptt.android.service.StartupButtonReceiver",
            "com.slacorp.eptt.android.service.SuspensionReceiver",
            "com.slacorp.eptt.android.service.UpgradeReceiver"
        ]
    }
}