{
    "apk_name": "4ADE7AEA5C3325DEDCB45B3B59B8122FED0EB4404D47728D1212337ACEC90C31",
    "sha256": "4ade7aea5c3325dedcb45b3b59b8122fed0eb4404d47728d1212337acec90c31",
    "metadata": {
        "package_name": "com.slacorp.eptt.android",
        "version_code": "71590",
        "version_name": "34.2",
        "min_sdk": "29",
        "target_sdk": "35",
        "permissions": [
            "android.permission.ACCESS_BACKGROUND_LOCATION",
            "android.permission.ACCESS_COARSE_LOCATION",
            "android.permission.ACCESS_FINE_LOCATION",
            "android.permission.ACCESS_NETWORK_STATE",
            "android.permission.ACCESS_NOTIFICATION_POLICY",
            "android.permission.ACCESS_WIFI_STATE",
            "android.permission.ANSWER_PHONE_CALLS",
            "android.permission.BLUETOOTH",
            "android.permission.BLUETOOTH_ADMIN",
            "android.permission.BLUETOOTH_CONNECT",
            "android.permission.BLUETOOTH_SCAN",
            "android.permission.BROADCAST_STICKY",
            "android.permission.CALL_PHONE",
            "android.permission.FOREGROUND_SERVICE",
            "android.permission.FOREGROUND_SERVICE_CONNECTED_DEVICE",
            "android.permission.FOREGROUND_SERVICE_DATA_SYNC",
            "android.permission.FOREGROUND_SERVICE_LOCATION",
            "android.permission.FOREGROUND_SERVICE_MICROPHONE",
            "android.permission.FOREGROUND_SERVICE_SYSTEM_EXEMPTED",
            "android.permission.GET_ACCOUNTS",
            "android.permission.INTERNET",
            "android.permission.MODIFY_AUDIO_SETTINGS",
            "android.permission.POST_NOTIFICATIONS",
            "android.permission.RAISED_THREAD_PRIORITY",
            "android.permission.READ_EXTERNAL_STORAGE",
            "android.permission.READ_MEDIA_IMAGES",
            "android.permission.READ_MEDIA_VISUAL_USER_SELECTED",
            "android.permission.READ_PHONE_NUMBERS",
            "android.permission.READ_PHONE_STATE",
            "android.permission.RECEIVE_BOOT_COMPLETED",
            "android.permission.RECORD_AUDIO",
            "android.permission.REQUEST_IGNORE_BATTERY_OPTIMIZATIONS",
            "android.permission.SCHEDULE_EXACT_ALARM",
            "android.permission.SYSTEM_ALERT_WINDOW",
            "android.permission.TURN_SCREEN_ON",
            "android.permission.VIBRATE",
            "android.permission.WAKE_LOCK",
            "android.permission.WRITE_EXTERNAL_STORAGE",
            "com.slacorp.eptt.android.DYNAMIC_RECEIVER_NOT_EXPORTED_PERMISSION",
            "com.slacorp.eptt.android.permission.PTT",
            "com.sonim.spcc.permission.API_ACCESS"
        ],
        "activities": [
            "com.canhub.cropper.CropImageActivity",
            "com.google.android.gms.common.api.GoogleApiActivity",
            "com.slacorp.eptt.android.PttActivity",
            "com.slacorp.eptt.android.dpad.DpadPttActivity",
            "com.slacorp.eptt.android.ui.ViewHandlerActivity"
        ],
        "services": [
            "androidx.room.MultiInstanceInvalidationService",
            "androidx.work.impl.background.systemalarm.SystemAlarmService",
            "androidx.work.impl.background.systemjob.SystemJobService",
            "androidx.work.impl.foreground.SystemForegroundService",
            "com.slacorp.eptt.android.service.ESChatService",
            "org.acra.scheduler.RestartingService",
            "org.acra.sender.JobSenderService",
            "org.acra.sender.LegacySenderService"
        ],
        "receivers": [
            "androidx.media.session.MediaButtonReceiver",
            "androidx.profileinstaller.ProfileInstallReceiver",
            "androidx.work.impl.background.systemalarm.ConstraintProxy$BatteryChargingProxy",
            "androidx.work.impl.background.systemalarm.ConstraintProxy$BatteryNotLowProxy",
            "androidx.work.impl.background.systemalarm.ConstraintProxy$NetworkStateProxy",
            "androidx.work.impl.background.systemalarm.ConstraintProxy$StorageNotLowProxy",
            "androidx.work.impl.background.systemalarm.ConstraintProxyUpdateReceiver",
            "androidx.work.impl.background.systemalarm.RescheduleReceiver",
            "androidx.work.impl.diagnostics.DiagnosticsReceiver",
            "androidx.work.impl.utils.ForceStopRunnable$BroadcastReceiver",
            "com.slacorp.eptt.android.aosp.location.LocationUpdatesBroadcastReceiver",
            "com.slacorp.eptt.android.common.audio.RemoteControlReceiver",
            "com.slacorp.eptt.android.gps.location.LocationUpdatesBroadcastReceiver",
            "com.slacorp.eptt.android.service.AlarmReceiver",
            "com.slacorp.eptt.android.service.BootReceiver",
            "com.slacorp.eptt.android.service.KyoceraNewButtonReceiver",
            "com.slacorp.eptt.android.service.McpttIntentButtonReceiver",
            "com.slacorp.eptt.android.service.SamsungNewButtonReceiver",
            "com.slacorp.eptt.android.service.StartupButtonReceiver",
            "com.slacorp.eptt.android.service.SuspensionReceiver",
            "com.slacorp.eptt.android.service.UpgradeReceiver"
        ],
        "permission_details": {
            "android.permission.ACCESS_BACKGROUND_LOCATION": "dangerous",
            "android.permission.ACCESS_COARSE_LOCATION": "dangerous",
            "android.permission.ACCESS_FINE_LOCATION": "dangerous",
            "android.permission.ACCESS_NETWORK_STATE": "normal",
            "android.permission.ACCESS_NOTIFICATION_POLICY": "normal",
            "android.permission.ACCESS_WIFI_STATE": "normal",
            "android.permission.ANSWER_PHONE_CALLS": "dangerous",
            "android.permission.BLUETOOTH": "normal",
            "android.permission.BLUETOOTH_ADMIN": "normal",
            "android.permission.BLUETOOTH_CONNECT": "dangerous",
            "android.permission.BLUETOOTH_SCAN": "dangerous",
            "android.permission.BROADCAST_STICKY": "normal",
            "android.permission.CALL_PHONE": "dangerous",
            "android.permission.FOREGROUND_SERVICE": "normal",
            "android.permission.FOREGROUND_SERVICE_CONNECTED_DEVICE": "normal",
            "android.permission.FOREGROUND_SERVICE_DATA_SYNC": "normal",
            "android.permission.FOREGROUND_SERVICE_LOCATION": "normal",
            "android.permission.FOREGROUND_SERVICE_MICROPHONE": "normal",
            "android.permission.FOREGROUND_SERVICE_SYSTEM_EXEMPTED": "normal",
            "android.permission.GET_ACCOUNTS": "dangerous",
            "android.permission.INTERNET": "normal",
            "android.permission.MODIFY_AUDIO_SETTINGS": "normal",
            "android.permission.POST_NOTIFICATIONS": "dangerous",
            "android.permission.RAISED_THREAD_PRIORITY": "unknown",
            "android.permission.READ_EXTERNAL_STORAGE": "dangerous",
            "android.permission.READ_MEDIA_IMAGES": "dangerous",
            "android.permission.READ_MEDIA_VISUAL_USER_SELECTED": "dangerous",
            "android.permission.READ_PHONE_NUMBERS": "dangerous",
            "android.permission.READ_PHONE_STATE": "dangerous",
            "android.permission.RECEIVE_BOOT_COMPLETED": "normal",
            "android.permission.RECORD_AUDIO": "dangerous",
            "android.permission.REQUEST_IGNORE_BATTERY_OPTIMIZATIONS": "normal",
            "android.permission.SCHEDULE_EXACT_ALARM": "signature",
            "android.permission.SYSTEM_ALERT_WINDOW": "signature",
            "android.permission.TURN_SCREEN_ON": "unlaballed",
            "android.permission.VIBRATE": "normal",
            "android.permission.WAKE_LOCK": "normal",
            "android.permission.WRITE_EXTERNAL_STORAGE": "dangerous",
            "com.slacorp.eptt.android.DYNAMIC_RECEIVER_NOT_EXPORTED_PERMISSION": "unknown",
            "com.slacorp.eptt.android.permission.PTT": "unknown",
            "com.sonim.spcc.permission.API_ACCESS": "unknown"
        },
        "risk_counts": {
            "dangerous": 16,
            "normal": 18,
            "unknown": 4,
            "signature": 2,
            "unlaballed": 1
        }
    },
    "stats": {
        "dex_count": 1,
        "native_lib_count": 0
    },
    "jadx": {
        "status": "timeout",
        "duration_sec": 600.31,
        "sources_present": false,
        "java_file_count": 0
    },
    "ast_analysis": {
        "location": 0,
        "microphone": 0,
        "camera": 0,
        "media_projection": 0,
        "dynamic_load": 0,
        "jni": 0
    },
    "analysis_state": "partial",
    "behavioral_structural_data": {
        "api_inventory": {
            "camera": 0,
            "microphone": 2,
            "location": 1,
            "torch": 0,
            "telephony_ops": 1,
            "system_commands": 3,
            "webview_interop": 1,
            "content_access": 19,
            "audio_control": 2,
            "vibration": 3,
            "network_io": 1,
            "scheduling_apis": 33,
            "dynamic_code": 116
        },
        "execution_context": {
            "in_service": 0,
            "in_receiver": 0,
            "in_activity": 0,
            "in_provider": 0,
            "unknown": 182
        },
        "scheduling_mechanisms": {
            "alarm_manager": 3,
            "handler_loop": 27,
            "job_scheduler": 3
        },
        "trigger_types": {
            "auto_triggered": 2,
            "user_triggered": 2
        },
        "dynamic_features": {
            "jni_usage": 5,
            "dynamic_loading": 0,
            "reflection": 111
        }
    }
}