{
    "apk_name": "EDE5EC98C04CF429A48FD9F6535A17556359BA0894D2A5EBD6FA848988287D47",
    "sha256": "ede5ec98c04cf429a48fd9f6535a17556359ba0894d2a5ebd6fa848988287d47",
    "metadata": {
        "package_name": "com.get.gsappalpha1a",
        "version_code": "1",
        "version_name": "1.0.0",
        "min_sdk": "21",
        "target_sdk": "25",
        "permissions": [
            "android.permission.ACCESS_FINE_LOCATION",
            "android.permission.CAMERA",
            "android.permission.WRITE_EXTERNAL_STORAGE",
            "com.android.vending.BILLING"
        ],
        "activities": [
            "com.get.gsappalpha1a.HelpScreenActivity",
            "com.get.gsappalpha1a.MainScreenActivity",
            "com.get.gsappalpha1a.ShootingActivity",
            "com.get.gsappalpha1a.SplashActivity",
            "com.get.gsappalpha1a.TestActivity",
            "com.get.gsappalpha1a.TrainingSelectActivity",
            "com.get.gsappalpha1a.WarningScreenActivity"
        ],
        "services": [],
        "receivers": [],
        "permission_details": {
            "android.permission.ACCESS_FINE_LOCATION": "dangerous",
            "android.permission.CAMERA": "dangerous",
            "android.permission.WRITE_EXTERNAL_STORAGE": "dangerous",
            "com.android.vending.BILLING": "unknown"
        },
        "risk_counts": {
            "dangerous": 3,
            "unknown": 1
        }
    },
    "stats": {
        "dex_count": 1,
        "native_lib_count": 4
    },
    "jadx": {
        "status": "ok",
        "duration_sec": 5.6,
        "sources_present": true,
        "java_file_count": 337
    },
    "ast_analysis": {
        "location": 0,
        "microphone": 0,
        "camera": 2,
        "media_projection": 0,
        "dynamic_load": 0,
        "jni": 2
    },
    "analysis_state": "complete"
}