{
    "apk_name": "A7B66D01AC2F9A8141937408F4CDE8B59BB6B1D2006822C6B10698C81D05CD5B",
    "sha256": "a7b66d01ac2f9a8141937408f4cde8b59bb6b1d2006822c6b10698c81d05cd5b",
    "metadata": {
        "package_name": "com.hamelin.wanapp",
        "version_code": "101010360",
        "version_name": "5.0.101",
        "min_sdk": "27",
        "target_sdk": "33",
        "permissions": [
            "android.permission.ACCESS_NETWORK_STATE",
            "android.permission.CAMERA",
            "android.permission.FOREGROUND_SERVICE",
            "android.permission.INTERNET",
            "android.permission.MANAGE_DOCUMENTS",
            "android.permission.POST_NOTIFICATIONS",
            "android.permission.READ_APP_BADGE",
            "android.permission.READ_CALENDAR",
            "android.permission.READ_EXTERNAL_STORAGE",
            "android.permission.RECEIVE_BOOT_COMPLETED",
            "android.permission.SCHEDULE_EXACT_ALARM",
            "android.permission.VIBRATE",
            "android.permission.WAKE_LOCK",
            "android.permission.WRITE_EXTERNAL_STORAGE",
            "com.anddoes.launcher.permission.UPDATE_COUNT",
            "com.android.alarm.permission.SET_ALARM",
            "com.google.android.c2dm.permission.RECEIVE",
            "com.hamelin.wanapp.permission.C2D_MESSAGE",
            "com.htc.launcher.permission.READ_SETTINGS",
            "com.htc.launcher.permission.UPDATE_SHORTCUT",
            "com.huawei.android.launcher.permission.CHANGE_BADGE",
            "com.huawei.android.launcher.permission.READ_SETTINGS",
            "com.huawei.android.launcher.permission.WRITE_SETTINGS",
            "com.majeur.launcher.permission.UPDATE_BADGE",
            "com.oppo.launcher.permission.READ_SETTINGS",
            "com.oppo.launcher.permission.WRITE_SETTINGS",
            "com.sec.android.provider.badge.permission.READ",
            "com.sec.android.provider.badge.permission.WRITE",
            "com.sonyericsson.home.permission.BROADCAST_BADGE",
            "com.sonymobile.home.permission.PROVIDER_INSERT_BADGE",
            "me.everything.badger.permission.BADGE_COUNT_READ",
            "me.everything.badger.permission.BADGE_COUNT_WRITE"
        ],
        "activities": [
            "com.hamelin.oxtags.OxCameraActivity",
            "com.onesignal.NotificationOpenedActivityHMS",
            "com.onesignal.NotificationOpenedReceiver",
            "com.onesignal.NotificationOpenedReceiverAndroid22AndOlder",
            "com.onesignal.PermissionsActivity",
            "crc646957603ea1820544.MediaPickerActivity",
            "crc647ce0d46a6c92c828.MainActivity",
            "crc647ce0d46a6c92c828.OidcCallbackActivity",
            "crc64a0e0a82d0db9a07d.IntermediateActivity",
            "crc64a0e0a82d0db9a07d.WebAuthenticatorIntermediateActivity"
        ],
        "services": [
            "androidx.room.MultiInstanceInvalidationService",
            "androidx.work.impl.background.systemalarm.SystemAlarmService",
            "androidx.work.impl.background.systemjob.SystemJobService",
            "androidx.work.impl.foreground.SystemForegroundService",
            "com.google.android.datatransport.runtime.backends.TransportBackendDiscovery",
            "com.google.android.datatransport.runtime.scheduling.jobscheduling.JobInfoSchedulerService",
            "com.google.firebase.components.ComponentDiscoveryService",
            "com.google.firebase.messaging.FirebaseMessagingService",
            "com.onesignal.FCMIntentJobService",
            "com.onesignal.FCMIntentService",
            "com.onesignal.HmsMessageServiceOneSignal",
            "com.onesignal.SyncJobService",
            "com.onesignal.SyncService",
            "crc64396a3fe5f8138e3f.KeepAliveService"
        ],
        "receivers": [
            "androidx.work.impl.background.systemalarm.ConstraintProxy$BatteryChargingProxy",
            "androidx.work.impl.background.systemalarm.ConstraintProxy$BatteryNotLowProxy",
            "androidx.work.impl.background.systemalarm.ConstraintProxy$NetworkStateProxy",
            "androidx.work.impl.background.systemalarm.ConstraintProxy$StorageNotLowProxy",
            "androidx.work.impl.background.systemalarm.ConstraintProxyUpdateReceiver",
            "androidx.work.impl.background.systemalarm.RescheduleReceiver",
            "androidx.work.impl.diagnostics.DiagnosticsReceiver",
            "androidx.work.impl.utils.ForceStopRunnable$BroadcastReceiver",
            "com.google.android.datatransport.runtime.scheduling.jobscheduling.AlarmManagerSchedulerBroadcastReceiver",
            "com.google.firebase.iid.FirebaseInstanceIdReceiver",
            "com.onesignal.BootUpReceiver",
            "com.onesignal.FCMBroadcastReceiver",
            "com.onesignal.NotificationDismissReceiver",
            "com.onesignal.UpgradeReceiver",
            "crc64352f49a6f9b82591.AndroidAlarmHandler",
            "crc64352f49a6f9b82591.AndroidBootReceiver",
            "crc643f46942d9dd1fff9.PowerSaveModeBroadcastReceiver",
            "crc64a0e0a82d0db9a07d.BatteryBroadcastReceiver",
            "crc64a0e0a82d0db9a07d.ConnectivityBroadcastReceiver",
            "crc64a0e0a82d0db9a07d.EnergySaverBroadcastReceiver"
        ],
        "permission_details": {
            "android.permission.ACCESS_NETWORK_STATE": "normal",
            "android.permission.CAMERA": "dangerous",
            "android.permission.FOREGROUND_SERVICE": "normal",
            "android.permission.INTERNET": "normal",
            "android.permission.MANAGE_DOCUMENTS": "unlaballed",
            "android.permission.POST_NOTIFICATIONS": "dangerous",
            "android.permission.READ_APP_BADGE": "unknown",
            "android.permission.READ_CALENDAR": "dangerous",
            "android.permission.READ_EXTERNAL_STORAGE": "dangerous",
            "android.permission.RECEIVE_BOOT_COMPLETED": "normal",
            "android.permission.SCHEDULE_EXACT_ALARM": "signature",
            "android.permission.VIBRATE": "normal",
            "android.permission.WAKE_LOCK": "normal",
            "android.permission.WRITE_EXTERNAL_STORAGE": "dangerous",
            "com.anddoes.launcher.permission.UPDATE_COUNT": "unknown",
            "com.android.alarm.permission.SET_ALARM": "normal",
            "com.google.android.c2dm.permission.RECEIVE": "unknown",
            "com.hamelin.wanapp.permission.C2D_MESSAGE": "unknown",
            "com.htc.launcher.permission.READ_SETTINGS": "unknown",
            "com.htc.launcher.permission.UPDATE_SHORTCUT": "unknown",
            "com.huawei.android.launcher.permission.CHANGE_BADGE": "unknown",
            "com.huawei.android.launcher.permission.READ_SETTINGS": "unknown",
            "com.huawei.android.launcher.permission.WRITE_SETTINGS": "signature",
            "com.majeur.launcher.permission.UPDATE_BADGE": "unknown",
            "com.oppo.launcher.permission.READ_SETTINGS": "unknown",
            "com.oppo.launcher.permission.WRITE_SETTINGS": "signature",
            "com.sec.android.provider.badge.permission.READ": "unknown",
            "com.sec.android.provider.badge.permission.WRITE": "unknown",
            "com.sonyericsson.home.permission.BROADCAST_BADGE": "unknown",
            "com.sonymobile.home.permission.PROVIDER_INSERT_BADGE": "unknown",
            "me.everything.badger.permission.BADGE_COUNT_READ": "unknown",
            "me.everything.badger.permission.BADGE_COUNT_WRITE": "unknown"
        },
        "risk_counts": {
            "normal": 7,
            "dangerous": 5,
            "unlaballed": 1,
            "unknown": 16,
            "signature": 3
        }
    },
    "stats": {
        "dex_count": 2,
        "native_lib_count": 18
    },
    "jadx": {
        "status": "ok",
        "duration_sec": 24.25,
        "sources_present": true,
        "java_file_count": 4307
    },
    "ast_analysis": {
        "location": 10,
        "microphone": 0,
        "camera": 7,
        "media_projection": 0,
        "dynamic_load": 0,
        "jni": 7
    },
    "analysis_state": "complete"
}