{
    "apk_name": "1305AC358C5EB20C557886E495CA10799F0F66C7055C7DF59912494D792F7EBB",
    "sha256": "1305ac358c5eb20c557886e495ca10799f0f66c7055c7df59912494d792f7ebb",
    "metadata": {
        "package_name": "com.sing.client",
        "version_code": "610780",
        "version_name": "6.10.78",
        "min_sdk": "21",
        "target_sdk": "26",
        "permissions": [
            "android.permission.ACCESS_DOWNLOAD_MANAGER",
            "android.permission.ACCESS_NETWORK_STATE",
            "android.permission.ACCESS_WIFI_STATE",
            "android.permission.BLUETOOTH",
            "android.permission.BLUETOOTH_ADMIN",
            "android.permission.BROADCAST_STICKY",
            "android.permission.CAMERA",
            "android.permission.CHANGE_NETWORK_STATE",
            "android.permission.CHANGE_WIFI_STATE",
            "android.permission.DISABLE_KEYGUARD",
            "android.permission.DOWNLOAD_WITHOUT_NOTIFICATION",
            "android.permission.EXPAND_STATUS_BAR",
            "android.permission.FLASHLIGHT",
            "android.permission.FOREGROUND_SERVICE",
            "android.permission.GET_TASKS",
            "android.permission.INTERNET",
            "android.permission.KILL_BACKGROUND_PROCESSES",
            "android.permission.LOCAL_MAC_ADDRESS",
            "android.permission.MANAGE_ACCOUNTS",
            "android.permission.MODIFY_AUDIO_SETTINGS",
            "android.permission.MOUNT_UNMOUNT_FILESYSTEMS",
            "android.permission.RAISED_THREAD_PRIORITY",
            "android.permission.READ_APN_SETTINGS",
            "android.permission.READ_CONTACTS",
            "android.permission.READ_EXTERNAL_STORAGE",
            "android.permission.READ_LOGS",
            "android.permission.READ_PHONE_STATE",
            "android.permission.RECEIVE_USER_PRESENT",
            "android.permission.RECORD_AUDIO",
            "android.permission.REQUEST_INSTALL_PACKAGES",
            "android.permission.RESTART_PACKAGES",
            "android.permission.SYSTEM_ALERT_WINDOW",
            "android.permission.SYSTEM_OVERLAY_WINDOW",
            "android.permission.USE_FULL_SCREEN_INTENT",
            "android.permission.VIBRATE",
            "android.permission.WAKE_LOCK",
            "android.permission.WRITE_EXTERNAL_STORAGE",
            "android.permission.WRITE_SETTINGS",
            "com.android.launcher.permission.READ_SETTINGS",
            "com.coloros.mcs.permission.RECIEVE_MCS_MESSAGE",
            "com.heytap.mcs.permission.RECIEVE_MCS_MESSAGE",
            "com.huawei.appmarket.service.commondata.permission.GET_COMMON_DATA",
            "com.kugou.permission.ACCESS_DOWNLOAD_MANAGER",
            "com.kugou.permission.ACCESS_DOWNLOAD_MANAGER_ADVANCED",
            "com.kugou.permission.SEND_DOWNLOAD_COMPLETED_INTENTS",
            "com.meizu.c2dm.permission.RECEIVE",
            "com.meizu.flyme.push.permission.RECEIVE",
            "com.sing.client.permission.C2D_MESSAGE",
            "com.sing.client.permission.MIPUSH_RECEIVE",
            "com.sing.client.permission.PROCESS_PUSH_MSG",
            "com.sing.client.permission.PUSH_PROVIDER",
            "com.sing.client.permission.TMF_SHARK",
            "com.sing.client.push.permission.MESSAGE",
            "com.sing.kugou.android.permission.ACCESS_KUGOU_SERVICE",
            "com.sing.permission.ACCESS_DOWNLOAD_MANAGER",
            "com.sing.permission.ACCESS_DOWNLOAD_MANAGER_ADVANCED",
            "com.sing.permission.SEND_DOWNLOAD_COMPLETED_INTENTS"
        ],
        "activities": [
            "com.alipay.sdk.app.APayEntranceActivity",
            "com.alipay.sdk.app.AlipayResultActivity",
            "com.alipay.sdk.app.H5AuthActivity",
            "com.alipay.sdk.app.H5OpenAuthActivity",
            "com.alipay.sdk.app.H5PayActivity",
            "com.alipay.sdk.app.PayResultActivity",
            "com.bugly.BuglyHotTestActivity",
            "com.example.songkailiu.tmethirdpartlogin.TmeLoginActivity",
            "com.huawei.hms.activity.BridgeActivity",
            "com.huawei.hms.activity.EnableServiceActivity",
            "com.huawei.updatesdk.service.otaupdate.AppUpdateActivity",
            "com.huawei.updatesdk.support.pm.PackageInstallerActivity",
            "com.kugou.common.permission.PermissionActivity",
            "com.kugou.coolshot.ui.activity.MVMainActivity",
            "com.kugou.coolshot.ui.activity.MVPublishActivity",
            "com.kugou.coolshot.ui.activity.VideoDragActivity",
            "com.kugou.coolshot.ui.activity.VideoModelActivity",
            "com.kugou.coolshot.ui.activity.VideoPreviewActivity",
            "com.kugou.coolshot.ui.local.LocalVideoEditActivity",
            "com.kugou.draft.KgSvDraftActivity",
            "com.kugou.framework.imagecrop.CropImage",
            "com.kugou.materialselection.materialUi.KGMaterialPickerActivity",
            "com.kugou.materialselection.preview.MediaPreviewActivity",
            "com.kugou.publish.KGSvPublishActivity",
            "com.kugou.publish.cover.CoverEditActivity",
            "com.kugou.qq_module.BaseQQShareActivity",
            "com.kugou.record.KGRecordActivity",
            "com.kugou.sina_module.KGSinaAuthActivity",
            "com.kugou.sina_module.KGSinaWBShareActivity",
            "com.kugou.svedit.KGSvEditActivity",
            "com.kugou.svedit.backgroundmusic.cutmusic.SvCutMusicActivity",
            "com.kugou.svedit.backgroundmusic.musicselect.MusicSelectActivity",
            "com.kugou.svedit.backgroundmusic.segementSelect.MusicSegmentSelectActivity",
            "com.leidian.kugouthirdpartlogin.KugouGetInfoActivity",
            "com.leidian.kugouthirdpartlogin.KugouLoginActivity",
            "com.leidian.ringthirdpartlogin.RingLoginActivity",
            "com.mob.tools.MobUIShell",
            "com.sina.weibo.sdk.share.ShareTransActivity",
            "com.sina.weibo.sdk.web.WebActivity",
            "com.sing.client.active.ActiveActivity",
            "com.sing.client.active.AddOrEditAddressAcitvity",
            "com.sing.client.active.ChoiceAddressActivity",
            "com.sing.client.active.FundOrderDetailActivity",
            "com.sing.client.active.FundingActivity",
            "com.sing.client.active.FundingOrderFragment",
            "com.sing.client.active.JoinFundingActivity",
            "com.sing.client.active.MusicalActivitiesActivity",
            "com.sing.client.active.OfficialCompetitionActivity",
            "com.sing.client.active.PayFailActivity",
            "com.sing.client.active.PaySuccessActivity",
            "com.sing.client.active.SelfCompetitionActivity",
            "com.sing.client.active.funding.MyFundingActivity",
            "com.sing.client.active.funding.MyFundingDraftsActivity",
            "com.sing.client.active.funding.OldFundingOrderActivity",
            "com.sing.client.activity.MainActivity",
            "com.sing.client.album.AlbumDetailActivity",
            "com.sing.client.album.AlbumMemoActivity",
            "com.sing.client.apm.ApmTestActivity",
            "com.sing.client.arranger.ui.ArrangerActivity",
            "com.sing.client.arranger.ui.ArrangerSendActivity",
            "com.sing.client.arranger.ui.MyArrangerAcivity",
            "com.sing.client.certify.ui.CertFailActivity",
            "com.sing.client.certify.ui.CertPreActivity",
            "com.sing.client.certify.ui.ZhiMaActivity",
            "com.sing.client.channal.ui.ChannalDetailActivity2",
            "com.sing.client.classify.ClassifyActivity",
            "com.sing.client.classify.ClassifyBzActivity",
            "com.sing.client.classify.TypeRankActivity",
            "com.sing.client.community.CreatePlateActivity",
            "com.sing.client.community.MyPostActivity",
            "com.sing.client.community.PlateListActivity",
            "com.sing.client.community.SearchPlateActivity",
            "com.sing.client.community.active.ApplyActiveActivity",
            "com.sing.client.community.active.BindCircleMusicianActivity",
            "com.sing.client.community.active.CircleActiveDetailActivity",
            "com.sing.client.community.active.CircleFansListActivity",
            "com.sing.client.community.active.GetSendToActiveActivity",
            "com.sing.client.community.active.HOFActivity",
            "com.sing.client.community.ui.ChooseKuGouSongBookActivity",
            "com.sing.client.community.ui.ChooseLocalMusicActivity",
            "com.sing.client.community.ui.CmyCommentDetailActivity",
            "com.sing.client.community.ui.CommunityApplyManagerActivity",
            "com.sing.client.community.ui.CommunityDetailActivity",
            "com.sing.client.community.ui.CommunityEditActivity",
            "com.sing.client.community.ui.CommunityHotRankActyvity",
            "com.sing.client.community.ui.CommunityInfoListActivity",
            "com.sing.client.community.ui.CommunityIntroduceActivity",
            "com.sing.client.community.ui.CommunityWorksActivity",
            "com.sing.client.community.ui.CreateWallListActivity",
            "com.sing.client.community.ui.DraftsActivity",
            "com.sing.client.community.ui.EditMusicActivity",
            "com.sing.client.community.ui.PlateMoreActivity",
            "com.sing.client.community.ui.RecordCommunityActivity",
            "com.sing.client.community.ui.SendCommunityActivity",
            "com.sing.client.community.ui.SendMusicCommunityActivity",
            "com.sing.client.dialog.ShareActivityToApp",
            "com.sing.client.dj.AddDJSongActivity",
            "com.sing.client.dj.DJCollectionActivity",
            "com.sing.client.dj.DeleteDJSongActivity",
            "com.sing.client.dj.DeleteDJSongListActivity",
            "com.sing.client.dj.DjCompleteActivity",
            "com.sing.client.dj.DjListDetailActivity2",
            "com.sing.client.dj.DjListDetailActivity2",
            "com.sing.client.dj.GuessULikeActivity",
            "com.sing.client.dj.SelectDjSongListTypeActivity",
            "com.sing.client.dj.SonglistSortEditActivity",
            "com.sing.client.doki.DokiTaskActivity",
            "com.sing.client.doki.FcousRankActivity",
            "com.sing.client.doki.MusicianActivity2",
            "com.sing.client.doki.MusicianActivity3",
            "com.sing.client.doki.RankByStagesActivity",
            "com.sing.client.doki.RankByStagesActivity2",
            "com.sing.client.doki.ui.DikiFansTopTenActivity",
            "com.sing.client.doki.ui.DokiSignActivity",
            "com.sing.client.doki.ui.MedalLevelActivity",
            "com.sing.client.doki.ui.MyFansGradeActivity",
            "com.sing.client.drama.DramaPlayerActivity",
            "com.sing.client.dynamic.ShareSinaActivity",
            "com.sing.client.farm.AllActiveActivity",
            "com.sing.client.farm.CosListActivity",
            "com.sing.client.farm.FMActivity",
            "com.sing.client.farm.FarmDailyRecommentSongActivity2",
            "com.sing.client.farm.FarmOnlineMusicianListActivity",
            "com.sing.client.farm.FarmOriginalSongListActivity",
            "com.sing.client.farm.FarmPreLiveListActivity",
            "com.sing.client.farm.FarmRecSongListActivity",
            "com.sing.client.farm.FarmTopicActivity",
            "com.sing.client.farm.FarmTopicActivityO",
            "com.sing.client.farm.FirstInActivity",
            "com.sing.client.farm.FramchannelActivity",
            "com.sing.client.farm.FreshSongActivity",
            "com.sing.client.farm.GradeSongActivity",
            "com.sing.client.farm.HotIpActivity",
            "com.sing.client.farm.RECEveryDayActicity",
            "com.sing.client.farm.RadioPlayListActivity",
            "com.sing.client.farm.RecLiversActivity",
            "com.sing.client.farm.RecommendationActivity",
            "com.sing.client.farm.ScoutActivity",
            "com.sing.client.farm.ShareActivityForTopic",
            "com.sing.client.farm.ui.FarmClassifyActivity",
            "com.sing.client.farm.ui.FarmFankingActivity",
            "com.sing.client.farm.ui.HotCircleActivity",
            "com.sing.client.farm.ui.StyleSongsActivity2",
            "com.sing.client.farm.view.NewH5CommonActivity",
            "com.sing.client.find.FindImageDetailActivity",
            "com.sing.client.find.FriendsRelationship.FindFriendsActivity",
            "com.sing.client.find.FriendsRelationship.FriendsListActivity",
            "com.sing.client.find.FriendsRelationship.FriendsSearchActivity",
            "com.sing.client.find.FriendsRelationship.MusicianListActivity",
            "com.sing.client.find.FriendsRelationship.NewFriendsListActivity",
            "com.sing.client.find.FriendsRelationship.WeiboShareActivity",
            "com.sing.client.find.release.FindDynamicReleaseActivity",
            "com.sing.client.find.release.GetRankMusicianActivity",
            "com.sing.client.find.release.album.ChoiceImageDetailsActivity",
            "com.sing.client.find.release.album.DeleteImageDetailsActivity",
            "com.sing.client.find.release.album.ImageGridChoiceActivity",
            "com.sing.client.find.release.ui.ChooseCollectionActivity",
            "com.sing.client.find.release.ui.ChooseLatelyPlaylistActivity",
            "com.sing.client.find.release.ui.ChooseMyWorkActivity",
            "com.sing.client.find.release.ui.ChooseSearchSongActivity",
            "com.sing.client.find.release.ui.ChooseSongActivity",
            "com.sing.client.find.release.ui.ChooseSongListActivity",
            "com.sing.client.find.release.ui.ChooseUserActivity",
            "com.sing.client.find.release.ui.DynamicShareActivity",
            "com.sing.client.hof.weekrank.HofWeekRankActivity",
            "com.sing.client.inducted.AllApplyActivity",
            "com.sing.client.inducted.IdentityActivity",
            "com.sing.client.inducted.ModifyActivity",
            "com.sing.client.inducted.PropagandaActivity",
            "com.sing.client.interaction.DynamicDetailActivity",
            "com.sing.client.interaction.SelfCompetitionSearchActivity",
            "com.sing.client.live.LiveRoomActivity",
            "com.sing.client.live_audio.ui.ApplyMusicianActivity",
            "com.sing.client.live_audio.ui.SubscribePhoneActivity",
            "com.sing.client.loadimage.ImagePagerActivity",
            "com.sing.client.localmusic.ComSongActivity",
            "com.sing.client.localmusic.LocalMusicActivity2",
            "com.sing.client.localmusic.ScanMusicActivity",
            "com.sing.client.localmusic.SelectDirActivity",
            "com.sing.client.localmusic.SelectSDCardActivity",
            "com.sing.client.login.LoginActivity",
            "com.sing.client.login.RegRuleActivity",
            "com.sing.client.login.RetrievePwdActivity",
            "com.sing.client.login.RetrieveSuccessActivity",
            "com.sing.client.login.onekey.AllLoginActivity",
            "com.sing.client.login.onekey.OneKeyLoginActivity",
            "com.sing.client.login.ui.RegActivity",
            "com.sing.client.message.MessageDetailActivity",
            "com.sing.client.message.MessageInStationActivity",
            "com.sing.client.multi_image.MultiImageActivity",
            "com.sing.client.multi_image.ShowImageActivity",
            "com.sing.client.musicbox.AlbumCommentActivity",
            "com.sing.client.musicbox.DJCommentActivity",
            "com.sing.client.musicbox.MusicStyleActivity",
            "com.sing.client.musicbox.RankActivity2",
            "com.sing.client.musicbox.SelectSongListTypeActivity",
            "com.sing.client.musicbox.ui.AuthorizationLoginActivity",
            "com.sing.client.musicbox.ui.DJSonglistActivity",
            "com.sing.client.musicbox.ui.MyCaptureActivity",
            "com.sing.client.musicbox.ui.ScanUnsupportActivity",
            "com.sing.client.musician.MusicianActivity",
            "com.sing.client.musician.ui.EamimeReportActivity",
            "com.sing.client.musician.ui.HasFinishActivity",
            "com.sing.client.musician.ui.HaveARestActivity",
            "com.sing.client.musician.ui.MusicReviewFailReasonActivity",
            "com.sing.client.musician.ui.MusicianCheckApplyActivity",
            "com.sing.client.musician.ui.MusicianExamineActivity",
            "com.sing.client.musician.ui.MyMusicReviewListActivity",
            "com.sing.client.musician.ui.NewMusicApplyTipsActivity",
            "com.sing.client.mv.ui.MvDetailActivity",
            "com.sing.client.mv.ui.MvMoreActivity",
            "com.sing.client.myhome.AboutActivity",
            "com.sing.client.myhome.BuyLogActivity",
            "com.sing.client.myhome.CertificationActivity",
            "com.sing.client.myhome.CertificationUploadPhotoActivity",
            "com.sing.client.myhome.ChoicePaymentActivity",
            "com.sing.client.myhome.ContactActivity",
            "com.sing.client.myhome.ConversationActivity",
            "com.sing.client.myhome.DownloadActivity",
            "com.sing.client.myhome.FansListActivity",
            "com.sing.client.myhome.FavoriteActivity2",
            "com.sing.client.myhome.FkZpActivity",
            "com.sing.client.myhome.GetDDActivity",
            "com.sing.client.myhome.MyCollectActivity",
            "com.sing.client.myhome.MyWorkActivity",
            "com.sing.client.myhome.PayLogActivity",
            "com.sing.client.myhome.SearchTargetUserActivity",
            "com.sing.client.myhome.SearchTargetUserActivity2",
            "com.sing.client.myhome.SelectFriendsForSendActivity",
            "com.sing.client.myhome.SelectFriendsForSendActivity2",
            "com.sing.client.myhome.SelfDynamicActivity",
            "com.sing.client.myhome.SendToAllActivity",
            "com.sing.client.myhome.TrsasureActivity",
            "com.sing.client.myhome.ZPTypeActivity",
            "com.sing.client.myhome.giftwall.FansGiftRankActivity",
            "com.sing.client.myhome.giftwall.MyGiftWallActivity",
            "com.sing.client.myhome.giftwall.VisitorGiftWallActivity",
            "com.sing.client.myhome.message.BlockMessageActivity",
            "com.sing.client.myhome.message.CommentDetailActivity",
            "com.sing.client.myhome.message.MessageActivity",
            "com.sing.client.myhome.message.MusicianWorkNotityActivity",
            "com.sing.client.myhome.message.MyIjkPlayerActivity",
            "com.sing.client.myhome.message.SetActivity",
            "com.sing.client.myhome.message.WebNotificationActivity",
            "com.sing.client.myhome.musiciancenter.MusicianCenterActivity",
            "com.sing.client.myhome.musiciantask.AlbumListActivity",
            "com.sing.client.myhome.musiciantask.ExchangeDetailActivity",
            "com.sing.client.myhome.musiciantask.ExchangeLogActivity",
            "com.sing.client.myhome.musiciantask.MusicListActivity",
            "com.sing.client.myhome.musiciantask.OneKeyPublishSongActivity",
            "com.sing.client.myhome.musiciantask.OneKeyPublishSuccessActivity",
            "com.sing.client.myhome.musiciantask.WelfareClubActivity",
            "com.sing.client.myhome.musiciantask.YdlogActivity",
            "com.sing.client.myhome.ui.AlbumBuyedActivity",
            "com.sing.client.myhome.ui.AlbumListActivity",
            "com.sing.client.myhome.ui.BePayActivity",
            "com.sing.client.myhome.ui.BuyVipActivity",
            "com.sing.client.myhome.ui.ChooseBankChildActivity",
            "com.sing.client.myhome.ui.ChooseRankActivity",
            "com.sing.client.myhome.ui.ExtensionLogActivity",
            "com.sing.client.myhome.ui.LeadSongAmendActivity",
            "com.sing.client.myhome.ui.LeadSongDetailActivity",
            "com.sing.client.myhome.ui.OtherWorksActivity",
            "com.sing.client.myhome.ui.SongExtDetailActivity",
            "com.sing.client.myhome.ui.SongExtensionActivity",
            "com.sing.client.myhome.ui.StartRecommendCarActivity",
            "com.sing.client.myhome.ui.UGCWorkActivity",
            "com.sing.client.myhome.ui.VipSongListActivity",
            "com.sing.client.myhome.ui.WithdrawalsActivity",
            "com.sing.client.myhome.ui.WithdrawalsActivity2",
            "com.sing.client.myhome.ui.WithdrawalsListActivity",
            "com.sing.client.myhome.visitor.FcousRecActivity",
            "com.sing.client.myhome.visitor.LatelyPlaylistActivity",
            "com.sing.client.myhome.visitor.ModifyBackgroundActivity",
            "com.sing.client.myhome.visitor.NaughtyActivity",
            "com.sing.client.myhome.visitor.VisitorActivity",
            "com.sing.client.myhome.visitor.active.UserJoinActiveActivity",
            "com.sing.client.myhome.visitor.ui.GiftWallActivity",
            "com.sing.client.myhome.visitor.ui.GiftWallRankActivity",
            "com.sing.client.myhome.visitor.ui.SignTipsActivity",
            "com.sing.client.myhome.visitor.ui.VisitorAboutActivity",
            "com.sing.client.newlive.ReportActivity",
            "com.sing.client.permissions.PermissionActivity1",
            "com.sing.client.play.LyricSearchActivity",
            "com.sing.client.play.MusicCommentActivity",
            "com.sing.client.play.MusicdetailActivity",
            "com.sing.client.play.feedback.FeedbackActivity",
            "com.sing.client.play.feedback.FeedbackChooseActivity",
            "com.sing.client.play.lockscreen.LockScreenLyricActivity",
            "com.sing.client.play.ui.CopyLyricActivity",
            "com.sing.client.play.ui.PlayerActivity",
            "com.sing.client.play.ui.SupportListActivity",
            "com.sing.client.qrcode.QRResultActivity",
            "com.sing.client.qrcode.ScanCodeActivity",
            "com.sing.client.rank.MusicRankActivity2",
            "com.sing.client.reply.CommonReplyActivity",
            "com.sing.client.reply.DJReplyActivity",
            "com.sing.client.search.MusicianClassfyActivity",
            "com.sing.client.search.SearchActivity",
            "com.sing.client.setting.AlterUserInfoActivity",
            "com.sing.client.setting.BlackListActivity",
            "com.sing.client.setting.ChangeNicknameActivity",
            "com.sing.client.setting.CustomDownloadedPathActivity",
            "com.sing.client.setting.HelpActivity",
            "com.sing.client.setting.OtherPrivacySettingActivity",
            "com.sing.client.setting.PrivacySettingActivity",
            "com.sing.client.setting.QualityActivity",
            "com.sing.client.setting.SettingActivity",
            "com.sing.client.setting.ShowDownloadedPathActivity",
            "com.sing.client.setting.UploadActivity",
            "com.sing.client.setting.bind.BindAccountActivity",
            "com.sing.client.setting.ui.ChangeMenoActivity",
            "com.sing.client.setting.ui.ChooseSongTypeIdentityActivity",
            "com.sing.client.setting.ui.ModifyIdentitySongTypeActivity",
            "com.sing.client.splash.EntryActivity",
            "com.sing.client.splash.EntryMainActivity",
            "com.sing.client.splash.ProtocolActivity",
            "com.sing.client.splash.QuestionnaireActivity",
            "com.sing.client.subject.SubjectDetailActivity",
            "com.sing.client.subject.SubjectListActivity",
            "com.sing.client.teenagers.OpenCloseTeenyActivity",
            "com.sing.client.teenagers.TeenagerModeWebActivity",
            "com.sing.client.teenagers.TeenagersSetActivity",
            "com.sing.client.uploads.FillMusicInfoActivity",
            "com.sing.client.uploads.SelectUploadActivity",
            "com.sing.client.uploads.v663.FillMusicInfoActivitySet2",
            "com.sing.client.uploads.v663.FillMusicInfoActivitySet3",
            "com.sing.client.uploads.v663.GetFileActivity",
            "com.sing.client.uploads.v663.GetLRCFileActivity",
            "com.sing.client.uploads.v663.GetTagActivity",
            "com.sing.client.uploads.v663.GetTxtFileActivity",
            "com.sing.client.uploads.v663.GetVersionActivity",
            "com.sing.client.uploads.v663.InspirationEditActivity",
            "com.sing.client.uploads.v663.SelectOriSongActivity",
            "com.sing.client.uploads.v663.StandardActivity",
            "com.sing.client.uploads.v663.UploadActivity",
            "com.sing.client.uploads.v663.UploadReviewActivity",
            "com.sing.client.videorecord.ui.DraftsListActivity",
            "com.sing.client.videorecord.ui.LocalVideoListActivity",
            "com.sing.client.videorecord.ui.VideoRecordPlayerActivity",
            "com.sing.client.vlog.eidtvideo.EditVideoActivity",
            "com.sing.client.vlog.eidtvideo.EditVideoVoiceActivity",
            "com.sing.client.vlog.eidtvideo.GetVideoCoverActivity",
            "com.sing.client.vlog.kgsdk.KG5singSvEditActivity",
            "com.sing.client.vlog.kgsdk.music_select.SvCutMusicActivityIn5sing",
            "com.sing.client.vlog.kgsdk.music_select.VideoSelectMusicianActivityFromSDK",
            "com.sing.client.vlog.kgsdk.publish.SendUpVideoActivityFromSDK",
            "com.sing.client.vlog.kgsdk.record.KGRecordActivityIn5sing",
            "com.sing.client.vlog.localvideo.LocalVideoListActivity",
            "com.sing.client.vlog.play.VlogPlayerActivity",
            "com.sing.client.vlog.play.VlogReplyActivity",
            "com.sing.client.vlog.play.VlogReplyDialogActivity",
            "com.sing.client.vlog.selectMusic.VideoSelectMusicianActivity",
            "com.sing.client.vlog.sendupvideo.SendUpVideoActivity",
            "com.sing.client.wxapi.WXEntryActivity",
            "com.sing.client.wxapi.WXPayEntryActivity",
            "com.studio.autoupdate.UpdateDialogActivity",
            "com.tencent.bugly.beta.ui.BetaActiveAlertActivity",
            "com.tencent.bugly.beta.ui.BetaActivity",
            "com.tencent.connect.common.AssistActivity",
            "com.tencent.tauth.AuthActivity",
            "com.tencent.tinker.loader.hotplug.ActivityStubs$SGTKStub_00",
            "com.tencent.tinker.loader.hotplug.ActivityStubs$SGTKStub_00_T",
            "com.tencent.tinker.loader.hotplug.ActivityStubs$SGTKStub_01",
            "com.tencent.tinker.loader.hotplug.ActivityStubs$SGTKStub_01_T",
            "com.tencent.tinker.loader.hotplug.ActivityStubs$SGTKStub_02",
            "com.tencent.tinker.loader.hotplug.ActivityStubs$SGTKStub_02_T",
            "com.tencent.tinker.loader.hotplug.ActivityStubs$SGTKStub_03",
            "com.tencent.tinker.loader.hotplug.ActivityStubs$SGTKStub_04",
            "com.tencent.tinker.loader.hotplug.ActivityStubs$SGTKStub_05",
            "com.tencent.tinker.loader.hotplug.ActivityStubs$SGTKStub_06",
            "com.tencent.tinker.loader.hotplug.ActivityStubs$SGTKStub_07",
            "com.tencent.tinker.loader.hotplug.ActivityStubs$SGTKStub_08",
            "com.tencent.tinker.loader.hotplug.ActivityStubs$SGTKStub_09",
            "com.tencent.tinker.loader.hotplug.ActivityStubs$SGTStub_00",
            "com.tencent.tinker.loader.hotplug.ActivityStubs$SGTStub_00_T",
            "com.tencent.tinker.loader.hotplug.ActivityStubs$SGTStub_01",
            "com.tencent.tinker.loader.hotplug.ActivityStubs$SGTStub_01_T",
            "com.tencent.tinker.loader.hotplug.ActivityStubs$SGTStub_02",
            "com.tencent.tinker.loader.hotplug.ActivityStubs$SGTStub_02_T",
            "com.tencent.tinker.loader.hotplug.ActivityStubs$SGTStub_03",
            "com.tencent.tinker.loader.hotplug.ActivityStubs$SGTStub_04",
            "com.tencent.tinker.loader.hotplug.ActivityStubs$SGTStub_05",
            "com.tencent.tinker.loader.hotplug.ActivityStubs$SGTStub_06",
            "com.tencent.tinker.loader.hotplug.ActivityStubs$SGTStub_07",
            "com.tencent.tinker.loader.hotplug.ActivityStubs$SGTStub_08",
            "com.tencent.tinker.loader.hotplug.ActivityStubs$SGTStub_09",
            "com.tencent.tinker.loader.hotplug.ActivityStubs$SIStub_00",
            "com.tencent.tinker.loader.hotplug.ActivityStubs$SIStub_00_T",
            "com.tencent.tinker.loader.hotplug.ActivityStubs$SIStub_01",
            "com.tencent.tinker.loader.hotplug.ActivityStubs$SIStub_01_T",
            "com.tencent.tinker.loader.hotplug.ActivityStubs$SIStub_02",
            "com.tencent.tinker.loader.hotplug.ActivityStubs$SIStub_02_T",
            "com.tencent.tinker.loader.hotplug.ActivityStubs$SIStub_03",
            "com.tencent.tinker.loader.hotplug.ActivityStubs$SIStub_04",
            "com.tencent.tinker.loader.hotplug.ActivityStubs$SIStub_05",
            "com.tencent.tinker.loader.hotplug.ActivityStubs$SIStub_06",
            "com.tencent.tinker.loader.hotplug.ActivityStubs$SIStub_07",
            "com.tencent.tinker.loader.hotplug.ActivityStubs$SIStub_08",
            "com.tencent.tinker.loader.hotplug.ActivityStubs$SIStub_09",
            "com.tencent.tinker.loader.hotplug.ActivityStubs$STDStub_00",
            "com.tencent.tinker.loader.hotplug.ActivityStubs$STDStub_00_T",
            "com.tencent.tinker.loader.hotplug.ActivityStubs$STDStub_01",
            "com.tencent.tinker.loader.hotplug.ActivityStubs$STDStub_01_T",
            "com.tencent.tinker.loader.hotplug.ActivityStubs$STDStub_02",
            "com.tencent.tinker.loader.hotplug.ActivityStubs$STDStub_02_T",
            "com.tencent.tinker.loader.hotplug.ActivityStubs$STDStub_03",
            "com.tencent.tinker.loader.hotplug.ActivityStubs$STDStub_04",
            "com.tencent.tinker.loader.hotplug.ActivityStubs$STDStub_05",
            "com.tencent.tinker.loader.hotplug.ActivityStubs$STDStub_06",
            "com.tencent.tinker.loader.hotplug.ActivityStubs$STDStub_07",
            "com.tencent.tinker.loader.hotplug.ActivityStubs$STDStub_08",
            "com.tencent.tinker.loader.hotplug.ActivityStubs$STDStub_09",
            "com.umeng.fb.ConversationActivity",
            "com.vivo.push.sdk.LinkProxyClientActivity",
            "com.yalantis.ucrop.UCropActivity",
            "com.yzq.zxinglibrary.android.CaptureActivity",
            "pulltozoomview.MainTestActivity"
        ],
        "services": [
            "com.heytap.msp.push.service.CompatibleDataMessageCallbackService",
            "com.heytap.msp.push.service.DataMessageCallbackService",
            "com.huawei.agconnect.core.ServiceDiscovery",
            "com.huawei.hms.support.api.push.service.HmsMsgService",
            "com.kugou.android.player.PlaybackService",
            "com.kugou.common.player.PlaybackService",
            "com.kugou.cx.common.pushmessage.hwpush.HwPushService",
            "com.kugou.framework.download.provider.news.DownloadService",
            "com.kugou.framework.upload.provider.UploadService",
            "com.kugou.svedit.backgroundmusic.download.filemanager.DownloadService",
            "com.liulishuo.filedownloader.services.FileDownloadService$SeparateProcessService",
            "com.liulishuo.filedownloader.services.FileDownloadService$SharedMainProcessService",
            "com.sing.client.polling.PollingService",
            "com.sing.client.service.BackgroundSerivce",
            "com.sing.client.videorecord.upload.UploadVideoService",
            "com.studio.autoupdate.DownloadService",
            "com.tencent.bugly.beta.tinker.TinkerResultService",
            "com.tencent.smtt.export.external.DexClassLoaderProviderService",
            "com.tencent.tinker.lib.service.DefaultTinkerResultService",
            "com.tencent.tinker.lib.service.TinkerPatchForeService",
            "com.tencent.tinker.lib.service.TinkerPatchService",
            "com.tencent.tinker.lib.service.TinkerPatchService$InnerService",
            "com.vivo.push.sdk.service.CommandClientService",
            "com.xiaomi.mipush.sdk.MessageHandleService",
            "com.xiaomi.mipush.sdk.PushMessageHandler",
            "com.xiaomi.push.service.XMJobService",
            "com.xiaomi.push.service.XMPushService"
        ],
        "receivers": [
            "com.huawei.hms.support.api.push.PushMsgReceiver",
            "com.huawei.hms.support.api.push.PushReceiver",
            "com.sing.client.broadcast.MediaButtonReceiver",
            "com.sing.client.push.KugouPushBroadcastReceiver",
            "com.sing.client.push.MiMessageReceiver",
            "com.sing.client.push.VivoPushMsgReceiver",
            "com.xiaomi.push.service.receivers.PingReceiver"
        ]
    },
    "stats": {
        "dex_count": 4,
        "native_lib_count": 39
    },
    "jadx": {
        "status": "ok",
        "duration_sec": 57.88,
        "sources_present": true,
        "java_file_count": 13889
    },
    "ast_analysis": {
        "location": 0,
        "microphone": 7,
        "camera": 71,
        "media_projection": 0,
        "dynamic_load": 0,
        "jni": 83
    },
    "analysis_state": "complete"
}