{
    "apk_name": "D5C22D18BE895C47C0CF194CC72CE1D4D18265FA12E7FC655B54B41E5520BFF3",
    "sha256": "d5c22d18be895c47c0cf194cc72ce1d4d18265fa12e7fc655b54b41e5520bff3",
    "metadata": {
        "package_name": "com.zhwt.job",
        "version_code": "2128",
        "version_name": "2.1.28",
        "min_sdk": "19",
        "target_sdk": "30",
        "permissions": [
            "android.permission.ACCESS_NETWORK_STATE",
            "android.permission.ACCESS_WIFI_STATE",
            "android.permission.CAMERA",
            "android.permission.FLASHLIGHT",
            "android.permission.INSTALL_PACKAGES",
            "android.permission.INTERNET",
            "android.permission.MODIFY_AUDIO_SETTINGS",
            "android.permission.READ_EXTERNAL_STORAGE",
            "android.permission.READ_LOGS",
            "android.permission.READ_MEDIA_IMAGES",
            "android.permission.READ_MEDIA_VIDEO",
            "android.permission.READ_MEDIA_VISUAL_USER_SELECTED",
            "android.permission.READ_PHONE_STATE",
            "android.permission.REQUEST_INSTALL_PACKAGES",
            "android.permission.WAKE_LOCK",
            "android.permission.WRITE_EXTERNAL_STORAGE",
            "com.asus.msa.SupplementaryDID.ACCESS",
            "com.huawei.android.launcher.permission.CHANGE_BADGE",
            "com.vivo.notification.permission.BADGE_ICON"
        ],
        "activities": [
            "com.alipay.sdk.app.APayEntranceActivity",
            "com.alipay.sdk.app.AlipayResultActivity",
            "com.alipay.sdk.app.H5AuthActivity",
            "com.alipay.sdk.app.H5OpenAuthActivity",
            "com.alipay.sdk.app.H5PayActivity",
            "com.alipay.sdk.app.PayResultActivity",
            "com.dmcbig.mediapicker.PickerActivity",
            "com.dmcbig.mediapicker.PreviewActivity",
            "io.dcloud.PandoraEntry",
            "io.dcloud.PandoraEntryActivity",
            "io.dcloud.ProcessMediator",
            "io.dcloud.WebAppActivity",
            "io.dcloud.WebviewActivity",
            "io.dcloud.feature.gallery.imageedit.IMGEditActivity",
            "io.dcloud.feature.nativeObj.photoview.PhotoActivity",
            "io.dcloud.sdk.activity.WebViewActivity"
        ],
        "services": [
            "io.dcloud.sdk.base.service.DownloadService"
        ],
        "receivers": [
            "com.taobao.weex.WXGlobalEventReceiver"
        ]
    },
    "stats": {
        "dex_count": 3,
        "native_lib_count": 15
    },
    "jadx": {
        "status": "ok",
        "duration_sec": 37.99,
        "sources_present": true,
        "java_file_count": 6862
    },
    "ast_analysis": {
        "location": 5,
        "microphone": 2,
        "camera": 41,
        "media_projection": 0,
        "dynamic_load": 0,
        "jni": 28
    },
    "analysis_state": "complete"
}