{
    "apk_name": "6A9AF37DF3A36A8D1E144E44979E1983A5D5EF18AE2674EE2D146156CCED1EEB",
    "sha256": "6a9af37df3a36a8d1e144e44979e1983a5d5ef18ae2674ee2d146156cced1eeb",
    "metadata": {
        "package_name": "info.yogantara.yytestgps",
        "version_code": "126",
        "version_name": "1.10.26",
        "min_sdk": "23",
        "target_sdk": "36",
        "permissions": [
            "android.permission.ACCESS_ADSERVICES_AD_ID",
            "android.permission.ACCESS_ADSERVICES_ATTRIBUTION",
            "android.permission.ACCESS_ADSERVICES_TOPICS",
            "android.permission.ACCESS_COARSE_LOCATION",
            "android.permission.ACCESS_FINE_LOCATION",
            "android.permission.ACCESS_NETWORK_STATE",
            "android.permission.CAMERA",
            "android.permission.FOREGROUND_SERVICE",
            "android.permission.INTERNET",
            "android.permission.READ_EXTERNAL_STORAGE",
            "android.permission.VIBRATE",
            "android.permission.WAKE_LOCK",
            "com.android.vending.BILLING",
            "com.android.vending.CHECK_LICENSE",
            "com.google.android.finsky.permission.BIND_GET_INSTALL_REFERRER_SERVICE",
            "com.google.android.gms.permission.AD_ID",
            "info.yogantara.yytestgps.DYNAMIC_RECEIVER_NOT_EXPORTED_PERMISSION"
        ],
        "activities": [
            "com.android.billingclient.api.ProxyBillingActivity",
            "com.android.billingclient.api.ProxyBillingActivityV2",
            "com.google.android.gms.ads.AdActivity",
            "com.google.android.gms.ads.NotificationHandlerActivity",
            "com.google.android.gms.ads.OutOfContextTestingActivity",
            "com.google.android.gms.common.api.GoogleApiActivity",
            "com.google.android.play.core.common.PlayCoreDialogWrapperActivity",
            "com.pairip.licensecheck.LicenseActivity",
            "info.yogantara.yytestgps.DetailActivity",
            "info.yogantara.yytestgps.LatlongToUtm",
            "info.yogantara.yytestgps.ListActivity",
            "info.yogantara.yytestgps.ListCRSActivity",
            "info.yogantara.yytestgps.MainActivity",
            "info.yogantara.yytestgps.MapsActivity",
            "info.yogantara.yytestgps.TargetCompass",
            "info.yogantara.yytestgps.WebViewActivity"
        ],
        "services": [
            "androidx.room.MultiInstanceInvalidationService",
            "androidx.work.impl.background.systemalarm.SystemAlarmService",
            "androidx.work.impl.background.systemjob.SystemJobService",
            "androidx.work.impl.foreground.SystemForegroundService",
            "com.google.android.datatransport.runtime.backends.TransportBackendDiscovery",
            "com.google.android.datatransport.runtime.scheduling.jobscheduling.JobInfoSchedulerService",
            "com.google.android.gms.ads.AdService",
            "com.google.android.gms.measurement.AppMeasurementJobService",
            "com.google.android.gms.measurement.AppMeasurementService",
            "com.google.firebase.components.ComponentDiscoveryService",
            "info.yogantara.yytestgps.LocationUpdatesService"
        ],
        "receivers": [
            "androidx.profileinstaller.ProfileInstallReceiver",
            "androidx.work.impl.background.systemalarm.ConstraintProxy$BatteryChargingProxy",
            "androidx.work.impl.background.systemalarm.ConstraintProxy$BatteryNotLowProxy",
            "androidx.work.impl.background.systemalarm.ConstraintProxy$NetworkStateProxy",
            "androidx.work.impl.background.systemalarm.ConstraintProxy$StorageNotLowProxy",
            "androidx.work.impl.background.systemalarm.ConstraintProxyUpdateReceiver",
            "androidx.work.impl.background.systemalarm.RescheduleReceiver",
            "androidx.work.impl.diagnostics.DiagnosticsReceiver",
            "androidx.work.impl.utils.ForceStopRunnable$BroadcastReceiver",
            "com.google.android.datatransport.runtime.scheduling.jobscheduling.AlarmManagerSchedulerBroadcastReceiver",
            "com.google.android.gms.measurement.AppMeasurementReceiver"
        ],
        "permission_details": {
            "android.permission.ACCESS_ADSERVICES_AD_ID": "unknown",
            "android.permission.ACCESS_ADSERVICES_ATTRIBUTION": "unknown",
            "android.permission.ACCESS_ADSERVICES_TOPICS": "unknown",
            "android.permission.ACCESS_COARSE_LOCATION": "dangerous",
            "android.permission.ACCESS_FINE_LOCATION": "dangerous",
            "android.permission.ACCESS_NETWORK_STATE": "normal",
            "android.permission.CAMERA": "dangerous",
            "android.permission.FOREGROUND_SERVICE": "normal",
            "android.permission.INTERNET": "normal",
            "android.permission.READ_EXTERNAL_STORAGE": "dangerous",
            "android.permission.VIBRATE": "normal",
            "android.permission.WAKE_LOCK": "normal",
            "com.android.vending.BILLING": "unknown",
            "com.android.vending.CHECK_LICENSE": "unknown",
            "com.google.android.finsky.permission.BIND_GET_INSTALL_REFERRER_SERVICE": "unknown",
            "com.google.android.gms.permission.AD_ID": "unknown",
            "info.yogantara.yytestgps.DYNAMIC_RECEIVER_NOT_EXPORTED_PERMISSION": "unknown"
        },
        "risk_counts": {
            "unknown": 8,
            "dangerous": 4,
            "normal": 5
        }
    },
    "stats": {
        "dex_count": 2,
        "native_lib_count": 0
    },
    "jadx": {
        "status": "ok",
        "duration_sec": 33.58,
        "sources_present": true,
        "java_file_count": 10234
    },
    "ast_analysis": {
        "location": 2,
        "microphone": 0,
        "camera": 9,
        "media_projection": 0,
        "dynamic_load": 0,
        "jni": 2
    },
    "analysis_state": "complete"
}