{
    "java_files": [
        "com/secneo/apkwrapper/b.java",
        "com/secneo/apkwrapper/H.java",
        "com/secneo/apkwrapper/AW.java",
        "com/secneo/apkwrapper/AP.java",
        "com/secneo/apkwrapper/a.java",
        "com/secneo/apkwrapper/c.java",
        "com/secneo/apkwrapper/CP.java",
        "com/secneo/apkwrapper/r/b.java",
        "com/secneo/apkwrapper/r/a.java",
        "com/secneo/apkwrapper/r/c.java",
        "com/secneo/apkwrapper/r/S.java",
        "com/ingka/ikea/app/cn/prod/R.java",
        "kotlin/coroutines/jvm/internal/DebugProbesKt.java"
    ],
    "ast_hits_by_file": {
        "location": [],
        "microphone": [],
        "camera": [],
        "media_projection": [],
        "dynamic_load": [],
        "jni": [
            "com/secneo/apkwrapper/AW.java"
        ]
    },
    "native_libs": [
        "lib/arm64-v8a/libCtaApiLib.so",
        "lib/arm64-v8a/libapp.so",
        "lib/arm64-v8a/libentryexpro.so",
        "lib/arm64-v8a/libfastdev_quickjs_runtime.so",
        "lib/arm64-v8a/libflutter.so",
        "lib/arm64-v8a/libjcore302.so",
        "lib/arm64-v8a/libjniPdfium.so",
        "lib/arm64-v8a/libmodft2.so",
        "lib/arm64-v8a/libmodpdfium.so",
        "lib/arm64-v8a/libmodpng.so",
        "lib/arm64-v8a/libsecsdk.so",
        "lib/arm64-v8a/libsecuritydevice.so",
        "lib/arm64-v8a/libsentry-android.so",
        "lib/arm64-v8a/libsentry.so",
        "lib/arm64-v8a/libuptsmaddon.so",
        "lib/arm64-v8a/libuptsmaddonmi.so",
        "lib/armeabi-v7a/libCtaApiLib.so",
        "lib/armeabi-v7a/libapp.so",
        "lib/armeabi-v7a/libentryexpro.so",
        "lib/armeabi-v7a/libfastdev_quickjs_runtime.so",
        "lib/armeabi-v7a/libflutter.so",
        "lib/armeabi-v7a/libjcore302.so",
        "lib/armeabi-v7a/libjniPdfium.so",
        "lib/armeabi-v7a/libmodft2.so",
        "lib/armeabi-v7a/libmodpdfium.so",
        "lib/armeabi-v7a/libmodpng.so",
        "lib/armeabi-v7a/libsecsdk.so",
        "lib/armeabi-v7a/libsecuritydevice.so",
        "lib/armeabi-v7a/libsentry-android.so",
        "lib/armeabi-v7a/libsentry.so",
        "lib/armeabi-v7a/libuptsmaddon.so",
        "lib/armeabi-v7a/libuptsmaddonmi.so",
        "lib/arm64-v8a/libdexjni.so",
        "lib/arm64-v8a/libDexHelper.so",
        "lib/arm64-v8a/libDexHelper-x86.so",
        "lib/armeabi-v7a/libdexjni.so",
        "lib/armeabi-v7a/libDexHelper.so",
        "lib/armeabi-v7a/libDexHelper-x86.so"
    ],
    "dex_files_count": 1,
    "exported_components": {
        "activities": [
            "cn.android.service.JTransitActivity",
            "cn.com.chinatelecom.account.sdk.ui.AuthActivity",
            "cn.com.chinatelecom.account.sdk.ui.PrivacyWebviewActivity",
            "cn.jpush.android.service.DActivity",
            "cn.jpush.android.service.JNotifyActivity",
            "cn.jpush.android.ui.PopWinActivity",
            "cn.jpush.android.ui.PushActivity",
            "com.alipay.sdk.app.AlipayResultActivity",
            "com.alipay.sdk.app.H5AuthActivity",
            "com.alipay.sdk.app.H5PayActivity",
            "com.alipay.sdk.app.PayResultActivity",
            "com.huawei.hms.activity.BridgeActivity",
            "com.huawei.hms.activity.EnableServiceActivity",
            "com.huawei.updatesdk.service.otaupdate.AppUpdateActivity",
            "com.huawei.updatesdk.support.pm.PackageInstallerActivity",
            "com.ingka.ikea.app.SplashActivity",
            "com.ingka.ikea.app.activity.ModalSettingsActivity",
            "com.ingka.ikea.app.activity.TokenInvalidActivity",
            "com.ingka.ikea.app.auth.accountinfo.AccountInfoActivity",
            "com.ingka.ikea.app.auth.accountsafety.AccountSafetyActivity",
            "com.ingka.ikea.app.auth.customerservice.CustomerServiceActivity",
            "com.ingka.ikea.app.auth.delete.DeleteAccountActivity",
            "com.ingka.ikea.app.auth.forgotpassword.ForgotPwdActivity",
            "com.ingka.ikea.app.auth.legal.AboutActivity",
            "com.ingka.ikea.app.auth.login.CRUserFirstLoginActivity",
            "com.ingka.ikea.app.auth.login.LoginActivity",
            "com.ingka.ikea.app.auth.login.LoginEdgeFlowActivity",
            "com.ingka.ikea.app.auth.modifyprofile.ModifyProfileActivity",
            "com.ingka.ikea.app.auth.settings.SettingsActivity",
            "com.ingka.ikea.app.auth.signup.SignupActivity",
            "com.ingka.ikea.app.base.activities.MapAppsSelectionActivity",
            "com.ingka.ikea.app.base.flutter.FlutterToNativeDialogActivity",
            "com.ingka.ikea.app.base.flutter.IkeaFlutterActivity",
            "com.ingka.ikea.app.base.share.ShareActivity",
            "com.ingka.ikea.app.base.ui.ActionsPopupActivity",
            "com.ingka.ikea.app.base.webview.TrackAndTraceWebActivity",
            "com.ingka.ikea.app.base.webview.WebViewActivity",
            "com.ingka.ikea.app.egg.DownloadTestActivity",
            "com.ingka.ikea.app.egg.EggActivity",
            "com.ingka.ikea.app.feature.couponactivity.CouponActivityActivity",
            "com.ingka.ikea.app.feature.publicera.PubliceraPageActivity",
            "com.ingka.ikea.app.feature.subcatalog.SubCatalogActivity",
            "com.ingka.ikea.app.feature.welcome.GuestActivity",
            "com.ingka.ikea.app.mainscreen.IkeaActivity",
            "com.ingka.ikea.app.mainscreen.MainActivity",
            "com.ingka.ikea.app.mcommerce.address.AddressBookActivity",
            "com.ingka.ikea.app.mcommerce.address.editor.AddressEditorActivity",
            "com.ingka.ikea.app.mcommerce.assembly.AssemblyServiceBookingActivity",
            "com.ingka.ikea.app.mcommerce.assembly.result.AssemblyBookingResultActivity",
            "com.ingka.ikea.app.mcommerce.bindemail.BindEmailActivity",
            "com.ingka.ikea.app.mcommerce.cart.CartActivity",
            "com.ingka.ikea.app.mcommerce.history.OrderDetailActivity",
            "com.ingka.ikea.app.mcommerce.history.OrderHistoryActivity",
            "com.ingka.ikea.app.mcommerce.order.OrderAssemblyServiceActivity",
            "com.ingka.ikea.app.mcommerce.order.OrderConfirmActivity",
            "com.ingka.ikea.app.mcommerce.order.SelectDeliveryTimeActivity",
            "com.ingka.ikea.app.mcommerce.payment.PaymentActivity",
            "com.ingka.ikea.app.push.ChannelMessageClickActivity",
            "com.ingka.ikea.app.wxapi.WXEntryActivity",
            "com.pichillilorenzo.flutter_inappwebview.chrome_custom_tabs.ChromeCustomTabsActivity",
            "com.pichillilorenzo.flutter_inappwebview.chrome_custom_tabs.ChromeCustomTabsActivitySingleInstance",
            "com.pichillilorenzo.flutter_inappwebview.chrome_custom_tabs.TrustedWebActivity",
            "com.pichillilorenzo.flutter_inappwebview.chrome_custom_tabs.TrustedWebActivitySingleInstance",
            "com.pichillilorenzo.flutter_inappwebview.in_app_browser.InAppBrowserActivity",
            "com.pingplusplus.android.PaymentActivity",
            "com.sangcomz.fishbun.ui.album.AlbumActivity",
            "com.sangcomz.fishbun.ui.detail.DetailActivity",
            "com.sangcomz.fishbun.ui.picker.PickerActivity",
            "com.unionpay.UPPayWapActivity",
            "com.unionpay.uppay.PayActivity",
            "com.vivo.push.sdk.LinkProxyClientActivity",
            "io.flutter.embedding.android.FlutterActivity",
            "io.flutter.plugins.urllauncher.WebViewActivity"
        ],
        "services": [
            "androidx.room.MultiInstanceInvalidationService",
            "cn.jpush.android.service.DaemonService",
            "cn.jpush.android.service.PluginHuaweiPlatformsService",
            "cn.jpush.android.service.PluginOppoPushService",
            "cn.jpush.android.service.PushService",
            "com.heytap.msp.push.service.CompatibleDataMessageCallbackService",
            "com.heytap.msp.push.service.DataMessageCallbackService",
            "com.huawei.agconnect.core.ServiceDiscovery",
            "com.huawei.hms.support.api.push.service.HmsMsgService",
            "com.jiguang.jpush.JPushCustomService",
            "com.meizu.cloud.pushsdk.NotificationService",
            "com.secneo.apkwrapper.r.S",
            "com.vivo.push.sdk.service.CommandClientService",
            "com.xiaomi.mipush.sdk.MessageHandleService",
            "com.xiaomi.mipush.sdk.PushMessageHandler",
            "com.xiaomi.push.service.XMJobService",
            "com.xiaomi.push.service.XMPushService"
        ],
        "receivers": [
            "cn.jpush.android.asus.AsusPushMessageReceiver",
            "cn.jpush.android.service.AlarmReceiver",
            "cn.jpush.android.service.PluginMeizuPlatformsReceiver",
            "cn.jpush.android.service.PluginVivoMessageReceiver",
            "cn.jpush.android.service.PluginXiaomiPlatformsReceiver",
            "cn.jpush.android.service.PushReceiver",
            "cn.jpush.android.service.SchedulerReceiver",
            "com.huawei.hms.support.api.push.PushMsgReceiver",
            "com.huawei.hms.support.api.push.PushReceiver",
            "com.jiguang.jpush.JPushEventReceiver",
            "com.jiguang.jpush.JPushPlugin$JPushReceiver",
            "com.meizu.cloud.pushsdk.MzPushSystemReceiver",
            "com.pichillilorenzo.flutter_inappwebview.chrome_custom_tabs.ActionBroadcastReceiver",
            "com.xiaomi.push.service.receivers.NetworkStatusReceiver",
            "com.xiaomi.push.service.receivers.PingReceiver"
        ]
    }
}