{
    "apk_name": "5248782D78471DE5D9A023FFB345409EBC5B9974B96A4F59C12FBB2A6907FDCC",
    "sha256": "5248782d78471de5d9a023ffb345409ebc5b9974b96a4f59c12fbb2a6907fdcc",
    "metadata": {
        "package_name": "com.ingka.ikea.app.cn.prod",
        "version_code": "95",
        "version_name": "3.5.2",
        "min_sdk": "23",
        "target_sdk": "29",
        "permissions": [
            "android.permission.ACCESS_COARSE_LOCATION",
            "android.permission.ACCESS_FINE_LOCATION",
            "android.permission.ACCESS_NETWORK_STATE",
            "android.permission.ACCESS_WIFI_STATE",
            "android.permission.CAMERA",
            "android.permission.CHANGE_NETWORK_STATE",
            "android.permission.INTERNET",
            "android.permission.NFC",
            "android.permission.READ_EXTERNAL_STORAGE",
            "android.permission.READ_PHONE_STATE",
            "android.permission.VIBRATE",
            "android.permission.WAKE_LOCK",
            "android.permission.WRITE_EXTERNAL_STORAGE",
            "com.asus.msa.SupplementaryDID.ACCESS",
            "com.coloros.mcs.permission.RECIEVE_MCS_MESSAGE",
            "com.colors.mcs.permission.RECIEVE_MCS_MESAGE",
            "com.heytap.mcs.permission.RECIEVE_MCS_MESSAGE",
            "com.huawei.android.launcher.permission.CHANGE_BADGE",
            "com.huawei.appmarket.service.commondata.permission.GET_COMMON_DATA",
            "com.ingka.ikea.app.cn.prod.permission.C2D_MESSAGE",
            "com.ingka.ikea.app.cn.prod.permission.JPUSH_MESSAGE",
            "com.ingka.ikea.app.cn.prod.permission.MIPUSH_RECEIVE",
            "com.ingka.ikea.app.cn.prod.permission.PROCESS_PUSH_MSG",
            "com.ingka.ikea.app.cn.prod.permission.PUSH_PROVIDER",
            "com.ingka.ikea.app.cn.prod.push.permission.MESSAGE",
            "com.meizu.c2dm.permission.RECEIVE",
            "com.meizu.flyme.permission.PUSH",
            "com.meizu.flyme.push.permission.RECEIVE",
            "com.vivo.notification.permission.BADGE_ICON",
            "freemme.permission.msa"
        ],
        "activities": [
            "cn.android.service.JTransitActivity",
            "cn.com.chinatelecom.account.sdk.ui.AuthActivity",
            "cn.com.chinatelecom.account.sdk.ui.PrivacyWebviewActivity",
            "cn.jpush.android.service.DActivity",
            "cn.jpush.android.service.JNotifyActivity",
            "cn.jpush.android.ui.PopWinActivity",
            "cn.jpush.android.ui.PushActivity",
            "com.alipay.sdk.app.AlipayResultActivity",
            "com.alipay.sdk.app.H5AuthActivity",
            "com.alipay.sdk.app.H5PayActivity",
            "com.alipay.sdk.app.PayResultActivity",
            "com.huawei.hms.activity.BridgeActivity",
            "com.huawei.hms.activity.EnableServiceActivity",
            "com.huawei.updatesdk.service.otaupdate.AppUpdateActivity",
            "com.huawei.updatesdk.support.pm.PackageInstallerActivity",
            "com.ingka.ikea.app.SplashActivity",
            "com.ingka.ikea.app.activity.ModalSettingsActivity",
            "com.ingka.ikea.app.activity.TokenInvalidActivity",
            "com.ingka.ikea.app.auth.accountinfo.AccountInfoActivity",
            "com.ingka.ikea.app.auth.accountsafety.AccountSafetyActivity",
            "com.ingka.ikea.app.auth.customerservice.CustomerServiceActivity",
            "com.ingka.ikea.app.auth.delete.DeleteAccountActivity",
            "com.ingka.ikea.app.auth.forgotpassword.ForgotPwdActivity",
            "com.ingka.ikea.app.auth.legal.AboutActivity",
            "com.ingka.ikea.app.auth.login.CRUserFirstLoginActivity",
            "com.ingka.ikea.app.auth.login.LoginActivity",
            "com.ingka.ikea.app.auth.login.LoginEdgeFlowActivity",
            "com.ingka.ikea.app.auth.modifyprofile.ModifyProfileActivity",
            "com.ingka.ikea.app.auth.settings.SettingsActivity",
            "com.ingka.ikea.app.auth.signup.SignupActivity",
            "com.ingka.ikea.app.base.activities.MapAppsSelectionActivity",
            "com.ingka.ikea.app.base.flutter.FlutterToNativeDialogActivity",
            "com.ingka.ikea.app.base.flutter.IkeaFlutterActivity",
            "com.ingka.ikea.app.base.share.ShareActivity",
            "com.ingka.ikea.app.base.ui.ActionsPopupActivity",
            "com.ingka.ikea.app.base.webview.TrackAndTraceWebActivity",
            "com.ingka.ikea.app.base.webview.WebViewActivity",
            "com.ingka.ikea.app.egg.DownloadTestActivity",
            "com.ingka.ikea.app.egg.EggActivity",
            "com.ingka.ikea.app.feature.couponactivity.CouponActivityActivity",
            "com.ingka.ikea.app.feature.publicera.PubliceraPageActivity",
            "com.ingka.ikea.app.feature.subcatalog.SubCatalogActivity",
            "com.ingka.ikea.app.feature.welcome.GuestActivity",
            "com.ingka.ikea.app.mainscreen.IkeaActivity",
            "com.ingka.ikea.app.mainscreen.MainActivity",
            "com.ingka.ikea.app.mcommerce.address.AddressBookActivity",
            "com.ingka.ikea.app.mcommerce.address.editor.AddressEditorActivity",
            "com.ingka.ikea.app.mcommerce.assembly.AssemblyServiceBookingActivity",
            "com.ingka.ikea.app.mcommerce.assembly.result.AssemblyBookingResultActivity",
            "com.ingka.ikea.app.mcommerce.bindemail.BindEmailActivity",
            "com.ingka.ikea.app.mcommerce.cart.CartActivity",
            "com.ingka.ikea.app.mcommerce.history.OrderDetailActivity",
            "com.ingka.ikea.app.mcommerce.history.OrderHistoryActivity",
            "com.ingka.ikea.app.mcommerce.order.OrderAssemblyServiceActivity",
            "com.ingka.ikea.app.mcommerce.order.OrderConfirmActivity",
            "com.ingka.ikea.app.mcommerce.order.SelectDeliveryTimeActivity",
            "com.ingka.ikea.app.mcommerce.payment.PaymentActivity",
            "com.ingka.ikea.app.push.ChannelMessageClickActivity",
            "com.ingka.ikea.app.wxapi.WXEntryActivity",
            "com.pichillilorenzo.flutter_inappwebview.chrome_custom_tabs.ChromeCustomTabsActivity",
            "com.pichillilorenzo.flutter_inappwebview.chrome_custom_tabs.ChromeCustomTabsActivitySingleInstance",
            "com.pichillilorenzo.flutter_inappwebview.chrome_custom_tabs.TrustedWebActivity",
            "com.pichillilorenzo.flutter_inappwebview.chrome_custom_tabs.TrustedWebActivitySingleInstance",
            "com.pichillilorenzo.flutter_inappwebview.in_app_browser.InAppBrowserActivity",
            "com.pingplusplus.android.PaymentActivity",
            "com.sangcomz.fishbun.ui.album.AlbumActivity",
            "com.sangcomz.fishbun.ui.detail.DetailActivity",
            "com.sangcomz.fishbun.ui.picker.PickerActivity",
            "com.unionpay.UPPayWapActivity",
            "com.unionpay.uppay.PayActivity",
            "com.vivo.push.sdk.LinkProxyClientActivity",
            "io.flutter.embedding.android.FlutterActivity",
            "io.flutter.plugins.urllauncher.WebViewActivity"
        ],
        "services": [
            "androidx.room.MultiInstanceInvalidationService",
            "cn.jpush.android.service.DaemonService",
            "cn.jpush.android.service.PluginHuaweiPlatformsService",
            "cn.jpush.android.service.PluginOppoPushService",
            "cn.jpush.android.service.PushService",
            "com.heytap.msp.push.service.CompatibleDataMessageCallbackService",
            "com.heytap.msp.push.service.DataMessageCallbackService",
            "com.huawei.agconnect.core.ServiceDiscovery",
            "com.huawei.hms.support.api.push.service.HmsMsgService",
            "com.jiguang.jpush.JPushCustomService",
            "com.meizu.cloud.pushsdk.NotificationService",
            "com.secneo.apkwrapper.r.S",
            "com.vivo.push.sdk.service.CommandClientService",
            "com.xiaomi.mipush.sdk.MessageHandleService",
            "com.xiaomi.mipush.sdk.PushMessageHandler",
            "com.xiaomi.push.service.XMJobService",
            "com.xiaomi.push.service.XMPushService"
        ],
        "receivers": [
            "cn.jpush.android.asus.AsusPushMessageReceiver",
            "cn.jpush.android.service.AlarmReceiver",
            "cn.jpush.android.service.PluginMeizuPlatformsReceiver",
            "cn.jpush.android.service.PluginVivoMessageReceiver",
            "cn.jpush.android.service.PluginXiaomiPlatformsReceiver",
            "cn.jpush.android.service.PushReceiver",
            "cn.jpush.android.service.SchedulerReceiver",
            "com.huawei.hms.support.api.push.PushMsgReceiver",
            "com.huawei.hms.support.api.push.PushReceiver",
            "com.jiguang.jpush.JPushEventReceiver",
            "com.jiguang.jpush.JPushPlugin$JPushReceiver",
            "com.meizu.cloud.pushsdk.MzPushSystemReceiver",
            "com.pichillilorenzo.flutter_inappwebview.chrome_custom_tabs.ActionBroadcastReceiver",
            "com.xiaomi.push.service.receivers.NetworkStatusReceiver",
            "com.xiaomi.push.service.receivers.PingReceiver"
        ],
        "permission_details": {
            "android.permission.ACCESS_COARSE_LOCATION": "dangerous",
            "android.permission.ACCESS_FINE_LOCATION": "dangerous",
            "android.permission.ACCESS_NETWORK_STATE": "normal",
            "android.permission.ACCESS_WIFI_STATE": "normal",
            "android.permission.CAMERA": "dangerous",
            "android.permission.CHANGE_NETWORK_STATE": "normal",
            "android.permission.INTERNET": "normal",
            "android.permission.NFC": "normal",
            "android.permission.READ_EXTERNAL_STORAGE": "dangerous",
            "android.permission.READ_PHONE_STATE": "dangerous",
            "android.permission.VIBRATE": "normal",
            "android.permission.WAKE_LOCK": "normal",
            "android.permission.WRITE_EXTERNAL_STORAGE": "dangerous",
            "com.asus.msa.SupplementaryDID.ACCESS": "unknown",
            "com.coloros.mcs.permission.RECIEVE_MCS_MESSAGE": "unknown",
            "com.colors.mcs.permission.RECIEVE_MCS_MESAGE": "unknown",
            "com.heytap.mcs.permission.RECIEVE_MCS_MESSAGE": "unknown",
            "com.huawei.android.launcher.permission.CHANGE_BADGE": "unknown",
            "com.huawei.appmarket.service.commondata.permission.GET_COMMON_DATA": "unknown",
            "com.ingka.ikea.app.cn.prod.permission.C2D_MESSAGE": "unknown",
            "com.ingka.ikea.app.cn.prod.permission.JPUSH_MESSAGE": "unknown",
            "com.ingka.ikea.app.cn.prod.permission.MIPUSH_RECEIVE": "unknown",
            "com.ingka.ikea.app.cn.prod.permission.PROCESS_PUSH_MSG": "unknown",
            "com.ingka.ikea.app.cn.prod.permission.PUSH_PROVIDER": "unknown",
            "com.ingka.ikea.app.cn.prod.push.permission.MESSAGE": "unknown",
            "com.meizu.c2dm.permission.RECEIVE": "unknown",
            "com.meizu.flyme.permission.PUSH": "unknown",
            "com.meizu.flyme.push.permission.RECEIVE": "unknown",
            "com.vivo.notification.permission.BADGE_ICON": "unknown",
            "freemme.permission.msa": "unknown"
        },
        "risk_counts": {
            "dangerous": 6,
            "normal": 7,
            "unknown": 17
        }
    },
    "stats": {
        "dex_count": 1,
        "native_lib_count": 38
    },
    "jadx": {
        "status": "ok",
        "duration_sec": 2.93,
        "sources_present": true,
        "java_file_count": 13
    },
    "ast_analysis": {
        "location": 0,
        "microphone": 0,
        "camera": 0,
        "media_projection": 0,
        "dynamic_load": 0,
        "jni": 1
    },
    "analysis_state": "complete"
}