{
    "apk_name": "2DA6D6E7FBC0CA381EC9F90532309B90FDAD51503F206ACB67B16A8E80753320",
    "sha256": "2da6d6e7fbc0ca381ec9f90532309b90fdad51503f206acb67b16a8e80753320",
    "metadata": {
        "package_name": "com.corget.peak",
        "version_code": "985",
        "version_name": "9.8.5",
        "min_sdk": "14",
        "target_sdk": "30",
        "permissions": [
            "android.permission.ACCESS_BACKGROUND_LOCATION",
            "android.permission.ACCESS_COARSE_LOCATION",
            "android.permission.ACCESS_FINE_LOCATION",
            "android.permission.ACCESS_LOCATION_EXTRA_COMMANDS",
            "android.permission.ACCESS_NETWORK_STATE",
            "android.permission.ACCESS_NOTIFICATION_POLICY",
            "android.permission.ACCESS_WIFI_STATE",
            "android.permission.ANSWER_PHONE_CALLS",
            "android.permission.BLUETOOTH",
            "android.permission.BLUETOOTH_ADMIN",
            "android.permission.BODY_SENSORS",
            "android.permission.CALL_PHONE",
            "android.permission.CAMERA",
            "android.permission.CHANGE_CONFIGURATION",
            "android.permission.CHANGE_NETWORK_STATE",
            "android.permission.CHANGE_WIFI_STATE",
            "android.permission.CLEAR_APP_CACHE",
            "android.permission.CLEAR_APP_USER_DATA",
            "android.permission.DELETE_PACKAGES",
            "android.permission.DEVICE_POWER",
            "android.permission.DISABLE_KEYGUARD",
            "android.permission.FLASHLIGHT",
            "android.permission.FOREGROUND_SERVICE",
            "android.permission.GET_TASKS",
            "android.permission.GET_TOP_ACTIVITY_INFO",
            "android.permission.GRANT_RUNTIME_PERMISSIONS",
            "android.permission.INJECT_EVENTS",
            "android.permission.INSTALL_PACKAGES",
            "android.permission.INTERACT_ACROSS_USERS_FULL",
            "android.permission.INTERNET",
            "android.permission.KILL_BACKGROUND_PROCESSES",
            "android.permission.MANAGE_USB",
            "android.permission.MODIFY_AUDIO_SETTINGS",
            "android.permission.MODIFY_PHONE_STATE",
            "android.permission.MOUNT_UNMOUNT_FILESYSTEMS",
            "android.permission.NFC",
            "android.permission.READ_EXTERNAL_STORAGE",
            "android.permission.READ_OWNER_DATA",
            "android.permission.READ_PHONE_STATE",
            "android.permission.READ_SETTINGS",
            "android.permission.REAL_GET_TASKS",
            "android.permission.RECEIVE_BOOT_COMPLETED",
            "android.permission.RECORD_AUDIO",
            "android.permission.REORDER_TASKS",
            "android.permission.REQUEST_IGNORE_BATTERY_OPTIMIZATIONS",
            "android.permission.RESTART_PACKAGES",
            "android.permission.SHUTDOWN",
            "android.permission.SILENT_INSTALL_PACKAGES",
            "android.permission.SYSTEM_ALERT_WINDOW",
            "android.permission.USB_PERMISSION",
            "android.permission.USES_POLICY_FORCE_LOCK",
            "android.permission.VIBRATE",
            "android.permission.WAKE_LOCK",
            "android.permission.WRITE_CONTACTS",
            "android.permission.WRITE_EXTERNAL_STORAGE",
            "android.permission.WRITE_MEDIA_STORAGE",
            "android.permission.WRITE_OWNER_DATA",
            "android.permission.WRITE_SECURE_SETTINGS",
            "android.permission.WRITE_SETTINGS",
            "com.google.android.c2dm.permission.RECEIVE"
        ],
        "activities": [
            "com.corget.AddBuddyActivity",
            "com.corget.ChangePasswordActivity",
            "com.corget.ComplainOrderActivity",
            "com.corget.FenceEventActivity",
            "com.corget.FenceManagerActivity",
            "com.corget.FenceUserActivity",
            "com.corget.HistoryOrderActivity",
            "com.corget.InputMainActivity",
            "com.corget.MainView",
            "com.corget.MarkPointManagerActivity",
            "com.corget.MyAudioPlayActivity",
            "com.corget.NfcActivity",
            "com.corget.OtherExtraReceiveActivity",
            "com.corget.OtherInfoReceiveActivity",
            "com.corget.PatchDialogActivity",
            "com.corget.PatrolEventActivity",
            "com.corget.PatrolRecordActivity",
            "com.corget.RequestLocationPermissionActivity",
            "com.corget.RobbedOrderActivity",
            "com.corget.TaskAddActivity",
            "com.corget.TaskListActivity",
            "com.corget.UploadVideoActivity",
            "com.corget.VoiceRecordActivity",
            "com.google.android.gms.ads.AdActivity",
            "com.google.android.gms.ads.purchase.InAppPurchaseActivity",
            "com.google.android.gms.appinvite.PreviewActivity",
            "com.google.android.gms.auth.api.signin.internal.SignInHubActivity",
            "com.journeyapps.barcodescanner.CaptureActivity"
        ],
        "services": [
            "com.baidu.location.f",
            "com.corget.HyteraKeyService",
            "com.corget.MyAccessibilityService",
            "com.corget.PocService",
            "com.corget.PocStubService",
            "com.google.android.gms.auth.api.signin.RevocationBoundService",
            "com.google.android.gms.measurement.AppMeasurementService",
            "com.hrb.library.MediaService",
            "com.mapbox.android.telemetry.crash.CrashReporterJobIntentService"
        ],
        "receivers": [
            "com.corget.HyteraKeyEventBroadcastReceiver",
            "com.corget.MediaButtonReceiver",
            "com.corget.MyStaticBroadcastReceiver",
            "com.google.android.gms.measurement.AppMeasurementReceiver"
        ],
        "permission_details": {
            "android.permission.ACCESS_BACKGROUND_LOCATION": "dangerous",
            "android.permission.ACCESS_COARSE_LOCATION": "dangerous",
            "android.permission.ACCESS_FINE_LOCATION": "dangerous",
            "android.permission.ACCESS_LOCATION_EXTRA_COMMANDS": "normal",
            "android.permission.ACCESS_NETWORK_STATE": "normal",
            "android.permission.ACCESS_NOTIFICATION_POLICY": "normal",
            "android.permission.ACCESS_WIFI_STATE": "normal",
            "android.permission.ANSWER_PHONE_CALLS": "dangerous",
            "android.permission.BLUETOOTH": "normal",
            "android.permission.BLUETOOTH_ADMIN": "normal",
            "android.permission.BODY_SENSORS": "dangerous",
            "android.permission.CALL_PHONE": "dangerous",
            "android.permission.CAMERA": "dangerous",
            "android.permission.CHANGE_CONFIGURATION": "signature",
            "android.permission.CHANGE_NETWORK_STATE": "normal",
            "android.permission.CHANGE_WIFI_STATE": "normal",
            "android.permission.CLEAR_APP_CACHE": "signature",
            "android.permission.CLEAR_APP_USER_DATA": "unknown",
            "android.permission.DELETE_PACKAGES": "unlaballed",
            "android.permission.DEVICE_POWER": "unknown",
            "android.permission.DISABLE_KEYGUARD": "normal",
            "android.permission.FLASHLIGHT": "unknown",
            "android.permission.FOREGROUND_SERVICE": "normal",
            "android.permission.GET_TASKS": "unlaballed",
            "android.permission.GET_TOP_ACTIVITY_INFO": "unknown",
            "android.permission.GRANT_RUNTIME_PERMISSIONS": "unknown",
            "android.permission.INJECT_EVENTS": "unknown",
            "android.permission.INSTALL_PACKAGES": "unlaballed",
            "android.permission.INTERACT_ACROSS_USERS_FULL": "unknown",
            "android.permission.INTERNET": "normal",
            "android.permission.KILL_BACKGROUND_PROCESSES": "normal",
            "android.permission.MANAGE_USB": "unknown",
            "android.permission.MODIFY_AUDIO_SETTINGS": "normal",
            "android.permission.MODIFY_PHONE_STATE": "unlaballed",
            "android.permission.MOUNT_UNMOUNT_FILESYSTEMS": "unlaballed",
            "android.permission.NFC": "normal",
            "android.permission.READ_EXTERNAL_STORAGE": "dangerous",
            "android.permission.READ_OWNER_DATA": "unknown",
            "android.permission.READ_PHONE_STATE": "dangerous",
            "android.permission.READ_SETTINGS": "unknown",
            "android.permission.REAL_GET_TASKS": "unknown",
            "android.permission.RECEIVE_BOOT_COMPLETED": "normal",
            "android.permission.RECORD_AUDIO": "dangerous",
            "android.permission.REORDER_TASKS": "normal",
            "android.permission.REQUEST_IGNORE_BATTERY_OPTIMIZATIONS": "normal",
            "android.permission.RESTART_PACKAGES": "unlaballed",
            "android.permission.SHUTDOWN": "unknown",
            "android.permission.SILENT_INSTALL_PACKAGES": "unknown",
            "android.permission.SYSTEM_ALERT_WINDOW": "signature",
            "android.permission.USB_PERMISSION": "unknown",
            "android.permission.USES_POLICY_FORCE_LOCK": "unknown",
            "android.permission.VIBRATE": "normal",
            "android.permission.WAKE_LOCK": "normal",
            "android.permission.WRITE_CONTACTS": "dangerous",
            "android.permission.WRITE_EXTERNAL_STORAGE": "dangerous",
            "android.permission.WRITE_MEDIA_STORAGE": "unknown",
            "android.permission.WRITE_OWNER_DATA": "unknown",
            "android.permission.WRITE_SECURE_SETTINGS": "unlaballed",
            "android.permission.WRITE_SETTINGS": "signature",
            "com.google.android.c2dm.permission.RECEIVE": "unknown"
        },
        "risk_counts": {
            "dangerous": 12,
            "normal": 19,
            "signature": 4,
            "unknown": 18,
            "unlaballed": 7
        }
    },
    "stats": {
        "dex_count": 2,
        "native_lib_count": 42
    },
    "jadx": {
        "status": "ok",
        "duration_sec": 85.06,
        "sources_present": true,
        "java_file_count": 7390
    },
    "ast_analysis": {
        "location": 29,
        "microphone": 2,
        "camera": 52,
        "media_projection": 1,
        "dynamic_load": 0,
        "jni": 53
    },
    "analysis_state": "complete",
    "behavioral_structural_data": {
        "api_inventory": {
            "camera": 7,
            "microphone": 3,
            "location": 8,
            "torch": 6,
            "telephony_ops": 2,
            "system_commands": 12,
            "webview_interop": 4,
            "content_access": 35,
            "audio_control": 4,
            "vibration": 4,
            "network_io": 17,
            "scheduling_apis": 222,
            "dynamic_code": 378
        },
        "execution_context": {
            "in_service": 0,
            "in_receiver": 0,
            "in_activity": 0,
            "in_provider": 0,
            "unknown": 702
        },
        "scheduling_mechanisms": {
            "alarm_manager": 19,
            "handler_loop": 202,
            "job_scheduler": 1
        },
        "trigger_types": {
            "auto_triggered": 5,
            "user_triggered": 3
        },
        "dynamic_features": {
            "jni_usage": 13,
            "dynamic_loading": 2,
            "reflection": 365
        }
    }
}