{
    "apk_name": "9D9A7282336F260484E37D918F63FF4E3E28BBBFACF7485A22C04EFA12FF3568",
    "sha256": "9d9a7282336f260484e37d918f63ff4e3e28bbbfacf7485a22c04efa12ff3568",
    "metadata": {
        "package_name": "com.laiwuquan.forum",
        "version_code": "1061",
        "version_name": "6.1.1",
        "min_sdk": "21",
        "target_sdk": "33",
        "permissions": [
            "android.permission.ACCESS_COARSE_LOCATION",
            "android.permission.ACCESS_FINE_LOCATION",
            "android.permission.ACCESS_NETWORK_STATE",
            "android.permission.ACCESS_WIFI_STATE",
            "android.permission.BROADCAST_PACKAGE_ADDED",
            "android.permission.BROADCAST_PACKAGE_CHANGED",
            "android.permission.BROADCAST_PACKAGE_INSTALL",
            "android.permission.BROADCAST_PACKAGE_REPLACED",
            "android.permission.BROADCAST_STICKY",
            "android.permission.CAMERA",
            "android.permission.CHANGE_NETWORK_STATE",
            "android.permission.CHANGE_WIFI_STATE",
            "android.permission.FLASHLIGHT",
            "android.permission.FOREGROUND_SERVICE",
            "android.permission.INTERNET",
            "android.permission.MODIFY_AUDIO_SETTINGS",
            "android.permission.MOUNT_UNMOUNT_FILESYSTEMS",
            "android.permission.POST_NOTIFICATIONS",
            "android.permission.QUERY_ALL_PACKAGES",
            "android.permission.READ_EXTERNAL_STORAGE",
            "android.permission.READ_MEDIA_IMAGES",
            "android.permission.READ_MEDIA_VIDEO",
            "android.permission.RECORD_AUDIO",
            "android.permission.REORDER_TASKS",
            "android.permission.REQUEST_INSTALL_PACKAGES",
            "android.permission.SYSTEM_ALERT_WINDOW",
            "android.permission.USE_FULL_SCREEN_INTENT",
            "android.permission.VIBRATE",
            "android.permission.WAKE_LOCK",
            "android.permission.WRITE_EXTERNAL_STORAG",
            "android.permission.WRITE_EXTERNAL_STORAGE",
            "com.android.launcher.permission.READ_SETTINGS",
            "com.google.android.c2dm.permission.RECEIVE",
            "com.hihonor.push.permission.READ_PUSH_NOTIFICATION_INFO",
            "com.huawei.android.launcher.permission.CHANGE_BADGE ",
            "com.laiwuquan.forum.DYNAMIC_RECEIVER_NOT_EXPORTED_PERMISSION",
            "com.laiwuquan.forum.permission.C2D_MESSAGE",
            "com.laiwuquan.forum.permission.MIPUSH_RECEIVE",
            "com.laiwuquan.forum.permission.PROCESS_PUSH_MSG",
            "com.laiwuquan.forum.permission.PUSH_PROVIDER",
            "com.laiwuquan.forum.push.permission.MESSAGE",
            "com.meizu.c2dm.permission.RECEIVE",
            "com.meizu.flyme.permission.PUSH",
            "com.meizu.flyme.push.permission.RECEIVE",
            "com.samsung.android.providers.context.permission.WRITE_USE_APP_FEATURE_SURVEY",
            "com.vivo.notification.permission.BADGE_ICON"
        ],
        "activities": [
            "com.alibaba.alibclinkpartner.smartlink.ALPEntranceActivity",
            "com.alipay.sdk.app.APayEntranceActivity",
            "com.alipay.sdk.app.AlipayResultActivity",
            "com.alipay.sdk.app.H5AuthActivity",
            "com.alipay.sdk.app.H5OpenAuthActivity",
            "com.alipay.sdk.app.H5PayActivity",
            "com.alipay.sdk.app.PayResultActivity",
            "com.ccb.companybank.CcbMainActivity",
            "com.huawei.hms.activity.BridgeActivity",
            "com.huawei.hms.activity.EnableServiceActivity",
            "com.huawei.hms.support.api.push.TransActivity",
            "com.laiwuquan.forum.MainTabActivity",
            "com.laiwuquan.forum.ShowErrorActivity",
            "com.laiwuquan.forum.Test",
            "com.laiwuquan.forum.activity.AboutUsActivity",
            "com.laiwuquan.forum.activity.ChannelActivity",
            "com.laiwuquan.forum.activity.Chat.AddGroupCheckActivity",
            "com.laiwuquan.forum.activity.Chat.ApplyAddGroupActivity",
            "com.laiwuquan.forum.activity.Chat.BaiduMapActivity",
            "com.laiwuquan.forum.activity.Chat.ChatActivity",
            "com.laiwuquan.forum.activity.Chat.ChatContactsActivity",
            "com.laiwuquan.forum.activity.Chat.ChatDetailActivity",
            "com.laiwuquan.forum.activity.Chat.ChatFriendActivity",
            "com.laiwuquan.forum.activity.Chat.ChatHomeActivity",
            "com.laiwuquan.forum.activity.Chat.ChatRecentlyActivity",
            "com.laiwuquan.forum.activity.Chat.ChatSysMessageActivity",
            "com.laiwuquan.forum.activity.Chat.CompanyChatActivity",
            "com.laiwuquan.forum.activity.Chat.GroupAnnouncementActivity",
            "com.laiwuquan.forum.activity.Chat.GroupAnnouncementEditActivity",
            "com.laiwuquan.forum.activity.Chat.GroupDescriptionActivity",
            "com.laiwuquan.forum.activity.Chat.GroupDetailActivity",
            "com.laiwuquan.forum.activity.Chat.GroupEditInfoActivity",
            "com.laiwuquan.forum.activity.Chat.GroupInformActivity",
            "com.laiwuquan.forum.activity.Chat.GroupMemberAddActivity",
            "com.laiwuquan.forum.activity.Chat.GroupMemberDeleteActivity",
            "com.laiwuquan.forum.activity.Chat.GroupMembersActivity",
            "com.laiwuquan.forum.activity.Chat.GroupNameActivity",
            "com.laiwuquan.forum.activity.Chat.GroupQrCodeActivity",
            "com.laiwuquan.forum.activity.Chat.GroupsActivity",
            "com.laiwuquan.forum.activity.Chat.GroupsPendActivity",
            "com.laiwuquan.forum.activity.Chat.JoinGroupConfirmActivity",
            "com.laiwuquan.forum.activity.Chat.MapAddrSearchActivity",
            "com.laiwuquan.forum.activity.Chat.MessageAtActivity",
            "com.laiwuquan.forum.activity.Chat.MessageCommentNoticeActivity",
            "com.laiwuquan.forum.activity.Chat.MessageLikeActivity",
            "com.laiwuquan.forum.activity.Chat.MyGroupActivity",
            "com.laiwuquan.forum.activity.Chat.NewChatRoomActivity",
            "com.laiwuquan.forum.activity.Chat.NewGroupActivity",
            "com.laiwuquan.forum.activity.Chat.PickAtUserActivity",
            "com.laiwuquan.forum.activity.Chat.RadarActivity",
            "com.laiwuquan.forum.activity.Chat.ServiceAccountListActivity",
            "com.laiwuquan.forum.activity.Chat.ServiceDetailActivity",
            "com.laiwuquan.forum.activity.Chat.ShareGroupActivity",
            "com.laiwuquan.forum.activity.Chat.VoiceCallMsgActivity",
            "com.laiwuquan.forum.activity.ChooseSpecialTopicActivity",
            "com.laiwuquan.forum.activity.ColumnContainerActivity",
            "com.laiwuquan.forum.activity.DatingCharmListActivity",
            "com.laiwuquan.forum.activity.DatingGiftActivity",
            "com.laiwuquan.forum.activity.DatingGiftPopularityActivity",
            "com.laiwuquan.forum.activity.DatingHomeActivity",
            "com.laiwuquan.forum.activity.DatingPhotoActivity",
            "com.laiwuquan.forum.activity.DatingRadarActivity",
            "com.laiwuquan.forum.activity.DebugDetailInfoActivity",
            "com.laiwuquan.forum.activity.DebugInfoActivity",
            "com.laiwuquan.forum.activity.Forum.ForumCustomActivity",
            "com.laiwuquan.forum.activity.Forum.ForumPlateActivity",
            "com.laiwuquan.forum.activity.Forum.ForumPublishActivity",
            "com.laiwuquan.forum.activity.Forum.ForumPublishSelectActivity",
            "com.laiwuquan.forum.activity.Forum.ForumSearchActivity",
            "com.laiwuquan.forum.activity.Forum.Forum_AllActivity",
            "com.laiwuquan.forum.activity.Forum.HomeHotActivity",
            "com.laiwuquan.forum.activity.Forum.MultiLevelSelectActivity",
            "com.laiwuquan.forum.activity.Forum.MultipleSelectActivity",
            "com.laiwuquan.forum.activity.Forum.RankListActivity",
            "com.laiwuquan.forum.activity.Forum.SelectTypeActivity",
            "com.laiwuquan.forum.activity.Forum.SingleSelectActivity",
            "com.laiwuquan.forum.activity.Forum.SystemPostActivity",
            "com.laiwuquan.forum.activity.GiftListActivity",
            "com.laiwuquan.forum.activity.GuideActivity",
            "com.laiwuquan.forum.activity.H5PayWebActivity",
            "com.laiwuquan.forum.activity.HomeSpecialTopicActivity",
            "com.laiwuquan.forum.activity.JsFullCommentActivity",
            "com.laiwuquan.forum.activity.LoginActivity",
            "com.laiwuquan.forum.activity.MatchmakerActivity",
            "com.laiwuquan.forum.activity.MeetBlackListActivity",
            "com.laiwuquan.forum.activity.MiPushActivity",
            "com.laiwuquan.forum.activity.My.AccountInfoActivity",
            "com.laiwuquan.forum.activity.My.AnonymousPersonHomeActivity",
            "com.laiwuquan.forum.activity.My.AuthApplyListActivity",
            "com.laiwuquan.forum.activity.My.BindPhoneActivity",
            "com.laiwuquan.forum.activity.My.BlackListActivity",
            "com.laiwuquan.forum.activity.My.CharacterTagsActivity",
            "com.laiwuquan.forum.activity.My.CropImageActivity",
            "com.laiwuquan.forum.activity.My.DatingFootprintActivity",
            "com.laiwuquan.forum.activity.My.DatingalbumActivity",
            "com.laiwuquan.forum.activity.My.DeclarationActivity",
            "com.laiwuquan.forum.activity.My.EditDatingNameActivity",
            "com.laiwuquan.forum.activity.My.EditPersonInfoActivity",
            "com.laiwuquan.forum.activity.My.JoinBoardActivity",
            "com.laiwuquan.forum.activity.My.MyActivity",
            "com.laiwuquan.forum.activity.My.MyCollectionActivity",
            "com.laiwuquan.forum.activity.My.MyDraftActivity",
            "com.laiwuquan.forum.activity.My.MyMeetActivity",
            "com.laiwuquan.forum.activity.My.PayMakeFriendsActivity",
            "com.laiwuquan.forum.activity.My.PersonArticleActivity",
            "com.laiwuquan.forum.activity.My.PersonBgActivity",
            "com.laiwuquan.forum.activity.My.PersonBgChangeActivity",
            "com.laiwuquan.forum.activity.My.PersonDetailActivity",
            "com.laiwuquan.forum.activity.My.PersonHomeActivity",
            "com.laiwuquan.forum.activity.My.PersonInfoGuideActivity",
            "com.laiwuquan.forum.activity.My.PopularityListActivity",
            "com.laiwuquan.forum.activity.My.PrivateProtectActivity",
            "com.laiwuquan.forum.activity.My.RecordAudioActivity",
            "com.laiwuquan.forum.activity.My.RedPacketListActivity",
            "com.laiwuquan.forum.activity.My.SelectContactsActivity",
            "com.laiwuquan.forum.activity.My.SelectNetContactsActivity",
            "com.laiwuquan.forum.activity.My.SetBakNameActivity",
            "com.laiwuquan.forum.activity.My.SetPrivateInfoActivity",
            "com.laiwuquan.forum.activity.My.SignatureActivity",
            "com.laiwuquan.forum.activity.My.UploadFileDetailActivity",
            "com.laiwuquan.forum.activity.My.VerifyBindPhoneActivity",
            "com.laiwuquan.forum.activity.My.gift.CashDetailActivity",
            "com.laiwuquan.forum.activity.My.gift.GiftIncomeActivity",
            "com.laiwuquan.forum.activity.My.gift.MyGiftActivity",
            "com.laiwuquan.forum.activity.My.identification.IdentificationFinishActivity",
            "com.laiwuquan.forum.activity.My.identification.IdentificationInfoActivity",
            "com.laiwuquan.forum.activity.My.identification.MyFaceRecognitionActivity",
            "com.laiwuquan.forum.activity.My.identification.VerifiedResultActivity",
            "com.laiwuquan.forum.activity.My.myFriends.MyFriendActivity",
            "com.laiwuquan.forum.activity.My.myforums.MyForumActivity",
            "com.laiwuquan.forum.activity.My.mypai.MyPaiActivity",
            "com.laiwuquan.forum.activity.My.wallet.AddShippingAddressActivity",
            "com.laiwuquan.forum.activity.My.wallet.AddressProvinceActivity",
            "com.laiwuquan.forum.activity.My.wallet.ManageShippingAddressActivity",
            "com.laiwuquan.forum.activity.My.wallet.MyAssetBalanceDetailActivity",
            "com.laiwuquan.forum.activity.My.wallet.MyAssetDetailActivity",
            "com.laiwuquan.forum.activity.My.wallet.MyRewardDetailActivity",
            "com.laiwuquan.forum.activity.My.wallet.MyShippingAddressActivity",
            "com.laiwuquan.forum.activity.My.wallet.MyWalletDetailActivity",
            "com.laiwuquan.forum.activity.My.wallet.MyWalletPurchaseActivity",
            "com.laiwuquan.forum.activity.My.wallet.MyWalletRechargeActivity",
            "com.laiwuquan.forum.activity.My.wallet.MyWalletWithdrawalActivity",
            "com.laiwuquan.forum.activity.My.wallet.PayActivity",
            "com.laiwuquan.forum.activity.NewFriendMeetActivity",
            "com.laiwuquan.forum.activity.NewSetPayPwdActivity",
            "com.laiwuquan.forum.activity.Pai.ChoosePraiseAndReplySettingActivity",
            "com.laiwuquan.forum.activity.Pai.New_Pai_WeekorMonthHotWithChooseActivity",
            "com.laiwuquan.forum.activity.Pai.PaiActivity",
            "com.laiwuquan.forum.activity.Pai.PaiDetailActivity",
            "com.laiwuquan.forum.activity.Pai.PaiFriendActivity",
            "com.laiwuquan.forum.activity.Pai.PaiFriendPairActivity",
            "com.laiwuquan.forum.activity.Pai.PaiLikeListActivity",
            "com.laiwuquan.forum.activity.Pai.PaiMyTopicActivity",
            "com.laiwuquan.forum.activity.Pai.PaiNearActivity",
            "com.laiwuquan.forum.activity.Pai.PaiNewTopicActivity",
            "com.laiwuquan.forum.activity.Pai.PaiParticipateListActivity",
            "com.laiwuquan.forum.activity.Pai.PaiPublishActivity",
            "com.laiwuquan.forum.activity.Pai.PaiPublishChoosePoiActivity",
            "com.laiwuquan.forum.activity.Pai.PaiSubscribeActivity",
            "com.laiwuquan.forum.activity.Pai.PaiTagActivity",
            "com.laiwuquan.forum.activity.Pai.PaiTopicActivity",
            "com.laiwuquan.forum.activity.Pai.Pai_NearDynamicActivity",
            "com.laiwuquan.forum.activity.Pai.Pai_Publish_ChooseTopicActivity",
            "com.laiwuquan.forum.activity.Pai.RewardActivity",
            "com.laiwuquan.forum.activity.Pai.UploadVideoActivity",
            "com.laiwuquan.forum.activity.Pai.VideoDetailActivity",
            "com.laiwuquan.forum.activity.Pai.VideoPlayActivity",
            "com.laiwuquan.forum.activity.PairSuccessActivity",
            "com.laiwuquan.forum.activity.PayVideoListActivity",
            "com.laiwuquan.forum.activity.PrivilegeDescripActivity",
            "com.laiwuquan.forum.activity.SchemeCenterActivity",
            "com.laiwuquan.forum.activity.Setting.AccountLogoutActivity",
            "com.laiwuquan.forum.activity.Setting.ChangePasswordActivity",
            "com.laiwuquan.forum.activity.Setting.CredentialsImageActivity",
            "com.laiwuquan.forum.activity.Setting.DarkThemeActivity",
            "com.laiwuquan.forum.activity.Setting.ExplainActivity",
            "com.laiwuquan.forum.activity.Setting.ManagerAccountActivity",
            "com.laiwuquan.forum.activity.Setting.SetPayPasswordActivity",
            "com.laiwuquan.forum.activity.Setting.SettingAccountActivity",
            "com.laiwuquan.forum.activity.Setting.SettingAppFontSizeActivity",
            "com.laiwuquan.forum.activity.Setting.SettingEMChatActivity",
            "com.laiwuquan.forum.activity.Setting.SettingNotificationActivity",
            "com.laiwuquan.forum.activity.Setting.SettingOlderModeActivity",
            "com.laiwuquan.forum.activity.Setting.SettingRewardActivity",
            "com.laiwuquan.forum.activity.Setting.SettingVideoActivity",
            "com.laiwuquan.forum.activity.Setting.help.HelpActivity",
            "com.laiwuquan.forum.activity.Setting.help.NetworkActivity",
            "com.laiwuquan.forum.activity.Setting.help.X5SettingActivity",
            "com.laiwuquan.forum.activity.SettingActivity",
            "com.laiwuquan.forum.activity.StartActivity",
            "com.laiwuquan.forum.activity.TagDetailActivity",
            "com.laiwuquan.forum.activity.TestActivity",
            "com.laiwuquan.forum.activity.VLayoutDisplayActivity",
            "com.laiwuquan.forum.activity.VerifySetPayPwdActivity",
            "com.laiwuquan.forum.activity.VideoFullScreenActivity",
            "com.laiwuquan.forum.activity.ViewHistoryActivity",
            "com.laiwuquan.forum.activity.advertisement.RewardVideoActivity",
            "com.laiwuquan.forum.activity.basefunction.BaseFunctionActivity",
            "com.laiwuquan.forum.activity.basefunction.BaseFunctionPostActivity",
            "com.laiwuquan.forum.activity.basefunction.BaseFunctionSettingActivity",
            "com.laiwuquan.forum.activity.circle.CircleMemberActivity",
            "com.laiwuquan.forum.activity.circle.PartyActivity",
            "com.laiwuquan.forum.activity.expression.ExpressionSortActivity",
            "com.laiwuquan.forum.activity.expression.SimileImageDetailActivity",
            "com.laiwuquan.forum.activity.live.LiveFinishActivity",
            "com.laiwuquan.forum.activity.live.LiveLookFinishActivity",
            "com.laiwuquan.forum.activity.live.LookLiveActivity",
            "com.laiwuquan.forum.activity.live.StartLiveActivity",
            "com.laiwuquan.forum.activity.login.BindAccountActivity",
            "com.laiwuquan.forum.activity.login.BindExceptionActivity",
            "com.laiwuquan.forum.activity.login.FindPasswordByPhoneActivity",
            "com.laiwuquan.forum.activity.login.LoginSmsActivity",
            "com.laiwuquan.forum.activity.login.OneClickLoginUserInfoActivity",
            "com.laiwuquan.forum.activity.login.OneClickRegisterActivity",
            "com.laiwuquan.forum.activity.login.OneClickVerifyPhoneActivity",
            "com.laiwuquan.forum.activity.login.PswUpdateSuccessActivity",
            "com.laiwuquan.forum.activity.login.RegistFillCodeActivity",
            "com.laiwuquan.forum.activity.login.RegistIdentifyPhoneActivity",
            "com.laiwuquan.forum.activity.login.RegistUploadAvatarActivity",
            "com.laiwuquan.forum.activity.login.RegistUserInfoActivity",
            "com.laiwuquan.forum.activity.login.SelectCountryActivity",
            "com.laiwuquan.forum.activity.login.SetNewPasswordActivity",
            "com.laiwuquan.forum.activity.login.ThirdLoginBindPhoneActivity",
            "com.laiwuquan.forum.activity.login.ThirdLoginFillUserInfoActivity",
            "com.laiwuquan.forum.activity.pangolin.ArticleActivity",
            "com.laiwuquan.forum.activity.pangolin.CloudGameActivity",
            "com.laiwuquan.forum.activity.pangolin.NovelActivity",
            "com.laiwuquan.forum.activity.pangolin.NovelReadRecordActivity",
            "com.laiwuquan.forum.activity.pangolin.PangolinFullVideoActivity",
            "com.laiwuquan.forum.activity.pangolin.PangolinGridVideoActivity",
            "com.laiwuquan.forum.activity.pangolin.UserCollectVideoActivity",
            "com.laiwuquan.forum.activity.photo.CaptureActivity",
            "com.laiwuquan.forum.activity.photo.MakeFriendPhotoActivity",
            "com.laiwuquan.forum.activity.photo.NewCropImageActivity",
            "com.laiwuquan.forum.activity.photo.PhotoAndVideoPreviewActivity",
            "com.laiwuquan.forum.activity.photo.PhotoSeeAndSaveActivity",
            "com.laiwuquan.forum.activity.photo.PhotoSeeAndSaveChatActivity",
            "com.laiwuquan.forum.activity.photo.SeeSelectedPhotoActivity",
            "com.laiwuquan.forum.activity.photo.editpic.EditPicActivity",
            "com.laiwuquan.forum.activity.photo.refactor.NewCameraActivity",
            "com.laiwuquan.forum.activity.photo.refactor.NewEditPicListActivity",
            "com.laiwuquan.forum.activity.photo.refactor.NewEditVideoActivity",
            "com.laiwuquan.forum.activity.photo.refactor.NewFilePhotoSeeSelectedActivity",
            "com.laiwuquan.forum.activity.photo.refactor.NewPhotoActivity",
            "com.laiwuquan.forum.activity.photo.refactor.NewPreviewPhotoActivity",
            "com.laiwuquan.forum.activity.photo.refactor.NewPublishEditPhotoActivity",
            "com.laiwuquan.forum.activity.photo.refactor.NewViewVideoActivity",
            "com.laiwuquan.forum.activity.publish.edit.video.NewPublishEditVideoActivity",
            "com.laiwuquan.forum.activity.redpacket.RedPacketDetailsActivity",
            "com.laiwuquan.forum.activity.redpacket.RewardRedPackDetailActivity",
            "com.laiwuquan.forum.activity.redpacket.SendRedPacketActivity",
            "com.laiwuquan.forum.activity.video.ShortVideoActivity",
            "com.laiwuquan.forum.activity.video.VideoRecommendActivity",
            "com.laiwuquan.forum.activity.weather.SearchCityActivity",
            "com.laiwuquan.forum.activity.weather.Weather15DayActivity",
            "com.laiwuquan.forum.activity.weather.WeatherDetailActivity",
            "com.laiwuquan.forum.followinfoflow.FollowRecommendActivity",
            "com.laiwuquan.forum.fragment.circle.DangZhiBuActivity",
            "com.laiwuquan.forum.fragment.circle.OtherZhibuActivity",
            "com.laiwuquan.forum.fragment.video.PayContentVideoDetailActivity",
            "com.laiwuquan.forum.newforum.activity.AccessorySelectActivity",
            "com.laiwuquan.forum.newforum.activity.AddFormLinkActivity",
            "com.laiwuquan.forum.newforum.activity.AddGoodsActivity",
            "com.laiwuquan.forum.newforum.activity.AddVotingActivity",
            "com.laiwuquan.forum.newforum.activity.ChooseAndSearchArticleActivity",
            "com.laiwuquan.forum.newforum.activity.ChooseMusicActivity",
            "com.laiwuquan.forum.newforum.activity.ChooseWatchLimitsActivity",
            "com.laiwuquan.forum.newforum.activity.ForumDetailEditActivity",
            "com.laiwuquan.forum.newforum.activity.ForumPreviewActivity",
            "com.laiwuquan.forum.newforum.activity.ImagePreviewAndPingTuActivity",
            "com.laiwuquan.forum.newforum.activity.LocalMusicsActivity",
            "com.laiwuquan.forum.newforum.activity.NewForumPublish2Activity",
            "com.laiwuquan.forum.newforum.activity.NewForumPublishActivity",
            "com.laiwuquan.forum.newforum.activity.PaySettingActivity",
            "com.laiwuquan.forum.newforum.activity.SetCoverActivity",
            "com.laiwuquan.forum.newforum.activity.SummaryActivity",
            "com.laiwuquan.forum.powerfusearch.activity.PowerfulSearchActivity",
            "com.laiwuquan.forum.util.crash.CrashDetailsActivity",
            "com.laiwuquan.forum.util.crash.CrashListActivity",
            "com.laiwuquan.forum.webviewlibrary.SystemWebviewActivity",
            "com.laiwuquan.forum.wxapi.WXEntryActivity",
            "com.laiwuquan.forum.wxapi.WXPayEntryActivity",
            "com.mobile.auth.gatewayauth.LoginAuthActivity",
            "com.mobile.auth.gatewayauth.PrivacyDialogActivity",
            "com.mobile.auth.gatewayauth.activity.AuthWebVeiwActivity",
            "com.qianfan.classifyinfolib.ClassifyHomeActivity",
            "com.qiniu.pili.droid.streaming.screen.ScreenCaptureRequestActivity",
            "com.qq.e.ads.ADActivity",
            "com.qq.e.ads.DialogActivity",
            "com.qq.e.ads.LandscapeADActivity",
            "com.qq.e.ads.PortraitADActivity",
            "com.qq.e.ads.RewardvideoLandscapeADActivity",
            "com.qq.e.ads.RewardvideoPortraitADActivity",
            "com.sina.weibo.sdk.share.ShareTransActivity",
            "com.sina.weibo.sdk.web.WebActivity",
            "com.tencent.connect.common.AssistActivity",
            "com.tencent.tauth.AuthActivity",
            "com.tencent.wework.api.view.H5Activity",
            "com.vivo.push.sdk.LinkProxyClientActivity",
            "com.xiaomi.mipush.sdk.NotificationClickedActivity",
            "com.yc.monitorfilelib.FileExplorerActivity"
        ],
        "services": [
            "com.heytap.msp.push.service.CompatibleDataMessageCallbackService",
            "com.heytap.msp.push.service.DataMessageCallbackService",
            "com.huawei.agconnect.core.ServiceDiscovery",
            "com.huawei.hms.support.api.push.service.HmsMsgService",
            "com.laiwuquan.forum.service.FloatViewService",
            "com.laiwuquan.forum.service.PublishTaskFloatViewService",
            "com.laiwuquan.forum.service.UpLoadService",
            "com.meizu.cloud.pushsdk.NotificationService",
            "com.qianfan.honorlib.QFHonorMessageService",
            "com.qianfan.huaweilib.QFHmsMessageService",
            "com.qianfan.oppolib.OppoAboveQService",
            "com.qianfan.oppolib.OppoUnderQService",
            "com.qianfanyun.livelib.StreamService",
            "com.qiniu.pili.droid.streaming.screen.ScreenRecordService",
            "com.qq.e.comm.DownloadService",
            "com.taobao.accs.ChannelService",
            "com.taobao.accs.ChannelService$KernelService",
            "com.tencent.smtt.export.external.DexClassLoaderProviderService",
            "com.umeng.message.component.UmengIntentService",
            "com.umeng.message.component.UmengMessageReceiverService",
            "com.vivo.push.sdk.service.CommandClientService",
            "com.xiaomi.mipush.sdk.MessageHandleService",
            "com.xiaomi.mipush.sdk.PushMessageHandler",
            "com.xiaomi.push.service.XMJobService",
            "com.xiaomi.push.service.XMPushService"
        ],
        "receivers": [
            "com.huawei.hms.support.api.push.PushMsgReceiver",
            "com.huawei.hms.support.api.push.PushReceiver",
            "com.meizu.cloud.pushsdk.MzPushSystemReceiver",
            "com.qianfan.meizulib.QFMzPushMessageReceiver",
            "com.qianfan.vivolib.VivoPushMessageReceiverImpl",
            "com.qianfanyun.xiaomi_qfyaccs.QFXiaoMiMessageReceiver",
            "com.xiaomi.push.service.receivers.PingReceiver",
            "org.android.agoo.vivo.PushMessageReceiverImpl"
        ],
        "permission_details": {
            "android.permission.ACCESS_COARSE_LOCATION": "dangerous",
            "android.permission.ACCESS_FINE_LOCATION": "dangerous",
            "android.permission.ACCESS_NETWORK_STATE": "normal",
            "android.permission.ACCESS_WIFI_STATE": "normal",
            "android.permission.BROADCAST_PACKAGE_ADDED": "unknown",
            "android.permission.BROADCAST_PACKAGE_CHANGED": "unknown",
            "android.permission.BROADCAST_PACKAGE_INSTALL": "unknown",
            "android.permission.BROADCAST_PACKAGE_REPLACED": "unknown",
            "android.permission.BROADCAST_STICKY": "normal",
            "android.permission.CAMERA": "dangerous",
            "android.permission.CHANGE_NETWORK_STATE": "normal",
            "android.permission.CHANGE_WIFI_STATE": "normal",
            "android.permission.FLASHLIGHT": "unknown",
            "android.permission.FOREGROUND_SERVICE": "normal",
            "android.permission.INTERNET": "normal",
            "android.permission.MODIFY_AUDIO_SETTINGS": "normal",
            "android.permission.MOUNT_UNMOUNT_FILESYSTEMS": "unlaballed",
            "android.permission.POST_NOTIFICATIONS": "dangerous",
            "android.permission.QUERY_ALL_PACKAGES": "normal",
            "android.permission.READ_EXTERNAL_STORAGE": "dangerous",
            "android.permission.READ_MEDIA_IMAGES": "dangerous",
            "android.permission.READ_MEDIA_VIDEO": "dangerous",
            "android.permission.RECORD_AUDIO": "dangerous",
            "android.permission.REORDER_TASKS": "normal",
            "android.permission.REQUEST_INSTALL_PACKAGES": "signature",
            "android.permission.SYSTEM_ALERT_WINDOW": "signature",
            "android.permission.USE_FULL_SCREEN_INTENT": "normal",
            "android.permission.VIBRATE": "normal",
            "android.permission.WAKE_LOCK": "normal",
            "android.permission.WRITE_EXTERNAL_STORAG": "unknown",
            "android.permission.WRITE_EXTERNAL_STORAGE": "dangerous",
            "com.android.launcher.permission.READ_SETTINGS": "unknown",
            "com.google.android.c2dm.permission.RECEIVE": "unknown",
            "com.hihonor.push.permission.READ_PUSH_NOTIFICATION_INFO": "unknown",
            "com.huawei.android.launcher.permission.CHANGE_BADGE ": "unknown",
            "com.laiwuquan.forum.DYNAMIC_RECEIVER_NOT_EXPORTED_PERMISSION": "unknown",
            "com.laiwuquan.forum.permission.C2D_MESSAGE": "unknown",
            "com.laiwuquan.forum.permission.MIPUSH_RECEIVE": "unknown",
            "com.laiwuquan.forum.permission.PROCESS_PUSH_MSG": "unknown",
            "com.laiwuquan.forum.permission.PUSH_PROVIDER": "unknown",
            "com.laiwuquan.forum.push.permission.MESSAGE": "unknown",
            "com.meizu.c2dm.permission.RECEIVE": "unknown",
            "com.meizu.flyme.permission.PUSH": "unknown",
            "com.meizu.flyme.push.permission.RECEIVE": "unknown",
            "com.samsung.android.providers.context.permission.WRITE_USE_APP_FEATURE_SURVEY": "unknown",
            "com.vivo.notification.permission.BADGE_ICON": "unknown"
        },
        "risk_counts": {
            "dangerous": 9,
            "normal": 13,
            "unknown": 21,
            "unlaballed": 1,
            "signature": 2
        }
    },
    "stats": {
        "dex_count": 7,
        "native_lib_count": 29
    },
    "jadx": {
        "status": "ok",
        "duration_sec": 101.1,
        "sources_present": true,
        "java_file_count": 21108
    },
    "ast_analysis": {
        "location": 12,
        "microphone": 2,
        "camera": 62,
        "media_projection": 10,
        "dynamic_load": 0,
        "jni": 43
    },
    "analysis_state": "complete"
}