{
    "apk_name": "2D4775BAB0F4CDCB80370CF6D578BD23037C3ADE90E63397EFFD20A625294BAC",
    "sha256": "2d4775bab0f4cdcb80370cf6d578bd23037c3ade90e63397effd20a625294bac",
    "metadata": {
        "package_name": "com.camera.easy",
        "version_code": "410",
        "version_name": "2.3.7",
        "min_sdk": "23",
        "target_sdk": "30",
        "permissions": [
            "android.permission.ACCESS_COARSE_LOCATION",
            "android.permission.ACCESS_COARSE_UPDATES",
            "android.permission.ACCESS_FINE_LOCATION",
            "android.permission.ACCESS_NETWORK_STATE",
            "android.permission.ACCESS_WIFI_STATE",
            "android.permission.BLUETOOTH",
            "android.permission.BLUETOOTH_ADMIN",
            "android.permission.CAMERA",
            "android.permission.CHANGE_WIFI_STATE",
            "android.permission.FOREGROUND_SERVICE",
            "android.permission.INTERNET",
            "android.permission.READ_PHONE_NUMBERS",
            "android.permission.READ_PHONE_STATE",
            "android.permission.RECEIVE_BOOT_COMPLETED",
            "android.permission.RECORD_AUDIO",
            "android.permission.REQUEST_DELETE_PACKAGES",
            "android.permission.WAKE_LOCK",
            "android.permission.WRITE_EXTERNAL_STORAGE"
        ],
        "activities": [
            "com.camera.easy.ui.getstarted.GetStartedActivity",
            "o.SplitFileDao",
            "o.SplitFileDao_Impl$2",
            "o.VaultAnnotationDao_Impl$1",
            "o.VaultAnnotationDao_Impl$2",
            "o.VaultAnnotationDao_Impl$3",
            "o.VideoResolution$Companion",
            "o.access$3602",
            "o.component6",
            "o.copy$default",
            "o.count",
            "o.getAnnotationFileName",
            "o.getAnnotationUnPaddedSize",
            "o.getFullPath",
            "o.getSensorItemCount",
            "o.getTime_coord",
            "o.isMediaCompressed",
            "o.isSendFailed",
            "o.isTooLargeFor3G",
            "o.isUploading",
            "o.queryForItemId",
            "o.setAmendedTime",
            "o.update"
        ],
        "services": [
            "androidx.work.impl.background.systemjob.SystemJobService",
            "o.onExitLayoutOrScroll",
            "o.removeItemDecoration",
            "o.setAdapterInternal"
        ],
        "receivers": [
            "androidx.work.impl.background.systemalarm.ConstraintProxyUpdateReceiver",
            "androidx.work.impl.utils.ForceStopRunnable$BroadcastReceiver",
            "o.offsetPositionRecordsForRemove$AudioAttributesCompatParcelizer",
            "o.offsetPositionRecordsForRemove$IconCompatParcelizer",
            "o.offsetPositionRecordsForRemove$read",
            "o.offsetPositionRecordsForRemove$write",
            "o.onChildDetachedFromWindow"
        ],
        "permission_details": {
            "android.permission.ACCESS_COARSE_LOCATION": "dangerous",
            "android.permission.ACCESS_COARSE_UPDATES": "unknown",
            "android.permission.ACCESS_FINE_LOCATION": "dangerous",
            "android.permission.ACCESS_NETWORK_STATE": "normal",
            "android.permission.ACCESS_WIFI_STATE": "normal",
            "android.permission.BLUETOOTH": "normal",
            "android.permission.BLUETOOTH_ADMIN": "normal",
            "android.permission.CAMERA": "dangerous",
            "android.permission.CHANGE_WIFI_STATE": "normal",
            "android.permission.FOREGROUND_SERVICE": "normal",
            "android.permission.INTERNET": "normal",
            "android.permission.READ_PHONE_NUMBERS": "dangerous",
            "android.permission.READ_PHONE_STATE": "dangerous",
            "android.permission.RECEIVE_BOOT_COMPLETED": "normal",
            "android.permission.RECORD_AUDIO": "dangerous",
            "android.permission.REQUEST_DELETE_PACKAGES": "normal",
            "android.permission.WAKE_LOCK": "normal",
            "android.permission.WRITE_EXTERNAL_STORAGE": "dangerous"
        },
        "risk_counts": {
            "dangerous": 7,
            "unknown": 1,
            "normal": 10
        }
    },
    "stats": {
        "dex_count": 1,
        "native_lib_count": 16
    },
    "jadx": {
        "status": "ok",
        "duration_sec": 24.18,
        "sources_present": true,
        "java_file_count": 3676
    },
    "ast_analysis": {
        "location": 2,
        "microphone": 0,
        "camera": 7,
        "media_projection": 0,
        "dynamic_load": 0,
        "jni": 4
    },
    "analysis_state": "complete"
}