{
    "apk_name": "928021F7D515223D073C738B96B25F2D639D8BD06A6AFD9D45140BD0F9B1A343",
    "sha256": "928021f7d515223d073c738b96b25f2d639d8bd06a6afd9d45140bd0f9b1a343",
    "metadata": {
        "package_name": "com.king.candycrushsaga",
        "version_code": "104001",
        "version_name": "1.40.0",
        "min_sdk": "9",
        "target_sdk": "15",
        "permissions": [
            "android.permission.ACCESS_NETWORK_STATE",
            "android.permission.ACCESS_WIFI_STATE",
            "android.permission.GET_ACCOUNTS",
            "android.permission.INTERNET",
            "android.permission.WAKE_LOCK",
            "com.android.vending.BILLING",
            "com.google.android.c2dm.permission.RECEIVE",
            "com.king.candycrushsaga.permission.C2D_MESSAGE",
            "com.king.cross.kingapp.provider.ACCESS"
        ],
        "activities": [
            "com.facebook.LoginActivity",
            "com.king.candycrushsaga.CandyCrushSagaActivity"
        ],
        "services": [
            "com.google.analytics.tracking.android.CampaignTrackingService",
            "com.king.candycrushsaga.MyAlarmService",
            "com.king.core.AlarmService",
            "com.king.core.GCMIntentService",
            "com.king.store.billing.BillingService"
        ],
        "receivers": [
            "com.amazon.inapp.purchasing.ResponseReceiver",
            "com.king.candycrushsaga.MyGCMBroadcastReceiver",
            "com.king.core.ReferrerReceiver",
            "com.king.store.billing.BillingReceiver"
        ]
    },
    "stats": {
        "dex_count": 1,
        "native_lib_count": 1
    },
    "jadx": {
        "status": "ok",
        "duration_sec": 10.27,
        "sources_present": true,
        "java_file_count": 1120
    },
    "ast_analysis": {
        "location": 9,
        "microphone": 0,
        "camera": 10,
        "media_projection": 0,
        "dynamic_load": 0,
        "jni": 1
    },
    "analysis_state": "complete"
}