{
    "apk_name": "1BE70AFC985DBA20EEB6C8828691875A4B8C984FACC9A9357F89495B0885E5B0",
    "sha256": "1be70afc985dba20eeb6c8828691875a4b8c984facc9a9357f89495b0885e5b0",
    "metadata": {
        "package_name": "org.providence.onboardme",
        "version_code": "119736",
        "version_name": "1.35.0.119736",
        "min_sdk": "21",
        "target_sdk": "30",
        "permissions": [
            "android.permission.ACCESS_COARSE_LOCATION",
            "android.permission.ACCESS_FINE_LOCATION",
            "android.permission.ACCESS_LOCATION_EXTRA_COMMANDS",
            "android.permission.ACCESS_MOCK_LOCATION",
            "android.permission.ACCESS_NETWORK_STATE",
            "android.permission.ACCESS_WIFI_STATE",
            "android.permission.CAMERA",
            "android.permission.INTERNET",
            "android.permission.READ_EXTERNAL_STORAGE",
            "android.permission.WAKE_LOCK",
            "android.permission.WRITE_EXTERNAL_STORAGE"
        ],
        "activities": [
            "com.google.android.gms.common.api.GoogleApiActivity",
            "com.theartofdev.edmodo.cropper.CropImageActivity",
            "crc64a0e0a82d0db9a07d.IntermediateActivity",
            "crc64a0e0a82d0db9a07d.WebAuthenticatorIntermediateActivity",
            "crc64f0dda71f4b89513a.MainActivity",
            "crc64f0dda71f4b89513a.WebAuthenticationCallbackActivity"
        ],
        "services": [],
        "receivers": [
            "crc643f46942d9dd1fff9.PowerSaveModeBroadcastReceiver",
            "crc64a0e0a82d0db9a07d.ConnectivityBroadcastReceiver",
            "crc64f0dda71f4b89513a.DownloadBrodacast"
        ]
    },
    "stats": {
        "dex_count": 1,
        "native_lib_count": 14
    },
    "jadx": {
        "status": "ok",
        "duration_sec": 16.84,
        "sources_present": true,
        "java_file_count": 2993
    },
    "ast_analysis": {
        "location": 3,
        "microphone": 0,
        "camera": 3,
        "media_projection": 0,
        "dynamic_load": 0,
        "jni": 5
    },
    "analysis_state": "complete"
}