{
    "apk_name": "B528069302FD3EFFF36749B880F58F4B116594052F471A376B73E1F9DF80F195",
    "sha256": "b528069302fd3efff36749b880f58f4b116594052f471a376b73e1f9df80f195",
    "metadata": {
        "package_name": "com.dxy.gaia",
        "version_code": "20220519",
        "version_name": "6.1.0",
        "min_sdk": "23",
        "target_sdk": "28",
        "permissions": [
            "android.permission.ACCESS_COARSE_LOCATION",
            "android.permission.ACCESS_FINE_LOCATION",
            "android.permission.ACCESS_NETWORK_STATE",
            "android.permission.ACCESS_WIFI_STATE",
            "android.permission.CAMERA",
            "android.permission.CHANGE_NETWORK_STATE",
            "android.permission.CHANGE_WIFI_MULTICAST_STATE",
            "android.permission.CHANGE_WIFI_STATE",
            "android.permission.FLASHLIGHT",
            "android.permission.FOREGROUND_SERVICE",
            "android.permission.GET_TASKS",
            "android.permission.INTERNET",
            "android.permission.MODIFY_AUDIO_SETTINGS",
            "android.permission.READ_EXTERNAL_STORAGE",
            "android.permission.READ_PHONE_STATE",
            "android.permission.RECORD_AUDIO",
            "android.permission.REQUEST_INSTALL_PACKAGES",
            "android.permission.SCHEDULE_EXACT_ALARM",
            "android.permission.SYSTEM_ALERT_WINDOW",
            "android.permission.VIBRATE",
            "android.permission.WRITE_EXTERNAL_STORAGE",
            "com.coloros.mcs.permission.RECIEVE_MCS_MESSAGE",
            "com.dxy.gaia.andpermission.bridge",
            "com.dxy.gaia.permission.C2D_MESSAGE",
            "com.dxy.gaia.permission.MIPUSH_RECEIVE",
            "com.dxy.gaia.permission.PROCESS_PUSH_MSG",
            "com.dxy.gaia.permission.PUSH_PROVIDER",
            "com.dxy.gaia.push.permission.MESSAGE",
            "com.heytap.mcs.permission.RECIEVE_MCS_MESSAGE",
            "com.huawei.appmarket.service.commondata.permission.GET_COMMON_DATA",
            "com.meizu.c2dm.permission.RECEIVE",
            "com.meizu.flyme.permission.PUSH",
            "com.meizu.flyme.push.permission.RECEIVE",
            "getui.permission.GetuiService.com.dxy.gaia"
        ],
        "activities": [
            "cn.dxy.sso.v2.accountdel.SSOAccountDeleteActivity",
            "cn.dxy.sso.v2.accountdel.SSOAccountDeleteVerifyActivity",
            "cn.dxy.sso.v2.activity.SSOAboutDXYActivity",
            "cn.dxy.sso.v2.activity.SSOAccountSettingActivity",
            "cn.dxy.sso.v2.activity.SSOBindEmailActivity",
            "cn.dxy.sso.v2.activity.SSOBindPhoneActivity",
            "cn.dxy.sso.v2.activity.SSOCompleteActivity",
            "cn.dxy.sso.v2.activity.SSOCountryCodeActivity",
            "cn.dxy.sso.v2.activity.SSODXYServiceTermsActivity",
            "cn.dxy.sso.v2.activity.SSOLoginActivity",
            "cn.dxy.sso.v2.activity.SSOModifyPwdActivity",
            "cn.dxy.sso.v2.activity.SSOOneCompleteActivity",
            "cn.dxy.sso.v2.activity.SSOOneLoginActivity",
            "cn.dxy.sso.v2.activity.SSOOneRegWithWeChatActivity",
            "cn.dxy.sso.v2.activity.SSOPwdActivity",
            "cn.dxy.sso.v2.activity.SSOPwdEmailActivity",
            "cn.dxy.sso.v2.activity.SSOPwdPhoneActivity",
            "cn.dxy.sso.v2.activity.SSOPwdResetActivity",
            "cn.dxy.sso.v2.activity.SSORegActivity",
            "cn.dxy.sso.v2.activity.SSORegSubmitActivity",
            "cn.dxy.sso.v2.activity.SSORegWithWeChatActivity",
            "cn.dxy.sso.v2.activity.SSOTwoAccountBindResultActivity",
            "cn.dxy.sso.v2.activity.SSOTwoAccountConfirmActivity",
            "cn.dxy.sso.v2.activity.SSOTwoAccountRemindActivity",
            "cn.dxy.sso.v2.activity.SSOUplinkSMSActivity",
            "cn.dxy.sso.v2.activity.SSOWeChatBindActivity",
            "cn.dxy.sso.v2.activity.SSOWeChatLoginActivity",
            "cn.dxy.sso.v2.activity.SSOWeChatRegActivity",
            "cn.dxy.sso.v2.activity.SSOWechatSelectUserActivity",
            "com.dxy.core.widget.daview.DaLogActivity",
            "com.dxy.gaia.DeepLinkActivity",
            "com.dxy.gaia.MainActivity",
            "com.dxy.gaia.StartupActivity",
            "com.dxy.gaia.biz.aspirin.biz.DoctorDebugActivity",
            "com.dxy.gaia.biz.aspirin.biz.coupon.ChooseCouponActivity",
            "com.dxy.gaia.biz.aspirin.biz.coupon.CouponListActivity",
            "com.dxy.gaia.biz.aspirin.biz.detail.QuestionDetailFlowActivity",
            "com.dxy.gaia.biz.aspirin.biz.detail.publicity.QuestionPublicDetailActivity",
            "com.dxy.gaia.biz.aspirin.biz.doctorlist.SectionDoctorListActivity",
            "com.dxy.gaia.biz.aspirin.biz.family.FamilyMemberAddActivity",
            "com.dxy.gaia.biz.aspirin.biz.family.FamilyMemberListActivity",
            "com.dxy.gaia.biz.aspirin.biz.family.FamilySettingActivity",
            "com.dxy.gaia.biz.aspirin.biz.fastwrite.FastQuestionAskWriteActivity",
            "com.dxy.gaia.biz.aspirin.biz.finddoctor.QuestionFindSectionActivity",
            "com.dxy.gaia.biz.aspirin.biz.myquestion.MyQuestionListActivity",
            "com.dxy.gaia.biz.aspirin.biz.pay.AskQuestionPayActivity",
            "com.dxy.gaia.biz.aspirin.biz.pay.AspirinPayResultActivity",
            "com.dxy.gaia.biz.aspirin.biz.pay.FastQuestionPayActivity",
            "com.dxy.gaia.biz.aspirin.biz.pay.UnifiedPayActivity",
            "com.dxy.gaia.biz.aspirin.biz.picture.PictureViewsViewPagerActivity",
            "com.dxy.gaia.biz.aspirin.biz.search.SearchDoctorActivity",
            "com.dxy.gaia.biz.aspirin.biz.writequestion.AskQuestionWriteActivity",
            "com.dxy.gaia.biz.audio.biz.AudioPlayerActivity",
            "com.dxy.gaia.biz.base.BlankActivity",
            "com.dxy.gaia.biz.common.cms.activity.CMSCommonActivity",
            "com.dxy.gaia.biz.component.cropimage.CoreImageCropActivity",
            "com.dxy.gaia.biz.component.diagnose.DiagnoseActivity",
            "com.dxy.gaia.biz.component.imageviewer.ImageViewerActivity",
            "com.dxy.gaia.biz.component.takeimage.BrowseImageActivity",
            "com.dxy.gaia.biz.component.takeimage.TakeImageActivity",
            "com.dxy.gaia.biz.dlna.DLNADiagnoseActivity",
            "com.dxy.gaia.biz.favorite.MyFavoriteActivity",
            "com.dxy.gaia.biz.flutter.GaiaFlutterActivity",
            "com.dxy.gaia.biz.flutter.TestFlutterJumpActivity",
            "com.dxy.gaia.biz.hybrid.BizWebActivity",
            "com.dxy.gaia.biz.hybrid.moxi.biz.MoxiWebActivity",
            "com.dxy.gaia.biz.lessons.biz.ShareLocalImageActivity",
            "com.dxy.gaia.biz.lessons.biz.ShareLocalImageWhiteActivity",
            "com.dxy.gaia.biz.lessons.biz.classify.AllColumnActivity",
            "com.dxy.gaia.biz.lessons.biz.classify.ClassifyActivity",
            "com.dxy.gaia.biz.lessons.biz.clazz.ClassActivity",
            "com.dxy.gaia.biz.lessons.biz.clazz.ClassShareGenerateCardActivity",
            "com.dxy.gaia.biz.lessons.biz.column.MyProfitActivity",
            "com.dxy.gaia.biz.lessons.biz.columnv2.ColumnV2Activity",
            "com.dxy.gaia.biz.lessons.biz.columnv2.others.ColumnCollectActivity",
            "com.dxy.gaia.biz.lessons.biz.columnv2.others.ColumnShareGenerateCardActivity",
            "com.dxy.gaia.biz.lessons.biz.columnv2.trainplan.TrainPlanIntroActivity",
            "com.dxy.gaia.biz.lessons.biz.comment.AddCommentPunchActivity",
            "com.dxy.gaia.biz.lessons.biz.comment.ColumnEvaluationActivity",
            "com.dxy.gaia.biz.lessons.biz.download.DownloadActivity",
            "com.dxy.gaia.biz.lessons.biz.download.downloaded.course.DownloadCourseListActivity",
            "com.dxy.gaia.biz.lessons.biz.homedialog.MamaPhaseCareShareActivity",
            "com.dxy.gaia.biz.lessons.biz.pgc.FreeColumnListActivity",
            "com.dxy.gaia.biz.lessons.biz.pgc.PgcArticleListActivity",
            "com.dxy.gaia.biz.lessons.biz.pgc.PgcNavActivity",
            "com.dxy.gaia.biz.lessons.biz.pgc.parentingtalk.ParentingTalkDetailActivity",
            "com.dxy.gaia.biz.lessons.biz.pgc.parentingtalk.ParentingTalkListActivity",
            "com.dxy.gaia.biz.lessons.biz.plan.modify.select.StudyPlanModifyCourseActivity",
            "com.dxy.gaia.biz.lessons.biz.plan.modify.select.StudyPlanSelectCourseActivity",
            "com.dxy.gaia.biz.lessons.biz.purchased.ColumnGiftDetailActivity",
            "com.dxy.gaia.biz.lessons.biz.purchased.UserNoteListActivity",
            "com.dxy.gaia.biz.lessons.biz.tips.TipListActivity",
            "com.dxy.gaia.biz.lessons.biz.tips.TipsCardActivity",
            "com.dxy.gaia.biz.lessons.biz.tips.TipsDetailActivity",
            "com.dxy.gaia.biz.live.biz.LiveActivity",
            "com.dxy.gaia.biz.live.biz.LiveLotteryRecordActivity",
            "com.dxy.gaia.biz.live.biz.LiveShareGenerateCardActivity",
            "com.dxy.gaia.biz.live.biz.home.LiveSquareActivity",
            "com.dxy.gaia.biz.live.biz.home.MySubscribeLiveActivity",
            "com.dxy.gaia.biz.mediaselect.ImageSelectActivity",
            "com.dxy.gaia.biz.mediaselect.VideoCaptureActivity",
            "com.dxy.gaia.biz.mediaselect.VideoPreviewActivity",
            "com.dxy.gaia.biz.mediaselect.VideoSelectActivity",
            "com.dxy.gaia.biz.pugc.biz.ForwardDynamicActivity",
            "com.dxy.gaia.biz.pugc.biz.PuShareGenerateCardActivity",
            "com.dxy.gaia.biz.pugc.biz.PugcArticleActivity",
            "com.dxy.gaia.biz.pugc.biz.PugcCommentGenerateCardActivity",
            "com.dxy.gaia.biz.pugc.biz.PugcPosterHomeActivity",
            "com.dxy.gaia.biz.pugc.biz.PugcTopicGenerateCardActivity",
            "com.dxy.gaia.biz.pugc.biz.badge.BadgeDetailActivity",
            "com.dxy.gaia.biz.pugc.biz.badge.PuBadgeActivity",
            "com.dxy.gaia.biz.pugc.biz.badge.WearBadgeActivity",
            "com.dxy.gaia.biz.pugc.biz.publish.PugcPublishActivity",
            "com.dxy.gaia.biz.pugc.biz.publish.drafts.PugcDraftsActivity",
            "com.dxy.gaia.biz.pugc.biz.publish.media.PugcCoverSettingActivity",
            "com.dxy.gaia.biz.pugc.biz.publish.media.PugcGalleryActivity",
            "com.dxy.gaia.biz.pugc.biz.publish.media.PugcGalleryPreviewActivity",
            "com.dxy.gaia.biz.pugc.biz.publish.media.PugcPendingHandleActivity",
            "com.dxy.gaia.biz.pugc.biz.publish.media.PugcVideoPreviewActivity",
            "com.dxy.gaia.biz.pugc.biz.publish.star.StarChooseActivity",
            "com.dxy.gaia.biz.pugc.biz.publish.topic.TopicChooseActivity",
            "com.dxy.gaia.biz.search.biz.ColumnSearchActivity",
            "com.dxy.gaia.biz.search.biz.SearchActivity",
            "com.dxy.gaia.biz.search.biz.encyclopedia.EncyclopediaCampaignShareActivity",
            "com.dxy.gaia.biz.search.biz.encyclopedia.EncyclopediaCardPreviewActivity",
            "com.dxy.gaia.biz.search.biz.encyclopedia.EncyclopediaFeedbackActivity",
            "com.dxy.gaia.biz.search.biz.encyclopedia.EncyclopediaHomeActivity",
            "com.dxy.gaia.biz.search.biz.encyclopedia.EncyclopediaSharePosterActivity",
            "com.dxy.gaia.biz.search.biz.pugc.PugcAuthorListActivity",
            "com.dxy.gaia.biz.search.biz.pugc.SearchTopicActivity",
            "com.dxy.gaia.biz.share.ShareWebCardActivity",
            "com.dxy.gaia.biz.shop.biz.cart.ShoppingCartActivity",
            "com.dxy.gaia.biz.star.biz.StarHomeActivity",
            "com.dxy.gaia.biz.storybook.biz.StoryBookDetailActivity",
            "com.dxy.gaia.biz.storybook.biz.main.StoryBookFavoriteActivity",
            "com.dxy.gaia.biz.storybook.biz.main.StoryBookHistoryActivity",
            "com.dxy.gaia.biz.storybook.biz.main.StoryBookListActivity",
            "com.dxy.gaia.biz.storybook.biz.main.StoryBookMainActivity",
            "com.dxy.gaia.biz.user.biz.baby.AnonymousBabySettingActivity",
            "com.dxy.gaia.biz.user.biz.baby.BabyInfoActivity",
            "com.dxy.gaia.biz.user.biz.feedback.FeedbackActivity",
            "com.dxy.gaia.biz.user.biz.login.ShadowLoginActivity",
            "com.dxy.gaia.biz.user.biz.relativeaccount.EditRelativeAccountActivity",
            "com.dxy.gaia.biz.user.biz.relativeaccount.RelativeAccountActivity",
            "com.dxy.gaia.biz.user.biz.relativeaccount.SelectIdentityActivity",
            "com.dxy.gaia.biz.user.biz.scholarship.MyScholarshipActivity",
            "com.dxy.gaia.biz.user.biz.scholarship.UserWithdrawAuthActivity",
            "com.dxy.gaia.biz.user.biz.settings.AccountBindActivity",
            "com.dxy.gaia.biz.user.biz.settings.DeveloperActivity",
            "com.dxy.gaia.biz.user.biz.settings.MyCouponActivity",
            "com.dxy.gaia.biz.user.biz.settings.PersonalizationSettingsActivity",
            "com.dxy.gaia.biz.user.biz.settings.PrivacySettingsActivity",
            "com.dxy.gaia.biz.user.biz.settings.QRCodeActivity",
            "com.dxy.gaia.biz.user.biz.settings.SettingsActivity",
            "com.dxy.gaia.biz.user.biz.settings.UploadLogActivity",
            "com.dxy.gaia.biz.user.biz.settings.UserRecommendActivity",
            "com.dxy.gaia.biz.user.biz.settings.UserWeChatBindActivity",
            "com.dxy.gaia.biz.user.biz.settings.VideoAutoPlaySettingActivity",
            "com.dxy.gaia.biz.user.biz.web.BindPhoneForLoginActivity",
            "com.dxy.gaia.biz.user.biz.web.DeleteAccountActivity",
            "com.dxy.gaia.biz.user.biz.web.ShadowLoginBabySettingActivity",
            "com.dxy.gaia.biz.video.VideoPlayActivity",
            "com.dxy.gaia.biz.vip.biz.main.CollegeActivity",
            "com.dxy.gaia.biz.vip.biz.main.CollegeSearchActivity",
            "com.dxy.gaia.biz.vip.biz.plan.CollegePlanActivity",
            "com.dxy.gaia.biz.vip.biz.question.PregnantQuestionListActivity",
            "com.dxy.gaia.biz.vip.biz.tools.VipToolsListActivity",
            "com.dxy.gaia.biz.vip.biz.tools.growth.GrowthActivity",
            "com.dxy.gaia.biz.vip.biz.tools.growth.GrowthRecordAddActivity",
            "com.dxy.gaia.push.GaiaPushActivity",
            "com.dxy.gaia.wxapi.WXEntryActivity",
            "com.dxy.gaia.wxapi.WXPayEntryActivity",
            "com.geetest.onelogin.activity.OneLoginActivity",
            "com.geetest.onelogin.activity.OneLoginWebActivity",
            "com.getui.gs.ias.activity.PageActivity",
            "com.getui.gs.ias.floatwindow.FloatActivity",
            "com.hpplay.sdk.source.permission.PermissionBridgeActivity",
            "com.huawei.hms.activity.BridgeActivity",
            "com.huawei.hms.activity.EnableServiceActivity",
            "com.huawei.updatesdk.service.otaupdate.AppUpdateActivity",
            "com.huawei.updatesdk.support.pm.PackageInstallerActivity",
            "com.igexin.sdk.GActivity",
            "com.igexin.sdk.GetuiActivity",
            "com.igexin.sdk.PushActivity",
            "com.tencent.liteav.video.TXScreenCapture$TXScreenCaptureAssistantActivity",
            "com.tencent.qcloud.logutils.LogActivity",
            "com.yalantis.ucrop.DxyCropActivity",
            "com.yalantis.ucrop.UCropActivity",
            "com.yanzhenjie.permission.bridge.BridgeActivity",
            "com.zhihu.matisse.internal.ui.AlbumExternalPreviewActivity",
            "com.zhihu.matisse.internal.ui.AlbumPreviewActivity",
            "com.zhihu.matisse.internal.ui.SelectedPreviewActivity",
            "com.zhihu.matisse.internal.ui.VideoPreviewActivity",
            "com.zhihu.matisse.ui.CaptureActivity",
            "com.zhihu.matisse.ui.MatisseActivity",
            "com.zhihu.matissegaia.internal.ui.AlbumPreviewActivity",
            "com.zhihu.matissegaia.internal.ui.SelectedPreviewActivity",
            "com.zhihu.matissegaia.ui.MatisseActivity",
            "me.kareluo.imaging.CropActivity",
            "me.kareluo.imaging.IMGEditActivity"
        ],
        "services": [
            "androidx.camera.core.impl.MetadataHolderService",
            "androidx.room.MultiInstanceInvalidationService",
            "cn.dxy.library.gpush.DXYGPushService",
            "cn.dxy.library.gpush.DXYGPushUniformService",
            "com.dxy.gaia.biz.audio.CourseAudioService",
            "com.dxy.gaia.biz.config.update.UpdateDownloadService",
            "com.dxy.player.audio.PlayerAudioService",
            "com.dxy.player.download.DownloadService",
            "com.getui.gtc.GtcService",
            "com.hpplay.sdk.source.process.LelinkSdkService",
            "com.huawei.agconnect.core.ServiceDiscovery",
            "com.huawei.hms.support.api.push.service.HmsMsgService",
            "com.igexin.sdk.GService",
            "com.igexin.sdk.HmsPushMessageService",
            "com.igexin.sdk.OppoAppPushService",
            "com.igexin.sdk.OppoPushService",
            "com.igexin.sdk.PushService",
            "com.meizu.cloud.pushsdk.NotificationService",
            "com.vivo.push.sdk.service.CommandClientService",
            "com.xiaomi.mipush.sdk.MessageHandleService",
            "com.xiaomi.mipush.sdk.PushMessageHandler",
            "com.yanzhenjie.permission.bridge.BridgeService"
        ],
        "receivers": [
            "com.dxy.gaia.biz.pugc.biz.publish.tencent.videoupload.impl.TVCNetWorkStateReceiver",
            "com.dxy.gaia.push.receiver.GPushReceiver",
            "com.hpplay.sdk.source.process.LelinkReceiver",
            "com.huawei.hms.support.api.push.PushMsgReceiver",
            "com.huawei.hms.support.api.push.PushReceiver",
            "com.igexin.sdk.FlymePushReceiver",
            "com.igexin.sdk.MiuiPushReceiver",
            "com.igexin.sdk.PushReceiver",
            "com.igexin.sdk.VivoPushMessageReceiver",
            "com.meizu.cloud.pushsdk.MzPushSystemReceiver"
        ]
    },
    "stats": {
        "dex_count": 5,
        "native_lib_count": 60
    },
    "jadx": {
        "status": "ok",
        "duration_sec": 68.91,
        "sources_present": true,
        "java_file_count": 15394
    },
    "ast_analysis": {
        "location": 1,
        "microphone": 4,
        "camera": 102,
        "media_projection": 2,
        "dynamic_load": 0,
        "jni": 37
    },
    "analysis_state": "complete"
}