{
    "apk_name": "B02D1271D0A861953B6A6138AF2D2F493A79B5BA7A943871DA3E61B79F31CC0C",
    "sha256": "b02d1271d0a861953b6a6138af2d2f493a79b5ba7a943871da3e61b79f31cc0c",
    "metadata": {
        "package_name": "com.atakmap.android.takchat.plugin",
        "version_code": "1746947627",
        "version_name": "1.11 (b2b6fb11) - [5.4.0]",
        "min_sdk": "21",
        "target_sdk": "34",
        "permissions": [
            "android.permission.FOREGROUND_SERVICE",
            "android.permission.POST_NOTIFICATIONS"
        ],
        "activities": [
            "com.atakmap.app.component"
        ],
        "services": [
            "com.atakmap.android.takchat.notification.TAKNotificationService"
        ],
        "receivers": [],
        "permission_details": {
            "android.permission.FOREGROUND_SERVICE": "normal",
            "android.permission.POST_NOTIFICATIONS": "dangerous"
        },
        "risk_counts": {
            "normal": 1,
            "dangerous": 1
        }
    },
    "stats": {
        "dex_count": 1,
        "native_lib_count": 0
    },
    "jadx": {
        "status": "ok",
        "duration_sec": 15.09,
        "sources_present": true,
        "java_file_count": 3242
    },
    "ast_analysis": {
        "location": 0,
        "microphone": 0,
        "camera": 2,
        "media_projection": 0,
        "dynamic_load": 0,
        "jni": 0
    },
    "analysis_state": "complete",
    "behavioral_structural_data": {
        "api_inventory": {
            "camera": 0,
            "microphone": 0,
            "location": 0,
            "torch": 0,
            "telephony_ops": 0,
            "system_commands": 1,
            "webview_interop": 0,
            "content_access": 0,
            "audio_control": 0,
            "vibration": 1,
            "network_io": 6,
            "scheduling_apis": 1,
            "dynamic_code": 18
        },
        "execution_context": {
            "in_service": 0,
            "in_receiver": 0,
            "in_activity": 0,
            "in_provider": 0,
            "unknown": 27
        },
        "scheduling_mechanisms": {
            "alarm_manager": 1,
            "handler_loop": 0,
            "job_scheduler": 0
        },
        "trigger_types": {
            "auto_triggered": 1,
            "user_triggered": 0
        },
        "dynamic_features": {
            "jni_usage": 0,
            "dynamic_loading": 0,
            "reflection": 18
        }
    }
}