{
    "apk_name": "BB98D85106D4BCCE5C7C2D9B786C645BBA8F15D7692B08CE1C5F50CDC3466938",
    "sha256": "bb98d85106d4bcce5c7c2d9b786c645bba8f15d7692b08ce1c5f50cdc3466938",
    "metadata": {
        "package_name": "com.vfourdev.teca.associationapp.montana",
        "version_code": "309",
        "version_name": "3.2.4",
        "min_sdk": "26",
        "target_sdk": "30",
        "permissions": [
            "android.permission.ACCESS_NETWORK_STATE",
            "android.permission.ACCESS_WIFI_STATE",
            "android.permission.CALL_PHONE",
            "android.permission.CHANGE_NETWORK_STATE",
            "android.permission.INTERNET",
            "android.permission.WAKE_LOCK",
            "android.permission.WRITE_EXTERNAL_STORAGE",
            "android.permission.WRITE_SETTINGS",
            "com.google.android.c2dm.permission.RECEIVE",
            "com.vfourdev.teca.associationapp.montana.permission.C2D_MESSAGE"
        ],
        "activities": [
            "crc646e4160e485228340.LoadingActivity",
            "crc646e4160e485228340.MainActivity"
        ],
        "services": [
            "com.google.firebase.iid.FirebaseInstanceIdService",
            "com.google.firebase.messaging.FirebaseMessagingService",
            "crc6494e14b9856016c30.PNFirebaseIIDService",
            "crc6494e14b9856016c30.PNFirebaseMessagingService"
        ],
        "receivers": [
            "com.google.firebase.iid.FirebaseInstanceIdInternalReceiver",
            "com.google.firebase.iid.FirebaseInstanceIdReceiver",
            "com.google.firebase.iid.FirebaseInstanceIdReceiver",
            "crc643f46942d9dd1fff9.PowerSaveModeBroadcastReceiver",
            "crc6494e14b9856016c30.PushNotificationActionReceiver",
            "crc6494e14b9856016c30.PushNotificationDeletedReceiver",
            "crc64cea48322b3427ae9.ConnectivityChangeBroadcastReceiver"
        ]
    },
    "stats": {
        "dex_count": 1,
        "native_lib_count": 32
    },
    "jadx": {
        "status": "ok",
        "duration_sec": 11.04,
        "sources_present": true,
        "java_file_count": 1582
    },
    "ast_analysis": {
        "location": 0,
        "microphone": 0,
        "camera": 3,
        "media_projection": 0,
        "dynamic_load": 0,
        "jni": 6
    },
    "analysis_state": "complete"
}