{
    "apk_name": "DFEF5FCEC03C3733B15F733428C427223423CF0C988CB8BAF337BDF7E6AA8443",
    "sha256": "dfef5fcec03c3733b15f733428c427223423cf0c988cb8baf337bdf7e6aa8443",
    "metadata": {
        "package_name": "onxmaps.hunt",
        "version_code": "1020",
        "version_name": "25.34.0",
        "min_sdk": "26",
        "target_sdk": "34",
        "permissions": [
            "android.permission.ACCESS_ADSERVICES_AD_ID",
            "android.permission.ACCESS_ADSERVICES_ATTRIBUTION",
            "android.permission.ACCESS_COARSE_LOCATION",
            "android.permission.ACCESS_FINE_LOCATION",
            "android.permission.ACCESS_NETWORK_STATE",
            "android.permission.ACCESS_WIFI_STATE",
            "android.permission.BLUETOOTH",
            "android.permission.BLUETOOTH_ADMIN",
            "android.permission.BLUETOOTH_ADVERTISE",
            "android.permission.BLUETOOTH_CONNECT",
            "android.permission.BLUETOOTH_SCAN",
            "android.permission.CAMERA",
            "android.permission.CHANGE_WIFI_STATE",
            "android.permission.FOREGROUND_SERVICE",
            "android.permission.FOREGROUND_SERVICE_DATA_SYNC",
            "android.permission.FOREGROUND_SERVICE_LOCATION",
            "android.permission.INTERNET",
            "android.permission.NEARBY_WIFI_DEVICES",
            "android.permission.POST_NOTIFICATIONS",
            "android.permission.RECEIVE_BOOT_COMPLETED",
            "android.permission.REORDER_TASKS",
            "android.permission.VIBRATE",
            "android.permission.WAKE_LOCK",
            "android.permission.WRITE_EXTERNAL_STORAGE",
            "androidx.car.app.ACCESS_SURFACE",
            "androidx.car.app.NAVIGATION_TEMPLATES",
            "com.android.vending.BILLING",
            "com.google.android.c2dm.permission.RECEIVE",
            "com.google.android.finsky.permission.BIND_GET_INSTALL_REFERRER_SERVICE",
            "com.google.android.gms.permission.AD_ID",
            "onxmaps.hunt.DYNAMIC_RECEIVER_NOT_EXPORTED_PERMISSION"
        ],
        "activities": [
            "androidx.car.app.CarAppPermissionActivity",
            "androidx.compose.ui.tooling.PreviewActivity",
            "androidx.test.core.app.InstrumentationActivityInvoker$BootstrapActivity",
            "androidx.test.core.app.InstrumentationActivityInvoker$EmptyActivity",
            "androidx.test.core.app.InstrumentationActivityInvoker$EmptyFloatingActivity",
            "com.android.billingclient.api.ProxyBillingActivity",
            "com.android.billingclient.api.ProxyBillingActivityV2",
            "com.braze.push.NotificationTrampolineActivity",
            "com.braze.ui.BrazeWebViewActivity",
            "com.braze.ui.activities.BrazeFeedActivity",
            "com.braze.ui.activities.ContentCardsActivity",
            "com.cloudinary.android.uploadwidget.ui.UploadWidgetActivity",
            "com.facebook.CustomTabActivity",
            "com.facebook.FacebookActivity",
            "com.google.android.gms.common.api.GoogleApiActivity",
            "com.google.android.play.core.common.PlayCoreDialogWrapperActivity",
            "com.onxmaps.identity.activity.CancelAuthActivity",
            "com.onxmaps.identity.activity.CompleteAuthActivity",
            "com.onxmaps.identity.activity.CompleteLogoutActivity",
            "com.onxmaps.onxmaps.MainActivity",
            "com.onxmaps.onxmaps.account.AccountActivity",
            "com.onxmaps.onxmaps.account.profile.ModifyAccountActivity",
            "com.onxmaps.onxmaps.featurequery.reporterror.ReportErrorActivity",
            "com.onxmaps.onxmaps.friendreferral.FriendReferralActivity",
            "com.onxmaps.onxmaps.purchase.ui.PurchaseActivity",
            "com.onxmaps.onxmaps.settings.SettingsActivity",
            "com.onxmaps.onxmaps.trials.StartAppTrialActivity",
            "com.onxmaps.onxmaps.trials.StartRetrialActivity",
            "com.onxmaps.ui.styleguide.StyleGuideActivity",
            "com.zendesk.sdk.feedback.ui.ContactZendeskActivity",
            "com.zendesk.sdk.requests.RequestActivity",
            "com.zendesk.sdk.requests.ViewRequestActivity",
            "com.zendesk.sdk.support.SupportActivity",
            "com.zendesk.sdk.support.ViewArticleActivity",
            "net.openid.appauth.AuthorizationManagementActivity",
            "net.openid.appauth.RedirectUriReceiverActivity",
            "onxmaps.xgps.XgpsActivity"
        ],
        "services": [
            "androidx.room.MultiInstanceInvalidationService",
            "androidx.work.impl.background.systemalarm.SystemAlarmService",
            "androidx.work.impl.background.systemjob.SystemJobService",
            "androidx.work.impl.foreground.SystemForegroundService",
            "com.google.android.datatransport.runtime.backends.TransportBackendDiscovery",
            "com.google.android.datatransport.runtime.scheduling.jobscheduling.JobInfoSchedulerService",
            "com.google.android.gms.measurement.AppMeasurementJobService",
            "com.google.android.gms.measurement.AppMeasurementService",
            "com.google.android.gms.nearby.exposurenotification.WakeUpService",
            "com.google.firebase.components.ComponentDiscoveryService",
            "com.google.firebase.messaging.FirebaseMessagingService",
            "com.google.firebase.sessions.SessionLifecycleService",
            "com.mapbox.common.LifecycleService",
            "com.onxmaps.onxmaps.car.ONXCarService",
            "com.onxmaps.onxmaps.locationsharing.LocationSharingForegroundService",
            "com.onxmaps.onxmaps.notifications.FirebaseMessagingProxy",
            "com.onxmaps.onxmaps.offline.storage.v2.BackgroundUpdateLauncherService",
            "com.onxmaps.onxmaps.photo.ONXPhotoUploadNotificationService",
            "com.onxmaps.onxmaps.tracks.TrackService",
            "com.onxmaps.onxmaps.wearable.WearableDataLayerListenerService"
        ],
        "receivers": [
            "androidx.car.app.notification.CarAppNotificationBroadcastReceiver",
            "androidx.profileinstaller.ProfileInstallReceiver",
            "androidx.work.impl.background.systemalarm.ConstraintProxy$BatteryChargingProxy",
            "androidx.work.impl.background.systemalarm.ConstraintProxy$BatteryNotLowProxy",
            "androidx.work.impl.background.systemalarm.ConstraintProxy$NetworkStateProxy",
            "androidx.work.impl.background.systemalarm.ConstraintProxy$StorageNotLowProxy",
            "androidx.work.impl.background.systemalarm.ConstraintProxyUpdateReceiver",
            "androidx.work.impl.background.systemalarm.RescheduleReceiver",
            "androidx.work.impl.diagnostics.DiagnosticsReceiver",
            "androidx.work.impl.utils.ForceStopRunnable$BroadcastReceiver",
            "com.braze.push.BrazePushReceiver",
            "com.google.android.datatransport.runtime.scheduling.jobscheduling.AlarmManagerSchedulerBroadcastReceiver",
            "com.google.android.gms.measurement.AppMeasurementReceiver",
            "com.google.firebase.iid.FirebaseInstanceIdReceiver",
            "com.mapbox.common.location.LocationUpdatesReceiver",
            "com.onxmaps.onxmaps.notifications.BrazeBroadcastReceiver",
            "com.zendesk.sdk.deeplinking.ZendeskDeepLinkingBroadcastReceiver",
            "com.zendesk.sdk.power.BatteryStateBroadcastReceiver"
        ],
        "permission_details": {
            "android.permission.ACCESS_ADSERVICES_AD_ID": "unknown",
            "android.permission.ACCESS_ADSERVICES_ATTRIBUTION": "unknown",
            "android.permission.ACCESS_COARSE_LOCATION": "dangerous",
            "android.permission.ACCESS_FINE_LOCATION": "dangerous",
            "android.permission.ACCESS_NETWORK_STATE": "normal",
            "android.permission.ACCESS_WIFI_STATE": "normal",
            "android.permission.BLUETOOTH": "normal",
            "android.permission.BLUETOOTH_ADMIN": "normal",
            "android.permission.BLUETOOTH_ADVERTISE": "dangerous",
            "android.permission.BLUETOOTH_CONNECT": "dangerous",
            "android.permission.BLUETOOTH_SCAN": "dangerous",
            "android.permission.CAMERA": "dangerous",
            "android.permission.CHANGE_WIFI_STATE": "normal",
            "android.permission.FOREGROUND_SERVICE": "normal",
            "android.permission.FOREGROUND_SERVICE_DATA_SYNC": "normal",
            "android.permission.FOREGROUND_SERVICE_LOCATION": "normal",
            "android.permission.INTERNET": "normal",
            "android.permission.NEARBY_WIFI_DEVICES": "dangerous",
            "android.permission.POST_NOTIFICATIONS": "dangerous",
            "android.permission.RECEIVE_BOOT_COMPLETED": "normal",
            "android.permission.REORDER_TASKS": "normal",
            "android.permission.VIBRATE": "normal",
            "android.permission.WAKE_LOCK": "normal",
            "android.permission.WRITE_EXTERNAL_STORAGE": "dangerous",
            "androidx.car.app.ACCESS_SURFACE": "unknown",
            "androidx.car.app.NAVIGATION_TEMPLATES": "unknown",
            "com.android.vending.BILLING": "unknown",
            "com.google.android.c2dm.permission.RECEIVE": "unknown",
            "com.google.android.finsky.permission.BIND_GET_INSTALL_REFERRER_SERVICE": "unknown",
            "com.google.android.gms.permission.AD_ID": "unknown",
            "onxmaps.hunt.DYNAMIC_RECEIVER_NOT_EXPORTED_PERMISSION": "unknown"
        },
        "risk_counts": {
            "unknown": 9,
            "dangerous": 9,
            "normal": 13
        }
    },
    "stats": {
        "dex_count": 7,
        "native_lib_count": 0
    },
    "jadx": {
        "status": "ok",
        "duration_sec": 123.8,
        "sources_present": true,
        "java_file_count": 34551
    },
    "ast_analysis": {
        "location": 50,
        "microphone": 0,
        "camera": 71,
        "media_projection": 0,
        "dynamic_load": 0,
        "jni": 22
    },
    "analysis_state": "complete"
}