{
    "apk_name": "EE9B5BA7F864964696EA396037E37E0A9654B758A50A707206A868DD3194E03F",
    "sha256": "ee9b5ba7f864964696ea396037e37e0a9654b758a50a707206a868dd3194e03f",
    "metadata": {
        "package_name": "com.signalcortex",
        "version_code": "250",
        "version_name": "1.15.0",
        "min_sdk": "23",
        "target_sdk": "30",
        "permissions": [
            "android.permission.ACCESS_BACKGROUND_LOCATION",
            "android.permission.ACCESS_COARSE_LOCATION",
            "android.permission.ACCESS_FINE_LOCATION",
            "android.permission.ACCESS_LOCATION_EXTRA_COMMANDS",
            "android.permission.ACCESS_MOCK_LOCATION",
            "android.permission.ACCESS_NETWORK_STATE",
            "android.permission.ACCESS_WIFI_STATE",
            "android.permission.CAMERA",
            "android.permission.CHANGE_NETWORK_STATE",
            "android.permission.CHANGE_WIFI_STATE",
            "android.permission.FOREGROUND_SERVICE",
            "android.permission.INTERNET",
            "android.permission.PERSISTENT_ACTIVITY",
            "android.permission.READ_EXTERNAL_STORAGE",
            "android.permission.REQUEST_COMPANION_RUN_IN_BACKGROUND",
            "android.permission.REQUEST_COMPANION_USE_DATA_IN_BACKGROUND",
            "android.permission.WAKE_LOCK",
            "android.permission.WRITE_EXTERNAL_STORAGE",
            "android.permission.WRITE_SECURE_SETTINGS",
            "com.google.android.c2dm.permission.RECEIVE"
        ],
        "activities": [
            "crc646957603ea1820544.MediaPickerActivity",
            "crc649d5cfe725bd30d5c.MainActivity",
            "crc649d5cfe725bd30d5c.WebAuthenticationCallbackActivity",
            "crc64a0e0a82d0db9a07d.IntermediateActivity",
            "crc64a0e0a82d0db9a07d.WebAuthenticatorIntermediateActivity"
        ],
        "services": [
            "com.google.android.datatransport.runtime.backends.TransportBackendDiscovery",
            "com.google.android.datatransport.runtime.scheduling.jobscheduling.JobInfoSchedulerService",
            "com.google.firebase.components.ComponentDiscoveryService",
            "com.google.firebase.messaging.FirebaseMessagingService",
            "crc649d5cfe725bd30d5c.UpdateMonitorService"
        ],
        "receivers": [
            "com.google.android.datatransport.runtime.scheduling.jobscheduling.AlarmManagerSchedulerBroadcastReceiver",
            "com.google.firebase.iid.FirebaseInstanceIdReceiver",
            "crc643f46942d9dd1fff9.PowerSaveModeBroadcastReceiver",
            "crc64a0e0a82d0db9a07d.ConnectivityBroadcastReceiver"
        ]
    },
    "stats": {
        "dex_count": 1,
        "native_lib_count": 14
    },
    "jadx": {
        "status": "ok",
        "duration_sec": 17.08,
        "sources_present": true,
        "java_file_count": 3010
    },
    "ast_analysis": {
        "location": 3,
        "microphone": 0,
        "camera": 5,
        "media_projection": 0,
        "dynamic_load": 0,
        "jni": 6
    },
    "analysis_state": "complete"
}