{
    "apk_name": "FE39FC2755EE7EABDD99F6C236E252A4224ADBE779E722EFFF69F819DA6A8DAB",
    "sha256": "fe39fc2755ee7eabdd99f6c236e252a4224adbe779e722efff69f819da6a8dab",
    "metadata": {
        "package_name": "com.myvirtualmission.android",
        "version_code": "106",
        "version_name": "7.0.1",
        "min_sdk": "28",
        "target_sdk": "35",
        "permissions": [
            "android.permission.ACCESS_ADSERVICES_AD_ID",
            "android.permission.ACCESS_ADSERVICES_ATTRIBUTION",
            "android.permission.ACCESS_FINE_LOCATION",
            "android.permission.ACCESS_NETWORK_STATE",
            "android.permission.ACCESS_WIFI_STATE",
            "android.permission.ACTIVITY_RECOGNITION",
            "android.permission.CAMERA",
            "android.permission.FOREGROUND_SERVICE",
            "android.permission.INTERNET",
            "android.permission.POST_NOTIFICATIONS",
            "android.permission.READ_EXTERNAL_STORAGE",
            "android.permission.READ_MEDIA_IMAGES",
            "android.permission.RECEIVE_BOOT_COMPLETED",
            "android.permission.RECORD_AUDIO",
            "android.permission.USE_BIOMETRIC",
            "android.permission.USE_FINGERPRINT",
            "android.permission.VIBRATE",
            "android.permission.WAKE_LOCK",
            "android.permission.WRITE_EXTERNAL_STORAGE",
            "com.android.vending.BILLING",
            "com.android.vending.CHECK_LICENSE",
            "com.google.android.c2dm.permission.RECEIVE",
            "com.google.android.finsky.permission.BIND_GET_INSTALL_REFERRER_SERVICE",
            "com.google.android.gms.permission.AD_ID",
            "com.myvirtualmission.android.DYNAMIC_RECEIVER_NOT_EXPORTED_PERMISSION"
        ],
        "activities": [
            "androidx.biometric.DeviceCredentialHandlerActivity",
            "com.android.billingclient.api.ProxyBillingActivity",
            "com.android.billingclient.api.ProxyBillingActivityV2",
            "com.google.android.gms.auth.api.signin.internal.SignInHubActivity",
            "com.google.android.gms.common.api.GoogleApiActivity",
            "com.myvirtualmission.android.MainActivity",
            "com.myvirtualmission.android.SplashActivity",
            "com.myvirtualmission.android.googlefit.permission.PermissionActivity",
            "com.revenuecat.purchases.amazon.purchasing.ProxyAmazonBillingActivity",
            "com.yalantis.ucrop.UCropActivity",
            "io.intercom.android.sdk.activities.IntercomCarouselActivity",
            "io.intercom.android.sdk.activities.IntercomNoteActivity",
            "io.intercom.android.sdk.activities.IntercomPostActivity",
            "io.intercom.android.sdk.activities.IntercomSheetActivity",
            "io.intercom.android.sdk.helpcenter.articles.IntercomArticleActivity",
            "io.intercom.android.sdk.helpcenter.search.IntercomArticleSearchActivity",
            "io.intercom.android.sdk.lightbox.LightBoxActivity",
            "io.intercom.android.sdk.m5.IntercomRootActivity",
            "io.intercom.android.sdk.m5.bubble.IntercomBubbleActivity",
            "io.intercom.android.sdk.post.PostActivityV2",
            "io.intercom.android.sdk.survey.ui.IntercomSurveyActivity",
            "io.intercom.android.sdk.ui.preview.ui.IntercomPreviewActivity"
        ],
        "services": [
            "androidx.room.MultiInstanceInvalidationService",
            "androidx.work.impl.background.systemalarm.SystemAlarmService",
            "androidx.work.impl.background.systemjob.SystemJobService",
            "androidx.work.impl.foreground.SystemForegroundService",
            "com.google.android.datatransport.runtime.backends.TransportBackendDiscovery",
            "com.google.android.datatransport.runtime.scheduling.jobscheduling.JobInfoSchedulerService",
            "com.google.android.gms.auth.api.signin.RevocationBoundService",
            "com.google.android.gms.measurement.AppMeasurementJobService",
            "com.google.android.gms.measurement.AppMeasurementService",
            "com.google.android.gms.metadata.ModuleDependencies",
            "com.google.firebase.components.ComponentDiscoveryService",
            "com.google.firebase.messaging.FirebaseMessagingService",
            "io.intercom.android.sdk.fcm.IntercomFcmMessengerService",
            "io.invertase.firebase.messaging.ReactNativeFirebaseMessagingHeadlessService",
            "io.invertase.firebase.messaging.ReactNativeFirebaseMessagingService"
        ],
        "receivers": [
            "androidx.profileinstaller.ProfileInstallReceiver",
            "androidx.work.impl.background.systemalarm.ConstraintProxy$BatteryChargingProxy",
            "androidx.work.impl.background.systemalarm.ConstraintProxy$BatteryNotLowProxy",
            "androidx.work.impl.background.systemalarm.ConstraintProxy$NetworkStateProxy",
            "androidx.work.impl.background.systemalarm.ConstraintProxy$StorageNotLowProxy",
            "androidx.work.impl.background.systemalarm.ConstraintProxyUpdateReceiver",
            "androidx.work.impl.background.systemalarm.RescheduleReceiver",
            "androidx.work.impl.diagnostics.DiagnosticsReceiver",
            "androidx.work.impl.utils.ForceStopRunnable$BroadcastReceiver",
            "com.amazon.device.iap.ResponseReceiver",
            "com.google.android.datatransport.runtime.scheduling.jobscheduling.AlarmManagerSchedulerBroadcastReceiver",
            "com.google.android.gms.measurement.AppMeasurementReceiver",
            "com.google.firebase.iid.FirebaseInstanceIdReceiver",
            "io.intercom.android.sdk.m5.push.ConversationReplyReceiver",
            "io.invertase.firebase.messaging.ReactNativeFirebaseMessagingReceiver"
        ],
        "permission_details": {
            "android.permission.ACCESS_ADSERVICES_AD_ID": "unknown",
            "android.permission.ACCESS_ADSERVICES_ATTRIBUTION": "unknown",
            "android.permission.ACCESS_FINE_LOCATION": "dangerous",
            "android.permission.ACCESS_NETWORK_STATE": "normal",
            "android.permission.ACCESS_WIFI_STATE": "normal",
            "android.permission.ACTIVITY_RECOGNITION": "dangerous",
            "android.permission.CAMERA": "dangerous",
            "android.permission.FOREGROUND_SERVICE": "normal",
            "android.permission.INTERNET": "normal",
            "android.permission.POST_NOTIFICATIONS": "dangerous",
            "android.permission.READ_EXTERNAL_STORAGE": "dangerous",
            "android.permission.READ_MEDIA_IMAGES": "dangerous",
            "android.permission.RECEIVE_BOOT_COMPLETED": "normal",
            "android.permission.RECORD_AUDIO": "dangerous",
            "android.permission.USE_BIOMETRIC": "normal",
            "android.permission.USE_FINGERPRINT": "normal",
            "android.permission.VIBRATE": "normal",
            "android.permission.WAKE_LOCK": "normal",
            "android.permission.WRITE_EXTERNAL_STORAGE": "dangerous",
            "com.android.vending.BILLING": "unknown",
            "com.android.vending.CHECK_LICENSE": "unknown",
            "com.google.android.c2dm.permission.RECEIVE": "unknown",
            "com.google.android.finsky.permission.BIND_GET_INSTALL_REFERRER_SERVICE": "unknown",
            "com.google.android.gms.permission.AD_ID": "unknown",
            "com.myvirtualmission.android.DYNAMIC_RECEIVER_NOT_EXPORTED_PERMISSION": "unknown"
        },
        "risk_counts": {
            "unknown": 8,
            "dangerous": 8,
            "normal": 9
        }
    },
    "stats": {
        "dex_count": 6,
        "native_lib_count": 92
    },
    "jadx": {
        "status": "ok",
        "duration_sec": 102.02,
        "sources_present": true,
        "java_file_count": 22094
    },
    "ast_analysis": {
        "location": 12,
        "microphone": 0,
        "camera": 84,
        "media_projection": 0,
        "dynamic_load": 0,
        "jni": 66
    },
    "analysis_state": "complete"
}