{
    "apk_name": "5A47543A31914FC7A242C36AE9E3A09165A8D392693533ABD2FB2CD2E1CDA0BC",
    "sha256": "5a47543a31914fc7a242c36ae9e3a09165a8d392693533abd2fb2cd2e1cda0bc",
    "metadata": {
        "package_name": "org.whiteglow.keepmynotes",
        "version_code": "324",
        "version_name": "1.80.126",
        "min_sdk": "16",
        "target_sdk": "30",
        "permissions": [
            "android.permission.ACCESS_NETWORK_STATE",
            "android.permission.ACCESS_WIFI_STATE",
            "android.permission.FOREGROUND_SERVICE",
            "android.permission.INTERNET",
            "android.permission.RECEIVE_BOOT_COMPLETED",
            "android.permission.RECORD_AUDIO",
            "android.permission.USE_FINGERPRINT",
            "android.permission.VIBRATE",
            "android.permission.WAKE_LOCK",
            "android.permission.WRITE_EXTERNAL_STORAGE",
            "com.android.vending.BILLING",
            "com.google.android.finsky.permission.BIND_GET_INSTALL_REFERRER_SERVICE",
            "com.google.android.gms.permission.AD_ID"
        ],
        "activities": [
            "com.adcolony.sdk.AdColonyAdViewActivity",
            "com.adcolony.sdk.AdColonyInterstitialActivity",
            "com.amazon.device.ads.DTBAdActivity",
            "com.amazon.device.ads.DTBInterstitialActivity",
            "com.android.billingclient.api.ProxyBillingActivity",
            "com.appbrain.AppBrainActivity",
            "com.applovin.adview.AppLovinFullscreenActivity",
            "com.applovin.mediation.MaxDebuggerActivity",
            "com.applovin.mediation.MaxDebuggerAdUnitDetailActivity",
            "com.applovin.mediation.MaxDebuggerAdUnitsListActivity",
            "com.applovin.mediation.MaxDebuggerDetailActivity",
            "com.applovin.mediation.MaxDebuggerMultiAdActivity",
            "com.applovin.mediation.MaxDebuggerTestLiveNetworkActivity",
            "com.applovin.sdk.AppLovinWebViewActivity",
            "com.appodeal.ads.TestActivity",
            "com.appodeal.ads.VideoPlayerActivity",
            "com.bytedance.sdk.openadsdk.activity.TTAppOpenAdActivity",
            "com.bytedance.sdk.openadsdk.activity.TTDelegateActivity",
            "com.bytedance.sdk.openadsdk.activity.TTFullScreenExpressVideoActivity",
            "com.bytedance.sdk.openadsdk.activity.TTFullScreenVideoActivity",
            "com.bytedance.sdk.openadsdk.activity.TTLandingPageActivity",
            "com.bytedance.sdk.openadsdk.activity.TTPlayableLandingPageActivity",
            "com.bytedance.sdk.openadsdk.activity.TTRewardExpressVideoActivity",
            "com.bytedance.sdk.openadsdk.activity.TTRewardVideoActivity",
            "com.bytedance.sdk.openadsdk.activity.TTVideoLandingPageActivity",
            "com.bytedance.sdk.openadsdk.activity.TTVideoLandingPageLink2Activity",
            "com.bytedance.sdk.openadsdk.activity.TTWebsiteActivity",
            "com.bytedance.sdk.openadsdk.adapter.PangleAdInterstitialActivity",
            "com.criteo.publisher.CriteoInterstitialActivity",
            "com.explorestack.consent.activity.ConsentFormActivity",
            "com.explorestack.iab.mraid.MraidActivity",
            "com.explorestack.iab.vast.activity.VastActivity",
            "com.facebook.ads.AudienceNetworkActivity",
            "com.google.android.gms.ads.AdActivity",
            "com.google.android.gms.auth.api.signin.internal.SignInHubActivity",
            "com.google.android.gms.common.api.GoogleApiActivity",
            "com.google.android.play.core.common.PlayCoreDialogWrapperActivity",
            "com.google.android.play.core.missingsplits.PlayCoreMissingSplitsActivity",
            "com.unity3d.services.ads.adunit.AdUnitActivity",
            "com.unity3d.services.ads.adunit.AdUnitSoftwareActivity",
            "com.unity3d.services.ads.adunit.AdUnitTransparentActivity",
            "com.unity3d.services.ads.adunit.AdUnitTransparentSoftwareActivity",
            "com.vungle.warren.ui.VungleActivity",
            "io.bidmachine.nativead.view.VideoPlayerActivity",
            "org.whiteglow.keepmynotes.activity.AboutActivity",
            "org.whiteglow.keepmynotes.activity.AllTrashActivity",
            "org.whiteglow.keepmynotes.activity.AttachmentsActivity",
            "org.whiteglow.keepmynotes.activity.ChecklistActivity",
            "org.whiteglow.keepmynotes.activity.ColorChooserActivity",
            "org.whiteglow.keepmynotes.activity.EditTextPreferenceActivity",
            "org.whiteglow.keepmynotes.activity.FontActivity",
            "org.whiteglow.keepmynotes.activity.FontSizeActivity",
            "org.whiteglow.keepmynotes.activity.HandwritingActivity",
            "org.whiteglow.keepmynotes.activity.InfoActivity",
            "org.whiteglow.keepmynotes.activity.LockActivity",
            "org.whiteglow.keepmynotes.activity.LockScreenActivity",
            "org.whiteglow.keepmynotes.activity.MainActivity",
            "org.whiteglow.keepmynotes.activity.MoreAppsActivity",
            "org.whiteglow.keepmynotes.activity.MoveToFolderActivity",
            "org.whiteglow.keepmynotes.activity.MyNativeInterstitialAdActivity",
            "org.whiteglow.keepmynotes.activity.NativeInterstitialAdActivity",
            "org.whiteglow.keepmynotes.activity.NoteActivity",
            "org.whiteglow.keepmynotes.activity.NoteActivity2",
            "org.whiteglow.keepmynotes.activity.NoteSelectionForWidget2Activity",
            "org.whiteglow.keepmynotes.activity.PremiumActivity",
            "org.whiteglow.keepmynotes.activity.ReminderActivity",
            "org.whiteglow.keepmynotes.activity.RestoreActivity",
            "org.whiteglow.keepmynotes.activity.RingtoneActivity",
            "org.whiteglow.keepmynotes.activity.SaveAsActivity",
            "org.whiteglow.keepmynotes.activity.SettingsActivity",
            "org.whiteglow.keepmynotes.activity.SortActivity",
            "org.whiteglow.keepmynotes.activity.SynchronizationActivity",
            "org.whiteglow.keepmynotes.activity.TextColorActivity",
            "org.whiteglow.keepmynotes.activity.TextSettingsActivity",
            "org.whiteglow.keepmynotes.activity.TrashActivity",
            "org.whiteglow.keepmynotes.activity.VoiceRecordingActivity"
        ],
        "services": [
            "androidx.room.MultiInstanceInvalidationService",
            "androidx.work.impl.background.systemalarm.SystemAlarmService",
            "androidx.work.impl.background.systemjob.SystemJobService",
            "androidx.work.impl.foreground.SystemForegroundService",
            "com.appbrain.AppBrainJobService",
            "com.appbrain.AppBrainService",
            "com.applovin.impl.adview.activity.FullscreenAdService",
            "com.applovin.impl.sdk.utils.AppKilledService",
            "com.bytedance.sdk.openadsdk.multipro.aidl.BinderPoolService",
            "com.google.android.gms.ads.AdService",
            "com.google.android.gms.auth.api.signin.RevocationBoundService",
            "com.google.android.play.core.assetpacks.AssetPackExtractionService",
            "org.whiteglow.keepmynotes.NoteWidgetService",
            "org.whiteglow.keepmynotes.sync.SynchronizationService"
        ],
        "receivers": [
            "androidx.work.impl.background.systemalarm.ConstraintProxy$BatteryChargingProxy",
            "androidx.work.impl.background.systemalarm.ConstraintProxy$BatteryNotLowProxy",
            "androidx.work.impl.background.systemalarm.ConstraintProxy$NetworkStateProxy",
            "androidx.work.impl.background.systemalarm.ConstraintProxy$StorageNotLowProxy",
            "androidx.work.impl.background.systemalarm.ConstraintProxyUpdateReceiver",
            "androidx.work.impl.background.systemalarm.RescheduleReceiver",
            "androidx.work.impl.diagnostics.DiagnosticsReceiver",
            "androidx.work.impl.utils.ForceStopRunnable$BroadcastReceiver",
            "com.appodeal.ads.AppodealPackageAddedReceiver",
            "org.whiteglow.keepmynotes.NoteWidgetOneByOneProvider",
            "org.whiteglow.keepmynotes.NoteWidgetProvider",
            "org.whiteglow.keepmynotes.receiver.BackupReceiver",
            "org.whiteglow.keepmynotes.receiver.BootReceiver",
            "org.whiteglow.keepmynotes.receiver.ReferrerReceiver",
            "org.whiteglow.keepmynotes.receiver.ReminderReceiver",
            "org.whiteglow.keepmynotes.sync.SynchronizationReceiver"
        ],
        "permission_details": {
            "android.permission.ACCESS_NETWORK_STATE": "normal",
            "android.permission.ACCESS_WIFI_STATE": "normal",
            "android.permission.FOREGROUND_SERVICE": "normal",
            "android.permission.INTERNET": "normal",
            "android.permission.RECEIVE_BOOT_COMPLETED": "normal",
            "android.permission.RECORD_AUDIO": "dangerous",
            "android.permission.USE_FINGERPRINT": "normal",
            "android.permission.VIBRATE": "normal",
            "android.permission.WAKE_LOCK": "normal",
            "android.permission.WRITE_EXTERNAL_STORAGE": "dangerous",
            "com.android.vending.BILLING": "unknown",
            "com.google.android.finsky.permission.BIND_GET_INSTALL_REFERRER_SERVICE": "unknown",
            "com.google.android.gms.permission.AD_ID": "unknown"
        },
        "risk_counts": {
            "normal": 8,
            "dangerous": 2,
            "unknown": 3
        }
    },
    "stats": {
        "dex_count": 4,
        "native_lib_count": 34
    },
    "jadx": {
        "status": "ok",
        "duration_sec": 44.27,
        "sources_present": true,
        "java_file_count": 14553
    },
    "ast_analysis": {
        "location": 2,
        "microphone": 0,
        "camera": 58,
        "media_projection": 0,
        "dynamic_load": 0,
        "jni": 10
    },
    "analysis_state": "complete"
}