{
    "apk_name": "127DFB111086AA4FCBB07F0DF491ABF9B403E7ABA3DC07F26B492CC5ADD8D372",
    "sha256": "127dfb111086aa4fcbb07f0df491abf9b403e7aba3dc07f26b492cc5add8d372",
    "metadata": {
        "package_name": "com.vsoft.certfyremote",
        "version_code": "39",
        "version_name": "3.1.20",
        "min_sdk": "23",
        "target_sdk": "33",
        "permissions": [
            "android.permission.ACCESS_NETWORK_STATE",
            "android.permission.ACCESS_WIFI_STATE",
            "android.permission.CAMERA",
            "android.permission.FOREGROUND_SERVICE",
            "android.permission.INTERNET",
            "android.permission.MODIFY_AUDIO_SETTINGS",
            "android.permission.READ_EXTERNAL_STORAGE",
            "android.permission.READ_PHONE_STATE",
            "android.permission.RECEIVE_BOOT_COMPLETED",
            "android.permission.RECORD_AUDIO",
            "android.permission.WAKE_LOCK",
            "android.permission.WRITE_EXTERNAL_STORAGE",
            "com.google.android.c2dm.permission.RECEIVE",
            "com.vsoft.certfyremote.DYNAMIC_RECEIVER_NOT_EXPORTED_PERMISSION"
        ],
        "activities": [
            "br.com.biopassid.fingerprintsdk.ui.FingerprintCameraActivity",
            "com.google.android.gms.common.api.GoogleApiActivity",
            "com.google.firebase.auth.internal.FederatedSignInActivity",
            "crc646957603ea1820544.MediaPickerActivity",
            "crc6480997b3ef81bf9b2.ZxingActivity",
            "crc64845753be29e9c813.MainActivity",
            "crc64845753be29e9c813.SplashActivity"
        ],
        "services": [
            "androidx.room.MultiInstanceInvalidationService",
            "androidx.work.impl.background.systemalarm.SystemAlarmService",
            "androidx.work.impl.background.systemjob.SystemJobService",
            "androidx.work.impl.foreground.SystemForegroundService",
            "com.google.firebase.components.ComponentDiscoveryService",
            "com.google.firebase.iid.FirebaseInstanceIdService",
            "com.google.firebase.messaging.FirebaseMessagingService",
            "crc64fcaa7a2102edef13.FcmManagerAndroid"
        ],
        "receivers": [
            "androidx.profileinstaller.ProfileInstallReceiver",
            "androidx.work.impl.background.systemalarm.ConstraintProxy$BatteryChargingProxy",
            "androidx.work.impl.background.systemalarm.ConstraintProxy$BatteryNotLowProxy",
            "androidx.work.impl.background.systemalarm.ConstraintProxy$NetworkStateProxy",
            "androidx.work.impl.background.systemalarm.ConstraintProxy$StorageNotLowProxy",
            "androidx.work.impl.background.systemalarm.ConstraintProxyUpdateReceiver",
            "androidx.work.impl.background.systemalarm.RescheduleReceiver",
            "androidx.work.impl.diagnostics.DiagnosticsReceiver",
            "androidx.work.impl.utils.ForceStopRunnable$BroadcastReceiver",
            "com.google.firebase.iid.FirebaseInstanceIdReceiver",
            "crc643f46942d9dd1fff9.PowerSaveModeBroadcastReceiver",
            "crc64df999be563077fc4.BootReceiver"
        ],
        "permission_details": {
            "android.permission.ACCESS_NETWORK_STATE": "normal",
            "android.permission.ACCESS_WIFI_STATE": "normal",
            "android.permission.CAMERA": "dangerous",
            "android.permission.FOREGROUND_SERVICE": "normal",
            "android.permission.INTERNET": "normal",
            "android.permission.MODIFY_AUDIO_SETTINGS": "normal",
            "android.permission.READ_EXTERNAL_STORAGE": "dangerous",
            "android.permission.READ_PHONE_STATE": "dangerous",
            "android.permission.RECEIVE_BOOT_COMPLETED": "normal",
            "android.permission.RECORD_AUDIO": "dangerous",
            "android.permission.WAKE_LOCK": "normal",
            "android.permission.WRITE_EXTERNAL_STORAGE": "dangerous",
            "com.google.android.c2dm.permission.RECEIVE": "unknown",
            "com.vsoft.certfyremote.DYNAMIC_RECEIVER_NOT_EXPORTED_PERMISSION": "unknown"
        },
        "risk_counts": {
            "normal": 7,
            "dangerous": 5,
            "unknown": 2
        }
    },
    "stats": {
        "dex_count": 2,
        "native_lib_count": 34
    },
    "jadx": {
        "status": "ok",
        "duration_sec": 32.16,
        "sources_present": true,
        "java_file_count": 5807
    },
    "ast_analysis": {
        "location": 8,
        "microphone": 0,
        "camera": 9,
        "media_projection": 0,
        "dynamic_load": 0,
        "jni": 10
    },
    "analysis_state": "complete"
}