{
    "apk_name": "719C1FD63BB32B75767146A767329677FC498190DCDDB2897FF6C3CB45408A0F",
    "sha256": "719c1fd63bb32b75767146a767329677fc498190dcddb2897ff6c3cb45408a0f",
    "metadata": {
        "package_name": "com.icampus.iCampusMobile",
        "version_code": "42",
        "version_name": "2.0.11",
        "min_sdk": "21",
        "target_sdk": "31",
        "permissions": [
            "android.permission.ACCESS_COARSE_LOCATION",
            "android.permission.ACCESS_FINE_LOCATION",
            "android.permission.ACCESS_NETWORK_STATE",
            "android.permission.ACCESS_WIFI_STATE",
            "android.permission.INTERNET",
            "android.permission.READ_EXTERNAL_STORAGE",
            "android.permission.REQUEST_IGNORE_BATTERY_OPTIMIZATIONS",
            "android.permission.WAKE_LOCK",
            "android.permission.WRITE_EXTERNAL_STORAGE",
            "com.google.android.c2dm.permission.RECEIVE"
        ],
        "activities": [
            "com.google.android.gms.common.api.GoogleApiActivity",
            "com.icampus.iCampusMobile.SplashActivity",
            "crc64424a8adc5a1fbe28.FilePickerActivity",
            "crc64a0e0a82d0db9a07d.IntermediateActivity",
            "crc64e7a7d80ad38eba03.TEditorActivity",
            "crc64fa8ecee36a0f53b9.MainActivity"
        ],
        "services": [
            "com.google.firebase.components.ComponentDiscoveryService",
            "com.google.firebase.iid.FirebaseInstanceIdService",
            "com.google.firebase.messaging.FirebaseMessagingService",
            "crc64fa8ecee36a0f53b9.PushFirebaseMessagingService"
        ],
        "receivers": [
            "com.google.firebase.iid.FirebaseInstanceIdInternalReceiver",
            "com.google.firebase.iid.FirebaseInstanceIdReceiver",
            "crc641758e47582fc4d61.DownloadCompletedBroadcastReceiver",
            "crc643f46942d9dd1fff9.PowerSaveModeBroadcastReceiver",
            "crc64cea48322b3427ae9.ConnectivityChangeBroadcastReceiver"
        ],
        "permission_details": {
            "android.permission.ACCESS_COARSE_LOCATION": "dangerous",
            "android.permission.ACCESS_FINE_LOCATION": "dangerous",
            "android.permission.ACCESS_NETWORK_STATE": "normal",
            "android.permission.ACCESS_WIFI_STATE": "normal",
            "android.permission.INTERNET": "normal",
            "android.permission.READ_EXTERNAL_STORAGE": "dangerous",
            "android.permission.REQUEST_IGNORE_BATTERY_OPTIMIZATIONS": "normal",
            "android.permission.WAKE_LOCK": "normal",
            "android.permission.WRITE_EXTERNAL_STORAGE": "dangerous",
            "com.google.android.c2dm.permission.RECEIVE": "unknown"
        },
        "risk_counts": {
            "dangerous": 4,
            "normal": 5,
            "unknown": 1
        }
    },
    "stats": {
        "dex_count": 1,
        "native_lib_count": 36
    },
    "jadx": {
        "status": "ok",
        "duration_sec": 12.58,
        "sources_present": true,
        "java_file_count": 2508
    },
    "ast_analysis": {
        "location": 0,
        "microphone": 0,
        "camera": 2,
        "media_projection": 0,
        "dynamic_load": 0,
        "jni": 6
    },
    "analysis_state": "complete"
}