{
    "java_files": [
        "com/secneo/apkwrapper/b.java",
        "com/secneo/apkwrapper/H.java",
        "com/secneo/apkwrapper/AW.java",
        "com/secneo/apkwrapper/AP.java",
        "com/secneo/apkwrapper/a.java",
        "com/secneo/apkwrapper/c.java",
        "com/secneo/apkwrapper/CP.java",
        "com/zjkccb/mbank/R.java"
    ],
    "ast_hits_by_file": {
        "location": [],
        "microphone": [],
        "camera": [],
        "media_projection": [],
        "dynamic_load": [],
        "jni": [
            "com/secneo/apkwrapper/AW.java"
        ]
    },
    "native_libs": [
        "lib/arm64-v8a/libCtaApiLib.so",
        "lib/arm64-v8a/libDeepNet.so",
        "lib/arm64-v8a/libDeepNetV2.so",
        "lib/arm64-v8a/libHKESipCryptor.so",
        "lib/arm64-v8a/libTaDriver.so",
        "lib/arm64-v8a/libWebViewCore_3.22.2.30.211011154625_7z_uc.so",
        "lib/arm64-v8a/libZJKSipCryptor.so",
        "lib/arm64-v8a/libandroid-phone-mobilecommon-dynamicrelease.so",
        "lib/arm64-v8a/libandroid-phone-mobilecommon-share.so",
        "lib/arm64-v8a/libandroid-phone-mobilecommon-share_weibo.so",
        "lib/arm64-v8a/libandroid-phone-mobilesdk-framework.so",
        "lib/arm64-v8a/libandroid-phone-rome-pushsdk.so",
        "lib/arm64-v8a/libandroid-phone-securitycommon-aliupgrade.so",
        "lib/arm64-v8a/libandroid-phone-sync-syncservice.so",
        "lib/arm64-v8a/libandroid-phone-thirdparty-androidsupportrecyclerview.so",
        "lib/arm64-v8a/libandroid-phone-wallet-antui.so",
        "lib/arm64-v8a/libandroid-phone-wallet-aompfilemanager.so",
        "lib/arm64-v8a/libandroid-phone-wallet-nebula.so",
        "lib/arm64-v8a/libandroid-phone-wallet-nebulauc.so",
        "lib/arm64-v8a/libandroid-phone-wallet-scanexport.so",
        "lib/arm64-v8a/libc++_shared.so",
        "lib/arm64-v8a/libcfcaMLog.so",
        "lib/arm64-v8a/libcloudwalk_sdk.so",
        "lib/arm64-v8a/libcom-mpaas-mpaasadapter-commonbiz.so",
        "lib/arm64-v8a/libcrashsdk.so",
        "lib/arm64-v8a/libdatabase_sqlcrypto.so",
        "lib/arm64-v8a/libdecode1002235b60ba.so",
        "lib/arm64-v8a/libgetuiext3.so",
        "lib/arm64-v8a/libhke.so",
        "lib/arm64-v8a/libhoks.so",
        "lib/arm64-v8a/libjcore238.so",
        "lib/arm64-v8a/liblinearallocpatch.so",
        "lib/arm64-v8a/libmerged-bundles-res-41.so",
        "lib/arm64-v8a/libmpaas_crypto.so",
        "lib/arm64-v8a/libmpaascpu.so",
        "lib/arm64-v8a/libopenssl.so",
        "lib/arm64-v8a/libpatcher.so",
        "lib/arm64-v8a/libperf.so",
        "lib/arm64-v8a/libpps-jni.so",
        "lib/arm64-v8a/libsgavmp.so",
        "lib/arm64-v8a/libsgmain.so",
        "lib/arm64-v8a/libsgsecuritybody.so",
        "lib/arm64-v8a/libsgsgmiddletier.so",
        "lib/arm64-v8a/libsmkernel.so",
        "lib/arm64-v8a/libsmkernel_110f.so",
        "lib/arm64-v8a/libutility.so",
        "lib/arm64-v8a/libweibosdkcore.so",
        "lib/arm64-v8a/libwind.so",
        "lib/arm64-v8a/libxdkj.so",
        "lib/armeabi-v7a/libCtaApiLib.so",
        "lib/armeabi-v7a/libDeepNet.so",
        "lib/armeabi-v7a/libDeepNetV2.so",
        "lib/armeabi-v7a/libHKESipCryptor.so",
        "lib/armeabi-v7a/libTaDriver.so",
        "lib/armeabi-v7a/libWebViewCore_3.22.2.30.211011154625_7z_uc.so",
        "lib/armeabi-v7a/libZJKSipCryptor.so",
        "lib/armeabi-v7a/libandroid-phone-mobilecommon-dynamicrelease.so",
        "lib/armeabi-v7a/libandroid-phone-mobilecommon-share.so",
        "lib/armeabi-v7a/libandroid-phone-mobilecommon-share_weibo.so",
        "lib/armeabi-v7a/libandroid-phone-mobilesdk-framework.so",
        "lib/armeabi-v7a/libandroid-phone-rome-pushsdk.so",
        "lib/armeabi-v7a/libandroid-phone-securitycommon-aliupgrade.so",
        "lib/armeabi-v7a/libandroid-phone-sync-syncservice.so",
        "lib/armeabi-v7a/libandroid-phone-thirdparty-androidsupportrecyclerview.so",
        "lib/armeabi-v7a/libandroid-phone-wallet-antui.so",
        "lib/armeabi-v7a/libandroid-phone-wallet-aompfilemanager.so",
        "lib/armeabi-v7a/libandroid-phone-wallet-nebula.so",
        "lib/armeabi-v7a/libandroid-phone-wallet-nebulauc.so",
        "lib/armeabi-v7a/libandroid-phone-wallet-scanexport.so",
        "lib/armeabi-v7a/libarthook.so",
        "lib/armeabi-v7a/libc++_shared.so",
        "lib/armeabi-v7a/libcfcaMLog.so",
        "lib/armeabi-v7a/libcloudwalk_sdk.so",
        "lib/armeabi-v7a/libcom-mpaas-mpaasadapter-commonbiz.so",
        "lib/armeabi-v7a/libcrashsdk.so",
        "lib/armeabi-v7a/libdatabase_sqlcrypto.so",
        "lib/armeabi-v7a/libdecode1002235b60ba.so",
        "lib/armeabi-v7a/libgetuiext3.so",
        "lib/armeabi-v7a/libhke.so",
        "lib/armeabi-v7a/libhoks.so",
        "lib/armeabi-v7a/libjcore238.so",
        "lib/armeabi-v7a/liblinearallocpatch.so",
        "lib/armeabi-v7a/libmerged-bundles-res-41.so",
        "lib/armeabi-v7a/libmpaas_crypto.so",
        "lib/armeabi-v7a/libmpaascpu.so",
        "lib/armeabi-v7a/libopenssl.so",
        "lib/armeabi-v7a/libpatcher.so",
        "lib/armeabi-v7a/libperf.so",
        "lib/armeabi-v7a/libpps-jni.so",
        "lib/armeabi-v7a/libsgavmp.so",
        "lib/armeabi-v7a/libsgmain.so",
        "lib/armeabi-v7a/libsgsecuritybody.so",
        "lib/armeabi-v7a/libsgsgmiddletier.so",
        "lib/armeabi-v7a/libsmkernel.so",
        "lib/armeabi-v7a/libsmkernel_110f.so",
        "lib/armeabi-v7a/libutility.so",
        "lib/armeabi-v7a/libweibosdkcore.so",
        "lib/armeabi-v7a/libwind.so",
        "lib/armeabi-v7a/libxdkj.so",
        "lib/armeabi/libCtaApiLib.so",
        "lib/armeabi/libDeepNet.so",
        "lib/armeabi/libDeepNetV2.so",
        "lib/armeabi/libHKESipCryptor.so",
        "lib/armeabi/libTaDriver.so",
        "lib/armeabi/libWebViewCore_3.22.2.30.211011154625_7z_uc.so",
        "lib/armeabi/libZJKSipCryptor.so",
        "lib/armeabi/libandroid-phone-mobilecommon-dynamicrelease.so",
        "lib/armeabi/libandroid-phone-mobilecommon-share.so",
        "lib/armeabi/libandroid-phone-mobilecommon-share_weibo.so",
        "lib/armeabi/libandroid-phone-mobilesdk-framework.so",
        "lib/armeabi/libandroid-phone-rome-pushsdk.so",
        "lib/armeabi/libandroid-phone-securitycommon-aliupgrade.so",
        "lib/armeabi/libandroid-phone-sync-syncservice.so",
        "lib/armeabi/libandroid-phone-thirdparty-androidsupportrecyclerview.so",
        "lib/armeabi/libandroid-phone-wallet-antui.so",
        "lib/armeabi/libandroid-phone-wallet-aompfilemanager.so",
        "lib/armeabi/libandroid-phone-wallet-nebula.so",
        "lib/armeabi/libandroid-phone-wallet-nebulauc.so",
        "lib/armeabi/libandroid-phone-wallet-scanexport.so",
        "lib/armeabi/libarthook.so",
        "lib/armeabi/libc++_shared.so",
        "lib/armeabi/libcfcaMLog.so",
        "lib/armeabi/libcloudwalk_sdk.so",
        "lib/armeabi/libcom-mpaas-mpaasadapter-commonbiz.so",
        "lib/armeabi/libcrashsdk.so",
        "lib/armeabi/libdatabase_sqlcrypto.so",
        "lib/armeabi/libdecode1002235b60ba.so",
        "lib/armeabi/libgetuiext3.so",
        "lib/armeabi/libhke.so",
        "lib/armeabi/libhoks.so",
        "lib/armeabi/libjcore238.so",
        "lib/armeabi/liblinearallocpatch.so",
        "lib/armeabi/libmerged-bundles-res-41.so",
        "lib/armeabi/libmpaas_crypto.so",
        "lib/armeabi/libmpaascpu.so",
        "lib/armeabi/libopenssl.so",
        "lib/armeabi/libpatcher.so",
        "lib/armeabi/libperf.so",
        "lib/armeabi/libpps-jni.so",
        "lib/armeabi/libsgavmp.so",
        "lib/armeabi/libsgmain.so",
        "lib/armeabi/libsgsecuritybody.so",
        "lib/armeabi/libsgsgmiddletier.so",
        "lib/armeabi/libsmkernel.so",
        "lib/armeabi/libsmkernel_110f.so",
        "lib/armeabi/libutility.so",
        "lib/armeabi/libweibosdkcore.so",
        "lib/armeabi/libwind.so",
        "lib/armeabi/libxdkj.so",
        "lib/armeabi/libDexHelper.so",
        "lib/armeabi/libdexjni.so",
        "lib/arm64-v8a/libDexHelper.so",
        "lib/arm64-v8a/libdexjni.so",
        "lib/arm64-v8a/libDexHelper-x86.so",
        "lib/armeabi-v7a/libDexHelper.so",
        "lib/armeabi-v7a/libdexjni.so",
        "lib/armeabi-v7a/libDexHelper-x86.so"
    ],
    "dex_files_count": 1,
    "exported_components": {
        "activities": [
            "cn.cloudwalk.libproject.LiveActivity",
            "cn.cloudwalk.libproject.LiveResultActivity",
            "cn.cloudwalk.libproject.LiveStartActivity",
            "cn.cloudwalk.libproject.OcrActivity",
            "cn.jpush.android.service.DActivity",
            "cn.jpush.android.service.JNotifyActivity",
            "cn.jpush.android.ui.PopWinActivity",
            "cn.jpush.android.ui.PushActivity",
            "com.alibaba.wireless.security.open.middletier.fc.ui.ContainerActivity",
            "com.alipay.android.shareassist.ui.QQCallbackActivity",
            "com.alipay.android.shareassist.ui.WeiboAuthActivity",
            "com.alipay.android.shareassist.ui.WeiboCallbackActivity",
            "com.alipay.android.shareassist.ui.WeiboEditActivity",
            "com.alipay.android.shareassist.ui.WeiboFrindListActivity",
            "com.alipay.auth.AuthWeiboActivity",
            "com.alipay.mobile.aompfilemanager.pdf.PdfViewer",
            "com.alipay.mobile.core.loading.impl.LoadingPage",
            "com.alipay.mobile.h5plugin.H5MapActivity",
            "com.alipay.mobile.liteprocess.LiteProcessActivity$LiteProcessActivity1",
            "com.alipay.mobile.liteprocess.LiteProcessActivity$LiteProcessActivity2",
            "com.alipay.mobile.liteprocess.LiteProcessActivity$LiteProcessActivity3",
            "com.alipay.mobile.liteprocess.LiteProcessActivity$LiteProcessActivity4",
            "com.alipay.mobile.liteprocess.LiteProcessActivity$LiteProcessActivity5",
            "com.alipay.mobile.nebula.appcenter.apphandler.loadingview.H5LoadingActivity",
            "com.alipay.mobile.nebulaappproxy.activity.MiniProgramOpenSettingActivity",
            "com.alipay.mobile.nebulaappproxy.inside.account.AlipayMiniProgramAuthActivity",
            "com.alipay.mobile.nebulaappproxy.inside.contact.H5ContactTransparentActivity",
            "com.alipay.mobile.nebulaappproxy.ipc.H5ProcessTransActivity",
            "com.alipay.mobile.nebulacore.dev.ui.H5BugMeSettingsActivity",
            "com.alipay.mobile.nebulacore.ui.H5Activity",
            "com.alipay.mobile.nebulacore.ui.H5Activity$H5Activity1",
            "com.alipay.mobile.nebulacore.ui.H5Activity$H5Activity2",
            "com.alipay.mobile.nebulacore.ui.H5Activity$H5Activity3",
            "com.alipay.mobile.nebulacore.ui.H5Activity$H5Activity4",
            "com.alipay.mobile.nebulacore.ui.H5Activity$H5Activity5",
            "com.alipay.mobile.nebulacore.ui.H5FileChooserActivity",
            "com.alipay.mobile.nebulacore.ui.H5MainProcTinyActivity",
            "com.alipay.mobile.nebulacore.ui.H5NebulaAppActivity",
            "com.alipay.mobile.nebulacore.ui.H5NetworkCheckActivity",
            "com.alipay.mobile.nebulacore.ui.H5TransActivity",
            "com.alipay.mobile.nebulacore.ui.H5TransActivity$H5TransActivity0",
            "com.alipay.mobile.nebulacore.ui.H5TransActivity$H5TransActivity1",
            "com.alipay.mobile.nebulacore.ui.H5TransActivity$H5TransActivity2",
            "com.alipay.mobile.nebulacore.ui.H5TransActivity$H5TransActivity3",
            "com.alipay.mobile.nebulacore.ui.H5TransActivity$H5TransActivity4",
            "com.alipay.mobile.nebulacore.ui.H5TransActivity$H5TransActivity5",
            "com.alipay.mobile.nebulacore.ui.H5TransLandscapeActivity",
            "com.alipay.mobile.nebulacore.wallet.H5DevAppActivity",
            "com.alipay.mobile.quinox.LauncherActivity",
            "com.alipay.mobile.quinox.activity.StubActivity",
            "com.alipay.mobile.quinox.preload.PreloadFodderActivity",
            "com.alipay.mobile.scansdk.activity.MPaasToolsCaptureActivity",
            "com.alipay.mobile.scansdk.activity.ToolsCaptureActivity",
            "com.alipay.pushsdk.thirdparty.MPaaSNcActivity",
            "com.boz.jpush.PushReceiveActivity",
            "com.google.ar.core.InstallActivity",
            "com.igexin.sdk.GActivity",
            "com.igexin.sdk.PushActivity",
            "com.megvii.zjkcore.utils.permission.PermissionActivity",
            "com.mpaas.tinyapi.city.view.CitySelectActivity",
            "com.mpaas.tinyapi.location.view.H5ChooseLocationActivity",
            "com.sina.weibo.sdk.share.WbShareResultActivity",
            "com.sina.weibo.sdk.share.WbShareToStoryActivity",
            "com.sina.weibo.sdk.share.WbShareTransActivity",
            "com.sina.weibo.sdk.web.WeiboSdkWebActivity",
            "com.tencent.connect.common.AssistActivity",
            "com.xuanwu.jiyansdk.ui.LoginActivity",
            "com.xuanwu.jiyansdk.ui.LoginDialogActivity",
            "com.zjk.cloudwalk.OcrActivity",
            "com.zjkbank.gesture.activity.GestureLockActivity",
            "com.zjkbank.gesture.activity.GestureLockSettingActivity",
            "com.zjkbank.mbp.BlankActivity",
            "com.zjkbank.mbp.MainActivity",
            "com.zjkbank.mbp.SplashActivity",
            "com.zjkbank.mbp.StartPageActivity",
            "com.zjkbank.mbp.cfcaFace.AttrActivity",
            "com.zjkbank.mbp.cfcaFace.CompanyActivity",
            "com.zjkbank.mbp.cfcaFace.FaceCompareActivity",
            "com.zjkbank.mbp.cfcaFace.FaceMainActivity",
            "com.zjkbank.mbp.cfcaFace.IdentifyActivity",
            "com.zjkbank.mbp.cfcaFace.OcrActivity",
            "com.zjkbank.mbp.cfcaFace.PointActivity",
            "com.zjkbank.mbp.cfcaFace.SetActivity",
            "com.zjkbank.mbp.scan.CustomScanActivity",
            "com.zjkbank.mbp.wxapi.WXEntryActivity",
            "fox.core.ext.camera.CameraActivity",
            "fox.core.ext.crop.CropImageActivity",
            "fox.core.ext.image.activity.PhotoPickerActivity",
            "fox.core.ext.image.activity.PhotoPreviewActivity",
            "fox.core.ext.writepad.WritePadActivity"
        ],
        "services": [
            "cn.jpush.android.service.DaemonService",
            "cn.jpush.android.service.PushService",
            "com.alipay.android.phone.mobilecommon.dynamicrelease.DynamicReleaseProcessService",
            "com.alipay.android.phone.mobilecommon.dynamicrelease.DynamicReleaseRequestService",
            "com.alipay.android.phone.mobilesdk.apm.service.APMInnerService",
            "com.alipay.mobile.android.security.upgrade.download.normal.UpgradeExternalDownloadIntentService",
            "com.alipay.mobile.common.fgbg.FgBgMonitorService",
            "com.alipay.mobile.common.logging.process.LogServiceInMainProcess",
            "com.alipay.mobile.common.logging.process.LogServiceInPushProcess",
            "com.alipay.mobile.common.logging.process.LogServiceInToolsProcess",
            "com.alipay.mobile.common.logging.process.LogServiceInlite1",
            "com.alipay.mobile.common.logging.process.LogServiceInlite2",
            "com.alipay.mobile.common.logging.process.LogServiceInlite3",
            "com.alipay.mobile.common.logging.process.LogServiceInlite4",
            "com.alipay.mobile.common.logging.process.LogServiceInlite5",
            "com.alipay.mobile.liteprocess.LiteProcessService$LiteProcessService1",
            "com.alipay.mobile.liteprocess.LiteProcessService$LiteProcessService2",
            "com.alipay.mobile.liteprocess.LiteProcessService$LiteProcessService3",
            "com.alipay.mobile.liteprocess.LiteProcessService$LiteProcessService4",
            "com.alipay.mobile.liteprocess.LiteProcessService$LiteProcessService5",
            "com.alipay.mobile.liteprocess.ipc.IpcCallServer",
            "com.alipay.mobile.liteprocess.ipc.IpcMsgServer",
            "com.alipay.mobile.logmonitor.ClientMonitorService",
            "com.alipay.mobile.quinox.classloader.DexOptServiceInToolsProcess",
            "com.alipay.mobile.quinox.preload.ExcaliburService",
            "com.alipay.mobile.quinox.preload.MainPldService",
            "com.alipay.mobile.quinox.preload.PreloadService",
            "com.alipay.mobile.rome.syncsdk.service.LongLinkService",
            "com.alipay.pushsdk.push.AppInfoRecvIntentService",
            "com.alipay.pushsdk.push.NotificationService",
            "com.amap.api.location.APSService",
            "com.boz.jpush.PushService",
            "com.getui.gtc.GtcService",
            "com.igexin.sdk.PushService",
            "com.zjkbank.mbp.push.MPPushMsgService",
            "com.zjkbank.mbp.service.DemoIntentService",
            "com.zjkbank.mbp.service.DemoPushService"
        ],
        "receivers": [
            "android.support.multidex.MultiDexPreloadReceiver",
            "cn.jpush.android.asus.AsusPushMessageReceiver",
            "cn.jpush.android.service.AlarmReceiver",
            "cn.jpush.android.service.PushReceiver",
            "cn.jpush.android.service.SchedulerReceiver",
            "com.alipay.android.phone.mobilecommon.dynamicrelease.SyncConfigReceiver",
            "com.alipay.mobile.logmonitor.ClientMonitorExtReceiver",
            "com.alipay.mobile.logmonitor.TraceStubReceiver",
            "com.alipay.mobile.nebulaappproxy.inside.account.MiniProgramAuthService",
            "com.alipay.pushsdk.BroadcastActionReceiver",
            "com.alipay.pushsdk.ui.UserActionReceiver",
            "com.boz.jpush.PushMessageReceiver",
            "com.igexin.sdk.PushReceiver"
        ]
    }
}