{
    "apk_name": "603F6EC0182AAB4F7A561ABE49422654E52CA232F5032B7246C1F38FC66B50B9",
    "sha256": "603f6ec0182aab4f7a561abe49422654e52ca232f5032b7246c1f38fc66b50b9",
    "metadata": {
        "package_name": "com.zjkccb.mbank",
        "version_code": "10070",
        "version_name": "4.0.21",
        "min_sdk": "21",
        "target_sdk": "29",
        "permissions": [
            "android.permission.ACCESS_BACKGROUND_LOCATION",
            "android.permission.ACCESS_COARSE_LOCATION",
            "android.permission.ACCESS_FINE_LOCATION",
            "android.permission.ACCESS_LOCATION_EXTRA_COMMANDS",
            "android.permission.ACCESS_NETWORK_STATE",
            "android.permission.ACCESS_WIFI_STATE",
            "android.permission.AUTHENTICATE_ACCOUNTS",
            "android.permission.BATTERY_STATS",
            "android.permission.BLUETOOTH",
            "android.permission.BLUETOOTH_ADMIN",
            "android.permission.BROADCAST_STICKY",
            "android.permission.CALL_PHONE",
            "android.permission.CAMERA",
            "android.permission.CHANGE_NETWORK_STATE",
            "android.permission.CHANGE_WIFI_STATE",
            "android.permission.FLASHLIGHT",
            "android.permission.GET_ACCOUNTS",
            "android.permission.GET_TASKS",
            "android.permission.INTERNET",
            "android.permission.MANAGE_ACCOUNTS",
            "android.permission.MANAGE_FINGERPRINT",
            "android.permission.MODIFY_AUDIO_SETTINGS",
            "android.permission.MOUNT_UNMOUNT_FILESYSTEMS",
            "android.permission.NFC",
            "android.permission.READ_CONTACTS",
            "android.permission.READ_EXTERNAL_STORAGE",
            "android.permission.READ_LOGS",
            "android.permission.READ_PHONE_STATE",
            "android.permission.READ_PROFILE",
            "android.permission.READ_SETTINGS",
            "android.permission.RECEIVE_BOOT_COMPLETED",
            "android.permission.RECEIVE_USER_PRESENT",
            "android.permission.RECORD_AUDIO",
            "android.permission.REORDER_TASKS",
            "android.permission.REQUEST_INSTALL_PACKAGES",
            "android.permission.USE_CREDENTIALS",
            "android.permission.USE_FINGERPRINT",
            "android.permission.VIBRATE",
            "android.permission.WAKE_LOCK",
            "android.permission.WRITE_EXTERNAL_STORAGE",
            "android.permission.WRITE_SETTINGS",
            "android.permission.ZTE_HEARTYSERVICE_MANAGEMENT",
            "com.alipay.permission.ALIPAY_UPDATE_CREDENTIALS",
            "com.alipay.permission.ALIPAY_USE_CREDENTIALS",
            "com.aliyun.permission.STORAGE_SERVICE",
            "com.aliyun.permission.TYID_MGR_SERVICE",
            "com.aliyun.permission.TYID_SERVICE",
            "com.anddoes.launcher.permission.UPDATE_COUNT",
            "com.android.launcher.permission.INSTALL_SHORTCUT",
            "com.android.launcher.permission.READ_SETTINGS",
            "com.android.launcher.permission.UNINSTALL_SHORTCUT",
            "com.htc.launcher.permission.READ_SETTINGS",
            "com.htc.launcher.permission.UPDATE_SHORTCUT",
            "com.huawei.android.launcher.permission.CHANGE_BADGE",
            "com.majeur.launcher.permission.UPDATE_BADGE",
            "com.samsung.android.authservice.permission.READ_CONTENT_PROVIDER",
            "com.sonyericsson.home.permission.BROADCAST_BADGE",
            "com.taobao.permission.UPDATE_CREDENTIALS",
            "com.taobao.permission.USE_CREDENTIALS",
            "com.yunos.permission.STORAGE_SERVICE",
            "com.yunos.permission.TYID_MGR_SERVICE",
            "com.yunos.permission.TYID_SERVICE",
            "com.zjkccb.mbank.permission.JPUSH_MESSAGE",
            "getui.permission.GetuiService.com.zjkccb.mbank",
            "nxp.permission.ACCESS_WALLET_SERVICE"
        ],
        "activities": [
            "cn.cloudwalk.libproject.LiveActivity",
            "cn.cloudwalk.libproject.LiveResultActivity",
            "cn.cloudwalk.libproject.LiveStartActivity",
            "cn.cloudwalk.libproject.OcrActivity",
            "cn.jpush.android.service.DActivity",
            "cn.jpush.android.service.JNotifyActivity",
            "cn.jpush.android.ui.PopWinActivity",
            "cn.jpush.android.ui.PushActivity",
            "com.alibaba.wireless.security.open.middletier.fc.ui.ContainerActivity",
            "com.alipay.android.shareassist.ui.QQCallbackActivity",
            "com.alipay.android.shareassist.ui.WeiboAuthActivity",
            "com.alipay.android.shareassist.ui.WeiboCallbackActivity",
            "com.alipay.android.shareassist.ui.WeiboEditActivity",
            "com.alipay.android.shareassist.ui.WeiboFrindListActivity",
            "com.alipay.auth.AuthWeiboActivity",
            "com.alipay.mobile.aompfilemanager.pdf.PdfViewer",
            "com.alipay.mobile.core.loading.impl.LoadingPage",
            "com.alipay.mobile.h5plugin.H5MapActivity",
            "com.alipay.mobile.liteprocess.LiteProcessActivity$LiteProcessActivity1",
            "com.alipay.mobile.liteprocess.LiteProcessActivity$LiteProcessActivity2",
            "com.alipay.mobile.liteprocess.LiteProcessActivity$LiteProcessActivity3",
            "com.alipay.mobile.liteprocess.LiteProcessActivity$LiteProcessActivity4",
            "com.alipay.mobile.liteprocess.LiteProcessActivity$LiteProcessActivity5",
            "com.alipay.mobile.nebula.appcenter.apphandler.loadingview.H5LoadingActivity",
            "com.alipay.mobile.nebulaappproxy.activity.MiniProgramOpenSettingActivity",
            "com.alipay.mobile.nebulaappproxy.inside.account.AlipayMiniProgramAuthActivity",
            "com.alipay.mobile.nebulaappproxy.inside.contact.H5ContactTransparentActivity",
            "com.alipay.mobile.nebulaappproxy.ipc.H5ProcessTransActivity",
            "com.alipay.mobile.nebulacore.dev.ui.H5BugMeSettingsActivity",
            "com.alipay.mobile.nebulacore.ui.H5Activity",
            "com.alipay.mobile.nebulacore.ui.H5Activity$H5Activity1",
            "com.alipay.mobile.nebulacore.ui.H5Activity$H5Activity2",
            "com.alipay.mobile.nebulacore.ui.H5Activity$H5Activity3",
            "com.alipay.mobile.nebulacore.ui.H5Activity$H5Activity4",
            "com.alipay.mobile.nebulacore.ui.H5Activity$H5Activity5",
            "com.alipay.mobile.nebulacore.ui.H5FileChooserActivity",
            "com.alipay.mobile.nebulacore.ui.H5MainProcTinyActivity",
            "com.alipay.mobile.nebulacore.ui.H5NebulaAppActivity",
            "com.alipay.mobile.nebulacore.ui.H5NetworkCheckActivity",
            "com.alipay.mobile.nebulacore.ui.H5TransActivity",
            "com.alipay.mobile.nebulacore.ui.H5TransActivity$H5TransActivity0",
            "com.alipay.mobile.nebulacore.ui.H5TransActivity$H5TransActivity1",
            "com.alipay.mobile.nebulacore.ui.H5TransActivity$H5TransActivity2",
            "com.alipay.mobile.nebulacore.ui.H5TransActivity$H5TransActivity3",
            "com.alipay.mobile.nebulacore.ui.H5TransActivity$H5TransActivity4",
            "com.alipay.mobile.nebulacore.ui.H5TransActivity$H5TransActivity5",
            "com.alipay.mobile.nebulacore.ui.H5TransLandscapeActivity",
            "com.alipay.mobile.nebulacore.wallet.H5DevAppActivity",
            "com.alipay.mobile.quinox.LauncherActivity",
            "com.alipay.mobile.quinox.activity.StubActivity",
            "com.alipay.mobile.quinox.preload.PreloadFodderActivity",
            "com.alipay.mobile.scansdk.activity.MPaasToolsCaptureActivity",
            "com.alipay.mobile.scansdk.activity.ToolsCaptureActivity",
            "com.alipay.pushsdk.thirdparty.MPaaSNcActivity",
            "com.boz.jpush.PushReceiveActivity",
            "com.google.ar.core.InstallActivity",
            "com.igexin.sdk.GActivity",
            "com.igexin.sdk.PushActivity",
            "com.megvii.zjkcore.utils.permission.PermissionActivity",
            "com.mpaas.tinyapi.city.view.CitySelectActivity",
            "com.mpaas.tinyapi.location.view.H5ChooseLocationActivity",
            "com.sina.weibo.sdk.share.WbShareResultActivity",
            "com.sina.weibo.sdk.share.WbShareToStoryActivity",
            "com.sina.weibo.sdk.share.WbShareTransActivity",
            "com.sina.weibo.sdk.web.WeiboSdkWebActivity",
            "com.tencent.connect.common.AssistActivity",
            "com.xuanwu.jiyansdk.ui.LoginActivity",
            "com.xuanwu.jiyansdk.ui.LoginDialogActivity",
            "com.zjk.cloudwalk.OcrActivity",
            "com.zjkbank.gesture.activity.GestureLockActivity",
            "com.zjkbank.gesture.activity.GestureLockSettingActivity",
            "com.zjkbank.mbp.BlankActivity",
            "com.zjkbank.mbp.MainActivity",
            "com.zjkbank.mbp.SplashActivity",
            "com.zjkbank.mbp.StartPageActivity",
            "com.zjkbank.mbp.cfcaFace.AttrActivity",
            "com.zjkbank.mbp.cfcaFace.CompanyActivity",
            "com.zjkbank.mbp.cfcaFace.FaceCompareActivity",
            "com.zjkbank.mbp.cfcaFace.FaceMainActivity",
            "com.zjkbank.mbp.cfcaFace.IdentifyActivity",
            "com.zjkbank.mbp.cfcaFace.OcrActivity",
            "com.zjkbank.mbp.cfcaFace.PointActivity",
            "com.zjkbank.mbp.cfcaFace.SetActivity",
            "com.zjkbank.mbp.scan.CustomScanActivity",
            "com.zjkbank.mbp.wxapi.WXEntryActivity",
            "fox.core.ext.camera.CameraActivity",
            "fox.core.ext.crop.CropImageActivity",
            "fox.core.ext.image.activity.PhotoPickerActivity",
            "fox.core.ext.image.activity.PhotoPreviewActivity",
            "fox.core.ext.writepad.WritePadActivity"
        ],
        "services": [
            "cn.jpush.android.service.DaemonService",
            "cn.jpush.android.service.PushService",
            "com.alipay.android.phone.mobilecommon.dynamicrelease.DynamicReleaseProcessService",
            "com.alipay.android.phone.mobilecommon.dynamicrelease.DynamicReleaseRequestService",
            "com.alipay.android.phone.mobilesdk.apm.service.APMInnerService",
            "com.alipay.mobile.android.security.upgrade.download.normal.UpgradeExternalDownloadIntentService",
            "com.alipay.mobile.common.fgbg.FgBgMonitorService",
            "com.alipay.mobile.common.logging.process.LogServiceInMainProcess",
            "com.alipay.mobile.common.logging.process.LogServiceInPushProcess",
            "com.alipay.mobile.common.logging.process.LogServiceInToolsProcess",
            "com.alipay.mobile.common.logging.process.LogServiceInlite1",
            "com.alipay.mobile.common.logging.process.LogServiceInlite2",
            "com.alipay.mobile.common.logging.process.LogServiceInlite3",
            "com.alipay.mobile.common.logging.process.LogServiceInlite4",
            "com.alipay.mobile.common.logging.process.LogServiceInlite5",
            "com.alipay.mobile.liteprocess.LiteProcessService$LiteProcessService1",
            "com.alipay.mobile.liteprocess.LiteProcessService$LiteProcessService2",
            "com.alipay.mobile.liteprocess.LiteProcessService$LiteProcessService3",
            "com.alipay.mobile.liteprocess.LiteProcessService$LiteProcessService4",
            "com.alipay.mobile.liteprocess.LiteProcessService$LiteProcessService5",
            "com.alipay.mobile.liteprocess.ipc.IpcCallServer",
            "com.alipay.mobile.liteprocess.ipc.IpcMsgServer",
            "com.alipay.mobile.logmonitor.ClientMonitorService",
            "com.alipay.mobile.quinox.classloader.DexOptServiceInToolsProcess",
            "com.alipay.mobile.quinox.preload.ExcaliburService",
            "com.alipay.mobile.quinox.preload.MainPldService",
            "com.alipay.mobile.quinox.preload.PreloadService",
            "com.alipay.mobile.rome.syncsdk.service.LongLinkService",
            "com.alipay.pushsdk.push.AppInfoRecvIntentService",
            "com.alipay.pushsdk.push.NotificationService",
            "com.amap.api.location.APSService",
            "com.boz.jpush.PushService",
            "com.getui.gtc.GtcService",
            "com.igexin.sdk.PushService",
            "com.zjkbank.mbp.push.MPPushMsgService",
            "com.zjkbank.mbp.service.DemoIntentService",
            "com.zjkbank.mbp.service.DemoPushService"
        ],
        "receivers": [
            "android.support.multidex.MultiDexPreloadReceiver",
            "cn.jpush.android.asus.AsusPushMessageReceiver",
            "cn.jpush.android.service.AlarmReceiver",
            "cn.jpush.android.service.PushReceiver",
            "cn.jpush.android.service.SchedulerReceiver",
            "com.alipay.android.phone.mobilecommon.dynamicrelease.SyncConfigReceiver",
            "com.alipay.mobile.logmonitor.ClientMonitorExtReceiver",
            "com.alipay.mobile.logmonitor.TraceStubReceiver",
            "com.alipay.mobile.nebulaappproxy.inside.account.MiniProgramAuthService",
            "com.alipay.pushsdk.BroadcastActionReceiver",
            "com.alipay.pushsdk.ui.UserActionReceiver",
            "com.boz.jpush.PushMessageReceiver",
            "com.igexin.sdk.PushReceiver"
        ]
    },
    "stats": {
        "dex_count": 1,
        "native_lib_count": 157
    },
    "jadx": {
        "status": "ok",
        "duration_sec": 2.64,
        "sources_present": true,
        "java_file_count": 8
    },
    "ast_analysis": {
        "location": 0,
        "microphone": 0,
        "camera": 0,
        "media_projection": 0,
        "dynamic_load": 0,
        "jni": 1
    },
    "analysis_state": "complete"
}