{
    "apk_name": "207B17DC5DF3A1CC61C872D69F2216E04789AB8BD30A9BB499F9EF6170392A58",
    "sha256": "207b17dc5df3a1cc61c872d69f2216e04789ab8bd30a9bb499f9ef6170392a58",
    "metadata": {
        "package_name": "com.apps.utmfinder",
        "version_code": "37",
        "version_name": "37",
        "min_sdk": "19",
        "target_sdk": "28",
        "permissions": [
            "android.permission.ACCESS_COARSE_LOCATION",
            "android.permission.ACCESS_FINE_LOCATION",
            "android.permission.ACCESS_NETWORK_STATE",
            "android.permission.ACCESS_WIFI_STATE",
            "android.permission.INTERNET",
            "android.permission.WAKE_LOCK",
            "android.permission.WRITE_EXTERNAL_STORAGE",
            "com.google.android.c2dm.permission.RECEIVE",
            "com.google.android.finsky.permission.BIND_GET_INSTALL_REFERRER_SERVICE",
            "com.google.android.providers.gsf.permission.READ_GSERVICES"
        ],
        "activities": [
            "com.apps.utmfinder.ui.MainActivity",
            "com.apps.utmfinder.ui.SplashActivity",
            "com.google.android.gms.ads.AdActivity",
            "com.google.android.libraries.places.widget.AutocompleteActivity",
            "com.nabinbhandari.android.permissions.PermissionsActivity"
        ],
        "services": [],
        "receivers": []
    },
    "stats": {
        "dex_count": 2,
        "native_lib_count": 0
    },
    "jadx": {
        "status": "ok",
        "duration_sec": 73.82,
        "sources_present": true,
        "java_file_count": 9830
    },
    "ast_analysis": {
        "location": 9,
        "microphone": 0,
        "camera": 17,
        "media_projection": 0,
        "dynamic_load": 0,
        "jni": 0
    },
    "analysis_state": "complete"
}