{
    "apk_name": "F4182033303184D93F8DC43982575AE30870B48FAB09FE8175E8FD98A7D47AF1",
    "sha256": "f4182033303184d93f8dc43982575ae30870b48fab09fe8175e8fd98a7d47af1",
    "metadata": {
        "package_name": "com.vv51.vpian",
        "version_code": "134807563",
        "version_name": "8.9.0.11",
        "min_sdk": "21",
        "target_sdk": "28",
        "permissions": [
            "android.permission.ACCESS_COARSE_LOCATION",
            "android.permission.ACCESS_FINE_LOCATION",
            "android.permission.ACCESS_NETWORK_STATE",
            "android.permission.ACCESS_WIFI_STATE",
            "android.permission.BLUETOOTH",
            "android.permission.CAMERA",
            "android.permission.CHANGE_CONFIGURATION",
            "android.permission.CHANGE_NETWORK_STATE",
            "android.permission.FOREGROUND_SERVICE",
            "android.permission.INTERNET",
            "android.permission.MODIFY_AUDIO_SETTINGS",
            "android.permission.READ_CONTACTS",
            "android.permission.READ_EXTERNAL_STORAGE",
            "android.permission.READ_PHONE_STATE",
            "android.permission.RECEIVE_BOOT_COMPLETED",
            "android.permission.RECORD_AUDIO",
            "android.permission.REQUEST_INSTALL_PACKAGES",
            "android.permission.SYSTEM_ALERT_WINDOW",
            "android.permission.SYSTEM_OVERLAY_WINDOW",
            "android.permission.VIBRATE",
            "android.permission.WAKE_LOCK",
            "android.permission.WRITE_EXTERNAL_STORAGE",
            "com.asus.msa.SupplementaryDID.ACCESS",
            "com.coloros.mcs.permission.RECIEVE_MCS_MESSAGE",
            "com.heytap.mcs.permission.RECIEVE_MCS_MESSAGE",
            "com.huawei.appmarket.service.commondata.permission.GET_COMMON_DATA",
            "com.vv51.vpian.permission.MIPUSH_RECEIVE",
            "com.vv51.vpian.permission.PROCESS_PUSH_MSG",
            "com.vv51.vpian.permission.PUSH_PROVIDER",
            "freemme.permission.msa"
        ],
        "activities": [
            "com.ali.auth.third.ui.LoginActivity",
            "com.ali.auth.third.ui.LoginWebViewActivity",
            "com.ali.auth.third.ui.QrLoginActivity",
            "com.ali.auth.third.ui.QrLoginConfirmActivity",
            "com.ali.auth.third.ui.webview.BaseWebViewActivity",
            "com.alibaba.alibclinkpartner.smartlink.ALPEntranceActivity",
            "com.alibaba.baichuan.android.trade.ui.AlibcWebViewActivity",
            "com.alibaba.baichuan.trade.biz.auth.AlibcAuthActivity",
            "com.alibaba.security.biometrics.activity.ALBiometricsActivity",
            "com.alibaba.security.biometrics.activity.ALModelLoadingActivity",
            "com.alibaba.security.realidentity.activity.RPTakePhotoActivity",
            "com.alibaba.security.realidentity.activity.RPWebViewActivity",
            "com.alibaba.wireless.security.open.middletier.fc.ui.ContainerActivity",
            "com.alipay.sdk.app.AlipayResultActivity",
            "com.alipay.sdk.app.H5AuthActivity",
            "com.alipay.sdk.app.H5PayActivity",
            "com.alipay.sdk.app.PayResultActivity",
            "com.cmic.sso.sdk.activity.LoginAuthActivity",
            "com.huawei.hms.activity.BridgeActivity",
            "com.huawei.hms.activity.EnableServiceActivity",
            "com.huawei.updatesdk.service.otaupdate.AppUpdateActivity",
            "com.huawei.updatesdk.support.pm.PackageInstallerActivity",
            "com.kepler.jd.login.AuthSuccessActivity",
            "com.kepler.jd.sdk.KeplerBackActivity",
            "com.kepler.jd.sdk.KeplerMidActivity",
            "com.kepler.jd.sdk.WebViewActivity",
            "com.mobile.auth.gatewayauth.LoginAuthActivity",
            "com.mobile.auth.gatewayauth.activity.AuthWebVeiwActivity",
            "com.renn.rennsdk.oauth.OAuthActivity",
            "com.sina.weibo.sdk.component.WeiboSdkBrowser",
            "com.sina.weibo.sdk.register.mobile.MobileRegisterActivity",
            "com.sina.weibo.sdk.register.mobile.SelectCountryActivity",
            "com.sina.weibo.sdk.share.WbShareResultActivity",
            "com.sina.weibo.sdk.share.WbShareToStoryActivity",
            "com.sina.weibo.sdk.share.WbShareTransActivity",
            "com.sina.weibo.sdk.web.WeiboSdkWebActivity",
            "com.tencent.connect.common.AssistActivity",
            "com.tencent.tauth.AuthActivity",
            "com.vv51.mvbox.HandleShareActivity",
            "com.vv51.mvbox.MainActivity",
            "com.vv51.mvbox.NotificationActivity",
            "com.vv51.mvbox.WelcomeActivity",
            "com.vv51.mvbox.area.AreaSwitchActivity",
            "com.vv51.mvbox.bigvideo.BigVideoDetailActivity",
            "com.vv51.mvbox.bigvideo.BigVideoHorizontalFullScreenActivity",
            "com.vv51.mvbox.bigvideo.BigVideoVerticalFullScreenActivity",
            "com.vv51.mvbox.chatroom.create.KCreateChatRoomActivity",
            "com.vv51.mvbox.chatroom.roomset.RoomManageActivity",
            "com.vv51.mvbox.chatroom.show.ChatShowActivity",
            "com.vv51.mvbox.chatroom.topic.TopicSquarePageActivity",
            "com.vv51.mvbox.collect.MyCollectActivity",
            "com.vv51.mvbox.creator.CreatorActivity",
            "com.vv51.mvbox.cropbg.image.ImageCropBgActivity",
            "com.vv51.mvbox.cropbg.video.VideoClipBgActivity",
            "com.vv51.mvbox.dynamic.detail.DynamicDetailActivity",
            "com.vv51.mvbox.dynamic.editor.DynamicEditorActivity",
            "com.vv51.mvbox.dynamic.report.ReportMainActivity",
            "com.vv51.mvbox.facetoface.CreateCodeActivity",
            "com.vv51.mvbox.facetoface.CreateFaceToFaceGroupActivity",
            "com.vv51.mvbox.facetoface.EnterFaceToFaceGroupActivity",
            "com.vv51.mvbox.family.bonus.FamilyBonusDispatchActivity",
            "com.vv51.mvbox.family.create.CreateFamilyActivity",
            "com.vv51.mvbox.family.edit.EditFamilyNameActivity",
            "com.vv51.mvbox.family.edit.EditFamilyNoticeActivity",
            "com.vv51.mvbox.family.edit.EditFamilyTagActivity",
            "com.vv51.mvbox.family.familyhome.FamilyHomeActivity",
            "com.vv51.mvbox.family.familymanage.FamilyManaActivity",
            "com.vv51.mvbox.family.familytype.FamilyTypeActivity",
            "com.vv51.mvbox.family.familywallet.wallet.FamilyWalletActivity",
            "com.vv51.mvbox.family.familywallet.wallet.SelectBonusMemberActivity",
            "com.vv51.mvbox.family.familywork.FamilyWorkActivity",
            "com.vv51.mvbox.family.memberMgr.FamilyMemberManagerActivity",
            "com.vv51.mvbox.family.memberMgr.FamilyNewMemberVerifyActivity",
            "com.vv51.mvbox.family.search.FamilySearchActivity",
            "com.vv51.mvbox.feedpage.FeedPageActivity",
            "com.vv51.mvbox.feedpage.FeedPageTransparentActivity",
            "com.vv51.mvbox.groupchat.TestQueryMessageCountActivity",
            "com.vv51.mvbox.groupchat.editname.EditNicknameActivity",
            "com.vv51.mvbox.groupchat.groupchatmanagerment.GroupChatManagementActivity",
            "com.vv51.mvbox.groupchat.groupmanager.GroupDeleteManagerActivity",
            "com.vv51.mvbox.groupchat.groupmanager.GroupEditNoticeActivity",
            "com.vv51.mvbox.groupchat.groupmanager.GroupLimitActivity",
            "com.vv51.mvbox.groupchat.groupmanager.GroupManagerActivity",
            "com.vv51.mvbox.groupchat.groupmanager.GroupManagmentActivity",
            "com.vv51.mvbox.groupchat.groupmanager.GroupPubNoticeActivity",
            "com.vv51.mvbox.groupchat.groupmember.GroupMemberActivity",
            "com.vv51.mvbox.groupchat.groupmember.GroupSearchMemberActivity",
            "com.vv51.mvbox.groupchat.joingroupmanagement.JoinGroupManagementActivity",
            "com.vv51.mvbox.home.HomeActivity",
            "com.vv51.mvbox.home.MvboxDiscoverNextActivity",
            "com.vv51.mvbox.home.TuwenMapActivity",
            "com.vv51.mvbox.home.mediacontrol.globalsonglist.GlobalSongListActivity",
            "com.vv51.mvbox.home.mediacontrol.globalsonglist.alarm.GlobalSongAlarmActivity",
            "com.vv51.mvbox.home.mediacontrol.globalsonglist.collection.GlobalSongCollectionActivity",
            "com.vv51.mvbox.home.mediacontrol.globalsonglist.search.GlobalPlaySearchActivity",
            "com.vv51.mvbox.home.mediacontrol.recentplay.RecentPlayActivity",
            "com.vv51.mvbox.home.newmvrank.MvRankActivity",
            "com.vv51.mvbox.home.ranking.RankingListActivity",
            "com.vv51.mvbox.home.ranking.hot.HomeHotRankingActivity",
            "com.vv51.mvbox.justlisten.JustListenActivity",
            "com.vv51.mvbox.justlisten.animationview.ListenAnimationTestActivity",
            "com.vv51.mvbox.karaokeroom.KaraokeRoomActivity",
            "com.vv51.mvbox.karaokeroom.OnlineFriendActivity",
            "com.vv51.mvbox.kroom.dialog.KRoomDialogActivity",
            "com.vv51.mvbox.kroom.giftchallenge.KGiftChallengeCreateActivity",
            "com.vv51.mvbox.kroom.roomset.RoomManageActivity",
            "com.vv51.mvbox.kroom.show.ShowActivity",
            "com.vv51.mvbox.kroom.show.fragment.SongSquareActivity",
            "com.vv51.mvbox.kroom.show.music.record.KNativeRecordActivity",
            "com.vv51.mvbox.kroom.show.redpacket.RedpacketActivity",
            "com.vv51.mvbox.kroom.wheatbgpic.WheatAlbumActivity",
            "com.vv51.mvbox.launchapp.ui.LaunchMusicListActivity",
            "com.vv51.mvbox.launchapp.ui.LaunchSongInfoActivity",
            "com.vv51.mvbox.launchapp.ui.LaunchSpaceAvActivity",
            "com.vv51.mvbox.log.LogUploadActivity",
            "com.vv51.mvbox.login.VerifyCodeActivity",
            "com.vv51.mvbox.login.share.WBEntryActivity",
            "com.vv51.mvbox.musicbox.MusicboxAlbumActivity",
            "com.vv51.mvbox.musicbox.MusicboxAlbumDetailActivity",
            "com.vv51.mvbox.musicbox.NewMusicboxActivity",
            "com.vv51.mvbox.musicbox.chorus.MusicChorusEnterActivity",
            "com.vv51.mvbox.musicbox.finalpage.MusicboxFinalPageActivity",
            "com.vv51.mvbox.musicbox.finalpage.NewMusicboxCategoryActivity",
            "com.vv51.mvbox.musicbox.kmusic.KMusicboxSongActivity",
            "com.vv51.mvbox.musicbox.newsearch.NewSearchActivity",
            "com.vv51.mvbox.musicbox.newsearch.rankList.SearchHotListActivity",
            "com.vv51.mvbox.musicbox.search.feedback.MissingSongFeedbackActivity",
            "com.vv51.mvbox.musicbox.singerpage.MusicboxSingerNameActivity",
            "com.vv51.mvbox.musicbox.singerpage.NewMusicboxSingerActivity",
            "com.vv51.mvbox.musicbox.singerpage.singer.NewMusicBoxSingerNameActivity",
            "com.vv51.mvbox.musicbox.space.MusicBoxSingerSpaceActivity",
            "com.vv51.mvbox.my.EditNicknameActivity",
            "com.vv51.mvbox.my.LocationActivity",
            "com.vv51.mvbox.my.MenuDialogActivity",
            "com.vv51.mvbox.my.MyAlbumPhotosActivity",
            "com.vv51.mvbox.my.MyPhotoAlbumActivity",
            "com.vv51.mvbox.my.MyRecentVisitorsActivity",
            "com.vv51.mvbox.my.NativeRecordActivity",
            "com.vv51.mvbox.my.NativeRecordPublishSuccessActivity",
            "com.vv51.mvbox.my.PersonalDataActivity",
            "com.vv51.mvbox.my.SelfIntroductionActivity",
            "com.vv51.mvbox.my.SetBirthdayActivity",
            "com.vv51.mvbox.my.SongFormActivity",
            "com.vv51.mvbox.my.album.AlbumActivity",
            "com.vv51.mvbox.my.contributionlist.ContributionListActivity",
            "com.vv51.mvbox.my.edituniversity.EditUniversityActivity",
            "com.vv51.mvbox.my.flowerstanding.FansContributionRankActivity",
            "com.vv51.mvbox.my.flowerstanding.GiftPropRankActivity",
            "com.vv51.mvbox.my.givemember.GiveVipActivity",
            "com.vv51.mvbox.my.menu.NewMenuDialogActivity",
            "com.vv51.mvbox.my.my.NewMyActivity",
            "com.vv51.mvbox.my.myaccountstate.MyAccountStateActivity",
            "com.vv51.mvbox.my.mymember.BuyVipActivity",
            "com.vv51.mvbox.my.nativemusic.AddToNativeSongActivity",
            "com.vv51.mvbox.my.nativemusic.NativeSongsActivity",
            "com.vv51.mvbox.my.nativemusic.ScanSDActivity",
            "com.vv51.mvbox.my.nativemusic.SongEditActivity",
            "com.vv51.mvbox.my.nativemusic.SongsOfAlbumActivity",
            "com.vv51.mvbox.my.nativemusic.SongsOfSingerActivity",
            "com.vv51.mvbox.my.newspace.CancelAccountActivity",
            "com.vv51.mvbox.my.newspace.PersonalSpaceActivity",
            "com.vv51.mvbox.my.newspace.SpaceAccompanyActivity",
            "com.vv51.mvbox.my.newspace.SpaceChorusActivity",
            "com.vv51.mvbox.my.newspace.alltypesearch.SpaceDynamicSearchActivity",
            "com.vv51.mvbox.my.newspace.interesteduser.InterestedPersonActivity",
            "com.vv51.mvbox.my.newspace.scan.ScanQRCodeActivity",
            "com.vv51.mvbox.my.newspace.search.SpaceWorkSearchActivity",
            "com.vv51.mvbox.my.newspace.workboard.PersonalWorkBoardListActivity",
            "com.vv51.mvbox.my.photoalbum.AlbumManagerActivity",
            "com.vv51.mvbox.my.photoalbum.PhotoActivity",
            "com.vv51.mvbox.my.photoalbum.PhotoAlbumActivity",
            "com.vv51.mvbox.my.photoalbum.PhotoShowActivity",
            "com.vv51.mvbox.my.photoalbum.PhotoSkimActivity",
            "com.vv51.mvbox.my.receivegift.ReceiveGiftActivity",
            "com.vv51.mvbox.my.recentlymusic.MyMusicLibraryActivity",
            "com.vv51.mvbox.my.recentlymusic.VVLibraryActivity",
            "com.vv51.mvbox.my.roomlist.FriendRommListActivity",
            "com.vv51.mvbox.my.roomlist.RoomListActivity",
            "com.vv51.mvbox.my.spacephotoalbummanage.SpacePhotoAlbumManageActivity",
            "com.vv51.mvbox.my.vvalbum.PhotosSelectActivity",
            "com.vv51.mvbox.my.vvalbum.TakeCameraActivity",
            "com.vv51.mvbox.my.vvalbum.VVAlbumActivity",
            "com.vv51.mvbox.newfind.NewFindActivity",
            "com.vv51.mvbox.newfind.find.FindActivity",
            "com.vv51.mvbox.newfind.find.TestActivity",
            "com.vv51.mvbox.newfind.find.accompaniment.NewestAccompanimentActivity",
            "com.vv51.mvbox.newfind.find.recite.ReciteActivity",
            "com.vv51.mvbox.newfind.findeditor.FindEditorRecommendationActivity",
            "com.vv51.mvbox.newfind.newest.FindNewestActivity",
            "com.vv51.mvbox.newlogin.CountryPhoneCodeActivity",
            "com.vv51.mvbox.newlogin.GuessYouLikeActivity",
            "com.vv51.mvbox.newlogin.NewLoginActivity",
            "com.vv51.mvbox.newlogin.attention.RegisterAttentionActivity",
            "com.vv51.mvbox.newlogin.attention.RegisterAttentionNewActivity",
            "com.vv51.mvbox.newselectcontacts.NewSelectContactsActivity",
            "com.vv51.mvbox.opengroupchat.create.CreateOpenGroupChatActivity",
            "com.vv51.mvbox.opengroupchat.create.OpenGroupChatTypeActivity",
            "com.vv51.mvbox.opengroupchat.groupdataedit.OpenGroupDataEditActivity",
            "com.vv51.mvbox.opengroupchat.groupdataedit.OpenGroupDescriptionEditActivity",
            "com.vv51.mvbox.opengroupchat.myopengroups.OpenGroupListActivity",
            "com.vv51.mvbox.opengroupchat.opengroupedit.OpenGroupEditHeadIconActivity",
            "com.vv51.mvbox.opengroupchat.opengroupedit.OpenGroupEditNameActivity",
            "com.vv51.mvbox.opengroupchat.opengrouphome.OpenGroupEditInfoActivity",
            "com.vv51.mvbox.opengroupchat.opengrouphome.OpenGroupHomeInfoActivity",
            "com.vv51.mvbox.player.boxplayer.MusicBoxPlayActivity",
            "com.vv51.mvbox.player.discoverplayer.DiscoverPlayerActivity",
            "com.vv51.mvbox.player.mvPlayer.MvPlayerActivity",
            "com.vv51.mvbox.player.record.RecordActivity",
            "com.vv51.mvbox.player.record.RecordPlayActivity",
            "com.vv51.mvbox.player.record.save.RecordSaveSucceedActivity",
            "com.vv51.mvbox.player.record.speech.cotegory.SpeechCategoryActivity",
            "com.vv51.mvbox.player.record.speech.cotegory.SpeechCategoryDetailActivity",
            "com.vv51.mvbox.player.record.speech.grade.GradeSpeechListActivity",
            "com.vv51.mvbox.player.record.speech.model.SpeechModelActivity",
            "com.vv51.mvbox.player.record.speech.music.SpeechChooseMusicActivity",
            "com.vv51.mvbox.player.record.speech.readlist.detail.SpeechReadListDetailActivity",
            "com.vv51.mvbox.player.record.speech.recite.ReciteDetailActivity",
            "com.vv51.mvbox.player.record.speech.recite.ReciteTextDetailActivity",
            "com.vv51.mvbox.player.semiworksplayer.SemiChorusListActivity",
            "com.vv51.mvbox.player.semiworksplayer.SemiWorksPlayerActivity",
            "com.vv51.mvbox.player.worksplayer.WorksPlayerActivity",
            "com.vv51.mvbox.productionalbum.articleadd.ArticleAddActivity",
            "com.vv51.mvbox.productionalbum.create.activity.ArticleAlbumCreateActivity",
            "com.vv51.mvbox.productionalbum.create.activity.MusicAlbumCreateActivity",
            "com.vv51.mvbox.productionalbum.create.activity.ProductionAlbumCreateActivity",
            "com.vv51.mvbox.productionalbum.create.activity.ProductionAlbumSortActivity",
            "com.vv51.mvbox.productionalbum.create.activity.SVideoAlbumCreateActivity",
            "com.vv51.mvbox.productionalbum.create.activity.SVideoCompilationCompileActivity",
            "com.vv51.mvbox.productionalbum.create.activity.SmallVideoAlbumSortActivity",
            "com.vv51.mvbox.productionalbum.create.activity.SongAlbumSortActivity",
            "com.vv51.mvbox.productionalbum.detail.NewProductionAlbumDetailActivity",
            "com.vv51.mvbox.productionalbum.detail.ProductionAlbumDetailActivity",
            "com.vv51.mvbox.productionalbum.list.ProductionAlbumListActivity",
            "com.vv51.mvbox.productionalbum.search.AlbumAccompanimentSearchActivity",
            "com.vv51.mvbox.productionalbum.square.activity.ProductionAlbumSquareActivity",
            "com.vv51.mvbox.productionalbum.tag.SmallVideoSelectCategoryActivity",
            "com.vv51.mvbox.productionalbum.tag.SmallVideoSelectLabelActivity",
            "com.vv51.mvbox.productionalbum.tag.WorksTagActivity",
            "com.vv51.mvbox.productionalbum.workadd.AlbumSongAddActivity",
            "com.vv51.mvbox.productionalbum.workadd.SmallVideoAddActivity",
            "com.vv51.mvbox.profit.BindWeiXinActivity",
            "com.vv51.mvbox.profit.MyProfitActivity",
            "com.vv51.mvbox.profit.exchange.ExchangeActivity",
            "com.vv51.mvbox.profit.receive.ReceiveProfitActivity",
            "com.vv51.mvbox.profit.receive.ReceiveProfitSuccessActivity",
            "com.vv51.mvbox.pullnew.PullNewQrActivity",
            "com.vv51.mvbox.resing.best_voice.BestVoiceActivity",
            "com.vv51.mvbox.resing_new.BaseTemplateDetailActivity",
            "com.vv51.mvbox.resing_new.ResingerActivity",
            "com.vv51.mvbox.selectcontracts.SelectContractsActivity",
            "com.vv51.mvbox.selfview.DeleteDialogActivity",
            "com.vv51.mvbox.selfview.DialogActivity",
            "com.vv51.mvbox.selfview.DialogListViewActivity",
            "com.vv51.mvbox.selfview.MKPhoneDialogActivity",
            "com.vv51.mvbox.selfview.NewAlbumDialogActivity",
            "com.vv51.mvbox.selfview.NewCropImageActivity",
            "com.vv51.mvbox.selfview.NoAnimationDialogActivity",
            "com.vv51.mvbox.selfview.RecordTuneDialogActivity",
            "com.vv51.mvbox.settings.AboutVVMusicActivity",
            "com.vv51.mvbox.settings.PrivateBlackListActivity",
            "com.vv51.mvbox.settings.RepairToolsActivity",
            "com.vv51.mvbox.settings.ResetPwdActivity",
            "com.vv51.mvbox.settings.SettingsPrivacyActivity",
            "com.vv51.mvbox.settings.SettingsStealthAccessActivity",
            "com.vv51.mvbox.settings.ShakePhoneActivity",
            "com.vv51.mvbox.settings.TraceRouterActivity",
            "com.vv51.mvbox.settings.UsersFeedBackActivity",
            "com.vv51.mvbox.settings.accountandsecurity.ModifyPswActivity",
            "com.vv51.mvbox.settings.bindsecurityphone.BindSecurityPhoneActivity",
            "com.vv51.mvbox.settings.chatbackground.ChatBackgroundActivity",
            "com.vv51.mvbox.settings.fontscalelevel.FontScaleLevelSetActivity",
            "com.vv51.mvbox.settings.general.GeneralSettingsActivity",
            "com.vv51.mvbox.settings.look.UserLimitLookActivity",
            "com.vv51.mvbox.settings.newaccountandsecurity.BindPhoneActivity",
            "com.vv51.mvbox.settings.newaccountandsecurity.NewAccountAndSecurityActivity",
            "com.vv51.mvbox.settings.newaccountandsecurity.SetPwdActivity",
            "com.vv51.mvbox.settings.notificationsettings.NotificationSettingActivity",
            "com.vv51.mvbox.settings.settingup.SettingUpActivity",
            "com.vv51.mvbox.society.SendInfoActivity",
            "com.vv51.mvbox.society.SocialActivity",
            "com.vv51.mvbox.society.atme.AtmeListActivity",
            "com.vv51.mvbox.society.callfriends.CallFriendsListActivity",
            "com.vv51.mvbox.society.chat.MapLocationActivity",
            "com.vv51.mvbox.society.chat.SocietyChatActivity",
            "com.vv51.mvbox.society.chat.SocietyChatForLiveActivity",
            "com.vv51.mvbox.society.chat.detail.EditUserRemarksActivity",
            "com.vv51.mvbox.society.chat.detail.SocietyChatDetailActivity",
            "com.vv51.mvbox.society.chat.voicevideo.call.ChatVideoCallActivity",
            "com.vv51.mvbox.society.chat.voicevideo.call.TestVoiceCallActivity",
            "com.vv51.mvbox.society.editor_recommendation.SocietyEditorRecommendationActivity",
            "com.vv51.mvbox.society.fans.SocialFansActivity",
            "com.vv51.mvbox.society.groupchat.GroupChatActivity",
            "com.vv51.mvbox.society.groupchat.InviteJoinChatActivity",
            "com.vv51.mvbox.society.groupchat.emoji.CollectEmojiActivity",
            "com.vv51.mvbox.society.groupchat.emoji.EmojiCropImageActivity",
            "com.vv51.mvbox.society.groupchat.redpackage.RedPackageDetailActivity",
            "com.vv51.mvbox.society.groupchat.redpackage.RedPackageRecordActivity",
            "com.vv51.mvbox.society.groupchat.redpackage.SendRedPackageActivity",
            "com.vv51.mvbox.society.groupchat.share.ShareWorkAndAlbumActivity",
            "com.vv51.mvbox.society.linkman.AllSpecialFollowActivity",
            "com.vv51.mvbox.society.linkman.LinkManActivity",
            "com.vv51.mvbox.society.linkman.LinkmanGroupActivity",
            "com.vv51.mvbox.society.linkman.LinkmanGroupManagementActivity",
            "com.vv51.mvbox.society.linkman.LinkmanSearchActivity",
            "com.vv51.mvbox.society.linkman.OtherAttentionActivity",
            "com.vv51.mvbox.society.linkman.OtherFansActivity",
            "com.vv51.mvbox.society.linkman.ReportGroupChatActivity",
            "com.vv51.mvbox.society.linkman.SelectGroupActivity",
            "com.vv51.mvbox.society.linkman.SelfAttentionActivity",
            "com.vv51.mvbox.society.linkman.SelfFansActivity",
            "com.vv51.mvbox.society.mainfriend.FriendNoDynamicActivity",
            "com.vv51.mvbox.society.message.MessageBaseUIActivity",
            "com.vv51.mvbox.society.message.MessageReceiveGiftActivity",
            "com.vv51.mvbox.society.mycollection.GroupShareMyCollectActivity",
            "com.vv51.mvbox.society.official_announcement.SocietyOfficialAnnouncementActivity",
            "com.vv51.mvbox.society.official_system_message.SocietySystemMessageActivity",
            "com.vv51.mvbox.society.official_system_message.SystemMessageDetailActivity",
            "com.vv51.mvbox.society.recommend.RecommendActivity",
            "com.vv51.mvbox.society.recommend.list.RecommendListActivity",
            "com.vv51.mvbox.society.searchfriend.AddressFriendActivity",
            "com.vv51.mvbox.society.searchfriend.FindFriendActivity",
            "com.vv51.mvbox.society.searchfriend.SearchFriendActivity",
            "com.vv51.mvbox.society.searchfriend.SearchFriendInputActivity",
            "com.vv51.mvbox.society.socialsearch.SocialSearchActivity",
            "com.vv51.mvbox.society.sysmsg.SystemMsgActivity",
            "com.vv51.mvbox.svideo.makesame.SmallVideoMakeSameTemplateActivity",
            "com.vv51.mvbox.svideo.pages.SVideoClipActivity",
            "com.vv51.mvbox.svideo.pages.SVideoEditorActivity",
            "com.vv51.mvbox.svideo.pages.SVideoMusicClipActivity",
            "com.vv51.mvbox.svideo.pages.SVideoRecordActivity",
            "com.vv51.mvbox.svideo.pages.SVideoRecordPreviewActivity",
            "com.vv51.mvbox.svideo.pages.SVideoSelectLabelCategoryActivity",
            "com.vv51.mvbox.svideo.pages.ViewTestActivity",
            "com.vv51.mvbox.svideo.pages.editor.cover.SVideoEditCoverActivity",
            "com.vv51.mvbox.svideo.pages.lastpage.SVideoLastPageActivity",
            "com.vv51.mvbox.svideo.pages.location.SVideoLocationActivity",
            "com.vv51.mvbox.svideo.pages.makesame.SVideoMakeSamePropActivity",
            "com.vv51.mvbox.svideo.pages.makesame.SVideoMakeSameSongActivity",
            "com.vv51.mvbox.svideo.pages.material.clip.VideoMaterialClipActivity",
            "com.vv51.mvbox.svideo.pages.music.SVideoLyricSelectionsActivity",
            "com.vv51.mvbox.svideo.pages.music.classification.ClassificationListActivity",
            "com.vv51.mvbox.svideo.pages.music.classification.SVideoMusicTypeNewActivity",
            "com.vv51.mvbox.svideo.pages.music.playlist.PlayListActivity",
            "com.vv51.mvbox.svideo.pages.music.recommendtype.SVideoMusicTypeActivity",
            "com.vv51.mvbox.svideo.pages.publish.SVideoNewPublishActivity",
            "com.vv51.mvbox.svideo.pages.record.SVideoAdjustPicInPicActivity",
            "com.vv51.mvbox.svideo.pages.search.musicrank.detail.SVideoMusicRankActivity",
            "com.vv51.mvbox.svideo.pages.template.SVideoTemplateDetailActivity",
            "com.vv51.mvbox.svideo.pages.template.SmallVideoTemplateAdjustMaterialActivity",
            "com.vv51.mvbox.svideo.pages.upload.DraftBoxActivity",
            "com.vv51.mvbox.svideoeditor.extracttext.pages.ExtractTextEntranceActivity",
            "com.vv51.mvbox.svideoeditor.extracttext.pages.ExtractTextResultActivity",
            "com.vv51.mvbox.svideoeditor.fusion.page.clip.ClipVideosActivity",
            "com.vv51.mvbox.svideoeditor.fusion.page.cover.SelectCoverActivity",
            "com.vv51.mvbox.svideoeditor.fusion.page.editor.FusionEditorActivity",
            "com.vv51.mvbox.svideoeditor.fusion.page.finish.FusionFinishActivity",
            "com.vv51.mvbox.svideoeditor.fusion.page.main.FusionMainActivity",
            "com.vv51.mvbox.svideoeditor.sanliancover.activity.SanLianCoverEditorActivity",
            "com.vv51.mvbox.svideoeditor.sanliancover.page.confirm.SanLianCoverConfirmActivity",
            "com.vv51.mvbox.svideoeditor.sanliancover.page.crop.CoverCropperActivity",
            "com.vv51.mvbox.svideoeditor.sanliancover.page.main.SanLianCoverMainActivity",
            "com.vv51.mvbox.svideoeditor.teleprompter.pages.TeleprompterEditorActivity",
            "com.vv51.mvbox.svideoeditor.teleprompter.pages.TeleprompterListActivity",
            "com.vv51.mvbox.svideoeditor.teleprompter.pages.TeleprompterWordBoardActivity",
            "com.vv51.mvbox.test.LoginActivity",
            "com.vv51.mvbox.test.TestAllActivity",
            "com.vv51.mvbox.test.TestDialogActivity",
            "com.vv51.mvbox.test.TestDynamicDrawableSpanWidthLimitedTextViewActivity",
            "com.vv51.mvbox.test.TestExoPlayerActivity",
            "com.vv51.mvbox.test.TestFileLoadActivity",
            "com.vv51.mvbox.test.TestFindMvPlayerActivity",
            "com.vv51.mvbox.test.TestFresoActivity",
            "com.vv51.mvbox.test.TestHttpActivity",
            "com.vv51.mvbox.test.TestHuaweiPushActivity",
            "com.vv51.mvbox.test.TestImageCacheActivity",
            "com.vv51.mvbox.test.TestKRoomActivity",
            "com.vv51.mvbox.test.TestKRoomPlayerActivity",
            "com.vv51.mvbox.test.TestKscActivity",
            "com.vv51.mvbox.test.TestLeakActivity",
            "com.vv51.mvbox.test.TestLottieActivity",
            "com.vv51.mvbox.test.TestLottieEmptyActivity",
            "com.vv51.mvbox.test.TestMediaPlayerActivity",
            "com.vv51.mvbox.test.TestMessageImageView",
            "com.vv51.mvbox.test.TestOOM",
            "com.vv51.mvbox.test.TestPluActivity",
            "com.vv51.mvbox.test.TestRecordActivity",
            "com.vv51.mvbox.test.TestRecordControlViewActivity",
            "com.vv51.mvbox.test.TestRecordMVActivity",
            "com.vv51.mvbox.test.TestRewardAnimActivity",
            "com.vv51.mvbox.test.TestSdCardPermissionActivity",
            "com.vv51.mvbox.test.TestSvideoCoproduceActivity",
            "com.vv51.mvbox.test.TestTemplatePropActivity",
            "com.vv51.mvbox.test.TestTextViewTruncation",
            "com.vv51.mvbox.test.TestToolsActivity",
            "com.vv51.mvbox.test.TestTypefaceSize",
            "com.vv51.mvbox.test.TestVVEffectsActivity",
            "com.vv51.mvbox.test.TestVVImageViewActivity",
            "com.vv51.mvbox.test.TestVVLoginActivity",
            "com.vv51.mvbox.test.TestWebOpenHomePageActivity",
            "com.vv51.mvbox.topic.AccompanySearch.TopicChooseAccompanyActivity",
            "com.vv51.mvbox.topic.TopicActivity",
            "com.vv51.mvbox.topic.category.TopicCategoryActivity",
            "com.vv51.mvbox.topic.choosetopic.TopicFullListActivity",
            "com.vv51.mvbox.topic.goodtopiclist.GoodTopicListActivity",
            "com.vv51.mvbox.topic.homepage.TopicHomepageActivity",
            "com.vv51.mvbox.topic.homepage.TopicRelatedActivity",
            "com.vv51.mvbox.topic.jointopicuserlist.JoinTopicUserListActivity",
            "com.vv51.mvbox.topic.participation.TopicParticipationActivity",
            "com.vv51.mvbox.traceroute.test.TestTraceActivity",
            "com.vv51.mvbox.util.sharingactivity.WebPageActivity",
            "com.vv51.mvbox.vpian.cover.ArticleCoverCropActivity",
            "com.vv51.mvbox.vpian.main.VPMainEditActivity",
            "com.vv51.mvbox.vpian.main.VpianSelectArticleActivity",
            "com.vv51.mvbox.vpian.selectlocalmusic.SelectNewLocalMusicActivity",
            "com.vv51.mvbox.vpian.selectlocalvideo.SelectLocalVideoActivity",
            "com.vv51.mvbox.vpian.selectuseropus.SelectUserOpusActivity",
            "com.vv51.mvbox.vpian.title.ArticleTitleActivity",
            "com.vv51.mvbox.vpian.tools.bgmchoose.VpBgmChooseActivity",
            "com.vv51.mvbox.vpian.tools.edittext.EditVpTextActivity",
            "com.vv51.mvbox.vpian.tools.edittext.addlink.AddLinkChooseVpActivity",
            "com.vv51.mvbox.vpian.tools.edittext.addlink.VpAddLinkActivity",
            "com.vv51.mvbox.vpian.tools.pictureEdit.PictureEditActivity",
            "com.vv51.mvbox.vpian.tools.vppublish.VpPublishSettingActivity",
            "com.vv51.mvbox.vpian.transfer_article.TransferArticleActivity",
            "com.vv51.mvbox.vpian.videoproduction.VideoProductionActivity",
            "com.vv51.mvbox.vpian.webView.ArticleLikeListActivity",
            "com.vv51.mvbox.vpian.webView.NewVPWebViewActivity",
            "com.vv51.mvbox.vpian.webView.PCDynamicImagePreviewActivity",
            "com.vv51.mvbox.vvbase.privacystate.IndividuationRecommendActivity",
            "com.vv51.mvbox.vvlive.beginlive.BeginLiveActivity",
            "com.vv51.mvbox.vvlive.dialog.dialogactivity.DialogActivity",
            "com.vv51.mvbox.vvlive.guard.LiveGuardActivity",
            "com.vv51.mvbox.vvlive.myguard.MyLiveGuardActivity",
            "com.vv51.mvbox.vvlive.share.LiveFindFriendActivity",
            "com.vv51.mvbox.vvlive.show.LiveShowActivity",
            "com.vv51.mvbox.vvlive.show.ShowTransparentActivity",
            "com.vv51.mvbox.vvlive.show.launch.ShowLauncherActivity",
            "com.vv51.mvbox.vvlive.show.redpacket.RedpacketActivity",
            "com.vv51.mvbox.vvlive.vvliveAnchorProtocol.AnchorProtocolActivity",
            "com.vv51.mvbox.vvlive.webviewpage.WebShareActivity",
            "com.vv51.mvbox.weex.WeexActivity",
            "com.vv51.mvbox.weex.WeexBottomSheetActivity",
            "com.vv51.mvbox.welcome.ReFlowProxyActivity",
            "com.vv51.mvbox.welcome.WelcomeNavActivity",
            "com.vv51.vpian.wxapi.WXEntryActivity",
            "com.vv51.vpian.wxapi.WXPayEntryActivity"
        ],
        "services": [
            "androidx.room.MultiInstanceInvalidationService",
            "com.alibaba.android.bindingx.plugin.weex.WXBindingXModuleService",
            "com.huawei.agconnect.core.ServiceDiscovery",
            "com.huawei.hms.support.api.push.service.HmsMsgService",
            "com.vivo.push.sdk.service.CommandClientService",
            "com.vv51.mvbox.db2.DaoBnService",
            "com.vv51.mvbox.media.SupportService",
            "com.vv51.mvbox.net.task.TaskService",
            "com.vv51.mvbox.service.foreground.ForegroundService",
            "com.vv51.mvbox.socialservice.SocialService",
            "com.vv51.mvbox.socialservice.huawei.HuaweiPushService",
            "com.vv51.mvbox.socialservice.oppopush.AppPushMessageService",
            "com.vv51.mvbox.socialservice.oppopush.PushMessageService",
            "com.vv51.player.services.MediaPlayerService",
            "com.xiaomi.mipush.sdk.MessageHandleService",
            "com.xiaomi.mipush.sdk.PushMessageHandler",
            "com.xiaomi.push.service.XMJobService",
            "com.xiaomi.push.service.XMPushService"
        ],
        "receivers": [
            "com.alibaba.baichuan.trade.biz.login.LoginBroadcastReceiver",
            "com.huawei.hms.support.api.push.PushMsgReceiver",
            "com.huawei.hms.support.api.push.PushReceiver",
            "com.vv51.mvbox.media.controller.MusicScheudlerImpl$PlayerNotificationReceiver",
            "com.vv51.mvbox.socialservice.VariousSystemReceiver",
            "com.vv51.mvbox.socialservice.mipush.MiPushMessageReceiver",
            "com.vv51.mvbox.socialservice.vivopush.PushMessageReceiverImpl",
            "com.xiaomi.push.service.receivers.NetworkStatusReceiver",
            "com.xiaomi.push.service.receivers.PingReceiver"
        ]
    },
    "stats": {
        "dex_count": 15,
        "native_lib_count": 64
    },
    "jadx": {
        "status": "ok",
        "duration_sec": 126.79,
        "sources_present": true,
        "java_file_count": 24679
    },
    "ast_analysis": {
        "location": 27,
        "microphone": 12,
        "camera": 114,
        "media_projection": 6,
        "dynamic_load": 0,
        "jni": 210
    },
    "analysis_state": "complete"
}