{
    "apk_name": "6BFE5D49BB8AF94F2F9045257050702DFB0BA306BA5B3EB275A5B47BA2E9AF98",
    "sha256": "6bfe5d49bb8af94f2f9045257050702dfb0ba306ba5b3eb275a5b47ba2e9af98",
    "metadata": {
        "package_name": "com.zxmsoft.pft_calculator",
        "version_code": "5",
        "version_name": "1.0.0",
        "min_sdk": "29",
        "target_sdk": "35",
        "permissions": [
            "android.permission.READ_EXTERNAL_STORAGE",
            "android.permission.WRITE_EXTERNAL_STORAGE",
            "com.zxmsoft.pft_calculator.DYNAMIC_RECEIVER_NOT_EXPORTED_PERMISSION"
        ],
        "activities": [
            "com.zxmsoft.pft_calculator.MainActivity"
        ],
        "services": [],
        "receivers": [
            "androidx.profileinstaller.ProfileInstallReceiver",
            "dev.fluttercommunity.plus.share.SharePlusPendingIntent"
        ]
    },
    "stats": {
        "dex_count": 1,
        "native_lib_count": 0
    },
    "jadx": {
        "status": "ok",
        "duration_sec": 6.65,
        "sources_present": true,
        "java_file_count": 1032
    },
    "ast_analysis": {
        "location": 0,
        "microphone": 0,
        "camera": 4,
        "media_projection": 0,
        "dynamic_load": 0,
        "jni": 1
    },
    "analysis_state": "complete"
}