{
    "apk_name": "3E2D1E6F1E0667624B1CF9F0B476BA8544518327F5E264DF8BD43FA374D89330",
    "sha256": "3e2d1e6f1e0667624b1cf9f0b476ba8544518327f5e264df8bd43fa374d89330",
    "metadata": {
        "package_name": "com.oyak.mobil",
        "version_code": "49",
        "version_name": "3.1.12",
        "min_sdk": "22",
        "target_sdk": "33",
        "permissions": [
            "android.permission.ACCESS_COARSE_LOCATION",
            "android.permission.ACCESS_FINE_LOCATION",
            "android.permission.ACCESS_NETWORK_STATE",
            "android.permission.AUTHENTICATE_ACCOUNTS",
            "android.permission.CAMERA",
            "android.permission.FOREGROUND_SERVICE",
            "android.permission.GET_ACCOUNTS",
            "android.permission.INTERNET",
            "android.permission.NFC",
            "android.permission.POST_NOTIFICATIONS",
            "android.permission.READ_EXTERNAL_STORAGE",
            "android.permission.READ_MEDIA_AUDIO",
            "android.permission.READ_MEDIA_IMAGES",
            "android.permission.READ_MEDIA_VIDEO",
            "android.permission.USE_FULL_SCREEN_INTENT",
            "android.permission.VIBRATE",
            "android.permission.WAKE_LOCK",
            "android.permission.WRITE_EXTERNAL_STORAGE",
            "com.google.android.c2dm.permission.RECEIVE",
            "com.google.android.finsky.permission.BIND_GET_INSTALL_REFERRER_SERVICE"
        ],
        "activities": [
            "com.google.android.gms.auth.api.signin.internal.SignInHubActivity",
            "com.google.android.gms.common.api.GoogleApiActivity",
            "com.google.android.play.core.common.PlayCoreDialogWrapperActivity",
            "com.google.android.play.core.missingsplits.PlayCoreMissingSplitsActivity",
            "com.labters.documentscanner.ImageCropActivity",
            "com.oyak.mobil.view.activity.AnaSayfaActivity",
            "com.oyak.mobil.view.activity.BDEGSHesaplamaActivity",
            "com.oyak.mobil.view.activity.BdegsDetayActivity",
            "com.oyak.mobil.view.activity.BorcVermeActivity",
            "com.oyak.mobil.view.activity.CustomScannerActivity",
            "com.oyak.mobil.view.activity.EMSDurumActivity",
            "com.oyak.mobil.view.activity.EMSMaasSimulasyonActivity",
            "com.oyak.mobil.view.activity.EMSSimulasyonActivity",
            "com.oyak.mobil.view.activity.EMSTutarActivity",
            "com.oyak.mobil.view.activity.EmeklilikYardimiActivity",
            "com.oyak.mobil.view.activity.FevkaladeBorcVermeActivity",
            "com.oyak.mobil.view.activity.GirisActivity",
            "com.oyak.mobil.view.activity.GrafikActivity",
            "com.oyak.mobil.view.activity.HaberDetayActivity",
            "com.oyak.mobil.view.activity.HesapOzetiActivity",
            "com.oyak.mobil.view.activity.KobfDetayActivity",
            "com.oyak.mobil.view.activity.KonutKredisiActivity",
            "com.oyak.mobil.view.activity.KurumKonutlariActivity",
            "com.oyak.mobil.view.activity.MaasTercihActivity",
            "com.oyak.mobil.view.activity.MesajGoruntuleActivity",
            "com.oyak.mobil.view.activity.NemamatikActivity",
            "com.oyak.mobil.view.activity.OcrActivity",
            "com.oyak.mobil.view.activity.ProfilActivity",
            "com.oyak.mobil.view.activity.SorunBildirActivity",
            "com.oyak.mobil.view.activity.SssActivity",
            "com.oyak.mobil.view.activity.TakvimActivity",
            "com.oyak.mobil.view.activity.VideoActivity",
            "com.oyak.mobil.view.activity.VideoWebViewActivity",
            "com.oyak.mobil.view.activity.WebViewActivity",
            "com.oyak.mobil.view.activity.YasalSartlarHukumlerActivity",
            "com.oyak.mobil.view.activity.YeniKullaniciActivity",
            "com.oyak.mobil.view.activity.YuzdeSeksenActivity"
        ],
        "services": [
            "androidx.camera.core.impl.MetadataHolderService",
            "androidx.room.MultiInstanceInvalidationService",
            "com.google.android.datatransport.runtime.backends.TransportBackendDiscovery",
            "com.google.android.datatransport.runtime.scheduling.jobscheduling.JobInfoSchedulerService",
            "com.google.android.gms.auth.api.signin.RevocationBoundService",
            "com.google.android.gms.measurement.AppMeasurementJobService",
            "com.google.android.gms.measurement.AppMeasurementService",
            "com.google.android.play.core.assetpacks.AssetPackExtractionService",
            "com.google.android.play.core.assetpacks.ExtractionForegroundService",
            "com.google.firebase.components.ComponentDiscoveryService",
            "com.google.firebase.messaging.FirebaseMessagingService",
            "com.google.mlkit.common.internal.MlKitComponentDiscoveryService",
            "com.oyak.mobil.service.OyakFirebaseMessagingService"
        ],
        "receivers": [
            "com.google.android.datatransport.runtime.scheduling.jobscheduling.AlarmManagerSchedulerBroadcastReceiver",
            "com.google.android.gms.measurement.AppMeasurementReceiver",
            "com.google.firebase.iid.FirebaseInstanceIdReceiver",
            "com.oyak.mobil.service.SMSBroadcastReceiver"
        ]
    },
    "stats": {
        "dex_count": 2,
        "native_lib_count": 23
    },
    "jadx": {
        "status": "ok",
        "duration_sec": 62.03,
        "sources_present": true,
        "java_file_count": 8570
    },
    "ast_analysis": {
        "location": 0,
        "microphone": 0,
        "camera": 13,
        "media_projection": 0,
        "dynamic_load": 0,
        "jni": 5
    },
    "analysis_state": "complete"
}