{
    "apk_name": "24E41BA65AC89F9DF28D04313BFB5D677A10CEBEF5E38885D7C0EF299BCD73A6",
    "sha256": "24e41ba65ac89f9df28d04313bfb5d677a10cebef5e38885d7c0ef299bcd73a6",
    "metadata": {
        "package_name": "com.mybank.android.phone",
        "version_code": "549",
        "version_name": "4.0.2.070603",
        "min_sdk": "18",
        "target_sdk": "26",
        "permissions": [
            "android.permission.ACCESS_COARSE_LOCATION",
            "android.permission.ACCESS_FINE_LOCATION",
            "android.permission.ACCESS_NETWORK_STATE",
            "android.permission.ACCESS_WIFI_STATE",
            "android.permission.BROADCAST_STICKY",
            "android.permission.CAMERA",
            "android.permission.CHANGE_NETWORK_STATE",
            "android.permission.CHANGE_WIFI_STATE",
            "android.permission.DOWNLOAD_WITHOUT_NOTIFICATION",
            "android.permission.FOREGROUND_SERVICE",
            "android.permission.GET_TASKS",
            "android.permission.INTERNET",
            "android.permission.KILL_BACKGROUND_PROCESSES",
            "android.permission.MANAGE_FINGERPRINT",
            "android.permission.MODIFY_AUDIO_SETTINGS",
            "android.permission.READ_CONTACTS",
            "android.permission.READ_EXTERNAL_STORAGE",
            "android.permission.READ_PHONE_STATE",
            "android.permission.READ_SETTINGS",
            "android.permission.RECEIVE_BOOT_COMPLETED",
            "android.permission.RECEIVE_USER_PRESENT",
            "android.permission.REORDER_TASKS",
            "android.permission.REQUEST_INSTALL_PACKAGES",
            "android.permission.SYSTEM_ALERT_WINDOW",
            "android.permission.USE_FINGERPRINT",
            "android.permission.VIBRATE",
            "android.permission.WAKE_LOCK",
            "android.permission.WRITE_EXTERNAL_STORAGE",
            "android.permission.WRITE_SECURE_SETTINGS",
            "android.permission.WRITE_SETTINGS",
            "android.permission.ZTE_HEARTYSERVICE_MANAGEMENT",
            "cn.org.ifaa.permission.USE_IFAA_MANAGER",
            "com.samsung.android.authservice.permission.READ_CONTENT_PROVIDER"
        ],
        "activities": [
            "com.alibaba.wireless.security.open.middletier.fc.ui.ContainerActivity",
            "com.alipay.android.app.pay.MiniLaucherActivity",
            "com.alipay.android.msp.biz.scheme.MspSchemeActivity",
            "com.alipay.android.msp.biz.substitute.MspPaycodeChannelActivity",
            "com.alipay.android.msp.ui.views.MspContainerActivity",
            "com.alipay.android.msp.ui.views.MspWebActivity",
            "com.alipay.android.phone.falcon.idcard.FalconAlbumImageActivity",
            "com.alipay.android.phone.falcon.idcard.IdCardPhoto",
            "com.alipay.android.phone.mobilecommon.multimediabiz.biz.live.ARTVCModuleDownloadActivity",
            "com.alipay.android.phone.mobilecommon.multimediabiz.biz.live.LiveDownloadActivity",
            "com.alipay.android.phone.mobilesdk.permission.guide.ui.PermissionGuideSysDialogActivity",
            "com.alipay.mobile.aompfilemanager.filepicker.FilePickerMainActivity",
            "com.alipay.mobile.aompfilemanager.pdf.PdfViewer",
            "com.alipay.mobile.beehive.compositeui.multilevel.MultilevelSelectActivity_",
            "com.alipay.mobile.beehive.imageedit.activity.DoodleActivity",
            "com.alipay.mobile.beehive.imageedit.v2.BeeImageEditActivity",
            "com.alipay.mobile.beehive.photo.ui.BrowsePhotoAsListActivity",
            "com.alipay.mobile.beehive.photo.ui.PhotoEditActivity",
            "com.alipay.mobile.beehive.photo.ui.PhotoPreviewActivity",
            "com.alipay.mobile.beehive.photo.ui.PhotoSelectActivity",
            "com.alipay.mobile.beehive.photo.ui.RemotePhotoGridActivity",
            "com.alipay.mobile.beehive.photo.ui.VideoPreviewActivity",
            "com.alipay.mobile.beehive.photo.ui.VideoPreviewEditActivity",
            "com.alipay.mobile.beehive.photo.ui.VideoPreviewEditActivityWithFilter",
            "com.alipay.mobile.beehive.photo.ui.videocollection.ImageEditActivity",
            "com.alipay.mobile.beehive.photo.ui.videocollection.VideoEditActivity",
            "com.alipay.mobile.beehive.template.ui.DemoActivity",
            "com.alipay.mobile.core.loading.impl.LoadingPage",
            "com.alipay.mobile.core.region.ui.ChangeRegionActivity",
            "com.alipay.mobile.h5plugin.H5MapActivity",
            "com.alipay.mobile.liteprocess.LiteProcessActivity$LiteProcessActivity1",
            "com.alipay.mobile.liteprocess.LiteProcessActivity$LiteProcessActivity2",
            "com.alipay.mobile.liteprocess.LiteProcessActivity$LiteProcessActivity3",
            "com.alipay.mobile.liteprocess.LiteProcessActivity$LiteProcessActivity4",
            "com.alipay.mobile.liteprocess.LiteProcessActivity$LiteProcessActivity5",
            "com.alipay.mobile.nebula.appcenter.apphandler.loadingview.H5LoadingActivity",
            "com.alipay.mobile.nebulaappproxy.activity.MiniProgramOpenSettingActivity",
            "com.alipay.mobile.nebulaappproxy.activity.TbOpenPermissionActivity",
            "com.alipay.mobile.nebulaappproxy.ipc.H5ProcessTransActivity",
            "com.alipay.mobile.nebulaappproxy.view.IntegrationSettingActivity_",
            "com.alipay.mobile.nebulacore.dev.ui.H5BugMeSettingsActivity",
            "com.alipay.mobile.nebulacore.ui.H5FileChooserActivity",
            "com.alipay.mobile.nebulacore.ui.H5NebulaAppActivity",
            "com.alipay.mobile.nebulacore.ui.H5NetworkCheckActivity",
            "com.alipay.mobile.nebuladebug.dev.NebulaDebugMainActivity",
            "com.alipay.mobile.nebulax.inside.contact.H5ContactTransparentActivity",
            "com.alipay.mobile.nebulax.integration.mpaas.activity.NebulaActivity$AppInsideMain",
            "com.alipay.mobile.nebulax.integration.mpaas.activity.NebulaActivity$Lite1",
            "com.alipay.mobile.nebulax.integration.mpaas.activity.NebulaActivity$Lite2",
            "com.alipay.mobile.nebulax.integration.mpaas.activity.NebulaActivity$Lite3",
            "com.alipay.mobile.nebulax.integration.mpaas.activity.NebulaActivity$Lite4",
            "com.alipay.mobile.nebulax.integration.mpaas.activity.NebulaActivity$Lite5",
            "com.alipay.mobile.nebulax.integration.mpaas.activity.NebulaActivity$Main",
            "com.alipay.mobile.nebulax.integration.mpaas.activity.NebulaAppExceptionActivity",
            "com.alipay.mobile.nebulax.integration.mpaas.activity.NebulaPreloadActivity$Lite1",
            "com.alipay.mobile.nebulax.integration.mpaas.activity.NebulaPreloadActivity$Lite2",
            "com.alipay.mobile.nebulax.integration.mpaas.activity.NebulaPreloadActivity$Lite3",
            "com.alipay.mobile.nebulax.integration.mpaas.activity.NebulaPreloadActivity$Lite4",
            "com.alipay.mobile.nebulax.integration.mpaas.activity.NebulaPreloadActivity$Lite5",
            "com.alipay.mobile.nebulax.integration.mpaas.activity.NebulaRestoreActivity",
            "com.alipay.mobile.nebulax.integration.mpaas.activity.NebulaTransActivity$Lite1",
            "com.alipay.mobile.nebulax.integration.mpaas.activity.NebulaTransActivity$Lite2",
            "com.alipay.mobile.nebulax.integration.mpaas.activity.NebulaTransActivity$Lite3",
            "com.alipay.mobile.nebulax.integration.mpaas.activity.NebulaTransActivity$Lite4",
            "com.alipay.mobile.nebulax.integration.mpaas.activity.NebulaTransActivity$Lite5",
            "com.alipay.mobile.nebulax.integration.mpaas.activity.NebulaTransActivity$Main",
            "com.alipay.mobile.nebulax.xriver.activity.XRiverActivity",
            "com.alipay.mobile.nebulax.xriver.activity.XRiverTransActivity$Main",
            "com.alipay.mobile.scansdk.activity.ToolsCaptureActivity",
            "com.alipay.mobile.security.faceauth.circle.ui.FaceCircleActivity",
            "com.alipay.mobile.security.faceauth.circle.ui.LoginCircleActivity",
            "com.alipay.mobile.security.faceauth.circle.ui.SampleCircleActivity",
            "com.alipay.mobile.security.q.faceauth.ui.bank.FaceDetectExtActivity",
            "com.alipay.mobile.security.q.faceauth.ui.bank.FrameShowActivity",
            "com.alipay.mobile.security.q.faceauth.ui.bank.NavigationActivity",
            "com.alipay.mobile.security.q.faceauth.ui.bank.WebNavigationActivity",
            "com.alipay.mobile.security.q.faceauth.ui.login.LoginmentActivity",
            "com.alipay.mobile.verifyidentity.module.menu.ui.MenuActivity",
            "com.alipay.mobile.verifyidentity.module.password.pay.ui.BioProtocolActivity",
            "com.alipay.mobile.verifyidentity.module.password.pay.ui.PayPwdFullActivity",
            "com.alipay.mobile.verifyidentity.module.password.pay.ui.PayPwdHalfActivity",
            "com.alipay.mobile.verifyidentity.module.sms.ui.SmsActivity",
            "com.alipay.mobile.verifyidentity.ui.ProtocolActivity",
            "com.alipay.mobile.verifyidentity.ui.helper.DialogActivity",
            "com.alipay.mobile.verifyidentity.ui.helper.NoticeActivity",
            "com.alipay.mobile.verifyidentity.ui.helper.VerifyDialogActivity",
            "com.alipay.mobile.verifyidentity.ui.helper.VerifyGuideActivity",
            "com.alipay.module.face.ui.FaceInputUserInfo",
            "com.alipay.zoloz.toyger.workspace.GarfieldActivity",
            "com.alipay.zoloz.toyger.workspace.ToygerActivity",
            "com.etao.kakalib.CaptureBarcodeActivity",
            "com.etao.kakalib.KakaLibProductResultActivity",
            "com.etao.kakalib.demo.MutiModeDemoActivity",
            "com.etao.kakalib.express.KakaLibExpressActivity",
            "com.etao.kakalib.posterscanning.KakaLibPosterScanningResActivity",
            "com.etao.kakalib.posterscanning.KakaLibPosterTestActivity",
            "com.mybank.android.account.activity.ActiveFailedActivity",
            "com.mybank.android.account.activity.ActiveSuccessActivity",
            "com.mybank.android.account.activity.ActiveVerifyActivity",
            "com.mybank.android.account.activity.ActiveVerifyingActivity",
            "com.mybank.android.account.activity.AlipayActivatedActivity",
            "com.mybank.android.account.activity.AlipayActivvatedPwdActivity",
            "com.mybank.android.account.activity.AlipayBindAgreementActivity",
            "com.mybank.android.account.activity.AlipayLoginProcessActivity",
            "com.mybank.android.account.activity.AlipayPreActivatedActivity",
            "com.mybank.android.account.activity.AlipayPreLoginActivity",
            "com.mybank.android.account.activity.AlipayRegisterActivity",
            "com.mybank.android.account.activity.AlipayRegisterAgreementActivity",
            "com.mybank.android.account.activity.BindAlipayActivity",
            "com.mybank.android.account.activity.BindAlipaySuccessActivity",
            "com.mybank.android.account.activity.BindCard4RenameActivity",
            "com.mybank.android.account.activity.BindCardActivity",
            "com.mybank.android.account.activity.BindCardCheckActivity",
            "com.mybank.android.account.activity.CertifyFailedActivity",
            "com.mybank.android.account.activity.CertifyFailedV2Activity",
            "com.mybank.android.account.activity.CheckStandActivity",
            "com.mybank.android.account.activity.ContactActivity",
            "com.mybank.android.account.activity.FloatLayerActivity",
            "com.mybank.android.account.activity.IDCardExpiredActivity",
            "com.mybank.android.account.activity.IDCardExpiredCertifyFailedActivity",
            "com.mybank.android.account.activity.L2ToL4Activity",
            "com.mybank.android.account.activity.L3ToL4Activity",
            "com.mybank.android.account.activity.L4PlusRegisterActivity",
            "com.mybank.android.account.activity.LoanL2UpgradeActivity",
            "com.mybank.android.account.activity.LoanL3UpgradeActivity",
            "com.mybank.android.account.activity.LoanL3UpgradePreActivity",
            "com.mybank.android.account.activity.LoanL4UpgradeActivity",
            "com.mybank.android.account.activity.RegisterActivity",
            "com.mybank.android.account.activity.RegisterProcessActivity",
            "com.mybank.android.account.activity.RegisterSuccessActivity",
            "com.mybank.android.account.activity.RegisterVerifyActivity",
            "com.mybank.android.account.activity.UnLockAccountActivity",
            "com.mybank.android.account.activity.UpgradeSuccessActivity",
            "com.mybank.android.bankstatement.engine.BankStatementMainActivity",
            "com.mybank.android.bankstatement.engine.ShareFileActivity",
            "com.mybank.android.phone.MainActivity",
            "com.mybank.android.phone.appcenter.tools.AppCenterCheckActivity",
            "com.mybank.android.phone.appcenter.ui.AppCenterActivity",
            "com.mybank.android.phone.bill.ui.BillDetailActivity",
            "com.mybank.android.phone.bill.ui.BillListActivity",
            "com.mybank.android.phone.bill.ui.FreezeDetailActivity",
            "com.mybank.android.phone.bill.ui.FreezeListActicity",
            "com.mybank.android.phone.bill.ui.PaymentDetailActivity",
            "com.mybank.android.phone.bill.ui.PaymentListActivity",
            "com.mybank.android.phone.bill.ui.SendEmailActivity",
            "com.mybank.android.phone.common.component.contacts.ContactsRootActivity",
            "com.mybank.android.phone.common.component.contacts.MobileContactListActivity",
            "com.mybank.android.phone.common.component.process.CommonSelectImageActivity",
            "com.mybank.android.phone.common.component.process.CropImageActivity",
            "com.mybank.android.phone.common.component.process.ImageViewerActivity",
            "com.mybank.android.phone.common.component.process.SmsActivity",
            "com.mybank.android.phone.common.h5container.ui.BaseBizWebviewActivity",
            "com.mybank.android.phone.common.runtimepermission.PermissionActivity",
            "com.mybank.android.phone.common.scancode.ui.BaseScanCodeActivity",
            "com.mybank.android.phone.common.scancode.ui.MainCaptureActivity",
            "com.mybank.android.phone.common.scancode.ui.ScancodeGoActivity",
            "com.mybank.android.phone.common.ui.SixNumberPasswordActivity",
            "com.mybank.android.phone.customer.account.activity.NavRouterActivity",
            "com.mybank.android.phone.customer.account.activity.SyncLogoutNoticeActivity",
            "com.mybank.android.phone.customer.account.alipay.BindAlipayAccoutInfoActivity",
            "com.mybank.android.phone.customer.account.alipay.BindAlipayActivity",
            "com.mybank.android.phone.customer.account.bank.BindBankCardListActivity",
            "com.mybank.android.phone.customer.account.bank.UpgradeArrangementActivity",
            "com.mybank.android.phone.customer.account.bank.UpgradeConfirmBankCardInfoActivity",
            "com.mybank.android.phone.customer.account.company.ScanLoginActivity",
            "com.mybank.android.phone.customer.account.company.ScanLoginResultActivity",
            "com.mybank.android.phone.customer.account.company.SelectCompanyNameActivity",
            "com.mybank.android.phone.customer.account.gesture.GLCActivity",
            "com.mybank.android.phone.customer.account.gesture.ManageGestureLockActivity",
            "com.mybank.android.phone.customer.account.gesture.SetGestureLockActivity",
            "com.mybank.android.phone.customer.account.gesture.SetGestureLockCheckActivity",
            "com.mybank.android.phone.customer.account.lock.LockAccountActivity",
            "com.mybank.android.phone.customer.account.lock.LockAccountResultActivity",
            "com.mybank.android.phone.customer.account.login.ui.LoginActivity",
            "com.mybank.android.phone.customer.account.login.ui.LoginLoanGuideActivity",
            "com.mybank.android.phone.customer.account.login.ui.LoginMoneyGuideActivity",
            "com.mybank.android.phone.customer.account.login.ui.LoginSmsActivity",
            "com.mybank.android.phone.customer.setting.ui.AboutActivity",
            "com.mybank.android.phone.customer.setting.ui.AccountAndInfoActivity",
            "com.mybank.android.phone.customer.setting.ui.BindEmailActivity",
            "com.mybank.android.phone.customer.setting.ui.BindEmailSetEmailActivity",
            "com.mybank.android.phone.customer.setting.ui.ChangeImageActivity",
            "com.mybank.android.phone.customer.setting.ui.EmailManageActivity",
            "com.mybank.android.phone.customer.setting.ui.FaceLoginSettingActivity",
            "com.mybank.android.phone.customer.setting.ui.FeedbackActivity",
            "com.mybank.android.phone.customer.setting.ui.NavRouterActivity",
            "com.mybank.android.phone.customer.setting.ui.OccupationActivity",
            "com.mybank.android.phone.customer.setting.ui.PersonalizedSignatureActivity",
            "com.mybank.android.phone.customer.setting.ui.PwdManageActivity",
            "com.mybank.android.phone.customer.setting.ui.SecurityManageActivity",
            "com.mybank.android.phone.customer.setting.ui.UserInfoActivity",
            "com.mybank.android.phone.homeV320.newprofile.NewRootSettingActivity",
            "com.mybank.android.phone.homeV320.setting.MySettginsActivity",
            "com.mybank.android.phone.homeV320.setting.PrivacySettingActivity",
            "com.mybank.android.phone.launcher.ui.TabLauncherActivity",
            "com.mybank.android.phone.servicehall.ui.MessageDetailActivity",
            "com.mybank.android.phone.servicehall.ui.ServiceHallActivity",
            "com.mybank.android.phone.trans.ui.BankOpenChooseActivity",
            "com.mybank.android.phone.trans.ui.BranchBankListActivity",
            "com.mybank.android.phone.trans.ui.CityListActivity",
            "com.mybank.android.phone.trans.ui.ProvinceListActivity",
            "com.mybank.android.phone.trans.ui.QuotaManageActivity",
            "com.mybank.android.phone.trans.ui.QuotaSetAcitivity",
            "com.mybank.android.phone.trans.ui.SelectBranchBankActivity",
            "com.mybank.android.phone.trans.ui.SendEmailActivity",
            "com.mybank.android.phone.trans.ui.TransAccountHistoryActivity",
            "com.mybank.android.phone.trans.ui.TransDetailActivity",
            "com.mybank.android.phone.trans.ui.TransInActivity",
            "com.mybank.android.phone.trans.ui.TransInResultActivity",
            "com.mybank.android.phone.trans.ui.TransOutDirectActivity",
            "com.mybank.android.phone.trans.ui.TransOutDirectBranchActivity",
            "com.mybank.android.phone.trans.ui.TransOutResultActivity",
            "com.mybank.android.phone.trans.ui.TransOutSettleActivity",
            "com.mybank.android.phone.trans.ui.TransOutSettleBranchActivity",
            "com.mybank.android.phone.trans.ui.TransOutSettleConfirmActivity",
            "com.mybank.android.phone.trans.ui.TransOutSettleFormActivity",
            "com.mybank.android.phone.trans.ui.TransPhoneOpenActivity",
            "com.mybank.android.phone.trans.ui.TransPortalActivity",
            "com.mybank.android.phone.trans.ui.TransResultFaceFailedActivity",
            "com.mybank.android.phone.trans.ui.TransSelectBankCardActivity",
            "com.mybank.android.phone.v400.activity.PermissionManagerActivity",
            "com.mybank.android.phone.wealth.ui.BindShopActivity",
            "com.mybank.android.phone.wealth.ui.SelectShopActivity",
            "com.mybank.android.phone.wealth.ui.asset.AssetActivity",
            "com.mybank.android.test.TestActivity",
            "com.taobao.wireless.security.sdk.ui.VerifyActivity",
            "com.yhao.floatwindow.FloatActivity"
        ],
        "services": [
            "com.alibaba.ariver.ariverexthub.api.ipc.RVERemoteService",
            "com.alibaba.ariver.commonability.device.jsapi.nfc.service.TinyAppHostApduService",
            "com.alibaba.ariver.ipc.RemoteCallService",
            "com.alipay.android.app.MspService",
            "com.alipay.android.phone.mobilesdk.apm.service.APMInnerService",
            "com.alipay.android.phone.mobilesdk.permission.utils.FakeService",
            "com.alipay.mobile.common.amnet.service.AmnetMainProcService",
            "com.alipay.mobile.common.amnet.service.AmnetService",
            "com.alipay.mobile.common.amnet.service.AmnetService$InnerService",
            "com.alipay.mobile.common.fgbg.FgBgMonitorService",
            "com.alipay.mobile.common.job.JobService",
            "com.alipay.mobile.common.logging.process.LinkTransactionService",
            "com.alipay.mobile.common.logging.process.LogServiceInMainProcess",
            "com.alipay.mobile.common.logging.process.LogServiceInPushProcess",
            "com.alipay.mobile.common.logging.process.LogServiceInToolsProcess",
            "com.alipay.mobile.common.logging.process.LogServiceInlite1",
            "com.alipay.mobile.common.logging.process.LogServiceInlite2",
            "com.alipay.mobile.common.logging.process.LogServiceInlite3",
            "com.alipay.mobile.common.logging.process.LogServiceInlite4",
            "com.alipay.mobile.common.logging.process.LogServiceInlite5",
            "com.alipay.mobile.liteprocess.LiteProcessService$LiteProcessService1",
            "com.alipay.mobile.liteprocess.LiteProcessService$LiteProcessService2",
            "com.alipay.mobile.liteprocess.LiteProcessService$LiteProcessService3",
            "com.alipay.mobile.liteprocess.LiteProcessService$LiteProcessService4",
            "com.alipay.mobile.liteprocess.LiteProcessService$LiteProcessService5",
            "com.alipay.mobile.liteprocess.ipc.IpcMsgServer",
            "com.alipay.mobile.logmonitor.LogUploadService",
            "com.alipay.mobile.nebulax.xriver.workerprocess.XRiverWorkerProcessService",
            "com.alipay.mobile.rome.syncsdk.service.LongLinkService",
            "com.alipay.pushsdk.push.AppInfoRecvIntentService",
            "com.alipay.pushsdk.push.NotificationService",
            "com.amap.api.location.APSService",
            "com.lzf.easyfloat.service.FloatService",
            "com.mybank.android.bankstatement.engine.AutoPermissionService",
            "com.mybank.android.bankstatement.engine.ScreenshotService",
            "com.mybank.android.phone.bankstatement.ZakuAccessibilityServiceExt",
            "com.mybank.android.phone.common.push.BindTokenService",
            "com.mybank.android.phone.common.push.PushDistributerService",
            "com.mybank.android.phone.common.push.RecvMsgIntentService"
        ],
        "receivers": [
            "com.alipay.android.msp.framework.offline.CashierOperationReceiver",
            "com.alipay.android.msp.framework.preload.LiveConnectReceiver",
            "com.alipay.android.phone.mobilesdk.permission.utils.FakeReceiver",
            "com.alipay.mobile.common.job.JobTriggerReceiver",
            "com.alipay.mobile.liteprocess.LiteProcessBootReceiver",
            "com.alipay.mobile.logmonitor.ClientMonitorExtReceiver",
            "com.alipay.mobile.logmonitor.LogUploadReceiver",
            "com.alipay.mobile.logmonitor.TraceStubReceiver",
            "com.alipay.pushsdk.BroadcastActionReceiver",
            "com.mybank.android.bankstatement.common.PhoneStateReceiver"
        ]
    },
    "stats": {
        "dex_count": 1,
        "native_lib_count": 76
    },
    "jadx": {
        "status": "ok",
        "duration_sec": 2.98,
        "sources_present": true,
        "java_file_count": 8
    },
    "ast_analysis": {
        "location": 0,
        "microphone": 0,
        "camera": 0,
        "media_projection": 0,
        "dynamic_load": 0,
        "jni": 1
    },
    "analysis_state": "complete"
}