{
    "apk_name": "F3CCE435A5B436123D604A398599A4F713B841C1E578094ECF5452EDBDD3B316",
    "sha256": "f3cce435a5b436123d604a398599a4f713b841c1e578094ecf5452edbdd3b316",
    "metadata": {
        "package_name": "com.hauvv.utmconverter",
        "version_code": "15",
        "version_name": "3.4",
        "min_sdk": "29",
        "target_sdk": "36",
        "permissions": [
            "android.permission.ACCESS_ADSERVICES_TOPICS",
            "android.permission.ACCESS_COARSE_LOCATION",
            "android.permission.ACCESS_FINE_LOCATION",
            "android.permission.ACCESS_NETWORK_STATE",
            "android.permission.ACCESS_WIFI_STATE",
            "android.permission.INTERNET",
            "android.permission.RECEIVE_BOOT_COMPLETED",
            "com.google.android.finsky.permission.BIND_GET_INSTALL_REFERRER_SERVICE",
            "com.hauvv.utmconverter.DYNAMIC_RECEIVER_NOT_EXPORTED_PERMISSION"
        ],
        "activities": [
            "com.google.android.gms.common.api.GoogleApiActivity",
            "com.hauvv.utmconverter.MainActivity",
            "com.hauvv.utmconverter.ManageLogFile",
            "com.hauvv.utmconverter.ManagePolyline",
            "com.hauvv.utmconverter.ManageWayPoints",
            "com.hauvv.utmconverter.Map",
            "com.hauvv.utmconverter.MapSettings",
            "com.hauvv.utmconverter.TreeView",
            "com.hauvv.utmconverter.ViewLogFile",
            "com.startapp.sdk.ads.interstitials.OverlayActivity",
            "com.startapp.sdk.ads.list3d.List3DActivity",
            "com.startapp.sdk.adsbase.consent.ConsentActivity"
        ],
        "services": [
            "com.startapp.sdk.cachedservice.BackgroundService",
            "com.startapp.sdk.jobs.SchedulerService"
        ],
        "receivers": [
            "androidx.profileinstaller.ProfileInstallReceiver",
            "com.startapp.sdk.adsbase.remoteconfig.BootCompleteListener"
        ],
        "permission_details": {
            "android.permission.ACCESS_ADSERVICES_TOPICS": "unknown",
            "android.permission.ACCESS_COARSE_LOCATION": "dangerous",
            "android.permission.ACCESS_FINE_LOCATION": "dangerous",
            "android.permission.ACCESS_NETWORK_STATE": "normal",
            "android.permission.ACCESS_WIFI_STATE": "normal",
            "android.permission.INTERNET": "normal",
            "android.permission.RECEIVE_BOOT_COMPLETED": "normal",
            "com.google.android.finsky.permission.BIND_GET_INSTALL_REFERRER_SERVICE": "unknown",
            "com.hauvv.utmconverter.DYNAMIC_RECEIVER_NOT_EXPORTED_PERMISSION": "unknown"
        },
        "risk_counts": {
            "unknown": 3,
            "dangerous": 2,
            "normal": 4
        }
    },
    "stats": {
        "dex_count": 2,
        "native_lib_count": 0
    },
    "jadx": {
        "status": "ok",
        "duration_sec": 30.75,
        "sources_present": true,
        "java_file_count": 5551
    },
    "ast_analysis": {
        "location": 14,
        "microphone": 0,
        "camera": 3,
        "media_projection": 0,
        "dynamic_load": 0,
        "jni": 0
    },
    "analysis_state": "complete",
    "behavioral_structural_data": {
        "api_inventory": {
            "camera": 0,
            "microphone": 0,
            "location": 4,
            "torch": 0,
            "telephony_ops": 1,
            "system_commands": 2,
            "webview_interop": 13,
            "content_access": 8,
            "audio_control": 0,
            "vibration": 0,
            "network_io": 0,
            "scheduling_apis": 49,
            "dynamic_code": 146
        },
        "execution_context": {
            "in_service": 0,
            "in_receiver": 0,
            "in_activity": 0,
            "in_provider": 0,
            "unknown": 223
        },
        "scheduling_mechanisms": {
            "alarm_manager": 4,
            "handler_loop": 44,
            "job_scheduler": 1
        },
        "trigger_types": {
            "auto_triggered": 2,
            "user_triggered": 2
        },
        "dynamic_features": {
            "jni_usage": 0,
            "dynamic_loading": 0,
            "reflection": 146
        }
    }
}