{
    "apk_name": "1EC3999FCB1A9FA556D413F91D3F5435144086ABF6A73FEA10F77074E6015C05",
    "sha256": "1ec3999fcb1a9fa556d413f91d3f5435144086abf6a73fea10f77074e6015c05",
    "metadata": {
        "package_name": "com.whatsapp",
        "version_code": "231177007",
        "version_name": "2.23.11.77",
        "min_sdk": "21",
        "target_sdk": "33",
        "permissions": [
            "android.permission.ACCESS_COARSE_LOCATION",
            "android.permission.ACCESS_FINE_LOCATION",
            "android.permission.ACCESS_NETWORK_STATE",
            "android.permission.ACCESS_WIFI_STATE",
            "android.permission.AUTHENTICATE_ACCOUNTS",
            "android.permission.BLUETOOTH",
            "android.permission.BROADCAST_STICKY",
            "android.permission.CAMERA",
            "android.permission.CHANGE_NETWORK_STATE",
            "android.permission.CHANGE_WIFI_STATE",
            "android.permission.FOREGROUND_SERVICE",
            "android.permission.GET_ACCOUNTS",
            "android.permission.GET_TASKS",
            "android.permission.INSTALL_SHORTCUT",
            "android.permission.INTERNET",
            "android.permission.MANAGE_ACCOUNTS",
            "android.permission.MANAGE_OWN_CALLS",
            "android.permission.MODIFY_AUDIO_SETTINGS",
            "android.permission.NEARBY_WIFI_DEVICES",
            "android.permission.NFC",
            "android.permission.POST_NOTIFICATIONS",
            "android.permission.READ_CONTACTS",
            "android.permission.READ_EXTERNAL_STORAGE",
            "android.permission.READ_MEDIA_AUDIO",
            "android.permission.READ_MEDIA_IMAGES",
            "android.permission.READ_MEDIA_VIDEO",
            "android.permission.READ_PHONE_NUMBERS",
            "android.permission.READ_PHONE_STATE",
            "android.permission.READ_PROFILE",
            "android.permission.READ_SYNC_SETTINGS",
            "android.permission.READ_SYNC_STATS",
            "android.permission.RECEIVE_BOOT_COMPLETED",
            "android.permission.RECEIVE_SMS",
            "android.permission.RECORD_AUDIO",
            "android.permission.REQUEST_INSTALL_PACKAGES",
            "android.permission.SCHEDULE_EXACT_ALARM",
            "android.permission.SEND_SMS",
            "android.permission.USE_BIOMETRIC",
            "android.permission.USE_CREDENTIALS",
            "android.permission.USE_FINGERPRINT",
            "android.permission.USE_FULL_SCREEN_INTENT",
            "android.permission.VIBRATE",
            "android.permission.WAKE_LOCK",
            "android.permission.WRITE_CONTACTS",
            "android.permission.WRITE_EXTERNAL_STORAGE",
            "android.permission.WRITE_SYNC_SETTINGS",
            "com.android.launcher.permission.INSTALL_SHORTCUT",
            "com.android.launcher.permission.UNINSTALL_SHORTCUT",
            "com.facebook.services.identity.FEO2",
            "com.google.android.c2dm.permission.RECEIVE",
            "com.google.android.finsky.permission.BIND_GET_INSTALL_REFERRER_SERVICE",
            "com.google.android.gms.permission.AD_ID",
            "com.google.android.providers.gsf.permission.READ_GSERVICES",
            "com.htc.launcher.permission.READ_SETTINGS",
            "com.htc.launcher.permission.UPDATE_SHORTCUT",
            "com.huawei.android.launcher.permission.CHANGE_BADGE",
            "com.huawei.android.launcher.permission.READ_SETTINGS",
            "com.huawei.android.launcher.permission.WRITE_SETTINGS",
            "com.sec.android.provider.badge.permission.READ",
            "com.sec.android.provider.badge.permission.WRITE",
            "com.sonyericsson.home.permission.BROADCAST_BADGE",
            "com.sonymobile.home.permission.PROVIDER_INSERT_BADGE",
            "com.whatsapp.permission.BROADCAST",
            "com.whatsapp.permission.MAPS_RECEIVE",
            "com.whatsapp.permission.REGISTRATION",
            "com.whatsapp.sticker.READ"
        ],
        "activities": [
            "androidx.car.app.CarAppPermissionActivity",
            "com.google.android.gms.auth.api.signin.internal.SignInHubActivity",
            "com.google.android.gms.common.api.GoogleApiActivity",
            "com.whatsapp.CatalogImageListActivity",
            "com.whatsapp.CatalogMediaView",
            "com.whatsapp.Conversation",
            "com.whatsapp.HomeActivity",
            "com.whatsapp.Main",
            "com.whatsapp.RequestPermissionActivity",
            "com.whatsapp.ShareCatalogLinkActivity",
            "com.whatsapp.ShareProductLinkActivity",
            "com.whatsapp.VoiceMessagingActivity",
            "com.whatsapp.WaInAppBrowsingActivity",
            "com.whatsapp.acceptinvitelink.AcceptInviteLinkActivity",
            "com.whatsapp.account.delete.DeleteAccountActivity",
            "com.whatsapp.account.delete.DeleteAccountConfirmation",
            "com.whatsapp.account.delete.DeleteAccountFeedback",
            "com.whatsapp.accountsync.CallContactLandingActivity",
            "com.whatsapp.accountsync.LoginActivity",
            "com.whatsapp.accountsync.ProfileActivity",
            "com.whatsapp.audiopicker.AudioPickerActivity",
            "com.whatsapp.authentication.AppAuthSettingsActivity",
            "com.whatsapp.authentication.AppAuthenticationActivity",
            "com.whatsapp.avatar.home.AvatarHomeActivity",
            "com.whatsapp.avatar.profilephoto.AvatarProfilePhotoActivity",
            "com.whatsapp.backup.encryptedbackup.EncBackupMainActivity",
            "com.whatsapp.backup.google.GoogleDriveNewUserSetupActivity",
            "com.whatsapp.backup.google.RestoreFromBackupActivity",
            "com.whatsapp.backup.google.SettingsGoogleDrive",
            "com.whatsapp.biz.BusinessProfileExtraFieldsActivity",
            "com.whatsapp.biz.catalog.view.activity.CatalogCategoryTabsActivity",
            "com.whatsapp.biz.catalog.view.activity.CatalogListActivity",
            "com.whatsapp.biz.catalog.view.activity.ProductListActivity",
            "com.whatsapp.biz.compliance.view.BusinessComplianceDetailActivity",
            "com.whatsapp.biz.linkedaccounts.LinkedAccountMediaView",
            "com.whatsapp.biz.product.view.activity.ProductDetailActivity",
            "com.whatsapp.blockbusiness.BlockBusinessActivity",
            "com.whatsapp.blockinguserinteraction.BlockingUserInteractionActivity",
            "com.whatsapp.blocklist.BlockList",
            "com.whatsapp.businessapisearch.view.activity.BusinessApiSearchActivity",
            "com.whatsapp.businesscollection.view.activity.CollectionProductListActivity",
            "com.whatsapp.businessdirectory.view.activity.BusinessDirectoryActivity",
            "com.whatsapp.businessdirectory.view.activity.BusinessDirectoryMapViewActivity",
            "com.whatsapp.businessdirectory.view.activity.DirectoryBusinessChainingActivity",
            "com.whatsapp.businessdirectory.view.activity.DirectorySetLocationMapActivity",
            "com.whatsapp.businessupsell.BusinessAppEducation",
            "com.whatsapp.businessupsell.BusinessProfileEducation",
            "com.whatsapp.calling.VoipAppUpdateActivity",
            "com.whatsapp.calling.VoipNotAllowedActivity",
            "com.whatsapp.calling.VoipPermissionsActivity",
            "com.whatsapp.calling.avatar.FaceAndHandEffectsPrivacyActivity",
            "com.whatsapp.calling.callhistory.CallLogActivity",
            "com.whatsapp.calling.callhistory.group.GroupCallLogActivity",
            "com.whatsapp.calling.callhistory.group.GroupCallParticipantPicker",
            "com.whatsapp.calling.callhistory.group.GroupCallParticipantPickerSheet",
            "com.whatsapp.calling.calllink.view.CallLinkActivity",
            "com.whatsapp.calling.callrating.CallRatingActivity",
            "com.whatsapp.calling.callrating.CallRatingActivityV2",
            "com.whatsapp.calling.schedulecall.upcomingcalls.view.UpcomingScheduledCallsActivity",
            "com.whatsapp.calling.spam.CallSpamActivity",
            "com.whatsapp.camera.CameraActivity",
            "com.whatsapp.camera.LauncherCameraActivity",
            "com.whatsapp.catalogcategory.view.activity.CatalogAllCategoryActivity",
            "com.whatsapp.chatinfo.ContactInfoActivity",
            "com.whatsapp.chatinfo.ListChatInfoActivity",
            "com.whatsapp.chatlock.ChatLockAuthActivity",
            "com.whatsapp.chatlock.ChatLockRequestAuthInterstitialActivity",
            "com.whatsapp.community.AddGroupsToCommunityActivity",
            "com.whatsapp.community.CommunityHomeActivity",
            "com.whatsapp.community.CommunityMembersActivity",
            "com.whatsapp.community.CommunityNUXActivity",
            "com.whatsapp.community.CommunityNavigationActivity",
            "com.whatsapp.community.CommunitySettingsActivity",
            "com.whatsapp.community.EditCommunityActivity",
            "com.whatsapp.community.LinkExistingGroups",
            "com.whatsapp.community.ManageGroupsInCommunityActivity",
            "com.whatsapp.community.NewCommunityActivity",
            "com.whatsapp.community.deactivate.DeactivateCommunityDisclaimerActivity",
            "com.whatsapp.companiondevice.CompanionHelloConfirmationActivity",
            "com.whatsapp.companiondevice.LinkedDevicesActivity",
            "com.whatsapp.companiondevice.LinkedDevicesEnterCodeActivity",
            "com.whatsapp.companiondevice.optin.ui.ForcedOptInActivity",
            "com.whatsapp.companionmode.registration.CompanionBootstrapActivity",
            "com.whatsapp.companionmode.registration.CompanionPostLogoutActivity",
            "com.whatsapp.companionmode.registration.ConvertPrimaryToCompanionActivity",
            "com.whatsapp.companionmode.registration.RegisterAsCompanionActivity",
            "com.whatsapp.companionmode.registration.RegisterAsCompanionEnterNumberActivity",
            "com.whatsapp.companionmode.registration.RegisterAsCompanionLinkCodeActivity",
            "com.whatsapp.contact.contactform.ContactFormActivity",
            "com.whatsapp.contact.picker.AddGroupParticipantsSelector",
            "com.whatsapp.contact.picker.AudienceSelectionContactPicker",
            "com.whatsapp.contact.picker.ContactPicker",
            "com.whatsapp.contact.picker.ContactPickerHelp",
            "com.whatsapp.contact.picker.ContactsAttachmentSelector",
            "com.whatsapp.contact.picker.ListMembersSelector",
            "com.whatsapp.contact.picker.PhoneContactsSelector",
            "com.whatsapp.contact.picker.invite.InviteNonWhatsAppContactPickerActivity",
            "com.whatsapp.contactinput.contactscreen.NativeContactActivity",
            "com.whatsapp.contextualhelp.ContextualHelpActivity",
            "com.whatsapp.conversation.EditBroadcastRecipientsSelector",
            "com.whatsapp.conversation.EditMessageActivity",
            "com.whatsapp.conversation.conversationrow.ContactSyncActivity",
            "com.whatsapp.conversation.conversationrow.album.MediaAlbumActivity",
            "com.whatsapp.conversation.conversationrow.message.KeptMessagesActivity",
            "com.whatsapp.conversation.conversationrow.message.MessageDetailsActivity",
            "com.whatsapp.conversation.conversationrow.message.StarredMessagesActivity",
            "com.whatsapp.conversation.conversationrow.nativeflow.commerce.extensions.loading.PhoenixExtensionsBottomSheetActivity",
            "com.whatsapp.conversation.conversationrow.nativeflow.commerce.extensions.loading.PhoenixExtensionsInitialLoadingActivity",
            "com.whatsapp.conversation.selection.SelectedImageAndVideoAlbumActivity",
            "com.whatsapp.conversation.selection.SingleSelectedMessageActivity",
            "com.whatsapp.conversationslist.ArchiveNotificationSettingActivity",
            "com.whatsapp.conversationslist.ArchivedConversationsActivity",
            "com.whatsapp.conversationslist.LockedConversationsActivity",
            "com.whatsapp.conversationslist.SmsDefaultAppWarning",
            "com.whatsapp.corruptinstallation.CorruptInstallationActivity",
            "com.whatsapp.crop.CropImage",
            "com.whatsapp.datasharingdisclosure.ui.ConsumerDisclosureActivity",
            "com.whatsapp.deeplink.DeepLinkActivity",
            "com.whatsapp.dmsetting.ChangeDMSettingActivity",
            "com.whatsapp.dmsetting.DisappearingMessagesSettingActivity",
            "com.whatsapp.documentpicker.DocumentPickerActivity",
            "com.whatsapp.documentpicker.DocumentPreviewActivity",
            "com.whatsapp.ephemeral.ChangeEphemeralSettingActivity",
            "com.whatsapp.expiringgroups.ChangeExpiringGroupsSettingActivity",
            "com.whatsapp.framework.alerts.ui.AlertCardListActivity",
            "com.whatsapp.gallery.MediaGalleryActivity",
            "com.whatsapp.gallery.NewMediaPicker",
            "com.whatsapp.gallerypicker.GalleryPicker",
            "com.whatsapp.gallerypicker.GalleryPickerLauncher",
            "com.whatsapp.gallerypicker.MediaPicker",
            "com.whatsapp.gifvideopreview.GifVideoPreviewActivity",
            "com.whatsapp.greenalert.GreenAlertActivity",
            "com.whatsapp.group.EditGroupAdminsSelector",
            "com.whatsapp.group.GroupAddBlacklistPickerActivity",
            "com.whatsapp.group.GroupAddPrivacyActivity",
            "com.whatsapp.group.GroupAdminPickerActivity",
            "com.whatsapp.group.GroupChatInfoActivity",
            "com.whatsapp.group.GroupMembersSelector",
            "com.whatsapp.group.GroupPendingParticipantsActivity",
            "com.whatsapp.group.GroupProfileEmojiEditor",
            "com.whatsapp.group.GroupSettingsActivity",
            "com.whatsapp.group.newgroup.NewGroup",
            "com.whatsapp.home.ui.HomePlaceholderActivity",
            "com.whatsapp.home.ui.StarredMessagesPlaceholderActivity",
            "com.whatsapp.identity.IdentityVerificationActivity",
            "com.whatsapp.identity.ScanQrCodeActivity",
            "com.whatsapp.inappbugreporting.InAppBugReportingActivity",
            "com.whatsapp.inappsupport.ui.ContactUsActivity",
            "com.whatsapp.inappsupport.ui.FaqItemActivityV2",
            "com.whatsapp.inappsupport.ui.SupportBloksActivity",
            "com.whatsapp.inappsupport.ui.SupportTopicsActivity",
            "com.whatsapp.inappsupport.ui.SupportVideoActivity",
            "com.whatsapp.instrumentation.ui.InstrumentationAuthActivity",
            "com.whatsapp.insufficientstoragespace.InsufficientStorageSpaceActivity",
            "com.whatsapp.invites.InviteGroupParticipantsActivity",
            "com.whatsapp.invites.ViewGroupInviteActivity",
            "com.whatsapp.lastseen.LastSeenBlockListPickerActivity",
            "com.whatsapp.lastseen.PresencePrivacyActivity",
            "com.whatsapp.location.GroupChatLiveLocationsActivity",
            "com.whatsapp.location.GroupChatLiveLocationsActivity2",
            "com.whatsapp.location.LiveLocationPrivacyActivity",
            "com.whatsapp.location.LocationPicker",
            "com.whatsapp.location.LocationPicker2",
            "com.whatsapp.mediacomposer.MediaComposerActivity",
            "com.whatsapp.mediaview.MediaViewActivity",
            "com.whatsapp.messaging.CaptivePortalActivity",
            "com.whatsapp.messaging.ViewOnceViewerActivity",
            "com.whatsapp.migration.android.view.GoogleMigrateImporterActivity",
            "com.whatsapp.migration.export.ui.ExportMigrationActivity",
            "com.whatsapp.migration.export.ui.ExportMigrationDataExportedActivity",
            "com.whatsapp.migration.transfer.ui.ChatTransferActivity",
            "com.whatsapp.migration.transfer.ui.ChatTransferQrScannerActivity",
            "com.whatsapp.newsletter.NewsletterInfoActivity",
            "com.whatsapp.newsletter.ui.NewsletterCreationActivity",
            "com.whatsapp.newsletter.ui.NewsletterEditActivity",
            "com.whatsapp.newsletter.ui.delete.DeleteNewsletterActivity",
            "com.whatsapp.newsletter.ui.directory.NewsletterDirectoryActivity",
            "com.whatsapp.newsletter.ui.profilephoto.ViewNewsletterProfilePhoto",
            "com.whatsapp.notification.OtpOneTapNotificationHandlerActivity",
            "com.whatsapp.notification.PopupNotification",
            "com.whatsapp.payments.IndiaUpiPaymentInvitePickerActivity",
            "com.whatsapp.payments.care.csat.CsatSurveyBloksActivity",
            "com.whatsapp.payments.phoenix.flowconfigurationservice.activities.IndiaUpiFcsAddPaymentMethodActivity",
            "com.whatsapp.payments.phoenix.flowconfigurationservice.activities.IndiaUpiFcsConsumerOnboardingActivity",
            "com.whatsapp.payments.phoenix.flowconfigurationservice.activities.IndiaUpiFcsPinHandlerActivity",
            "com.whatsapp.payments.phoenix.flowconfigurationservice.activities.IndiaUpiFcsResetPinActivity",
            "com.whatsapp.payments.phoenix.flowconfigurationservice.activities.IndiaUpiFcsTransactionConfirmationActivity",
            "com.whatsapp.payments.phoenix.flowconfigurationservice.resource.permission.FcsRequestPermissionActivity",
            "com.whatsapp.payments.receiver.IndiaUpiPayIntentReceiverActivity",
            "com.whatsapp.payments.ui.BrazilAccountRecoveryPinActivity",
            "com.whatsapp.payments.ui.BrazilDyiReportActivity",
            "com.whatsapp.payments.ui.BrazilFbPayHubActivity",
            "com.whatsapp.payments.ui.BrazilMerchantDetailsListActivity",
            "com.whatsapp.payments.ui.BrazilOrderDetailsActivity",
            "com.whatsapp.payments.ui.BrazilPayBloksActivity",
            "com.whatsapp.payments.ui.BrazilPaymentActivity",
            "com.whatsapp.payments.ui.BrazilPaymentCardDetailsActivity",
            "com.whatsapp.payments.ui.BrazilPaymentCareTransactionSelectorActivity",
            "com.whatsapp.payments.ui.BrazilPaymentContactOmbudsmanActivity",
            "com.whatsapp.payments.ui.BrazilPaymentContactSupportActivity",
            "com.whatsapp.payments.ui.BrazilPaymentContactSupportP2pActivity",
            "com.whatsapp.payments.ui.BrazilPaymentDPOActivity",
            "com.whatsapp.payments.ui.BrazilPaymentIntegrityAppealActivity",
            "com.whatsapp.payments.ui.BrazilPaymentReportPaymentActivity",
            "com.whatsapp.payments.ui.BrazilPaymentSettingsActivity",
            "com.whatsapp.payments.ui.BrazilPaymentTransactionDetailActivity",
            "com.whatsapp.payments.ui.BrazilSmbPaymentActivity",
            "com.whatsapp.payments.ui.BrazilViralityLinkVerifierActivity",
            "com.whatsapp.payments.ui.BusinessHubActivity",
            "com.whatsapp.payments.ui.IncentiveValuePropsActivity",
            "com.whatsapp.payments.ui.IndiaPaymentTransactionHistoryActivity",
            "com.whatsapp.payments.ui.IndiaUpiAccountRecoveryFinishActivity",
            "com.whatsapp.payments.ui.IndiaUpiBalanceDetailsActivity",
            "com.whatsapp.payments.ui.IndiaUpiBankAccountAddedLandingActivity",
            "com.whatsapp.payments.ui.IndiaUpiBankAccountDetailsActivity",
            "com.whatsapp.payments.ui.IndiaUpiBankAccountPickerActivity",
            "com.whatsapp.payments.ui.IndiaUpiBankPickerActivity",
            "com.whatsapp.payments.ui.IndiaUpiChangePinActivity",
            "com.whatsapp.payments.ui.IndiaUpiCheckBalanceActivity",
            "com.whatsapp.payments.ui.IndiaUpiCheckOrderDetailsActivity",
            "com.whatsapp.payments.ui.IndiaUpiContactPicker",
            "com.whatsapp.payments.ui.IndiaUpiDebitCardVerificationActivity",
            "com.whatsapp.payments.ui.IndiaUpiDeviceBindStepActivity",
            "com.whatsapp.payments.ui.IndiaUpiDobPickerActivity",
            "com.whatsapp.payments.ui.IndiaUpiIncentivesValuePropsActivity",
            "com.whatsapp.payments.ui.IndiaUpiInteropSendToUpiActivity",
            "com.whatsapp.payments.ui.IndiaUpiMandateHistoryActivity",
            "com.whatsapp.payments.ui.IndiaUpiMandatePaymentActivity",
            "com.whatsapp.payments.ui.IndiaUpiNumberSettingsActivity",
            "com.whatsapp.payments.ui.IndiaUpiOnboardingErrorEducationActivity",
            "com.whatsapp.payments.ui.IndiaUpiPauseMandateActivity",
            "com.whatsapp.payments.ui.IndiaUpiPaymentLauncherActivity",
            "com.whatsapp.payments.ui.IndiaUpiPaymentMethodSelectionActivity",
            "com.whatsapp.payments.ui.IndiaUpiPaymentSettingsActivity",
            "com.whatsapp.payments.ui.IndiaUpiPaymentTransactionDetailsActivity",
            "com.whatsapp.payments.ui.IndiaUpiPaymentsAccountSetupActivity",
            "com.whatsapp.payments.ui.IndiaUpiPaymentsBlockScreenShareActivity",
            "com.whatsapp.payments.ui.IndiaUpiPaymentsTosActivity",
            "com.whatsapp.payments.ui.IndiaUpiPaymentsValuePropsActivity",
            "com.whatsapp.payments.ui.IndiaUpiPaymentsValuePropsBottomSheetActivity",
            "com.whatsapp.payments.ui.IndiaUpiPinPrimerFullSheetActivity",
            "com.whatsapp.payments.ui.IndiaUpiPinSetUpCompletedActivity",
            "com.whatsapp.payments.ui.IndiaUpiProfileDetailsActivity",
            "com.whatsapp.payments.ui.IndiaUpiProvideMoreInfoActivity",
            "com.whatsapp.payments.ui.IndiaUpiProvideMoreInfoBottomSheetActivity",
            "com.whatsapp.payments.ui.IndiaUpiQrCodeScanActivity",
            "com.whatsapp.payments.ui.IndiaUpiQrCodeUrlValidationActivity",
            "com.whatsapp.payments.ui.IndiaUpiQrTabActivity",
            "com.whatsapp.payments.ui.IndiaUpiQuickBuyActivity",
            "com.whatsapp.payments.ui.IndiaUpiSendPaymentActivity",
            "com.whatsapp.payments.ui.IndiaUpiSimVerificationActivity",
            "com.whatsapp.payments.ui.IndiaUpiStepUpActivity",
            "com.whatsapp.payments.ui.IndiaUpiVpaContactInfoActivity",
            "com.whatsapp.payments.ui.IndiaWebViewUpiP2mHybridActivity",
            "com.whatsapp.payments.ui.MerchantPayoutTransactionHistoryActivity",
            "com.whatsapp.payments.ui.MessageWithLinkWebViewActivity",
            "com.whatsapp.payments.ui.P2mLiteDyiReportActivity",
            "com.whatsapp.payments.ui.P2mLiteOrderDetailsActivity",
            "com.whatsapp.payments.ui.P2mLitePaymentSettingsActivity",
            "com.whatsapp.payments.ui.P2mLitePaymentTransactionDetailActivity",
            "com.whatsapp.payments.ui.P2mLiteWebViewActivity",
            "com.whatsapp.payments.ui.PaymentCheckoutOrderDetailsItemListActivity",
            "com.whatsapp.payments.ui.PaymentContactPicker",
            "com.whatsapp.payments.ui.PaymentDeleteAccountActivity",
            "com.whatsapp.payments.ui.PaymentGroupParticipantPickerActivity",
            "com.whatsapp.payments.ui.PaymentInvitePickerActivity",
            "com.whatsapp.payments.ui.PaymentTransactionDetailsListActivity",
            "com.whatsapp.payments.ui.PaymentTransactionHistoryActivity",
            "com.whatsapp.payments.ui.PaymentWebViewActivity",
            "com.whatsapp.payments.ui.PaymentsUpdateRequiredActivity",
            "com.whatsapp.payments.ui.ViralityLinkVerifierActivity",
            "com.whatsapp.payments.ui.international.IndiaUpiInternationalActivationActivity",
            "com.whatsapp.payments.ui.international.IndiaUpiInternationalDeactivationActivity",
            "com.whatsapp.payments.ui.international.IndiaUpiInternationalValidateQrActivity",
            "com.whatsapp.payments.ui.mapper.register.IndiaUpiCreateCustomNumberActivity",
            "com.whatsapp.payments.ui.mapper.register.IndiaUpiMapperConfirmationActivity",
            "com.whatsapp.payments.ui.mapper.register.IndiaUpiMapperLinkActivity",
            "com.whatsapp.payments.ui.mapper.register.IndiaUpiMapperPendingActivity",
            "com.whatsapp.payments.ui.mapper.register.IndiaUpiMapperValuePropsActivity",
            "com.whatsapp.phonematching.CountryPicker",
            "com.whatsapp.polls.PollCreatorActivity",
            "com.whatsapp.polls.PollResultsActivity",
            "com.whatsapp.privacy.checkup.PrivacyCheckupDetailActivity",
            "com.whatsapp.privacy.checkup.PrivacyCheckupHomeActivity",
            "com.whatsapp.privacy.disclosure.ui.PrivacyDisclosureContainerActivity",
            "com.whatsapp.profile.AboutStatusBlockListPickerActivity",
            "com.whatsapp.profile.AboutStatusPrivacyActivity",
            "com.whatsapp.profile.CapturePhoto",
            "com.whatsapp.profile.ProfileInfoActivity",
            "com.whatsapp.profile.ProfilePhotoBlockListPickerActivity",
            "com.whatsapp.profile.ProfilePhotoPrivacyActivity",
            "com.whatsapp.profile.ProfilePhotoReminder",
            "com.whatsapp.profile.ResetGroupPhoto",
            "com.whatsapp.profile.ResetPhoto",
            "com.whatsapp.profile.SetAboutInfo",
            "com.whatsapp.profile.ViewProfilePhoto",
            "com.whatsapp.profile.ViewProfilePhoto$SavePhoto",
            "com.whatsapp.profile.WebImagePicker",
            "com.whatsapp.qrcode.AuthenticationActivity",
            "com.whatsapp.qrcode.DevicePairQrScannerActivity",
            "com.whatsapp.qrcode.GroupLinkQrActivity",
            "com.whatsapp.qrcode.contactqr.ContactQrActivity",
            "com.whatsapp.qrcode.contactqr.QrSheetDeepLinkActivity",
            "com.whatsapp.quickcontact.QuickContactActivity",
            "com.whatsapp.registration.ChangeNumber",
            "com.whatsapp.registration.ChangeNumberNotifyContacts",
            "com.whatsapp.registration.ChangeNumberOverview",
            "com.whatsapp.registration.EULA",
            "com.whatsapp.registration.NotifyContactsSelector",
            "com.whatsapp.registration.RegisterName",
            "com.whatsapp.registration.RegisterPhone",
            "com.whatsapp.registration.VerifyCaptcha",
            "com.whatsapp.registration.VerifyPhoneNumber",
            "com.whatsapp.registration.VerifyTwoFactorAuth",
            "com.whatsapp.registration.accountdefence.DeviceConfirmationRegistrationActivity",
            "com.whatsapp.registration.accountdefence.ui.OldDeviceMoveAccountNoticeActivity",
            "com.whatsapp.registration.accountdefence.ui.OldDeviceSecureAccount2FaActivity",
            "com.whatsapp.registration.accountdefence.ui.OldDeviceSecureAccountActivity",
            "com.whatsapp.registration.directmigration.RequestPermissionFromSisterAppActivity",
            "com.whatsapp.registration.directmigration.RestoreFromConsumerDatabaseActivity",
            "com.whatsapp.registration.flashcall.PrimaryFlashCallEducationScreen",
            "com.whatsapp.registration.parole.CustomRegistrationBlockActivity",
            "com.whatsapp.report.ReportActivity",
            "com.whatsapp.settings.About",
            "com.whatsapp.settings.Licenses",
            "com.whatsapp.settings.Settings",
            "com.whatsapp.settings.SettingsAccount",
            "com.whatsapp.settings.SettingsCallingPrivacyActivity",
            "com.whatsapp.settings.SettingsChat",
            "com.whatsapp.settings.SettingsChatHistory",
            "com.whatsapp.settings.SettingsDataUsageActivity",
            "com.whatsapp.settings.SettingsHelpV2",
            "com.whatsapp.settings.SettingsJidNotificationActivity",
            "com.whatsapp.settings.SettingsNetworkUsage",
            "com.whatsapp.settings.SettingsNotifications",
            "com.whatsapp.settings.SettingsPrivacy",
            "com.whatsapp.settings.SettingsSecurity",
            "com.whatsapp.settings.SettingsSetupUserProxyActivity",
            "com.whatsapp.settings.SettingsUserProxyActivity",
            "com.whatsapp.settings.chat.wallpaper.DefaultWallpaperPreview",
            "com.whatsapp.settings.chat.wallpaper.GalleryWallpaperPreview",
            "com.whatsapp.settings.chat.wallpaper.SolidColorWallpaper",
            "com.whatsapp.settings.chat.wallpaper.SolidColorWallpaperPreview",
            "com.whatsapp.settings.chat.wallpaper.WallpaperCategoriesActivity",
            "com.whatsapp.settings.chat.wallpaper.WallpaperCurrentPreviewActivity",
            "com.whatsapp.settings.chat.wallpaper.downloadable.picker.DownloadableWallpaperPickerActivity",
            "com.whatsapp.settings.chat.wallpaper.downloadable.picker.DownloadableWallpaperPreviewActivity",
            "com.whatsapp.shareinvitelink.ShareInviteLinkActivity",
            "com.whatsapp.softenforcementsmb.BusinessPolicyView",
            "com.whatsapp.spamwarning.SpamWarningActivity",
            "com.whatsapp.status.audienceselector.StatusPrivacyActivity",
            "com.whatsapp.status.audienceselector.StatusRecipientsActivity",
            "com.whatsapp.status.audienceselector.StatusTemporalRecipientsActivity",
            "com.whatsapp.status.playback.MessageReplyActivity",
            "com.whatsapp.status.playback.MyStatusesActivity",
            "com.whatsapp.status.playback.StatusPlaybackActivity",
            "com.whatsapp.status.playback.StatusReplyActivity",
            "com.whatsapp.stickers.store.StickerStoreActivity",
            "com.whatsapp.stickers.store.preview.StickerStorePackPreviewActivity",
            "com.whatsapp.stickers.thirdparty.AddThirdPartyStickerPackActivity",
            "com.whatsapp.storage.StorageUsageActivity",
            "com.whatsapp.storage.StorageUsageGalleryActivity",
            "com.whatsapp.support.DescribeProblemActivity",
            "com.whatsapp.support.Remove",
            "com.whatsapp.support.faq.FaqItemActivity",
            "com.whatsapp.support.faq.SearchFAQ",
            "com.whatsapp.systemstatus.SystemStatusActivity",
            "com.whatsapp.textstatuscomposer.TextStatusComposerActivity",
            "com.whatsapp.twofactor.SettingsTwoFactorAuthActivity",
            "com.whatsapp.twofactor.TwoFactorAuthActivity",
            "com.whatsapp.updates.ui.statusmuting.MutedStatusesActivity",
            "com.whatsapp.userban.ui.BanAppealActivity",
            "com.whatsapp.viewsharedcontacts.ViewSharedContactArrayActivity",
            "com.whatsapp.voipcalling.VoipActivityV2",
            "com.whatsapp.wabloks.commerce.ui.view.WaBkExtensionsActivity",
            "com.whatsapp.wabloks.commerce.ui.view.WaExtensionsBottomsheetModalActivity",
            "com.whatsapp.wabloks.ui.WaBloksActivity",
            "com.whatsapp.wabloks.ui.WaBloksBottomSheetActivity",
            "com.whatsapp.wabloks.ui.WaFcsBottomSheetModalActivity",
            "com.whatsapp.wabloks.ui.WaFcsModalActivity",
            "com.whatsapp.wabloks.ui.WaFcsPreloadedBloksActivity",
            "com.whatsapp.writenfctag.WriteNfcTagActivity",
            "com.whatsapp.xfamily.accountlinking.ui.AccountLinkingNativeAuthActivity",
            "com.whatsapp.xfamily.accountlinking.ui.AccountLinkingWebAuthActivity",
            "com.whatsapp.xfamily.crossposting.ui.ShareToFacebookActivity",
            "org.npci.commonlibrary.GetCredential",
            "org.npci.upi.security.pinactivitycomponent.GetCredential",
            "org.npci.upi.security.pinactivitycomponent.UserAuthInfoActivity"
        ],
        "services": [
            "androidx.room.MultiInstanceInvalidationService",
            "androidx.sharetarget.ChooserTargetServiceCompat",
            "androidx.work.impl.background.systemalarm.SystemAlarmService",
            "androidx.work.impl.background.systemjob.SystemJobService",
            "androidx.work.impl.foreground.SystemForegroundService",
            "com.google.android.gms.analytics.AnalyticsJobService",
            "com.google.android.gms.analytics.AnalyticsService",
            "com.google.android.gms.auth.api.signin.RevocationBoundService",
            "com.google.firebase.components.ComponentDiscoveryService",
            "com.google.firebase.messaging.FirebaseMessagingService",
            "com.whatsapp.AlarmService",
            "com.whatsapp.ExternalMediaManager",
            "com.whatsapp.VoiceMessagingService",
            "com.whatsapp.accountsync.AccountAuthenticatorService",
            "com.whatsapp.appwidget.WidgetService",
            "com.whatsapp.backup.google.GoogleBackupService",
            "com.whatsapp.calling.service.VoiceFGService",
            "com.whatsapp.calling.telecom.SelfManagedConnectionService",
            "com.whatsapp.contact.sync.ContactsSyncAdapterService",
            "com.whatsapp.crash.upload.ExceptionsUploadService",
            "com.whatsapp.instrumentation.api.InstrumentationService",
            "com.whatsapp.instrumentation.service.InstrumentationFGService",
            "com.whatsapp.location.LocationSharingService",
            "com.whatsapp.media.download.service.MediaDownloadService",
            "com.whatsapp.media.transcode.MediaTranscodeService",
            "com.whatsapp.messaging.MessageService",
            "com.whatsapp.migration.android.integration.service.GoogleMigrateService",
            "com.whatsapp.migration.export.service.MessagesExporterService",
            "com.whatsapp.migration.transfer.service.DonorChatTransferService",
            "com.whatsapp.migration.transfer.service.ReceiverChatTransferService",
            "com.whatsapp.notification.AndroidWear",
            "com.whatsapp.notification.DirectReplyService",
            "com.whatsapp.perf.profilo.ProfiloUploadService",
            "com.whatsapp.push.GcmListenerService",
            "com.whatsapp.push.RegistrationIntentService",
            "com.whatsapp.service.BackgroundMediaControlService",
            "com.whatsapp.service.GcmFGService",
            "com.whatsapp.service.UnsentMessagesNetworkAvailableJob",
            "com.whatsapp.wearos.WearOsListenerService",
            "org.npci.upi.security.pinactivitycomponent.CLRemoteServiceImpl"
        ],
        "receivers": [
            "androidx.car.app.notification.CarAppNotificationBroadcastReceiver",
            "androidx.work.impl.background.systemalarm.ConstraintProxy$BatteryChargingProxy",
            "androidx.work.impl.background.systemalarm.ConstraintProxy$BatteryNotLowProxy",
            "androidx.work.impl.background.systemalarm.ConstraintProxy$NetworkStateProxy",
            "androidx.work.impl.background.systemalarm.ConstraintProxy$StorageNotLowProxy",
            "androidx.work.impl.background.systemalarm.ConstraintProxyUpdateReceiver",
            "androidx.work.impl.background.systemalarm.RescheduleReceiver",
            "androidx.work.impl.diagnostics.DiagnosticsReceiver",
            "androidx.work.impl.utils.ForceStopRunnable$BroadcastReceiver",
            "com.google.android.gms.analytics.AnalyticsReceiver",
            "com.google.firebase.iid.FirebaseInstanceIdReceiver",
            "com.whatsapp.AlarmBroadcastReceiver",
            "com.whatsapp.ExternalMediaManager$ExternalMediaStateReceiver",
            "com.whatsapp.TellAFriendReceiver",
            "com.whatsapp.accounttransfer.AccountTransferReceiver",
            "com.whatsapp.appwidget.WidgetProvider",
            "com.whatsapp.calling.calllink.CallLinkShareReceiver",
            "com.whatsapp.companiondevice.CompanionDeviceVerificationReceiver",
            "com.whatsapp.companionmode.CompanionStateHolder$CompanionKillswitchStateReceiver",
            "com.whatsapp.companionmode.CompanionStateHolder$CompanionLogoutStateReceiver",
            "com.whatsapp.companionmode.CompanionStateHolder$CompanionPreferenceStateReceiver",
            "com.whatsapp.instrumentation.notification.DelayedNotificationReceiver",
            "com.whatsapp.location.FinalLiveLocationBroadcastReceiver",
            "com.whatsapp.migration.android.api.DeferredRestoreBroadcastReceiver",
            "com.whatsapp.notification.MessageNotificationDismissedReceiver",
            "com.whatsapp.notification.MessageOtpNotificationBroadcastReceiver",
            "com.whatsapp.notification.MissedCallNotificationDismissedReceiver",
            "com.whatsapp.notification.OtpZeroTapMarkAsReadNotificationHandlerReceiver",
            "com.whatsapp.otp.OtpRequestedReceiver",
            "com.whatsapp.phoneid.PhoneIdRequestReceiver",
            "com.whatsapp.push.WAFbnsPreloadReceiver",
            "com.whatsapp.registration.PreRegNotificationLearnMoreReceiver",
            "com.whatsapp.registration.RegRetryVerificationReceiver",
            "com.whatsapp.registration.RegistrationCompletedReceiver",
            "com.whatsapp.registration.directmigration.MigrationProviderOrderedBroadcastReceiver",
            "com.whatsapp.registration.directmigration.MigrationRequesterBroadcastReceiver",
            "com.whatsapp.schedulecall.ScheduleCallBroadcastReceiver",
            "com.whatsapp.systemreceivers.appupdated.AppUpdatedReceiver",
            "com.whatsapp.systemreceivers.boot.BootReceiver"
        ],
        "permission_details": {
            "android.permission.ACCESS_COARSE_LOCATION": "dangerous",
            "android.permission.ACCESS_FINE_LOCATION": "dangerous",
            "android.permission.ACCESS_NETWORK_STATE": "normal",
            "android.permission.ACCESS_WIFI_STATE": "normal",
            "android.permission.AUTHENTICATE_ACCOUNTS": "unknown",
            "android.permission.BLUETOOTH": "normal",
            "android.permission.BROADCAST_STICKY": "normal",
            "android.permission.CAMERA": "dangerous",
            "android.permission.CHANGE_NETWORK_STATE": "normal",
            "android.permission.CHANGE_WIFI_STATE": "normal",
            "android.permission.FOREGROUND_SERVICE": "normal",
            "android.permission.GET_ACCOUNTS": "dangerous",
            "android.permission.GET_TASKS": "unlaballed",
            "android.permission.INSTALL_SHORTCUT": "normal",
            "android.permission.INTERNET": "normal",
            "android.permission.MANAGE_ACCOUNTS": "unknown",
            "android.permission.MANAGE_OWN_CALLS": "normal",
            "android.permission.MODIFY_AUDIO_SETTINGS": "normal",
            "android.permission.NEARBY_WIFI_DEVICES": "dangerous",
            "android.permission.NFC": "normal",
            "android.permission.POST_NOTIFICATIONS": "dangerous",
            "android.permission.READ_CONTACTS": "dangerous",
            "android.permission.READ_EXTERNAL_STORAGE": "dangerous",
            "android.permission.READ_MEDIA_AUDIO": "dangerous",
            "android.permission.READ_MEDIA_IMAGES": "dangerous",
            "android.permission.READ_MEDIA_VIDEO": "dangerous",
            "android.permission.READ_PHONE_NUMBERS": "dangerous",
            "android.permission.READ_PHONE_STATE": "dangerous",
            "android.permission.READ_PROFILE": "unknown",
            "android.permission.READ_SYNC_SETTINGS": "normal",
            "android.permission.READ_SYNC_STATS": "normal",
            "android.permission.RECEIVE_BOOT_COMPLETED": "normal",
            "android.permission.RECEIVE_SMS": "dangerous",
            "android.permission.RECORD_AUDIO": "dangerous",
            "android.permission.REQUEST_INSTALL_PACKAGES": "signature",
            "android.permission.SCHEDULE_EXACT_ALARM": "signature",
            "android.permission.SEND_SMS": "dangerous",
            "android.permission.USE_BIOMETRIC": "normal",
            "android.permission.USE_CREDENTIALS": "unknown",
            "android.permission.USE_FINGERPRINT": "normal",
            "android.permission.USE_FULL_SCREEN_INTENT": "normal",
            "android.permission.VIBRATE": "normal",
            "android.permission.WAKE_LOCK": "normal",
            "android.permission.WRITE_CONTACTS": "dangerous",
            "android.permission.WRITE_EXTERNAL_STORAGE": "dangerous",
            "android.permission.WRITE_SYNC_SETTINGS": "normal",
            "com.android.launcher.permission.INSTALL_SHORTCUT": "normal",
            "com.android.launcher.permission.UNINSTALL_SHORTCUT": "unlaballed",
            "com.facebook.services.identity.FEO2": "unknown",
            "com.google.android.c2dm.permission.RECEIVE": "unknown",
            "com.google.android.finsky.permission.BIND_GET_INSTALL_REFERRER_SERVICE": "unknown",
            "com.google.android.gms.permission.AD_ID": "unknown",
            "com.google.android.providers.gsf.permission.READ_GSERVICES": "unknown",
            "com.htc.launcher.permission.READ_SETTINGS": "unknown",
            "com.htc.launcher.permission.UPDATE_SHORTCUT": "unknown",
            "com.huawei.android.launcher.permission.CHANGE_BADGE": "unknown",
            "com.huawei.android.launcher.permission.READ_SETTINGS": "unknown",
            "com.huawei.android.launcher.permission.WRITE_SETTINGS": "signature",
            "com.sec.android.provider.badge.permission.READ": "unknown",
            "com.sec.android.provider.badge.permission.WRITE": "unknown",
            "com.sonyericsson.home.permission.BROADCAST_BADGE": "unknown",
            "com.sonymobile.home.permission.PROVIDER_INSERT_BADGE": "unknown",
            "com.whatsapp.permission.BROADCAST": "unknown",
            "com.whatsapp.permission.MAPS_RECEIVE": "unknown",
            "com.whatsapp.permission.REGISTRATION": "unknown",
            "com.whatsapp.sticker.READ": "unknown"
        },
        "risk_counts": {
            "dangerous": 18,
            "normal": 22,
            "unknown": 21,
            "unlaballed": 2,
            "signature": 3
        }
    },
    "stats": {
        "dex_count": 4,
        "native_lib_count": 2
    },
    "jadx": {
        "status": "ok",
        "duration_sec": 71.93,
        "sources_present": true,
        "java_file_count": 23252
    },
    "ast_analysis": {
        "location": 2,
        "microphone": 1,
        "camera": 66,
        "media_projection": 1,
        "dynamic_load": 0,
        "jni": 3
    },
    "analysis_state": "complete",
    "behavioral_structural_data": {
        "api_inventory": {
            "camera": 8,
            "microphone": 5,
            "location": 1,
            "torch": 9,
            "telephony_ops": 0,
            "system_commands": 7,
            "webview_interop": 12,
            "content_access": 11,
            "audio_control": 0,
            "vibration": 10,
            "network_io": 6,
            "scheduling_apis": 164,
            "dynamic_code": 254
        },
        "execution_context": {
            "in_service": 0,
            "in_receiver": 0,
            "in_activity": 0,
            "in_provider": 0,
            "unknown": 487
        },
        "scheduling_mechanisms": {
            "alarm_manager": 23,
            "handler_loop": 138,
            "job_scheduler": 3
        },
        "trigger_types": {
            "auto_triggered": 12,
            "user_triggered": 12
        },
        "dynamic_features": {
            "jni_usage": 5,
            "dynamic_loading": 0,
            "reflection": 249
        }
    }
}