{
    "apk_name": "3AD323B9FD674AFCB42F8632E13FA50530787E64E4BE0F52B6AC634B16C1F43E",
    "sha256": "3ad323b9fd674afcb42f8632e13fa50530787e64e4be0f52b6ac634b16c1f43e",
    "metadata": {
        "package_name": "com.kugou.fanxing.lite",
        "version_code": "58400",
        "version_name": "5.84.00",
        "min_sdk": "21",
        "target_sdk": "28",
        "permissions": [
            "android.permission.ACCESS_COARSE_LOCATION",
            "android.permission.ACCESS_LOCATION_EXTRA_COMMANDS",
            "android.permission.ACCESS_NETWORK_STATE",
            "android.permission.ACCESS_WIFI_STATE",
            "android.permission.BLUETOOTH",
            "android.permission.BLUETOOTH_ADMIN",
            "android.permission.CAMERA",
            "android.permission.CHANGE_NETWORK_STATE",
            "android.permission.CHANGE_WIFI_MULTICAST_STATE",
            "android.permission.CHANGE_WIFI_STATE",
            "android.permission.FLASHLIGHT",
            "android.permission.FOREGROUND_SERVICE",
            "android.permission.GET_TASKS",
            "android.permission.INTERNET",
            "android.permission.MODIFY_AUDIO_SETTINGS",
            "android.permission.MOUNT_UNMOUNT_FILESYSTEMS",
            "android.permission.NFC",
            "android.permission.READ_CALENDAR",
            "android.permission.READ_EXTERNAL_STORAGE",
            "android.permission.READ_LOGS",
            "android.permission.READ_PHONE_STATE",
            "android.permission.READ_SETTINGS",
            "android.permission.RECORD_AUDIO",
            "android.permission.RECORD_VIDEO",
            "android.permission.REQUEST_INSTALL_PACKAGES",
            "android.permission.SYSTEM_ALERT_WINDOW",
            "android.permission.VIBRATE",
            "android.permission.WAKE_LOCK",
            "android.permission.WRITE_CALENDAR",
            "android.permission.WRITE_EXTERNAL_STORAGE",
            "android.permission.WRITE_SETTINGS",
            "cn.cyberidentity.certification.AUTH",
            "com.android.launcher.permission.READ_SETTINGS",
            "com.android.launcher.permission.WRITE_SETTINGS",
            "com.android.launcher2.permission.READ_SETTINGS",
            "com.android.launcher2.permission.WRITE_SETTINGS",
            "com.android.launcher3.permission.READ_SETTINGS",
            "com.android.launcher3.permission.WRITE_SETTINGS",
            "com.asus.msa.SupplementaryDID.ACCESS",
            "com.coloros.mcs.permission.RECIEVE_MCS_MESSAGE",
            "com.heytap.mcs.permission.RECIEVE_MCS_MESSAGE",
            "com.huawei.android.launcher.permission.CHANGE_BADGE",
            "com.huawei.appmarket.service.commondata.permission.GET_COMMON_DATA",
            "com.kugou.fanxing.lite.permission.DOWNLOAD",
            "com.kugou.fanxing.lite.permission.MIPUSH_RECEIVE",
            "com.kugou.fanxing.lite.permission.PROCESS_PUSH_MSG",
            "com.kugou.fanxing.lite.permission.PUSH_PROVIDER",
            "com.kugou.fanxing.lite.permission.TMF_SHARK",
            "com.vivo.notification.permission.BADGE_ICON",
            "freemme.permission.msa",
            "org.simalliance.openmobileapi.SMARTCARD"
        ],
        "activities": [
            "com.alibaba.security.biometrics.activity.ALBiometricsActivity",
            "com.alibaba.security.biometrics.activity.ALModelLoadingActivity",
            "com.alibaba.security.realidentity.activity.RPTakePhotoActivity",
            "com.alibaba.security.realidentity.activity.RPWebViewActivity",
            "com.alibaba.wireless.security.open.middletier.fc.ui.ContainerActivity",
            "com.alibaba.wireless.security.open.middletier.fc.ui.ExtContainerActivity",
            "com.alipay.sdk.app.APayEntranceActivity",
            "com.alipay.sdk.app.AlipayResultActivity",
            "com.alipay.sdk.app.H5AuthActivity",
            "com.alipay.sdk.app.H5OpenAuthActivity",
            "com.alipay.sdk.app.H5PayActivity",
            "com.alipay.sdk.app.PayResultActivity",
            "com.cmic.sso.sdk.activity.LoginAuthActivity",
            "com.cmic.sso.sdk.activity.OAuthActivity",
            "com.huawei.hms.activity.BridgeActivity",
            "com.huawei.hms.activity.EnableServiceActivity",
            "com.huawei.hms.support.api.push.TransActivity",
            "com.kugou.allinone.watch.dynamic.widget.DynamicDetailActivity",
            "com.kugou.allinone.watch.dynamic.widget.DynamicsListFullScreenActivity",
            "com.kugou.allinone.watch.dynamic.widget.DynamicsRecommendActivity",
            "com.kugou.android.kuqun.app.main.YSContainerActivity",
            "com.kugou.android.kuqun.app.main.YSMainActivity",
            "com.kugou.common.crash.CrashLogActivity",
            "com.kugou.common.memory.ui.LeakActivity",
            "com.kugou.fanxing.allinone.base.famp.dev.ui.FAMPDevSettingActivity",
            "com.kugou.fanxing.allinone.base.famp.ui.FAMPActivity",
            "com.kugou.fanxing.allinone.base.famp.ui.FAMPFullScreenActivity",
            "com.kugou.fanxing.allinone.base.famp.ui.FAMultiMPActivity",
            "com.kugou.fanxing.allinone.base.famp.ui.MPAuthActivity",
            "com.kugou.fanxing.allinone.base.famp.ui.MPDialogActivity",
            "com.kugou.fanxing.allinone.base.famp.ui.MPEmptyActivity",
            "com.kugou.fanxing.allinone.base.famp.ui.MPExternalDialogActivity",
            "com.kugou.fanxing.allinone.base.famp.ui.MPRankingListActivity",
            "com.kugou.fanxing.allinone.base.famp.ui.MPSendGiftActivity",
            "com.kugou.fanxing.allinone.base.famp.ui.MPWithKeepButtonAuthActivity",
            "com.kugou.fanxing.allinone.common.verifycode.ui.VerifyPopupActivity",
            "com.kugou.fanxing.allinone.picture.CropImageActivity",
            "com.kugou.fanxing.allinone.provider.component.FABaseUiActivityProvider",
            "com.kugou.fanxing.allinone.watch.bossteam.call.BossAdminInviteDialog",
            "com.kugou.fanxing.allinone.watch.bossteam.call.BossCallDetailActivity",
            "com.kugou.fanxing.allinone.watch.bossteam.call.BossCallDetailDialogActivity",
            "com.kugou.fanxing.allinone.watch.bossteam.call.BossCallDialogActivity",
            "com.kugou.fanxing.allinone.watch.bossteam.call.BossInviteDialogActivity",
            "com.kugou.fanxing.allinone.watch.bossteam.call.BossJoinDialogActivity",
            "com.kugou.fanxing.allinone.watch.bossteam.create.BossTeamCreateActivity",
            "com.kugou.fanxing.allinone.watch.bossteam.invite.TeamInviteActivity",
            "com.kugou.fanxing.allinone.watch.bossteam.invite.search.FansSearchActivity",
            "com.kugou.fanxing.allinone.watch.bossteam.main.BossMainActivity",
            "com.kugou.fanxing.allinone.watch.bossteam.main.msg.TeamUserMsgActivity",
            "com.kugou.fanxing.allinone.watch.bossteam.message.TeamMemberMessageActivity",
            "com.kugou.fanxing.allinone.watch.bossteam.option.TeamOptionActivity",
            "com.kugou.fanxing.allinone.watch.bossteam.redpacket.TeamRedPacketActivity",
            "com.kugou.fanxing.allinone.watch.bossteam.report.TeamReportActivity",
            "com.kugou.fanxing.allinone.watch.bossteam.search.BossSearchActivity",
            "com.kugou.fanxing.allinone.watch.bossteam.team.TeamDetailActivity",
            "com.kugou.fanxing.allinone.watch.box.ui.BoxCenterActivity",
            "com.kugou.fanxing.allinone.watch.castscreen.CastScreenSettingActivity",
            "com.kugou.fanxing.allinone.watch.dynamic.DynamicPokeUserActivity",
            "com.kugou.fanxing.allinone.watch.dynamic.HighLightActivity",
            "com.kugou.fanxing.allinone.watch.guard.ui.MyGuardianActivity",
            "com.kugou.fanxing.allinone.watch.guard.ui.OpenGuardActivity",
            "com.kugou.fanxing.allinone.watch.guard.ui.SetGuardPlateActivity",
            "com.kugou.fanxing.allinone.watch.idauth.ui.IDNoAuthActivityK",
            "com.kugou.fanxing.allinone.watch.liveroom.ui.LiveRoomFlyScreenActivity",
            "com.kugou.fanxing.allinone.watch.liveroominone.kucy.ui.KucyUserTitleActivity",
            "com.kugou.fanxing.allinone.watch.liveroominone.media.FALiveRoomInOneActivity",
            "com.kugou.fanxing.allinone.watch.liveroominone.official.channel.ui.OfficialChannelPlaybackPlayActivity",
            "com.kugou.fanxing.allinone.watch.miniprogram.ui.MPCoverWebDialogActivity",
            "com.kugou.fanxing.allinone.watch.miniprogram.ui.MPFastEnterRoomActivity",
            "com.kugou.fanxing.allinone.watch.miniprogram.ui.MPGameMatchDialogActivity",
            "com.kugou.fanxing.allinone.watch.miniprogram.ui.MPInviteDialogActivity",
            "com.kugou.fanxing.allinone.watch.miniprogram.ui.MPMatchActivity",
            "com.kugou.fanxing.allinone.watch.miniprogram.ui.MPSquarePageActivity",
            "com.kugou.fanxing.allinone.watch.mobilelive.singer.SingerInfoActivity",
            "com.kugou.fanxing.allinone.watch.mobilelive.songlistmanage.ui.HotSongListActivity",
            "com.kugou.fanxing.allinone.watch.mobilelive.songlistmanage.ui.RecentPlaySongListActivity",
            "com.kugou.fanxing.allinone.watch.msgcenter.ui.YsGroupMsgCenterActivity",
            "com.kugou.fanxing.allinone.watch.mv.ui.CompositionMvActivity",
            "com.kugou.fanxing.allinone.watch.mv.ui.NewMvPlayActivity",
            "com.kugou.fanxing.allinone.watch.nft.DigitalCollectionDetailActivity",
            "com.kugou.fanxing.allinone.watch.nft.DigitalCollectionListActivity",
            "com.kugou.fanxing.allinone.watch.nft.DigitalCollectionMatketActivity",
            "com.kugou.fanxing.allinone.watch.nft.DigitalCollectionPlayerActivity",
            "com.kugou.fanxing.allinone.watch.nft.MyDigitalCollectionActivity",
            "com.kugou.fanxing.allinone.watch.partyroom.delegate.AddHostActivity",
            "com.kugou.fanxing.allinone.watch.partyroom.delegate.MineHostedPartyRoomActivity",
            "com.kugou.fanxing.allinone.watch.partyroom.delegate.MyPartyRoomActivity",
            "com.kugou.fanxing.allinone.watch.partyroom.delegate.PartyRankActivity",
            "com.kugou.fanxing.allinone.watch.partyroom.delegate.PartyRoomListActivity",
            "com.kugou.fanxing.allinone.watch.partyroom.delegate.PartyRoomSkinListActivity",
            "com.kugou.fanxing.allinone.watch.partyroom.delegate.PartySkinPreviewActivity",
            "com.kugou.fanxing.allinone.watch.partyroom.delegate.PrReceiveInviteDialogActivity",
            "com.kugou.fanxing.allinone.watch.singtogether.singer.SingerCategoryActivity",
            "com.kugou.fanxing.allinone.watch.singtogether.singer.SingerListActivity",
            "com.kugou.fanxing.allinone.watch.singtogether.singer.SingerSongListActivity",
            "com.kugou.fanxing.allinone.watch.singtogether.singer.SingerSongSearchActivity",
            "com.kugou.fanxing.allinone.watch.songsquare.MySongOrderActivity",
            "com.kugou.fanxing.allinone.watch.songsquare.SongSquareIndexActivity",
            "com.kugou.fanxing.allinone.watch.songsquare.choosesong.SongSquareChooseActivity",
            "com.kugou.fanxing.allinone.watch.songsquare.hunting.FxFragmentContainerActivity",
            "com.kugou.fanxing.allinone.watch.taskcenter.ui.TaskCenterActivity",
            "com.kugou.fanxing.allinone.watch.taskcenter.ui.TaskGoldRecordActivity",
            "com.kugou.fanxing.allinone.watch.tmeland.TMELandShowCameraActivity",
            "com.kugou.fanxing.allinone.watch.tmeland.TMELandShowPhotoActivity",
            "com.kugou.fanxing.allinone.watch.tmeland.TMELandWebviewActivity",
            "com.kugou.fanxing.allinone.watch.tmeland.login.TMELandAuthLoginActivity",
            "com.kugou.fanxing.allinone.watch.user.realname.UserRealNameAuthActivity",
            "com.kugou.fanxing.common.base.pmode.FxPModeHintActivity",
            "com.kugou.fanxing.common.rcv.widget.RcvBindActivity",
            "com.kugou.fanxing.common.rcv.widget.RcvDialogActivity",
            "com.kugou.fanxing.common.user.BindPhoneActivity",
            "com.kugou.fanxing.core.common.liveroom.FxCoreLiveActivity",
            "com.kugou.fanxing.core.hotfix.FixDialogActivity",
            "com.kugou.fanxing.core.modul.browser.ui.BrowserActivity",
            "com.kugou.fanxing.core.modul.browser.ui.ExclusiveSignWebActivity",
            "com.kugou.fanxing.core.modul.crop.CropImageActivity",
            "com.kugou.fanxing.core.modul.crop.KuMaoLiveCoverCropActivity",
            "com.kugou.fanxing.core.modul.crop.LiveCoverCropActivity",
            "com.kugou.fanxing.core.modul.information.ui.FansListActivity",
            "com.kugou.fanxing.core.modul.information.ui.FeedBackAvtivity",
            "com.kugou.fanxing.core.modul.information.ui.FollowsListActivity",
            "com.kugou.fanxing.core.modul.information.ui.MessageListActivity",
            "com.kugou.fanxing.core.modul.information.ui.ReportActivity",
            "com.kugou.fanxing.core.modul.mount.ui.MountListActivity",
            "com.kugou.fanxing.core.modul.mount.ui.MountMyListActivity",
            "com.kugou.fanxing.core.modul.photo.ui.PhotoCommentListActivity",
            "com.kugou.fanxing.core.modul.photo.ui.PhotoFullScreenActivity",
            "com.kugou.fanxing.core.modul.photo.ui.PhotoListActivity",
            "com.kugou.fanxing.core.modul.photo.ui.PhotoSelectActivity",
            "com.kugou.fanxing.core.modul.recharge.ui.MobileCardActivity",
            "com.kugou.fanxing.core.modul.recharge.ui.RechargeActivity",
            "com.kugou.fanxing.core.modul.recharge.ui.RechargeForGiftActivity",
            "com.kugou.fanxing.core.modul.recharge.ui.RechargeFullActivity",
            "com.kugou.fanxing.core.modul.recharge.ui.RechargeHalfActivity",
            "com.kugou.fanxing.core.modul.user.helper.PermissionActivityMain",
            "com.kugou.fanxing.core.modul.user.helper.PermissionActivityMiniApp",
            "com.kugou.fanxing.core.modul.user.helper.PermissionActivityWeb",
            "com.kugou.fanxing.core.modul.user.patpat.PatPatSettingActivity",
            "com.kugou.fanxing.core.modul.user.ui.BindPhoneLoginActivity",
            "com.kugou.fanxing.core.modul.user.ui.FastLoginActivity",
            "com.kugou.fanxing.core.modul.user.ui.LoginActivity",
            "com.kugou.fanxing.core.modul.user.ui.LoginDialogActivity",
            "com.kugou.fanxing.core.modul.user.ui.MobileCodeActivity",
            "com.kugou.fanxing.core.modul.user.ui.MobileCodeLoginActivity",
            "com.kugou.fanxing.core.modul.user.ui.ModifyPassActivity",
            "com.kugou.fanxing.core.modul.user.ui.NewDeviceVerifyActivity",
            "com.kugou.fanxing.core.modul.user.ui.ParentModeDetailActivity",
            "com.kugou.fanxing.core.modul.user.ui.ParentModeSwitchActivity",
            "com.kugou.fanxing.core.modul.user.ui.RetrievepwdActivity",
            "com.kugou.fanxing.core.modul.user.ui.SetUserInformationActivity",
            "com.kugou.fanxing.core.modul.user.ui.SettingAndHelpActivity",
            "com.kugou.fanxing.core.modul.user.ui.ThirdPartyTransferActivity",
            "com.kugou.fanxing.core.modul.user.ui.UpdateUserInfoActivity",
            "com.kugou.fanxing.core.modul.user.ui.UserChangeNikeNameActivity",
            "com.kugou.fanxing.core.modul.user.ui.UserServiceRegulationActivity",
            "com.kugou.fanxing.core.modul.user.ui.VoiceSignatureRecordActivity",
            "com.kugou.fanxing.core.modul.user.ui.YoungModeAppealActivity",
            "com.kugou.fanxing.core.modul.user.ui.YoungModeAppealDetailActivity",
            "com.kugou.fanxing.core.modul.user.ui.YoungModeAppealOKActivity",
            "com.kugou.fanxing.core.modul.user.ui.YoungModeHomeActivity",
            "com.kugou.fanxing.core.modul.user.ui.YoungModeLockActivity",
            "com.kugou.fanxing.flutter.ui.FlutterCommonActivity",
            "com.kugou.fanxing.flutter.ui.MobileUnionActivity",
            "com.kugou.fanxing.guide.GuideActivity",
            "com.kugou.fanxing.modul.absdressup.ui.AbsDressUpActivity",
            "com.kugou.fanxing.modul.absdressup.ui.AbsDressUpCameraActivity",
            "com.kugou.fanxing.modul.absdressup.ui.AbsDressUpCreateActivity",
            "com.kugou.fanxing.modul.absdressup.ui.AbsDressUpMineActivity",
            "com.kugou.fanxing.modul.absdressup.ui.AbsDressUpPreviewActivity",
            "com.kugou.fanxing.modul.absstar.ui.AbsInventedStarTypeActivity",
            "com.kugou.fanxing.modul.absstar.ui.AbsStarDecorateActivity",
            "com.kugou.fanxing.modul.absstar.ui.AbsStarSetDetailActivity",
            "com.kugou.fanxing.modul.absstar.ui.CreateAbsStarFigureActivity",
            "com.kugou.fanxing.modul.ai.ui.AiLikeListActivity",
            "com.kugou.fanxing.modul.ai.ui.AiRecommActivity",
            "com.kugou.fanxing.modul.album.ui.EditSongInfoActivity",
            "com.kugou.fanxing.modul.album.ui.MyDigitalAlbumActivity",
            "com.kugou.fanxing.modul.auth.ui.AuthOtherActivity",
            "com.kugou.fanxing.modul.auth.ui.AuthReportFailActivity",
            "com.kugou.fanxing.modul.auth.ui.AuthReportSuccessActivity",
            "com.kugou.fanxing.modul.auth.ui.GuildApplyReportSuccessActivity",
            "com.kugou.fanxing.modul.auth.ui.PeopleAuthActivity",
            "com.kugou.fanxing.modul.authv2.ui.ArtificialAuthActivity",
            "com.kugou.fanxing.modul.authv2.ui.AuthMiddleStateActivity",
            "com.kugou.fanxing.modul.authv2.ui.FillInformationActivity",
            "com.kugou.fanxing.modul.category.ui.AllHeroListActivity",
            "com.kugou.fanxing.modul.category.ui.HaveSeenActivity",
            "com.kugou.fanxing.modul.category.ui.HomeListActivity",
            "com.kugou.fanxing.modul.category.ui.RoomManagerActivity",
            "com.kugou.fanxing.modul.doublestream.ui.DoubleStreamLiveStudioActivity",
            "com.kugou.fanxing.modul.doublestream.ui.DoubleStreamScannerActivity",
            "com.kugou.fanxing.modul.doublestream.ui.HtmlDebugScannerActivity",
            "com.kugou.fanxing.modul.dynamics.ui.AllHighLightActivity",
            "com.kugou.fanxing.modul.dynamics.ui.DynamicEditActivity",
            "com.kugou.fanxing.modul.dynamics.ui.DynamicsActivity",
            "com.kugou.fanxing.modul.dynamics.ui.DynamicsFeedbackListActivity",
            "com.kugou.fanxing.modul.dynamics.ui.DynamicsSettingActivity",
            "com.kugou.fanxing.modul.dynamics.ui.FxFragmentContainerActivity2",
            "com.kugou.fanxing.modul.dynamics.ui.HighLightListPlayActivity",
            "com.kugou.fanxing.modul.dynamics.ui.HighLightPlayActivity",
            "com.kugou.fanxing.modul.dynamics.ui.InteractMsgActivity",
            "com.kugou.fanxing.modul.dynamics.ui.PhotoMultiSelectActivity",
            "com.kugou.fanxing.modul.dynamics.ui.PhotoViewActivity",
            "com.kugou.fanxing.modul.dynamics.ui.TopicDetailActivity",
            "com.kugou.fanxing.modul.excellent.GameExcellentActivity",
            "com.kugou.fanxing.modul.externalreport.ui.ExternalReporterDutyStudyActivity",
            "com.kugou.fanxing.modul.externalreport.ui.ExternalReporterExerciseActivity",
            "com.kugou.fanxing.modul.externalreport.ui.ExternalReporterExerciseResultActivity",
            "com.kugou.fanxing.modul.externalreport.ui.ExternalReporterImageViewActivity",
            "com.kugou.fanxing.modul.externalreport.ui.ExternalReporterIntroActivity",
            "com.kugou.fanxing.modul.externalreport.ui.ExternalReporterMainActivity",
            "com.kugou.fanxing.modul.friend.dynamics.ui.AlbumPreviewActivity",
            "com.kugou.fanxing.modul.friend.dynamics.ui.SVFragContainerActivity",
            "com.kugou.fanxing.modul.friend.im.MediaBrowserActivity",
            "com.kugou.fanxing.modul.game.lottery.SlotMachineLiveRoomActivity",
            "com.kugou.fanxing.modul.game.web.GameHorizontalWebActivity",
            "com.kugou.fanxing.modul.game.web.GameWebActivity",
            "com.kugou.fanxing.modul.history.HistoryRecordActivity",
            "com.kugou.fanxing.modul.information.ui.ChooseLabelActivity",
            "com.kugou.fanxing.modul.information.ui.DigitalAlbumActivity",
            "com.kugou.fanxing.modul.information.ui.LiveForecastSettingActivity",
            "com.kugou.fanxing.modul.information.ui.LiveHelperActivity",
            "com.kugou.fanxing.modul.information.ui.ProgramInfoActivity",
            "com.kugou.fanxing.modul.information.ui.RadioListActivity",
            "com.kugou.fanxing.modul.information.ui.StarSongListActivity",
            "com.kugou.fanxing.modul.information.ui.UserFansContributionActivity",
            "com.kugou.fanxing.modul.information.ui.UserHightLightVideoEditActivity",
            "com.kugou.fanxing.modul.information.ui.UserInformationNewActivity",
            "com.kugou.fanxing.modul.information.ui.UserViolationActivity",
            "com.kugou.fanxing.modul.livehall.ui.RedSquareActivity",
            "com.kugou.fanxing.modul.livehall.ui.TopicCollectionActivity",
            "com.kugou.fanxing.modul.mainframe.helper.loginguide.LoginMainGuideActivity",
            "com.kugou.fanxing.modul.mainframe.ui.HomeActivity",
            "com.kugou.fanxing.modul.mainframe.ui.MainFrameActivity",
            "com.kugou.fanxing.modul.mainframe.ui.ShortVideoRankActivity",
            "com.kugou.fanxing.modul.mainframe.ui.UpdateActivity",
            "com.kugou.fanxing.modul.mainframe.ui.UpdateBirthdayInfoActivity",
            "com.kugou.fanxing.modul.me.ui.BuyMountActivity",
            "com.kugou.fanxing.modul.me.ui.DemandSongHistoryActivity",
            "com.kugou.fanxing.modul.me.ui.ExclusiveSignLoadingActivity",
            "com.kugou.fanxing.modul.me.ui.FlutterMedalActivity",
            "com.kugou.fanxing.modul.me.ui.FreeFlowAuthorizeActivity",
            "com.kugou.fanxing.modul.me.ui.GiveMountActivity",
            "com.kugou.fanxing.modul.me.ui.MessageRemindActivity",
            "com.kugou.fanxing.modul.me.ui.MyPublishShortVideoChooseActivity",
            "com.kugou.fanxing.modul.me.ui.MySongActivity",
            "com.kugou.fanxing.modul.me.ui.MyWorksActivity",
            "com.kugou.fanxing.modul.me.ui.SongDemandRecordActivity",
            "com.kugou.fanxing.modul.me.ui.StarCardListActivity",
            "com.kugou.fanxing.modul.me.ui.StarCenterActivity",
            "com.kugou.fanxing.modul.me.ui.SystemMsgActivity",
            "com.kugou.fanxing.modul.mobilelive.cartoon.CartoonImgPreviewActivity",
            "com.kugou.fanxing.modul.mobilelive.cartoon.CartoonPhotoActivity",
            "com.kugou.fanxing.modul.mobilelive.cartoon.CartoonPhotoSelectActivity",
            "com.kugou.fanxing.modul.mobilelive.kucard.page.KuCardHistoryActivity",
            "com.kugou.fanxing.modul.mobilelive.mobilegame.ui.MobileGameScreenShotUsbActivity",
            "com.kugou.fanxing.modul.mobilelive.mobilegame.ui.MobileGameScreenShotWLANActivity",
            "com.kugou.fanxing.modul.mobilelive.starSticker.ui.StarLiveReportActivity",
            "com.kugou.fanxing.modul.mobilelive.user.officallive.ui.StarOcDialogAcitivty",
            "com.kugou.fanxing.modul.mobilelive.user.ui.AddPlaySongActivity",
            "com.kugou.fanxing.modul.mobilelive.user.ui.AdvocacyVideoActivity",
            "com.kugou.fanxing.modul.mobilelive.user.ui.KumaoStarApplyActivity",
            "com.kugou.fanxing.modul.mobilelive.user.ui.KumaoStarApplyComfirmActivity",
            "com.kugou.fanxing.modul.mobilelive.user.ui.LiveCoverCaptureActivity",
            "com.kugou.fanxing.modul.mobilelive.user.ui.LiveDurationActivity",
            "com.kugou.fanxing.modul.mobilelive.user.ui.MobileLiveStudioActivity",
            "com.kugou.fanxing.modul.mobilelive.user.ui.SingerSongSearchActivity",
            "com.kugou.fanxing.modul.mobilelive.user.ui.StarCoverPreviewActivity",
            "com.kugou.fanxing.modul.mobilelive.user.ui.StarDiamondKingModifyActivity",
            "com.kugou.fanxing.modul.mobilelive.user.ui.TestActivity",
            "com.kugou.fanxing.modul.mobilelive.user.ui.UploadKumaoStarCoverActivity",
            "com.kugou.fanxing.modul.mobilelive.user.ui.UploadStarCoverActivity",
            "com.kugou.fanxing.modul.mobilelive.user.ui.UserPrivilegeActivity",
            "com.kugou.fanxing.modul.msgcenter.MineMessageActivity",
            "com.kugou.fanxing.modul.msgcenter.ui.FxChatContainerActivity",
            "com.kugou.fanxing.modul.msgcenter.ui.FxPromoteSettingActivity",
            "com.kugou.fanxing.modul.msgcenter.ui.FxVoiceCallContainerActivity",
            "com.kugou.fanxing.modul.msgcenter.ui.FxVoiceCallInterestLabelActivity",
            "com.kugou.fanxing.modul.msgcenter.ui.FxVoiceCallSettingActivity",
            "com.kugou.fanxing.modul.msgcenter.ui.FxVoiceCallTimeActivity",
            "com.kugou.fanxing.modul.msgcenter.ui.FxVoiceMatchRuleDetailActivity",
            "com.kugou.fanxing.modul.msgcenter.ui.RecentVisitorListActivity",
            "com.kugou.fanxing.modul.mv.ui.MvShareActivity",
            "com.kugou.fanxing.modul.myfollow.ui.MyFollowActivity",
            "com.kugou.fanxing.modul.mystarbeans.ui.BeansInfoActivity",
            "com.kugou.fanxing.modul.mystarbeans.ui.BindPayWayActivity",
            "com.kugou.fanxing.modul.mystarbeans.ui.ChangePeriodWayActivity",
            "com.kugou.fanxing.modul.mystarbeans.ui.EnterPwdManagerActivity",
            "com.kugou.fanxing.modul.mystarbeans.ui.ExchangeRecordActivity",
            "com.kugou.fanxing.modul.mystarbeans.ui.ForgetPayPwdActivity",
            "com.kugou.fanxing.modul.mystarbeans.ui.GestureActivity",
            "com.kugou.fanxing.modul.mystarbeans.ui.ModifyExchangePwdActivity",
            "com.kugou.fanxing.modul.mystarbeans.ui.PCBeansInfoActivity",
            "com.kugou.fanxing.modul.mystarbeans.ui.PCStarbeansWithdrawActivity",
            "com.kugou.fanxing.modul.mystarbeans.ui.PayWayListActivity",
            "com.kugou.fanxing.modul.mystarbeans.ui.PcAnchorWithRecordActivity",
            "com.kugou.fanxing.modul.mystarbeans.ui.SetExchangePwdActivity",
            "com.kugou.fanxing.modul.mystarbeans.ui.StarbeansExchangeActivity",
            "com.kugou.fanxing.modul.mystarbeans.ui.StarbeansExchangeInputPwdActivity",
            "com.kugou.fanxing.modul.mystarbeans.ui.StarbeansWithdrawActivity",
            "com.kugou.fanxing.modul.newuser.NewUserRecommendVideoActivity",
            "com.kugou.fanxing.modul.partyroom.PrVideoPreviewActivity",
            "com.kugou.fanxing.modul.promote.ui.PromoteHistoryActivity",
            "com.kugou.fanxing.modul.radio.ui.RadioDetailActivity",
            "com.kugou.fanxing.modul.radio.ui.RadioPlayerActivity",
            "com.kugou.fanxing.modul.ranking.ui.RankActivity",
            "com.kugou.fanxing.modul.ranking.ui.RankLastHourActivity",
            "com.kugou.fanxing.modul.ranking.ui.RankSameCityListActivity",
            "com.kugou.fanxing.modul.search.ui.SearchActivity",
            "com.kugou.fanxing.modul.search.ui.SearchGameZoneActivity",
            "com.kugou.fanxing.modul.setting.ui.BlacklistActivity",
            "com.kugou.fanxing.modul.setting.ui.JunkMessageBoxActivity",
            "com.kugou.fanxing.modul.setting.ui.LogExportActivity",
            "com.kugou.fanxing.modul.setting.ui.PersonalInfoManagerActivity",
            "com.kugou.fanxing.modul.setting.ui.PrivacyCenterActivity",
            "com.kugou.fanxing.modul.setting.ui.PrivacyManagerActivity",
            "com.kugou.fanxing.modul.setting.ui.PrivacyOtherSettingActivity",
            "com.kugou.fanxing.modul.setting.ui.PrivacySettingActivity",
            "com.kugou.fanxing.modul.setting.ui.PrivateChatSettingActivity",
            "com.kugou.fanxing.modul.setting.ui.SettingAboutActivity",
            "com.kugou.fanxing.modul.setting.ui.SettingMainActivity",
            "com.kugou.fanxing.modul.setting.ui.SettingMessageActivity",
            "com.kugou.fanxing.modul.setting.ui.SettingReleaseDebugActivity",
            "com.kugou.fanxing.modul.setting.ui.SettingTimerExitActivity",
            "com.kugou.fanxing.modul.setting.ui.SettingUpdateActivity",
            "com.kugou.fanxing.modul.setting.ui.StarLivePushSettingActivity",
            "com.kugou.fanxing.modul.signin.ui.ChoosePrizeActivity",
            "com.kugou.fanxing.modul.signin.ui.NewSignInActivity",
            "com.kugou.fanxing.modul.singing.ui.SingingActivity",
            "com.kugou.fanxing.modul.starfan.ui.SpeederActivity",
            "com.kugou.fanxing.modul.starfan.ui.StarFanActivity",
            "com.kugou.fanxing.modul.starfan.ui.UserStarFansActivity",
            "com.kugou.fanxing.modul.taskcenter.ui.TaskCashOutRecordActivity",
            "com.kugou.fanxing.modul.taskcenter.ui.TaskGoldMallActivity",
            "com.kugou.fanxing.modul.verifycode.ui.KgVerifyPopupActivity",
            "com.kugou.fanxing.modul.verticalscreen.VerticalScreenStudioActivity",
            "com.kugou.fanxing.modul.vote.VotePublishActivity",
            "com.kugou.fanxing.modul.vote.VoteSelectActivity",
            "com.kugou.fanxing.push.vivo.VVPushReceiveActivity",
            "com.kugou.fanxing.shortvideo.costarcollection.ui.CostarCollectionActivity",
            "com.kugou.fanxing.shortvideo.entry.download.PermissionCallbackActivity",
            "com.kugou.fanxing.shortvideo.follow.SvFollowlistActivity",
            "com.kugou.fanxing.shortvideo.localvideo.ui.SVLocalVideoListActivity",
            "com.kugou.fanxing.shortvideo.localvideo.ui.SVVideoClippingActivity",
            "com.kugou.fanxing.shortvideo.opus.ui.MvListActivity",
            "com.kugou.fanxing.shortvideo.opus.ui.OpusListActivity",
            "com.kugou.fanxing.shortvideo.opus.ui.ShortVideoListActivity",
            "com.kugou.fanxing.shortvideo.opus.ui.SongSheetListActivity",
            "com.kugou.fanxing.shortvideo.player.ui.SVPlayerActivity",
            "com.kugou.fanxing.shortvideo.player.ui.VCPrePlayerActivity",
            "com.kugou.fanxing.shortvideo.search.ui.SVSearchActivity",
            "com.kugou.fanxing.shortvideo.song.audiocollection.AudioCollectionActivity",
            "com.kugou.fanxing.shortvideo.song.ui.AudioCatalogDetailActivity",
            "com.kugou.fanxing.shortvideo.song.ui.AudioChoiceActivity",
            "com.kugou.fanxing.shortvideo.song.ui.SingerCatalogsActivity",
            "com.kugou.fanxing.shortvideo.song.ui.SingerCatalogsListActivity",
            "com.kugou.fanxing.shortvideo.topic.ui.VideoTopicListActivity",
            "com.kugou.fanxing.shortvideo.topiccollection.ui.TopicCollectionActivity",
            "com.kugou.fanxing.shortvideo.ui.EditShortVideoActivity",
            "com.kugou.fanxing.shortvideo.ui.FxShortVideoRecorderActivity",
            "com.kugou.fanxing.shortvideo.ui.PublishShortVideoActivity",
            "com.kugou.fanxing.shortvideo.ui.SelectTopicActivity",
            "com.kugou.fanxing.splash.module.SplashAnimActivity",
            "com.kugou.fanxing.splash.ui.CheckPermissionActivity",
            "com.kugou.fanxing.splash.ui.PrivacyWebActivity",
            "com.kugou.fanxing.splash.ui.VideoGuideActivity",
            "com.kugou.fanxing.taskcenter2cash.ui.TaskRealCashOutActivity",
            "com.kugou.fanxing.taskcenter2cash.ui.TaskRealCashRecordActivity",
            "com.kugou.fanxing.videocard.ui.VideoCardPlayerActivity",
            "com.kugou.fanxing.wxapi.WXEntryActivity",
            "com.kugou.fanxing.wxapi.WXPayEntryActivity",
            "com.kugou.fanxing2.allinone.watch.mv.ui.NewMvPlayActivity",
            "com.kugou.shortvideo.draft.ui.VideoDraftActivity",
            "com.kugou.shortvideo.search.ui.SVSearchActivity",
            "com.kugou.shortvideo.topic.ui.CreateTopicActivity",
            "com.kugou.shortvideo.ui.MyCoverVideoAvtivity",
            "com.kugou.shortvideo.ui.MyCoverVideoUploadActivity",
            "com.kugou.shortvideo.ui.SelectTopicActivity",
            "com.kugou.shortvideoapp.common.SVFragContainerActivity",
            "com.kugou.shortvideoapp.common.SVFragContainerFullActivity",
            "com.kugou.shortvideoapp.module.cover.ui.CoverEditActivity",
            "com.kugou.shortvideoapp.module.setting.ui.DKFeedBackActivity",
            "com.kugou.shortvideoapp.module.videoedit.ui.VideoEditActivity",
            "com.kugou.shortvideoapp.module.videoedit.ui.VideoPreViewActivity",
            "com.kugou.shortvideoapp.module.videotemplate.select.selection.internal.ui.AlbumPreviewActivity",
            "com.kugou.shortvideoapp.module.videotemplate.select.selection.internal.ui.SelectedPreviewActivity",
            "com.qq.e.tg.ADActivity",
            "com.qq.e.tg.LandscapeADActivity",
            "com.qq.e.tg.PortraitADActivity",
            "com.qq.e.tg.RewardvideoLandscapeADActivity",
            "com.qq.e.tg.RewardvideoPortraitADActivity",
            "com.qq.e.tg.TransPortraitADActivity",
            "com.qq.e.tg.WebAdActivity",
            "com.sina.weibo.sdk.share.ShareTransActivity",
            "com.sina.weibo.sdk.web.WebActivity",
            "com.tencent.connect.common.AssistActivity",
            "com.tencent.tauth.AuthActivity",
            "com.tencent.tinker.loader.hotplug.ActivityStubs$SGTKStub_00",
            "com.tencent.tinker.loader.hotplug.ActivityStubs$SGTKStub_00_T",
            "com.tencent.tinker.loader.hotplug.ActivityStubs$SGTKStub_01",
            "com.tencent.tinker.loader.hotplug.ActivityStubs$SGTKStub_01_T",
            "com.tencent.tinker.loader.hotplug.ActivityStubs$SGTKStub_02",
            "com.tencent.tinker.loader.hotplug.ActivityStubs$SGTKStub_02_T",
            "com.tencent.tinker.loader.hotplug.ActivityStubs$SGTKStub_03",
            "com.tencent.tinker.loader.hotplug.ActivityStubs$SGTKStub_04",
            "com.tencent.tinker.loader.hotplug.ActivityStubs$SGTKStub_05",
            "com.tencent.tinker.loader.hotplug.ActivityStubs$SGTKStub_06",
            "com.tencent.tinker.loader.hotplug.ActivityStubs$SGTKStub_07",
            "com.tencent.tinker.loader.hotplug.ActivityStubs$SGTKStub_08",
            "com.tencent.tinker.loader.hotplug.ActivityStubs$SGTKStub_09",
            "com.tencent.tinker.loader.hotplug.ActivityStubs$SGTStub_00",
            "com.tencent.tinker.loader.hotplug.ActivityStubs$SGTStub_00_T",
            "com.tencent.tinker.loader.hotplug.ActivityStubs$SGTStub_01",
            "com.tencent.tinker.loader.hotplug.ActivityStubs$SGTStub_01_T",
            "com.tencent.tinker.loader.hotplug.ActivityStubs$SGTStub_02",
            "com.tencent.tinker.loader.hotplug.ActivityStubs$SGTStub_02_T",
            "com.tencent.tinker.loader.hotplug.ActivityStubs$SGTStub_03",
            "com.tencent.tinker.loader.hotplug.ActivityStubs$SGTStub_04",
            "com.tencent.tinker.loader.hotplug.ActivityStubs$SGTStub_05",
            "com.tencent.tinker.loader.hotplug.ActivityStubs$SGTStub_06",
            "com.tencent.tinker.loader.hotplug.ActivityStubs$SGTStub_07",
            "com.tencent.tinker.loader.hotplug.ActivityStubs$SGTStub_08",
            "com.tencent.tinker.loader.hotplug.ActivityStubs$SGTStub_09",
            "com.tencent.tinker.loader.hotplug.ActivityStubs$SIStub_00",
            "com.tencent.tinker.loader.hotplug.ActivityStubs$SIStub_00_T",
            "com.tencent.tinker.loader.hotplug.ActivityStubs$SIStub_01",
            "com.tencent.tinker.loader.hotplug.ActivityStubs$SIStub_01_T",
            "com.tencent.tinker.loader.hotplug.ActivityStubs$SIStub_02",
            "com.tencent.tinker.loader.hotplug.ActivityStubs$SIStub_02_T",
            "com.tencent.tinker.loader.hotplug.ActivityStubs$SIStub_03",
            "com.tencent.tinker.loader.hotplug.ActivityStubs$SIStub_04",
            "com.tencent.tinker.loader.hotplug.ActivityStubs$SIStub_05",
            "com.tencent.tinker.loader.hotplug.ActivityStubs$SIStub_06",
            "com.tencent.tinker.loader.hotplug.ActivityStubs$SIStub_07",
            "com.tencent.tinker.loader.hotplug.ActivityStubs$SIStub_08",
            "com.tencent.tinker.loader.hotplug.ActivityStubs$SIStub_09",
            "com.tencent.tinker.loader.hotplug.ActivityStubs$STDStub_00",
            "com.tencent.tinker.loader.hotplug.ActivityStubs$STDStub_00_T",
            "com.tencent.tinker.loader.hotplug.ActivityStubs$STDStub_01",
            "com.tencent.tinker.loader.hotplug.ActivityStubs$STDStub_01_T",
            "com.tencent.tinker.loader.hotplug.ActivityStubs$STDStub_02",
            "com.tencent.tinker.loader.hotplug.ActivityStubs$STDStub_02_T",
            "com.tencent.tinker.loader.hotplug.ActivityStubs$STDStub_03",
            "com.tencent.tinker.loader.hotplug.ActivityStubs$STDStub_04",
            "com.tencent.tinker.loader.hotplug.ActivityStubs$STDStub_05",
            "com.tencent.tinker.loader.hotplug.ActivityStubs$STDStub_06",
            "com.tencent.tinker.loader.hotplug.ActivityStubs$STDStub_07",
            "com.tencent.tinker.loader.hotplug.ActivityStubs$STDStub_08",
            "com.tencent.tinker.loader.hotplug.ActivityStubs$STDStub_09",
            "com.unionpay.UPPayWapActivity",
            "com.unionpay.uppay.PayActivity",
            "com.uuzuche.lib_zxing.activity.CaptureActivity",
            "com.vivo.push.sdk.LinkProxyClientActivity",
            "com.xiaomi.mipush.sdk.NotificationClickedActivity"
        ],
        "services": [
            "com.amap.api.location.APSService",
            "com.heytap.mcssdk.AppPushService",
            "com.huawei.agconnect.core.ServiceDiscovery",
            "com.huawei.hms.support.api.push.service.HmsMsgService",
            "com.kugou.android.zego.ZegoService",
            "com.kugou.fanxing.allinone.base.famp.core.service.MPService",
            "com.kugou.fanxing.allinone.base.process.service.FAProcessServiceForHost",
            "com.kugou.fanxing.allinone.common.base.ForegroundService",
            "com.kugou.fanxing.allinone.common.base.ForegroundStubService",
            "com.kugou.fanxing.allinone.watch.floating.FALiveFloatWindowService",
            "com.kugou.fanxing.core.hotfix.HotFixService",
            "com.kugou.fanxing.core.hotfix.tinker.TinkerResultService",
            "com.kugou.fanxing.hook.NativeMemoryFloatingService",
            "com.kugou.fanxing.modul.filemanager.DownloadService",
            "com.kugou.fanxing.modul.mobilelive.mobilegame.MobileGameService",
            "com.kugou.fanxing.modul.msgcenter.service.VoiceCallForegroundService",
            "com.kugou.fanxing.modul.taskcenter.ContainerProcessService",
            "com.kugou.fanxing.modul.verticalscreen.service.GameRecordService",
            "com.kugou.fanxing.push.huawei.HWPushService",
            "com.kugou.fanxing.push.oppo.OPPushService",
            "com.kugou.fanxing.web.ipc.service.FAWebProcessService",
            "com.kugou.fanxing.yusheng.player.SongPlayerService",
            "com.kugou.shortvideo.common.filemanager.DownloadService",
            "com.liulishuo.filedownloader.services.FileDownloadService$SeparateProcessService",
            "com.liulishuo.filedownloader.services.FileDownloadService$SharedMainProcessService",
            "com.qq.e.comm.DownloadService",
            "com.tencent.tinker.lib.service.DefaultTinkerResultService",
            "com.tencent.tinker.lib.service.TinkerPatchForeService",
            "com.tencent.tinker.lib.service.TinkerPatchService",
            "com.tencent.tinker.lib.service.TinkerPatchService$InnerService",
            "com.vivo.push.sdk.service.CommandClientService",
            "com.xiaomi.mipush.sdk.MessageHandleService",
            "com.xiaomi.mipush.sdk.PushMessageHandler",
            "com.xiaomi.push.service.XMJobService",
            "com.xiaomi.push.service.XMPushService",
            "org.fourthline.cling.android.AndroidUpnpServiceImpl",
            "tmsdk.common.KcBaseService"
        ],
        "receivers": [
            "com.huawei.hms.support.api.push.PushMsgReceiver",
            "com.huawei.hms.support.api.push.PushReceiver",
            "com.kugou.fanxing.push.mi.MIPushReceiver",
            "com.kugou.fanxing.push.vivo.VVPushMessageReceiver",
            "com.xiaomi.push.service.receivers.PingReceiver"
        ]
    },
    "stats": {
        "dex_count": 9,
        "native_lib_count": 86
    },
    "jadx": {
        "status": "ok",
        "duration_sec": 126.77,
        "sources_present": true,
        "java_file_count": 27673
    },
    "ast_analysis": {
        "location": 10,
        "microphone": 29,
        "camera": 136,
        "media_projection": 12,
        "dynamic_load": 0,
        "jni": 165
    },
    "analysis_state": "complete"
}