{
    "apk_name": "56016AA4DA19AB6D30B23DDA9467EA097B8A30EE5A98183544CB34C7E9EE272F",
    "sha256": "56016aa4da19ab6d30b23dda9467ea097b8a30ee5a98183544cb34c7e9ee272f",
    "metadata": {
        "package_name": "com.shazam.android",
        "version_code": "700000",
        "version_name": "7.0.0-160808",
        "min_sdk": "16",
        "target_sdk": "24",
        "permissions": [
            "android.permission.ACCESS_COARSE_LOCATION",
            "android.permission.ACCESS_FINE_LOCATION",
            "android.permission.ACCESS_NETWORK_STATE",
            "android.permission.BLUETOOTH",
            "android.permission.BLUETOOTH_ADMIN",
            "android.permission.CAMERA",
            "android.permission.GET_ACCOUNTS",
            "android.permission.INTERNET",
            "android.permission.MODIFY_AUDIO_SETTINGS",
            "android.permission.READ_EXTERNAL_STORAGE",
            "android.permission.READ_SYNC_SETTINGS",
            "android.permission.RECORD_AUDIO",
            "android.permission.VIBRATE",
            "android.permission.WAKE_LOCK",
            "android.permission.WRITE_EXTERNAL_STORAGE",
            "android.permission.WRITE_SYNC_SETTINGS",
            "com.google.android.c2dm.permission.RECEIVE",
            "com.google.android.providers.gsf.permission.READ_GSERVICES",
            "com.shazam.android.permission.C2D_MESSAGE",
            "com.shazam.android.preloadinfo.provider.ACCESS_DATA"
        ],
        "activities": [
            "com.amazon.device.ads.AdActivity",
            "com.appnexus.opensdk.AdActivity",
            "com.facebook.CustomTabActivity",
            "com.facebook.FacebookActivity",
            "com.facebook.ads.InterstitialAdActivity",
            "com.google.android.gms.ads.AdActivity",
            "com.google.android.gms.ads.purchase.InAppPurchaseActivity",
            "com.google.android.gms.appinvite.PreviewActivity",
            "com.google.android.gms.common.api.GoogleApiActivity",
            "com.jirbo.adcolony.AdColonyBrowser",
            "com.jirbo.adcolony.AdColonyFullscreen",
            "com.jirbo.adcolony.AdColonyOverlay",
            "com.millennialmedia.android.MMActivity",
            "com.mopub.common.MoPubBrowser",
            "com.mopub.mobileads.MoPubActivity",
            "com.mopub.mobileads.MraidActivity",
            "com.mopub.mobileads.MraidVideoPlayerActivity",
            "com.shazam.android.activities.AutoTagsActivity",
            "com.shazam.android.activities.ChartsListActivity",
            "com.shazam.android.activities.ConfigurationActivity",
            "com.shazam.android.activities.ExploreActivity",
            "com.shazam.android.activities.MainActivity",
            "com.shazam.android.activities.MainCompatActivity",
            "com.shazam.android.activities.PermissionGrantingActivity",
            "com.shazam.android.activities.SettingsActivity",
            "com.shazam.android.activities.ShazamErrorHandlerActivity",
            "com.shazam.android.activities.SplashActivity",
            "com.shazam.android.activities.StoreChoiceDialogActivity",
            "com.shazam.android.activities.StreamingPlaylistsActivity",
            "com.shazam.android.activities.StubAccountActivity",
            "com.shazam.android.activities.VideoPlayerActivity",
            "com.shazam.android.activities.VisualShazamActivity",
            "com.shazam.android.activities.WebActivity",
            "com.shazam.android.activities.account.CheckEmailActivity",
            "com.shazam.android.activities.account.EmailRegistrationActivity",
            "com.shazam.android.activities.account.EmailSignupActivity",
            "com.shazam.android.activities.account.ProfileNameDialogActivity",
            "com.shazam.android.activities.account.SignUpActivity",
            "com.shazam.android.activities.artist.ArtistProfileActivity",
            "com.shazam.android.activities.camera.VideoCaptureActivity",
            "com.shazam.android.activities.chart.FullChartActivity",
            "com.shazam.android.activities.details.MusicDetailsActivity",
            "com.shazam.android.activities.facebook.FacebookConnectPromptDialogActivity",
            "com.shazam.android.activities.follow.FollowingsActivity",
            "com.shazam.android.activities.logout.LogoutDialogActivity",
            "com.shazam.android.activities.modules.LyricsActivity",
            "com.shazam.android.activities.modules.VideoActivity",
            "com.shazam.android.activities.onboarding.OnboardingNoMatchActivity",
            "com.shazam.android.activities.onboarding.WelcomeActivity",
            "com.shazam.android.activities.player.PlayerActivity",
            "com.shazam.android.activities.post.PostEditorActivity",
            "com.shazam.android.activities.search.SearchActivity",
            "com.shazam.android.activities.search.SearchMoreResultsActivity",
            "com.shazam.android.activities.share.ShareTagDialogActivity",
            "com.shazam.android.activities.sheet.ListCardItemsBottomSheetActivity",
            "com.shazam.android.activities.sheet.ShareDataBottomSheetActivity",
            "com.shazam.android.activities.sheet.ShareTagBottomSheetActivity",
            "com.shazam.android.activities.streaming.SpotifyAuthFlowActivity",
            "com.shazam.android.activities.streaming.StreamingProviderLogInSuccessDialogActivity",
            "com.shazam.android.activities.streaming.StreamingProviderUpsellDialogActivity",
            "com.spotify.sdk.android.authentication.LoginActivity",
            "com.vadio.vadiosdk.internal.FeedbackActivity"
        ],
        "services": [
            "com.google.android.gms.measurement.AppMeasurementService",
            "com.google.firebase.crash.internal.service.FirebaseCrashReceiverService",
            "com.google.firebase.crash.internal.service.FirebaseCrashSenderService",
            "com.google.firebase.iid.FirebaseInstanceIdService",
            "com.shazam.android.service.gcm.GcmIntentService",
            "com.shazam.android.service.player.MusicPlayerService",
            "com.shazam.android.service.tagging.AutoTaggingService",
            "com.shazam.android.service.tagsync.TagSyncIntentService",
            "com.shazam.android.service.unsubmitted.UnsubmittedTagsSubmittingService",
            "com.shazam.android.service.wearable.ShazamWearableService",
            "com.shazam.android.wearcom.service.WearComIntentService",
            "com.vadio.vadiosdk.internal.VadioService"
        ],
        "receivers": [
            "com.google.android.gms.measurement.AppMeasurementReceiver",
            "com.google.firebase.iid.FirebaseInstanceIdInternalReceiver",
            "com.google.firebase.iid.FirebaseInstanceIdReceiver",
            "com.shazam.android.appwidget.WidgetProvider",
            "com.shazam.android.receiver.AppUpgradeReceiver",
            "com.shazam.android.receiver.ConfigUpdateReceiver",
            "com.shazam.android.receiver.GuaranteedHttpClientBroadcastReceiver",
            "com.shazam.android.receiver.InidCookieAdderReceiver",
            "com.shazam.android.receiver.LastShazamReminderReceiver",
            "com.shazam.android.receiver.LocalChangedBroadcastReceiver",
            "com.shazam.android.receiver.ReferralTrackingReceiver",
            "com.shazam.android.receiver.UnsubmittedRetryingConnectivityReceiver",
            "com.shazam.android.receiver.UnsubmittedTagMatchedNotificationReceiver",
            "com.shazam.android.receiver.UnsubmittedTagNotMatchedNotificationReceiver",
            "com.shazam.android.receiver.UnsubmittedTagStatusChangeReceiver",
            "com.shazam.android.receiver.UserStateChangedBroadcastReceiver",
            "com.shazam.android.receiver.WearableTagMatchedReceiver",
            "com.shazam.android.receiver.WearableTagNotMatchedReceiver",
            "com.shazam.android.service.gcm.ShazamGcmBroadcastReceiver",
            "com.shazam.android.service.player.PlayerMediaButtonReceiver"
        ]
    },
    "stats": {
        "dex_count": 2,
        "native_lib_count": 11
    },
    "jadx": {
        "status": "ok",
        "duration_sec": 28.49,
        "sources_present": true,
        "java_file_count": 7947
    },
    "ast_analysis": {
        "location": 0,
        "microphone": 3,
        "camera": 18,
        "media_projection": 0,
        "dynamic_load": 0,
        "jni": 17
    },
    "analysis_state": "complete"
}