{
    "apk_name": "79AD9B584392EED73E20600D1B1FE707BD0751E3810DFFD8E68BD2DDC7A57C7F",
    "sha256": "79ad9b584392eed73e20600d1b1fe707bd0751e3810dffd8e68bd2ddc7a57c7f",
    "metadata": {
        "package_name": "com.rwsc.sethala",
        "version_code": "153",
        "version_name": "3.1.4",
        "min_sdk": "21",
        "target_sdk": "30",
        "permissions": [
            "android.permission.ACCESS_COARSE_LOCATION",
            "android.permission.ACCESS_FINE_LOCATION",
            "android.permission.ACCESS_NETWORK_STATE",
            "android.permission.ACCESS_NOTIFICATION_POLICY",
            "android.permission.CAMERA",
            "android.permission.FLASHLIGHT",
            "android.permission.INTERNET",
            "android.permission.READ_PHONE_STATE",
            "android.permission.WAKE_LOCK",
            "android.permission.WRITE_EXTERNAL_STORAGE",
            "com.google.android.c2dm.permission.RECEIVE",
            "com.google.android.finsky.permission.BIND_GET_INSTALL_REFERRER_SERVICE"
        ],
        "activities": [
            "com.google.android.gms.common.api.GoogleApiActivity",
            "crc6434658b23baf42339.MainActivity",
            "crc6434658b23baf42339.SplashScreenActivity"
        ],
        "services": [
            "com.google.android.datatransport.runtime.backends.TransportBackendDiscovery",
            "com.google.android.datatransport.runtime.scheduling.jobscheduling.JobInfoSchedulerService",
            "com.google.android.gms.measurement.AppMeasurementJobService",
            "com.google.android.gms.measurement.AppMeasurementService",
            "com.google.firebase.components.ComponentDiscoveryService",
            "com.google.firebase.messaging.FirebaseMessagingService",
            "com.rwsc.vwatch.MyFirebaseMessagingService",
            "crc64bfd3729fbfc784dc.MyFirebaseIIDService"
        ],
        "receivers": [
            "com.google.android.datatransport.runtime.scheduling.jobscheduling.AlarmManagerSchedulerBroadcastReceiver",
            "com.google.android.gms.measurement.AppMeasurementReceiver",
            "com.google.firebase.iid.FirebaseInstanceIdInternalReceiver",
            "com.google.firebase.iid.FirebaseInstanceIdReceiver",
            "crc643f46942d9dd1fff9.PowerSaveModeBroadcastReceiver"
        ],
        "permission_details": {
            "android.permission.ACCESS_COARSE_LOCATION": "dangerous",
            "android.permission.ACCESS_FINE_LOCATION": "dangerous",
            "android.permission.ACCESS_NETWORK_STATE": "normal",
            "android.permission.ACCESS_NOTIFICATION_POLICY": "normal",
            "android.permission.CAMERA": "dangerous",
            "android.permission.FLASHLIGHT": "unknown",
            "android.permission.INTERNET": "normal",
            "android.permission.READ_PHONE_STATE": "dangerous",
            "android.permission.WAKE_LOCK": "normal",
            "android.permission.WRITE_EXTERNAL_STORAGE": "dangerous",
            "com.google.android.c2dm.permission.RECEIVE": "unknown",
            "com.google.android.finsky.permission.BIND_GET_INSTALL_REFERRER_SERVICE": "unknown"
        },
        "risk_counts": {
            "dangerous": 5,
            "normal": 4,
            "unknown": 3
        }
    },
    "stats": {
        "dex_count": 1,
        "native_lib_count": 32
    },
    "jadx": {
        "status": "ok",
        "duration_sec": 19.45,
        "sources_present": true,
        "java_file_count": 3901
    },
    "ast_analysis": {
        "location": 3,
        "microphone": 0,
        "camera": 3,
        "media_projection": 0,
        "dynamic_load": 0,
        "jni": 6
    },
    "analysis_state": "complete"
}