{
    "apk_name": "68BC8DB9C2C6F3AE6650031BE2C563798CB77CD6D9218EE7834E7482E62D0159",
    "sha256": "68bc8db9c2c6f3ae6650031be2c563798cb77cd6d9218ee7834e7482e62d0159",
    "metadata": {
        "package_name": "com.mydito",
        "version_code": "20220204",
        "version_name": "1.9.3",
        "min_sdk": "21",
        "target_sdk": "30",
        "permissions": [
            "android.permission.ACCESS_COARSE_LOCATION",
            "android.permission.ACCESS_FINE_LOCATION",
            "android.permission.ACCESS_NETWORK_STATE",
            "android.permission.ACCESS_WIFI_STATE",
            "android.permission.CALL_PHONE",
            "android.permission.CAMERA",
            "android.permission.FLASHLIGHT",
            "android.permission.INTERNET",
            "android.permission.READ_CONTACTS",
            "android.permission.READ_EXTERNAL_STORAGE",
            "android.permission.READ_PHONE_STATE",
            "android.permission.RECORD_AUDIO",
            "android.permission.USE_FINGERPRINT",
            "android.permission.VIBRATE",
            "android.permission.WAKE_LOCK",
            "android.permission.WRITE_EXTERNAL_STORAGE",
            "com.fingerprints.service.ACCESS_FINGERPRINT_MANAGER",
            "com.google.android.c2dm.permission.RECEIVE",
            "com.google.android.finsky.permission.BIND_GET_INSTALL_REFERRER_SERVICE",
            "com.samsung.android.providers.context.permission.WRITE_USE_APP_FEATURE_SURVEY"
        ],
        "activities": [
            "com.alipay.sdk.app.APayEntranceActivity",
            "com.alipay.sdk.app.AlipayResultActivity",
            "com.alipay.sdk.app.H5AuthActivity",
            "com.alipay.sdk.app.H5OpenAuthActivity",
            "com.alipay.sdk.app.H5PayActivity",
            "com.alipay.sdk.app.PayResultActivity",
            "com.blankj.utilcode.util.UtilsTransActivity",
            "com.blankj.utilcode.util.UtilsTransActivity4MainProcess",
            "com.facebook.CustomTabActivity",
            "com.facebook.CustomTabMainActivity",
            "com.facebook.FacebookActivity",
            "com.google.android.gms.common.api.GoogleApiActivity",
            "com.luck.picture.lib.PictureCustomCameraActivity",
            "com.luck.picture.lib.PictureExternalPreviewActivity",
            "com.luck.picture.lib.PicturePlayAudioActivity",
            "com.luck.picture.lib.PicturePreviewActivity",
            "com.luck.picture.lib.PictureSelectorActivity",
            "com.luck.picture.lib.PictureSelectorCameraEmptyActivity",
            "com.luck.picture.lib.PictureSelectorPreviewWeChatStyleActivity",
            "com.luck.picture.lib.PictureSelectorWeChatStyleActivity",
            "com.luck.picture.lib.PictureVideoPlayActivity",
            "com.mydito.base.SchemeFilterActivity",
            "com.mydito.ui.about.AboutActivity",
            "com.mydito.ui.about.ReleaseNoteActivity",
            "com.mydito.ui.about.policy.PrivacyPolicyActivity",
            "com.mydito.ui.appsubscription.AppSubscriptionActivity",
            "com.mydito.ui.appsubscription.AppSubscriptionHistoryActivity",
            "com.mydito.ui.appsubscription.OTTDetailsActivity",
            "com.mydito.ui.appsubscription.OTTSuccessfulActivity",
            "com.mydito.ui.appsubscription.OneTimePinOTPActivity",
            "com.mydito.ui.appsubscription.RecipientDetailsActivity",
            "com.mydito.ui.autopay.AutoPaySuccessfulActivity",
            "com.mydito.ui.autopay.AutoPaymentActivity",
            "com.mydito.ui.autopay.ManagePromoActivity",
            "com.mydito.ui.autopay.PaymentHistoryActivity",
            "com.mydito.ui.autopay.PurchaseOptionsActivity",
            "com.mydito.ui.autopay.SubscriptionDetailActivity",
            "com.mydito.ui.autopay.UnSubscribeSuccessfulActivity",
            "com.mydito.ui.chat.ServiceChatActivity",
            "com.mydito.ui.chat.ServiceChatActivity2",
            "com.mydito.ui.common.CommonFailedActivity",
            "com.mydito.ui.common.CommonWebViewActivity",
            "com.mydito.ui.common.PayWebViewActivity",
            "com.mydito.ui.fwa.FwaFAQActivity",
            "com.mydito.ui.help.HelpDetailActivity",
            "com.mydito.ui.help.NetGoverageActivity",
            "com.mydito.ui.help.SearchHelpActivity",
            "com.mydito.ui.home.JoinOurActivity",
            "com.mydito.ui.home.MainActivity",
            "com.mydito.ui.home.ManagerServiceActivity",
            "com.mydito.ui.home.MccmWebViewActivity",
            "com.mydito.ui.home.MessageActivity",
            "com.mydito.ui.home.MessageDetailActivity",
            "com.mydito.ui.home.ScanQRCodeActivity",
            "com.mydito.ui.home.ServicesActivity",
            "com.mydito.ui.home.UsageActivity",
            "com.mydito.ui.ijoin.IJoinPayWebViewActivity",
            "com.mydito.ui.ijoin.IJoinWebViewActivity",
            "com.mydito.ui.load.LoadActivity",
            "com.mydito.ui.load.LoadSuccessfulActivity",
            "com.mydito.ui.load.PaymentMethodActivity",
            "com.mydito.ui.login.ForgotPasswordActivity",
            "com.mydito.ui.login.GuidePageActivity",
            "com.mydito.ui.login.LoginPwdActivity",
            "com.mydito.ui.login.LoginSMSActivity",
            "com.mydito.ui.login.LoginTouchInActivity",
            "com.mydito.ui.map.FavoriteActivity",
            "com.mydito.ui.map.MapActivity",
            "com.mydito.ui.map.SearchMapActivity",
            "com.mydito.ui.profile.ProfileActivity",
            "com.mydito.ui.promo.PromoActivity",
            "com.mydito.ui.promo.PromoDetailActivity",
            "com.mydito.ui.promo.PromoHistoryActivity",
            "com.mydito.ui.promo.PromoSuccessfulActivity",
            "com.mydito.ui.rewards.EarningPointsActivity",
            "com.mydito.ui.rewards.RewardsActivity",
            "com.mydito.ui.rewards.RewardsGuideActivity",
            "com.mydito.ui.rewards.RewardsHistoryActivity",
            "com.mydito.ui.rewards.RewardsProfileActivity",
            "com.mydito.ui.rewards.RewardsSuccessfulProfileUpdateActivity",
            "com.mydito.ui.rewards.RewardsWebViewActivity",
            "com.mydito.ui.setting.NotificationSettingActivity",
            "com.mydito.ui.ticket.PhotoViewActivity",
            "com.mydito.ui.ticket.TicketActivity",
            "com.mydito.ui.ticket.TicketDetailActivity",
            "com.mydito.ui.ticket.TicketSuccessfulActivity",
            "com.mydito.ui.transfer.TransferActivity",
            "com.mydito.ui.transfer.TransferOTPActivity",
            "com.mydito.ui.transfer.TransferSuccessfulActivity",
            "com.mydito.ui.weloffer.WelcomeOfferActivity",
            "com.mydito.wxapi.WXPayEntryActivity",
            "com.ucc.chat.ChatActivity",
            "com.ucc.chat.ChatHistoryActivity",
            "com.ucc.chat.PictureActivity",
            "com.ucc.chat2.ui.ChatActivity2",
            "com.ucc.chat2.ui.ChatHistoryActivity",
            "com.yalantis.ucrop.PictureMultiCuttingActivity",
            "com.yalantis.ucrop.UCropActivity",
            "com.ztesoft.permission.PermissionsActivity",
            "me.nereo.multi_image_selector.MultiImageSelectorActivity",
            "pub.devrel.easypermissions.AppSettingsDialogHolderActivity"
        ],
        "services": [
            "androidx.room.MultiInstanceInvalidationService",
            "com.blankj.utilcode.util.MessengerUtils$ServerService",
            "com.google.android.datatransport.runtime.backends.TransportBackendDiscovery",
            "com.google.android.datatransport.runtime.scheduling.jobscheduling.JobInfoSchedulerService",
            "com.google.android.gms.measurement.AppMeasurementJobService",
            "com.google.android.gms.measurement.AppMeasurementService",
            "com.google.firebase.components.ComponentDiscoveryService",
            "com.google.firebase.messaging.FirebaseMessagingService",
            "com.mydito.push.MyFirebaseMessagingService"
        ],
        "receivers": [
            "com.facebook.CurrentAccessTokenExpirationBroadcastReceiver",
            "com.google.android.datatransport.runtime.scheduling.jobscheduling.AlarmManagerSchedulerBroadcastReceiver",
            "com.google.android.gms.measurement.AppMeasurementReceiver",
            "com.google.firebase.iid.FirebaseInstanceIdReceiver"
        ]
    },
    "stats": {
        "dex_count": 1,
        "native_lib_count": 10
    },
    "jadx": {
        "status": "ok",
        "duration_sec": 2.73,
        "sources_present": true,
        "java_file_count": 8
    },
    "ast_analysis": {
        "location": 0,
        "microphone": 0,
        "camera": 0,
        "media_projection": 0,
        "dynamic_load": 0,
        "jni": 1
    },
    "analysis_state": "complete"
}