{
    "java_files": [
        "a/auu/a.java",
        "com/netease/nis/wrapper/l.java",
        "com/netease/nis/wrapper/g.java",
        "com/netease/nis/wrapper/d.java",
        "com/netease/nis/wrapper/Utils.java",
        "com/netease/nis/wrapper/k.java",
        "com/netease/nis/wrapper/b.java",
        "com/netease/nis/wrapper/NEDialog.java",
        "com/netease/nis/wrapper/MyApplication.java",
        "com/netease/nis/wrapper/a.java",
        "com/netease/nis/wrapper/e.java",
        "com/netease/nis/wrapper/f.java",
        "com/netease/nis/wrapper/c.java",
        "com/netease/nis/wrapper/MyJni.java",
        "com/netease/nis/wrapper/m.java",
        "com/netease/nis/wrapper/j.java",
        "com/netease/nis/wrapper/Entry.java",
        "com/netease/nis/wrapper/h.java",
        "com/netease/nis/wrapper/i.java",
        "com/netease/nis/wrapper/plugin/g.java",
        "com/netease/nis/wrapper/plugin/d.java",
        "com/netease/nis/wrapper/plugin/InstrumentationProxy.java",
        "com/netease/nis/wrapper/plugin/b.java",
        "com/netease/nis/wrapper/plugin/a.java",
        "com/netease/nis/wrapper/plugin/e.java",
        "com/netease/nis/wrapper/plugin/f.java",
        "com/netease/nis/wrapper/plugin/c.java",
        "com/netease/nis/wrapper/plugin/h.java",
        "com/netease/nis/wrapper/plugin/i.java",
        "androidx/core/app/CoreComponentFactory.java"
    ],
    "ast_hits_by_file": {
        "location": [],
        "microphone": [],
        "camera": [
            "com/netease/nis/wrapper/MyJni.java",
            "com/netease/nis/wrapper/MyJni.java",
            "com/netease/nis/wrapper/plugin/e.java"
        ],
        "media_projection": [],
        "dynamic_load": [],
        "jni": [
            "com/netease/nis/wrapper/l.java",
            "com/netease/nis/wrapper/l.java",
            "com/netease/nis/wrapper/plugin/a.java"
        ]
    },
    "native_libs": [
        "lib/arm64-v8a/libAMapSDK_MAP_v9_2_1.so",
        "lib/arm64-v8a/libCtaApiLib.so",
        "lib/arm64-v8a/libShanYCore.so",
        "lib/arm64-v8a/libapms_ndk_anr.so",
        "lib/arm64-v8a/libcrashsdk.so",
        "lib/arm64-v8a/libjcore324.so",
        "lib/arm64-v8a/libnative-admobile-lib.so",
        "lib/arm64-v8a/libpangleflipped.so",
        "lib/arm64-v8a/libsecsdk.so",
        "lib/arm64-v8a/libumeng-spy.so",
        "lib/armeabi-v7a/libAMapSDK_MAP_v9_2_1.so",
        "lib/armeabi-v7a/libCtaApiLib.so",
        "lib/armeabi-v7a/libShanYCore.so",
        "lib/armeabi-v7a/libapms_ndk_anr.so",
        "lib/armeabi-v7a/libcrashsdk.so",
        "lib/armeabi-v7a/libjcore324.so",
        "lib/armeabi-v7a/libnative-admobile-lib.so",
        "lib/armeabi-v7a/libpangleflipped.so",
        "lib/armeabi-v7a/libsecsdk.so",
        "lib/armeabi-v7a/libumeng-spy.so",
        "lib/armeabi-v7a/libnesec.so",
        "lib/arm64-v8a/libnesec.so",
        "lib/armeabi-v7a/libnesec-x86.so",
        "lib/arm64-v8a/libnesec-x86.so"
    ],
    "dex_files_count": 1,
    "exported_components": {
        "activities": [
            "admsdk.library.activity.AdDetailActivity",
            "admsdk.library.activity.AdmobileAppPermissionsActivity",
            "admsdk.library.activity.AdmobileDownloadApkConfirmDialogActivity",
            "admsdk.library.activity.AdmobileFullScreenVodActivity",
            "admsdk.library.activity.AdmobileLandscapeFullScreenVodActivity",
            "admsdk.library.activity.AdmobileLandscapeRewardVodActivity",
            "admsdk.library.activity.AdmobileRewardVodActivity",
            "admsdk.library.activity.AdmobileWebViewActivity",
            "cn.android.service.JTransitActivity",
            "cn.jpush.android.service.DActivity",
            "cn.jpush.android.service.JNotifyActivity",
            "cn.jpush.android.ui.PopWinActivity",
            "cn.jpush.android.ui.PushActivity",
            "com.alipay.sdk.app.APayEntranceActivity",
            "com.alipay.sdk.app.AlipayResultActivity",
            "com.alipay.sdk.app.H5AuthActivity",
            "com.alipay.sdk.app.H5OpenAuthActivity",
            "com.alipay.sdk.app.H5PayActivity",
            "com.alipay.sdk.app.PayResultActivity",
            "com.bytedance.sdk.openadsdk.stub.activity.Stub_Activity",
            "com.bytedance.sdk.openadsdk.stub.activity.Stub_SingleTask_Activity",
            "com.bytedance.sdk.openadsdk.stub.activity.Stub_SingleTask_Activity_T",
            "com.bytedance.sdk.openadsdk.stub.activity.Stub_Standard_Activity",
            "com.bytedance.sdk.openadsdk.stub.activity.Stub_Standard_Activity_T",
            "com.bytedance.sdk.openadsdk.stub.activity.Stub_Standard_Landscape_Activity",
            "com.bytedance.sdk.openadsdk.stub.activity.Stub_Standard_Portrait_Activity",
            "com.chuanglan.shanyan_sdk.view.CTCCPrivacyProtocolActivity",
            "com.chuanglan.shanyan_sdk.view.CmccLoginActivity",
            "com.chuanglan.shanyan_sdk.view.ShanYanOneKeyActivity",
            "com.huawei.hms.activity.BridgeActivity",
            "com.huawei.hms.activity.EnableServiceActivity",
            "com.huawei.hms.support.api.push.TransActivity",
            "com.nade.commenlib.AppPermissionManagerActivity",
            "com.nade.commenlib.ErrorCodeActivity",
            "com.nade.commenlib.PermissionSetActivity",
            "com.nade.commenlib.freecar.report.ReportActivity",
            "com.nade.commenlib.h5.CommonH5Activity",
            "com.nade.commenlib.h5.GameCenterActivity",
            "com.nade.commenlib.h5.H5ErrorActivity",
            "com.nade.commenlib.h5.NotReceiveSmsCodeActivity",
            "com.nade.commenlib.h5.ThirdPartyH5Activity",
            "com.nade.commenlib.ocr.CheckActivity",
            "com.nade.commenlib.ocr.OcrSimpleActivity",
            "com.nade.commenlib.ocr.UserVerifySimpleActivity",
            "com.nade.commenlib.photoalbum.PhotoAlbumActivity",
            "com.nade.commenlib.pullnewuser.PullANewUserActivity",
            "com.nade.commenlib.push.PushTransparentActivity",
            "com.nade.commenlib.util.image.PictureActivity",
            "com.nade.commenlib.utils.BigPictureActivity",
            "com.nade.commenlib.utils.ShowBigImageActivity",
            "com.nade.commenlib.view.DialogActivity",
            "com.nade.commenlib.wechatsubscribe.WeChatServiceActivity",
            "com.sender.yiwei.login.ui.BindPhoneActivity",
            "com.sender.yiwei.login.ui.ImageCodeActivity",
            "com.sender.yiwei.login.ui.InputChangePwdPhoneActivity",
            "com.sender.yiwei.login.ui.InputLoginPhonePwdActivity",
            "com.sender.yiwei.login.ui.InputLoginPwdActivity",
            "com.sender.yiwei.login.ui.InputMsgCodeActivity",
            "com.sender.yiwei.login.ui.InputPhoneActivity",
            "com.sender.yiwei.personal.UserAbnormalDialogActivity",
            "com.sender.yiwei.personal.account.AccountActivity",
            "com.sender.yiwei.personal.account.AddAccountActivity",
            "com.sender.yiwei.personal.account.BillActivity",
            "com.sender.yiwei.personal.account.ChangePwdActivity",
            "com.sender.yiwei.personal.account.ChooseAccountActivity",
            "com.sender.yiwei.personal.account.DepositActivity",
            "com.sender.yiwei.personal.account.DepositSuccessActivity",
            "com.sender.yiwei.personal.account.FreezeReasonActivity",
            "com.sender.yiwei.personal.account.RechargeActivity",
            "com.sender.yiwei.personal.account.SetNewActivity",
            "com.sender.yiwei.personal.account.SetPwdActivity",
            "com.sender.yiwei.personal.account.coupons.CouponsActivity",
            "com.sender.yiwei.personal.account.owneraccount.OwnerInAccountingActivity",
            "com.sender.yiwei.personal.cancellationuser.CancellationAccountActivity",
            "com.sender.yiwei.personal.cancellationuser.CancellationSuccessActivity",
            "com.sender.yiwei.personal.contactPlatform.CommonPhraseListActivity",
            "com.sender.yiwei.personal.contactPlatform.ContactActivity",
            "com.sender.yiwei.personal.contactPlatform.EditCommonPhraseActivity",
            "com.sender.yiwei.personal.entrance.MineActivity",
            "com.sender.yiwei.personal.evaluate.EvaluateActivity",
            "com.sender.yiwei.personal.evaluate.ShowEvaluateActivity",
            "com.sender.yiwei.personal.evaluateDetail.UserCardActivity",
            "com.sender.yiwei.personal.evaluateDetail.starEvaluate.ReceiveLabelActivity",
            "com.sender.yiwei.personal.evaluateDetail.starEvaluate.StarGradeActivity",
            "com.sender.yiwei.personal.help.BuyNewCardWebActivity",
            "com.sender.yiwei.personal.help.CommonWebActivity",
            "com.sender.yiwei.personal.help.HelpCenterActivity",
            "com.sender.yiwei.personal.help.HelpWebActicity",
            "com.sender.yiwei.personal.help.activity.SpecialActivity",
            "com.sender.yiwei.personal.help.dialogweb.DialogWebActivity",
            "com.sender.yiwei.personal.mine.BlackListActivity",
            "com.sender.yiwei.personal.mine.ChangeUserHeadAvaterActivity",
            "com.sender.yiwei.personal.mine.GradeInfoActivity",
            "com.sender.yiwei.personal.mine.ReCommendedCheckActivity",
            "com.sender.yiwei.personal.mine.SetPrivacyActivity",
            "com.sender.yiwei.personal.mine.UserCredibilityActivity",
            "com.sender.yiwei.personal.mine.UserInfoActivity",
            "com.sender.yiwei.personal.msg.YVMessageActivity",
            "com.sender.yiwei.personal.pay.CompleteActivity",
            "com.sender.yiwei.personal.pay.PayActivity",
            "com.sender.yiwei.personal.safe.CallPoliceActivity",
            "com.sender.yiwei.personal.safe.SafeCenterActivity",
            "com.sender.yiwei.personal.safe.SafeVerifyActivity",
            "com.sender.yiwei.personal.set.AudioSwitchActivity",
            "com.sender.yiwei.personal.set.BindNewPhoneActivity",
            "com.sender.yiwei.personal.set.ChangeLoginPwdActivity",
            "com.sender.yiwei.personal.set.DeveloperChengIpActivity",
            "com.sender.yiwei.personal.set.SetActivity",
            "com.sender.yiwei.personal.set.VerifyOriginActivity",
            "com.sender.yiwei.personal.sharepromote.SharePromoteActivity",
            "com.sender.yiwei.personal.touristsmode.TouristsRuleActivity",
            "com.sender.yiwei.personal.touristsmode.TouristsSetActivity",
            "com.sender.yiwei.personal.touristsmode.TouristsUserHomeActivity",
            "com.sender.yiwei.personal.verify.ApplyCarStickerActivity",
            "com.sender.yiwei.personal.verify.SubmitSuccessActivity",
            "com.ss.android.downloadlib.activity.JumpKllkActivity",
            "com.ss.android.downloadlib.activity.TTDelegateActivity",
            "com.ss.android.downloadlib.addownload.compliance.AppDetailInfoActivity",
            "com.ss.android.downloadlib.addownload.compliance.AppPrivacyPolicyActivity",
            "com.ss.android.socialbase.appdownloader.view.DownloadTaskDeleteActivity",
            "com.ss.android.socialbase.appdownloader.view.JumpUnknownSourceActivity",
            "com.sxm.farpoolcar.wxapi.WXEntryActivity",
            "com.sxm.farpoolcar.wxapi.WXPayEntryActivity",
            "com.sxm.farpoolcar.yivifarpoolcar.MainActivity",
            "com.sxm.farpoolcar.yivifarpoolcar.StartActivity",
            "com.sxm.farpoolcar.yivifarpoolcar.tourists.TouristsModeHomeActivity",
            "com.sxm.farpoolcar.yivifarpoolcar.tourists.TouristsRuleActivity",
            "com.sxm.farpoolcar.yivifarpoolcar.tourists.TouristsSetActivity",
            "com.sxm.farpoolcar.yivifarpoolcar.tourists.TouristsUserCenterActivity",
            "com.tencent.connect.common.AssistActivity",
            "com.tencent.tauth.AuthActivity",
            "com.wildma.idcardcamera.camera.CameraActivity",
            "com.xiaomi.mipush.sdk.NotificationClickedActivity",
            "com.yiwei.business.commui.NetErrorActivity",
            "com.yiwei.business.nearorder.CityListActivity",
            "com.yiwei.business.nearorder.PassNearOwnerListActivity",
            "com.yiwei.business.owner.ui.MonitorEditListActivity",
            "com.yiwei.business.owner.ui.OwnerCancelApplySuccessActivity",
            "com.yiwei.business.owner.ui.OwnerCarCardActivity",
            "com.yiwei.business.owner.ui.OwnerCryServiceActivity",
            "com.yiwei.business.owner.ui.OwnerMainActivity",
            "com.yiwei.business.owner.ui.OwnerMonitorAddLineActivity",
            "com.yiwei.business.owner.ui.OwnerOrderCenterActivity",
            "com.yiwei.business.owner.ui.OwnerOrderCompalintActivity",
            "com.yiwei.business.owner.ui.OwnerOrderComplaintListActivity",
            "com.yiwei.business.owner.ui.OwnerOrderMapActivity",
            "com.yiwei.business.owner.ui.OwnerSendServiceActivity",
            "com.yiwei.business.owner.ui.OwnerSenderInfoActivity",
            "com.yiwei.business.owner.ui.OwnerServiceDetailActivty",
            "com.yiwei.business.owner.ui.OwnerServiceMatchActivity",
            "com.yiwei.business.owner.ui.OwnerServiceMatchListActivity",
            "com.yiwei.business.owner.ui.ShowOwnerCryListWindowActivity",
            "com.yiwei.business.owner.ui.ordercancel.OrderCancelActivity",
            "com.yiwei.business.owner.ui.passinvite.PassInviteActivity",
            "com.yiwei.business.passandsend.fastorder.ui.AccountDetailActivity",
            "com.yiwei.business.passandsend.fastorder.ui.ChooseCancelReasonActvity",
            "com.yiwei.business.passandsend.fastorder.ui.PassReleaseFastOrderActivity",
            "com.yiwei.business.passandsend.fastorder.ui.PassReleaseOnlineOrderActivity",
            "com.yiwei.business.passandsend.ui.AddAddressActivity",
            "com.yiwei.business.passandsend.ui.AddCommonRouteActivity",
            "com.yiwei.business.passandsend.ui.AddressActivity",
            "com.yiwei.business.passandsend.ui.AppealActivity",
            "com.yiwei.business.passandsend.ui.AppealListActivity",
            "com.yiwei.business.passandsend.ui.BiddingOwnersActivity",
            "com.yiwei.business.passandsend.ui.CommonEndListActivity",
            "com.yiwei.business.passandsend.ui.DidaReleaseFreeActivity",
            "com.yiwei.business.passandsend.ui.EditCommonEndActivity",
            "com.yiwei.business.passandsend.ui.EditCommonRouteActivity",
            "com.yiwei.business.passandsend.ui.FreeOrderInfoActivity",
            "com.yiwei.business.passandsend.ui.FreeOrderPriceDetailActivity",
            "com.yiwei.business.passandsend.ui.GameAuthorizationActivity",
            "com.yiwei.business.passandsend.ui.HistoryAddressActivity",
            "com.yiwei.business.passandsend.ui.MapFindOrderActivity",
            "com.yiwei.business.passandsend.ui.MatchActivity",
            "com.yiwei.business.passandsend.ui.OrderCenterActivity",
            "com.yiwei.business.passandsend.ui.OrderDetailMapActivity",
            "com.yiwei.business.passandsend.ui.OrderInfoMapContainerActivity",
            "com.yiwei.business.passandsend.ui.OwnerCryOfferActivity",
            "com.yiwei.business.passandsend.ui.PassAppealListActivity",
            "com.yiwei.business.passandsend.ui.PassOrderComplaintActivity",
            "com.yiwei.business.passandsend.ui.PassReleaseActivity",
            "com.yiwei.business.passandsend.ui.PassServiceMatchRouteActivity",
            "com.yiwei.business.passandsend.ui.PassUpdateMatchOrderActivity",
            "com.yiwei.business.passandsend.ui.ReleaseActivity",
            "com.yiwei.business.passandsend.ui.ReleaseBuyMeActivity",
            "com.yiwei.business.passandsend.ui.ReleaseHelpActivity",
            "com.yiwei.business.passandsend.ui.ReleaseHourActivity",
            "com.yiwei.business.passandsend.ui.ReleasePetActivity",
            "com.yiwei.business.passandsend.ui.SeeLocationActivity",
            "com.yiwei.business.passandsend.ui.SelectCityActivity",
            "com.yiwei.business.passandsend.ui.SelectPositionActivity",
            "com.yiwei.business.passandsend.ui.SendMapMsgActivity",
            "com.yiwei.business.passandsend.ui.SenderSelectPositionActivity",
            "com.yiwei.business.passandsend.ui.TripRecordActivity",
            "com.yiwei.business.passandsend.ui.TripRecordingActivity",
            "com.yiwei.business.passandsend.ui.pintuan.PassJoinPinTuanActivity",
            "com.yiwei.business.passandsend.ui.pintuan.PassMatchPinTuanActivity",
            "com.yiwei.business.passandsend.ui.pintuan.PassNearSpellGroupActivity",
            "com.yiwei.business.passandsend.ui.pintuan.PassReleasePinTuanActivity",
            "com.yiwei.business.passandsend.ui.pintuan.PassSearchPinTuanActivity",
            "com.yiwei.business.thirdfreeorder.OwnerThridFreeOrderActivity",
            "com.yiwei.business.yvwall.CommentsListActivity",
            "com.yiwei.business.yvwall.ReplyRecommentActivity",
            "com.yiwei.business.yvwall.SendTeasingActivity",
            "com.yiwei.business.yvwall.TeasingDeteilActivity",
            "com.yiwei.business.yvwall.VedioActivity",
            "com.yiwei.business.yvwall.YvWallMainActivity"
        ],
        "services": [
            "cn.jpush.android.service.DaemonService",
            "cn.jpush.android.service.PushService",
            "com.amap.api.location.APSService",
            "com.huawei.agconnect.core.ServiceDiscovery",
            "com.huawei.hms.support.api.push.service.HmsMsgService",
            "com.meizu.cloud.pushsdk.NotificationService",
            "com.nade.commenlib.mqtt.MQTTService",
            "com.ss.android.socialbase.appdownloader.DownloadHandlerService",
            "com.ss.android.socialbase.appdownloader.RetryJobSchedulerService",
            "com.ss.android.socialbase.downloader.downloader.DownloadService",
            "com.ss.android.socialbase.downloader.downloader.IndependentProcessDownloadService",
            "com.ss.android.socialbase.downloader.downloader.SqlDownloadCacheService",
            "com.ss.android.socialbase.downloader.impls.DownloadHandleService",
            "com.ss.android.socialbase.downloader.notification.DownloadNotificationService",
            "com.sxm.farpoolcar.yivifarpoolcar.audio.AudioService",
            "com.xiaomi.mipush.sdk.MessageHandleService",
            "com.xiaomi.mipush.sdk.PushMessageHandler",
            "com.xiaomi.push.service.XMJobService",
            "com.xiaomi.push.service.XMPushService",
            "com.yiwei.business.triprecordservice.NotificationService",
            "com.yiwei.push.target.huawei.MyHmsMessageService",
            "com.yiwei.push.target.jiguang.MyJPushService",
            "com.yiwei.websocket.mainprocess.MainProcessCommandService",
            "com.yiwei.websocket.socketprocess.WebSocketService",
            "org.eclipse.paho.android.service.MqttService"
        ],
        "receivers": [
            "cn.jpush.android.asus.AsusPushMessageReceiver",
            "cn.jpush.android.service.AlarmReceiver",
            "cn.jpush.android.service.PushReceiver",
            "cn.jpush.android.service.SchedulerReceiver",
            "com.huawei.hms.analytics.receiver.HiAnalyticsSvcEvtReceiver",
            "com.huawei.hms.support.api.push.PushMsgReceiver",
            "com.huawei.hms.support.api.push.PushReceiver",
            "com.meizu.cloud.pushsdk.MzPushSystemReceiver",
            "com.ss.android.downloadlib.core.download.DownloadReceiver",
            "com.xiaomi.push.service.receivers.NetworkStatusReceiver",
            "com.xiaomi.push.service.receivers.PingReceiver",
            "com.yiwei.push.target.jiguang.MyJPushEventReceive",
            "com.yiwei.push.target.meizu.MyMeizuMessageReceiver",
            "com.yiwei.push.target.xiaomi.MyXiaomiBroadcastReceiver"
        ]
    }
}