{
    "apk_name": "131206111504186C58E1E8839532B8F7F0DFE36B59B1CA2D93C0DAB694F9BFF9",
    "sha256": "131206111504186c58e1e8839532b8f7f0dfe36b59b1ca2d93c0dab694f9bff9",
    "metadata": {
        "package_name": "com.ss.android.homed",
        "version_code": "243",
        "version_name": "2.4.3",
        "min_sdk": "21",
        "target_sdk": "26",
        "permissions": [
            "android.permission.ACCESS_COARSE_LOCATION",
            "android.permission.ACCESS_FINE_LOCATION",
            "android.permission.ACCESS_NETWORK",
            "android.permission.ACCESS_NETWORK_STATE",
            "android.permission.ACCESS_WIFI_STATE",
            "android.permission.AUTHENTICATE_ACCOUNTS",
            "android.permission.BLUETOOTH",
            "android.permission.BROADCAST_PACKAGE_ADDED",
            "android.permission.BROADCAST_PACKAGE_CHANGED",
            "android.permission.BROADCAST_PACKAGE_INSTALL",
            "android.permission.BROADCAST_PACKAGE_REPLACED",
            "android.permission.CALL_PHONE",
            "android.permission.CAMERA",
            "android.permission.CHANGE_CONFIGURATION",
            "android.permission.CHANGE_NETWORK_STATE",
            "android.permission.CHANGE_WIFI_STATE",
            "android.permission.FLASHLIGHT",
            "android.permission.FOREGROUND_SERVICE",
            "android.permission.GET_TASKS",
            "android.permission.INSTALL_SHORTCUT",
            "android.permission.INTERNET",
            "android.permission.MODIFY_AUDIO_SETTINGS",
            "android.permission.READ_EXTERNAL_STORAGE",
            "android.permission.READ_PHONE_STATE",
            "android.permission.RECORD_AUDIO",
            "android.permission.REORDER_TASKS",
            "android.permission.REQUEST_INSTALL_PACKAGES",
            "android.permission.SYSTEM_ALERT_WINDOW",
            "android.permission.UNINSTALL_SHORTCUT",
            "android.permission.UPDATE_APP_BADGE",
            "android.permission.USE_FINGERPRINT",
            "android.permission.USE_FULL_SCREEN_INTENT",
            "android.permission.VIBRATE",
            "android.permission.WAKE_LOCK",
            "android.permission.WRITE_EXTERNAL_STORAGE",
            "android.permission.WRITE_SETTINGS",
            "android.permission.WRITE_SYNC_SETTINGS",
            "app.cobo.launcher.permission.READ_SETTINGS",
            "app.cobo.launcher.permission.WRITE_SETTINGS",
            "cn.nubia.launcher.permission.READ_SETTINGS",
            "cn.nubia.launcher.permission.WRITE_SETTINGS",
            "com.Dean.launcher.permission.READ_SETTINGS",
            "com.Dean.launcher.permission.WRITE_SETTINGS",
            "com.aliyun.homeshell.permission.READ_SETTINGS",
            "com.aliyun.homeshell.permission.WRITE_SETTINGS",
            "com.alphalp.launcher.permission.READ_SETTINGS",
            "com.alphalp.launcher.permission.WRITE_SETTINGS",
            "com.anddoes.launcher.permission.READ_SETTINGS",
            "com.anddoes.launcher.permission.UPDATE_COUNT",
            "com.anddoes.launcher.permission.WRITE_SETTINGS",
            "com.android.launcher.permission.INSTALL_SHORTCUT",
            "com.android.launcher.permission.READ_SETTINGS",
            "com.android.launcher.permission.UNINSTALL_SHORTCUT",
            "com.android.launcher.permission.WRITE_SETTINGS",
            "com.android.launcher2.permission.READ_SETTINGS",
            "com.android.launcher2.permission.WRITE_SETTINGS",
            "com.android.launcher23.permission.READ_SETTINGS",
            "com.android.launcher23.permission.WRITE_SETTINGS",
            "com.android.launcher3.permission.READ_SETTINGS",
            "com.android.launcher3.permission.WRITE_SETTINGS",
            "com.android.lewalauncher.permission.READ_SETTINGS",
            "com.android.lewalauncher.permission.WRITE_SETTINGS",
            "com.android.mylauncher.permission.READ_SETTINGS",
            "com.android.mylauncher.permission.WRITE_SETTINGS",
            "com.android.sprdlauncher1.permission.READ_SETTINGS",
            "com.android.sprdlauncher1.permission.WRITE_SETTINGS",
            "com.android.sprdlauncher2.permission.READ_SETTINGS",
            "com.android.sprdlauncher2.permission.WRITE_SETTINGS",
            "com.android.tpwlauncher2.permission.READ_SETTINGS",
            "com.android.tpwlauncher2.permission.WRITE_SETTINGS",
            "com.asus.launcher3.permission.READ_SETTINGS",
            "com.asus.launcher3.permission.WRITE_SETTINGS",
            "com.asus.msa.SupplementaryDID.ACCESS",
            "com.baoruan.launcher2.permission.READ_SETTINGS",
            "com.baoruan.launcher2.permission.WRITE_SETTINGS",
            "com.bbk.launcher2.permission.READ_SETTINGS",
            "com.bbk.launcher2.permission.WRITE_SETTINGS",
            "com.dlto.atom.launcher.permission.READ_SETTINGS",
            "com.dlto.atom.launcher.permission.WRITE_SETTINGS",
            "com.ebproductions.android.launcher.permission.READ_SETTINGS",
            "com.ebproductions.android.launcher.permission.WRITE_SETTINGS",
            "com.epic.launcher.tw.permission.READ_SETTINGS",
            "com.epic.launcher.tw.permission.WRITE_SETTINGS",
            "com.fede.launcher.permission.READ_SETTINGS",
            "com.fede.launcher.permission.WRITE_SETTINGS",
            "com.fineos.launcher.permission.READ_SETTINGS",
            "com.fineos.launcher.permission.WRITE_SETTINGS",
            "com.gau.go.launcherex.permission.READ_SETTINGS",
            "com.gau.go.launcherex.permission.WRITE_SETTINGS",
            "com.google.android.launcher.permission.READ_SETTINGS",
            "com.google.android.launcher.permission.WRITE_SETTINGS",
            "com.hihonor.android.launcher.permission.CHANGE_BADGE",
            "com.hola.launcher.permission.READ_SETTINGS",
            "com.hola.launcher.permission.WRITE_SETTINGS",
            "com.htc.launcher.permission.READ_SETTINGS",
            "com.htc.launcher.permission.UPDATE_SHORTCUT",
            "com.htc.launcher.permission.WRITE_SETTINGS",
            "com.huaqin.launcherEx.permission.READ_SETTINGS",
            "com.huaqin.launcherEx.permission.WRITE_SETTINGS",
            "com.huawei.android.launcher.permission.CHANGE_BADGE",
            "com.huawei.android.launcher.permission.READ_SETTINGS",
            "com.huawei.android.launcher.permission.WRITE_SETTINGS",
            "com.huawei.appmarket.service.commondata.permission.GET_COMMON_DATA",
            "com.huawei.launcher.permission.READ_SETTINGS",
            "com.huawei.launcher.permission.WRITE_SETTINGS",
            "com.huawei.launcher2.permission.READ_SETTINGS",
            "com.huawei.launcher2.permission.WRITE_SETTINGS",
            "com.huawei.launcher3.permission.READ_SETTINGS",
            "com.huawei.launcher3.permission.WRITE_SETTINGS",
            "com.iLoong.permission.READ_SETTINGS",
            "com.iLoong.permission.WRITE_SETTINGS",
            "com.ibingo.launcher.permission.READ_SETTINGS",
            "com.ibingo.launcher.permission.WRITE_SETTINGS",
            "com.jui.launcher3.permission.READ_SETTINGS",
            "com.jui.launcher3.permission.WRITE_SETTINGS",
            "com.konka.launcher2.permission.READ_SETTINGS",
            "com.konka.launcher2.permission.WRITE_SETTINGS",
            "com.l.launcher.permission.READ_SETTINGS",
            "com.l.launcher.permission.WRITE_SETTINGS",
            "com.lenovo.launcher.permission.READ_SETTINGS",
            "com.lenovo.launcher.permission.WRITE_SETTINGS",
            "com.lge.launcher.permission.READ_SETTINGS",
            "com.lge.launcher.permission.WRITE_SETTINGS",
            "com.lo.launcher.permission.READ_SETTINGS",
            "com.lo.launcher.permission.WRITE_SETTINGS",
            "com.lollipop.launcher.permission.READ_SETTINGS",
            "com.lollipop.launcher.permission.WRITE_SETTINGS",
            "com.majeur.launcher.permission.UPDATE_BADGE",
            "com.meizu.c2dm.permission.RECEIVE",
            "com.meizu.flyme.launcher.permission.READ_SETTINGS",
            "com.meizu.flyme.launcher.permission.WRITE_SETTINGS",
            "com.meizu.flyme.push.permission.RECEIVE",
            "com.mgyun.permission.READ_SETTINGS",
            "com.mgyun.permission.WRITE_SETTINGS",
            "com.microsoft.launcher.permission.READ_SETTINGS",
            "com.microsoft.launcher.permission.WRITE_SETTINGS",
            "com.modaco.android.launchergb.permission.READ_SETTINGS",
            "com.modaco.android.launchergb.permission.WRITE_SETTINGS",
            "com.mx.launcher.permission.READ_SETTINGS",
            "com.mx.launcher.permission.WRITE_SETTINGS",
            "com.mycheering.launcher.permission.READ_SETTINGS",
            "com.mycheering.launcher.permission.WRITE_SETTINGS",
            "com.nd.android.launcher.permission.READ_SETTINGS",
            "com.nd.android.launcher.permission.WRITE_SETTINGS",
            "com.nicelauncher.lolauncher.permission.READ_SETTINGS",
            "com.nicelauncher.lolauncher.permission.WRITE_SETTINGS",
            "com.oppo.launcher.permission.READ_SETTINGS",
            "com.oppo.launcher.permission.WRITE_SETTINGS",
            "com.qihoo360.home.permission.READ_SETTINGS",
            "com.qihoo360.home.permission.WRITE_SETTINGS",
            "com.qihoo360.launcher.permission.READ_SETTINGS",
            "com.qihoo360.launcher.permission.WRITE_SETTINGS",
            "com.s.launcher.permission.READ_SETTINGS",
            "com.s.launcher.permission.WRITE_SETTINGS",
            "com.sec.android.app.launcher.permission.READ_SETTINGS",
            "com.sec.android.app.launcher.permission.WRITE_SETTINGS",
            "com.sec.android.app.twlauncher.READ_SETTINGS",
            "com.sec.android.app.twlauncher.WRITE_SETTINGS",
            "com.sec.android.app.twlauncher.settings.READ_SETTINGS",
            "com.sec.android.app.twlauncher.settings.WRITE_SETTINGS",
            "com.sec.android.provider.badge.permission.READ",
            "com.sec.android.provider.badge.permission.WRITE",
            "com.slim.slimlauncher.permission.READ_SETTINGS",
            "com.slim.slimlauncher.permission.WRITE_SETTINGS",
            "com.smartisanos.launcher.READ_DATABASE",
            "com.smartisanos.launcher.WRITE_DATABASE",
            "com.smartisanos.launcher.data.ExportDataProvider",
            "com.sonyericsson.home.permission.BROADCAST_BADGE",
            "com.sonymobile.home.permission.PROVIDER_INSERT_BADGE",
            "com.ss.android.homed.miniapp.PROCESS_COMMUNICATION",
            "com.ss.android.homed.permission.C2D_MESSAGE",
            "com.ss.android.homed.permission.MIPUSH_RECEIVE",
            "com.ss.android.homed.permission.PROCESS_PUSH_MSG",
            "com.ss.android.homed.permission.PUSH_PROVIDER",
            "com.ss.android.homed.push.permission.MESSAGE",
            "com.tencent.qqlauncher.permission.READ_SETTINGS",
            "com.tencent.qqlauncher.permission.WRITE_SETTINGS",
            "com.teslacoilsw.launcher.permission.READ_SETTINGS",
            "com.teslacoilsw.launcher.permission.WRITE_SETTINGS",
            "com.vivo.notification.permission.BADGE_ICON",
            "com.zte.lqsoft.launcher.permission.READ_SETTINGS",
            "com.zte.lqsoft.launcher.permission.WRITE_SETTINGS",
            "com.zte.mifavor.launcher.permission.READ_SETTINGS",
            "com.zte.mifavor.launcher.permission.WRITE_SETTINGS",
            "com.zte.mobile.ZteLauncher3D.permission.READ_SETTINGS",
            "com.zte.mobile.ZteLauncher3D.permission.WRITE_SETTINGS",
            "com.ztemt.launcher.permission.READ_SETTINGS",
            "com.ztemt.launcher.permission.WRITE_SETTINGS",
            "com.zui.launcher.permission.READ_SETTINGS",
            "com.zui.launcher.permission.WRITE_SETTINGS",
            "me.everything.badger.permission.BADGE_COUNT_READ",
            "me.everything.badger.permission.BADGE_COUNT_WRITE",
            "mediatek.permission.ACCESS_APU_SYS",
            "net.qihoo.launcher.permission.READ_SETTINGS",
            "net.qihoo.launcher.permission.WRITE_SETTINGS",
            "org.adw.launcher.permission.READ_SETTINGS",
            "org.adw.launcher.permission.WRITE_SETTINGS",
            "org.adw.launcher_donut.permission.READ_SETTINGS",
            "org.adw.launcher_donut.permission.WRITE_SETTINGS",
            "org.adwfreak.launcher.permission.READ_SETTINGS",
            "org.adwfreak.launcher.permission.WRITE_SETTINGS",
            "telecom.mdesk.permission.READ_SETTINGS",
            "telecom.mdesk.permission.WRITE_SETTINGS"
        ],
        "activities": [
            "com.bytedance.bdp.bdpplatform.service.image.PreviewImageActivity",
            "com.bytedance.bdp.service.plug.image.fresco.PreviewImageFrescoActivity",
            "com.bytedance.bdp.unitycontainer.launch.UCLaunchActivity0",
            "com.bytedance.bdp.unitycontainer.launch.UCLaunchActivity1",
            "com.bytedance.bdp.unitycontainer.launch.UCLaunchActivity2",
            "com.bytedance.bdp.unitycontainer.launch.UCLaunchActivity3",
            "com.bytedance.mira.MiraErrorBackupActivity",
            "com.bytedance.mira.MiraPluginListActivity",
            "com.bytedance.mira.stub.PluginLoaderActivity",
            "com.bytedance.mira.stub.RedirectActivity",
            "com.bytedance.mira.stub.p0.StubSingleInstanceActivity1",
            "com.bytedance.mira.stub.p0.StubSingleInstanceActivity2",
            "com.bytedance.mira.stub.p0.StubSingleInstanceActivity3",
            "com.bytedance.mira.stub.p0.StubSingleInstanceActivity4",
            "com.bytedance.mira.stub.p0.StubSingleInstanceActivity5",
            "com.bytedance.mira.stub.p0.StubSingleTaskActivity1",
            "com.bytedance.mira.stub.p0.StubSingleTaskActivity2",
            "com.bytedance.mira.stub.p0.StubSingleTaskActivity3",
            "com.bytedance.mira.stub.p0.StubSingleTaskActivity4",
            "com.bytedance.mira.stub.p0.StubSingleTaskActivity5",
            "com.bytedance.mira.stub.p0.StubSingleTopActivity1",
            "com.bytedance.mira.stub.p0.StubSingleTopActivity2",
            "com.bytedance.mira.stub.p0.StubSingleTopActivity3",
            "com.bytedance.mira.stub.p0.StubSingleTopActivity4",
            "com.bytedance.mira.stub.p0.StubSingleTopActivity5",
            "com.bytedance.mira.stub.p0.StubStandardActivity1",
            "com.bytedance.mira.stub.p0.StubStandardActivity10",
            "com.bytedance.mira.stub.p0.StubStandardActivity2",
            "com.bytedance.mira.stub.p0.StubStandardActivity3",
            "com.bytedance.mira.stub.p0.StubStandardActivity4",
            "com.bytedance.mira.stub.p0.StubStandardActivity5",
            "com.bytedance.mira.stub.p0.StubStandardActivity6",
            "com.bytedance.mira.stub.p0.StubStandardActivity7",
            "com.bytedance.mira.stub.p0.StubStandardActivity8",
            "com.bytedance.mira.stub.p0.StubStandardActivity9",
            "com.bytedance.mira.stub.p0.StubTranslucentActivity",
            "com.bytedance.mira.stub.p1.StubSingleInstanceActivity1",
            "com.bytedance.mira.stub.p1.StubSingleInstanceActivity2",
            "com.bytedance.mira.stub.p1.StubSingleInstanceActivity3",
            "com.bytedance.mira.stub.p1.StubSingleTaskActivity1",
            "com.bytedance.mira.stub.p1.StubSingleTaskActivity2",
            "com.bytedance.mira.stub.p1.StubSingleTaskActivity3",
            "com.bytedance.mira.stub.p1.StubSingleTopActivity1",
            "com.bytedance.mira.stub.p1.StubSingleTopActivity2",
            "com.bytedance.mira.stub.p1.StubSingleTopActivity3",
            "com.bytedance.mira.stub.p1.StubStandardActivity1",
            "com.bytedance.mira.stub.p1.StubStandardActivity2",
            "com.bytedance.mira.stub.p1.StubStandardActivity3",
            "com.bytedance.mira.stub.p1.StubStandardActivity4",
            "com.bytedance.mira.stub.p1.StubStandardActivity5",
            "com.bytedance.mira.stub.p1.StubTranslucentActivity",
            "com.bytedance.notification.activity.BannerActivity",
            "com.bytedance.notification.activity.PushBannerActivity",
            "com.bytedance.notification.activity.SmpBannerActivity",
            "com.bytedance.push.notification.PassThoughActivity",
            "com.bytedance.push.notification.PushActivity",
            "com.bytedance.sdk.account.open.tt.impl.TTWebAuthorizeActivity",
            "com.bytedance.sdk.open.aweme.authorize.ui.AwemeWebAuthorizeActivity",
            "com.bytedance.sdk.open.aweme.authorize.ui.TikTokWebAuthorizeActivity",
            "com.bytedance.stark.StarkPlayerActivity",
            "com.epicgames.ue4.SplashActivity",
            "com.huawei.android.pushagent.permission.PermissionsMgrActivity",
            "com.huawei.hms.activity.BridgeActivity",
            "com.huawei.hms.activity.EnableServiceActivity",
            "com.huawei.updatesdk.service.otaupdate.AppUpdateActivity",
            "com.huawei.updatesdk.support.pm.PackageInstallerActivity",
            "com.kepler.jd.login.AuthSuccessActivity",
            "com.kepler.jd.sdk.KeplerMidActivity",
            "com.kepler.jd.sdk.WebViewActivity",
            "com.ss.android.ShowDialogActivity",
            "com.ss.android.deviceregister.AActivity",
            "com.ss.android.downloadlib.activity.JumpKllkActivity",
            "com.ss.android.downloadlib.activity.TTDelegateActivity",
            "com.ss.android.downloadlib.addownload.compliance.AppDetailInfoActivity",
            "com.ss.android.downloadlib.addownload.compliance.AppPrivacyPolicyActivity",
            "com.ss.android.homed.SplashActivity",
            "com.ss.android.homed.lynx.projectmode.LynxDebugActivity",
            "com.ss.android.homed.lynx.projectmode.LynxDebugProxyActivity",
            "com.ss.android.homed.pm_ad.adback.AdBackActivity",
            "com.ss.android.homed.pm_ad.comment.AdCommentListActivity",
            "com.ss.android.homed.pm_ad.videowebpage.ADVideoWebPageActivity",
            "com.ss.android.homed.pm_ad.webpage.ADSettingWebPageActivity",
            "com.ss.android.homed.pm_ad.webpage.ADWebPageActivity",
            "com.ss.android.homed.pm_app_base.MainTabActivity",
            "com.ss.android.homed.pm_app_base.advisoryinfobutton.ChooseSignedStateActivity",
            "com.ss.android.homed.pm_app_base.mira.pluginloading.PluginLoadingActivity",
            "com.ss.android.homed.pm_app_base.mira.pluginloading.PluginLoadingOptActivity",
            "com.ss.android.homed.pm_app_base.nointerest.dialog.DisLikeDialogActivity",
            "com.ss.android.homed.pm_app_base.report.ReportActivity",
            "com.ss.android.homed.pm_app_base.web.czjz.WebCzjzActivity",
            "com.ss.android.homed.pm_app_base.web.dycertificate.DYCertificateFailActivity",
            "com.ss.android.homed.pm_app_base.web.kujiale.WebKuJiaLeActivity",
            "com.ss.android.homed.pm_app_base.web.search.WebSearchActivity",
            "com.ss.android.homed.pm_app_base.web.search.WebSearchAnchorTabActivity",
            "com.ss.android.homed.pm_app_base.web.ui.WebActivity",
            "com.ss.android.homed.pm_article.ArticleDetailActivity",
            "com.ss.android.homed.pm_article.guide.GuideFreeDesignDialogActivity",
            "com.ss.android.homed.pm_article.guide.GuideGiftDialogActivity",
            "com.ss.android.homed.pm_basic_version.view.BasicVersionActivity",
            "com.ss.android.homed.pm_chooser.choose.view.activity.ChooseActivity",
            "com.ss.android.homed.pm_chooser.preview.ImageChoosePreviewActivity",
            "com.ss.android.homed.pm_circle.circle.circlelist.CircleListActivity",
            "com.ss.android.homed.pm_circle.circle.detail.CircleDetailActivity",
            "com.ss.android.homed.pm_comment.commentdialog.CommentDialogActivity",
            "com.ss.android.homed.pm_comment.commentlist.CommentListActivity",
            "com.ss.android.homed.pm_douyin.DYEntryActivity",
            "com.ss.android.homed.pm_essay.essaylist.EssayListActivity",
            "com.ss.android.homed.pm_feature.FeatureActivity",
            "com.ss.android.homed.pm_feed.editorselection.EditorSelectionActivity",
            "com.ss.android.homed.pm_feed.feedlist.FeedListActivity",
            "com.ss.android.homed.pm_feed.housecase.HouseCaseListActivity",
            "com.ss.android.homed.pm_feed.imagefeed.ImageFeedListActivity",
            "com.ss.android.homed.pm_feed.locate.new_struct.AllCategoryActivity",
            "com.ss.android.homed.pm_feed.newhousecase.HouseCaseListNewActivity",
            "com.ss.android.homed.pm_feed.originalchannel.category.OriginalChannelAllCategoryActivity",
            "com.ss.android.homed.pm_feed.originalchannel.categorydetail.CategoryDetailActivity",
            "com.ss.android.homed.pm_feed.originalchannel.videodetail.OrginalChannelDetailActivity",
            "com.ss.android.homed.pm_feed.picture_collection.view.PictureCollectionActivity",
            "com.ss.android.homed.pm_feed.tagfeed.TagFeedActivity",
            "com.ss.android.homed.pm_feed.threedcasefeed.detail.ThreeDCaseFeedListDetailActivity",
            "com.ss.android.homed.pm_gallery.gallerydetail.GalleryActivity",
            "com.ss.android.homed.pm_gallery.originimage.OriginImageActivity",
            "com.ss.android.homed.pm_guide.newuser.GuideActivity",
            "com.ss.android.homed.pm_guide.push.activity.NewPushOpenDialogActivity",
            "com.ss.android.homed.pm_guide.push.activity.PushOpenDialogActivity",
            "com.ss.android.homed.pm_home.CreateCollectInfoActivity",
            "com.ss.android.homed.pm_home.chooseaddress.ChooseAddressActivity",
            "com.ss.android.homed.pm_home.decorate.business.BusinessListActivity",
            "com.ss.android.homed.pm_home.decorate.decoratepackage.DecoratePackageListActivity",
            "com.ss.android.homed.pm_home.decorate.designer.DesignerListActivity",
            "com.ss.android.homed.pm_home.decorate.keepInfo.KeepInfoActivity",
            "com.ss.android.homed.pm_home.decorate.search.SearchCityActivityNew",
            "com.ss.android.homed.pm_home.decorate.search.SelectCityActivity",
            "com.ss.android.homed.pm_home.decorate.search.scene.SceneSelectCityActivity",
            "com.ss.android.homed.pm_home.decoratehelper.DecorateHelperActivity",
            "com.ss.android.homed.pm_home.decoratehelper.decorateInfo.DecorateInfoActivity",
            "com.ss.android.homed.pm_home.decorationInfo.DecorationInfoV3Activity",
            "com.ss.android.homed.pm_home.nearcompany.NearCompanyActivity",
            "com.ss.android.homed.pm_home.pedia.DecoratePediaActivity",
            "com.ss.android.homed.pm_home.searchaddress.SearchAddressActivity",
            "com.ss.android.homed.pm_house_case.image_gather.ImageGatherActivity",
            "com.ss.android.homed.pm_illegal_detail.view.IllegalDetailActivity",
            "com.ss.android.homed.pm_im.auto.EditAutoActivity",
            "com.ss.android.homed.pm_im.chat.ChatActivity",
            "com.ss.android.homed.pm_im.chat.SelectDesignProductBottomActivity",
            "com.ss.android.homed.pm_im.chat.helper.HelperActivity",
            "com.ss.android.homed.pm_im.chat.history.HistoryImActivity",
            "com.ss.android.homed.pm_im.chat.score.ServiceScoreActivity",
            "com.ss.android.homed.pm_im.clue.demand.DemandDetailActivity",
            "com.ss.android.homed.pm_im.clue.detail.ClueDetailActivity",
            "com.ss.android.homed.pm_im.clue.write.DecorationWriteActivity",
            "com.ss.android.homed.pm_im.conversationlist.ConversationListActivity",
            "com.ss.android.homed.pm_im.fake_im.FakeImEntryActivity",
            "com.ss.android.homed.pm_im.gallery.IMGalleryActivity",
            "com.ss.android.homed.pm_im.greeting.EditGreetingActivity",
            "com.ss.android.homed.pm_im.suggest.add.AddSuggestActivity",
            "com.ss.android.homed.pm_im.suggest.edit.EditSuggestActivity",
            "com.ss.android.homed.pm_im.suggest.list.SuggestListActivity",
            "com.ss.android.homed.pm_live.feed.LiveFeedActivity",
            "com.ss.android.homed.pm_mall.GoodCardListActivity",
            "com.ss.android.homed.pm_mall.imagegoods.ImageGoodsActivity",
            "com.ss.android.homed.pm_mall.imagegoods.dialog.ImageGoodsGuideDialogActivity",
            "com.ss.android.homed.pm_mall.mall.MallActivity",
            "com.ss.android.homed.pm_mall.mall.coupon.view.MallGoodsCouponActivity",
            "com.ss.android.homed.pm_mall.mall.flashsale.MallFlashSaleListActivity",
            "com.ss.android.homed.pm_mall.publictest.PublicTestListActivity",
            "com.ss.android.homed.pm_mall.publictest.pastactivity.PastActivityListActivity",
            "com.ss.android.homed.pm_message.MessageCenterActivity",
            "com.ss.android.homed.pm_message.fragment.ec.servicenotification.EcServiceNotificationActivity",
            "com.ss.android.homed.pm_message.fragment.interaction.InteractionMessageActivity",
            "com.ss.android.homed.pm_message.fragment.latest.LatestRecommendActivity",
            "com.ss.android.homed.pm_message.fragment.system.SystemRecommendActivity",
            "com.ss.android.homed.pm_message.setting.SettingActivity",
            "com.ss.android.homed.pm_operate.diagnosis.diagnosiscreate.DiagnosisCreateActivity",
            "com.ss.android.homed.pm_operate.diagnosis.diagnosisdetail.DiagnosisDetailActivity",
            "com.ss.android.homed.pm_operate.diagnosis.diagnosismy.DiagnosisMyActivity",
            "com.ss.android.homed.pm_operate.diagnosis.expertdiagnosislist.ExpertDiagnosisListActivity",
            "com.ss.android.homed.pm_operate.diagnosis.expertranklist.ExpertRankListActivity",
            "com.ss.android.homed.pm_operate.diagnosis.homediagnosislist.HomeDiagnosisListActivity",
            "com.ss.android.homed.pm_operate.diagnosis.housetype.CreateHouseTypeActivity",
            "com.ss.android.homed.pm_operate.diagnosis.interact.comment.create.CreateDiagnosisResultEvaluationActivity",
            "com.ss.android.homed.pm_operate.diagnosis.interact.comment.detail.DiagnosisResultEvaluationDetailActivity",
            "com.ss.android.homed.pm_operate.diagnosis.interact.guide.ServiceGuideActivity",
            "com.ss.android.homed.pm_operate.diagnosis.waitdiagnosislist.WaitDiagnosisListActivity",
            "com.ss.android.homed.pm_panorama.detail.PanoramaDetailActivity",
            "com.ss.android.homed.pm_panorama.feedback.AIRoomFeedbackActivity",
            "com.ss.android.homed.pm_panorama.housedesign.choosemode.ChooseModeActivity",
            "com.ss.android.homed.pm_panorama.housedesign.gallery.HouseDesignGalleryActivity",
            "com.ss.android.homed.pm_panorama.housedesign.home.HouseDesignHomeActivity",
            "com.ss.android.homed.pm_panorama.housedesign.loading.HouseDesignLoadingActivity",
            "com.ss.android.homed.pm_panorama.housedesign.search.HouseTypeSearchActivity",
            "com.ss.android.homed.pm_panorama.housedesign.search.list.HouseTypeListActivity",
            "com.ss.android.homed.pm_panorama.housedesign.style.HouseDesignChooseStyleActivity",
            "com.ss.android.homed.pm_panorama.houseuploader.HouseTypeUploadActivity",
            "com.ss.android.homed.pm_panorama.location.PanoramaLocationActivity",
            "com.ss.android.homed.pm_panorama.threed.ThreeDRoomDesignActivity",
            "com.ss.android.homed.pm_player.videodetail.PlayActivity",
            "com.ss.android.homed.pm_player.videodetail.home.HomeVideoDetailActivity",
            "com.ss.android.homed.pm_publish.publish.PublishActivity",
            "com.ss.android.homed.pm_publish.publish.SelectTagActivity",
            "com.ss.android.homed.pm_publish.publish.circle.CircleListActivity",
            "com.ss.android.homed.pm_publish.publish.dialog.FirstDiaryPublishDialogActivity",
            "com.ss.android.homed.pm_publish.publish.dialog.FirstPublishDialogActivity",
            "com.ss.android.homed.pm_publish.publish.dialog.PublishFeedbackDialog",
            "com.ss.android.homed.pm_publish.publish.mention.MentionActivity",
            "com.ss.android.homed.pm_publish.publish.menu.PublishMenuActivity",
            "com.ss.android.homed.pm_publish.publish.tag.PicTagActivity",
            "com.ss.android.homed.pm_publish.publish.tag.goodstag.GoodsTagActivity",
            "com.ss.android.homed.pm_publish.publish.tag.search.TagSearchActivity",
            "com.ss.android.homed.pm_publish.publish.view.PublishFailDialog",
            "com.ss.android.homed.pm_publish.publish.view.PublishSuccessDialog",
            "com.ss.android.homed.pm_publish.publish.view.PublishVideoFailDialog",
            "com.ss.android.homed.pm_qq.QQEntryActivity",
            "com.ss.android.homed.pm_search.qasearch.SearchActivity",
            "com.ss.android.homed.pm_topic.topiclist.TopicChannelListActivity",
            "com.ss.android.homed.pm_toutiao.TtEntryActivity",
            "com.ss.android.homed.pm_usercenter.about.AboutActivity",
            "com.ss.android.homed.pm_usercenter.about.license.LicenseActivity",
            "com.ss.android.homed.pm_usercenter.account.AccountSettingActivity",
            "com.ss.android.homed.pm_usercenter.account.advanced.AdvancedSettingActivity",
            "com.ss.android.homed.pm_usercenter.account.advanced.cancel.CancelAccountActivity",
            "com.ss.android.homed.pm_usercenter.account.password.PasswordActionActivity",
            "com.ss.android.homed.pm_usercenter.account.phone.PhoneActionActivity",
            "com.ss.android.homed.pm_usercenter.account.phone.old.VerifyOldPhoneActivity",
            "com.ss.android.homed.pm_usercenter.author.articlelist.ArticleListActivity",
            "com.ss.android.homed.pm_usercenter.author.designcase.DesignCaseListActivity",
            "com.ss.android.homed.pm_usercenter.author.imagelist.ArticleImagesActivity",
            "com.ss.android.homed.pm_usercenter.authortask.AuthorLevelActivity",
            "com.ss.android.homed.pm_usercenter.authortask.taskcentre.TaskCentreActivity",
            "com.ss.android.homed.pm_usercenter.blacklist.BlackListActivity",
            "com.ss.android.homed.pm_usercenter.creatorcenter.CreatorCenterActivity",
            "com.ss.android.homed.pm_usercenter.creatorcenter.works.CreatorWorksActivity",
            "com.ss.android.homed.pm_usercenter.decorationinfo.DecorationInfoActivity",
            "com.ss.android.homed.pm_usercenter.decorationinfo.v2.DecorationInfoV2Activity",
            "com.ss.android.homed.pm_usercenter.draft.DraftListActivity",
            "com.ss.android.homed.pm_usercenter.favorite.article.ArticleFavoriteActivity",
            "com.ss.android.homed.pm_usercenter.favorite.image.ImageFavoriteActivity",
            "com.ss.android.homed.pm_usercenter.favorpacket.contentlist.FavorContentActivity",
            "com.ss.android.homed.pm_usercenter.favorpacket.createpacket.FavorPacketCreateActivity",
            "com.ss.android.homed.pm_usercenter.favorpacket.packetlist.FavorPacketListActivity",
            "com.ss.android.homed.pm_usercenter.favorpacket.packetlist.dialog.FavorPacketListDialogActivity",
            "com.ss.android.homed.pm_usercenter.favorpacket.packetlist.dialog.FavorSuccessGuideDialogActivity",
            "com.ss.android.homed.pm_usercenter.feedback.FeedbackActivity",
            "com.ss.android.homed.pm_usercenter.feedback.FeedbackMessageActivity",
            "com.ss.android.homed.pm_usercenter.feedback.help.FeedbackHelpActivity",
            "com.ss.android.homed.pm_usercenter.feedback.help.detail.FeedbackHelpDetailActivity",
            "com.ss.android.homed.pm_usercenter.follow.author.FollowListActivity",
            "com.ss.android.homed.pm_usercenter.follow.topic.FollowTopicActivity",
            "com.ss.android.homed.pm_usercenter.history.BrowsingHistoryActivity",
            "com.ss.android.homed.pm_usercenter.history.digg.DiggHistoryActivity",
            "com.ss.android.homed.pm_usercenter.login.LoginActivity",
            "com.ss.android.homed.pm_usercenter.login.login4Live.Login4LiveActivity",
            "com.ss.android.homed.pm_usercenter.loginmini.LoginMiniActivity",
            "com.ss.android.homed.pm_usercenter.modify.ModifyActivity",
            "com.ss.android.homed.pm_usercenter.other.subpage.comment.commentdetail.activity.CommentDetailActivity",
            "com.ss.android.homed.pm_usercenter.other.subpage.comment.commentlist.activity.CommentListActivity",
            "com.ss.android.homed.pm_usercenter.other.subpage.comment.writecomment.activity.WriteCommentActivity",
            "com.ss.android.homed.pm_usercenter.other.subpage.designer.activity.DesignerTeamActivity",
            "com.ss.android.homed.pm_usercenter.other.subpage.goods.activity.GoodsListActivity",
            "com.ss.android.homed.pm_usercenter.other.subpage.hotactivity.HotActivityActivity",
            "com.ss.android.homed.pm_usercenter.other.subpage.info.activity.InfoActivity",
            "com.ss.android.homed.pm_usercenter.other.subpage.local.LocalRecommendActivity",
            "com.ss.android.homed.pm_usercenter.other.subpage.plantseed.activity.PlantSeedListActivity",
            "com.ss.android.homed.pm_usercenter.other.subpage.rank.BusinessRankActivity",
            "com.ss.android.homed.pm_usercenter.other.subpage.realcase.activity.RealCaseListActivity",
            "com.ss.android.homed.pm_usercenter.other.subpage.storelist.activity.StoreListActivity",
            "com.ss.android.homed.pm_usercenter.other.subpage.threedcase.activity.ThreeDCaseListActivity",
            "com.ss.android.homed.pm_usercenter.other.subpage.topic.activity.TopicListActivity",
            "com.ss.android.homed.pm_usercenter.other.view.activity.OtherActivity",
            "com.ss.android.homed.pm_usercenter.other.view.fragment.designer.dynamic.DesignerDynamicActivity",
            "com.ss.android.homed.pm_usercenter.other.view.fragment.sku.SkuActivity",
            "com.ss.android.homed.pm_usercenter.other.view.fragment.workcollection.activity.WorkCollectionActivity",
            "com.ss.android.homed.pm_usercenter.privacy.PrivacyActivity",
            "com.ss.android.homed.pm_usercenter.setting.SettingActivity",
            "com.ss.android.homed.pm_usercenter.space.mine.MineHomeActivity",
            "com.ss.android.homed.pm_usercenter.space.tag.SpaceTagListActivity",
            "com.ss.android.homed.pm_weapon.avoid_trap.detail.AvoidTrapDetailActivity",
            "com.ss.android.homed.pm_weapon.avoid_trap.list.AvoidTrapListActivity",
            "com.ss.android.homed.pm_weapon.content_score.ContentScoreActivity",
            "com.ss.android.homed.pm_weapon.home_customize.HomeCustomizeActivity",
            "com.ss.android.homed.pm_weapon.home_customize.room_list.RoomListActivity",
            "com.ss.android.homed.pm_weapon.inspiration.HomeInspirationActivity",
            "com.ss.android.homed.pm_weapon.inspiration.list.InspirationListActivity",
            "com.ss.android.homed.pm_weapon.inspiration.list.SimilarCaseListActivity",
            "com.ss.android.homed.pm_weapon.kg_page.KgPageActivity",
            "com.ss.android.homed.project.download.DownloadActivity",
            "com.ss.android.homed.project.serverdebug.ServerDebugActivity",
            "com.ss.android.homed.project.ui.CookieActivity",
            "com.ss.android.homed.project.ui.JSBridgeActivity",
            "com.ss.android.homed.project.ui.ProjectActivity",
            "com.ss.android.homed.project.ui.SpecifyGIDArticleActivity",
            "com.ss.android.homed.project.ui.UserInfoEnterActivity",
            "com.ss.android.homed.project.ui.WebEnterActivity",
            "com.ss.android.homed.project.ui.XENVActivity",
            "com.ss.android.homed.project.ui.newproject.AnywhereDoorActivity",
            "com.ss.android.homed.project.ui.newproject.AppInfoProjectActivity",
            "com.ss.android.homed.project.ui.newproject.AppLogProjectActivity",
            "com.ss.android.homed.project.ui.newproject.CrashTestActivity",
            "com.ss.android.homed.project.ui.newproject.DesignerTestChangeActivity",
            "com.ss.android.homed.project.ui.newproject.FixCharlesActivity",
            "com.ss.android.homed.project.ui.newproject.FontTestActivity",
            "com.ss.android.homed.project.ui.newproject.GidProjectActivity",
            "com.ss.android.homed.project.ui.newproject.GitInfoActivity",
            "com.ss.android.homed.project.ui.newproject.LancetHookTestActivity",
            "com.ss.android.homed.project.ui.newproject.MiniAppTestActivity",
            "com.ss.android.homed.project.ui.newproject.MiraUninstallActivity",
            "com.ss.android.homed.project.ui.newproject.PerfOptActivity",
            "com.ss.android.homed.project.ui.newproject.ProjectEnterActivity",
            "com.ss.android.homed.project.ui.newproject.ScanTestActivity",
            "com.ss.android.homed.project.ui.newproject.SchemeRouterActivity",
            "com.ss.android.homed.project.ui.newproject.ServerDebugNewActivity",
            "com.ss.android.homed.project.ui.newproject.SpFlagActivity",
            "com.ss.android.homed.project.ui.newproject.UidProjectActivity",
            "com.ss.android.homed.wxapi.WXEntryActivity",
            "com.ss.android.homed.wxapi.WXPayEntryActivity",
            "com.ss.android.socialbase.appdownloader.view.DownloadTaskDeleteActivity",
            "com.ss.android.socialbase.appdownloader.view.JumpUnknownSourceActivity",
            "com.sup.android.utils.permission.request.PermissionRequestActivity",
            "com.sup.android.web.BrowserActivity",
            "com.tencent.connect.common.AssistActivity",
            "com.tencent.tauth.AuthActivity",
            "com.tt.miniapp.about.AboutActivity",
            "com.tt.miniapp.about.MicroAppSubjectInfoActivity",
            "com.tt.miniapp.activity.KeepActivity",
            "com.tt.miniapp.activity.MoveHostFrontActivity",
            "com.tt.miniapp.activity.OpenSchemaHostStackRelayActivity",
            "com.tt.miniapp.activity.OpenSchemaRelayActivity",
            "com.tt.miniapp.business.extra.launchapp.LaunchAppMiddleActivity",
            "com.tt.miniapp.business.pay.OnePixelPayActivity",
            "com.tt.miniapp.chooser.PickerActivity",
            "com.tt.miniapp.chooser.PreviewActivity",
            "com.tt.miniapp.container.MiniAppContainerActivity0",
            "com.tt.miniapp.container.MiniAppContainerActivity1",
            "com.tt.miniapp.container.MiniAppContainerActivity2",
            "com.tt.miniapp.container.MiniAppContainerActivity3",
            "com.tt.miniapp.container.MiniAppContainerActivity4",
            "com.tt.miniapp.document.AppbrandOpenDocumentActivity",
            "com.tt.miniapp.facialverify.FacialVerifyProtocolActivity",
            "com.tt.miniapp.facialverify.OnePixelFacialVerifyActivity",
            "com.tt.miniapp.feedback.FeedbackRecordActivity",
            "com.tt.miniapp.feedback.entrance.FAQActivity",
            "com.tt.miniapp.map.AppbrandChooseLocationActivity",
            "com.tt.miniapp.map.AppbrandMapActivity",
            "com.tt.miniapp.permission.PermissionSettingActivity",
            "com.tt.miniapp.settings.ProjectSettingsActivity",
            "com.tt.miniapp.subscribe.SubscriptionSettingsActivity",
            "com.tt.miniapphost.ad.ipc.AdIpcActivity",
            "com.tt.miniapphost.placeholder.MiniAppHostActivity0",
            "com.tt.miniapphost.placeholder.MiniAppHostActivity1",
            "com.tt.miniapphost.placeholder.MiniAppHostActivity2",
            "com.tt.miniapphost.placeholder.MiniAppHostActivity3",
            "com.tt.miniapphost.placeholder.MiniAppHostFloatStyleActivity0",
            "com.tt.miniapphost.placeholder.MiniAppHostFloatStyleActivity1",
            "com.tt.miniapphost.placeholder.MiniAppHostFloatStyleActivity2",
            "com.tt.miniapphost.placeholder.MiniAppHostFloatStyleActivity3",
            "com.tt.miniapphost.placeholder.MiniAppHostStackActivity0",
            "com.tt.miniapphost.placeholder.MiniAppHostStackActivity1",
            "com.tt.miniapphost.placeholder.MiniAppHostStackActivity2",
            "com.tt.miniapphost.placeholder.MiniAppHostStackActivity3",
            "com.tt.miniapphost.placeholder.MiniAppInHostStackActivity0",
            "com.tt.miniapphost.placeholder.MiniAppInHostStackActivity1",
            "com.tt.miniapphost.placeholder.MiniAppInHostStackActivity2",
            "com.tt.miniapphost.placeholder.MiniAppInHostStackActivity3",
            "com.tt.miniapphost.placeholder.MiniAppInHostStackActivity4",
            "com.tt.miniapphost.placeholder.MiniAppTransInHostStackActivity0",
            "com.tt.miniapphost.placeholder.MiniAppTransInHostStackActivity1",
            "com.tt.miniapphost.placeholder.MiniAppTransInHostStackActivity2",
            "com.tt.miniapphost.placeholder.MiniAppTransInHostStackActivity3",
            "com.tt.miniapphost.placeholder.MiniAppTransInHostStackActivity4",
            "com.tt.miniapphost.placeholder.MiniAppTranslucentActivity0",
            "com.tt.miniapphost.placeholder.MiniAppTranslucentActivity1",
            "com.tt.miniapphost.placeholder.MiniAppTranslucentActivity2",
            "com.tt.miniapphost.placeholder.MiniAppTranslucentActivity3",
            "com.tt.miniapphost.placeholder.MiniAppTranslucentActivity4",
            "com.tt.miniapphost.placeholder.MiniGameActivity0",
            "com.tt.miniapphost.placeholder.MiniGameActivity1",
            "com.tt.miniapphost.placeholder.MiniGameActivity2",
            "com.tt.miniapphost.placeholder.MiniGameActivity3",
            "com.tt.miniapphost.placeholder.MiniGameActivity4",
            "com.tt.miniapphost.placeholder.MiniGameFloatStyleActivity0",
            "com.tt.miniapphost.placeholder.MiniGameFloatStyleActivity1",
            "com.tt.miniapphost.placeholder.MiniGameFloatStyleActivity2",
            "com.tt.miniapphost.placeholder.MiniGameFloatStyleActivity3",
            "com.tt.miniapphost.placeholder.MiniGameFloatStyleActivity4",
            "com.tt.miniapphost.placeholder.MiniGameFloatStyleHostStackActivity0",
            "com.tt.miniapphost.placeholder.MiniGameFloatStyleHostStackActivity1",
            "com.tt.miniapphost.placeholder.MiniGameFloatStyleHostStackActivity2",
            "com.tt.miniapphost.placeholder.MiniGameFloatStyleHostStackActivity3",
            "com.tt.miniapphost.placeholder.MiniGameFloatStyleHostStackActivity4",
            "com.tt.miniapphost.placeholder.MiniGameInHostStackActivity0",
            "com.tt.miniapphost.placeholder.MiniGameInHostStackActivity1",
            "com.tt.miniapphost.placeholder.MiniGameInHostStackActivity2",
            "com.tt.miniapphost.placeholder.MiniGameInHostStackActivity3",
            "com.tt.miniapphost.placeholder.MiniGameInHostStackActivity4",
            "com.unity3d.player.UCPlayerActivity0",
            "com.unity3d.player.UCPlayerActivity1",
            "com.unity3d.player.UCPlayerActivity2",
            "com.unity3d.player.UCPlayerActivity3",
            "com.vivo.push.sdk.LinkProxyClientActivity",
            "com.yalantis.ucrop.UCropActivity"
        ],
        "services": [
            "cn.jpush.android.service.DaemonService",
            "com.amap.api.location.APSService",
            "com.bytedance.bdp.bdpbase.ipc.extention.MainDefaultIpcService",
            "com.bytedance.bdp.unitycontainer.service.UcAppService200",
            "com.bytedance.bdp.unitycontainer.service.UcAppService201",
            "com.bytedance.bdp.unitycontainer.service.UcAppService202",
            "com.bytedance.bdp.unitycontainer.service.UcAppService203",
            "com.bytedance.common.process.service.CrossProcessServiceForMain",
            "com.bytedance.common.process.service.CrossProcessServiceForPush",
            "com.bytedance.common.process.service.CrossProcessServiceForPushService",
            "com.bytedance.common.process.service.CrossProcessServiceForSmp",
            "com.bytedance.common.wschannel.client.WsClientService",
            "com.bytedance.common.wschannel.server.WsChannelService",
            "com.bytedance.ies.xelement.defaultimpl.player.impl.plugin.mediasession.session.MediaSessionService",
            "com.bytedance.mira.am.KeepAlive",
            "com.bytedance.mira.am.KeepAlive$InnerService",
            "com.bytedance.mira.stub.RedirectService",
            "com.bytedance.mira.stub.p0.StubService1",
            "com.bytedance.mira.stub.p0.StubService2",
            "com.bytedance.mira.stub.p0.StubService3",
            "com.bytedance.mira.stub.p0.StubService4",
            "com.bytedance.mira.stub.p1.StubService1",
            "com.bytedance.mira.stub.p1.StubService1",
            "com.heytap.msp.push.service.CompatibleDataMessageCallbackService",
            "com.heytap.msp.push.service.DataMessageCallbackService",
            "com.huawei.MessageService",
            "com.huawei.agconnect.core.ServiceDiscovery",
            "com.huawei.android.pushagent.PushService",
            "com.huawei.hms.support.api.push.service.HmsMsgService",
            "com.meizu.cloud.pushsdk.NotificationService",
            "com.ss.android.homed.pm_push.account.AccountSyncService",
            "com.ss.android.homed.pm_push.account.AuthenticatorService",
            "com.ss.android.http.OpenUrlService",
            "com.ss.android.message.NotifyService",
            "com.ss.android.message.PushJobService",
            "com.ss.android.message.log.LogService",
            "com.ss.android.newmedia.redbadge.RedBadgePushProcessService",
            "com.ss.android.newmedia.redbadge.RedbadgeHandler",
            "com.ss.android.push.DefaultService",
            "com.ss.android.push.daemon.PushService",
            "com.ss.android.socialbase.appdownloader.DownloadHandlerService",
            "com.ss.android.socialbase.appdownloader.RetryJobSchedulerService",
            "com.ss.android.socialbase.downloader.downloader.DownloadService",
            "com.ss.android.socialbase.downloader.downloader.IndependentProcessDownloadService",
            "com.ss.android.socialbase.downloader.downloader.SqlDownloadCacheService",
            "com.ss.android.socialbase.downloader.impls.DownloadHandleService",
            "com.ss.android.socialbase.downloader.notification.DownloadNotificationService",
            "com.ss.android.websocket.internal.WebSocketService",
            "com.taobao.accs.ChannelService",
            "com.taobao.accs.ChannelService$KernelService",
            "com.taobao.accs.data.MsgDistributeService",
            "com.taobao.accs.internal.AccsJobService",
            "com.tt.miniapphost.feedback.FeedbackRecordService",
            "com.tt.miniapphost.placeholder.MiniappService0",
            "com.tt.miniapphost.placeholder.MiniappService1",
            "com.tt.miniapphost.placeholder.MiniappService2",
            "com.tt.miniapphost.placeholder.MiniappService3",
            "com.tt.miniapphost.placeholder.MiniappService4",
            "com.umeng.UmengMessageHandler",
            "com.umeng.message.UmengDownloadResourceService",
            "com.umeng.message.UmengIntentService",
            "com.umeng.message.UmengMessageCallbackHandlerService",
            "com.umeng.message.UmengMessageIntentReceiverService",
            "com.umeng.message.XiaomiIntentService",
            "com.vivo.push.sdk.service.CommandClientService",
            "com.vivo.push.sdk.service.MainCommandClientService",
            "com.xiaomi.mipush.sdk.MessageHandleService",
            "com.xiaomi.mipush.sdk.PushMessageHandler",
            "com.xiaomi.mipush.sdk.SmpMessageHandleService",
            "com.xiaomi.mipush.sdk.SmpPushMessageHandler",
            "com.xiaomi.push.service.XMJobService",
            "com.xiaomi.push.service.XMPushService",
            "org.android.agoo.accs.AgooService"
        ],
        "receivers": [
            "com.bytedance.ies.xelement.defaultimpl.player.impl.plugin.mediasession.MediaSessionReceiver",
            "com.bytedance.notification.NotificationDeleteBroadcastReceiver",
            "com.bytedance.push.notification.NotificationDeleteBroadcastReceiver",
            "com.huawei.android.pushagent.PushBootReceiver",
            "com.huawei.android.pushagent.PushEventReceiver",
            "com.huawei.hms.support.api.push.PushMsgReceiver",
            "com.huawei.hms.support.api.push.PushReceiver",
            "com.huawei.push.service.receivers.HWPushMessageHandler",
            "com.meizu.cloud.pushsdk.SystemReceiver",
            "com.meizu.message.MzMessageReceiver",
            "com.ss.android.downloadlib.core.download.DownloadReceiver",
            "com.ss.android.message.MessageReceiver",
            "com.ss.android.message.sswo.SswoReceiver",
            "com.ss.android.push.DefaultReceiver",
            "com.ss.android.push.daemon.PushReceiver",
            "com.taobao.accs.EventReceiver",
            "com.taobao.accs.ServiceReceiver",
            "com.taobao.agoo.AgooCommondReceiver",
            "com.umeng.message.NotificationProxyBroadcastReceiver",
            "com.vivo.SmpVivoPushMessageReceiver",
            "com.vivo.VivoPushMessageReceiver",
            "com.xiaomi.push.service.receivers.MIPushMessageHandler",
            "com.xiaomi.push.service.receivers.NetworkStatusReceiver",
            "com.xiaomi.push.service.receivers.PingReceiver",
            "com.xiaomi.push.service.receivers.SmpMIPushMessageHandler"
        ],
        "permission_details": {
            "android.permission.ACCESS_COARSE_LOCATION": "dangerous",
            "android.permission.ACCESS_FINE_LOCATION": "dangerous",
            "android.permission.ACCESS_NETWORK": "unknown",
            "android.permission.ACCESS_NETWORK_STATE": "normal",
            "android.permission.ACCESS_WIFI_STATE": "normal",
            "android.permission.AUTHENTICATE_ACCOUNTS": "unknown",
            "android.permission.BLUETOOTH": "normal",
            "android.permission.BROADCAST_PACKAGE_ADDED": "unknown",
            "android.permission.BROADCAST_PACKAGE_CHANGED": "unknown",
            "android.permission.BROADCAST_PACKAGE_INSTALL": "unknown",
            "android.permission.BROADCAST_PACKAGE_REPLACED": "unknown",
            "android.permission.CALL_PHONE": "dangerous",
            "android.permission.CAMERA": "dangerous",
            "android.permission.CHANGE_CONFIGURATION": "signature",
            "android.permission.CHANGE_NETWORK_STATE": "normal",
            "android.permission.CHANGE_WIFI_STATE": "normal",
            "android.permission.FLASHLIGHT": "unknown",
            "android.permission.FOREGROUND_SERVICE": "normal",
            "android.permission.GET_TASKS": "unlaballed",
            "android.permission.INSTALL_SHORTCUT": "normal",
            "android.permission.INTERNET": "normal",
            "android.permission.MODIFY_AUDIO_SETTINGS": "normal",
            "android.permission.READ_EXTERNAL_STORAGE": "dangerous",
            "android.permission.READ_PHONE_STATE": "dangerous",
            "android.permission.RECORD_AUDIO": "dangerous",
            "android.permission.REORDER_TASKS": "normal",
            "android.permission.REQUEST_INSTALL_PACKAGES": "signature",
            "android.permission.SYSTEM_ALERT_WINDOW": "signature",
            "android.permission.UNINSTALL_SHORTCUT": "unlaballed",
            "android.permission.UPDATE_APP_BADGE": "unknown",
            "android.permission.USE_FINGERPRINT": "normal",
            "android.permission.USE_FULL_SCREEN_INTENT": "normal",
            "android.permission.VIBRATE": "normal",
            "android.permission.WAKE_LOCK": "normal",
            "android.permission.WRITE_EXTERNAL_STORAGE": "dangerous",
            "android.permission.WRITE_SETTINGS": "signature",
            "android.permission.WRITE_SYNC_SETTINGS": "normal",
            "app.cobo.launcher.permission.READ_SETTINGS": "unknown",
            "app.cobo.launcher.permission.WRITE_SETTINGS": "signature",
            "cn.nubia.launcher.permission.READ_SETTINGS": "unknown",
            "cn.nubia.launcher.permission.WRITE_SETTINGS": "signature",
            "com.Dean.launcher.permission.READ_SETTINGS": "unknown",
            "com.Dean.launcher.permission.WRITE_SETTINGS": "signature",
            "com.aliyun.homeshell.permission.READ_SETTINGS": "unknown",
            "com.aliyun.homeshell.permission.WRITE_SETTINGS": "signature",
            "com.alphalp.launcher.permission.READ_SETTINGS": "unknown",
            "com.alphalp.launcher.permission.WRITE_SETTINGS": "signature",
            "com.anddoes.launcher.permission.READ_SETTINGS": "unknown",
            "com.anddoes.launcher.permission.UPDATE_COUNT": "unknown",
            "com.anddoes.launcher.permission.WRITE_SETTINGS": "signature",
            "com.android.launcher.permission.INSTALL_SHORTCUT": "normal",
            "com.android.launcher.permission.READ_SETTINGS": "unknown",
            "com.android.launcher.permission.UNINSTALL_SHORTCUT": "unlaballed",
            "com.android.launcher.permission.WRITE_SETTINGS": "signature",
            "com.android.launcher2.permission.READ_SETTINGS": "unknown",
            "com.android.launcher2.permission.WRITE_SETTINGS": "signature",
            "com.android.launcher23.permission.READ_SETTINGS": "unknown",
            "com.android.launcher23.permission.WRITE_SETTINGS": "signature",
            "com.android.launcher3.permission.READ_SETTINGS": "unknown",
            "com.android.launcher3.permission.WRITE_SETTINGS": "signature",
            "com.android.lewalauncher.permission.READ_SETTINGS": "unknown",
            "com.android.lewalauncher.permission.WRITE_SETTINGS": "signature",
            "com.android.mylauncher.permission.READ_SETTINGS": "unknown",
            "com.android.mylauncher.permission.WRITE_SETTINGS": "signature",
            "com.android.sprdlauncher1.permission.READ_SETTINGS": "unknown",
            "com.android.sprdlauncher1.permission.WRITE_SETTINGS": "signature",
            "com.android.sprdlauncher2.permission.READ_SETTINGS": "unknown",
            "com.android.sprdlauncher2.permission.WRITE_SETTINGS": "signature",
            "com.android.tpwlauncher2.permission.READ_SETTINGS": "unknown",
            "com.android.tpwlauncher2.permission.WRITE_SETTINGS": "signature",
            "com.asus.launcher3.permission.READ_SETTINGS": "unknown",
            "com.asus.launcher3.permission.WRITE_SETTINGS": "signature",
            "com.asus.msa.SupplementaryDID.ACCESS": "unknown",
            "com.baoruan.launcher2.permission.READ_SETTINGS": "unknown",
            "com.baoruan.launcher2.permission.WRITE_SETTINGS": "signature",
            "com.bbk.launcher2.permission.READ_SETTINGS": "unknown",
            "com.bbk.launcher2.permission.WRITE_SETTINGS": "signature",
            "com.dlto.atom.launcher.permission.READ_SETTINGS": "unknown",
            "com.dlto.atom.launcher.permission.WRITE_SETTINGS": "signature",
            "com.ebproductions.android.launcher.permission.READ_SETTINGS": "unknown",
            "com.ebproductions.android.launcher.permission.WRITE_SETTINGS": "signature",
            "com.epic.launcher.tw.permission.READ_SETTINGS": "unknown",
            "com.epic.launcher.tw.permission.WRITE_SETTINGS": "signature",
            "com.fede.launcher.permission.READ_SETTINGS": "unknown",
            "com.fede.launcher.permission.WRITE_SETTINGS": "signature",
            "com.fineos.launcher.permission.READ_SETTINGS": "unknown",
            "com.fineos.launcher.permission.WRITE_SETTINGS": "signature",
            "com.gau.go.launcherex.permission.READ_SETTINGS": "unknown",
            "com.gau.go.launcherex.permission.WRITE_SETTINGS": "signature",
            "com.google.android.launcher.permission.READ_SETTINGS": "unknown",
            "com.google.android.launcher.permission.WRITE_SETTINGS": "signature",
            "com.hihonor.android.launcher.permission.CHANGE_BADGE": "unknown",
            "com.hola.launcher.permission.READ_SETTINGS": "unknown",
            "com.hola.launcher.permission.WRITE_SETTINGS": "signature",
            "com.htc.launcher.permission.READ_SETTINGS": "unknown",
            "com.htc.launcher.permission.UPDATE_SHORTCUT": "unknown",
            "com.htc.launcher.permission.WRITE_SETTINGS": "signature",
            "com.huaqin.launcherEx.permission.READ_SETTINGS": "unknown",
            "com.huaqin.launcherEx.permission.WRITE_SETTINGS": "signature",
            "com.huawei.android.launcher.permission.CHANGE_BADGE": "unknown",
            "com.huawei.android.launcher.permission.READ_SETTINGS": "unknown",
            "com.huawei.android.launcher.permission.WRITE_SETTINGS": "signature",
            "com.huawei.appmarket.service.commondata.permission.GET_COMMON_DATA": "unknown",
            "com.huawei.launcher.permission.READ_SETTINGS": "unknown",
            "com.huawei.launcher.permission.WRITE_SETTINGS": "signature",
            "com.huawei.launcher2.permission.READ_SETTINGS": "unknown",
            "com.huawei.launcher2.permission.WRITE_SETTINGS": "signature",
            "com.huawei.launcher3.permission.READ_SETTINGS": "unknown",
            "com.huawei.launcher3.permission.WRITE_SETTINGS": "signature",
            "com.iLoong.permission.READ_SETTINGS": "unknown",
            "com.iLoong.permission.WRITE_SETTINGS": "signature",
            "com.ibingo.launcher.permission.READ_SETTINGS": "unknown",
            "com.ibingo.launcher.permission.WRITE_SETTINGS": "signature",
            "com.jui.launcher3.permission.READ_SETTINGS": "unknown",
            "com.jui.launcher3.permission.WRITE_SETTINGS": "signature",
            "com.konka.launcher2.permission.READ_SETTINGS": "unknown",
            "com.konka.launcher2.permission.WRITE_SETTINGS": "signature",
            "com.l.launcher.permission.READ_SETTINGS": "unknown",
            "com.l.launcher.permission.WRITE_SETTINGS": "signature",
            "com.lenovo.launcher.permission.READ_SETTINGS": "unknown",
            "com.lenovo.launcher.permission.WRITE_SETTINGS": "signature",
            "com.lge.launcher.permission.READ_SETTINGS": "unknown",
            "com.lge.launcher.permission.WRITE_SETTINGS": "signature",
            "com.lo.launcher.permission.READ_SETTINGS": "unknown",
            "com.lo.launcher.permission.WRITE_SETTINGS": "signature",
            "com.lollipop.launcher.permission.READ_SETTINGS": "unknown",
            "com.lollipop.launcher.permission.WRITE_SETTINGS": "signature",
            "com.majeur.launcher.permission.UPDATE_BADGE": "unknown",
            "com.meizu.c2dm.permission.RECEIVE": "unknown",
            "com.meizu.flyme.launcher.permission.READ_SETTINGS": "unknown",
            "com.meizu.flyme.launcher.permission.WRITE_SETTINGS": "signature",
            "com.meizu.flyme.push.permission.RECEIVE": "unknown",
            "com.mgyun.permission.READ_SETTINGS": "unknown",
            "com.mgyun.permission.WRITE_SETTINGS": "signature",
            "com.microsoft.launcher.permission.READ_SETTINGS": "unknown",
            "com.microsoft.launcher.permission.WRITE_SETTINGS": "signature",
            "com.modaco.android.launchergb.permission.READ_SETTINGS": "unknown",
            "com.modaco.android.launchergb.permission.WRITE_SETTINGS": "signature",
            "com.mx.launcher.permission.READ_SETTINGS": "unknown",
            "com.mx.launcher.permission.WRITE_SETTINGS": "signature",
            "com.mycheering.launcher.permission.READ_SETTINGS": "unknown",
            "com.mycheering.launcher.permission.WRITE_SETTINGS": "signature",
            "com.nd.android.launcher.permission.READ_SETTINGS": "unknown",
            "com.nd.android.launcher.permission.WRITE_SETTINGS": "signature",
            "com.nicelauncher.lolauncher.permission.READ_SETTINGS": "unknown",
            "com.nicelauncher.lolauncher.permission.WRITE_SETTINGS": "signature",
            "com.oppo.launcher.permission.READ_SETTINGS": "unknown",
            "com.oppo.launcher.permission.WRITE_SETTINGS": "signature",
            "com.qihoo360.home.permission.READ_SETTINGS": "unknown",
            "com.qihoo360.home.permission.WRITE_SETTINGS": "signature",
            "com.qihoo360.launcher.permission.READ_SETTINGS": "unknown",
            "com.qihoo360.launcher.permission.WRITE_SETTINGS": "signature",
            "com.s.launcher.permission.READ_SETTINGS": "unknown",
            "com.s.launcher.permission.WRITE_SETTINGS": "signature",
            "com.sec.android.app.launcher.permission.READ_SETTINGS": "unknown",
            "com.sec.android.app.launcher.permission.WRITE_SETTINGS": "signature",
            "com.sec.android.app.twlauncher.READ_SETTINGS": "unknown",
            "com.sec.android.app.twlauncher.WRITE_SETTINGS": "signature",
            "com.sec.android.app.twlauncher.settings.READ_SETTINGS": "unknown",
            "com.sec.android.app.twlauncher.settings.WRITE_SETTINGS": "signature",
            "com.sec.android.provider.badge.permission.READ": "unknown",
            "com.sec.android.provider.badge.permission.WRITE": "unknown",
            "com.slim.slimlauncher.permission.READ_SETTINGS": "unknown",
            "com.slim.slimlauncher.permission.WRITE_SETTINGS": "signature",
            "com.smartisanos.launcher.READ_DATABASE": "unknown",
            "com.smartisanos.launcher.WRITE_DATABASE": "unknown",
            "com.smartisanos.launcher.data.ExportDataProvider": "unknown",
            "com.sonyericsson.home.permission.BROADCAST_BADGE": "unknown",
            "com.sonymobile.home.permission.PROVIDER_INSERT_BADGE": "unknown",
            "com.ss.android.homed.miniapp.PROCESS_COMMUNICATION": "unknown",
            "com.ss.android.homed.permission.C2D_MESSAGE": "unknown",
            "com.ss.android.homed.permission.MIPUSH_RECEIVE": "unknown",
            "com.ss.android.homed.permission.PROCESS_PUSH_MSG": "unknown",
            "com.ss.android.homed.permission.PUSH_PROVIDER": "unknown",
            "com.ss.android.homed.push.permission.MESSAGE": "unknown",
            "com.tencent.qqlauncher.permission.READ_SETTINGS": "unknown",
            "com.tencent.qqlauncher.permission.WRITE_SETTINGS": "signature",
            "com.teslacoilsw.launcher.permission.READ_SETTINGS": "unknown",
            "com.teslacoilsw.launcher.permission.WRITE_SETTINGS": "signature",
            "com.vivo.notification.permission.BADGE_ICON": "unknown",
            "com.zte.lqsoft.launcher.permission.READ_SETTINGS": "unknown",
            "com.zte.lqsoft.launcher.permission.WRITE_SETTINGS": "signature",
            "com.zte.mifavor.launcher.permission.READ_SETTINGS": "unknown",
            "com.zte.mifavor.launcher.permission.WRITE_SETTINGS": "signature",
            "com.zte.mobile.ZteLauncher3D.permission.READ_SETTINGS": "unknown",
            "com.zte.mobile.ZteLauncher3D.permission.WRITE_SETTINGS": "signature",
            "com.ztemt.launcher.permission.READ_SETTINGS": "unknown",
            "com.ztemt.launcher.permission.WRITE_SETTINGS": "signature",
            "com.zui.launcher.permission.READ_SETTINGS": "unknown",
            "com.zui.launcher.permission.WRITE_SETTINGS": "signature",
            "me.everything.badger.permission.BADGE_COUNT_READ": "unknown",
            "me.everything.badger.permission.BADGE_COUNT_WRITE": "unknown",
            "mediatek.permission.ACCESS_APU_SYS": "unknown",
            "net.qihoo.launcher.permission.READ_SETTINGS": "unknown",
            "net.qihoo.launcher.permission.WRITE_SETTINGS": "signature",
            "org.adw.launcher.permission.READ_SETTINGS": "unknown",
            "org.adw.launcher.permission.WRITE_SETTINGS": "signature",
            "org.adw.launcher_donut.permission.READ_SETTINGS": "unknown",
            "org.adw.launcher_donut.permission.WRITE_SETTINGS": "signature",
            "org.adwfreak.launcher.permission.READ_SETTINGS": "unknown",
            "org.adwfreak.launcher.permission.WRITE_SETTINGS": "signature",
            "telecom.mdesk.permission.READ_SETTINGS": "unknown",
            "telecom.mdesk.permission.WRITE_SETTINGS": "signature"
        },
        "risk_counts": {
            "dangerous": 8,
            "unknown": 103,
            "normal": 16,
            "signature": 73,
            "unlaballed": 3
        }
    },
    "stats": {
        "dex_count": 6,
        "native_lib_count": 61
    },
    "jadx": {
        "status": "ok",
        "duration_sec": 116.82,
        "sources_present": true,
        "java_file_count": 27907
    },
    "ast_analysis": {
        "location": 13,
        "microphone": 0,
        "camera": 85,
        "media_projection": 0,
        "dynamic_load": 0,
        "jni": 108
    },
    "analysis_state": "complete"
}