{
    "apk_name": "19D636BEA267ADD66797293FE3EBC641AD34DC93AF30939442A8A1F32C9CE81D",
    "sha256": "19d636bea267add66797293fe3ebc641ad34dc93af30939442a8a1f32c9ce81d",
    "metadata": {
        "package_name": "com.opera.browser",
        "version_code": "1905312603",
        "version_name": "53.1.2569.142848",
        "min_sdk": "24",
        "target_sdk": "28",
        "permissions": [
            "android.permission.ACCESS_FINE_LOCATION",
            "android.permission.ACCESS_NETWORK_STATE",
            "android.permission.ACCESS_WIFI_STATE",
            "android.permission.AUTHENTICATE_ACCOUNTS",
            "android.permission.BLUETOOTH",
            "android.permission.CAMERA",
            "android.permission.CHANGE_WIFI_MULTICAST_STATE",
            "android.permission.FLASHLIGHT",
            "android.permission.INTERNET",
            "android.permission.MODIFY_AUDIO_SETTINGS",
            "android.permission.NFC",
            "android.permission.READ_PHONE_STATE",
            "android.permission.READ_SYNC_SETTINGS",
            "android.permission.RECEIVE_BOOT_COMPLETED",
            "android.permission.RECORD_AUDIO",
            "android.permission.SYSTEM_ALERT_WINDOW",
            "android.permission.VIBRATE",
            "android.permission.WAKE_LOCK",
            "android.permission.WRITE_EXTERNAL_STORAGE",
            "android.permission.WRITE_SYNC_SETTINGS",
            "com.android.browser.permission.READ_HISTORY_BOOKMARKS",
            "com.android.launcher.permission.INSTALL_SHORTCUT",
            "com.google.android.c2dm.permission.RECEIVE",
            "com.opera.browser.permission.C2D_MESSAGE",
            "com.opera.browser.permission.GET_PREINSTALL_DATA",
            "com.opera.browser.permission.PRIVATE_PROVIDERS"
        ],
        "activities": [
            "com.facebook.CustomTabMainActivity",
            "com.facebook.FacebookActivity",
            "com.facebook.ads.AudienceNetworkActivity",
            "com.facebook.ads.internal.ipc.RemoteANActivity",
            "com.google.android.gms.ads.AdActivity",
            "com.google.android.gms.auth.api.signin.internal.SignInHubActivity",
            "com.google.android.gms.common.api.GoogleApiActivity",
            "com.my.target.common.MyTargetActivity",
            "com.opera.android.BrowserActivity",
            "com.opera.android.FullscreenWebActivity",
            "com.opera.android.IntentDispatcherActivity",
            "com.opera.android.account.auth.OperaAuthPortalActivity",
            "com.opera.android.ads.admob.AdMobIntentInterceptor",
            "com.opera.android.bookmarks.BookmarkBrowser",
            "com.opera.android.downloads.FolderBrowser",
            "com.opera.android.prompt.PromptActivity",
            "com.opera.android.qr.ScanQrCodeActivity",
            "com.opera.android.settings.cleardata.StorageActivity",
            "com.opera.android.startup.PreviousCrashActivity",
            "com.opera.android.startup.WelcomeActivity",
            "com.opera.android.webapps.WebappActivity",
            "com.opera.android.webapps.WebappActivity0",
            "com.opera.android.webapps.WebappActivity1",
            "com.opera.android.webapps.WebappActivity2",
            "com.opera.android.webapps.WebappActivity3",
            "com.opera.android.webapps.WebappActivity4",
            "com.opera.android.webapps.WebappActivity5",
            "com.opera.android.webapps.WebappActivity6",
            "com.opera.android.webapps.WebappActivity7",
            "com.opera.android.webapps.WebappActivity8",
            "com.opera.android.webapps.WebappActivity9",
            "com.yandex.mobile.ads.AdActivity"
        ],
        "services": [
            "com.facebook.ads.internal.ipc.AdsMessengerService",
            "com.facebook.ads.internal.ipc.AdsProcessPriorityService",
            "com.google.android.gms.auth.api.signin.RevocationBoundService",
            "com.google.firebase.components.ComponentDiscoveryService",
            "com.google.firebase.iid.FirebaseInstanceIdService",
            "com.google.firebase.messaging.FirebaseMessagingService",
            "com.leanplum.LeanplumFcmRegistrationJobService",
            "com.leanplum.LeanplumLocalPushListenerService",
            "com.leanplum.LeanplumPushRegistrationService",
            "com.opera.android.analytics.OspAccountService",
            "com.opera.android.analytics.OspPeriodicUploadService",
            "com.opera.android.analytics.OspSingleUploadService",
            "com.opera.android.background_services.CopyAndSearchService",
            "com.opera.android.browser.OperaBackgroundService",
            "com.opera.android.browser.PrivateTabsNotificationService",
            "com.opera.android.browser.chromium.services.PrivilegedProcessService0",
            "com.opera.android.browser.chromium.services.PrivilegedProcessService1",
            "com.opera.android.browser.chromium.services.PrivilegedProcessService2",
            "com.opera.android.browser.chromium.services.PrivilegedProcessService3",
            "com.opera.android.browser.chromium.services.PrivilegedProcessService4",
            "com.opera.android.browser.chromium.services.SandboxedProcessService0",
            "com.opera.android.browser.chromium.services.SandboxedProcessService1",
            "com.opera.android.browser.chromium.services.SandboxedProcessService10",
            "com.opera.android.browser.chromium.services.SandboxedProcessService11",
            "com.opera.android.browser.chromium.services.SandboxedProcessService12",
            "com.opera.android.browser.chromium.services.SandboxedProcessService13",
            "com.opera.android.browser.chromium.services.SandboxedProcessService14",
            "com.opera.android.browser.chromium.services.SandboxedProcessService15",
            "com.opera.android.browser.chromium.services.SandboxedProcessService16",
            "com.opera.android.browser.chromium.services.SandboxedProcessService17",
            "com.opera.android.browser.chromium.services.SandboxedProcessService18",
            "com.opera.android.browser.chromium.services.SandboxedProcessService19",
            "com.opera.android.browser.chromium.services.SandboxedProcessService2",
            "com.opera.android.browser.chromium.services.SandboxedProcessService20",
            "com.opera.android.browser.chromium.services.SandboxedProcessService21",
            "com.opera.android.browser.chromium.services.SandboxedProcessService22",
            "com.opera.android.browser.chromium.services.SandboxedProcessService23",
            "com.opera.android.browser.chromium.services.SandboxedProcessService24",
            "com.opera.android.browser.chromium.services.SandboxedProcessService25",
            "com.opera.android.browser.chromium.services.SandboxedProcessService26",
            "com.opera.android.browser.chromium.services.SandboxedProcessService27",
            "com.opera.android.browser.chromium.services.SandboxedProcessService28",
            "com.opera.android.browser.chromium.services.SandboxedProcessService29",
            "com.opera.android.browser.chromium.services.SandboxedProcessService3",
            "com.opera.android.browser.chromium.services.SandboxedProcessService30",
            "com.opera.android.browser.chromium.services.SandboxedProcessService31",
            "com.opera.android.browser.chromium.services.SandboxedProcessService32",
            "com.opera.android.browser.chromium.services.SandboxedProcessService33",
            "com.opera.android.browser.chromium.services.SandboxedProcessService34",
            "com.opera.android.browser.chromium.services.SandboxedProcessService35",
            "com.opera.android.browser.chromium.services.SandboxedProcessService36",
            "com.opera.android.browser.chromium.services.SandboxedProcessService37",
            "com.opera.android.browser.chromium.services.SandboxedProcessService38",
            "com.opera.android.browser.chromium.services.SandboxedProcessService39",
            "com.opera.android.browser.chromium.services.SandboxedProcessService4",
            "com.opera.android.browser.chromium.services.SandboxedProcessService5",
            "com.opera.android.browser.chromium.services.SandboxedProcessService6",
            "com.opera.android.browser.chromium.services.SandboxedProcessService7",
            "com.opera.android.browser.chromium.services.SandboxedProcessService8",
            "com.opera.android.browser.chromium.services.SandboxedProcessService9",
            "com.opera.android.crashhandler.CrashReportProcessingService",
            "com.opera.android.downloads.DownloadJobService",
            "com.opera.android.downloads.DownloadService",
            "com.opera.android.firebase.OperaFirebaseMessagingService",
            "com.opera.android.gcm.PushNotificationService",
            "com.opera.android.media.MediaCaptureNotificationService",
            "com.opera.android.media.MediaNotificationManager$PlaybackListenerService",
            "com.opera.android.news.newsfeed.internal.NewsPushUploaderService",
            "com.opera.android.notifications.NotificationService",
            "com.opera.android.notifications.channels.ChannelsUpdateService",
            "com.opera.android.osp.OspCollectorService",
            "com.opera.android.ping.SyncAuthenticatorService",
            "com.opera.android.ping.SyncService",
            "com.opera.android.prompt.ConfigGetService",
            "com.opera.android.prompt.PackageService",
            "com.opera.android.pushmessaging.OperaGcmListenerService",
            "com.opera.android.rateus.HintService",
            "com.opera.android.warmup.UpdateLibraryService",
            "com.yandex.metrica.ConfigurationJobService",
            "com.yandex.metrica.ConfigurationService",
            "com.yandex.metrica.MetricaService",
            "org.chromium.components.background_task_scheduler.BackgroundTaskGcmTaskService",
            "org.chromium.components.background_task_scheduler.BackgroundTaskJobService"
        ],
        "receivers": [
            "com.appsflyer.MultipleInstallBroadcastReceiver",
            "com.facebook.CurrentAccessTokenExpirationBroadcastReceiver",
            "com.google.android.gms.gcm.GcmReceiver",
            "com.google.firebase.iid.FirebaseInstanceIdReceiver",
            "com.leanplum.LeanplumPushReceiver",
            "com.opera.ad.InstallReceiver",
            "com.opera.android.analytics.OSPPingReceiver",
            "com.opera.android.browser.PrivateTabsBroadcastReceiver",
            "com.opera.android.downloads.DownloadBroadcastReceiver",
            "com.opera.android.downloads.DownloadNotifierReceiver",
            "com.opera.android.gcm.PushNotificationInternalReceiver",
            "com.opera.android.gcm.PushNotificationSystemReceiver",
            "com.opera.android.leanplum.LeanplumPushReceiver",
            "com.opera.android.news.newsfeed.internal.NewsFeedSystemReceiver",
            "com.opera.android.prompt.UpdatePromptReceiver",
            "com.opera.android.referrer.InstallReferrerReceiver",
            "com.opera.android.touch.CryptoTouchBroadcastReceiver",
            "com.opera.android.utilities.ShortcutUtils$Receiver",
            "com.opera.android.warmup.PackageUpdateReceiver"
        ]
    },
    "stats": {
        "dex_count": 3,
        "native_lib_count": 3
    },
    "jadx": {
        "status": "ok",
        "duration_sec": 39.52,
        "sources_present": true,
        "java_file_count": 16319
    },
    "ast_analysis": {
        "location": 5,
        "microphone": 1,
        "camera": 29,
        "media_projection": 2,
        "dynamic_load": 0,
        "jni": 5
    },
    "analysis_state": "complete"
}