{
    "apk_name": "7C176A4D98E1E6A83956EA76080D3E80C21F079A4F3CE257FBFCDDEBD8783513",
    "sha256": "7c176a4d98e1e6a83956ea76080d3e80c21f079a4f3ce257fbfcddebd8783513",
    "metadata": {
        "package_name": "com.barnasoba.timebetween",
        "version_code": "67",
        "version_name": "6.7",
        "min_sdk": "19",
        "target_sdk": "31",
        "permissions": [
            "android.permission.ACCESS_NETWORK_STATE",
            "android.permission.FOREGROUND_SERVICE",
            "android.permission.INTERNET",
            "android.permission.READ_EXTERNAL_STORAGE",
            "android.permission.RECEIVE_BOOT_COMPLETED",
            "android.permission.WAKE_LOCK",
            "android.permission.WRITE_EXTERNAL_STORAGE",
            "com.android.vending.BILLING",
            "com.google.android.finsky.permission.BIND_GET_INSTALL_REFERRER_SERVICE",
            "com.google.android.gms.permission.AD_ID"
        ],
        "activities": [
            "com.android.billingclient.api.ProxyBillingActivity",
            "com.google.android.gms.ads.AdActivity",
            "crc64afc11e7e2acf08a8.MainActivity"
        ],
        "services": [
            "androidx.room.MultiInstanceInvalidationService",
            "androidx.work.impl.background.systemalarm.SystemAlarmService",
            "androidx.work.impl.background.systemjob.SystemJobService",
            "androidx.work.impl.foreground.SystemForegroundService",
            "com.google.android.gms.ads.AdService",
            "com.google.android.gms.measurement.AppMeasurementJobService",
            "com.google.android.gms.measurement.AppMeasurementService",
            "com.google.firebase.components.ComponentDiscoveryService"
        ],
        "receivers": [
            "androidx.work.impl.background.systemalarm.ConstraintProxy$BatteryChargingProxy",
            "androidx.work.impl.background.systemalarm.ConstraintProxy$BatteryNotLowProxy",
            "androidx.work.impl.background.systemalarm.ConstraintProxy$NetworkStateProxy",
            "androidx.work.impl.background.systemalarm.ConstraintProxy$StorageNotLowProxy",
            "androidx.work.impl.background.systemalarm.ConstraintProxyUpdateReceiver",
            "androidx.work.impl.background.systemalarm.RescheduleReceiver",
            "androidx.work.impl.diagnostics.DiagnosticsReceiver",
            "androidx.work.impl.utils.ForceStopRunnable$BroadcastReceiver",
            "com.google.android.gms.measurement.AppMeasurementReceiver",
            "crc643f46942d9dd1fff9.PowerSaveModeBroadcastReceiver"
        ]
    },
    "stats": {
        "dex_count": 1,
        "native_lib_count": 28
    },
    "jadx": {
        "status": "ok",
        "duration_sec": 20.49,
        "sources_present": true,
        "java_file_count": 4414
    },
    "ast_analysis": {
        "location": 3,
        "microphone": 0,
        "camera": 4,
        "media_projection": 0,
        "dynamic_load": 0,
        "jni": 6
    },
    "analysis_state": "complete"
}