{
    "apk_name": "EF166DD80F4071CF15E92D5E78DB78895210A379DA5200BB26161267F601E7C3",
    "sha256": "ef166dd80f4071cf15e92d5e78db78895210a379da5200bb26161267f601e7c3",
    "metadata": {
        "package_name": "com.sankuai.meituan.dispatch.homebrew",
        "version_code": "1201",
        "version_name": "8.2.0.1163",
        "min_sdk": "19",
        "target_sdk": "26",
        "permissions": [
            "android.permission.ACCESS_COARSE_LOCATION",
            "android.permission.ACCESS_FINE_LOCATION",
            "android.permission.ACCESS_LOCATION_EXTRA_COMMANDS",
            "android.permission.ACCESS_NETWORK_STATE",
            "android.permission.ACCESS_NOTIFICATION_POLICY",
            "android.permission.ACCESS_WIFI_STATE",
            "android.permission.BATTERY_STATS",
            "android.permission.BLUETOOTH",
            "android.permission.BLUETOOTH_ADMIN",
            "android.permission.BROADCAST_STICKY",
            "android.permission.CALL_PHONE",
            "android.permission.CAMERA",
            "android.permission.CHANGE_WIFI_STATE",
            "android.permission.DISABLE_KEYGUARD",
            "android.permission.DOWNLOAD_WITHOUT_NOTIFICATION",
            "android.permission.DUMP",
            "android.permission.FLASHLIGHT",
            "android.permission.FOREGROUND_SERVICE",
            "android.permission.GET_TASKS",
            "android.permission.INTERNET",
            "android.permission.MODIFY_AUDIO_SETTINGS",
            "android.permission.MOUNT_UNMOUNT_FILESYSTEMS",
            "android.permission.PROCESS_OUTGOING_CALLS",
            "android.permission.QUERY_ALL_PACKAGES",
            "android.permission.READ_EXTERNAL_STORAGE",
            "android.permission.READ_PHONE_STATE",
            "android.permission.READ_SMS",
            "android.permission.RECEIVE_BOOT_COMPLETED",
            "android.permission.RECEIVE_SMS",
            "android.permission.RECEIVE_USER_PRESENT",
            "android.permission.RECORD_AUDIO",
            "android.permission.REQUEST_INSTALL_PACKAGES",
            "android.permission.SYSTEM_ALERT_WINDOW",
            "android.permission.SYSTEM_OVERLAY_WINDOW",
            "android.permission.VIBRATE",
            "android.permission.WAKE_LOCK",
            "android.permission.WRITE_EXTERNAL_STORAGE",
            "com.coloros.mcs.permission.RECIEVE_MCS_MESSAGE",
            "com.heytap.mcs.permission.RECIEVE_MCS_MESSAGE",
            "com.huawei.appmarket.service.commondata.permission.GET_COMMON_DATA",
            "com.meituan.banma.permissions.Shadow_BAN_BROADCAST",
            "com.sankuai.meituan.dispatch.homebrew.permission.MIPUSH_RECEIVE",
            "com.sankuai.meituan.dispatch.homebrew.permission.PROCESS_PUSH_MSG",
            "com.sankuai.meituan.dispatch.homebrew.permission.PUSH_PROVIDER"
        ],
        "activities": [
            "com.alipay.sdk.app.AlipayResultActivity",
            "com.alipay.sdk.app.H5AuthActivity",
            "com.alipay.sdk.app.H5PayActivity",
            "com.alipay.sdk.app.PayResultActivity",
            "com.dianping.base.push.pushservice.HWPushDetailActivity",
            "com.google.zxing.client.android.BmCaptureActivity",
            "com.huawei.hms.activity.BridgeActivity",
            "com.huawei.hms.activity.EnableServiceActivity",
            "com.huawei.updatesdk.service.otaupdate.AppUpdateActivity",
            "com.huawei.updatesdk.support.pm.PackageInstallerActivity",
            "com.meituan.android.mrn.container.MRNBaseActivity",
            "com.meituan.android.yoda.activity.YodaConfirmActivity",
            "com.meituan.banma.abnormal.poiSearch.activity.PoiSearchActivity",
            "com.meituan.banma.account.activity.ChangePhoneActivity",
            "com.meituan.banma.account.activity.ModifyLoginPwdActivity",
            "com.meituan.banma.account.activity.ModifyPwdActivity",
            "com.meituan.banma.account.activity.RetrievePasswordActivity",
            "com.meituan.banma.attendance.ui.AppealProgressListActivity",
            "com.meituan.banma.attendance.ui.AttendanceAppealDateActivity",
            "com.meituan.banma.attendance.ui.AttendanceAppealEditActivity",
            "com.meituan.banma.attendance.ui.AttendanceAppealReadActivity",
            "com.meituan.banma.attendance.ui.AttendanceLeaveDateActivity",
            "com.meituan.banma.attendance.ui.AttendanceLeaveEditActivity",
            "com.meituan.banma.attendance.ui.MyAttendanceActivity",
            "com.meituan.banma.attendance.ui.RiderSignWebViewActivity",
            "com.meituan.banma.base.common.ui.BaseQRScanActivity",
            "com.meituan.banma.base.common.ui.dialog.TransDialogActivity",
            "com.meituan.banma.base.common.ui.dialog.TransDialogFragmentActivity",
            "com.meituan.banma.base.common.ui.dialog.v2.DialogFragmentHostActivity",
            "com.meituan.banma.base.common.ui.route.RouterDispatchActivity",
            "com.meituan.banma.base.common.ui.webview.CommonWebViewActivity",
            "com.meituan.banma.battery.lib.core.PermissionRequestActivity",
            "com.meituan.banma.bioassay.camera.CameraActivity",
            "com.meituan.banma.bioassay.ui.BioassayActivity",
            "com.meituan.banma.bluetoothota.BMDfuActivity",
            "com.meituan.banma.callreceiver.ui.CallChooseAddressActivity",
            "com.meituan.banma.common.activity.ImgViewActivity",
            "com.meituan.banma.common.net.netdiag.NetDiagActivity",
            "com.meituan.banma.common.web.CommonKnbWebViewActivity",
            "com.meituan.banma.common.web.CommonWebViewActivity",
            "com.meituan.banma.common.web.CustomShareActivity",
            "com.meituan.banma.common.web.MRNKnbWebViewActivity",
            "com.meituan.banma.dp.core.ble.helper.BleOpenActivity",
            "com.meituan.banma.dp.core.ble.helper.BleOpenForOptionalActivity",
            "com.meituan.banma.equipment.EquipmentActivity",
            "com.meituan.banma.evaluatePoi.ui.WaybillEvaluationActivity",
            "com.meituan.banma.evaluatePoi.ui.WaybillEvaluationEditActivity",
            "com.meituan.banma.feedback.ui.AllQuestionTypeActivity",
            "com.meituan.banma.feedback.ui.ClueTypeActivity",
            "com.meituan.banma.feedback.ui.FeedbackDetailActivity",
            "com.meituan.banma.feedback.ui.FeedbackListActivity",
            "com.meituan.banma.feedback.ui.FeedbackSubmitActivity",
            "com.meituan.banma.feedback.ui.MarkUIQuestionActivity",
            "com.meituan.banma.feedback.ui.ReplySessionActivity",
            "com.meituan.banma.feedback.ui.ReportClueActivity",
            "com.meituan.banma.feedback.ui.ReportCorruptionActivity",
            "com.meituan.banma.feedback.ui.ReportCorruptionTypeActivity",
            "com.meituan.banma.feedback.ui.ReportPaotuiActivity",
            "com.meituan.banma.feedback.ui.SearchAddressActivity",
            "com.meituan.banma.feedback.ui.SenderListActivity",
            "com.meituan.banma.feedback.ui.SubmitCompleteActivity",
            "com.meituan.banma.flutter.BanmaFlutterContainerActivity",
            "com.meituan.banma.im.ui.GroupAddMemberActivity",
            "com.meituan.banma.im.ui.GroupSelectMemberActivity",
            "com.meituan.banma.im.ui.IMAllGroupMembersActivity",
            "com.meituan.banma.im.ui.IMGroupInfoActivity",
            "com.meituan.banma.im.ui.IMMemberInfoActivity",
            "com.meituan.banma.im.ui.IMMsgTemplateActivity",
            "com.meituan.banma.im.ui.IMMsgTemplateManageActivity",
            "com.meituan.banma.im.ui.LongTextShowActivity",
            "com.meituan.banma.im.ui.MsgTemplateEditActivity",
            "com.meituan.banma.im.ui.MsgTemplateManageActivity",
            "com.meituan.banma.image.monitor.ImageMonitorDetailActivity",
            "com.meituan.banma.launch.login.LoginActivity",
            "com.meituan.banma.launch.ui.PermissionDescActivity",
            "com.meituan.banma.launch.ui.PolicyActivity",
            "com.meituan.banma.loader.PushNotifyTransActivity",
            "com.meituan.banma.locationDiagnosis.ui.DiagnosisActivity",
            "com.meituan.banma.main.MainActivity",
            "com.meituan.banma.map.LocationDetailActivity",
            "com.meituan.banma.map.ReportRecipientAddressActivity",
            "com.meituan.banma.map.UploadPoiRevisionActivity",
            "com.meituan.banma.map.feedback.MarkEntranceIssueActivity",
            "com.meituan.banma.map.feedback.MarkNewLocationActivity",
            "com.meituan.banma.map.feedback.MarkRouteIssueLocationActivity",
            "com.meituan.banma.map.heatmap.HeatMapActivity",
            "com.meituan.banma.map.heatmap.v2.HeatMapActivity",
            "com.meituan.banma.map.heatmap.v2.HeatMapDescActivity",
            "com.meituan.banma.map.indoornavigation.searchPoi.SearchPoiActivity",
            "com.meituan.banma.map.setting.SettingMapTypeActivity",
            "com.meituan.banma.map.taskmap.DescriptionActivity",
            "com.meituan.banma.map.taskmap.TaskMapActivity",
            "com.meituan.banma.mrn.component.ui.BmMRNBaseActivity",
            "com.meituan.banma.mrn.component.ui.BmMRNDegradeActivity",
            "com.meituan.banma.mrn.component.ui.BmMrnDialogActivity",
            "com.meituan.banma.mrn.component.ui.BmPartialMRNBaseActivity",
            "com.meituan.banma.mutual.camera.CameraRecordActivity",
            "com.meituan.banma.mutual.camera.PreviewImageActivity",
            "com.meituan.banma.mutual.camera.ScanQrCodeActivity",
            "com.meituan.banma.mutual.camera.ScanQrCodeActivityV2",
            "com.meituan.banma.mutual.camera.ScanQrCodeErrorActivity",
            "com.meituan.banma.mutual.permission.PermissionManageActivity",
            "com.meituan.banma.mutual.sidebar.ui.MoreFunctionActivity",
            "com.meituan.banma.mutual.splash.ui.GuideActivity",
            "com.meituan.banma.mutual.video.FullscreenVideoActivity",
            "com.meituan.banma.mutual.video.ShortVideoActivity",
            "com.meituan.banma.notification.ui.ForceReadMsgDetailActivity",
            "com.meituan.banma.notification.ui.NoticeActivity",
            "com.meituan.banma.notification.ui.NotificationDetailActivity",
            "com.meituan.banma.nvwa.ui.SmsWaybillInfoActivity",
            "com.meituan.banma.permission.PermissionActivity",
            "com.meituan.banma.privacyphone.ui.SettingCallNumberActivity",
            "com.meituan.banma.profile.ui.ProfileActivity",
            "com.meituan.banma.profile.ui.ProfileDetailActivity",
            "com.meituan.banma.profile.ui.RiderGradeActivity",
            "com.meituan.banma.register.ui.CameraOCRActivity",
            "com.meituan.banma.register.ui.HealthCertificationGuideCameraActivity",
            "com.meituan.banma.register.ui.LiveDetectActivity",
            "com.meituan.banma.rider.ui.BusyOtherReasonActivity",
            "com.meituan.banma.rider.ui.MedalShareActivity",
            "com.meituan.banma.rider.ui.MyAccountActivity",
            "com.meituan.banma.rider.ui.RankListShareActivity",
            "com.meituan.banma.route.UriProxyActivity",
            "com.meituan.banma.settings.AboutUsActivity",
            "com.meituan.banma.settings.HelpCenterActivity",
            "com.meituan.banma.settings.MoreFunctionActivity",
            "com.meituan.banma.settings.MusicSettingActivity",
            "com.meituan.banma.settings.MusicSettingV2Activity",
            "com.meituan.banma.settings.NaviSettingActivity",
            "com.meituan.banma.settings.NoticeSettingActivity",
            "com.meituan.banma.settings.SettingActivity",
            "com.meituan.banma.smarthelmet.ui.HelmetBindActivity",
            "com.meituan.banma.smarthelmet.ui.HelmetFaqActivity",
            "com.meituan.banma.smarthelmet.ui.HelmetInfoActivity",
            "com.meituan.banma.smarthelmet.ui.HelmetScanActivity",
            "com.meituan.banma.smartvehicle.ui.SmartVehicleCaptureActivity",
            "com.meituan.banma.smartvehicle.ui.SmartVehicleMainActivity",
            "com.meituan.banma.smartvehicle.ui.SmartVehicleMapActivity",
            "com.meituan.banma.smartvehicle.ui.alarmrecord.SmartVehicleBurglarAlarmActivity",
            "com.meituan.banma.smileaction.ui.activity.SmileActionForStartWorkActivity",
            "com.meituan.banma.smileaction.ui.activity.SmileActionForStartWorkCaptureActivity",
            "com.meituan.banma.smileaction.ui.activity.SmileActionForStartWorkErrorActivity",
            "com.meituan.banma.smileaction.ui.activity.SmileActionForWorkingActivity",
            "com.meituan.banma.smileaction.ui.activity.SmileActionForWorkingCaptureActivity",
            "com.meituan.banma.smileaction.ui.activity.SmileActionForWorkingErrorActivity",
            "com.meituan.banma.smileaction.ui.activity.SubmitAppealActivity",
            "com.meituan.banma.smileaction.ui.activity.SubmitAppealForWorkingCheckActivity",
            "com.meituan.banma.smileaction.ui.activity.SubmitAppealForWorkingSuccessActivity",
            "com.meituan.banma.smileaction.ui.activity.SubmitAppealSuccessActivity",
            "com.meituan.banma.splash.ui.MainSplashActivity",
            "com.meituan.banma.splash.ui.OneClickActivity",
            "com.meituan.banma.splash.ui.SplashDetailKNBWebViewActivity",
            "com.meituan.banma.splash.ui.SplashDetailWebViewActivity",
            "com.meituan.banma.statistics.ui.MyStatsActivity",
            "com.meituan.banma.statistics.ui.StatsCommentActivity",
            "com.meituan.banma.study.ui.DocumentListActivity",
            "com.meituan.banma.study.ui.OnlineTrainVideoDetailActivity",
            "com.meituan.banma.study.ui.StudyActivity",
            "com.meituan.banma.study.ui.StudyWebActivity",
            "com.meituan.banma.voice.ui.BluetoothSettingActivity",
            "com.meituan.banma.voice.ui.MoreSettingActivity",
            "com.meituan.banma.voice.ui.VoiceAssistSettingActivity",
            "com.meituan.banma.voice.ui.VoiceTrainActivity",
            "com.meituan.banma.voice.ui.VoiceTrainDetailActivity",
            "com.meituan.banma.voice.ui.view.VoiceAssistantActivity",
            "com.meituan.banma.voice.ui.view.VoiceExperienceDetailActivity",
            "com.meituan.banma.waybill.callreceiver.ui.CallChooseAddressActivity",
            "com.meituan.banma.waybill.coreflow.assign.assignPanel.AssignTasksPanelActivity",
            "com.meituan.banma.waybill.coreflow.delivered.paotuireceiptcode.ui.InputReceiptCodeActivity",
            "com.meituan.banma.waybill.coreflow.delivered.paotuireceiptcode.ui.ReceiptCodeDialogActivity",
            "com.meituan.banma.waybill.coreflow.delivered.paotuireceiptcode.ui.WxQrReceiveCodeActivity",
            "com.meituan.banma.waybill.coreflow.directTransfer.TransferReasonActivity",
            "com.meituan.banma.waybill.coreflow.fetch.paotuiFetch.PaotuiBuyFetchActivity",
            "com.meituan.banma.waybill.coreflow.fetch.paotuiFetch.PaotuiBuyUploadImageActivity",
            "com.meituan.banma.waybill.coreflow.fetch.paotuiFetch.PaotuiGoodPreviewActivity",
            "com.meituan.banma.waybill.coreflow.fetch.paotuiFetch.UploadImageActivity",
            "com.meituan.banma.waybill.detail.WaybillDetailActivity",
            "com.meituan.banma.waybill.detail.base.AbnormalInfoActivity",
            "com.meituan.banma.waybill.detail.base.PackageWaybillDetailMapActivity",
            "com.meituan.banma.waybill.historywaybill.ui.MyFinishedTasksActivity",
            "com.meituan.banma.waybill.indoornavigation.ui.IndoorNavigationActivity",
            "com.meituan.banma.waybill.view.autoarrive.DetailAgentActivity",
            "com.meituan.banma.waybillabnormal.ui.AbnormalReportActivity",
            "com.meituan.banma.waybillabnormal.ui.ChangeCustomerAddressActivity",
            "com.meituan.banma.waybillabnormal.ui.OtherAbnormalActivity",
            "com.meituan.banma.waybillabnormal.ui.ReportWeightActivity",
            "com.meituan.banma.waybillabnormal.ui.RestaurantCloseActivity",
            "com.meituan.banma.waybillabnormal.ui.SearchAddressActivity",
            "com.meituan.banma.waybillabnormal.ui.SenderNotReadyActivity",
            "com.meituan.passport.LoginActivity",
            "com.meituan.passport.PassportWebViewActivity",
            "com.meituan.passport.bindphone.BindPhoneActivity",
            "com.meituan.passport.country.SelectCountryCodeActivity",
            "com.meituan.passport.retrieve.RetrievePassportActivity",
            "com.sankuai.android.share.ShareActivity",
            "com.sankuai.android.share.ToastActivity",
            "com.sankuai.android.share.WeiboShareActivity",
            "com.sankuai.android.share.wbsdk.WeiboSdkWebActivity",
            "com.sankuai.meituan.arbiter.debug.ErrInfoActivity",
            "com.sankuai.meituan.dispatch.homebrew.wxapi.WXEntryActivity",
            "com.sankuai.meituan.oauth.OauthLoginActivity",
            "com.sankuai.meituan.switchtestenv.TestEnvEditUrlActivity",
            "com.sankuai.meituan.switchtestenv.TestEnvListActivity",
            "com.sankuai.meituan.switchtestenv.TestEnvUrlListActivity",
            "com.sankuai.mtflutter.mt_flutter_route.container.FlutterRouteBaseActivity",
            "com.sankuai.mtflutter.mt_flutter_route.container.RouteProxyActivity",
            "com.sankuai.mtflutter.mt_flutter_route.mtboost.MtFlutterBaseContainerActivity",
            "com.sankuai.titans.widget.MediaActivity",
            "com.sankuai.xm.imui.session.SessionActivity",
            "com.sankuai.xm.integration.mediapicker.picchooser.MediaPickActivity",
            "com.sankuai.xm.integration.mediapreviewer.preview.PreviewActivity",
            "com.sankuai.xm.video.PlayVideoActivity",
            "com.sankuai.xm.video.RecordVideoActivity",
            "com.sina.weibo.sdk.share.WbShareResultActivity",
            "com.sina.weibo.sdk.share.WbShareToStoryActivity",
            "com.sina.weibo.sdk.share.WbShareTransActivity",
            "com.sina.weibo.sdk.web.WeiboSdkWebActivity",
            "com.vivo.push.sdk.LinkProxyClientActivity",
            "io.flutter.plugins.urllauncher.WebViewActivity"
        ],
        "services": [
            "com.dianping.base.push.pushservice.PushStartService",
            "com.dianping.base.push.pushservice.PushWakeUpJob",
            "com.dianping.base.push.pushservice.dp.DPPushService",
            "com.dianping.huaweipush.DpHmsMessageService",
            "com.dianping.oppopush.OPPOPushService",
            "com.heytap.msp.push.service.CompatibleDataMessageCallbackService",
            "com.heytap.msp.push.service.DataMessageCallbackService",
            "com.huawei.agconnect.core.ServiceDiscovery",
            "com.huawei.hms.support.api.push.service.HmsMsgService",
            "com.meituan.android.common.horn.HornPushService",
            "com.meituan.android.common.statistics.ipc.LeaderService",
            "com.meituan.android.downloadmanager.MultiDownloadService",
            "com.meituan.banma.analytics.InstallErrorAssistService",
            "com.meituan.banma.bluetooth.BluetoothService",
            "com.meituan.banma.bluetoothota.BMDfuService",
            "com.meituan.banma.daemon.DaemonService",
            "com.meituan.banma.im.IMRemindService",
            "com.meituan.banma.monitor.report.ReportService",
            "com.meituan.banma.monitor.traffic.compatibility.TrafficService",
            "com.meituan.banma.mutual.route.DynRemindService",
            "com.meituan.banma.probe.ActivityLeak.LeakAnalyzer.ActivityLeakAnalyzerService",
            "com.meituan.banma.probe.leaklink.analysis.HeapAnalyzerService",
            "com.meituan.banma.service.APPForeBackService",
            "com.meituan.banma.shadow.RemoteService",
            "com.meituan.banma.shadow.ShadowService",
            "com.meituan.banma.shadow.ShadowXService",
            "com.vivo.push.sdk.service.CommandClientService",
            "com.xiaomi.mipush.sdk.MessageHandleService",
            "com.xiaomi.mipush.sdk.PushMessageHandler",
            "com.xiaomi.push.service.XMJobService",
            "com.xiaomi.push.service.XMPushService"
        ],
        "receivers": [
            "com.dianping.base.push.pushservice.PhoneStatusReceiver",
            "com.dianping.base.push.pushservice.PushStartReceiver",
            "com.dianping.networklog.PushMessageReceiver",
            "com.dianping.vivopush.VIVOReceiverImpl",
            "com.dianping.xiaomipush.MiPushMessageReceiver",
            "com.huawei.hms.support.api.push.PushMsgReceiver",
            "com.huawei.hms.support.api.push.PushReceiver",
            "com.meituan.android.common.horn.HornPushReceiver",
            "com.meituan.android.time.TimeChangeReceiver",
            "com.meituan.banma.base.net.receiver.NetBroadcastReceiver",
            "com.meituan.banma.base.net.time.TimeChangeReceiver",
            "com.meituan.banma.bizcommon.configdispatcher.receiver.ConfigChangedReceiver",
            "com.meituan.banma.bizcommon.configdispatcher.receiver.ConfigVersionChangedReceiver",
            "com.meituan.banma.daemon.DaemonBroadcastReceiver",
            "com.meituan.banma.daemon.ReloadDataReceiver",
            "com.meituan.banma.dp.core.bus.MainProcessReceiver",
            "com.meituan.banma.im.IMOfflineNotificationReceiver",
            "com.meituan.banma.location.LocationReceiver",
            "com.meituan.banma.monitor.push.PushAliveReceiver",
            "com.meituan.banma.monitor.push.PushStatusReceiver",
            "com.meituan.banma.mutual.receiver.ExchangeBatteryReceiver",
            "com.meituan.banma.mutual.sidebar.ConfigChangeReceiver",
            "com.meituan.banma.notification.receiver.PushMessageOfflineReceiver",
            "com.meituan.banma.push.receiver.PushMessageReceiver",
            "com.meituan.banma.push.receiver.PushTokenReceiver",
            "com.xiaomi.push.service.receivers.NetworkStatusReceiver",
            "com.xiaomi.push.service.receivers.PingReceiver"
        ]
    },
    "stats": {
        "dex_count": 3,
        "native_lib_count": 51
    },
    "jadx": {
        "status": "ok",
        "duration_sec": 52.65,
        "sources_present": true,
        "java_file_count": 16307
    },
    "ast_analysis": {
        "location": 9,
        "microphone": 14,
        "camera": 80,
        "media_projection": 0,
        "dynamic_load": 0,
        "jni": 53
    },
    "analysis_state": "complete"
}