{
    "apk_name": "C1FEC52BE8DA7FFDA7BD7736F2FFA539F49858571914DE3E5AFAC4F39D242847",
    "sha256": "c1fec52be8da7ffda7bd7736f2ffa539f49858571914de3e5afac4f39d242847",
    "metadata": {
        "package_name": "com.baidu.haokan",
        "version_code": "707001",
        "version_name": "7.7.0.11",
        "min_sdk": "19",
        "target_sdk": "30",
        "permissions": [
            "android.hardware.camera",
            "android.hardware.sensor.accelerometer",
            "android.permission.ACCESS_BACKGROUND_LOCATION",
            "android.permission.ACCESS_COARSE_LOCATION",
            "android.permission.ACCESS_FINE_LOCATION",
            "android.permission.ACCESS_LOCATION_COMMANDS",
            "android.permission.ACCESS_NETWORK_STATE",
            "android.permission.ACCESS_WIFI_STATE",
            "android.permission.AUTHENTICATE_ACCOUNTS",
            "android.permission.BLUETOOTH",
            "android.permission.BLUETOOTH_ADMIN",
            "android.permission.BROADCAST_STICKY",
            "android.permission.CAMERA",
            "android.permission.CHANGE_NETWORK_STATE",
            "android.permission.CHANGE_WIFI_STATE",
            "android.permission.DISABLE_KEYGUARD",
            "android.permission.DOWNLOAD_WITHOUT_NOTIFICATION",
            "android.permission.EXPAND_STATUS_BAR",
            "android.permission.FLASHLIGHT",
            "android.permission.FOREGROUND_SERVICE",
            "android.permission.GET_TASKS",
            "android.permission.INTERNET",
            "android.permission.MANAGE_ACCOUNTS",
            "android.permission.MODIFY_AUDIO_SETTINGS",
            "android.permission.MOUNT_UNMOUNT_FILESYSTEMS",
            "android.permission.PACKAGE_USAGE_STATS",
            "android.permission.QUERY_ALL_PACKAGES",
            "android.permission.READ_APP_BADGE",
            "android.permission.READ_CONTACTS",
            "android.permission.READ_EXTERNAL_STORAGE",
            "android.permission.READ_PHONE_NUMBERS",
            "android.permission.READ_PHONE_STATE",
            "android.permission.READ_PRIVILEGED_PHONE_STATE",
            "android.permission.READ_USER_DICTIONARY",
            "android.permission.RECEIVE_USER_PRESENT",
            "android.permission.RECORD_AUDIO",
            "android.permission.REORDER_TASKS",
            "android.permission.REQUEST_INSTALL_PACKAGES",
            "android.permission.RESTART_PACKAGES",
            "android.permission.SET_WALLPAPER",
            "android.permission.SYSTEM_ALERT_WINDOW",
            "android.permission.SYSTEM_OVERLAY_WINDOW",
            "android.permission.USE_CREDENTIALS",
            "android.permission.USE_FINGERPRINT",
            "android.permission.USE_FULL_SCREEN_INTENT",
            "android.permission.VIBRATE",
            "android.permission.WAKE_LOCK",
            "android.permission.WRITE_EXTERNAL_STORAGE",
            "android.permission.WRITE_SETTINGS",
            "android.permission.WRITE_SYNC_SETTINGS",
            "baidu.push.permission.WRITE_PUSHINFOPROVIDER.com.baidu.haokan",
            "com.anddoes.launcher.permission.UPDATE_COUNT",
            "com.android.launcher.permission.INSTALL_SHORTCUT",
            "com.android.launcher.permission.READ_SETTINGS",
            "com.android.launcher.permission.UNINSTALL_SHORTCUT",
            "com.android.launcher.permission.WRITE_SETTINGS",
            "com.android.launcher3.permission.READ_SETTINGS",
            "com.android.launcher3.permission.WRITE_SETTINGS",
            "com.asus.msa.SupplementaryDID.ACCESS",
            "com.baidu.haokan.live.sdk.permission.DETAIL_BROADCAST",
            "com.baidu.haokan.permission.APS_INSTALL",
            "com.baidu.haokan.permission.JPUSH_MESSAGE",
            "com.baidu.haokan.permission.MIPUSH_RECEIVE",
            "com.baidu.haokan.permission.PROCESS_PUSH_MSG",
            "com.baidu.haokan.permission.PUSH_PROVIDER",
            "com.baidu.haokan.permission.sofire.RECEIVE",
            "com.baidu.haokan.permission.techain.RECEIVE",
            "com.baidu.permission.SHARE",
            "com.coloros.mcs.permission.RECIEVE_MCS_MESSAGE",
            "com.fingerprints.service.ACCESS_FINGERPRINT_MANAGER",
            "com.heytap.mcs.permission.RECIEVE_MCS_MESSAGE",
            "com.htc.launcher.permission.READ_SETTINGS",
            "com.htc.launcher.permission.UPDATE_SHORTCUT",
            "com.huawei.android.launcher.permission.CHANGE_BADGE",
            "com.huawei.android.launcher.permission.READ_SETTINGS",
            "com.huawei.android.launcher.permission.WRITE_SETTINGS",
            "com.huawei.appmarket.service.commondata.permission.GET_COMMON_DATA",
            "com.huawei.hwid.permission.ACCESS",
            "com.majeur.launcher.permission.UPDATE_BADGE",
            "com.oppo.launcher.permission.READ_SETTINGS",
            "com.oppo.launcher.permission.WRITE_SETTINGS",
            "com.sec.android.provider.badge.permission.READ",
            "com.sec.android.provider.badge.permission.WRITE",
            "com.sec.feature.fingerprint_manager_service",
            "com.sonyericsson.home.permission.BROADCAST_BADGE",
            "com.sonymobile.home.permission.PROVIDER_INSERT_BADGE",
            "com.vivo.notification.permission.BADGE_ICON",
            "com.xiaomi.permission.AUTH_SERVICE",
            "freemme.permission.msa",
            "me.everything.badger.permission.BADGE_COUNT_READ",
            "me.everything.badger.permission.BADGE_COUNT_WRITE",
            "org.fidoalliance.uaf.permissions.FIDO_CLIENT"
        ],
        "activities": [
            "com.alipay.sdk.app.AlipayResultActivity",
            "com.alipay.sdk.app.H5AuthActivity",
            "com.alipay.sdk.app.H5PayActivity",
            "com.android.support.appcompat.storage.permission.GrantPermissionActivity",
            "com.baidu.android.pushservice.cross.CrossMsgActivity",
            "com.baidu.android.pushservice.hwproxy.HwNotifyActivity",
            "com.baidu.android.pushservice.mzproxy.MzNotifyActivity",
            "com.baidu.android.pushservice.opproxy.OpNotifyActivity",
            "com.baidu.android.pushservice.viproxy.ViNotifyActivity",
            "com.baidu.certification.activity.CertificationActivity",
            "com.baidu.certification.activity.TransitActivity",
            "com.baidu.fc.sdk.debug.AdDebugActivity",
            "com.baidu.haokan.activity.AdVideoDetailActivity",
            "com.baidu.haokan.activity.HkBrowserDemoActivity",
            "com.baidu.haokan.activity.NewWebViewActivity",
            "com.baidu.haokan.activity.PaymentCustomWebViewActivity",
            "com.baidu.haokan.activity.WebViewActivity",
            "com.baidu.haokan.activity.sailor.SailorWebViewActivity",
            "com.baidu.haokan.ad.web.AdWebViewActivity",
            "com.baidu.haokan.app.activity.HomeActivity",
            "com.baidu.haokan.app.activity.set.FeedBackUFOActivity",
            "com.baidu.haokan.app.activity.set.FeedbackActivity",
            "com.baidu.haokan.app.activity.splash.AdSplashSDKActivity",
            "com.baidu.haokan.app.activity.splash.FakeSplashActivity",
            "com.baidu.haokan.app.activity.splash.ShortCutMenuActivity",
            "com.baidu.haokan.app.activity.splash.SplashActivity",
            "com.baidu.haokan.app.feature.aps.hotfix.HotfixTestActivity",
            "com.baidu.haokan.app.feature.aps.plugin.loading.PluginLoadingDialogActivity",
            "com.baidu.haokan.app.feature.basicmode.BasicModeWebViewActivity",
            "com.baidu.haokan.app.feature.creator.activity.VideoCategorySelectActivity",
            "com.baidu.haokan.app.feature.creator.activity.VideoSubCategorySelectActivity",
            "com.baidu.haokan.app.feature.creator.imagepicker.ImageGifGridSelectActivity",
            "com.baidu.haokan.app.feature.creator.imagepicker.ImageGridActivity",
            "com.baidu.haokan.app.feature.creator.imagepicker.PhotoPreviewActivity",
            "com.baidu.haokan.app.feature.creator.imagepicker.crop.CropImageActivity",
            "com.baidu.haokan.app.feature.detail.comment.CommentActivity",
            "com.baidu.haokan.app.feature.detail.comment.CommentDetailActivity",
            "com.baidu.haokan.app.feature.detail.comment.MyCommentActivity",
            "com.baidu.haokan.app.feature.downloadcenter.ApkDownloadHistoryEditActivity",
            "com.baidu.haokan.app.feature.downloadcenter.DownloadCenterActivity",
            "com.baidu.haokan.app.feature.dynamic.DynamicDetailActivity",
            "com.baidu.haokan.app.feature.land.DetailActivity",
            "com.baidu.haokan.app.feature.longvideo.LongVideoListActivity",
            "com.baidu.haokan.app.feature.mylive.ConsumeRecordActivity",
            "com.baidu.haokan.app.feature.mylive.LiveProfitActivity",
            "com.baidu.haokan.app.feature.noticesearch.NoticeSearchActivity",
            "com.baidu.haokan.app.feature.noticesearch.NoticeSettingActivity",
            "com.baidu.haokan.app.feature.search.SearchActivity",
            "com.baidu.haokan.app.feature.search.SearchResultActivity",
            "com.baidu.haokan.app.feature.search.SearchResultH5Activity",
            "com.baidu.haokan.app.feature.search.TextProcessActivity",
            "com.baidu.haokan.app.feature.search.discover.SearchDiscoverActivity",
            "com.baidu.haokan.app.feature.search.discover.VoiceSearchActivity",
            "com.baidu.haokan.app.feature.setting.ManageSpaceActivity",
            "com.baidu.haokan.app.feature.subscribe.MyFansListActivity",
            "com.baidu.haokan.app.feature.subscribe.author.UgcActivity",
            "com.baidu.haokan.app.feature.topic.TopicListActivity",
            "com.baidu.haokan.app.feature.video.FullScreenActivity",
            "com.baidu.haokan.app.feature.video.LocalVideoPreviewActivity",
            "com.baidu.haokan.app.feature.video.detail.VideoDetailActivity",
            "com.baidu.haokan.app.feature.video.detail.VideoDetailImmersiveActivity",
            "com.baidu.haokan.app.feature.video.detail.minivideo.MpVideoDetailImmersiveActivity",
            "com.baidu.haokan.app.feature.vlog.templatepreview.TemplatePreviewActivity",
            "com.baidu.haokan.app.feature.youngmode.YoungModeGuideActivity",
            "com.baidu.haokan.app.feature.youngmode.YoungModePasswordActivity",
            "com.baidu.haokan.app.feature.youngmode.YoungModePwdBindActivity",
            "com.baidu.haokan.app.hkvideoplayer.dlna.DlnaSearchActivity",
            "com.baidu.haokan.appwidget.HaokanAppWidgetActivity",
            "com.baidu.haokan.debugtools.CpuAbiQueryActivity",
            "com.baidu.haokan.debugtools.CrashInfoActivity",
            "com.baidu.haokan.debugtools.DebugActivity",
            "com.baidu.haokan.debugtools.LokiSampleActivity",
            "com.baidu.haokan.debugtools.NpsDemoActivity",
            "com.baidu.haokan.debugtools.PushDebugActivity",
            "com.baidu.haokan.debugtools.ResetCuidActivity",
            "com.baidu.haokan.debugtools.SmallFlowActivity",
            "com.baidu.haokan.debugtools.diskcache.FileActivity",
            "com.baidu.haokan.debugtools.fpswatcher.ui.TraceActivity",
            "com.baidu.haokan.debugtools.fpswatcher.ui.TraceDetailActivity",
            "com.baidu.haokan.debugtools.swan.SwanFavoriteHistoryActivity",
            "com.baidu.haokan.detainment.DetainmentActivity",
            "com.baidu.haokan.external.cropimage.CropImageActivity",
            "com.baidu.haokan.external.login.BindPhoneActivity",
            "com.baidu.haokan.external.login.floating.LoginFloatingActivity",
            "com.baidu.haokan.external.login.pop.NewLoginPopActivity",
            "com.baidu.haokan.external.push.OpenPushActivity",
            "com.baidu.haokan.external.push.PushActivity",
            "com.baidu.haokan.external.push.guide.PushGuideActivity",
            "com.baidu.haokan.external.push.guide.PushGuideRetainActivity",
            "com.baidu.haokan.external.share.social.oauth.SocialOAuthActivity",
            "com.baidu.haokan.external.share.social.share.handler.LocalShareActivity",
            "com.baidu.haokan.external.share.social.share.handler.QQFriendShareReceiverActivity",
            "com.baidu.haokan.external.share.social.share.handler.SinaWeiboShareActivity",
            "com.baidu.haokan.game.GameCenterActivity",
            "com.baidu.haokan.hkbrowser.immersion.HkBrowserImmersionActivity",
            "com.baidu.haokan.hkbrowser.main.HkBrowserMainActivity",
            "com.baidu.haokan.hkbrowser.search.HkBrowserSearchActivity",
            "com.baidu.haokan.newhaokan.ares.AresActivity",
            "com.baidu.haokan.newhaokan.bbq.detail.BbqVideoDetailImmersiveActivity",
            "com.baidu.haokan.newhaokan.bbqv2.activelocation.ChannelOperationActivity",
            "com.baidu.haokan.newhaokan.view.column.activity.ColumnDetailActivity",
            "com.baidu.haokan.newhaokan.view.im.comment.MessageCommentActivity",
            "com.baidu.haokan.newhaokan.view.im.fans.MessageFansActivity",
            "com.baidu.haokan.newhaokan.view.im.like.MessageLikeActivity",
            "com.baidu.haokan.newhaokan.view.my.activity.AboutUsActivity",
            "com.baidu.haokan.newhaokan.view.my.activity.ContinualAutoPlayActivity",
            "com.baidu.haokan.newhaokan.view.my.activity.ImagePickerActivity",
            "com.baidu.haokan.newhaokan.view.my.activity.MyCenterDialogActivity",
            "com.baidu.haokan.newhaokan.view.my.activity.MyCommentBlackListActivity",
            "com.baidu.haokan.newhaokan.view.my.activity.MySpecialColumnActivity",
            "com.baidu.haokan.newhaokan.view.my.activity.MySpecialColumnDetailActivity",
            "com.baidu.haokan.newhaokan.view.my.activity.MyliveActivity",
            "com.baidu.haokan.newhaokan.view.my.activity.NotificationSetActivity",
            "com.baidu.haokan.newhaokan.view.my.activity.PickerActivity",
            "com.baidu.haokan.newhaokan.view.my.activity.PrivacySetActivity",
            "com.baidu.haokan.newhaokan.view.my.activity.PushFrequencySetActivity",
            "com.baidu.haokan.newhaokan.view.my.activity.SettingActivity",
            "com.baidu.haokan.newhaokan.view.personalcenter.activity.FunctionsActivity",
            "com.baidu.haokan.newhaokan.view.personalcenter.activity.MyDynamicActivity",
            "com.baidu.haokan.newhaokan.view.personalcenter.activity.PersonalCenterDownloadActivity",
            "com.baidu.haokan.newhaokan.view.personalcenter.activity.PersonalCenterHistoryCollectionActivity",
            "com.baidu.haokan.newhaokan.view.personalcenter.activity.UserInfoEditorActivity",
            "com.baidu.haokan.newhaokan.view.personalcenter.activity.UserinfoEditCityActivity",
            "com.baidu.haokan.newhaokan.view.personalcenter.activity.WorksModifyActivity",
            "com.baidu.haokan.newhaokan.view.personalcenter.activity.WorksVideoManagerActivity",
            "com.baidu.haokan.newhaokan.view.subscribe.activity.SubscribeDiscoverActivity",
            "com.baidu.haokan.newhaokan.view.subscribe.activity.SubscribeMyListActivity",
            "com.baidu.haokan.newhaokan.view.videoatlas.activity.AtlasHomePageActivity",
            "com.baidu.haokan.newhaokan.view.videoatlas.activity.AtlasUgcLandPageActivity",
            "com.baidu.haokan.newhaokan.view.videoatlas.activity.MarkGuideVideoActivity",
            "com.baidu.haokan.newhaokan.view.videoatlas.activity.MyAtlasSubscribeActivity",
            "com.baidu.haokan.newhaokan.view.videoatlas.ugc.AtlasUgcPublishActivity",
            "com.baidu.haokan.newhaokan.view.videoatlas.ugc.AtlasUgcPublishNewActivity",
            "com.baidu.haokan.newhaokan.view.videoatlas.ugc.AtlasUgcPublishSchemeActivity",
            "com.baidu.haokan.newhaokan.view.videoatlas.ugc.AtlasUgcSystemActivity",
            "com.baidu.haokan.newhaokan.view.widget.guide.GuideUsersPraiseActivity",
            "com.baidu.haokan.nps.loading.NpsPluginLoadingDialogActivity",
            "com.baidu.haokan.nps.loading.NpsPluginsLoadingDialogActivity",
            "com.baidu.haokan.photoview.CustomPreviewActivity",
            "com.baidu.haokan.photoview.GPreviewActivity",
            "com.baidu.haokan.safemode.MainProcessRebootActivity",
            "com.baidu.haokan.safemode.SafeModeActivity",
            "com.baidu.haokan.scheme.SchemeActivity",
            "com.baidu.haokan.swan.sailor.SailorLoadingActivity",
            "com.baidu.haokan.task.TaskAdVideoActivity",
            "com.baidu.haokan.widget.dialog.voice.VoiceAnswerActivity",
            "com.baidu.haokan.widget.medal.MedalNotificationActivity",
            "com.baidu.haokan.widget.medal.MedalNotificationNewActivity",
            "com.baidu.haokan.wxapi.WXEntryActivity",
            "com.baidu.haokan.wxapi.WXPayEntryActivity",
            "com.baidu.helios.plugin.StubActivity0",
            "com.baidu.helios.plugin.StubActivity1",
            "com.baidu.helios.plugin.StubActivity10",
            "com.baidu.helios.plugin.StubActivity100",
            "com.baidu.helios.plugin.StubActivity101",
            "com.baidu.helios.plugin.StubActivity102",
            "com.baidu.helios.plugin.StubActivity103",
            "com.baidu.helios.plugin.StubActivity104",
            "com.baidu.helios.plugin.StubActivity105",
            "com.baidu.helios.plugin.StubActivity106",
            "com.baidu.helios.plugin.StubActivity107",
            "com.baidu.helios.plugin.StubActivity108",
            "com.baidu.helios.plugin.StubActivity109",
            "com.baidu.helios.plugin.StubActivity11",
            "com.baidu.helios.plugin.StubActivity110",
            "com.baidu.helios.plugin.StubActivity111",
            "com.baidu.helios.plugin.StubActivity112",
            "com.baidu.helios.plugin.StubActivity113",
            "com.baidu.helios.plugin.StubActivity114",
            "com.baidu.helios.plugin.StubActivity115",
            "com.baidu.helios.plugin.StubActivity116",
            "com.baidu.helios.plugin.StubActivity117",
            "com.baidu.helios.plugin.StubActivity118",
            "com.baidu.helios.plugin.StubActivity119",
            "com.baidu.helios.plugin.StubActivity12",
            "com.baidu.helios.plugin.StubActivity13",
            "com.baidu.helios.plugin.StubActivity14",
            "com.baidu.helios.plugin.StubActivity15",
            "com.baidu.helios.plugin.StubActivity16",
            "com.baidu.helios.plugin.StubActivity17",
            "com.baidu.helios.plugin.StubActivity18",
            "com.baidu.helios.plugin.StubActivity19",
            "com.baidu.helios.plugin.StubActivity2",
            "com.baidu.helios.plugin.StubActivity20",
            "com.baidu.helios.plugin.StubActivity21",
            "com.baidu.helios.plugin.StubActivity22",
            "com.baidu.helios.plugin.StubActivity23",
            "com.baidu.helios.plugin.StubActivity24",
            "com.baidu.helios.plugin.StubActivity25",
            "com.baidu.helios.plugin.StubActivity26",
            "com.baidu.helios.plugin.StubActivity27",
            "com.baidu.helios.plugin.StubActivity28",
            "com.baidu.helios.plugin.StubActivity29",
            "com.baidu.helios.plugin.StubActivity3",
            "com.baidu.helios.plugin.StubActivity30",
            "com.baidu.helios.plugin.StubActivity31",
            "com.baidu.helios.plugin.StubActivity32",
            "com.baidu.helios.plugin.StubActivity33",
            "com.baidu.helios.plugin.StubActivity34",
            "com.baidu.helios.plugin.StubActivity35",
            "com.baidu.helios.plugin.StubActivity36",
            "com.baidu.helios.plugin.StubActivity37",
            "com.baidu.helios.plugin.StubActivity38",
            "com.baidu.helios.plugin.StubActivity39",
            "com.baidu.helios.plugin.StubActivity4",
            "com.baidu.helios.plugin.StubActivity40",
            "com.baidu.helios.plugin.StubActivity41",
            "com.baidu.helios.plugin.StubActivity42",
            "com.baidu.helios.plugin.StubActivity43",
            "com.baidu.helios.plugin.StubActivity44",
            "com.baidu.helios.plugin.StubActivity45",
            "com.baidu.helios.plugin.StubActivity46",
            "com.baidu.helios.plugin.StubActivity47",
            "com.baidu.helios.plugin.StubActivity48",
            "com.baidu.helios.plugin.StubActivity49",
            "com.baidu.helios.plugin.StubActivity5",
            "com.baidu.helios.plugin.StubActivity50",
            "com.baidu.helios.plugin.StubActivity51",
            "com.baidu.helios.plugin.StubActivity52",
            "com.baidu.helios.plugin.StubActivity53",
            "com.baidu.helios.plugin.StubActivity54",
            "com.baidu.helios.plugin.StubActivity55",
            "com.baidu.helios.plugin.StubActivity56",
            "com.baidu.helios.plugin.StubActivity57",
            "com.baidu.helios.plugin.StubActivity58",
            "com.baidu.helios.plugin.StubActivity59",
            "com.baidu.helios.plugin.StubActivity6",
            "com.baidu.helios.plugin.StubActivity60",
            "com.baidu.helios.plugin.StubActivity61",
            "com.baidu.helios.plugin.StubActivity62",
            "com.baidu.helios.plugin.StubActivity63",
            "com.baidu.helios.plugin.StubActivity64",
            "com.baidu.helios.plugin.StubActivity65",
            "com.baidu.helios.plugin.StubActivity66",
            "com.baidu.helios.plugin.StubActivity67",
            "com.baidu.helios.plugin.StubActivity68",
            "com.baidu.helios.plugin.StubActivity69",
            "com.baidu.helios.plugin.StubActivity7",
            "com.baidu.helios.plugin.StubActivity70",
            "com.baidu.helios.plugin.StubActivity71",
            "com.baidu.helios.plugin.StubActivity72",
            "com.baidu.helios.plugin.StubActivity73",
            "com.baidu.helios.plugin.StubActivity74",
            "com.baidu.helios.plugin.StubActivity75",
            "com.baidu.helios.plugin.StubActivity76",
            "com.baidu.helios.plugin.StubActivity77",
            "com.baidu.helios.plugin.StubActivity78",
            "com.baidu.helios.plugin.StubActivity79",
            "com.baidu.helios.plugin.StubActivity8",
            "com.baidu.helios.plugin.StubActivity80",
            "com.baidu.helios.plugin.StubActivity81",
            "com.baidu.helios.plugin.StubActivity82",
            "com.baidu.helios.plugin.StubActivity83",
            "com.baidu.helios.plugin.StubActivity84",
            "com.baidu.helios.plugin.StubActivity85",
            "com.baidu.helios.plugin.StubActivity86",
            "com.baidu.helios.plugin.StubActivity87",
            "com.baidu.helios.plugin.StubActivity88",
            "com.baidu.helios.plugin.StubActivity89",
            "com.baidu.helios.plugin.StubActivity9",
            "com.baidu.helios.plugin.StubActivity90",
            "com.baidu.helios.plugin.StubActivity91",
            "com.baidu.helios.plugin.StubActivity92",
            "com.baidu.helios.plugin.StubActivity93",
            "com.baidu.helios.plugin.StubActivity94",
            "com.baidu.helios.plugin.StubActivity95",
            "com.baidu.helios.plugin.StubActivity96",
            "com.baidu.helios.plugin.StubActivity97",
            "com.baidu.helios.plugin.StubActivity98",
            "com.baidu.helios.plugin.StubActivity99",
            "com.baidu.helios.plugin.StubStateActivity",
            "com.baidu.helios.plugin.StubVerActivity0",
            "com.baidu.helios.plugin.StubVerActivity1",
            "com.baidu.helios.plugin.StubVerActivity2",
            "com.baidu.helios.plugin.StubVerActivity3",
            "com.baidu.helios.plugin.StubVerActivity4",
            "com.baidu.helios.plugin.StubVerActivity5",
            "com.baidu.helios.plugin.StubVerActivity6",
            "com.baidu.helios.plugin.StubVerActivity7",
            "com.baidu.live.LiveFeedPageActivity",
            "com.baidu.live.activity.TransparentActivity",
            "com.baidu.live.gift.AlaGiftLuckyStarActivity",
            "com.baidu.live.gift.container.AlaGiftTabActivity",
            "com.baidu.live.master.AlaLiveEndActivity",
            "com.baidu.live.master.AlaMasterLiveRoomActivity",
            "com.baidu.live.master.AlaVerifyAndModifyActivity",
            "com.baidu.live.master.activity.EditLiveVoteActivity",
            "com.baidu.live.master.activity.LiveAudioCHatTypeChoseActivity",
            "com.baidu.live.master.activity.LiveChatAudioExplainAgreementActivity",
            "com.baidu.live.master.activity.LivePriceSettingActivity",
            "com.baidu.live.master.activity.VoteListActivity",
            "com.baidu.live.master.ala.person.PersonCardActivity",
            "com.baidu.live.master.bjhlive.activity.LiveCouponDetailActivity",
            "com.baidu.live.master.bjhlive.activity.LiveCouponTaskActivity",
            "com.baidu.live.master.core.prepare.EditOrderLiveActivity",
            "com.baidu.live.master.core.prepare.LiveBPrepareAddGuardianActivity",
            "com.baidu.live.master.core.prepare.LiveBPrepareAddGuardianResultActivity",
            "com.baidu.live.master.core.prepare.OrderLiveForChatActivity",
            "com.baidu.live.master.fans.LiveBFansNameEditActivity",
            "com.baidu.live.master.gift.AlaGiftLuckyStarActivity",
            "com.baidu.live.master.gift.container.AlaGiftTabActivity",
            "com.baidu.live.master.prepare.AlaLiveCategorySelectActivity",
            "com.baidu.live.master.prepare.AlaLiveGoodsActivity",
            "com.baidu.live.master.prepare.AlaLiveIntroActivity",
            "com.baidu.live.master.prepare.AlaLiveIntroActivity",
            "com.baidu.live.master.prepare.AlaLiveMasterAudioChatConfigActivity",
            "com.baidu.live.master.prepare.AlaLiveMasterAudioChatItemEditActivity",
            "com.baidu.live.master.prepare.AlaLiveMasterPromptImageSettingActivity",
            "com.baidu.live.master.prepare.AlaLiveMasterPromptImageSettingActivity",
            "com.baidu.live.master.prepare.AlaLiveMoreInfoActivity",
            "com.baidu.live.master.prepare.AlaLiveSuitableActivity",
            "com.baidu.live.master.prepare.AlaLiveTagEditActivity",
            "com.baidu.live.master.prepare.AlaLiveVoteEditActivity",
            "com.baidu.live.master.prepare.AlaLiveVoteListActivity",
            "com.baidu.live.master.prepare.LiveBFanBaseManagerActivity",
            "com.baidu.live.master.prepare.LiveBGoodAtActivity",
            "com.baidu.live.master.prepare.LiveBMicPriceEditActivity",
            "com.baidu.live.master.prepare.LiveBMicPriceListActivity",
            "com.baidu.live.master.prepare.LiveBQATextPriceEditActivity",
            "com.baidu.live.master.prepare.LiveMasterPrepareGoodsActivity",
            "com.baidu.live.master.prepare.LiveMasterPrepareOneToOneActivity",
            "com.baidu.live.master.prepare.LivePreLiveListActivity",
            "com.baidu.live.master.prepare.MasterMicTypeChooseActivity",
            "com.baidu.live.master.replay.activity.LiveHighlightsActivity",
            "com.baidu.live.master.replay.activity.LivePublishResultActivity",
            "com.baidu.live.master.replay.activity.LiveVideoCoverChoiceActivity",
            "com.baidu.live.master.replay.activity.LiveVideoPublishActivity",
            "com.baidu.live.master.replay.activity.LiveVideoSearchActivity",
            "com.baidu.live.master.replay.trim.LiveTrimVideoActivity",
            "com.baidu.live.master.scheme.outer.LiveBOuterWebViewActivity",
            "com.baidu.live.master.sdk.activity.CommonWebViewActivity",
            "com.baidu.live.master.sdk.activity.LivePlayerActivity",
            "com.baidu.live.master.tieba.personextra.EditHeadActivity",
            "com.baidu.live.master.tieba.personextra.PreviewHeadActivity",
            "com.baidu.live.master.tieba.write.album.AlbumActivity",
            "com.baidu.live.tbadk.coreextra.NoNetworkMoreActivity",
            "com.baidu.live.tieba.personextra.EditHeadActivity",
            "com.baidu.live.tieba.write.album.AlbumActivity",
            "com.baidu.live.tieba.yuyinala.AlaFeedBackEditActivity",
            "com.baidu.live.tieba.yuyinala.AlaFeedBackReasonActivity",
            "com.baidu.live.yuyingift.AlaGiftLuckyStarActivity",
            "com.baidu.live.yuyingift.container.AlaGiftTabActivity",
            "com.baidu.message.im.imagechooser.ImageBrowseActivity",
            "com.baidu.message.im.imagechooser.ImageChooseActivity",
            "com.baidu.message.im.imagechooser.ImageChooseNoPermissionActivity",
            "com.baidu.message.im.ui.activity.ChatActivity",
            "com.baidu.message.im.ui.activity.GroupMemberListActivity",
            "com.baidu.message.im.ui.activity.GroupNickNameActivity",
            "com.baidu.message.im.ui.activity.GroupRemarkNameActivity",
            "com.baidu.message.im.ui.activity.GroupSettingActivity",
            "com.baidu.message.im.ui.activity.ImageActivity",
            "com.baidu.message.im.ui.activity.NoticeOrderListActivity",
            "com.baidu.message.im.ui.activity.PaSettingActivity",
            "com.baidu.message.im.ui.activity.UserSettingActivity",
            "com.baidu.message.im.ui.center.MessageCenterActivity",
            "com.baidu.message.im.ui.masstextchat.SubscribeMassTextingChatActivity",
            "com.baidu.message.im.ui.masstexting.SubscribeMassTextingActivity",
            "com.baidu.message.im.ui.noticelist.NoticeListActivity",
            "com.baidu.message.im.ui.noticepushlist.NoticePushListActivity",
            "com.baidu.minivideo.PublishActivity",
            "com.baidu.minivideo.PublishLocationActivity",
            "com.baidu.minivideo.PublishTitleCategoryListActivity",
            "com.baidu.minivideo.app.authority.UgcAuthorityActivity",
            "com.baidu.minivideo.plugin.capture.publish.PublishAliveActivity",
            "com.baidu.nadcore.debugtool.NadDebugToolActivity",
            "com.baidu.nadcore.lp.reward.NadRewardVideoActivity",
            "com.baidu.nadcore.max.ImmersiveVideoDetailActivity",
            "com.baidu.nadcore.webview.AdWebActivity",
            "com.baidu.nadcore.webview.AdWebActivityStandard",
            "com.baidu.pass.biometrics.face.liveness.activity.PassLivenessRecogActivity",
            "com.baidu.pass.permissions.PermissionsHelperActivity",
            "com.baidu.poly.widget.AgreeNoPwdPayAuthActivity",
            "com.baidu.poly.widget.PayWebActivity",
            "com.baidu.poly.widget.PolyActivity",
            "com.baidu.poly.widget.WechatSignAutoRenewActivity",
            "com.baidu.sapi2.activity.AccountCenterActivity",
            "com.baidu.sapi2.activity.AccountCenterExternalActivity",
            "com.baidu.sapi2.activity.AccountRealNameActivity",
            "com.baidu.sapi2.activity.AccountToolsActivity",
            "com.baidu.sapi2.activity.AuthWidgetActivity",
            "com.baidu.sapi2.activity.AuthWidgetForCashierActivity",
            "com.baidu.sapi2.activity.BindWidgetActivity",
            "com.baidu.sapi2.activity.ChildVerifyActivity",
            "com.baidu.sapi2.activity.FastRegActivity",
            "com.baidu.sapi2.activity.FillUProfileActivity",
            "com.baidu.sapi2.activity.ForgetPwdActivity",
            "com.baidu.sapi2.activity.GrantWebActivity",
            "com.baidu.sapi2.activity.HorizontalScreenLoginActivity",
            "com.baidu.sapi2.activity.IdCardOcrCameraActivity",
            "com.baidu.sapi2.activity.ImageClipActivity",
            "com.baidu.sapi2.activity.LoadExternalWebViewActivity",
            "com.baidu.sapi2.activity.LoginActivity",
            "com.baidu.sapi2.activity.ModifyPwdActivity",
            "com.baidu.sapi2.activity.NormalizeGuestAccountActivity",
            "com.baidu.sapi2.activity.OauthActivity",
            "com.baidu.sapi2.activity.OperationRecordActivity",
            "com.baidu.sapi2.activity.QrLoginActivity",
            "com.baidu.sapi2.activity.RegisterActivity",
            "com.baidu.sapi2.activity.RemoteProcessWebviewActivity",
            "com.baidu.sapi2.activity.ShareActivity",
            "com.baidu.sapi2.activity.ShareResultProxyActivity",
            "com.baidu.sapi2.activity.SwitchAccountActivity",
            "com.baidu.sapi2.activity.YouthStyleLoginActivity",
            "com.baidu.sapi2.activity.social.FacebookSSOLoginActivity",
            "com.baidu.sapi2.activity.social.GlorySSOLoginActivity",
            "com.baidu.sapi2.activity.social.GoogleSSOLoginActivity",
            "com.baidu.sapi2.activity.social.HuaweiSSOLoginActivity",
            "com.baidu.sapi2.activity.social.MeizuSSOLoginActivity",
            "com.baidu.sapi2.activity.social.QQOauthLoginActivity",
            "com.baidu.sapi2.activity.social.QQSSOLoginActivity",
            "com.baidu.sapi2.activity.social.SinaSSOLoginActivity",
            "com.baidu.sapi2.activity.social.SocialLoginActivity",
            "com.baidu.sapi2.activity.social.TwitterSSOLoginActivity",
            "com.baidu.sapi2.activity.social.WXLoginActivity",
            "com.baidu.sapi2.activity.social.XiaomiSSOLoginActivity",
            "com.baidu.sapi2.activity.social.YYInnerSSOLoginActivity",
            "com.baidu.sapi2.activity.social.YYSSOLoginActivity",
            "com.baidu.sapi2.ecommerce.activity.AddressEditActivity",
            "com.baidu.sapi2.ecommerce.activity.AddressListActivity",
            "com.baidu.sapi2.ecommerce.activity.GetContactActivty",
            "com.baidu.sapi2.ecommerce.activity.InvoiceBuildActivity",
            "com.baidu.sapi2.ecommerce.activity.InvoiceBuildExternalActivity",
            "com.baidu.sapi2.ecommerce.activity.MapLocationAddrActivity",
            "com.baidu.sapi2.share.ShareActivity",
            "com.baidu.searchbox.game.lightbrowser.LightBrowserActivity",
            "com.baidu.searchbox.gamecore.GameHomeActivity",
            "com.baidu.searchbox.gamecore.history.GameHistoryActivity",
            "com.baidu.searchbox.live.list.LiveListActivity",
            "com.baidu.searchbox.live.list.MixLiveActivity",
            "com.baidu.searchbox.live.liveshow.LiveShowActivity",
            "com.baidu.searchbox.live.scheme.LiveOutWebViewActivity",
            "com.baidu.searchbox.process.ipc.agent.activity.MainProcessDelegateActivity",
            "com.baidu.searchbox.process.ipc.agent.activity.MegPluginDelegateActivity",
            "com.baidu.searchbox.process.ipc.agent.activity.PluginDelegateActivity",
            "com.baidu.searchbox.ugc.activity.LocalAlbumActivity",
            "com.baidu.searchbox.ugc.activity.LocalPhotoPreviewActivity",
            "com.baidu.searchbox.ugc.activity.TextImagePublishActivity",
            "com.baidu.sofire.MyActivity",
            "com.baidu.swan.apps.SwanAppActivity",
            "com.baidu.swan.apps.SwanAppActivity1",
            "com.baidu.swan.apps.SwanAppActivity2",
            "com.baidu.swan.apps.SwanAppActivity3",
            "com.baidu.swan.apps.SwanAppActivity4",
            "com.baidu.swan.apps.SwanAppActivity5",
            "com.baidu.swan.apps.SwanAppActivityMain",
            "com.baidu.swan.apps.SwanAppClearCacheErrorActivity",
            "com.baidu.swan.apps.SwanAppErrorActivity",
            "com.baidu.swan.apps.SwanAppHalfScreenActivity",
            "com.baidu.swan.apps.SwanAppHalfScreenActivity1",
            "com.baidu.swan.apps.SwanAppHalfScreenActivity2",
            "com.baidu.swan.apps.SwanAppHalfScreenActivity3",
            "com.baidu.swan.apps.SwanAppHalfScreenActivity4",
            "com.baidu.swan.apps.SwanAppHalfScreenActivity5",
            "com.baidu.swan.apps.SwanAppHalfScreenActivityMain",
            "com.baidu.swan.apps.SwanAppLauncherActivity",
            "com.baidu.swan.apps.SwanAppScopeDetailActivity",
            "com.baidu.swan.apps.SwanRelayActivity",
            "com.baidu.swan.apps.console.debugger.adbdebug.SwanAppAdbDebugActivity",
            "com.baidu.swan.apps.media.chooser.activity.SwanAppAlbumActivity",
            "com.baidu.swan.apps.media.chooser.activity.SwanAppAlbumPreviewActivity",
            "com.baidu.swan.apps.view.SwanAppErrorDialog",
            "com.baidu.swan.bdprivate.extensions.loginauthmobile.LoginAndGetMobileActivity",
            "com.baidu.swan.bdprivate.extensions.loginauthmobile.LoginServiceAgreementActivity",
            "com.baidu.swan.facade.picture.wallpaper.PictureWallpaperActivity",
            "com.baidu.swan.facade.requred.webview.LoadingActivity",
            "com.baidu.swan.game.guide.dialog.CoinClickDialog",
            "com.baidu.swan.game.guide.install.GameNowInstallAntiBlockingActivity",
            "com.baidu.swan.game.guide.install.InstallActivity",
            "com.baidu.swan.gamecenter.appmanager.install.InstallAntiBlockingActivity",
            "com.baidu.swan.gamecenter.appmanager.install.InstallPluginDelegateActivity",
            "com.baidu.swan.trace.activity.TraceInfoActivity",
            "com.baidu.techain.NCActivity",
            "com.baidu.techain.NGuideActivity",
            "com.baidu.techain.RichWebActivity",
            "com.baidu.techain.TechainActivity",
            "com.baidu.tieba.ala.AlaChooseGiftActivity",
            "com.baidu.tieba.ala.AlaDeleteWishActivity",
            "com.baidu.tieba.ala.AlaFeedBackEditActivity",
            "com.baidu.tieba.ala.AlaFeedBackReasonActivity",
            "com.baidu.tieba.ala.AlaLiveAddWishActivity",
            "com.baidu.tieba.ala.AlaLiveWishListActivity",
            "com.baidu.tieba.ala.AlaRankListActivity",
            "com.baidu.tieba.ala.AlaRankListPKStatusActivity",
            "com.baidu.tieba.ala.AlaRedPacketSnatchResultActivity",
            "com.baidu.tieba.ala.AlaRedPktSendActivity",
            "com.baidu.tieba.ala.AlaSnatchRedPacketActivity",
            "com.baidu.tieba.ala.AlaWishListActivity",
            "com.baidu.tieba.ala.category.AlaLiveCategoryActivity",
            "com.baidu.tieba.ala.category.AlaLiveTagActivity",
            "com.baidu.tieba.ala.charm.ALaCharmCardActivity",
            "com.baidu.tieba.ala.charm.CharmRankTotalActivity",
            "com.baidu.tieba.ala.guardclub.GuardClubInfoActivity",
            "com.baidu.tieba.ala.guardclub.GuardClubJoinListActivity",
            "com.baidu.tieba.ala.guardclub.GuardClubMemberListActivity",
            "com.baidu.tieba.ala.guardclub.GuardClubRankActivity",
            "com.baidu.tieba.ala.guardthrone.NewThroneAndNobleActivity",
            "com.baidu.tieba.ala.headline.dialog.AlaHeadlineActivity",
            "com.baidu.tieba.ala.live.AlaSdkWalletActivity",
            "com.baidu.tieba.ala.live.AlaSdkWalletOpaqueActivity",
            "com.baidu.tieba.ala.live.personcenter.admin.AlaAdminListActivity",
            "com.baidu.tieba.ala.live.personcenter.exp.AlaPersonCenterExpActivity",
            "com.baidu.tieba.ala.live.personcenter.fans.PersonListActivity",
            "com.baidu.tieba.ala.live.personcenter.forbidden.AlaForbiddenListActivity",
            "com.baidu.tieba.ala.live.personcenter.guardian.AlaGuardianListActivity",
            "com.baidu.tieba.ala.liveroom.AlaLiveEndActivity",
            "com.baidu.tieba.ala.liveroom.AlaLiveFloatWindowActivity",
            "com.baidu.tieba.ala.liveroom.challenge.AlaChallengeShowAllJinzhuActivity",
            "com.baidu.tieba.ala.liveroom.master.AlaMasterLiveRoomActivity",
            "com.baidu.tieba.ala.livewishlist.AlaMyAssistWishActivity",
            "com.baidu.tieba.ala.person.PersonCardActivity",
            "com.baidu.tieba.ala.poke.AlaPokeDialogActivity",
            "com.baidu.tieba.live.tbean.BuyTBeanActivity",
            "com.baidu.tieba.live.tbean.BuyTBeanFullscreenActivity",
            "com.baidu.tieba.sdk.activity.CommonWebViewActivity",
            "com.baidu.tieba.sdk.activity.CommonWebViewFullActivity",
            "com.baidu.tieba.sdk.activity.TransparentLoadingActivity",
            "com.baidu.tieba.sdk.activity.YuyinLivePlayerActivity",
            "com.baidu.tieba.yuyinala.AlaRankListActivity",
            "com.baidu.tieba.yuyinala.AlaRedPacketSnatchResultActivity",
            "com.baidu.tieba.yuyinala.AlaRedPktSendActivity",
            "com.baidu.tieba.yuyinala.AlaSnatchRedPacketActivity",
            "com.baidu.tieba.yuyinala.charm.audiencelist.YuyinALaAudiencesActivity",
            "com.baidu.tieba.yuyinala.charm.bannedpost.YuyinBannedPostListActivity",
            "com.baidu.tieba.yuyinala.charm.charmrank.YuyinCharmRankTotalActivity",
            "com.baidu.tieba.yuyinala.liveroom.AlaLiveFloatWindowActivity",
            "com.baidu.tieba.yuyinala.liveroom.master.YuyinAlaCreateLiveRoomActivity",
            "com.baidu.tieba.yuyinala.person.PersonCardActivity",
            "com.baidu.ufosdk.hybrid.base.WebLoaderActivity",
            "com.baidu.ufosdk.screencapedt.ScreenCapEditActivity",
            "com.baidu.ufosdk.ui.FeedbackEditActivity",
            "com.baidu.ufosdk.ui.FeedbackImageViewFlipperActivity",
            "com.baidu.ufosdk.ui.FeedbackInputActivity",
            "com.baidu.ufosdk.ui.FeedbackListActivity",
            "com.baidu.ufosdk.ui.FeedbackReportActivity",
            "com.baidu.ugc.browser.UgcBrowserActivity",
            "com.baidu.ugc.cartoon.CartoonVideoProduceActivity",
            "com.baidu.ugc.feature.music.actvity.MusicAssortActivity",
            "com.baidu.ugc.feature.music.actvity.MusicClipActivity",
            "com.baidu.ugc.feature.music.actvity.MusicMenuActivity",
            "com.baidu.ugc.localfile.LocalVideoActivity",
            "com.baidu.ugc.localfile.activity.EditImageActivity",
            "com.baidu.ugc.localfile.detail.LocalImagePreviewActivity",
            "com.baidu.ugc.location.SelectLocationActivity",
            "com.baidu.ugc.multimedia.MultiMediaEditActivity",
            "com.baidu.ugc.publish.activity.PublishActivity",
            "com.baidu.ugc.ui.activity.DraftListActivity",
            "com.baidu.ugc.ui.activity.UgcPublishPreviewAcitivty",
            "com.baidu.ugc.ui.activity.UgcSelectCoverActivity",
            "com.baidu.ugc.ui.activity.UgcVideoCaptureActivity",
            "com.baidu.ugc.ui.activity.UgcVideoKSongChorusActivity",
            "com.baidu.ugc.ui.activity.UgcVideoKSongSelectActivity",
            "com.baidu.ugc.ui.activity.UgcVideoPreviewActivity",
            "com.baidu.ugc.ui.activity.UgcVideoSingerActivity",
            "com.baidu.voicesearh.voice.controller.VoiceSearchShellActivity",
            "com.baidu.voicesearh.voice.controller.VoiceSearchShellActivity",
            "com.baidu.wallet.nfc.BusCardPluginActivity",
            "com.baidu.wallet.remotepay.RemotePayEnterActivity",
            "com.baidu.wallet.scheme.WalletSchemePluginActivity",
            "com.baidu.webkit.sdk.PermissionActivity",
            "com.baidu.yuyinala.privatemessage.session.activity.ChatListActivity",
            "com.baidu.yuyinala.privatemessage.session.activity.SplashChatAcitity",
            "com.bd.gamelive.impl.component.replay.LiveReplayActivity",
            "com.bd.gamelive.impl.component.society.PhotoSelectActivity",
            "com.bd.gamelive.impl.component.society.component.SocietyActivity",
            "com.bd.gamelive.impl.component.ui.BDGamePreviewImageActivity",
            "com.duowan.kindsActivity.NewSettingFeatureActivity",
            "com.duowan.kindsActivity.SearchResultActivity",
            "com.duowan.kindsActivity.SettingFeatureActivity",
            "com.duowan.mobile.basemedia.watchlive.activity.LiveTemplateActivity",
            "com.duowan.pluginsdemo.MainActivity",
            "com.google.ar.core.InstallActivity",
            "com.google.zxing.client.android.CaptureActivity",
            "com.huawei.hms.activity.BridgeActivity",
            "com.huawei.hms.activity.EnableServiceActivity",
            "com.huawei.updatesdk.service.otaupdate.AppUpdateActivity",
            "com.huawei.updatesdk.support.pm.PackageInstallerActivity",
            "com.sdk.base.module.permission.PermissionActivity",
            "com.sina.weibo.sdk.share.WbShareResultActivity",
            "com.sina.weibo.sdk.share.WbShareToStoryActivity",
            "com.sina.weibo.sdk.share.WbShareTransActivity",
            "com.sina.weibo.sdk.web.WeiboSdkWebActivity",
            "com.tencent.connect.common.AssistActivity",
            "com.tencent.tauth.AuthActivity",
            "com.unionpay.uppay.PayActivity",
            "com.vivo.push.sdk.LinkProxyClientActivity",
            "com.yanzhenjie.permission.bridge.BridgeActivity",
            "com.yy.dreamer.webview.JsSupportWebAcitivity",
            "com.yy.love.biz.channellist.ChannelLinkSubListActivity",
            "com.yy.mobile.livebasebiz.anchorintrovideo.UnionAnchorVideoPlayActivity",
            "com.yy.mobile.newphotopick.ui.PreviewImageActivity",
            "com.yy.mobile.newphotopick.ui.YImageMainActivity",
            "com.yy.mobile.plugin.dreamerchannel.ui.components.edit.ChannelRoomEditActivity",
            "com.yy.mobile.plugin.dreamerchannel.ui.components.edit.GameSelectActivity",
            "com.yy.mobile.plugin.dreamerchannel.ui.components.online.ChannelOnlineSelectActivity",
            "com.yy.mobile.plugin.dreamerchannel.ui.components.online.ChannelOnlineUserActivity",
            "com.yy.mobile.plugin.pluginmobilelive.MobileLiveActivity",
            "com.yy.mobile.plugin.pluginmobilelive.certify.RealNameAuthActivity",
            "com.yy.mobile.plugin.pluginmobilelive.leave.MobileLiveLeaveActivity",
            "com.yy.mobile.plugin.ycloud.suggest.ui.SuggestActivity",
            "com.yy.mobile.ui.channel.SignDetailsActivity",
            "com.yy.mobile.ui.channellinklist.ChannelLinkSubListActivity",
            "com.yy.mobile.ui.common.JsSupportWebAcitivity",
            "com.yy.mobile.ui.common.MultiPhotoDisplayActivity",
            "com.yy.mobile.ui.gallery.PhotoUploadPreviewActivity",
            "com.yy.mobile.ui.pay.RechargeActivity",
            "com.yy.mobile.ui.pay.YYPayWebviewActivity",
            "com.yy.mobile.ui.pay.rechargehelper.RechargeHelperActivity",
            "com.yy.mobile.ui.profile.takephoto.PictureTakerActivity",
            "com.yy.mobile.ui.setting.EnvSettingActivity",
            "com.yy.mobile.ui.shortcutRecharge.TloveAutoRenewalResultActivity",
            "com.yy.mobile.ui.widget.photopicker.AlbumPickActivity",
            "com.yy.mobile.ui.widget.photopicker.PhotoPickActivity",
            "com.yy.mobile.ui.widget.photoselecter.AlbumSelectorActivity",
            "com.yy.mobile.ui.widget.photoselecter.PreviewImageActivity",
            "com.yy.mobile.ui.widget.photoselecter.YYSelectorActivity",
            "com.yy.open.activity.AssistActivity",
            "com.yy.open.activity.BridgeActivity",
            "pub.devrel.easypermissions.AppSettingsDialogHolderActivity",
            "tv.athena.revenue.payui.activity.PayCommonWebActivity"
        ],
        "services": [
            "com.baidu.android.pushservice.CommandService",
            "com.baidu.android.pushservice.HmsPushPatchMessageService",
            "com.baidu.android.pushservice.PushService",
            "com.baidu.android.pushservice.job.PushJobService",
            "com.baidu.crashpad.DumperService",
            "com.baidu.haokan.app.feature.aps.hotfix.download.TitanDownloadService",
            "com.baidu.haokan.app.feature.basefunctions.active.ActiveJobService",
            "com.baidu.haokan.app.feature.basefunctions.active.ActiveMainService",
            "com.baidu.haokan.app.feature.basefunctions.active.ActiveMainService$Inner1",
            "com.baidu.haokan.app.feature.basefunctions.active.ActiveMainService$Inner2",
            "com.baidu.haokan.app.feature.basefunctions.autopush.AutoPushService",
            "com.baidu.haokan.app.feature.download.HaokanPushService",
            "com.baidu.haokan.app.hkvideoplayer.service.HkRemotePlayerService",
            "com.baidu.haokan.debugtools.LokiSampleService",
            "com.baidu.haokan.debugtools.fpswatcher.base.WatchService",
            "com.baidu.haokan.external.push.GetuiIntentService",
            "com.baidu.haokan.external.push.process.main.MainProcessCommandService",
            "com.baidu.haokan.external.push.resident.ResidentNotificationService",
            "com.baidu.haokan.external.push.style.builder.HaokanNewStylePushService",
            "com.baidu.haokan.getui.GetuiPushService",
            "com.baidu.haokan.push.account.AccountAuthenticatorService",
            "com.baidu.haokan.push.account.AccountSynService",
            "com.baidu.haokan.push.service.OpenPushService",
            "com.baidu.haokan.push.service.x.XOpenPushService",
            "com.baidu.haokan.service.UpdateService",
            "com.baidu.haokan.union.HaoService",
            "com.baidu.location.f",
            "com.baidu.minivideo.third.capture.RemoteMuxerVideoService",
            "com.baidu.pms.ss.MessengerService",
            "com.baidu.pushservice.PushService",
            "com.baidu.searchbox.floating.service.FloatViewService",
            "com.baidu.searchbox.logsystem.basic.LokiService",
            "com.baidu.searchbox.player.remote.BDRemotePlayerService",
            "com.baidu.sofire.MyService",
            "com.baidu.swan.apps.media.audio.service.SwanAppAudioService",
            "com.baidu.swan.apps.process.messaging.client.SwanAppLocalService",
            "com.baidu.swan.apps.process.messaging.client.SwanAppLocalService1",
            "com.baidu.swan.apps.process.messaging.client.SwanAppLocalService2",
            "com.baidu.swan.apps.process.messaging.client.SwanAppLocalService3",
            "com.baidu.swan.apps.process.messaging.client.SwanAppLocalService4",
            "com.baidu.swan.apps.process.messaging.client.SwanAppLocalService5",
            "com.baidu.swan.apps.process.messaging.client.SwanAppLocalServiceMain",
            "com.baidu.swan.apps.process.messaging.service.SwanAppMessengerService",
            "com.baidu.swan.game.ad.downloader.core.AdDownloadService",
            "com.baidu.techain.THService",
            "com.baidu.techain.TechainService",
            "com.baidu.titan.sdk.sandbox.WorkerService",
            "com.baidu.wallet.remotepay.BDWalletAppPayService",
            "com.baidu.webkit.sdk.DumperService",
            "com.baidu.webkit.sdk.WebViewRendererService0",
            "com.baidu.webkit.sdk.WebViewRendererService1",
            "com.baidu.webkit.sdk.WebViewRendererService2",
            "com.heytap.mcssdk.AppPushService",
            "com.heytap.mcssdk.PushService",
            "com.huawei.agconnect.core.ServiceDiscovery",
            "com.huawei.hms.support.api.push.service.HmsMsgService",
            "com.igexin.sdk.PushService",
            "com.meizu.cloud.pushsdk.NotificationService",
            "com.q.m.QS",
            "com.vivo.push.sdk.service.CommandClientService",
            "com.xiaomi.mipush.sdk.MessageHandleService",
            "com.xiaomi.mipush.sdk.PushMessageHandler",
            "com.yy.render.RenderServices"
        ],
        "receivers": [
            "cn.jpush.android.service.AlarmReceiver",
            "cn.jpush.android.service.PushReceiver",
            "com.baidu.android.commmon.utils.GalaxyProvider",
            "com.baidu.android.pushservice.MzPushPatchMessageReceiver",
            "com.baidu.android.pushservice.PushPatchMessageReceiver",
            "com.baidu.android.pushservice.PushServiceReceiver",
            "com.baidu.android.pushservice.PushSystemNotifyReceiver",
            "com.baidu.android.pushservice.RegistrationReceiver",
            "com.baidu.android.pushservice.viproxy.ViPushMessageReceiver",
            "com.baidu.fc.sdk.AdInstallNotificationReceiver",
            "com.baidu.haokan.app.activity.set.FeedBackUFOReceiver",
            "com.baidu.haokan.appwidget.hotvideoappwidget.HaokanAppWidgetHotVideoProvider",
            "com.baidu.haokan.external.push.HaokanPushMessageReceiver",
            "com.baidu.haokan.external.push.PushScreenOnReceiver",
            "com.baidu.haokan.external.push.anquan.HaokanTechainPushMessageReceiver",
            "com.baidu.haokan.external.push.jpush.HaoKanJPushReceiver",
            "com.baidu.haokan.external.push.process.ProcessCommandDispatcherReceiver",
            "com.baidu.haokan.receiver.AppInstallReceiver",
            "com.baidu.haokan.receiver.AppReceiver",
            "com.baidu.haokan.receiver.DownLoadReceiver",
            "com.baidu.haokan.receiver.HaokanReceiver",
            "com.baidu.haokan.receiver.NotificationEventReciver",
            "com.baidu.helios.DummyProvider",
            "com.baidu.nadcore.download.notification.NotificationReceiver",
            "com.baidu.sofire.MyReceiver",
            "com.baidu.swan.gamecenter.appmanager.notification.InstallNotifyReceiver",
            "com.baidu.swan.uuid.sync.SyncProvider",
            "com.baidu.techain.THReceiver",
            "com.huawei.hms.support.api.push.PushMsgReceiver",
            "com.huawei.hms.support.api.push.PushReceiver",
            "com.igexin.sdk.PushReceiver",
            "com.meizu.cloud.pushsdk.SystemReceiver"
        ]
    },
    "stats": {
        "dex_count": 9,
        "native_lib_count": 45
    },
    "jadx": {
        "status": "ok",
        "duration_sec": 126.73,
        "sources_present": true,
        "java_file_count": 22581
    },
    "ast_analysis": {
        "location": 5,
        "microphone": 11,
        "camera": 126,
        "media_projection": 4,
        "dynamic_load": 0,
        "jni": 93
    },
    "analysis_state": "complete"
}