{
    "apk_name": "0AA09A5975A07E7338B61DCAFB4828C2ECA702A26F6B1342C2F808F46FA3E394",
    "sha256": "0aa09a5975a07e7338b61dcafb4828c2eca702a26f6b1342c2f808f46fa3e394",
    "metadata": {
        "package_name": "net.salespad.datacollection",
        "version_code": "79053",
        "version_name": "5.8.0",
        "min_sdk": "21",
        "target_sdk": "30",
        "permissions": [
            "android.permission.ACCESS_NETWORK_STATE",
            "android.permission.BLUETOOTH",
            "android.permission.BLUETOOTH_ADMIN",
            "android.permission.CAMERA",
            "android.permission.INTERNET",
            "android.permission.WAKE_LOCK",
            "android.permission.WRITE_EXTERNAL_STORAGE",
            "com.google.android.finsky.permission.BIND_GET_INSTALL_REFERRER_SERVICE",
            "com.honeywell.decode.permission.DECODE",
            "com.symbol.emdk.permission.EMDK"
        ],
        "activities": [
            "crc6464d58aa68a886b33.EditListActivity",
            "crc6464d58aa68a886b33.EnumerableListContainerActivity",
            "crc6464d58aa68a886b33.ExceptionListActivity",
            "crc6464d58aa68a886b33.LoginActivity",
            "crc6464d58aa68a886b33.MainMenuActivity"
        ],
        "services": [],
        "receivers": [
            "crc640c3f39f23b2ca338.ScanReceiver"
        ]
    },
    "stats": {
        "dex_count": 2,
        "native_lib_count": 24
    },
    "jadx": {
        "status": "ok",
        "duration_sec": 21.97,
        "sources_present": true,
        "java_file_count": 5975
    },
    "ast_analysis": {
        "location": 7,
        "microphone": 0,
        "camera": 32,
        "media_projection": 0,
        "dynamic_load": 0,
        "jni": 6
    },
    "analysis_state": "complete"
}