{
    "apk_name": "32048C52CEAA3D2A4BD8A59ED156DEFEBCDAA62992293CBDB6EA1CC2B43BFE56",
    "sha256": "32048c52ceaa3d2a4bd8a59ed156defebcdaa62992293cbdb6ea1cc2b43bfe56",
    "metadata": {
        "package_name": "com.zhiliaoapp.musically",
        "version_code": "2019072516",
        "version_name": "12.3.6",
        "min_sdk": "16",
        "target_sdk": "28",
        "permissions": [
            "android.permission.ACCESS_NETWORK_STATE",
            "android.permission.ACCESS_WIFI_STATE",
            "android.permission.AUTHENTICATE_ACCOUNTS",
            "android.permission.CAMERA",
            "android.permission.FLASHLIGHT",
            "android.permission.FOREGROUND_SERVICE",
            "android.permission.GET_TASKS",
            "android.permission.INTERNET",
            "android.permission.MANAGE_ACCOUNTS",
            "android.permission.MODIFY_AUDIO_SETTINGS",
            "android.permission.READ_APP_BADGE",
            "android.permission.READ_CONTACTS",
            "android.permission.READ_EXTERNAL_STORAGE",
            "android.permission.RECEIVE_BOOT_COMPLETED",
            "android.permission.RECORD_AUDIO",
            "android.permission.REQUEST_INSTALL_PACKAGES",
            "android.permission.UPDATE_APP_BADGE",
            "android.permission.USE_CREDENTIALS",
            "android.permission.VIBRATE",
            "android.permission.WAKE_LOCK",
            "android.permission.WRITE_EXTERNAL_STORAGE",
            "android.permission.WRITE_SYNC_SETTINGS",
            "com.amazon.device.messaging.permission.RECEIVE",
            "com.anddoes.launcher.permission.UPDATE_COUNT",
            "com.anddoes.notifier.permission.READ_NOTIFICATIONS",
            "com.android.launcher.permission.INSTALL_SHORTCUT",
            "com.android.launcher.permission.READ_SETTINGS",
            "com.android.launcher.permission.UNINSTALL_SHORTCUT",
            "com.android.launcher.permission.WRITE_SETTINGS",
            "com.android.launcher2.permission.READ_SETTINGS",
            "com.android.launcher2.permission.WRITE_SETTINGS",
            "com.android.launcher3.permission.READ_SETTINGS",
            "com.android.launcher3.permission.WRITE_SETTINGS",
            "com.android.vending.BILLING",
            "com.ebproductions.android.launcher.permission.READ_SETTINGS",
            "com.ebproductions.android.launcher.permission.WRITE_SETTINGS",
            "com.google.android.c2dm.permission.RECEIVE",
            "com.google.android.finsky.permission.BIND_GET_INSTALL_REFERRER_SERVICE",
            "com.htc.launcher.permission.READ_SETTINGS",
            "com.htc.launcher.permission.UPDATE_SHORTCUT",
            "com.htc.launcher.permission.WRITE_SETTINGS",
            "com.huawei.android.launcher.permission.CHANGE_BADGE",
            "com.huawei.android.launcher.permission.READ_SETTINGS",
            "com.huawei.android.launcher.permission.WRITE_SETTINGS",
            "com.huawei.launcher2.permission.READ_SETTINGS",
            "com.huawei.launcher2.permission.WRITE_SETTINGS",
            "com.huawei.launcher3.permission.READ_SETTINGS",
            "com.huawei.launcher3.permission.WRITE_SETTINGS",
            "com.lge.launcher.permission.READ_SETTINGS",
            "com.lge.launcher.permission.WRITE_SETTINGS",
            "com.majeur.launcher.permission.UPDATE_BADGE",
            "com.meizu.c2dm.permission.RECEIVE",
            "com.meizu.flyme.push.permission.RECEIVE",
            "com.miui.mihome2.permission.READ_SETTINGS",
            "com.miui.mihome2.permission.WRITE_SETTINGS",
            "com.oppo.launcher.permission.READ_SETTINGS",
            "com.oppo.launcher.permission.WRITE_SETTINGS",
            "com.sec.android.provider.badge.permission.READ",
            "com.sec.android.provider.badge.permission.WRITE",
            "com.sonyericsson.home.permission.BROADCAST_BADGE",
            "com.sonymobile.home.permission.PROVIDER_INSERT_BADGE",
            "com.vivo.notification.permission.BADGE_ICON",
            "com.zhiliaoapp.musically.miniapp.PROCESS_COMMUNICATION",
            "com.zhiliaoapp.musically.permission.MIPUSH_RECEIVE",
            "com.zhiliaoapp.musically.permission.READ_ACCOUNT",
            "com.zhiliaoapp.musically.permission.RECEIVE_ADM_MESSAGE",
            "com.zhiliaoapp.musically.permission.WRITE_ACCOUNT",
            "com.zhiliaoapp.musically.push.permission.MESSAGE",
            "dianxin.permission.ACCESS_LAUNCHER_DATA",
            "me.everything.badger.permission.BADGE_COUNT_READ",
            "me.everything.badger.permission.BADGE_COUNT_WRITE",
            "none.used.ACCESS_COARSE_LOCATION",
            "none.used.ACCESS_FINE_LOCATION",
            "permission.bind.HiMediaEngines"
        ],
        "activities": [
            "cat.ereza.customactivityoncrash.activity.DefaultErrorActivity",
            "com.alipay.sdk.app.H5AuthActivity",
            "com.alipay.sdk.auth.AuthActivity",
            "com.bytedance.opensdk.core.grant.web.WebGrantActivity",
            "com.bytedance.polaris.browser.PolarisBrowserActivity",
            "com.bytedance.polaris.feature.RedPacketActivity",
            "com.bytedance.scene.ui.SceneContainerActivity",
            "com.facebook.CustomTabActivity",
            "com.facebook.CustomTabMainActivity",
            "com.facebook.FacebookActivity",
            "com.facebook.accountkit.ui.AccountKitActivity",
            "com.facebook.accountkit.ui.AccountKitEmailRedirectActivity",
            "com.facebook.ads.AudienceNetworkActivity",
            "com.facebook.ads.internal.ipc.RemoteANActivity",
            "com.facebook.react.devsupport.DevSettingsActivity",
            "com.google.android.gms.ads.AdActivity",
            "com.google.android.gms.auth.api.signin.internal.SignInHubActivity",
            "com.google.android.gms.common.api.GoogleApiActivity",
            "com.kakao.auth.authorization.authcode.KakaoWebViewActivity",
            "com.linecorp.linesdk.auth.internal.LineAuthenticationActivity",
            "com.linecorp.linesdk.auth.internal.LineAuthenticationCallbackActivity",
            "com.sina.weibo.sdk.component.WeiboSdkBrowser",
            "com.ss.android.downloadlib.activity.TTDelegateActivity",
            "com.ss.android.downloadlib.addownload.AdDownloadDeleteActivity",
            "com.ss.android.downloadlib.core.download.DownloadLimitActivity",
            "com.ss.android.message.sswo.SswoActivity",
            "com.ss.android.sdk.activity.BootstrapActivity",
            "com.ss.android.sdk.activity.LiveDummyActivity",
            "com.ss.android.socialbase.appdownloader.view.DownloadSizeLimitActivity",
            "com.ss.android.socialbase.appdownloader.view.DownloadTaskDeleteActivity",
            "com.ss.android.ugc.aweme.account.activity.BindMobileActivityV2",
            "com.ss.android.ugc.aweme.account.ftc.activity.DeleteVideoAlertActivity",
            "com.ss.android.ugc.aweme.account.ftc.activity.ExportVideoActivity",
            "com.ss.android.ugc.aweme.account.ftc.activity.OperatorCompleteActivity",
            "com.ss.android.ugc.aweme.account.login.MusLoginActivity",
            "com.ss.android.ugc.aweme.account.login.agegate.ui.AgeGateActivity",
            "com.ss.android.ugc.aweme.account.login.authorize.AuthorizeActivity",
            "com.ss.android.ugc.aweme.account.login.authorize.WapAuthActivity",
            "com.ss.android.ugc.aweme.account.login.authorize.platforms.instgram.InsLoginActivity",
            "com.ss.android.ugc.aweme.account.login.digitsverify.DigitsVerifyActivity",
            "com.ss.android.ugc.aweme.account.login.digitsverify.SendVerificationCodeActivity",
            "com.ss.android.ugc.aweme.account.login.forgetpsw.ui.FindPswByEmailActivity",
            "com.ss.android.ugc.aweme.account.login.forgetpsw.ui.FindPswByPhoneActivity",
            "com.ss.android.ugc.aweme.account.login.resetpsw.ResetPswActivity",
            "com.ss.android.ugc.aweme.account.login.resetpsw.SelectAccountActivity",
            "com.ss.android.ugc.aweme.account.login.ui.CountryListActivity",
            "com.ss.android.ugc.aweme.account.login.ui.GuideToInviteThirdFriends",
            "com.ss.android.ugc.aweme.account.login.ui.LoginOrRegisterActivity",
            "com.ss.android.ugc.aweme.account.login.ui.MusCountryListActivity",
            "com.ss.android.ugc.aweme.account.ui.BindMobileActivity",
            "com.ss.android.ugc.aweme.account.ui.FullScreenLoginActivity",
            "com.ss.android.ugc.aweme.account.ui.ModifyMobileActivity",
            "com.ss.android.ugc.aweme.account.ui.RecoverAccountActivity",
            "com.ss.android.ugc.aweme.account.ui.UpdatePasswordActivity",
            "com.ss.android.ugc.aweme.antiaddic.lock.ui.SetTimeLockActivity",
            "com.ss.android.ugc.aweme.antiaddic.lock.ui.TimeUnlockActivity",
            "com.ss.android.ugc.aweme.app.AdsAppActivity",
            "com.ss.android.ugc.aweme.app.LiveBroadcastSigningActivity",
            "com.ss.android.ugc.aweme.app.LogListActivity",
            "com.ss.android.ugc.aweme.app.PushCameraBlurActivity",
            "com.ss.android.ugc.aweme.app.PushLoginActivity",
            "com.ss.android.ugc.aweme.app.debug.AbTestSettingActivity",
            "com.ss.android.ugc.aweme.app.debug.AbTestSettingCategoryActivity",
            "com.ss.android.ugc.aweme.app.debug.AbTestSettingSearchActivity",
            "com.ss.android.ugc.aweme.base.activity.CustomErrorActivity",
            "com.ss.android.ugc.aweme.challenge.ui.AddChallengeActivity",
            "com.ss.android.ugc.aweme.challenge.ui.ChallengeAvatarModifyActivity",
            "com.ss.android.ugc.aweme.challenge.ui.ChallengeDetailActivity",
            "com.ss.android.ugc.aweme.challenge.ui.CreateChallengeActivity",
            "com.ss.android.ugc.aweme.choosemusic.activity.ChooseMusicActivity",
            "com.ss.android.ugc.aweme.choosemusic.activity.MusicDetailListActivity",
            "com.ss.android.ugc.aweme.commerce.billshare.BillShareActivity",
            "com.ss.android.ugc.aweme.commerce.floatvideo.FloatVideoBrowseActivity",
            "com.ss.android.ugc.aweme.commerce.portfolio.PortfolioActivity",
            "com.ss.android.ugc.aweme.commerce.preview.PreviewActivity",
            "com.ss.android.ugc.aweme.commercialize.EasterEggActivity",
            "com.ss.android.ugc.aweme.commercialize.EasterEggActivityV2",
            "com.ss.android.ugc.aweme.commercialize.loft.LoftActivity",
            "com.ss.android.ugc.aweme.commercialize.loft.LoftPlayActivity",
            "com.ss.android.ugc.aweme.commercialize.star.StarConfirmActivity",
            "com.ss.android.ugc.aweme.commercialize.views.form.BottomFormDialog",
            "com.ss.android.ugc.aweme.commercialize.views.form.BottomFormDialogV2",
            "com.ss.android.ugc.aweme.contentroaming.ContentRoamingActivity",
            "com.ss.android.ugc.aweme.crossplatform.activity.CrossPlatformActivity",
            "com.ss.android.ugc.aweme.detail.ui.DetailActivity",
            "com.ss.android.ugc.aweme.discover.activity.DiscoverDetailActivity",
            "com.ss.android.ugc.aweme.discover.activity.HotSearchAndDiscoveryActivity",
            "com.ss.android.ugc.aweme.discover.activity.SearchResultActivity",
            "com.ss.android.ugc.aweme.discover.ui.CommunityAgreementActivity",
            "com.ss.android.ugc.aweme.draft.DraftBoxActivity",
            "com.ss.android.ugc.aweme.environment.DialogWarningTipsActivity",
            "com.ss.android.ugc.aweme.favorites.FavoriteListActivity",
            "com.ss.android.ugc.aweme.favorites.ui.UserFavoritesActivity",
            "com.ss.android.ugc.aweme.feedback.FeedbackActivity",
            "com.ss.android.ugc.aweme.feedback.SubmitFeedbackActivity",
            "com.ss.android.ugc.aweme.following.ui.FollowRelationTabActivity",
            "com.ss.android.ugc.aweme.following.ui.FollowingFollowerActivity",
            "com.ss.android.ugc.aweme.followrequest.FollowRequestActivity",
            "com.ss.android.ugc.aweme.forward.view.ForwardDetailActivity",
            "com.ss.android.ugc.aweme.forward.view.OriginDetailActivity",
            "com.ss.android.ugc.aweme.framework.activity.ReactBoxView",
            "com.ss.android.ugc.aweme.freeflowcard.FreeFlowDataTestActivity",
            "com.ss.android.ugc.aweme.friends.ui.ContactsActivity",
            "com.ss.android.ugc.aweme.friends.ui.GuideToInviteThirdFriends",
            "com.ss.android.ugc.aweme.friends.ui.IAddFriendsActivity",
            "com.ss.android.ugc.aweme.friends.ui.InviteFriendsActivity",
            "com.ss.android.ugc.aweme.friends.ui.InviteUserListActivity",
            "com.ss.android.ugc.aweme.friends.ui.SummonFriendActivity",
            "com.ss.android.ugc.aweme.global.test.EntityTestActivity",
            "com.ss.android.ugc.aweme.i18n.app.IntentUriHandler",
            "com.ss.android.ugc.aweme.i18n.checkprofile.CheckProfileActivity",
            "com.ss.android.ugc.aweme.i18n.musically.cut.AvatarChooseActivity",
            "com.ss.android.ugc.aweme.i18n.musically.cut.AvatarCutActivity",
            "com.ss.android.ugc.aweme.i18n.musically.follows.FollowFollowerActivity",
            "com.ss.android.ugc.aweme.i18n.musically.profile.ui.MusHeaderDetailActivity",
            "com.ss.android.ugc.aweme.i18n.settings.agreements.AgreementActivity",
            "com.ss.android.ugc.aweme.i18n.settings.blacklist.MusBlackListActivity",
            "com.ss.android.ugc.aweme.i18n.settings.language.MusChooseLanguageActivity",
            "com.ss.android.ugc.aweme.i18n.settings.privacy.MusPrivacyActivity",
            "com.ss.android.ugc.aweme.im.sdk.chat.ChatRoomActivity",
            "com.ss.android.ugc.aweme.im.sdk.chat.input.emoji.EmojiAddActivity",
            "com.ss.android.ugc.aweme.im.sdk.chat.input.emoji.EmojiManagerActivity",
            "com.ss.android.ugc.aweme.im.sdk.chat.input.photo.PhotoDetailActivity",
            "com.ss.android.ugc.aweme.im.sdk.chat.input.photo.PhotoPreviewListActivity",
            "com.ss.android.ugc.aweme.im.sdk.chat.input.photo.PhotoSelectActivity",
            "com.ss.android.ugc.aweme.im.sdk.debug.DebugActivity",
            "com.ss.android.ugc.aweme.im.sdk.detail.EditGroupInfoActivity",
            "com.ss.android.ugc.aweme.im.sdk.detail.FriendChatDetailActivity",
            "com.ss.android.ugc.aweme.im.sdk.detail.GroupChatDetailActivity",
            "com.ss.android.ugc.aweme.im.sdk.detail.GroupChatMembersActivity",
            "com.ss.android.ugc.aweme.im.sdk.group.GroupListActivity",
            "com.ss.android.ugc.aweme.im.sdk.group.GroupMemberSelectActivity",
            "com.ss.android.ugc.aweme.im.sdk.module.msghelper.MessageHelperActivity",
            "com.ss.android.ugc.aweme.im.sdk.module.session.SessionListActivity",
            "com.ss.android.ugc.aweme.im.sdk.module.stranger.StrangerListActivity",
            "com.ss.android.ugc.aweme.im.sdk.relations.RelationSelectActivity",
            "com.ss.android.ugc.aweme.im.sdk.videofileplay.VideoFilePlayerActivity",
            "com.ss.android.ugc.aweme.live.LiveBgBroadcastActivity",
            "com.ss.android.ugc.aweme.live.LiveBroadcastActivity",
            "com.ss.android.ugc.aweme.live.LiveFeedActivity",
            "com.ss.android.ugc.aweme.live.LivePlayActivity",
            "com.ss.android.ugc.aweme.live.LiveSettingActivity",
            "com.ss.android.ugc.aweme.live.activity.AdminListActivity",
            "com.ss.android.ugc.aweme.live.activity.BannedListActivity",
            "com.ss.android.ugc.aweme.live.activity.GiftAdActivity",
            "com.ss.android.ugc.aweme.live.activity.StartLiveActivity",
            "com.ss.android.ugc.aweme.livewallpaper.ui.LiveWallPaperPreviewActivity",
            "com.ss.android.ugc.aweme.livewallpaper.ui.LocalLiveWallPaperActivity",
            "com.ss.android.ugc.aweme.login.ui.BannedDialogActivity",
            "com.ss.android.ugc.aweme.login.ui.CountryListActivity",
            "com.ss.android.ugc.aweme.login.ui.RecommendFriendActivity",
            "com.ss.android.ugc.aweme.longvideo.LongVideoPlayActivity",
            "com.ss.android.ugc.aweme.longvideonew.LongVideoActivity",
            "com.ss.android.ugc.aweme.main.MainActivity",
            "com.ss.android.ugc.aweme.miniapp.RecentlyUsedMicroAppActivity",
            "com.ss.android.ugc.aweme.miniapp.media.MiniAppMediaChooseEmptyActivity",
            "com.ss.android.ugc.aweme.miniapp.pay.OnePixelPayActivity",
            "com.ss.android.ugc.aweme.miniapp.views.MiniAppListH5Activity",
            "com.ss.android.ugc.aweme.mobile.EditProfileActivityV2",
            "com.ss.android.ugc.aweme.music.ui.EditOriginMusicTitleActivity",
            "com.ss.android.ugc.aweme.music.ui.LocalMusicActivity",
            "com.ss.android.ugc.aweme.music.ui.MusicDetailActivity",
            "com.ss.android.ugc.aweme.music.ui.MusicListActivity",
            "com.ss.android.ugc.aweme.music.ui.MusicRecommendActivity",
            "com.ss.android.ugc.aweme.newfollow.ui.FollowForwardFeedDetailActivity",
            "com.ss.android.ugc.aweme.newfollow.ui.ImageFollowFeedDetailActivity",
            "com.ss.android.ugc.aweme.newfollow.ui.RecommendFollowFeedActivity",
            "com.ss.android.ugc.aweme.newfollow.ui.VideoFollowFeedDetailActivity",
            "com.ss.android.ugc.aweme.notification.FansDetailActivity",
            "com.ss.android.ugc.aweme.notification.NotificationDetailActivity",
            "com.ss.android.ugc.aweme.notification.newstyle.MusFollowRequestDetailActivity",
            "com.ss.android.ugc.aweme.notification.newstyle.MusLikeListDetailActivity",
            "com.ss.android.ugc.aweme.notification.newstyle.MusNotificationDetailActivity",
            "com.ss.android.ugc.aweme.openauthorize.AwemeAuthorizeLoginActivity",
            "com.ss.android.ugc.aweme.photo.edit.PhotoEditActivity",
            "com.ss.android.ugc.aweme.photo.publish.PhotoPreviewActivity",
            "com.ss.android.ugc.aweme.photo.publish.PhotoPublishActivity",
            "com.ss.android.ugc.aweme.photo.setfilter.EffectPhotoSetFilterActivity",
            "com.ss.android.ugc.aweme.photo.setfilter.PhotoSetFilterActivity",
            "com.ss.android.ugc.aweme.photomovie.PhotoMovieChooseCoverActivity",
            "com.ss.android.ugc.aweme.photomovie.PhotoMovieEditActivity",
            "com.ss.android.ugc.aweme.photomovie.PhotoMoviePreViewActivity",
            "com.ss.android.ugc.aweme.photomovie.PhotoMoviePublishActivity",
            "com.ss.android.ugc.aweme.poi.ui.PoiDetailActivity",
            "com.ss.android.ugc.aweme.poi.ui.PoiNoticeActivity",
            "com.ss.android.ugc.aweme.poi.ui.PoiRouteActivity",
            "com.ss.android.ugc.aweme.poi.ui.upload.ChooseImageActivity",
            "com.ss.android.ugc.aweme.poi.ui.upload.PoiUploadImagePreviewActivity",
            "com.ss.android.ugc.aweme.proaccount.ProWelcomeActivity",
            "com.ss.android.ugc.aweme.profile.ui.CropActivity",
            "com.ss.android.ugc.aweme.profile.ui.EditSelfBriefActivity",
            "com.ss.android.ugc.aweme.profile.ui.HeaderDetailActivity",
            "com.ss.android.ugc.aweme.profile.ui.ProfileCoverCropActivity",
            "com.ss.android.ugc.aweme.profile.ui.ProfileCoverLibActivity",
            "com.ss.android.ugc.aweme.profile.ui.ProfileCoverPreviewActivity",
            "com.ss.android.ugc.aweme.profile.ui.ProfileEditActivity",
            "com.ss.android.ugc.aweme.profile.ui.RecommendUserActivity",
            "com.ss.android.ugc.aweme.profile.ui.UserProfileActivity",
            "com.ss.android.ugc.aweme.property.TestABActivity",
            "com.ss.android.ugc.aweme.property.TestSettingActivity",
            "com.ss.android.ugc.aweme.qrcode.QRCodePermissionActivity",
            "com.ss.android.ugc.aweme.qrcode.ScanResultActivity",
            "com.ss.android.ugc.aweme.qrcode.TextQRCodeActivity",
            "com.ss.android.ugc.aweme.qrcode.v2.QRCodeActivityV2",
            "com.ss.android.ugc.aweme.qrcode.v2.ScanQRCodeActivityV2",
            "com.ss.android.ugc.aweme.redpackage.cards.ui.CardReceiveActivity",
            "com.ss.android.ugc.aweme.sdk.iap.IapWalletActivity",
            "com.ss.android.ugc.aweme.setting.commentfilter.CommentFilterActivity",
            "com.ss.android.ugc.aweme.setting.personalization.PersonalizationActivity",
            "com.ss.android.ugc.aweme.setting.secret.MusPrivacyAccountTipActivity",
            "com.ss.android.ugc.aweme.setting.serverpush.ui.PushSettingManagerActivity",
            "com.ss.android.ugc.aweme.setting.ui.AboutActivity",
            "com.ss.android.ugc.aweme.setting.ui.AccessibilitySettingActivity",
            "com.ss.android.ugc.aweme.setting.ui.BlackListActivity",
            "com.ss.android.ugc.aweme.setting.ui.ChatControlSettingActivity",
            "com.ss.android.ugc.aweme.setting.ui.CommentControlSettingActivity",
            "com.ss.android.ugc.aweme.setting.ui.DigitalWellbeingActivity",
            "com.ss.android.ugc.aweme.setting.ui.DownloadControlSettingActivity",
            "com.ss.android.ugc.aweme.setting.ui.DuetControlSettingActivity",
            "com.ss.android.ugc.aweme.setting.ui.MusSettingManageMyAccountActivity",
            "com.ss.android.ugc.aweme.setting.ui.MusSettingNewVersionActivity",
            "com.ss.android.ugc.aweme.setting.ui.MusSubmitFeedbackActivity",
            "com.ss.android.ugc.aweme.setting.ui.PrivacyActivity",
            "com.ss.android.ugc.aweme.setting.ui.PrivacySettingActivity",
            "com.ss.android.ugc.aweme.setting.ui.ReactControlSettingActivity",
            "com.ss.android.ugc.aweme.setting.ui.SelectResidenceActivity",
            "com.ss.android.ugc.aweme.setting.ui.TestDependenciesActivity",
            "com.ss.android.ugc.aweme.setting.ui.TestSettingActivity",
            "com.ss.android.ugc.aweme.setting.ui.WhoCanSeeMyLikeListActivity",
            "com.ss.android.ugc.aweme.share.SystemShareActivity",
            "com.ss.android.ugc.aweme.shortvideo.PublishPermissionActivity",
            "com.ss.android.ugc.aweme.shortvideo.cut.CutMultiVideoActivity",
            "com.ss.android.ugc.aweme.shortvideo.cut.VECutVideoActivity",
            "com.ss.android.ugc.aweme.shortvideo.edit.AIMusicVEVideoPublishEditActivity",
            "com.ss.android.ugc.aweme.shortvideo.edit.VEVideoPublishEditActivity",
            "com.ss.android.ugc.aweme.shortvideo.local.ChooseMediaActivity",
            "com.ss.android.ugc.aweme.shortvideo.mvtemplate.choosemedia.MvChoosePhotoActivity",
            "com.ss.android.ugc.aweme.shortvideo.publish.AdvanceSettingActivity",
            "com.ss.android.ugc.aweme.shortvideo.share.VideoShare2GifEditActivity",
            "com.ss.android.ugc.aweme.shortvideo.share.VideoShare2GifPreviewActivity",
            "com.ss.android.ugc.aweme.shortvideo.ui.ChooseMusicActivity",
            "com.ss.android.ugc.aweme.shortvideo.ui.DraftPreviewActivity",
            "com.ss.android.ugc.aweme.shortvideo.ui.OnlineMusicFragmentActivity",
            "com.ss.android.ugc.aweme.shortvideo.ui.UploadVideoFragmentActivity",
            "com.ss.android.ugc.aweme.shortvideo.ui.VEVideoPublishPreviewActivity",
            "com.ss.android.ugc.aweme.shortvideo.ui.VideoPreviewActivity",
            "com.ss.android.ugc.aweme.shortvideo.ui.VideoPublishActivity",
            "com.ss.android.ugc.aweme.shortvideo.ui.VideoRecordNewActivity",
            "com.ss.android.ugc.aweme.shortvideo.ui.VideoRecordPermissionActivity",
            "com.ss.android.ugc.aweme.shortvideo.vechoosecover.ChooseCoverActivity",
            "com.ss.android.ugc.aweme.splash.SplashAdActivity",
            "com.ss.android.ugc.aweme.splash.TransitActivity",
            "com.ss.android.ugc.aweme.sticker.prop.activity.StickerPropDetailActicity",
            "com.ss.android.ugc.aweme.story.shootvideo.VideoStoryEditPublishActivity",
            "com.ss.android.ugc.aweme.story.shootvideo.record.StoryRecordActivity",
            "com.ss.android.ugc.aweme.story.shootvideo.setting.StorySettingActivity",
            "com.ss.android.ugc.aweme.story.shootvideo.textrecord.TextStickerInputActivity",
            "com.ss.android.ugc.aweme.tools.debug.AVSchemaTestActivity",
            "com.ss.android.ugc.aweme.ttplatformapi.TtAuthorizeActivity",
            "com.ss.android.ugc.aweme.web.ui.ProgressActivity",
            "com.ss.android.ugc.aweme.web.upload.ImageChooseUploadActivity",
            "com.ss.android.ugc.aweme.welcome.WelcomeScreenActivity",
            "com.ss.android.ugc.trill.facebook.FiveStarGuideDialog",
            "com.ss.android.ugc.trill.language.ChooseLanguageActivity",
            "com.ss.android.ugc.trill.main.shortcut.ShortcutMessageActivity",
            "com.ss.android.ugc.trill.main.shortcut.ShortcutShootingActivity",
            "com.ss.android.ugc.trill.main.shortcut.ShortcutTrendingActivity",
            "com.ss.android.ugc.trill.openauthorize.AwemeAuthorizedActivity",
            "com.ss.android.ugc.trill.setting.DisplaySettingActivity",
            "com.ss.android.ugc.trill.setting.PushSettingActivity",
            "com.tencent.connect.common.AssistActivity",
            "com.tencent.tauth.AuthActivity",
            "com.tt.miniapphost.placeholder.MiniappSnapshotActivity",
            "com.tt.miniapphost.placeholder.MiniappTabActivity0",
            "com.tt.miniapphost.placeholder.MiniappTabActivity1",
            "com.tt.miniapphost.placeholder.MiniappTabActivity2",
            "com.tt.miniapphost.placeholder.MiniappTabActivity3",
            "com.tt.miniapphost.placeholder.MiniappTabActivity4",
            "com.tt.miniapphost.placeholder.MiniappTabHostStackActivity0",
            "com.tt.miniapphost.placeholder.MiniappTabHostStackActivity1",
            "com.tt.miniapphost.placeholder.MiniappTabHostStackActivity2",
            "com.tt.miniapphost.placeholder.MiniappTabHostStackActivity3",
            "com.tt.miniapphost.placeholder.MiniappTabHostStackActivity4",
            "com.tt.miniapphost.view.AboutActivity",
            "com.tt.miniapphost.view.AppbrandMapActivity",
            "com.tt.miniapphost.view.MicroAppSubjectInfoActivity",
            "com.tt.miniapphost.view.PermissionSettingActivity",
            "com.tt.miniapphost.view.PickerActivity",
            "com.tt.miniapphost.view.PreviewActivity",
            "com.tt.miniapphost.view.ProjectSettingsActivity",
            "com.twitter.sdk.android.core.identity.OAuthActivity",
            "com.twitter.sdk.android.tweetcomposer.ComposerActivity",
            "com.twitter.sdk.android.tweetui.GalleryActivity",
            "com.twitter.sdk.android.tweetui.PlayerActivity",
            "com.vk.sdk.VKServiceActivity",
            "com.zhihu.matisse.internal.ui.AlbumPreviewActivity",
            "com.zhihu.matisse.internal.ui.SelectedPreviewActivity",
            "com.zhihu.matisse.ui.MatisseActivity",
            "com.zhiliaoapp.musically.openauthorize.AwemeAuthorizedActivity",
            "net.openid.appauth.AuthorizationManagementActivity",
            "net.openid.appauth.RedirectUriReceiverActivity"
        ],
        "services": [
            "androidx.work.impl.background.systemalarm.SystemAlarmService",
            "androidx.work.impl.background.systemjob.SystemJobService",
            "cn.jpush.android.service.DaemonService",
            "com.adm.push.ADMMessageHandler",
            "com.aweme.storage.CompatJobService",
            "com.aweme.storage.JobService",
            "com.baidu.android.pushservice.CommandService",
            "com.benchmark.BenchmarkService",
            "com.bytedance.android.livesdk.bgbroadcast.BgBroadcastService",
            "com.bytedance.common.wschannel.client.WsClientService",
            "com.bytedance.common.wschannel.server.WsChannelService",
            "com.bytedance.crash.upload.CrashUploadService",
            "com.bytedance.ies.common.push.account.AccountSyncService",
            "com.bytedance.ies.common.push.account.AuthenticatorService",
            "com.bytedance.ies.telecom.RequestMobileService",
            "com.bytedance.ttnet.hostmonitor.HostMonitor",
            "com.facebook.ads.internal.ipc.AdsMessengerService",
            "com.facebook.ads.internal.ipc.AdsProcessPriorityService",
            "com.fcm.push.service.SSGcmListenerService",
            "com.fcm.push.service.SSInstanceIDListenerService",
            "com.fcm.service.FcmRegistrationJobIntentService",
            "com.fcm.service.SSGcmListenerService",
            "com.google.android.gms.analytics.AnalyticsJobService",
            "com.google.android.gms.analytics.AnalyticsService",
            "com.google.android.gms.auth.api.signin.RevocationBoundService",
            "com.google.android.gms.measurement.AppMeasurementJobService",
            "com.google.android.gms.measurement.AppMeasurementService",
            "com.google.firebase.components.ComponentDiscoveryService",
            "com.google.firebase.iid.FirebaseInstanceIdService",
            "com.google.firebase.messaging.FirebaseMessagingService",
            "com.igexin.sdk.PushService",
            "com.ss.android.download.DownloadHandlerService",
            "com.ss.android.download.DownloadService",
            "com.ss.android.downloadlib.core.download.DownloadHandlerService",
            "com.ss.android.downloadlib.core.download.DownloadService",
            "com.ss.android.http.OpenUrlService",
            "com.ss.android.message.NotifyIntentService",
            "com.ss.android.message.NotifyService",
            "com.ss.android.message.PushJobService",
            "com.ss.android.message.log.LogService",
            "com.ss.android.newmedia.redbadge.RedbadgeHandler",
            "com.ss.android.push.DefaultService",
            "com.ss.android.push.daemon.PushService",
            "com.ss.android.socialbase.appdownloader.DownloadHandlerService",
            "com.ss.android.socialbase.downloader.downloader.DownloadService",
            "com.ss.android.socialbase.downloader.downloader.IndependentProcessDownloadService",
            "com.ss.android.socialbase.downloader.impls.DownloadHandleService",
            "com.ss.android.socialbase.downloader.notification.DownloadNotificationService",
            "com.ss.android.ugc.aweme.app.debug.FlowWindowService",
            "com.ss.android.ugc.aweme.live.livehostimpl.BgBroadcastService",
            "com.ss.android.ugc.aweme.livewallpaper.AmeLiveWallpaper",
            "com.ss.android.ugc.aweme.shortvideo.ShortVideoPublishService",
            "com.ss.android.ugc.aweme.tools.extract.upload.VideoFramesUploadService",
            "com.ss.android.ugc.aweme.tools.policysecurity.OriginalSoundUploadService",
            "com.ss.android.ugc.awemepushlib.di.ies.MessageHandler",
            "com.ss.android.ugc.trill.account.TiktokAuthService",
            "com.ss.android.websocket.internal.WebSocketService",
            "com.ss.ttm.player.TTPlayerService",
            "com.tt.miniapphost.placeholder.MiniappService0",
            "com.tt.miniapphost.placeholder.MiniappService1",
            "com.tt.miniapphost.placeholder.MiniappService2",
            "com.tt.miniapphost.placeholder.MiniappService3",
            "com.tt.miniapphost.placeholder.MiniappService4",
            "com.tt.miniapphost.process.base.HostCrossProcessCallService",
            "com.twitter.sdk.android.tweetcomposer.TweetUploadService"
        ],
        "receivers": [
            "androidx.work.impl.background.systemalarm.ConstraintProxy$BatteryChargingProxy",
            "androidx.work.impl.background.systemalarm.ConstraintProxy$BatteryNotLowProxy",
            "androidx.work.impl.background.systemalarm.ConstraintProxy$NetworkStateProxy",
            "androidx.work.impl.background.systemalarm.ConstraintProxy$StorageNotLowProxy",
            "androidx.work.impl.background.systemalarm.ConstraintProxyUpdateReceiver",
            "androidx.work.impl.background.systemalarm.RescheduleReceiver",
            "androidx.work.impl.utils.ForceStopRunnable$BroadcastReceiver",
            "com.adm.push.ADMMessageHandler$Receiver",
            "com.appsflyer.MultipleInstallBroadcastReceiver",
            "com.appsflyer.SingleInstallBroadcastReceiver",
            "com.bytedance.ttnet.hostmonitor.ConnectivityReceiver",
            "com.facebook.CurrentAccessTokenExpirationBroadcastReceiver",
            "com.google.android.gms.analytics.AnalyticsReceiver",
            "com.google.android.gms.measurement.AppMeasurementInstallReferrerReceiver",
            "com.google.android.gms.measurement.AppMeasurementReceiver",
            "com.google.firebase.iid.FirebaseInstanceIdReceiver",
            "com.igexin.sdk.PushReceiver",
            "com.ss.android.common.applog.HotsoonReceiver",
            "com.ss.android.download.DownloadReceiver",
            "com.ss.android.downloadlib.core.download.DownloadReceiver",
            "com.ss.android.message.MessageReceiver",
            "com.ss.android.push.DefaultReceiver",
            "com.ss.android.push.daemon.PushReceiver",
            "com.ss.android.push.window.oppo.ScreenReceiver",
            "com.ss.android.socialbase.appdownloader.DownloadReceiver",
            "com.ss.android.socialbase.downloader.downloader.DownloadReceiver",
            "com.ss.android.ugc.aweme.common.net.NetWorkStateReceiver",
            "com.ss.android.ugc.aweme.common.net.NetworkReceiver",
            "com.ss.android.ugc.aweme.livewallpaper.receiver.LiveWallPaperPluginInstalledReceiver",
            "com.ss.android.ugc.aweme.share.systemshare.SystemShareTargetChosenReceiver",
            "com.ss.android.ugc.awemepushlib.os.receiver.NotificationBroadcastReceiver",
            "com.ss.android.ugc.awemepushlib.os.receiver.ScreenOnPushActionReceiver",
            "com.ss.android.ugc.trill.abtest.impl.NotificationBroadcastReceiver"
        ],
        "permission_details": {
            "android.permission.ACCESS_NETWORK_STATE": "normal",
            "android.permission.ACCESS_WIFI_STATE": "normal",
            "android.permission.AUTHENTICATE_ACCOUNTS": "unknown",
            "android.permission.CAMERA": "dangerous",
            "android.permission.FLASHLIGHT": "unknown",
            "android.permission.FOREGROUND_SERVICE": "normal",
            "android.permission.GET_TASKS": "unlaballed",
            "android.permission.INTERNET": "normal",
            "android.permission.MANAGE_ACCOUNTS": "unknown",
            "android.permission.MODIFY_AUDIO_SETTINGS": "normal",
            "android.permission.READ_APP_BADGE": "unknown",
            "android.permission.READ_CONTACTS": "dangerous",
            "android.permission.READ_EXTERNAL_STORAGE": "dangerous",
            "android.permission.RECEIVE_BOOT_COMPLETED": "normal",
            "android.permission.RECORD_AUDIO": "dangerous",
            "android.permission.REQUEST_INSTALL_PACKAGES": "signature",
            "android.permission.UPDATE_APP_BADGE": "unknown",
            "android.permission.USE_CREDENTIALS": "unknown",
            "android.permission.VIBRATE": "normal",
            "android.permission.WAKE_LOCK": "normal",
            "android.permission.WRITE_EXTERNAL_STORAGE": "dangerous",
            "android.permission.WRITE_SYNC_SETTINGS": "normal",
            "com.amazon.device.messaging.permission.RECEIVE": "unknown",
            "com.anddoes.launcher.permission.UPDATE_COUNT": "unknown",
            "com.anddoes.notifier.permission.READ_NOTIFICATIONS": "unknown",
            "com.android.launcher.permission.INSTALL_SHORTCUT": "normal",
            "com.android.launcher.permission.READ_SETTINGS": "unknown",
            "com.android.launcher.permission.UNINSTALL_SHORTCUT": "unlaballed",
            "com.android.launcher.permission.WRITE_SETTINGS": "signature",
            "com.android.launcher2.permission.READ_SETTINGS": "unknown",
            "com.android.launcher2.permission.WRITE_SETTINGS": "signature",
            "com.android.launcher3.permission.READ_SETTINGS": "unknown",
            "com.android.launcher3.permission.WRITE_SETTINGS": "signature",
            "com.android.vending.BILLING": "unknown",
            "com.ebproductions.android.launcher.permission.READ_SETTINGS": "unknown",
            "com.ebproductions.android.launcher.permission.WRITE_SETTINGS": "signature",
            "com.google.android.c2dm.permission.RECEIVE": "unknown",
            "com.google.android.finsky.permission.BIND_GET_INSTALL_REFERRER_SERVICE": "unknown",
            "com.htc.launcher.permission.READ_SETTINGS": "unknown",
            "com.htc.launcher.permission.UPDATE_SHORTCUT": "unknown",
            "com.htc.launcher.permission.WRITE_SETTINGS": "signature",
            "com.huawei.android.launcher.permission.CHANGE_BADGE": "unknown",
            "com.huawei.android.launcher.permission.READ_SETTINGS": "unknown",
            "com.huawei.android.launcher.permission.WRITE_SETTINGS": "signature",
            "com.huawei.launcher2.permission.READ_SETTINGS": "unknown",
            "com.huawei.launcher2.permission.WRITE_SETTINGS": "signature",
            "com.huawei.launcher3.permission.READ_SETTINGS": "unknown",
            "com.huawei.launcher3.permission.WRITE_SETTINGS": "signature",
            "com.lge.launcher.permission.READ_SETTINGS": "unknown",
            "com.lge.launcher.permission.WRITE_SETTINGS": "signature",
            "com.majeur.launcher.permission.UPDATE_BADGE": "unknown",
            "com.meizu.c2dm.permission.RECEIVE": "unknown",
            "com.meizu.flyme.push.permission.RECEIVE": "unknown",
            "com.miui.mihome2.permission.READ_SETTINGS": "unknown",
            "com.miui.mihome2.permission.WRITE_SETTINGS": "signature",
            "com.oppo.launcher.permission.READ_SETTINGS": "unknown",
            "com.oppo.launcher.permission.WRITE_SETTINGS": "signature",
            "com.sec.android.provider.badge.permission.READ": "unknown",
            "com.sec.android.provider.badge.permission.WRITE": "unknown",
            "com.sonyericsson.home.permission.BROADCAST_BADGE": "unknown",
            "com.sonymobile.home.permission.PROVIDER_INSERT_BADGE": "unknown",
            "com.vivo.notification.permission.BADGE_ICON": "unknown",
            "com.zhiliaoapp.musically.miniapp.PROCESS_COMMUNICATION": "unknown",
            "com.zhiliaoapp.musically.permission.MIPUSH_RECEIVE": "unknown",
            "com.zhiliaoapp.musically.permission.READ_ACCOUNT": "unknown",
            "com.zhiliaoapp.musically.permission.RECEIVE_ADM_MESSAGE": "unknown",
            "com.zhiliaoapp.musically.permission.WRITE_ACCOUNT": "unknown",
            "com.zhiliaoapp.musically.push.permission.MESSAGE": "unknown",
            "dianxin.permission.ACCESS_LAUNCHER_DATA": "unlaballed",
            "me.everything.badger.permission.BADGE_COUNT_READ": "unknown",
            "me.everything.badger.permission.BADGE_COUNT_WRITE": "unknown",
            "none.used.ACCESS_COARSE_LOCATION": "dangerous",
            "none.used.ACCESS_FINE_LOCATION": "dangerous",
            "permission.bind.HiMediaEngines": "unknown"
        },
        "risk_counts": {
            "normal": 10,
            "unknown": 42,
            "dangerous": 7,
            "unlaballed": 3,
            "signature": 12
        }
    },
    "stats": {
        "dex_count": 8,
        "native_lib_count": 47
    },
    "jadx": {
        "status": "ok",
        "duration_sec": 108.38,
        "sources_present": true,
        "java_file_count": 33562
    },
    "ast_analysis": {
        "location": 5,
        "microphone": 12,
        "camera": 453,
        "media_projection": 11,
        "dynamic_load": 0,
        "jni": 165
    },
    "analysis_state": "complete",
    "behavioral_structural_data": {
        "api_inventory": {
            "camera": 14,
            "microphone": 7,
            "location": 2,
            "torch": 8,
            "telephony_ops": 2,
            "system_commands": 34,
            "webview_interop": 75,
            "content_access": 113,
            "audio_control": 11,
            "vibration": 10,
            "network_io": 88,
            "scheduling_apis": 291,
            "dynamic_code": 860
        },
        "execution_context": {
            "in_service": 0,
            "in_receiver": 0,
            "in_activity": 0,
            "in_provider": 0,
            "unknown": 1515
        },
        "scheduling_mechanisms": {
            "alarm_manager": 29,
            "handler_loop": 258,
            "job_scheduler": 4
        },
        "trigger_types": {
            "auto_triggered": 7,
            "user_triggered": 8
        },
        "dynamic_features": {
            "jni_usage": 48,
            "dynamic_loading": 2,
            "reflection": 812
        }
    }
}