{
    "apk_name": "25F4B6CA214F090EE67C7E18014846FEF54439BD8413CE5449D8C641F11A54A8",
    "sha256": "25f4b6ca214f090ee67c7e18014846fef54439bd8413ce5449d8c641f11a54a8",
    "metadata": {
        "package_name": "com.maaxstore.store",
        "version_code": "506",
        "version_name": "5.0.6",
        "min_sdk": "19",
        "target_sdk": "30",
        "permissions": [
            "android.permission.ACCESS_NETWORK_STATE",
            "android.permission.ACCESS_WIFI_STATE",
            "android.permission.INTERACT_ACROSS_USERS_FULL",
            "android.permission.INTERNET",
            "android.permission.MODIFY_AUDIO_SETTINGS",
            "android.permission.MOUNT_UNMOUNT_FILESYSTEMS",
            "android.permission.READ_EXTERNAL_STORAGE",
            "android.permission.READ_LOGS",
            "android.permission.READ_OWNER_DATA",
            "android.permission.READ_PHONE_STATE",
            "android.permission.RECEIVE_BOOT_COMPLETED",
            "android.permission.REQUEST_INSTALL_PACKAGES",
            "android.permission.SYSTEM_ALERT_WINDOW",
            "android.permission.WAKE_LOCK",
            "android.permission.WRITE_EXTERNAL_STORAGE",
            "android.permission.WRITE_OWNER_DATA",
            "android.permission.WRITE_SETTINGS"
        ],
        "activities": [
            "org.sopcast.android.SopCast"
        ],
        "services": [
            "com.tvbus.engine.TVService"
        ],
        "receivers": [
            "org.sopcast.android.broadcast.ActionReceiver"
        ]
    },
    "stats": {
        "dex_count": 1,
        "native_lib_count": 28
    },
    "jadx": {
        "status": "ok",
        "duration_sec": 17.83,
        "sources_present": true,
        "java_file_count": 3716
    },
    "ast_analysis": {
        "location": 0,
        "microphone": 0,
        "camera": 11,
        "media_projection": 0,
        "dynamic_load": 0,
        "jni": 5
    },
    "analysis_state": "complete"
}