{
    "apk_name": "ADE1215A2D69F4DB651F8BFA790C0C7E09B1CDFF786ECBBB765D880B0C3AD189",
    "sha256": "ade1215a2d69f4db651f8bfa790c0c7e09b1cdff786ecbbb765d880b0c3ad189",
    "metadata": {
        "package_name": "com.hannaford.rx",
        "version_code": "21302",
        "version_name": "2.0.6",
        "min_sdk": "28",
        "target_sdk": "33",
        "permissions": [
            "android.permission.ACCESS_COARSE_LOCATION",
            "android.permission.ACCESS_FINE_LOCATION",
            "android.permission.ACCESS_NETWORK_STATE",
            "android.permission.ACCESS_NOTIFICATION_POLICY",
            "android.permission.ACCESS_WIFI_STATE",
            "android.permission.CAMERA",
            "android.permission.FOREGROUND_SERVICE",
            "android.permission.INTERNET",
            "android.permission.POST_NOTIFICATIONS",
            "android.permission.READ_EXTERNAL_STORAGE",
            "android.permission.RECEIVE_BOOT_COMPLETED",
            "android.permission.USE_BIOMETRIC",
            "android.permission.USE_FINGERPRINT",
            "android.permission.VIBRATE",
            "android.permission.WAKE_LOCK",
            "android.permission.WRITE_EXTERNAL_STORAGE",
            "com.google.android.c2dm.permission.RECEIVE",
            "com.google.android.finsky.permission.BIND_GET_INSTALL_REFERRER_SERVICE",
            "com.google.android.gms.permission.AD_ID",
            "com.hannaford.rx.permission.UA_DATA",
            "com.samsung.android.providers.context.permission.WRITE_USE_APP_FEATURE_SURVEY"
        ],
        "activities": [
            "com.google.android.gms.common.api.GoogleApiActivity",
            "com.google.android.play.core.common.PlayCoreDialogWrapperActivity",
            "com.google.android.play.core.missingsplits.PlayCoreMissingSplitsActivity",
            "com.urbanairship.actions.RateAppActivity",
            "com.urbanairship.actions.WalletLoadingActivity",
            "com.urbanairship.google.PlayServicesErrorActivity",
            "com.urbanairship.messagecenter.MessageActivity",
            "com.urbanairship.messagecenter.MessageCenterActivity",
            "com.urbanairship.permission.PermissionsActivity",
            "com.urbanairship.push.NotificationProxyActivity",
            "com.urbanairship.util.HelperActivity",
            "crc64348ac3a44d005a41.ScanActivity",
            "crc646957603ea1820544.MediaPickerActivity",
            "crc64774fe5d4a74917f2.ScanActivity",
            "crc64774fe5d4a74917f2.ScanRxActivity",
            "crc64bf07edf5a168bc48.MainActivity",
            "crc64bf07edf5a168bc48.SplashActivity"
        ],
        "services": [
            "androidx.room.MultiInstanceInvalidationService",
            "androidx.work.impl.background.systemalarm.SystemAlarmService",
            "androidx.work.impl.background.systemjob.SystemJobService",
            "androidx.work.impl.foreground.SystemForegroundService",
            "com.google.android.datatransport.runtime.backends.TransportBackendDiscovery",
            "com.google.android.datatransport.runtime.scheduling.jobscheduling.JobInfoSchedulerService",
            "com.google.android.gms.measurement.AppMeasurementJobService",
            "com.google.android.gms.measurement.AppMeasurementService",
            "com.google.android.play.core.assetpacks.AssetPackExtractionService",
            "com.google.android.play.core.assetpacks.ExtractionForegroundService",
            "com.google.firebase.components.ComponentDiscoveryService",
            "com.google.firebase.messaging.FirebaseMessagingService",
            "com.urbanairship.push.fcm.AirshipFirebaseMessagingService"
        ],
        "receivers": [
            "androidx.work.impl.background.systemalarm.ConstraintProxy$BatteryChargingProxy",
            "androidx.work.impl.background.systemalarm.ConstraintProxy$BatteryNotLowProxy",
            "androidx.work.impl.background.systemalarm.ConstraintProxy$NetworkStateProxy",
            "androidx.work.impl.background.systemalarm.ConstraintProxy$StorageNotLowProxy",
            "androidx.work.impl.background.systemalarm.ConstraintProxyUpdateReceiver",
            "androidx.work.impl.background.systemalarm.RescheduleReceiver",
            "androidx.work.impl.diagnostics.DiagnosticsReceiver",
            "androidx.work.impl.utils.ForceStopRunnable$BroadcastReceiver",
            "com.google.android.datatransport.runtime.scheduling.jobscheduling.AlarmManagerSchedulerBroadcastReceiver",
            "com.google.android.gms.measurement.AppMeasurementReceiver",
            "com.google.firebase.iid.FirebaseInstanceIdInternalReceiver",
            "com.google.firebase.iid.FirebaseInstanceIdReceiver",
            "com.urbanairship.locale.LocaleChangeReceiver",
            "com.urbanairship.push.NotificationProxyReceiver",
            "crc643f46942d9dd1fff9.PowerSaveModeBroadcastReceiver",
            "crc64cea48322b3427ae9.ConnectivityChangeBroadcastReceiver"
        ]
    },
    "stats": {
        "dex_count": 2,
        "native_lib_count": 14
    },
    "jadx": {
        "status": "ok",
        "duration_sec": 30.6,
        "sources_present": true,
        "java_file_count": 6323
    },
    "ast_analysis": {
        "location": 9,
        "microphone": 0,
        "camera": 15,
        "media_projection": 0,
        "dynamic_load": 0,
        "jni": 8
    },
    "analysis_state": "complete"
}