{
    "apk_name": "548700D24AEE54F3EA10F7F700BE083C543015131283E5F5C8F1141635295583",
    "sha256": "548700d24aee54f3ea10f7f700be083c543015131283e5f5c8f1141635295583",
    "metadata": {
        "package_name": "com.s2m.rawbank.views",
        "version_code": "147",
        "version_name": "3.4.20",
        "min_sdk": "23",
        "target_sdk": "33",
        "permissions": [
            "android.permission.ACCESS_COARSE_LOCATION",
            "android.permission.ACCESS_FINE_LOCATION",
            "android.permission.ACCESS_NETWORK_STATE",
            "android.permission.ACCESS_NOTIFICATION_POLICY",
            "android.permission.ACCESS_WIFI_STATE",
            "android.permission.BROADCAST_CLOSE_SYSTEM_DIALOGS",
            "android.permission.CAMERA",
            "android.permission.FOREGROUND_SERVICE",
            "android.permission.INTERNET",
            "android.permission.POST_NOTIFICATIONS",
            "android.permission.READ_CONTACTS",
            "android.permission.READ_EXTERNAL_STORAGE",
            "android.permission.READ_MEDIA_IMAGES",
            "android.permission.RECEIVE_BOOT_COMPLETED",
            "android.permission.SCHEDULE_EXACT_ALARM",
            "android.permission.USE_BIOMETRIC",
            "android.permission.USE_FINGERPRINT",
            "android.permission.USE_FULL_SCREEN_INTENT",
            "android.permission.VIBRATE",
            "android.permission.WAKE_LOCK",
            "android.permission.WRITE_EXTERNAL_STORAGE",
            "com.google.android.c2dm.permission.RECEIVE",
            "com.google.android.finsky.permission.BIND_GET_INSTALL_REFERRER_SERVICE"
        ],
        "activities": [
            "app.notifee.core.NotificationReceiverActivity",
            "com.facebook.CustomTabActivity",
            "com.facebook.FacebookActivity",
            "com.google.android.gms.auth.api.signin.internal.SignInHubActivity",
            "com.google.android.gms.common.api.GoogleApiActivity",
            "com.google.android.play.core.common.PlayCoreDialogWrapperActivity",
            "com.s2m.rawbank.views.MainActivity",
            "e.ParcelableVolumeInfo$1",
            "e.PlaybackStateCompat$CustomAction$1",
            "e.getDefaultViewModelProviderFactory"
        ],
        "services": [
            "androidx.work.impl.background.systemjob.SystemJobService",
            "app.notifee.core.ForegroundService",
            "app.notifee.core.ReceiverService",
            "com.google.android.datatransport.runtime.backends.TransportBackendDiscovery",
            "com.google.android.datatransport.runtime.scheduling.jobscheduling.JobInfoSchedulerService",
            "com.google.android.gms.auth.api.signin.RevocationBoundService",
            "com.google.android.gms.measurement.AppMeasurementJobService",
            "com.google.android.gms.measurement.AppMeasurementService",
            "com.google.firebase.components.ComponentDiscoveryService",
            "com.google.firebase.messaging.FirebaseMessagingService",
            "e.MediaSessionCompat$QueueItem$1",
            "e.MediaSessionCompat$ResultReceiverWrapper",
            "e.MediaSessionCompat$Token$1",
            "e.getOnBackPressedDispatcher",
            "e.initViewTreeOwners",
            "e.onRequestPermissionsResult"
        ],
        "receivers": [
            "androidx.work.impl.background.systemalarm.ConstraintProxyUpdateReceiver",
            "androidx.work.impl.diagnostics.DiagnosticsReceiver",
            "androidx.work.impl.utils.ForceStopRunnable$BroadcastReceiver",
            "app.notifee.core.AlarmPermissionBroadcastReceiver",
            "app.notifee.core.BlockStateBroadcastReceiver",
            "app.notifee.core.NotificationAlarmReceiver",
            "app.notifee.core.RebootBroadcastReceiver",
            "com.google.android.datatransport.runtime.scheduling.jobscheduling.AlarmManagerSchedulerBroadcastReceiver",
            "com.google.android.gms.measurement.AppMeasurementReceiver",
            "com.google.firebase.iid.FirebaseInstanceIdReceiver",
            "com.s2m.rawbank.views.getLastChildRect$RemoteActionCompatParcelizer",
            "com.s2m.rawbank.views.getLastChildRect$SuppressLint",
            "com.s2m.rawbank.views.getLastChildRect$TargetApi",
            "com.s2m.rawbank.views.getLastChildRect$read",
            "com.s2m.rawbank.views.removeAndRecycleViews$read",
            "e.MediaSessionCompat$ResultReceiverWrapper$1",
            "e.ParcelableVolumeInfo",
            "io.invertase.firebase.messaging.ReactNativeFirebaseMessagingReceiver"
        ],
        "permission_details": {
            "android.permission.ACCESS_COARSE_LOCATION": "dangerous",
            "android.permission.ACCESS_FINE_LOCATION": "dangerous",
            "android.permission.ACCESS_NETWORK_STATE": "normal",
            "android.permission.ACCESS_NOTIFICATION_POLICY": "normal",
            "android.permission.ACCESS_WIFI_STATE": "normal",
            "android.permission.BROADCAST_CLOSE_SYSTEM_DIALOGS": "unknown",
            "android.permission.CAMERA": "dangerous",
            "android.permission.FOREGROUND_SERVICE": "normal",
            "android.permission.INTERNET": "normal",
            "android.permission.POST_NOTIFICATIONS": "dangerous",
            "android.permission.READ_CONTACTS": "dangerous",
            "android.permission.READ_EXTERNAL_STORAGE": "dangerous",
            "android.permission.READ_MEDIA_IMAGES": "dangerous",
            "android.permission.RECEIVE_BOOT_COMPLETED": "normal",
            "android.permission.SCHEDULE_EXACT_ALARM": "signature",
            "android.permission.USE_BIOMETRIC": "normal",
            "android.permission.USE_FINGERPRINT": "normal",
            "android.permission.USE_FULL_SCREEN_INTENT": "normal",
            "android.permission.VIBRATE": "normal",
            "android.permission.WAKE_LOCK": "normal",
            "android.permission.WRITE_EXTERNAL_STORAGE": "dangerous",
            "com.google.android.c2dm.permission.RECEIVE": "unknown",
            "com.google.android.finsky.permission.BIND_GET_INSTALL_REFERRER_SERVICE": "unknown"
        },
        "risk_counts": {
            "dangerous": 8,
            "normal": 11,
            "unknown": 3,
            "signature": 1
        }
    },
    "stats": {
        "dex_count": 2,
        "native_lib_count": 254
    },
    "jadx": {
        "status": "ok",
        "duration_sec": 42.09,
        "sources_present": true,
        "java_file_count": 10560
    },
    "ast_analysis": {
        "location": 8,
        "microphone": 0,
        "camera": 10,
        "media_projection": 0,
        "dynamic_load": 0,
        "jni": 7
    },
    "analysis_state": "complete"
}