{
    "java_files": [
        "a/auu/a.java",
        "com/netease/nis/wrapper/l.java",
        "com/netease/nis/wrapper/g.java",
        "com/netease/nis/wrapper/d.java",
        "com/netease/nis/wrapper/Utils.java",
        "com/netease/nis/wrapper/k.java",
        "com/netease/nis/wrapper/b.java",
        "com/netease/nis/wrapper/NEDialog.java",
        "com/netease/nis/wrapper/MyApplication.java",
        "com/netease/nis/wrapper/a.java",
        "com/netease/nis/wrapper/e.java",
        "com/netease/nis/wrapper/f.java",
        "com/netease/nis/wrapper/c.java",
        "com/netease/nis/wrapper/MyJni.java",
        "com/netease/nis/wrapper/m.java",
        "com/netease/nis/wrapper/j.java",
        "com/netease/nis/wrapper/Entry.java",
        "com/netease/nis/wrapper/h.java",
        "com/netease/nis/wrapper/i.java",
        "com/netease/nis/wrapper/plugin/g.java",
        "com/netease/nis/wrapper/plugin/d.java",
        "com/netease/nis/wrapper/plugin/InstrumentationProxy.java",
        "com/netease/nis/wrapper/plugin/b.java",
        "com/netease/nis/wrapper/plugin/a.java",
        "com/netease/nis/wrapper/plugin/e.java",
        "com/netease/nis/wrapper/plugin/f.java",
        "com/netease/nis/wrapper/plugin/c.java",
        "com/netease/nis/wrapper/plugin/h.java",
        "com/netease/nis/wrapper/plugin/i.java",
        "kotlin/coroutines/jvm/internal/DebugProbesKt.java",
        "androidx/core/app/CoreComponentFactory.java"
    ],
    "ast_hits_by_file": {
        "location": [],
        "microphone": [],
        "camera": [
            "com/netease/nis/wrapper/MyJni.java",
            "com/netease/nis/wrapper/MyJni.java",
            "com/netease/nis/wrapper/plugin/e.java"
        ],
        "media_projection": [],
        "dynamic_load": [],
        "jni": [
            "com/netease/nis/wrapper/l.java",
            "com/netease/nis/wrapper/l.java",
            "com/netease/nis/wrapper/plugin/a.java"
        ]
    },
    "native_libs": [
        "lib/arm64-v8a/libBugly.so",
        "lib/arm64-v8a/libCryptoSeed.so",
        "lib/arm64-v8a/libMNN.so",
        "lib/arm64-v8a/libalive_detected.so",
        "lib/arm64-v8a/libc++_shared.so",
        "lib/arm64-v8a/libemulator_check.so",
        "lib/arm64-v8a/libentryexpro.so",
        "lib/arm64-v8a/libgifimage.so",
        "lib/arm64-v8a/libimagepipeline.so",
        "lib/arm64-v8a/libmmkv.so",
        "lib/arm64-v8a/libnative-filters.so",
        "lib/arm64-v8a/libncrash.so",
        "lib/arm64-v8a/libncrash_dumper.so",
        "lib/arm64-v8a/libnenn.so",
        "lib/arm64-v8a/libocr_scan.so",
        "lib/arm64-v8a/libopencv_java3.so",
        "lib/arm64-v8a/libproperty_get.so",
        "lib/arm64-v8a/libstatic-webp.so",
        "lib/arm64-v8a/libuptsmaddon.so",
        "lib/arm64-v8a/libweibosdkcore.so",
        "lib/arm64-v8a/libwind.so",
        "lib/arm64-v8a/libyxsec.so",
        "lib/armeabi-v7a/libBugly.so",
        "lib/armeabi-v7a/libCryptoSeed.so",
        "lib/armeabi-v7a/libMNN.so",
        "lib/armeabi-v7a/libalive_detected.so",
        "lib/armeabi-v7a/libc++_shared.so",
        "lib/armeabi-v7a/libemulator_check.so",
        "lib/armeabi-v7a/libentryexpro.so",
        "lib/armeabi-v7a/libgifimage.so",
        "lib/armeabi-v7a/libimagepipeline.so",
        "lib/armeabi-v7a/libmmkv.so",
        "lib/armeabi-v7a/libnative-filters.so",
        "lib/armeabi-v7a/libncrash.so",
        "lib/armeabi-v7a/libncrash_dumper.so",
        "lib/armeabi-v7a/libnenn.so",
        "lib/armeabi-v7a/libocr_scan.so",
        "lib/armeabi-v7a/libopencv_java3.so",
        "lib/armeabi-v7a/libproperty_get.so",
        "lib/armeabi-v7a/libstatic-webp.so",
        "lib/armeabi-v7a/libuptsmaddon.so",
        "lib/armeabi-v7a/libweibosdkcore.so",
        "lib/armeabi-v7a/libwind.so",
        "lib/armeabi-v7a/libyxsec.so",
        "lib/armeabi-v7a/librand.so",
        "lib/arm64-v8a/librand.so",
        "lib/armeabi-v7a/libnesec.so",
        "lib/arm64-v8a/libnesec.so"
    ],
    "dex_files_count": 1,
    "exported_components": {
        "activities": [
            "com.alipay.sdk.app.APayEntranceActivity",
            "com.alipay.sdk.app.AlipayResultActivity",
            "com.alipay.sdk.app.H5AuthActivity",
            "com.alipay.sdk.app.H5OpenAuthActivity",
            "com.alipay.sdk.app.H5PayActivity",
            "com.alipay.sdk.app.PayResultActivity",
            "com.huawei.hms.activity.BridgeActivity",
            "com.huawei.hms.activity.EnableServiceActivity",
            "com.huawei.updatesdk.service.otaupdate.AppUpdateActivity",
            "com.huawei.updatesdk.support.pm.PackageInstallerActivity",
            "com.jakewharton.processphoenix.ProcessPhoenix",
            "com.moutai.mall.MainActivity",
            "com.moutai.mall.demo.EventBusActivity",
            "com.moutai.mall.demo.GlideDemoActivity",
            "com.moutai.mall.demo.ImagePickDemoActivity",
            "com.moutai.mall.demo.StateLayoutAndStatusBarSetDemoActivity",
            "com.moutai.mall.demo.UpdateDemoActivity",
            "com.moutai.mall.image.crop.activity.ImageCropActivity",
            "com.moutai.mall.image.pick.activity.PickImageActivity",
            "com.moutai.mall.image.pick.activity.PickSingleImageActivity",
            "com.moutai.mall.image.preview.activity.MultiItemImagesPreviewActivity",
            "com.moutai.mall.image.preview.activity.SingleItemImagePreviewActivity",
            "com.moutai.mall.module.certification.CertificationActivity",
            "com.moutai.mall.module.certification.FaceDetectActivity",
            "com.moutai.mall.module.certification.OcrEntranceActivity",
            "com.moutai.mall.module.certification.OcrScanActivity",
            "com.moutai.mall.module.login.LoginActivity",
            "com.moutai.mall.module.message.MessageCenterActivity",
            "com.moutai.mall.module.order.OrderAggregationActivity",
            "com.moutai.mall.module.order.OrderCancelProgressActivity",
            "com.moutai.mall.module.order.OrderDetailActivity",
            "com.moutai.mall.module.order.OrderListActivity",
            "com.moutai.mall.module.order.OrderQRCodeActivity",
            "com.moutai.mall.module.pay.payresult.PayResultActivity",
            "com.moutai.mall.module.pay.placeorder.PlaceOrderActivity",
            "com.moutai.mall.module.personal.AboutActivity",
            "com.moutai.mall.module.personal.AccountManageActivity",
            "com.moutai.mall.module.personal.FeedbackActivity",
            "com.moutai.mall.module.personal.PersonalInfoActivity",
            "com.moutai.mall.module.personal.ProtocolActivity",
            "com.moutai.mall.module.personal.ReservationListActivity",
            "com.moutai.mall.module.personal.SettingActivity",
            "com.moutai.mall.module.reservation.ReservationDetailActivity",
            "com.moutai.mall.module.reservation.submit.ReserveActivity",
            "com.moutai.mall.module.reserveentrance.ReserveEntranceActivity",
            "com.moutai.mall.module.search.SearchActivity",
            "com.moutai.mall.module.shop.NearbyShopListActivity",
            "com.moutai.mall.module.shop.OnlineShopListActivity",
            "com.moutai.mall.module.shop.ShopListActivity",
            "com.moutai.mall.module.shortvideo.ShortVideoActivity",
            "com.moutai.mall.module.splash.RouteActivity",
            "com.moutai.mall.module.splash.SplashActivity",
            "com.moutai.mall.qrcode.QrcodeActivity",
            "com.moutai.mall.qrcode.QrcodePickSingleImageActivity",
            "com.moutai.mall.share.view.FragmentShareActivity",
            "com.moutai.mall.webview.view.WebViewActivity",
            "com.moutai.mall.wxapi.WXEntryActivity",
            "com.mtpay.sdk.GZBankActivity",
            "com.mtpay.sdk.MtPayActivity",
            "com.mtpay.sdk.wxapi.WXPayEntryActivity",
            "com.netease.hearttouch.htimagepicker.core.camera.HTCameraActivity",
            "com.netease.hearttouch.htimagepicker.defaultui.imagecrop.activity.HTImageCropActivity",
            "com.netease.hearttouch.htimagepicker.defaultui.imagepick.activity.HTImagePickActivity",
            "com.netease.hearttouch.htimagepicker.defaultui.imagepreview.activity.HTMultiImagesPreviewActivity",
            "com.netease.hearttouch.htimagepicker.defaultui.imagepreview.activity.HTSingleImagePreviewActivity",
            "com.sina.weibo.sdk.share.ShareChatActivity",
            "com.sina.weibo.sdk.share.ShareResultActivity",
            "com.sina.weibo.sdk.share.ShareStoryActivity",
            "com.sina.weibo.sdk.share.ShareTransActivity",
            "com.sina.weibo.sdk.web.WebActivity",
            "com.tencent.connect.common.AssistActivity",
            "com.tencent.tauth.AuthActivity",
            "com.unionpay.UPPayWapActivity"
        ],
        "services": [
            "com.amap.api.location.APSService",
            "com.heytap.msp.push.service.CompatibleDataMessageCallbackService",
            "com.heytap.msp.push.service.DataMessageCallbackService",
            "com.huawei.agconnect.core.ServiceDiscovery",
            "com.huawei.hms.support.api.push.service.HmsMsgService",
            "com.meizu.cloud.pushsdk.NotificationService",
            "com.netease.cloud.nos.yidun.service.MonitorService",
            "com.netease.deviceid.jni.EmulatorCheckService",
            "com.netease.yanxuan.push.thirdpart.huawei.EmuiMessageService",
            "com.netease.yanxuan.push.thirdpart.oppo.service.OppoAppPushMessageService",
            "com.netease.yanxuan.push.thirdpart.oppo.service.OppoPushMessageService",
            "com.snail.collie.startup.HelpService",
            "com.tencent.smtt.export.external.DexClassLoaderProviderService",
            "com.vivo.push.sdk.service.CommandClientService",
            "com.xiaomi.mipush.sdk.MessageHandleService",
            "com.xiaomi.mipush.sdk.PushMessageHandler",
            "com.xiaomi.push.service.XMJobService",
            "com.xiaomi.push.service.XMPushService"
        ],
        "receivers": [
            "com.huawei.hms.support.api.push.PushMsgReceiver",
            "com.huawei.hms.support.api.push.PushReceiver",
            "com.meizu.cloud.pushsdk.MzPushSystemReceiver",
            "com.moutai.mall.share.shareutil.wxapi.AppRegister",
            "com.netease.cloud.nos.yidun.receiver.ConnectionChangeReceiver",
            "com.netease.libs.yxcommonbase.net.NetworkUtil$NetworkConnectionIntentReceiver",
            "com.netease.yanxuan.push.helper.NetWorkerHelper$NetworkConnectionIntentReceiver",
            "com.netease.yanxuan.push.thirdpart.flyme.FlymePushMsgReceiver",
            "com.netease.yanxuan.push.thirdpart.miui.MiuiPushMessageReceiver",
            "com.netease.yanxuan.push.thirdpart.vivo.VIVOPushMessageReceiverImpl",
            "com.snail.collie.battery.BatteryLevelReceiver",
            "com.xiaomi.push.service.receivers.NetworkStatusReceiver",
            "com.xiaomi.push.service.receivers.PingReceiver"
        ]
    }
}