{
    "apk_name": "014323BF6D9354BD2C6E78AAE31368A0E637F972DE6DD1AF1B6D2A4ED477A811",
    "sha256": "014323bf6d9354bd2c6e78aae31368a0e637f972de6dd1af1b6d2a4ed477a811",
    "metadata": {
        "package_name": "com.moutai.mall",
        "version_code": "10",
        "version_name": "1.1.7",
        "min_sdk": "24",
        "target_sdk": "30",
        "permissions": [
            "android.permission.ACCESS_COARSE_LOCATION",
            "android.permission.ACCESS_CONTENT_PROVIDERS_EXTERNALLY",
            "android.permission.ACCESS_FINE_LOCATION",
            "android.permission.ACCESS_NETWORK_STATE",
            "android.permission.ACCESS_WIFI_STATE",
            "android.permission.CAMERA",
            "android.permission.CHANGE_NETWORK_STATE",
            "android.permission.CHANGE_WIFI_STATE",
            "android.permission.FOREGROUND_SERVICE",
            "android.permission.INTERNET",
            "android.permission.READ_EXTERNAL_STORAGE",
            "android.permission.REQUEST_INSTALL_PACKAGES",
            "android.permission.VIBRATE",
            "android.permission.WRITE_EXTERNAL_STORAGE",
            "com.coloros.mcs.permission.RECIEVE_MCS_MESSAGE",
            "com.heytap.mcs.permission.RECIEVE_MCS_MESSAGE",
            "com.huawei.appmarket.service.commondata.permission.GET_COMMON_DATA",
            "com.meizu.c2dm.permission.RECEIVE",
            "com.meizu.flyme.permission.PUSH",
            "com.meizu.flyme.push.permission.RECEIVE",
            "com.moutai.mall.permission.C2D_MESSAGE",
            "com.moutai.mall.permission.MIPUSH_RECEIVE",
            "com.moutai.mall.permission.PROCESS_PUSH_MSG",
            "com.moutai.mall.permission.PUSH_PROVIDER",
            "com.moutai.mall.push.permission.MESSAGE",
            "org.simalliance.openmobileapi.SMARTCARD"
        ],
        "activities": [
            "com.alipay.sdk.app.APayEntranceActivity",
            "com.alipay.sdk.app.AlipayResultActivity",
            "com.alipay.sdk.app.H5AuthActivity",
            "com.alipay.sdk.app.H5OpenAuthActivity",
            "com.alipay.sdk.app.H5PayActivity",
            "com.alipay.sdk.app.PayResultActivity",
            "com.huawei.hms.activity.BridgeActivity",
            "com.huawei.hms.activity.EnableServiceActivity",
            "com.huawei.updatesdk.service.otaupdate.AppUpdateActivity",
            "com.huawei.updatesdk.support.pm.PackageInstallerActivity",
            "com.jakewharton.processphoenix.ProcessPhoenix",
            "com.moutai.mall.MainActivity",
            "com.moutai.mall.demo.EventBusActivity",
            "com.moutai.mall.demo.GlideDemoActivity",
            "com.moutai.mall.demo.ImagePickDemoActivity",
            "com.moutai.mall.demo.StateLayoutAndStatusBarSetDemoActivity",
            "com.moutai.mall.demo.UpdateDemoActivity",
            "com.moutai.mall.image.crop.activity.ImageCropActivity",
            "com.moutai.mall.image.pick.activity.PickImageActivity",
            "com.moutai.mall.image.pick.activity.PickSingleImageActivity",
            "com.moutai.mall.image.preview.activity.MultiItemImagesPreviewActivity",
            "com.moutai.mall.image.preview.activity.SingleItemImagePreviewActivity",
            "com.moutai.mall.module.certification.CertificationActivity",
            "com.moutai.mall.module.certification.FaceDetectActivity",
            "com.moutai.mall.module.certification.OcrEntranceActivity",
            "com.moutai.mall.module.certification.OcrScanActivity",
            "com.moutai.mall.module.login.LoginActivity",
            "com.moutai.mall.module.message.MessageCenterActivity",
            "com.moutai.mall.module.order.OrderAggregationActivity",
            "com.moutai.mall.module.order.OrderCancelProgressActivity",
            "com.moutai.mall.module.order.OrderDetailActivity",
            "com.moutai.mall.module.order.OrderListActivity",
            "com.moutai.mall.module.order.OrderQRCodeActivity",
            "com.moutai.mall.module.pay.payresult.PayResultActivity",
            "com.moutai.mall.module.pay.placeorder.PlaceOrderActivity",
            "com.moutai.mall.module.personal.AboutActivity",
            "com.moutai.mall.module.personal.AccountManageActivity",
            "com.moutai.mall.module.personal.FeedbackActivity",
            "com.moutai.mall.module.personal.PersonalInfoActivity",
            "com.moutai.mall.module.personal.ProtocolActivity",
            "com.moutai.mall.module.personal.ReservationListActivity",
            "com.moutai.mall.module.personal.SettingActivity",
            "com.moutai.mall.module.reservation.ReservationDetailActivity",
            "com.moutai.mall.module.reservation.submit.ReserveActivity",
            "com.moutai.mall.module.reserveentrance.ReserveEntranceActivity",
            "com.moutai.mall.module.search.SearchActivity",
            "com.moutai.mall.module.shop.NearbyShopListActivity",
            "com.moutai.mall.module.shop.OnlineShopListActivity",
            "com.moutai.mall.module.shop.ShopListActivity",
            "com.moutai.mall.module.shortvideo.ShortVideoActivity",
            "com.moutai.mall.module.splash.RouteActivity",
            "com.moutai.mall.module.splash.SplashActivity",
            "com.moutai.mall.qrcode.QrcodeActivity",
            "com.moutai.mall.qrcode.QrcodePickSingleImageActivity",
            "com.moutai.mall.share.view.FragmentShareActivity",
            "com.moutai.mall.webview.view.WebViewActivity",
            "com.moutai.mall.wxapi.WXEntryActivity",
            "com.mtpay.sdk.GZBankActivity",
            "com.mtpay.sdk.MtPayActivity",
            "com.mtpay.sdk.wxapi.WXPayEntryActivity",
            "com.netease.hearttouch.htimagepicker.core.camera.HTCameraActivity",
            "com.netease.hearttouch.htimagepicker.defaultui.imagecrop.activity.HTImageCropActivity",
            "com.netease.hearttouch.htimagepicker.defaultui.imagepick.activity.HTImagePickActivity",
            "com.netease.hearttouch.htimagepicker.defaultui.imagepreview.activity.HTMultiImagesPreviewActivity",
            "com.netease.hearttouch.htimagepicker.defaultui.imagepreview.activity.HTSingleImagePreviewActivity",
            "com.sina.weibo.sdk.share.ShareChatActivity",
            "com.sina.weibo.sdk.share.ShareResultActivity",
            "com.sina.weibo.sdk.share.ShareStoryActivity",
            "com.sina.weibo.sdk.share.ShareTransActivity",
            "com.sina.weibo.sdk.web.WebActivity",
            "com.tencent.connect.common.AssistActivity",
            "com.tencent.tauth.AuthActivity",
            "com.unionpay.UPPayWapActivity"
        ],
        "services": [
            "com.amap.api.location.APSService",
            "com.heytap.msp.push.service.CompatibleDataMessageCallbackService",
            "com.heytap.msp.push.service.DataMessageCallbackService",
            "com.huawei.agconnect.core.ServiceDiscovery",
            "com.huawei.hms.support.api.push.service.HmsMsgService",
            "com.meizu.cloud.pushsdk.NotificationService",
            "com.netease.cloud.nos.yidun.service.MonitorService",
            "com.netease.deviceid.jni.EmulatorCheckService",
            "com.netease.yanxuan.push.thirdpart.huawei.EmuiMessageService",
            "com.netease.yanxuan.push.thirdpart.oppo.service.OppoAppPushMessageService",
            "com.netease.yanxuan.push.thirdpart.oppo.service.OppoPushMessageService",
            "com.snail.collie.startup.HelpService",
            "com.tencent.smtt.export.external.DexClassLoaderProviderService",
            "com.vivo.push.sdk.service.CommandClientService",
            "com.xiaomi.mipush.sdk.MessageHandleService",
            "com.xiaomi.mipush.sdk.PushMessageHandler",
            "com.xiaomi.push.service.XMJobService",
            "com.xiaomi.push.service.XMPushService"
        ],
        "receivers": [
            "com.huawei.hms.support.api.push.PushMsgReceiver",
            "com.huawei.hms.support.api.push.PushReceiver",
            "com.meizu.cloud.pushsdk.MzPushSystemReceiver",
            "com.moutai.mall.share.shareutil.wxapi.AppRegister",
            "com.netease.cloud.nos.yidun.receiver.ConnectionChangeReceiver",
            "com.netease.libs.yxcommonbase.net.NetworkUtil$NetworkConnectionIntentReceiver",
            "com.netease.yanxuan.push.helper.NetWorkerHelper$NetworkConnectionIntentReceiver",
            "com.netease.yanxuan.push.thirdpart.flyme.FlymePushMsgReceiver",
            "com.netease.yanxuan.push.thirdpart.miui.MiuiPushMessageReceiver",
            "com.netease.yanxuan.push.thirdpart.vivo.VIVOPushMessageReceiverImpl",
            "com.snail.collie.battery.BatteryLevelReceiver",
            "com.xiaomi.push.service.receivers.NetworkStatusReceiver",
            "com.xiaomi.push.service.receivers.PingReceiver"
        ]
    },
    "stats": {
        "dex_count": 1,
        "native_lib_count": 48
    },
    "jadx": {
        "status": "ok",
        "duration_sec": 2.78,
        "sources_present": true,
        "java_file_count": 31
    },
    "ast_analysis": {
        "location": 0,
        "microphone": 0,
        "camera": 3,
        "media_projection": 0,
        "dynamic_load": 0,
        "jni": 3
    },
    "analysis_state": "complete"
}