{
    "apk_name": "59C7EE8ACC92B0B749137671DEAE38AC754BF649F8FF30B175AB42F89AFB10B4",
    "sha256": "59c7ee8acc92b0b749137671deae38ac754bf649f8ff30b175ab42f89afb10b4",
    "metadata": {
        "package_name": "com.twitter.android",
        "version_code": "6110056",
        "version_name": "6.38.0",
        "min_sdk": "16",
        "target_sdk": "25",
        "permissions": [
            "android.permission.ACCESS_COARSE_LOCATION",
            "android.permission.ACCESS_FINE_LOCATION",
            "android.permission.ACCESS_NETWORK_STATE",
            "android.permission.ACCESS_WIFI_STATE",
            "android.permission.AUTHENTICATE_ACCOUNTS",
            "android.permission.CAMERA",
            "android.permission.GET_ACCOUNTS",
            "android.permission.INTERNET",
            "android.permission.MANAGE_ACCOUNTS",
            "android.permission.READ_CONTACTS",
            "android.permission.READ_PHONE_STATE",
            "android.permission.READ_PROFILE",
            "android.permission.READ_SYNC_SETTINGS",
            "android.permission.RECEIVE_BOOT_COMPLETED",
            "android.permission.RECEIVE_SMS",
            "android.permission.RECORD_AUDIO",
            "android.permission.SYSTEM_ALERT_WINDOW",
            "android.permission.USE_CREDENTIALS",
            "android.permission.VIBRATE",
            "android.permission.WAKE_LOCK",
            "android.permission.WRITE_EXTERNAL_STORAGE",
            "android.permission.WRITE_SYNC_SETTINGS",
            "com.android.launcher.permission.INSTALL_SHORTCUT",
            "com.google.android.c2dm.permission.RECEIVE",
            "com.google.android.providers.gsf.permission.READ_GSERVICES",
            "com.sonyericsson.home.permission.BROADCAST_BADGE",
            "com.sonymobile.home.permission.PROVIDER_INSERT_BADGE",
            "com.twitter.android.permission.AUTH_APP",
            "com.twitter.android.permission.C2D_MESSAGE",
            "com.twitter.android.permission.READ_DATA",
            "com.twitter.android.permission.RESTRICTED"
        ],
        "activities": [
            "com.google.android.gms.ads.AdActivity",
            "com.google.android.gms.ads.purchase.InAppPurchaseActivity",
            "com.google.android.gms.auth.api.signin.internal.SignInHubActivity",
            "com.google.android.gms.common.api.GoogleApiActivity",
            "com.mopub.common.MoPubBrowser",
            "com.twitter.android.AVMediaPlayerActivity",
            "com.twitter.android.AccountsDialogActivity",
            "com.twitter.android.AddUpdateEmailActivity",
            "com.twitter.android.AdvancedDiscoSettingsActivity",
            "com.twitter.android.AgeGateActivity",
            "com.twitter.android.AltTextActivity",
            "com.twitter.android.AppGraphSettingsActivity",
            "com.twitter.android.AuthenticatorActivity",
            "com.twitter.android.AuthorizeAppActivity",
            "com.twitter.android.BackupCodeActivity",
            "com.twitter.android.BlockedAccountsActivity",
            "com.twitter.android.BouncerWebViewActivity",
            "com.twitter.android.ChangeEmailActivity",
            "com.twitter.android.ChangePasswordActivity",
            "com.twitter.android.ChangeScreenNameActivity",
            "com.twitter.android.CollectionPermalinkActivity",
            "com.twitter.android.ConnectContactsUploadHelperActivity",
            "com.twitter.android.DialogActivity",
            "com.twitter.android.DiskCleanupPromptActivity",
            "com.twitter.android.DispatchActivity",
            "com.twitter.android.EditBirthdateActivity",
            "com.twitter.android.EditProfileActivity",
            "com.twitter.android.EditProfileAvatarActivity",
            "com.twitter.android.FlowActivity",
            "com.twitter.android.FullscreenMediaPlayerActivity",
            "com.twitter.android.GalleryActivity",
            "com.twitter.android.GalleryGridActivity",
            "com.twitter.android.ImageActivity",
            "com.twitter.android.LoginActivity",
            "com.twitter.android.LoginChallengeActivity",
            "com.twitter.android.LoginVerificationActivity",
            "com.twitter.android.MediaPlayerActivity",
            "com.twitter.android.MediaTagActivity",
            "com.twitter.android.MutedAccountsActivity",
            "com.twitter.android.PasswordResetActivity",
            "com.twitter.android.PersonalizedAdsSettingsActivity",
            "com.twitter.android.PhoneEntrySettingsActivity",
            "com.twitter.android.PhoneMTFlowActivity",
            "com.twitter.android.PhoneOwnershipActivity",
            "com.twitter.android.PhoneVerifySettingsActivity",
            "com.twitter.android.PhotoGridActivity",
            "com.twitter.android.ProfileActivity",
            "com.twitter.android.ProfilePhotoImageActivity",
            "com.twitter.android.ProfilePhotoPromptActivity",
            "com.twitter.android.RemoveAccountActivity",
            "com.twitter.android.RemoveAccountDialogActivity",
            "com.twitter.android.ReportFlowWebViewActivity",
            "com.twitter.android.RootTweetActivity",
            "com.twitter.android.SecuritySettingsActivity",
            "com.twitter.android.SingleSignOnActivity",
            "com.twitter.android.SmartNuxContactsUploadHelperActivity",
            "com.twitter.android.StartActivity",
            "com.twitter.android.TabbedVitFollowersActivity",
            "com.twitter.android.TemporaryAppPasswordActivity",
            "com.twitter.android.TotpGeneratorActivity",
            "com.twitter.android.TweetActivity",
            "com.twitter.android.UrlInterpreterActivity",
            "com.twitter.android.VerifyLoginActivity",
            "com.twitter.android.VideoEditorActivity",
            "com.twitter.android.WebViewActivity",
            "com.twitter.android.addressbook.LiveSyncPermissionRequestActivity",
            "com.twitter.android.ads.AdsCompanionWebViewActivity",
            "com.twitter.android.analytics.TweetAnalyticsWebViewActivity",
            "com.twitter.android.av.audio.AudioCardViewerActivity",
            "com.twitter.android.av.monetization.MediaMonetizationSettingsActivity",
            "com.twitter.android.av.monetization.MonetizationCategorySelectorActivity",
            "com.twitter.android.av.revenue.VideoCardCanvasActivity",
            "com.twitter.android.av.revenue.VideoConversationCardCanvasActivity",
            "com.twitter.android.av.watchmode.WatchModeActivity",
            "com.twitter.android.browser.BrowserActivity",
            "com.twitter.android.card.pollcompose.AddImagePollActivity",
            "com.twitter.android.commerce.view.AuthenticatedWebViewActivity",
            "com.twitter.android.commerce.view.CardEmailEntryActivity",
            "com.twitter.android.commerce.view.CardSummaryActivity",
            "com.twitter.android.commerce.view.CommerceImageActivity",
            "com.twitter.android.commerce.view.CreditCardNumberEntryActivity",
            "com.twitter.android.commerce.view.OfferSinglePageNUXActivity",
            "com.twitter.android.commerce.view.OfferSummaryActivity",
            "com.twitter.android.commerce.view.OrderHistoryActivity",
            "com.twitter.android.commerce.view.OrderHistoryDetailsActivity",
            "com.twitter.android.commerce.view.ProductSummaryActivity",
            "com.twitter.android.commerce.view.ProfileEntryActivity",
            "com.twitter.android.commerce.view.ProfileEntryBillingActivity",
            "com.twitter.android.commerce.view.ProfileSummaryActivity",
            "com.twitter.android.composer.ComposerActivity",
            "com.twitter.android.dialog.FollowingExceededDialogFragmentActivity",
            "com.twitter.android.dialog.LoggedOutSettingDialogFragmentActivity",
            "com.twitter.android.dialog.NotifyRetweetDialogFragmentActivity",
            "com.twitter.android.dialog.PhoneVerificationDialogFragmentActivity",
            "com.twitter.android.dialog.RateLimitDialogFragmentActivity",
            "com.twitter.android.dialog.UpdatePhoneDialogActivity",
            "com.twitter.android.dogfood.BugReporterActivity",
            "com.twitter.android.geo.places.PlaceLandingActivity",
            "com.twitter.android.highlights.HighlightsStoriesActivity",
            "com.twitter.android.livevideo.landing.LiveVideoLandingActivity",
            "com.twitter.android.livevideo.player.LiveVideoPlayerActivity",
            "com.twitter.android.media.camera.CameraActivity",
            "com.twitter.android.media.foundmedia.GifCategoriesActivity",
            "com.twitter.android.media.foundmedia.GifGalleryActivity",
            "com.twitter.android.media.foundmedia.GifPreviewActivity",
            "com.twitter.android.media.imageeditor.EditImageActivity",
            "com.twitter.android.media.imageeditor.ProfilePhotoEditImageActivity",
            "com.twitter.android.media.stickers.timeline.StickerTimelineActivity",
            "com.twitter.android.moments.ui.fullscreen.MomentsFullScreenPagerActivity",
            "com.twitter.android.moments.ui.guide.ModernGuideActivity",
            "com.twitter.android.moments.ui.maker.MomentMakerAddTweetsActivity",
            "com.twitter.android.moments.ui.maker.MomentMakerMainActivity",
            "com.twitter.android.moments.ui.maker.MomentMakerSearchActivity",
            "com.twitter.android.moments.ui.maker.MomentSettingsActivity",
            "com.twitter.android.moments.ui.pvs.PacedVerticalCapsuleActivity",
            "com.twitter.android.news.NewsActivity",
            "com.twitter.android.news.NewsDetailActivity",
            "com.twitter.android.notificationtimeline.GenericActivityWebViewActivity",
            "com.twitter.android.notificationtimeline.detail.ActivityDetailActivity",
            "com.twitter.android.people.PeopleDiscoveryActivity",
            "com.twitter.android.periscope.PeriscopePlayerActivity",
            "com.twitter.android.periscope.broadcaster.PeriscopeBroadcasterActivity",
            "com.twitter.android.periscope.broadcaster.PeriscopePermissionHelperActivity",
            "com.twitter.android.profilecompletionmodule.ProfileCompletionFlowActivity",
            "com.twitter.android.qrcodes.QRCodeActivity",
            "com.twitter.android.revenue.CampaignTimelineActivity",
            "com.twitter.android.runtimepermissions.PermissionRequestActivity",
            "com.twitter.android.safety.NotificationFiltersPreferenceActivity",
            "com.twitter.android.search.AdvancedSearchFiltersActivity",
            "com.twitter.android.search.SearchActivity",
            "com.twitter.android.search.SearchFieldActivity",
            "com.twitter.android.search.SearchSettingsActivity",
            "com.twitter.android.settings.AboutActivity",
            "com.twitter.android.settings.AccessibilityActivity",
            "com.twitter.android.settings.AccountActivity",
            "com.twitter.android.settings.ContactsSyncSettingsActivity",
            "com.twitter.android.settings.DataSettingsActivity",
            "com.twitter.android.settings.DisplayAndSoundActivity",
            "com.twitter.android.settings.LocationAndProxyActivity",
            "com.twitter.android.settings.MobileNotificationsActivity",
            "com.twitter.android.settings.MobileNotificationsActivity2",
            "com.twitter.android.settings.NotificationSettingsActivity",
            "com.twitter.android.settings.OrdersAndPaymentsActivity",
            "com.twitter.android.settings.PrivacyAndSafetyActivity",
            "com.twitter.android.settings.ProxySettingsActivity",
            "com.twitter.android.settings.SettingsActivity",
            "com.twitter.android.settings.TimelineSettingsActivity",
            "com.twitter.android.settings.TweetSettingsActivity",
            "com.twitter.android.settings.account.AccountNotificationsActivity",
            "com.twitter.android.smartfollow.SmartFollowFlowActivity",
            "com.twitter.android.smartfollow.interestsearch.InterestSearchActivity",
            "com.twitter.android.trends.TrendsLocationsActivity",
            "com.twitter.android.trends.TrendsPlusActivity",
            "com.twitter.app.authorizeapp.AppAuthorizationActivity",
            "com.twitter.app.dm.DMActivity",
            "com.twitter.app.dm.DMAddParticipantsActivity",
            "com.twitter.app.dm.DMSharedLocationActivity",
            "com.twitter.app.dm.RootDMActivity",
            "com.twitter.app.dm.ShareViaDMActivity",
            "com.twitter.app.dm.cards.dmfeedbackcard.FeedbackEnterCommentActivity",
            "com.twitter.app.dm.location.DMLocationPickerActivity",
            "com.twitter.app.drafts.DraftsActivity",
            "com.twitter.app.lists.ListCreateEditActivity",
            "com.twitter.app.lists.ListTabActivity",
            "com.twitter.app.lists.ListsActivity",
            "com.twitter.app.main.MainActivity",
            "com.twitter.app.onboarding.contacts.AddressbookContactsStepActivity",
            "com.twitter.app.onboarding.flowstep.common.FlowStepWrapperActivity",
            "com.twitter.app.onboarding.inline.DebugInlineSubtaskActivity",
            "com.twitter.app.onboarding.loading.OcfStartFlowActivity",
            "com.twitter.app.onboarding.permissionstep.LiveSyncPermissionStepActivity",
            "com.twitter.app.onboarding.signup.SignUpStepActivity",
            "com.twitter.app.onboarding.signup.SignUpStepFormActivity",
            "com.twitter.app.onboarding.smartfollowstep.SingleStepSmartFollowFlowActivity",
            "com.twitter.app.safety.NotificationFiltersSettingsActivity",
            "com.twitter.app.safety.mutedkeywords.composer.MutedKeywordComposerActivity",
            "com.twitter.app.safety.mutedkeywords.list.MutedKeywordsListActivity",
            "com.twitter.app.users.AddressbookContactsActivity",
            "com.twitter.app.users.URTUsersActivity",
            "com.twitter.app.users.UsersActivity",
            "com.twitter.onboarding.ocf.common.OcfModalPlaceholderActivity",
            "tv.periscope.android.library.PeriscopeInterstitialActivity",
            "tv.periscope.android.ui.broadcast.KickSelfActivity"
        ],
        "services": [
            "com.evernote.android.job.gcm.PlatformGcmService",
            "com.evernote.android.job.v14.PlatformAlarmService",
            "com.evernote.android.job.v21.PlatformJobService",
            "com.google.android.gms.auth.api.signin.RevocationBoundService",
            "com.twitter.android.ContactsUploadService",
            "com.twitter.android.DeviceRegistrationService",
            "com.twitter.android.client.NotificationService",
            "com.twitter.android.client.TweetUploadService",
            "com.twitter.android.platform.TwitterAuthenticationService",
            "com.twitter.app.dm.DMDirectShareChooser",
            "com.twitter.app.dm.DMNotifMuteIntentService",
            "com.twitter.app.dm.DMNotifReplyIntentService",
            "com.twitter.badge.LauncherIconBadgeUpdaterService",
            "com.twitter.library.platform.PushService",
            "com.twitter.library.platform.TwitterDataSyncService",
            "com.twitter.library.resilient.PersistentJobsStickyService",
            "com.twitter.library.scribe.ScribeService",
            "com.twitter.media.service.core.MediaService"
        ],
        "receivers": [
            "com.evernote.android.job.JobBootReceiver",
            "com.evernote.android.job.v14.PlatformAlarmReceiver",
            "com.twitter.android.client.AppBroadcastReceiver",
            "com.twitter.android.client.SmsReceiver",
            "com.twitter.android.client.chrome.ChromeCustomTabsActionReceiver",
            "com.twitter.android.platform.AppUpdateReceiver",
            "com.twitter.android.platform.InstallReferralReceiver",
            "com.twitter.android.platform.OemIntentReceiver",
            "com.twitter.library.client.AccountsChangedReceiver",
            "com.twitter.library.platform.PushReceiver"
        ]
    },
    "stats": {
        "dex_count": 3,
        "native_lib_count": 11
    },
    "jadx": {
        "status": "ok",
        "duration_sec": 45.32,
        "sources_present": true,
        "java_file_count": 13061
    },
    "ast_analysis": {
        "location": 2,
        "microphone": 2,
        "camera": 34,
        "media_projection": 0,
        "dynamic_load": 0,
        "jni": 4
    },
    "analysis_state": "complete"
}