{
    "apk_name": "70555836D8D2DF2A71ECB9BDA24B029933AD5F09B9F2F07394B66DF235059B19",
    "sha256": "70555836d8d2df2a71ecb9bda24b029933ad5f09b9f2f07394b66df235059b19",
    "metadata": {
        "package_name": "de.ingdiba.bankingapp",
        "version_code": "668",
        "version_name": "5.21.0",
        "min_sdk": "24",
        "target_sdk": "33",
        "permissions": [
            "android.permission.ACCESS_COARSE_LOCATION",
            "android.permission.ACCESS_FINE_LOCATION",
            "android.permission.ACCESS_NETWORK_STATE",
            "android.permission.CAMERA",
            "android.permission.INTERNET",
            "android.permission.MODIFY_AUDIO_SETTINGS",
            "android.permission.POST_NOTIFICATIONS",
            "android.permission.READ_CONTACTS",
            "android.permission.READ_EXTERNAL_STORAGE",
            "android.permission.READ_MEDIA_IMAGES",
            "android.permission.RECORD_AUDIO",
            "android.permission.USE_BIOMETRIC",
            "android.permission.USE_FINGERPRINT",
            "android.permission.VIBRATE",
            "android.permission.WAKE_LOCK",
            "android.permission.WRITE_EXTERNAL_STORAGE",
            "com.google.android.c2dm.permission.RECEIVE"
        ],
        "activities": [
            "com.ing.mobile.diba.accountoverviewsettings.ui.AccountOverviewSettingsActivity",
            "com.ing.mobile.diba.agreementdetailsettings.ui.AgreementDetailSettingsActivity",
            "com.ing.mobile.diba.agreements.AgreementsActivity",
            "com.ing.mobile.diba.agreements.insights.detailpage.InsightDetailPageActivity",
            "com.ing.mobile.diba.atmfinder.ATMFinderActivity",
            "com.ing.mobile.diba.bdbfailover.activity.BdbFailoverActivity",
            "com.ing.mobile.diba.canceltransaction.CancelTransactionActivity",
            "com.ing.mobile.diba.cardlost.CardLostActivity",
            "com.ing.mobile.diba.cards.CardsActivity",
            "com.ing.mobile.diba.cashbackservice.CashbackServiceActivity",
            "com.ing.mobile.diba.chatbot.ChatbotActivity",
            "com.ing.mobile.diba.consent.DiBaConsentFlowActivity",
            "com.ing.mobile.diba.consentmanagement.ConsentManagementActivity",
            "com.ing.mobile.diba.customercockpit.CustomerCockpitActivity",
            "com.ing.mobile.diba.deeplinking.DeepLinkActivity",
            "com.ing.mobile.diba.depot.DepotOpeningFlowActivity",
            "com.ing.mobile.diba.digitalonboarding.DigitalOnboardingGiroOpeningActivity",
            "com.ing.mobile.diba.digitalonboarding.DigitalOnboardingLegitimationActivity",
            "com.ing.mobile.diba.digitalonboarding.giroaccount.DigitalOnboardingGiroAccountInformationActivity",
            "com.ing.mobile.diba.digitalonboarding.mobilepin.DigitalOnboardingChooseMobilePinActivity",
            "com.ing.mobile.diba.digitalonboarding.mobilepin.DigitalOnboardingMobilePinInformationActivity",
            "com.ing.mobile.diba.digitalonboarding.mobilepin.DigitalOnboardingWrongMobilePinActivity",
            "com.ing.mobile.diba.enrollment.SmartSecureActivity",
            "com.ing.mobile.diba.enrollment.biometrics.EnrollmentBiometricsActivity",
            "com.ing.mobile.diba.enrollment.credentials.ChooseInternetBankingCredentialsActivity",
            "com.ing.mobile.diba.enrollment.fallback.otp.EnrollmentOtpLetterFallbackActivity",
            "com.ing.mobile.diba.enrollment.finished.EnrollmentFinishedActivity",
            "com.ing.mobile.diba.enrollment.identification.EnrollmentIdentificationActivity",
            "com.ing.mobile.diba.enrollment.mobilepin.EnrollmentChooseMobilePinActivity",
            "com.ing.mobile.diba.enrollment.otp.migration.OtpMigrationActivity",
            "com.ing.mobile.diba.enrollment.permission.EnrollmentRequestPermissionActivity",
            "com.ing.mobile.diba.enrollment.preferredactivation.EnrollmentPreferredActivationActivity",
            "com.ing.mobile.diba.enrollment.tour.EnrollmentTourActivity",
            "com.ing.mobile.diba.feedback.FeedbackActivity",
            "com.ing.mobile.diba.forecasting.ForecastingActivity",
            "com.ing.mobile.diba.giropay.main.GiropayActivity",
            "com.ing.mobile.diba.giropay.moneytransfer.GiropayMoneyTransferActivity",
            "com.ing.mobile.diba.giropay.preferences.GiropayPreferencesActivity",
            "com.ing.mobile.diba.googlepay.AppToAppActivity",
            "com.ing.mobile.diba.housekeeping.view.DeviceHousekeepingActivity",
            "com.ing.mobile.diba.housekeeping.view.DevicesLimitReachedActivity",
            "com.ing.mobile.diba.ibbrintegration.unlock.view.LoginUnlockActivity",
            "com.ing.mobile.diba.ibbrintegration.unlock.view.UnlockActivity",
            "com.ing.mobile.diba.ibbrintegration.unlock.view.UnlockAuthorizationActivity",
            "com.ing.mobile.diba.ibbrintegration.updateinternetbankingpin.UpdateIdentityActivity",
            "com.ing.mobile.diba.ibbrintegration.updateinternetbankingpin.confirmation.UpdateIdentityConfirmationActivity",
            "com.ing.mobile.diba.impacting.ImpactingActivity",
            "com.ing.mobile.diba.inappauthorization.InAppAuthorizationActivity",
            "com.ing.mobile.diba.investmentdashboard.InvestmentDashboardActivity",
            "com.ing.mobile.diba.investmentinstrument.InstrumentDetailsActivity",
            "com.ing.mobile.diba.investmentorder.InvestmentOrderActivity",
            "com.ing.mobile.diba.investmentsavingplan.InvestmentSavingPlanActivity",
            "com.ing.mobile.diba.investmentsearch.InstrumentSearchActivity",
            "com.ing.mobile.diba.kyc.customersanctioned.CustomerSanctionedActivity",
            "com.ing.mobile.diba.kyc.customerstatus.CustomerStatusCheckActivity",
            "com.ing.mobile.diba.login.LoginActivity",
            "com.ing.mobile.diba.markets.MarketsActivity",
            "com.ing.mobile.diba.moneytransfer.MoneyTransferPhotoTransactionActivity",
            "com.ing.mobile.diba.moneytransfer.SimplifiedMoneyTransferActivity",
            "com.ing.mobile.diba.moneytransfer.deeplink.MoneyTransferDeepLinkActivity",
            "com.ing.mobile.diba.moneytransferwizard.MoneyTransferWizardActivity",
            "com.ing.mobile.diba.multiaccounting.ui.activation.AdditionalAccessPreferredActivationActivity",
            "com.ing.mobile.diba.multiaccounting.ui.authorization.AdditionalAccessAuthorizationActivity",
            "com.ing.mobile.diba.multiaccounting.ui.deletion.CurrentAccessDeletionActivity",
            "com.ing.mobile.diba.multiaccounting.ui.fallback.otp.AdditionalAccessOtpLetterFallbackActivity",
            "com.ing.mobile.diba.multiaccounting.ui.finished.AdditionalAccessFinishedActivity",
            "com.ing.mobile.diba.multiaccounting.ui.identification.AdditionalAccessIdentificationActivity",
            "com.ing.mobile.diba.multiaccounting.ui.identification.AdditionalAccessIdentificationSuccessActivity",
            "com.ing.mobile.diba.multiaccounting.ui.information.AdditionalAccessInformationActivity",
            "com.ing.mobile.diba.multiaccounting.ui.selection.CurrentAccessSelectionActivity",
            "com.ing.mobile.diba.ordermanager.OrderManagerActivity",
            "com.ing.mobile.diba.paymentinitiationservice.PaymentInitiationServiceActivity",
            "com.ing.mobile.diba.paymenttemplates.PaymentTemplatesActivity",
            "com.ing.mobile.diba.permission.RequestReadPhoneStatePermissionActivity",
            "com.ing.mobile.diba.pinchange.ChangePinActivity",
            "com.ing.mobile.diba.plannedtransactions.PlannedTransactionsActivity",
            "com.ing.mobile.diba.portfolio.PortfolioActivity",
            "com.ing.mobile.diba.postbox.PostboxActivity",
            "com.ing.mobile.diba.preferences.PreferenceActivity",
            "com.ing.mobile.diba.preferences.fingerprint.FingerprintMobilePinActivity",
            "com.ing.mobile.diba.preferences.fingerprint.FingerprintPreferenceActivity",
            "com.ing.mobile.diba.preferences.logout.LogoutPreferenceActivity",
            "com.ing.mobile.diba.preferences.privacymode.PrivacyModePreferenceActivity",
            "com.ing.mobile.diba.preferences.push.PushPreferenceActivity",
            "com.ing.mobile.diba.preferences.roundup.RoundUpActivity",
            "com.ing.mobile.diba.preferences.standardaccess.StandardAccessPreferenceActivity",
            "com.ing.mobile.diba.preferences.totalbalance.TotalBalancePreferenceActivity",
            "com.ing.mobile.diba.productshop.ProductShopActivity",
            "com.ing.mobile.diba.productshop.ProductShopDetailPageActivity",
            "com.ing.mobile.diba.push.PushActivationActivity",
            "com.ing.mobile.diba.push.alerting.NotificationSettingServicePushConditionsActivity",
            "com.ing.mobile.diba.push.alerting.NotificationSettingsActivity",
            "com.ing.mobile.diba.push.alerting.NotificationSettingsDetailActivity",
            "com.ing.mobile.diba.qrlogin.activity.QRLoginActivity",
            "com.ing.mobile.diba.reset.confirmation.ResetConfirmationActivity",
            "com.ing.mobile.diba.screenoverlay.ScreenOverlayDetectionActivity",
            "com.ing.mobile.diba.settings.SettingsActivity",
            "com.ing.mobile.diba.settings.access.SettingsManageAccessActivity",
            "com.ing.mobile.diba.smartcash.SmartCashActivity",
            "com.ing.mobile.diba.smartsecure.androidtenmigration.SmartSecureAndroidTenMigrationActivity",
            "com.ing.mobile.diba.startup.SplashActivity",
            "com.ing.mobile.diba.terms.TermsActivity",
            "com.ing.mobile.diba.terms.approval.TermsApprovalActivity",
            "com.ing.mobile.diba.thirdpartygranting.ThirdPartyGrantingActivity",
            "com.ing.mobile.diba.tpa.consent.TpaConsentFlowActivity",
            "com.ing.mobile.diba.transactions.TransactionsActivity",
            "com.ing.mobile.diba.watchlist.WatchlistActivity",
            "com.ing.mobile.diba.welcome.WelcomeActivity",
            "com.ing.mobile.diba.whatsnew.WhatsNewActivity",
            "o.awi",
            "o.awo",
            "o.bya",
            "o.dyy",
            "o.eau",
            "o.feq",
            "o.fst",
            "o.fxc",
            "o.glz",
            "o.gmi",
            "o.hnw",
            "o.iei",
            "o.iik",
            "o.ise",
            "o.isg",
            "o.pdy",
            "o.rno",
            "o.roc",
            "o.rph",
            "o.rqt",
            "o.rrf",
            "o.rrj",
            "o.rrl",
            "o.rro",
            "o.rrr",
            "o.rtb",
            "o.rvp",
            "o.rvw",
            "o.rwi",
            "o.rwu"
        ],
        "services": [
            "androidx.camera.core.impl.MetadataHolderService",
            "com.google.android.datatransport.runtime.backends.TransportBackendDiscovery",
            "com.google.android.datatransport.runtime.scheduling.jobscheduling.JobInfoSchedulerService",
            "com.google.android.play.core.assetpacks.AssetPackExtractionService",
            "com.google.android.play.core.assetpacks.ExtractionForegroundService",
            "com.ing.mobile.diba.push.firebase.FirebaseMessagingServiceImpl",
            "o.eow",
            "o.esu",
            "o.ewr"
        ],
        "receivers": [
            "com.google.firebase.iid.FirebaseInstanceIdReceiver",
            "o.bue"
        ]
    },
    "stats": {
        "dex_count": 3,
        "native_lib_count": 8
    },
    "jadx": {
        "status": "ok",
        "duration_sec": 72.67,
        "sources_present": true,
        "java_file_count": 18870
    },
    "ast_analysis": {
        "location": 0,
        "microphone": 2,
        "camera": 22,
        "media_projection": 4,
        "dynamic_load": 0,
        "jni": 3
    },
    "analysis_state": "complete"
}