{
    "apk_name": "34044AACF56879B1522B9DC5C5B9079E98A65469AD98F39EBE3C7BDD3328E7BA",
    "sha256": "34044aacf56879b1522b9dc5c5b9079e98a65469ad98f39ebe3c7bdd3328e7ba",
    "metadata": {
        "package_name": "com.xiaobanlong.main",
        "version_code": "407",
        "version_name": "9.6.9",
        "min_sdk": "19",
        "target_sdk": "26",
        "permissions": [
            "android.permission.ACCESS_BACKGROUND_LOCATION",
            "android.permission.ACCESS_COARSE_LOCATION",
            "android.permission.ACCESS_FINE_LOCATION",
            "android.permission.ACCESS_LOCATION_EXTRA_COMMANDS",
            "android.permission.ACCESS_NETWORK_STATE",
            "android.permission.ACCESS_WIFI_STATE",
            "android.permission.BLUETOOTH",
            "android.permission.CAMERA",
            "android.permission.CHANGE_NETWORK_STATE",
            "android.permission.CHANGE_WIFI_STATE",
            "android.permission.DISABLE_KEYGUARD",
            "android.permission.FOREGROUND_SERVICE",
            "android.permission.GET_ACCOUNTS",
            "android.permission.GET_TASKS",
            "android.permission.INTERNET",
            "android.permission.KILL_BACKGROUND_PROCESSES",
            "android.permission.MODIFY_AUDIO_SETTINGS",
            "android.permission.MOUNT_UNMOUNT_FILESYSTEMS",
            "android.permission.QUERY_ALL_PACKAGES",
            "android.permission.READ_EXTERNAL_STORAGE",
            "android.permission.READ_LOGS",
            "android.permission.READ_PHONE_STATE",
            "android.permission.RECEIVE_BOOT_COMPLETED",
            "android.permission.RECEIVE_USER_PRESENT",
            "android.permission.RECORD_AUDIO",
            "android.permission.REORDER_TASKS",
            "android.permission.REQUEST_INSTALL_PACKAGES",
            "android.permission.SYSTEM_ALERT_WINDOW",
            "android.permission.USE_CREDENTIALS",
            "android.permission.VIBRATE",
            "android.permission.WAKE_LOCK",
            "android.permission.WRITE_EXTERNAL_STORAGE",
            "android.permission.WRITE_SETTINGS",
            "com.asus.msa.SupplementaryDID.ACCESS",
            "com.coloros.mcs.permission.RECIEVE_MCS_MESSAGE",
            "com.google.android.finsky.permission.BIND_GET_INSTALL_REFERRER_SERVICE",
            "com.heytap.mcs.permission.RECIEVE_MCS_MESSAGE",
            "com.huawei.android.launcher.permission.CHANGE_BADGE",
            "com.huawei.appmarket.service.commondata.permission.GET_COMMON_DATA",
            "com.meizu.c2dm.permission.RECEIVE",
            "com.meizu.flyme.permission.PUSH",
            "com.miui.systemAdSolution.adSwitch.PROVIDER",
            "com.vivo.notification.permission.BADGE_ICON",
            "com.xiaobanlong.main.openadsdk.permission.TT_PANGOLIN",
            "com.xiaobanlong.main.permission.C2D_MESSAGE",
            "com.xiaobanlong.main.permission.JPUSH_MESSAGE",
            "com.xiaobanlong.main.permission.MIPUSH_RECEIVE",
            "com.xiaobanlong.main.permission.PROCESS_PUSH_MSG",
            "com.xiaobanlong.main.permission.PUSH_PROVIDER",
            "com.xiaomi.permission.AUTH_SERVICE",
            "com.xiaomi.permission.WAKE_LOCK",
            "com.xiaomi.sdk.permission.APP",
            "getui.permission.GetuiService.com.xiaobanlong.main"
        ],
        "activities": [
            "cn.jpush.android.service.DActivity",
            "cn.jpush.android.service.JNotifyActivity",
            "cn.jpush.android.ui.PopWinActivity",
            "cn.jpush.android.ui.PushActivity",
            "com.alipay.sdk.app.APayEntranceActivity",
            "com.alipay.sdk.app.AlipayResultActivity",
            "com.alipay.sdk.app.H5AuthActivity",
            "com.alipay.sdk.app.H5OpenAuthActivity",
            "com.alipay.sdk.app.H5PayActivity",
            "com.alipay.sdk.app.PayResultActivity",
            "com.baidu.mobads.AppActivity",
            "com.baidu.mobads.production.rewardvideo.MobRewardVideoActivity",
            "com.bytedance.sdk.openadsdk.adapter.activity.TTStandardActivity",
            "com.bytedance.sdk.openadsdk.adapter.activity.TTStandardDelegateActivity",
            "com.bytedance.sdk.openadsdk.adapter.activity.TTStandardLandscapeActivity",
            "com.bytedance.sdk.openadsdk.adapter.activity.TTStandardOrientationActivity",
            "com.bytedance.sdk.openadsdk.adapter.activity.TTStandardPortraitActivity",
            "com.getui.gs.ias.activity.PageActivity",
            "com.getui.gs.ias.floatwindow.FloatActivity",
            "com.huawei.hms.account.internal.ui.activity.AccountSignInHubActivity",
            "com.huawei.hms.activity.BridgeActivity",
            "com.huawei.hms.activity.EnableServiceActivity",
            "com.huawei.hms.hwid.internal.ui.activity.HwIdSignInHubActivity",
            "com.huawei.updatesdk.service.otaupdate.AppUpdateActivity",
            "com.huawei.updatesdk.support.pm.PackageInstallerActivity",
            "com.igexin.sdk.GActivity",
            "com.igexin.sdk.GetuiActivity",
            "com.igexin.sdk.PushActivity",
            "com.kwad.sdk.api.proxy.app.AdWebViewActivity",
            "com.kwad.sdk.api.proxy.app.BaseFragmentActivity$DeveloperConfigActivity",
            "com.kwad.sdk.api.proxy.app.BaseFragmentActivity$EpisodeDetailActivity",
            "com.kwad.sdk.api.proxy.app.BaseFragmentActivity$FragmentActivity1",
            "com.kwad.sdk.api.proxy.app.BaseFragmentActivity$FragmentActivity10",
            "com.kwad.sdk.api.proxy.app.BaseFragmentActivity$FragmentActivity2",
            "com.kwad.sdk.api.proxy.app.BaseFragmentActivity$FragmentActivity3",
            "com.kwad.sdk.api.proxy.app.BaseFragmentActivity$FragmentActivity4",
            "com.kwad.sdk.api.proxy.app.BaseFragmentActivity$FragmentActivity5",
            "com.kwad.sdk.api.proxy.app.BaseFragmentActivity$FragmentActivity6",
            "com.kwad.sdk.api.proxy.app.BaseFragmentActivity$FragmentActivity7",
            "com.kwad.sdk.api.proxy.app.BaseFragmentActivity$FragmentActivity8",
            "com.kwad.sdk.api.proxy.app.BaseFragmentActivity$FragmentActivity9",
            "com.kwad.sdk.api.proxy.app.BaseFragmentActivity$FragmentActivitySingleInstance1",
            "com.kwad.sdk.api.proxy.app.BaseFragmentActivity$FragmentActivitySingleInstance2",
            "com.kwad.sdk.api.proxy.app.BaseFragmentActivity$FragmentActivitySingleTop1",
            "com.kwad.sdk.api.proxy.app.BaseFragmentActivity$FragmentActivitySingleTop2",
            "com.kwad.sdk.api.proxy.app.BaseFragmentActivity$GoodsPlayBackActivity",
            "com.kwad.sdk.api.proxy.app.BaseFragmentActivity$KsTrendsActivity",
            "com.kwad.sdk.api.proxy.app.BaseFragmentActivity$LandscapeFragmentActivity",
            "com.kwad.sdk.api.proxy.app.BaseFragmentActivity$LandscapeFragmentActivitySingleInstance1",
            "com.kwad.sdk.api.proxy.app.BaseFragmentActivity$LandscapeFragmentActivitySingleInstance2",
            "com.kwad.sdk.api.proxy.app.BaseFragmentActivity$LandscapeFragmentActivitySingleTask1",
            "com.kwad.sdk.api.proxy.app.BaseFragmentActivity$LandscapeFragmentActivitySingleTask2",
            "com.kwad.sdk.api.proxy.app.BaseFragmentActivity$LandscapeFragmentActivitySingleTop1",
            "com.kwad.sdk.api.proxy.app.BaseFragmentActivity$LandscapeFragmentActivitySingleTop2",
            "com.kwad.sdk.api.proxy.app.BaseFragmentActivity$ProfileHomeActivity",
            "com.kwad.sdk.api.proxy.app.BaseFragmentActivity$ProfileVideoDetailActivity",
            "com.kwad.sdk.api.proxy.app.BaseFragmentActivity$RequestInstallPermissionActivity",
            "com.kwad.sdk.api.proxy.app.BaseFragmentActivity$TubeDetailActivity",
            "com.kwad.sdk.api.proxy.app.BaseFragmentActivity$TubeProfileActivity",
            "com.kwad.sdk.api.proxy.app.FeedDownloadActivity",
            "com.kwad.sdk.api.proxy.app.KSRewardLandScapeVideoActivity",
            "com.kwad.sdk.api.proxy.app.KsFullScreenLandScapeVideoActivity",
            "com.kwad.sdk.api.proxy.app.KsFullScreenVideoActivity",
            "com.kwad.sdk.api.proxy.app.KsRewardVideoActivity",
            "com.nearme.game.sdk.component.proxy.ExitActivity",
            "com.nearme.game.sdk.component.proxy.JumpToProxyActivity",
            "com.nearme.game.sdk.component.proxy.ProxyActivity",
            "com.oppo.mobad.activity.AdActivity",
            "com.oppo.mobad.activity.VideoActivity",
            "com.qq.e.ads.ADActivity",
            "com.qq.e.ads.DialogActivity",
            "com.qq.e.ads.LandscapeADActivity",
            "com.qq.e.ads.PortraitADActivity",
            "com.qq.e.ads.RewardvideoLandscapeADActivity",
            "com.qq.e.ads.RewardvideoPortraitADActivity",
            "com.ss.android.downloadlib.activity.JumpKllkActivity",
            "com.ss.android.downloadlib.activity.TTDelegateActivity",
            "com.ss.android.downloadlib.addownload.compliance.AppDetailInfoActivity",
            "com.ss.android.downloadlib.addownload.compliance.AppPrivacyPolicyActivity",
            "com.ss.android.socialbase.appdownloader.view.DownloadTaskDeleteActivity",
            "com.ss.android.socialbase.appdownloader.view.JumpUnknownSourceActivity",
            "com.umeng.message.notify.UPushMessageNotifyActivity",
            "com.umeng.union.UMBoardActivity",
            "com.umeng.union.UMWebViewActivity",
            "com.vivo.push.sdk.LinkProxyClientActivity",
            "com.xiaobanlong.main.SplashActivity",
            "com.xiaobanlong.main.Xiaobanlong",
            "com.xiaobanlong.main.activity.AdBaiDuActivity",
            "com.xiaobanlong.main.activity.AdBayesActivity",
            "com.xiaobanlong.main.activity.AdDJTActivity",
            "com.xiaobanlong.main.activity.AdGdtActivity",
            "com.xiaobanlong.main.activity.AdKsActivity",
            "com.xiaobanlong.main.activity.AdOppoActivity",
            "com.xiaobanlong.main.activity.AdScreenActivity",
            "com.xiaobanlong.main.activity.AdToutiaoActivity",
            "com.xiaobanlong.main.activity.AdUmengActivity",
            "com.xiaobanlong.main.activity.AdvancedActivity",
            "com.xiaobanlong.main.activity.CaptureActivity",
            "com.xiaobanlong.main.activity.ChangeHeadActivity",
            "com.xiaobanlong.main.activity.Clipimage",
            "com.xiaobanlong.main.activity.CustomScanActivity",
            "com.xiaobanlong.main.activity.DrawNativeExpressVideoActivity",
            "com.xiaobanlong.main.activity.EmptyActivity",
            "com.xiaobanlong.main.activity.FunctionIntroductionActivity",
            "com.xiaobanlong.main.activity.HailuowuWebActivity",
            "com.xiaobanlong.main.activity.HappyGrassScanActivity",
            "com.xiaobanlong.main.activity.HelpActivity",
            "com.xiaobanlong.main.activity.LightingActivity",
            "com.xiaobanlong.main.activity.Login",
            "com.xiaobanlong.main.activity.MyAccountActivity",
            "com.xiaobanlong.main.activity.MyBabyActivity",
            "com.xiaobanlong.main.activity.MySetupActivity",
            "com.xiaobanlong.main.activity.NewerGuideActivity",
            "com.xiaobanlong.main.activity.NickNameActivity",
            "com.xiaobanlong.main.activity.ObtainNicksActivity",
            "com.xiaobanlong.main.activity.PayResultActivity",
            "com.xiaobanlong.main.activity.PhotoCompressActivity",
            "com.xiaobanlong.main.activity.PrivacyActivity",
            "com.xiaobanlong.main.activity.RecordPermissionActivity",
            "com.xiaobanlong.main.activity.SetHeadActivity",
            "com.xiaobanlong.main.activity.SettingActivity",
            "com.xiaobanlong.main.activity.ShowENdrTrySuccAdActivity",
            "com.xiaobanlong.main.activity.SleepSettingsActivity",
            "com.xiaobanlong.main.activity.SynchroDataActivity",
            "com.xiaobanlong.main.activity.TestSplashScreenViewActivity",
            "com.xiaobanlong.main.activity.UMSplashAdDemo",
            "com.xiaobanlong.main.activity.UnzipFromPcActivity",
            "com.xiaobanlong.main.activity.VerificationshoujiActivity",
            "com.xiaobanlong.main.activity.VideoCompressActivity",
            "com.xiaobanlong.main.activity.WebViewActivity",
            "com.xiaobanlong.main.activity.WxscanBindActivity",
            "com.xiaobanlong.main.activity.XblNewAdActivity",
            "com.xiaobanlong.main.activity.XuetangWebActivity",
            "com.xiaobanlong.main.activity.login.AccountCenterActivity",
            "com.xiaobanlong.main.activity.login.LoginActivity",
            "com.xiaobanlong.main.activity.login.LogoutActivity",
            "com.xiaobanlong.main.activity.login.LogoutFinishActivity",
            "com.xiaobanlong.main.activity.login.PhoneLoginActivity",
            "com.xiaobanlong.main.activity.login.SetPasswordActivity",
            "com.xiaobanlong.main.activity.login.VerificationCodeActivity",
            "com.xiaobanlong.main.activity.login.WeChatScanLoginActivity",
            "com.xiaobanlong.main.adtest.FeedAdActivity",
            "com.xiaobanlong.main.adtest.FeedH5ListViewActivity",
            "com.xiaobanlong.main.adtest.FeedH5LunBoActivity",
            "com.xiaobanlong.main.jpush.KeepLiveActivity",
            "com.xiaobanlong.main.jpush.KeepLiveActivity2",
            "com.xiaobanlong.main.jpush.KeepLiveActivity3",
            "com.xiaobanlong.main.jpush.KeepLiveActivity4",
            "com.xiaobanlong.main.jpush.KeepLiveActivity5",
            "com.xiaobanlong.main.wxapi.WXEntryActivity",
            "com.xiaobanlong.main.wxapi.WXPayEntryActivity",
            "com.xiaomi.account.openauth.AuthorizeActivity",
            "com.xiaomi.accountsdk.diagnosis.ui.PassportDiagnosisActivity",
            "com.xiaomi.gamecenter.sdk.ui.MiActivity",
            "com.xiaomi.gamecenter.sdk.ui.PayListActivity",
            "com.xiaomi.gamecenter.sdk.ui.actlayout.CustomizedAuthorizedActivity",
            "com.xiaomi.hy.dj.HyDjActivity"
        ],
        "services": [
            "cn.jpush.android.service.DaemonService",
            "cn.jpush.android.service.PluginHuaweiPlatformsService",
            "cn.jpush.android.service.PluginOppoPushService",
            "cn.jpush.android.service.PushService",
            "com.bytedance.sdk.openadsdk.multipro.aidl.BinderPoolService",
            "com.getui.gtc.GtcService",
            "com.heytap.msp.push.service.CompatibleDataMessageCallbackService",
            "com.heytap.msp.push.service.DataMessageCallbackService",
            "com.huawei.agconnect.core.ServiceDiscovery",
            "com.huawei.hms.support.api.push.service.HmsMsgService",
            "com.igexin.sdk.GService",
            "com.igexin.sdk.PushService",
            "com.kwad.sdk.api.proxy.app.DownloadService",
            "com.kwad.sdk.api.proxy.app.FileDownloadService$SeparateProcessService",
            "com.kwad.sdk.api.proxy.app.FileDownloadService$SharedMainProcessService",
            "com.kwad.sdk.api.proxy.app.ServiceProxyRemote",
            "com.meizu.cloud.pushsdk.NotificationService",
            "com.nearme.game.sdk.component.proxy.ProxyApiService",
            "com.oppo.mobad.service.AdService",
            "com.qq.e.comm.DownloadService",
            "com.ss.android.socialbase.appdownloader.DownloadHandlerService",
            "com.ss.android.socialbase.appdownloader.RetryJobSchedulerService",
            "com.ss.android.socialbase.downloader.downloader.DownloadService",
            "com.ss.android.socialbase.downloader.downloader.IndependentProcessDownloadService",
            "com.ss.android.socialbase.downloader.downloader.SqlDownloadCacheService",
            "com.ss.android.socialbase.downloader.impls.DownloadHandleService",
            "com.ss.android.socialbase.downloader.notification.DownloadNotificationService",
            "com.taobao.accs.ChannelService",
            "com.taobao.accs.ChannelService$KernelService",
            "com.taobao.accs.data.MsgDistributeService",
            "com.taobao.accs.internal.AccsJobService",
            "com.umeng.message.UmengDownloadResourceService",
            "com.umeng.message.UmengIntentService",
            "com.umeng.message.UmengMessageCallbackHandlerService",
            "com.umeng.message.UmengMessageIntentReceiverService",
            "com.umeng.message.XiaomiIntentService",
            "com.vivo.push.sdk.service.CommandClientService",
            "com.xiaobanlong.main.RegisterTokenService",
            "com.xiaobanlong.main.consistent.YBIntentService",
            "com.xiaobanlong.main.consistent.YBPushService",
            "com.xiaobanlong.main.jpush.PushService",
            "com.xiaobanlong.main.manager.DownloadApkService",
            "com.xiaobanlong.main.manager.DownloadService",
            "com.xiaobanlong.main.music.MusicService",
            "com.xiaomi.mipush.sdk.MessageHandleService",
            "com.xiaomi.mipush.sdk.PushMessageHandler",
            "com.xiaomi.push.service.XMJobService",
            "com.xiaomi.push.service.XMPushService",
            "org.android.agoo.accs.AgooService"
        ],
        "receivers": [
            "cn.jpush.android.asus.AsusPushMessageReceiver",
            "cn.jpush.android.service.AlarmReceiver",
            "cn.jpush.android.service.PluginMeizuPlatformsReceiver",
            "cn.jpush.android.service.PluginVivoMessageReceiver",
            "cn.jpush.android.service.PluginXiaomiPlatformsReceiver",
            "cn.jpush.android.service.PushReceiver",
            "cn.jpush.android.service.SchedulerReceiver",
            "com.bytedance.embedapplog.collector.Collector",
            "com.huawei.hms.analytics.receiver.HiAnalyticsSvcEvtReceiver",
            "com.huawei.hms.support.api.push.PushMsgReceiver",
            "com.huawei.hms.support.api.push.PushReceiver",
            "com.igexin.sdk.PushReceiver",
            "com.meizu.cloud.pushsdk.MzPushSystemReceiver",
            "com.nearme.game.sdk.component.proxy.ProxyUserCenterOperateReceiver",
            "com.ss.android.downloadlib.core.download.DownloadReceiver",
            "com.taobao.accs.EventReceiver",
            "com.taobao.accs.ServiceReceiver",
            "com.taobao.agoo.AgooCommondReceiver",
            "com.umeng.message.UmengNotificationReceiver",
            "com.umeng.union.UMBoardReceiver",
            "com.xiaobanlong.main.consistent.NotifyClickReceiver",
            "com.xiaobanlong.main.jpush.MyWakedResultReceiver",
            "com.xiaobanlong.main.jpush.PushMessageReceiver",
            "com.xiaomi.push.service.receivers.NetworkStatusReceiver",
            "com.xiaomi.push.service.receivers.PingReceiver"
        ]
    },
    "stats": {
        "dex_count": 6,
        "native_lib_count": 35
    },
    "jadx": {
        "status": "ok",
        "duration_sec": 63.4,
        "sources_present": true,
        "java_file_count": 16287
    },
    "ast_analysis": {
        "location": 8,
        "microphone": 7,
        "camera": 97,
        "media_projection": 0,
        "dynamic_load": 0,
        "jni": 47
    },
    "analysis_state": "complete"
}