{
    "apk_name": "A5F355A557C680D34CB218B25A4F8CC7AE903405F89C3B99C7A6DFF36C9BC699",
    "sha256": "a5f355a557c680d34cb218b25a4f8cc7ae903405f89c3b99c7a6dff36c9bc699",
    "metadata": {
        "package_name": "com.duolingo",
        "version_code": "1812",
        "version_name": "5.139.5-china",
        "min_sdk": "28",
        "target_sdk": "33",
        "permissions": [
            "android.permission.ACCESS_ADSERVICES_AD_ID",
            "android.permission.ACCESS_ADSERVICES_ATTRIBUTION",
            "android.permission.ACCESS_ADSERVICES_TOPICS",
            "android.permission.ACCESS_NETWORK_STATE",
            "android.permission.ACCESS_WIFI_STATE",
            "android.permission.FOREGROUND_SERVICE",
            "android.permission.INTERNET",
            "android.permission.POST_NOTIFICATIONS",
            "android.permission.QUERY_ALL_PACKAGES",
            "android.permission.READ_APP_BADGE",
            "android.permission.READ_MEDIA_IMAGES",
            "android.permission.RECORD_AUDIO",
            "android.permission.SCHEDULE_EXACT_ALARM",
            "android.permission.VIBRATE",
            "android.permission.WAKE_LOCK",
            "com.anddoes.launcher.permission.UPDATE_COUNT",
            "com.android.vending.BILLING",
            "com.asus.msa.SupplementaryDID.ACCESS",
            "com.coloros.mcs.permission.RECIEVE_MCS_MESSAGE",
            "com.duolingo.DYNAMIC_RECEIVER_NOT_EXPORTED_PERMISSION",
            "com.duolingo.permission.MIPUSH_RECEIVE",
            "com.duolingo.permission.PROCESS_PUSH_MSG",
            "com.duolingo.permission.PUSH_PROVIDER",
            "com.google.android.c2dm.permission.RECEIVE",
            "com.google.android.finsky.permission.BIND_GET_INSTALL_REFERRER_SERVICE",
            "com.google.android.gms.permission.AD_ID",
            "com.heytap.mcs.permission.RECIEVE_MCS_MESSAGE",
            "com.htc.launcher.permission.READ_SETTINGS",
            "com.htc.launcher.permission.UPDATE_SHORTCUT",
            "com.huawei.android.launcher.permission.CHANGE_BADGE",
            "com.huawei.android.launcher.permission.READ_SETTINGS",
            "com.huawei.android.launcher.permission.WRITE_SETTINGS",
            "com.majeur.launcher.permission.UPDATE_BADGE",
            "com.oppo.launcher.permission.READ_SETTINGS",
            "com.oppo.launcher.permission.WRITE_SETTINGS",
            "com.sec.android.provider.badge.permission.READ",
            "com.sec.android.provider.badge.permission.WRITE",
            "com.sonyericsson.home.permission.BROADCAST_BADGE",
            "com.sonymobile.home.permission.PROVIDER_INSERT_BADGE",
            "com.vivo.notification.permission.BADGE_ICON",
            "freemme.permission.msa",
            "freemme.permission.msa.SECURITY_ACCESS",
            "getui.permission.GetuiService.com.duolingo",
            "me.everything.badger.permission.BADGE_COUNT_READ",
            "me.everything.badger.permission.BADGE_COUNT_WRITE"
        ],
        "activities": [
            "androidx.compose.ui.tooling.PreviewActivity",
            "com.alipay.sdk.app.APayEntranceActivity",
            "com.alipay.sdk.app.AlipayResultActivity",
            "com.alipay.sdk.app.H5AuthActivity",
            "com.alipay.sdk.app.H5OpenAuthActivity",
            "com.alipay.sdk.app.H5PayActivity",
            "com.alipay.sdk.app.PayResultActivity",
            "com.android.billingclient.api.ProxyBillingActivity",
            "com.duolingo.adventures.AdventuresEpisodeActivity",
            "com.duolingo.ai.roleplay.RoleplayActivity",
            "com.duolingo.alipay.AlipayReceiverActivity",
            "com.duolingo.alphabets.AlphabetsTipListActivity",
            "com.duolingo.arwau.ArWauLoginRewardsDebugActivity",
            "com.duolingo.core.android.activity.test.EmptyEntryPointTestActivity",
            "com.duolingo.core.offline.ui.MaintenanceActivity",
            "com.duolingo.debug.BackendTutorialActivity",
            "com.duolingo.debug.DebugActivity",
            "com.duolingo.debug.DebugMemoryLeakActivity",
            "com.duolingo.debug.DesignGuidelinesActivity",
            "com.duolingo.debug.DiskAnalysisActivity",
            "com.duolingo.debug.MessagesDebugActivity",
            "com.duolingo.debug.NewYearsPromoDebugActivity",
            "com.duolingo.debug.PicassoExampleActivity",
            "com.duolingo.debug.ResourceManagerExamplesActivity",
            "com.duolingo.debug.ResurrectionDebugActivity",
            "com.duolingo.debug.XpHappyHourDebugActivity",
            "com.duolingo.debug.YearInReviewDebugActivity",
            "com.duolingo.debug.animation.LottieTestingActivity",
            "com.duolingo.debug.animation.PreviewAnimationDebugActivity",
            "com.duolingo.debug.animation.RiveTestingActivity",
            "com.duolingo.debug.networking.NetworkTestingActivity",
            "com.duolingo.debug.sessionend.SessionEndDebugActivity",
            "com.duolingo.debug.ui.TypographyTokenGalleryActivity",
            "com.duolingo.duoradio.DuoRadioSessionActivity",
            "com.duolingo.duoradio.DuoRadioTranscriptActivity",
            "com.duolingo.explanations.AlphabetsTipActivity",
            "com.duolingo.explanations.GuidebookActivity",
            "com.duolingo.explanations.OnboardingDogfoodingActivity",
            "com.duolingo.explanations.ResurrectionOnboardingDogfoodingActivity",
            "com.duolingo.explanations.SkillTipActivity",
            "com.duolingo.feature.math.MathSandboxActivity",
            "com.duolingo.feature.music.MusicSandboxActivity",
            "com.duolingo.feedback.FeedbackFormActivity",
            "com.duolingo.goals.monthlychallenges.MonthlyChallengeIntroActivity",
            "com.duolingo.goals.monthlygoals.GoalsMonthlyGoalDetailsActivity",
            "com.duolingo.hearts.HeartsWithRewardedVideoActivity",
            "com.duolingo.home.path.PathChestRewardActivity",
            "com.duolingo.home.path.SectionOverviewActivity",
            "com.duolingo.home.sidequests.SidequestIntroActivity",
            "com.duolingo.leagues.LeagueRepairOfferWrapperActivity",
            "com.duolingo.leagues.LeaguesResultDebugActivity",
            "com.duolingo.legendary.LegendaryFailureActivity",
            "com.duolingo.legendary.LegendaryIntroActivity",
            "com.duolingo.notifications.NotificationTrampolineActivity",
            "com.duolingo.onboarding.PlacementFallbackActivity",
            "com.duolingo.onboarding.WelcomeFlowActivity",
            "com.duolingo.onboarding.resurrection.ResurrectedOnboardingActivity",
            "com.duolingo.plus.dashboard.PlusActivity",
            "com.duolingo.plus.familyplan.FamilyPlanAlreadySuperActivity",
            "com.duolingo.plus.familyplan.FamilyPlanConfirmActivity",
            "com.duolingo.plus.familyplan.FamilyPlanInvalidActivity",
            "com.duolingo.plus.familyplan.FamilyPlanLandingActivity",
            "com.duolingo.plus.familyplan.ManageFamilyPlanActivity",
            "com.duolingo.plus.management.ManageSubscriptionActivity",
            "com.duolingo.plus.management.PlusCancelSurveyActivity",
            "com.duolingo.plus.management.PlusFeatureListActivity",
            "com.duolingo.plus.onboarding.PlusOnboardingNotificationsActivity",
            "com.duolingo.plus.onboarding.PlusOnboardingSlidesActivity",
            "com.duolingo.plus.onboarding.WelcomeToPlusActivity",
            "com.duolingo.plus.practicehub.PracticeHubMistakesCollectionActivity",
            "com.duolingo.plus.practicehub.PracticeHubStoriesCollectionActivity",
            "com.duolingo.plus.practicehub.PracticeHubWordsListActivity",
            "com.duolingo.plus.purchaseflow.PlusPurchaseFlowActivity",
            "com.duolingo.plus.registration.WelcomeRegistrationActivity",
            "com.duolingo.profile.ProfileActivity",
            "com.duolingo.profile.addfriendsflow.AddFriendsFlowActivity",
            "com.duolingo.profile.addfriendsflow.AddFriendsFlowFragmentWrapperActivity",
            "com.duolingo.profile.avatar.AvatarBuilderActivity",
            "com.duolingo.profile.completion.CompleteProfileActivity",
            "com.duolingo.profile.contactsync.AddPhoneActivity",
            "com.duolingo.profile.schools.SchoolsActivity",
            "com.duolingo.promocode.RedeemPromoCodeActivity",
            "com.duolingo.rampup.RampUpIntroActivity",
            "com.duolingo.referral.ReferralInterstitialActivity",
            "com.duolingo.report.ReportActivity",
            "com.duolingo.rewards.RewardsDebugActivity",
            "com.duolingo.session.MistakesPracticeActivity",
            "com.duolingo.session.SectionTestExplainedActivity",
            "com.duolingo.session.SessionActivity",
            "com.duolingo.session.SessionDebugActivity",
            "com.duolingo.session.UnitReviewExplainedActivity",
            "com.duolingo.session.UnitTestExplainedActivity",
            "com.duolingo.session.levelreview.LevelReviewExplainedActivity",
            "com.duolingo.sessionend.ImmersivePlusIntroActivity",
            "com.duolingo.sessionend.ads.PlusPromoVideoActivity",
            "com.duolingo.settings.SettingsActivity",
            "com.duolingo.settings.privacy.DeleteAccountActivity",
            "com.duolingo.settings.privacy.PrivacyAndAccountActivity",
            "com.duolingo.shop.RewardedVideoGemAwardActivity",
            "com.duolingo.shop.ShopPageWrapperActivity",
            "com.duolingo.signuplogin.AddPhoneActivity",
            "com.duolingo.signuplogin.CountryCodeActivity",
            "com.duolingo.signuplogin.ForceConnectPhoneActivity",
            "com.duolingo.signuplogin.ResetPasswordActivity",
            "com.duolingo.signuplogin.SignupActivity",
            "com.duolingo.splash.LaunchActivity",
            "com.duolingo.stories.StoriesDebugActivity",
            "com.duolingo.stories.StoriesOnboardingActivity",
            "com.duolingo.stories.StoriesSessionActivity",
            "com.duolingo.streak.drawer.StreakDrawerWrapperActivity",
            "com.duolingo.streak.earnback.StreakEarnbackProgressActivity",
            "com.duolingo.streak.streakWidget.WidgetDebugActivity",
            "com.duolingo.web.WebViewActivity",
            "com.duolingo.wechat.WeChatFollowInstructionsActivity",
            "com.duolingo.wechat.WeChatReceiverActivity",
            "com.duolingo.xpboost.XpBoostAnimatedRewardActivity",
            "com.duolingo.yearinreview.report.YearInReviewReportActivity",
            "com.facebook.CustomTabActivity",
            "com.facebook.CustomTabMainActivity",
            "com.facebook.FacebookActivity",
            "com.facebook.ads.AudienceNetworkActivity",
            "com.google.android.gms.ads.AdActivity",
            "com.google.android.gms.ads.OutOfContextTestingActivity",
            "com.google.android.gms.auth.api.signin.internal.SignInHubActivity",
            "com.google.android.gms.common.api.GoogleApiActivity",
            "com.google.android.play.core.common.PlayCoreDialogWrapperActivity",
            "com.google.android.play.core.missingsplits.PlayCoreMissingSplitsActivity",
            "com.huawei.hms.activity.BridgeActivity",
            "com.huawei.hms.activity.EnableServiceActivity",
            "com.huawei.hms.support.api.push.TransActivity",
            "com.igexin.sdk.GActivity",
            "com.igexin.sdk.GetuiActivity",
            "com.igexin.sdk.PushActivity",
            "com.unity3d.services.ads.adunit.AdUnitActivity",
            "com.unity3d.services.ads.adunit.AdUnitSoftwareActivity",
            "com.unity3d.services.ads.adunit.AdUnitTransparentActivity",
            "com.unity3d.services.ads.adunit.AdUnitTransparentSoftwareActivity",
            "com.xiaomi.mipush.sdk.NotificationClickedActivity",
            "zendesk.messaging.MessagingActivity",
            "zendesk.support.guide.HelpCenterActivity",
            "zendesk.support.guide.ViewArticleActivity",
            "zendesk.support.request.RequestActivity",
            "zendesk.support.requestlist.RequestListActivity"
        ],
        "services": [
            "androidx.room.MultiInstanceInvalidationService",
            "androidx.work.impl.background.systemalarm.SystemAlarmService",
            "androidx.work.impl.background.systemjob.SystemJobService",
            "androidx.work.impl.foreground.SystemForegroundService",
            "com.duolingo.GeTuiIntentService",
            "com.duolingo.core.account.AccountService",
            "com.duolingo.notifications.NotificationIntentService",
            "com.duolingo.notifications.NotificationIntentServiceProxy",
            "com.getui.gtc.GtcService",
            "com.google.android.datatransport.runtime.backends.TransportBackendDiscovery",
            "com.google.android.datatransport.runtime.scheduling.jobscheduling.JobInfoSchedulerService",
            "com.google.android.gms.ads.AdService",
            "com.google.android.gms.auth.api.signin.RevocationBoundService",
            "com.google.android.play.core.assetpacks.AssetPackExtractionService",
            "com.google.android.play.core.assetpacks.ExtractionForegroundService",
            "com.google.firebase.components.ComponentDiscoveryService",
            "com.huawei.agconnect.core.ServiceDiscovery",
            "com.huawei.hms.support.api.push.service.HmsMsgService",
            "com.igexin.sdk.GService",
            "com.igexin.sdk.GTIntentService",
            "com.igexin.sdk.HmsPushMessageService",
            "com.igexin.sdk.OppoAppPushService",
            "com.igexin.sdk.OppoPushService",
            "com.igexin.sdk.PushService",
            "com.vivo.push.sdk.service.CommandClientService",
            "com.xiaomi.mipush.sdk.MessageHandleService",
            "com.xiaomi.mipush.sdk.PushMessageHandler"
        ],
        "receivers": [
            "androidx.profileinstaller.ProfileInstallReceiver",
            "androidx.work.impl.background.systemalarm.ConstraintProxy$BatteryChargingProxy",
            "androidx.work.impl.background.systemalarm.ConstraintProxy$BatteryNotLowProxy",
            "androidx.work.impl.background.systemalarm.ConstraintProxy$NetworkStateProxy",
            "androidx.work.impl.background.systemalarm.ConstraintProxy$StorageNotLowProxy",
            "androidx.work.impl.background.systemalarm.ConstraintProxyUpdateReceiver",
            "androidx.work.impl.background.systemalarm.RescheduleReceiver",
            "androidx.work.impl.diagnostics.DiagnosticsReceiver",
            "androidx.work.impl.utils.ForceStopRunnable$BroadcastReceiver",
            "com.duolingo.referral.ShareReceiver",
            "com.duolingo.streak.streakWidget.StreakWidgetProvider",
            "com.facebook.AuthenticationTokenManager$CurrentAuthenticationTokenChangedBroadcastReceiver",
            "com.facebook.CurrentAccessTokenExpirationBroadcastReceiver",
            "com.google.android.datatransport.runtime.scheduling.jobscheduling.AlarmManagerSchedulerBroadcastReceiver",
            "com.huawei.hms.support.api.push.PushMsgReceiver",
            "com.huawei.hms.support.api.push.PushReceiver",
            "com.igexin.sdk.MiuiPushReceiver",
            "com.igexin.sdk.PushReceiver",
            "com.igexin.sdk.VivoPushMessageReceiver",
            "zendesk.support.DeepLinkingBroadcastReceiver"
        ]
    },
    "stats": {
        "dex_count": 7,
        "native_lib_count": 49
    },
    "jadx": {
        "status": "ok",
        "duration_sec": 99.73,
        "sources_present": true,
        "java_file_count": 37506
    },
    "ast_analysis": {
        "location": 0,
        "microphone": 0,
        "camera": 56,
        "media_projection": 0,
        "dynamic_load": 0,
        "jni": 5
    },
    "analysis_state": "complete"
}