{
    "apk_name": "A68928C3B53A6D3E30E433E9FBDD3A58D563EED19F2028CC1146BF922F8BA3C7",
    "sha256": "a68928c3b53a6d3e30e433e9fbdd3a58d563eed19f2028cc1146bf922f8ba3c7",
    "metadata": {
        "package_name": "com.biptt",
        "version_code": "289",
        "version_name": "1.18.11",
        "min_sdk": "21",
        "target_sdk": "35",
        "permissions": [
            "android.permission.ACCESS_ADSERVICES_AD_ID",
            "android.permission.ACCESS_ADSERVICES_ATTRIBUTION",
            "android.permission.ACCESS_ADSERVICES_CUSTOM_AUDIENCE",
            "android.permission.ACCESS_ADSERVICES_TOPICS",
            "android.permission.ACCESS_BACKGROUND_LOCATION",
            "android.permission.ACCESS_COARSE_LOCATION",
            "android.permission.ACCESS_FINE_LOCATION",
            "android.permission.ACCESS_NETWORK_STATE",
            "android.permission.ACCESS_WIFI_STATE",
            "android.permission.ACTION_MANAGE_OVERLAY_PERMISSION",
            "android.permission.AUTHENTICATE_ACCOUNTS",
            "android.permission.BLUETOOTH",
            "android.permission.BROADCAST_STICKY",
            "android.permission.CAMERA",
            "android.permission.CHANGE_WIFI_STATE",
            "android.permission.DETECT_SCREEN_CAPTURE",
            "android.permission.FOREGROUND_SERVICE",
            "android.permission.FOREGROUND_SERVICE_LOCATION",
            "android.permission.FOREGROUND_SERVICE_MICROPHONE",
            "android.permission.GET_ACCOUNTS",
            "android.permission.INTERNET",
            "android.permission.MODIFY_AUDIO_SETTINGS",
            "android.permission.POST_NOTIFICATIONS",
            "android.permission.READ_CONTACTS",
            "android.permission.READ_EXTERNAL_STORAGE",
            "android.permission.READ_SYNC_SETTINGS",
            "android.permission.RECEIVE_BOOT_COMPLETED",
            "android.permission.RECORD_AUDIO",
            "android.permission.REQUEST_IGNORE_BATTERY_OPTIMIZATIONS",
            "android.permission.SYSTEM_ALERT_WINDOW",
            "android.permission.USE_CREDENTIALS",
            "android.permission.VIBRATE",
            "android.permission.WAKE_LOCK",
            "android.permission.WRITE_CONTACTS",
            "android.permission.WRITE_EXTERNAL_STORAGE",
            "android.permission.WRITE_SYNC_SETTINGS",
            "com.android.launcher.permission.INSTALL_SHORTCUT",
            "com.biptt.DYNAMIC_RECEIVER_NOT_EXPORTED_PERMISSION",
            "com.biptt.batch.permission.INTERNAL_BROADCAST",
            "com.google.android.c2dm.permission.RECEIVE",
            "com.google.android.finsky.permission.BIND_GET_INSTALL_REFERRER_SERVICE",
            "com.google.android.gms.permission.AD_ID",
            "com.google.android.providers.gsf.permission.READ_GSERVICES",
            "com.sonim.permission.USE_PTT_KEY"
        ],
        "activities": [
            "com.batch.android.BatchActionActivity",
            "com.batch.android.MessagingActivity",
            "com.batch.android.debug.BatchDebugActivity",
            "com.facebook.CustomTabActivity",
            "com.facebook.CustomTabMainActivity",
            "com.facebook.FacebookActivity",
            "com.google.android.gms.auth.api.signin.internal.SignInHubActivity",
            "com.google.android.gms.common.api.GoogleApiActivity",
            "com.google.firebase.auth.internal.GenericIdpActivity",
            "com.google.firebase.auth.internal.RecaptchaActivity",
            "com.journeyapps.barcodescanner.CaptureActivity",
            "com.targetso.biptt.accounts.view.AccountCodeActivity",
            "com.targetso.biptt.accounts.view.AccountsActivity",
            "com.targetso.biptt.accounts.view.AddAccountActivity",
            "com.targetso.biptt.ambassadorpanel.view.AmbassadorPanelActivity",
            "com.targetso.biptt.app.AutoConnectActivity",
            "com.targetso.biptt.app.EchoActivity",
            "com.targetso.biptt.authentication.ChooseAuthenticationActivity",
            "com.targetso.biptt.authentication.OnboardingActivity",
            "com.targetso.biptt.authentication.phone.PhoneAuthenticationActivity",
            "com.targetso.biptt.call.CallActivity",
            "com.targetso.biptt.call.fragments.chat.view.MessageInfoActivity",
            "com.targetso.biptt.channelinfo.free.view.AddFreeChannelParticipantsActivity",
            "com.targetso.biptt.channelinfo.free.view.FreeChannelInfoActivity",
            "com.targetso.biptt.channelinfo.network.view.ChannelInfoActivity",
            "com.targetso.biptt.createchannel.free.view.CreateFreeChannelActivity",
            "com.targetso.biptt.createchannel.network.view.CreateChannelActivity",
            "com.targetso.biptt.createnetwork.CreateNetworkActivity",
            "com.targetso.biptt.createuser.view.CreateUserActivity",
            "com.targetso.biptt.crop.CropActivity",
            "com.targetso.biptt.feedback.view.FeedbackActivity",
            "com.targetso.biptt.home.BipttActivity",
            "com.targetso.biptt.home.fragments.channel.free.view.FreeChannelInvitationsActivity",
            "com.targetso.biptt.invite.InviteContactActivity",
            "com.targetso.biptt.invite.email.AddContactByEmailActivity",
            "com.targetso.biptt.invite.phone.AddContactByPhoneActivity",
            "com.targetso.biptt.invite.registeredcontacts.view.InviteRegisteredContactsActivity",
            "com.targetso.biptt.location.view.UserLocationMapActivity",
            "com.targetso.biptt.location.view.UserTrackingLocationMapActivity",
            "com.targetso.biptt.management.channel.AddChannelParticipantsActivity",
            "com.targetso.biptt.management.channel.ManageChannelParticipantsActivity",
            "com.targetso.biptt.management.channel.view.ChannelManagementActivity",
            "com.targetso.biptt.management.user.view.UserManagementActivity",
            "com.targetso.biptt.manager.ManagerActivity",
            "com.targetso.biptt.media.MediaActivity",
            "com.targetso.biptt.news.view.NewsActivity",
            "com.targetso.biptt.profile.contact.ContactProfileActivity",
            "com.targetso.biptt.profile.self.SelfProfileActivity",
            "com.targetso.biptt.profile.user.UserProfileActivity",
            "com.targetso.biptt.promotion.PromotionalCodeActivity",
            "com.targetso.biptt.register.view.RegisterUserActivity",
            "com.targetso.biptt.sendfilemessage.SendFileMessageActivity",
            "com.targetso.biptt.sendimagemessage.old.OldSendImageMessageActivity",
            "com.targetso.biptt.sendimagemessage.refactored.SendImageMessageActivity",
            "com.targetso.biptt.settings.SettingsActivity",
            "com.targetso.biptt.settings.ptt.PTTSettingsActivity",
            "com.targetso.biptt.telo.TeloActivity",
            "com.targetso.biptt.trialended.TrialEndedActivity",
            "com.targetso.biptt.voip.view.VoipCallActivity",
            "com.targetso.biptt.voip.view.VoipCallDialActivity",
            "com.targetso.biptt.voip.view.VoipIncomingCallActivity",
            "com.targetso.biptt.webview.WebViewActivity"
        ],
        "services": [
            "androidx.camera.core.impl.MetadataHolderService",
            "androidx.room.MultiInstanceInvalidationService",
            "androidx.work.impl.background.systemalarm.SystemAlarmService",
            "androidx.work.impl.background.systemjob.SystemJobService",
            "androidx.work.impl.foreground.SystemForegroundService",
            "com.batch.android.BatchActionService",
            "com.batch.android.BatchDisplayReceiptJobService",
            "com.batch.android.BatchPushJobService",
            "com.batch.android.BatchPushService",
            "com.batch.android.eventdispatcher.DispatcherDiscoveryService",
            "com.batch.android.push.PushRegistrationDiscoveryService",
            "com.biptt.bipttAPI.BipttService",
            "com.google.android.datatransport.runtime.backends.TransportBackendDiscovery",
            "com.google.android.datatransport.runtime.scheduling.jobscheduling.JobInfoSchedulerService",
            "com.google.android.gms.auth.api.signin.RevocationBoundService",
            "com.google.android.gms.measurement.AppMeasurementJobService",
            "com.google.android.gms.measurement.AppMeasurementService",
            "com.google.firebase.components.ComponentDiscoveryService",
            "com.google.firebase.messaging.FirebaseMessagingService",
            "com.google.firebase.sessions.SessionLifecycleService",
            "com.opuslib.OpusService",
            "com.targetso.biptt.bubble.CallBubbleService",
            "com.targetso.biptt.service.BipttBackgroundService",
            "com.targetso.biptt.service.BipttFirebaseMessagingService",
            "com.targetso.biptt.sync.AuthenticationService",
            "com.targetso.biptt.sync.SyncService"
        ],
        "receivers": [
            "androidx.media.session.MediaButtonReceiver",
            "androidx.profileinstaller.ProfileInstallReceiver",
            "androidx.work.impl.background.systemalarm.ConstraintProxy$BatteryChargingProxy",
            "androidx.work.impl.background.systemalarm.ConstraintProxy$BatteryNotLowProxy",
            "androidx.work.impl.background.systemalarm.ConstraintProxy$NetworkStateProxy",
            "androidx.work.impl.background.systemalarm.ConstraintProxy$StorageNotLowProxy",
            "androidx.work.impl.background.systemalarm.ConstraintProxyUpdateReceiver",
            "androidx.work.impl.background.systemalarm.RescheduleReceiver",
            "androidx.work.impl.diagnostics.DiagnosticsReceiver",
            "androidx.work.impl.utils.ForceStopRunnable$BroadcastReceiver",
            "com.appsflyer.MultipleInstallBroadcastReceiver",
            "com.batch.android.BatchPushMessageDismissReceiver",
            "com.batch.android.BatchPushMessageReceiver",
            "com.facebook.AuthenticationTokenManager$CurrentAuthenticationTokenChangedBroadcastReceiver",
            "com.facebook.CurrentAccessTokenExpirationBroadcastReceiver",
            "com.google.android.datatransport.runtime.scheduling.jobscheduling.AlarmManagerSchedulerBroadcastReceiver",
            "com.google.android.gms.measurement.AppMeasurementReceiver",
            "com.google.firebase.iid.FirebaseInstanceIdReceiver",
            "com.targetso.biptt.location.DeviceInformationReceiver",
            "com.targetso.biptt.service.StartOnBootReceiver",
            "com.targetso.biptt.service.ipc.ConnectionStateReceiver",
            "com.targetso.biptt.service.receiver.PTTButtonReceiver",
            "com.targetso.biptt.telo.TeloReceiver",
            "com.targetso.biptt.voip.VoipCallReceiver"
        ]
    },
    "stats": {
        "dex_count": 4,
        "native_lib_count": 0
    },
    "jadx": {
        "status": "ok",
        "duration_sec": 51.55,
        "sources_present": true,
        "java_file_count": 15515
    },
    "ast_analysis": {
        "location": 16,
        "microphone": 9,
        "camera": 37,
        "media_projection": 0,
        "dynamic_load": 0,
        "jni": 14
    },
    "analysis_state": "complete"
}